* EvoSuite 1.2.1-SNAPSHOT
* Going to generate test cases for class: org.apache.commons.lang3.time.FastDatePrinter
* Starting Client-0
* Connecting to master process on port 18165
* Analyzing classpath: 
  - /home/user/d4j-workspace/Collections-8b/target/classes
  - /home/user/d4j-workspace/Collections-8b/target/classes
  - /home/user/d4j-workspace/Collections-8b/target/tests
  - /home/user/defects4j/framework/projects/lib/junit-4.12-hamcrest-1.3.jar
  - /home/user/defects4j/framework/projects/Lang/lib/easymock.jar
  - /home/user/defects4j/framework/projects/Lang/lib/commons-io.jar
  - /home/user/defects4j/framework/projects/Lang/lib/cglib.jar
  - /home/user/defects4j/framework/projects/Lang/lib/asm.jar
  - /home/user/d4j-workspace/Collections-8b/target/classes
  - /home/user/d4j-workspace/Collections-8b/target/tests
[MASTER] 12:34:45.368 [logback-1] WARN  InheritanceTree - Class not in inheritance graph: java.util.Locale$IsoCountryCode
* Finished analyzing classpath
* Generating tests for class org.apache.commons.lang3.time.FastDatePrinter
* Test criteria:
  - Line Coverage
  - Branch Coverage
  - Exception
  - Mutation testing (weak)
  - Method-Output Coverage
  - Top-Level Method Coverage
  - No-Exception Top-Level Method Coverage
  - Context Branch Coverage
* Setting up search algorithm for whole suite generation
========== CUSTOM GWO INITIALIZED ==========
* Total number of test goals: 
  - Line 331
  - Branch 354
  - Exception 0
  - MutationFactory 779
  - Output 57
  - Method 53
  - MethodNoException 53
  - CBranchFitnessFactory 354
[Progress:>                             0%] [Cov:>                                  0%]* Using seed 1789709683607
* Starting evolution
[Progress:>                             0%] [Cov:>                                  2%][Progress:>                             0%] [Cov:=>                                 5%][Progress:>                             0%] [Cov:======>                            18%][Progress:>                             0%] [Cov:=======>                           20%][Progress:>                             0%] [Cov:========>                          23%][Progress:>                             0%] [Cov:========>                          24%][Progress:>                             0%] [Cov:========>                          25%][Progress:>                             0%] [Cov:=========>                         26%][Progress:>                             0%] [Cov:==========>                        30%][MASTER] 12:34:46.847 [logback-1] WARN  ClientNodeImpl - Cannot send statistics to master; continuing without statistics
java.rmi.ServerException: RemoteException occurred in server thread; nested exception is: 
	java.rmi.UnmarshalException: error unmarshalling arguments; nested exception is: 
	java.lang.ClassNotFoundException: Class not found: org/apache/commons/lang3/time/FastDatePrinter$CharacterLiteral: java.lang.NullPointerException: Class not found org/apache/commons/lang3/time/FastDatePrinter$CharacterLiteral
	at java.rmi/sun.rmi.server.UnicastServerRef.dispatch(UnicastServerRef.java:391)
	at java.rmi/sun.rmi.transport.Transport$1.run(Transport.java:200)
	at java.rmi/sun.rmi.transport.Transport$1.run(Transport.java:197)
	at java.base/java.security.AccessController.doPrivileged(Native Method)
	at java.rmi/sun.rmi.transport.Transport.serviceCall(Transport.java:196)
	at java.rmi/sun.rmi.transport.tcp.TCPTransport.handleMessages(TCPTransport.java:562)
	at java.rmi/sun.rmi.transport.tcp.TCPTransport$ConnectionHandler.run0(TCPTransport.java:796)
	at java.rmi/sun.rmi.transport.tcp.TCPTransport$ConnectionHandler.lambda$run$0(TCPTransport.java:677)
	at java.base/java.security.AccessController.doPrivileged(Native Method)
	at java.rmi/sun.rmi.transport.tcp.TCPTransport$ConnectionHandler.run(TCPTransport.java:676)
	at java.base/java.util.concurrent.ThreadPoolExecutor.runWorker(ThreadPoolExecutor.java:1128)
	at java.base/java.util.concurrent.ThreadPoolExecutor$Worker.run(ThreadPoolExecutor.java:628)
	at java.base/java.lang.Thread.run(Thread.java:829)
	at java.rmi/sun.rmi.transport.StreamRemoteCall.exceptionReceivedFromServer(StreamRemoteCall.java:303)
	at java.rmi/sun.rmi.transport.StreamRemoteCall.executeCall(StreamRemoteCall.java:279)
	at java.rmi/sun.rmi.server.UnicastRef.invoke(UnicastRef.java:164)
	at java.rmi/java.rmi.server.RemoteObjectInvocationHandler.invokeRemoteMethod(RemoteObjectInvocationHandler.java:217)
	at java.rmi/java.rmi.server.RemoteObjectInvocationHandler.invoke(RemoteObjectInvocationHandler.java:162)
	at com.sun.proxy.$Proxy7.evosuite_collectStatistics(Unknown Source)
	at org.evosuite.rmi.service.ClientNodeImpl.updateStatistics(ClientNodeImpl.java:251)
	at org.evosuite.statistics.StatisticsSender.sendIndividualToMaster(StatisticsSender.java:62)
	at org.evosuite.statistics.StatisticsListener.lambda$new$0(StatisticsListener.java:76)
	at java.base/java.lang.Thread.run(Thread.java:829)
Caused by: java.rmi.UnmarshalException: error unmarshalling arguments; nested exception is: 
	java.lang.ClassNotFoundException: Class not found: org/apache/commons/lang3/time/FastDatePrinter$CharacterLiteral: java.lang.NullPointerException: Class not found org/apache/commons/lang3/time/FastDatePrinter$CharacterLiteral
	at java.rmi/sun.rmi.server.UnicastServerRef.dispatch(UnicastServerRef.java:350)
	at java.rmi/sun.rmi.transport.Transport$1.run(Transport.java:200)
	at java.rmi/sun.rmi.transport.Transport$1.run(Transport.java:197)
	at java.base/java.security.AccessController.doPrivileged(Native Method)
	at java.rmi/sun.rmi.transport.Transport.serviceCall(Transport.java:196)
	at java.rmi/sun.rmi.transport.tcp.TCPTransport.handleMessages(TCPTransport.java:562)
	at java.rmi/sun.rmi.transport.tcp.TCPTransport$ConnectionHandler.run0(TCPTransport.java:796)
	at java.rmi/sun.rmi.transport.tcp.TCPTransport$ConnectionHandler.lambda$run$0(TCPTransport.java:677)
	at java.base/java.security.AccessController.doPrivileged(Native Method)
	at java.rmi/sun.rmi.transport.tcp.TCPTransport$ConnectionHandler.run(TCPTransport.java:676)
	at java.base/java.util.concurrent.ThreadPoolExecutor.runWorker(ThreadPoolExecutor.java:1128)
	at java.base/java.util.concurrent.ThreadPoolExecutor$Worker.run(ThreadPoolExecutor.java:628)
	... 1 common frames omitted
Caused by: java.lang.ClassNotFoundException: Class not found: org/apache/commons/lang3/time/FastDatePrinter$CharacterLiteral: java.lang.NullPointerException: Class not found org/apache/commons/lang3/time/FastDatePrinter$CharacterLiteral
	at org.evosuite.instrumentation.InstrumentingClassLoader.instrumentClass(InstrumentingClassLoader.java:158)
	at org.evosuite.instrumentation.InstrumentingClassLoader.loadClass(InstrumentingClassLoader.java:126)
	at org.evosuite.utils.generic.GenericClassImpl.getClass(GenericClassImpl.java:139)
	at org.evosuite.utils.generic.GenericClassImpl.getClass(GenericClassImpl.java:105)
	at org.evosuite.utils.generic.GenericClassImpl.readObject(GenericClassImpl.java:1671)
	at java.base/jdk.internal.reflect.NativeMethodAccessorImpl.invoke0(Native Method)
	at java.base/jdk.internal.reflect.NativeMethodAccessorImpl.invoke(NativeMethodAccessorImpl.java:62)
	at java.base/jdk.internal.reflect.DelegatingMethodAccessorImpl.invoke(DelegatingMethodAccessorImpl.java:43)
	at java.base/java.lang.reflect.Method.invoke(Method.java:566)
	at java.base/java.io.ObjectStreamClass.invokeReadObject(ObjectStreamClass.java:1046)
	at java.base/java.io.ObjectInputStream.readSerialData(ObjectInputStream.java:2357)
	at java.base/java.io.ObjectInputStream.readOrdinaryObject(ObjectInputStream.java:2228)
	at java.base/java.io.ObjectInputStream.readObject0(ObjectInputStream.java:1687)
	at java.base/java.io.ObjectInputStream.defaultReadFields(ObjectInputStream.java:2496)
	at java.base/java.io.ObjectInputStream.readSerialData(ObjectInputStream.java:2390)
	at java.base/java.io.ObjectInputStream.readOrdinaryObject(ObjectInputStream.java:2228)
	at java.base/java.io.ObjectInputStream.readObject0(ObjectInputStream.java:1687)
	at java.base/java.io.ObjectInputStream.defaultReadFields(ObjectInputStream.java:2496)
	at java.base/java.io.ObjectInputStream.readSerialData(ObjectInputStream.java:2390)
	at java.base/java.io.ObjectInputStream.readOrdinaryObject(ObjectInputStream.java:2228)
	at java.base/java.io.ObjectInputStream.readObject0(ObjectInputStream.java:1687)
	at java.base/java.io.ObjectInputStream.readObject(ObjectInputStream.java:489)
	at java.base/java.io.ObjectInputStream.readObject(ObjectInputStream.java:447)
	at java.base/java.util.ArrayList.readObject(ArrayList.java:929)
	at java.base/jdk.internal.reflect.GeneratedMethodAccessor7.invoke(Unknown Source)
	at java.base/jdk.internal.reflect.DelegatingMethodAccessorImpl.invoke(DelegatingMethodAccessorImpl.java:43)
	at java.base/java.lang.reflect.Method.invoke(Method.java:566)
	at java.base/java.io.ObjectStreamClass.invokeReadObject(ObjectStreamClass.java:1046)
	at java.base/java.io.ObjectInputStream.readSerialData(ObjectInputStream.java:2357)
	at java.base/java.io.ObjectInputStream.readOrdinaryObject(ObjectInputStream.java:2228)
	at java.base/java.io.ObjectInputStream.readObject0(ObjectInputStream.java:1687)
	at java.base/java.io.ObjectInputStream.defaultReadFields(ObjectInputStream.java:2496)
	at java.base/java.io.ObjectInputStream.readSerialData(ObjectInputStream.java:2390)
	at java.base/java.io.ObjectInputStream.readOrdinaryObject(ObjectInputStream.java:2228)
	at java.base/java.io.ObjectInputStream.readObject0(ObjectInputStream.java:1687)
	at java.base/java.io.ObjectInputStream.defaultReadFields(ObjectInputStream.java:2496)
	at java.base/java.io.ObjectInputStream.defaultReadObject(ObjectInputStream.java:625)
	at org.evosuite.testcase.DefaultTestCase.readObject(DefaultTestCase.java:1217)
	at java.base/jdk.internal.reflect.NativeMethodAccessorImpl.invoke0(Native Method)
	at java.base/jdk.internal.reflect.NativeMethodAccessorImpl.invoke(NativeMethodAccessorImpl.java:62)
	at java.base/jdk.internal.reflect.DelegatingMethodAccessorImpl.invoke(DelegatingMethodAccessorImpl.java:43)
	at java.base/java.lang.reflect.Method.invoke(Method.java:566)
	at java.base/java.io.ObjectStreamClass.invokeReadObject(ObjectStreamClass.java:1046)
	at java.base/java.io.ObjectInputStream.readSerialData(ObjectInputStream.java:2357)
	at java.base/java.io.ObjectInputStream.readOrdinaryObject(ObjectInputStream.java:2228)
	at java.base/java.io.ObjectInputStream.readObject0(ObjectInputStream.java:1687)
	at java.base/java.io.ObjectInputStream.defaultReadFields(ObjectInputStream.java:2496)
	at java.base/java.io.ObjectInputStream.readSerialData(ObjectInputStream.java:2390)
	at java.base/java.io.ObjectInputStream.readOrdinaryObject(ObjectInputStream.java:2228)
	at java.base/java.io.ObjectInputStream.readObject0(ObjectInputStream.java:1687)
	at java.base/java.io.ObjectInputStream.readObject(ObjectInputStream.java:489)
	at java.base/java.io.ObjectInputStream.readObject(ObjectInputStream.java:447)
	at java.base/java.util.ArrayList.readObject(ArrayList.java:929)
	at java.base/jdk.internal.reflect.GeneratedMethodAccessor7.invoke(Unknown Source)
	at java.base/jdk.internal.reflect.DelegatingMethodAccessorImpl.invoke(DelegatingMethodAccessorImpl.java:43)
	at java.base/java.lang.reflect.Method.invoke(Method.java:566)
	at java.base/java.io.ObjectStreamClass.invokeReadObject(ObjectStreamClass.java:1046)
	at java.base/java.io.ObjectInputStream.readSerialData(ObjectInputStream.java:2357)
	at java.base/java.io.ObjectInputStream.readOrdinaryObject(ObjectInputStream.java:2228)
	at java.base/java.io.ObjectInputStream.readObject0(ObjectInputStream.java:1687)
	at java.base/java.io.ObjectInputStream.defaultReadFields(ObjectInputStream.java:2496)
	at java.base/java.io.ObjectInputStream.readSerialData(ObjectInputStream.java:2390)
	at java.base/java.io.ObjectInputStream.readOrdinaryObject(ObjectInputStream.java:2228)
	at java.base/java.io.ObjectInputStream.readObject0(ObjectInputStream.java:1687)
	at java.base/java.io.ObjectInputStream.readObject(ObjectInputStream.java:489)
	at java.base/java.io.ObjectInputStream.readObject(ObjectInputStream.java:447)
	at java.rmi/sun.rmi.server.UnicastRef.unmarshalValue(UnicastRef.java:327)
	at java.rmi/sun.rmi.server.UnicastServerRef.dispatch(UnicastServerRef.java:339)
	... 12 common frames omitted
Caused by: java.lang.RuntimeException: Class not found: org/apache/commons/lang3/time/FastDatePrinter$CharacterLiteral: java.lang.NullPointerException: Class not found org/apache/commons/lang3/time/FastDatePrinter$CharacterLiteral
	at org.evosuite.runtime.util.ComputeClassWriter.getCommonSuperClass(ComputeClassWriter.java:56)
	at org.evosuite.shaded.org.objectweb.asm.SymbolTable.addMergedType(SymbolTable.java:1202)
	at org.evosuite.shaded.org.objectweb.asm.Frame.merge(Frame.java:1299)
	at org.evosuite.shaded.org.objectweb.asm.Frame.merge(Frame.java:1197)
	at org.evosuite.shaded.org.objectweb.asm.MethodWriter.computeAllFrames(MethodWriter.java:1610)
	at org.evosuite.shaded.org.objectweb.asm.MethodWriter.visitMaxs(MethodWriter.java:1546)
	at org.evosuite.shaded.org.objectweb.asm.MethodVisitor.visitMaxs(MethodVisitor.java:773)
	at org.evosuite.shaded.org.objectweb.asm.MethodVisitor.visitMaxs(MethodVisitor.java:773)
	at org.evosuite.shaded.org.objectweb.asm.MethodVisitor.visitMaxs(MethodVisitor.java:773)
	at org.evosuite.runtime.instrumentation.LoopCounterMethodAdapter.visitMaxs(LoopCounterMethodAdapter.java:48)
	at org.evosuite.shaded.org.objectweb.asm.MethodVisitor.visitMaxs(MethodVisitor.java:773)
	at org.evosuite.shaded.org.objectweb.asm.MethodVisitor.visitMaxs(MethodVisitor.java:773)
	at org.evosuite.shaded.org.objectweb.asm.commons.LocalVariablesSorter.visitMaxs(LocalVariablesSorter.java:148)
	at org.evosuite.instrumentation.MethodEntryAdapter.visitMaxs(MethodEntryAdapter.java:115)
	at org.evosuite.shaded.org.objectweb.asm.MethodVisitor.visitMaxs(MethodVisitor.java:773)
	at org.evosuite.instrumentation.LineNumberMethodAdapter.visitMaxs(LineNumberMethodAdapter.java:134)
	at org.evosuite.shaded.org.objectweb.asm.MethodVisitor.visitMaxs(MethodVisitor.java:773)
	at org.evosuite.shaded.org.objectweb.asm.commons.LocalVariablesSorter.visitMaxs(LocalVariablesSorter.java:148)
	at org.evosuite.shaded.org.objectweb.asm.MethodVisitor.visitMaxs(MethodVisitor.java:773)
	at org.evosuite.shaded.org.objectweb.asm.tree.MethodNode.accept(MethodNode.java:769)
	at org.evosuite.shaded.org.objectweb.asm.commons.JSRInlinerAdapter.visitEnd(JSRInlinerAdapter.java:158)
	at org.evosuite.shaded.org.objectweb.asm.tree.MethodNode.accept(MethodNode.java:772)
	at org.evosuite.graphs.cfg.CFGMethodAdapter.visitEnd(CFGMethodAdapter.java:249)
	at org.evosuite.shaded.org.objectweb.asm.MethodVisitor.visitEnd(MethodVisitor.java:783)
	at org.evosuite.shaded.org.objectweb.asm.MethodVisitor.visitEnd(MethodVisitor.java:783)
	at org.evosuite.shaded.org.objectweb.asm.tree.MethodNode.accept(MethodNode.java:772)
	at org.evosuite.shaded.org.objectweb.asm.tree.MethodNode.accept(MethodNode.java:649)
	at org.evosuite.shaded.org.objectweb.asm.tree.ClassNode.accept(ClassNode.java:452)
	at org.evosuite.instrumentation.BytecodeInstrumentation.transformBytes(BytecodeInstrumentation.java:282)
	at org.evosuite.instrumentation.InstrumentingClassLoader.getTransformedBytes(InstrumentingClassLoader.java:135)
	at org.evosuite.instrumentation.InstrumentingClassLoader.instrumentClass(InstrumentingClassLoader.java:149)
	... 79 common frames omitted
Caused by: java.lang.NullPointerException: Class not found org/apache/commons/lang3/time/FastDatePrinter$CharacterLiteral
	at org.evosuite.runtime.util.ComputeClassWriter.typeInfo(ComputeClassWriter.java:179)
	at org.evosuite.runtime.util.ComputeClassWriter.getCommonSuperClass(ComputeClassWriter.java:53)
	... 109 common frames omitted
[MASTER] 12:34:47.019 [logback-1] WARN  ClientNodeImpl - Cannot send statistics to master; continuing without statistics
java.rmi.ServerException: RemoteException occurred in server thread; nested exception is: 
	java.rmi.UnmarshalException: error unmarshalling arguments; nested exception is: 
	java.lang.ClassNotFoundException: expect to get instruction without BasicBlock already set
	at java.rmi/sun.rmi.server.UnicastServerRef.dispatch(UnicastServerRef.java:391)
	at java.rmi/sun.rmi.transport.Transport$1.run(Transport.java:200)
	at java.rmi/sun.rmi.transport.Transport$1.run(Transport.java:197)
	at java.base/java.security.AccessController.doPrivileged(Native Method)
	at java.rmi/sun.rmi.transport.Transport.serviceCall(Transport.java:196)
	at java.rmi/sun.rmi.transport.tcp.TCPTransport.handleMessages(TCPTransport.java:562)
	at java.rmi/sun.rmi.transport.tcp.TCPTransport$ConnectionHandler.run0(TCPTransport.java:796)
	at java.rmi/sun.rmi.transport.tcp.TCPTransport$ConnectionHandler.lambda$run$0(TCPTransport.java:677)
	at java.base/java.security.AccessController.doPrivileged(Native Method)
	at java.rmi/sun.rmi.transport.tcp.TCPTransport$ConnectionHandler.run(TCPTransport.java:676)
	at java.base/java.util.concurrent.ThreadPoolExecutor.runWorker(ThreadPoolExecutor.java:1128)
	at java.base/java.util.concurrent.ThreadPoolExecutor$Worker.run(ThreadPoolExecutor.java:628)
	at java.base/java.lang.Thread.run(Thread.java:829)
	at java.rmi/sun.rmi.transport.StreamRemoteCall.exceptionReceivedFromServer(StreamRemoteCall.java:303)
	at java.rmi/sun.rmi.transport.StreamRemoteCall.executeCall(StreamRemoteCall.java:279)
	at java.rmi/sun.rmi.server.UnicastRef.invoke(UnicastRef.java:164)
	at java.rmi/java.rmi.server.RemoteObjectInvocationHandler.invokeRemoteMethod(RemoteObjectInvocationHandler.java:217)
	at java.rmi/java.rmi.server.RemoteObjectInvocationHandler.invoke(RemoteObjectInvocationHandler.java:162)
	at com.sun.proxy.$Proxy7.evosuite_collectStatistics(Unknown Source)
	at org.evosuite.rmi.service.ClientNodeImpl.updateStatistics(ClientNodeImpl.java:251)
	at org.evosuite.statistics.StatisticsSender.sendIndividualToMaster(StatisticsSender.java:62)
	at org.evosuite.statistics.StatisticsListener.lambda$new$0(StatisticsListener.java:76)
	at java.base/java.lang.Thread.run(Thread.java:829)
Caused by: java.rmi.UnmarshalException: error unmarshalling arguments; nested exception is: 
	java.lang.ClassNotFoundException: expect to get instruction without BasicBlock already set
	at java.rmi/sun.rmi.server.UnicastServerRef.dispatch(UnicastServerRef.java:350)
	at java.rmi/sun.rmi.transport.Transport$1.run(Transport.java:200)
	at java.rmi/sun.rmi.transport.Transport$1.run(Transport.java:197)
	at java.base/java.security.AccessController.doPrivileged(Native Method)
	at java.rmi/sun.rmi.transport.Transport.serviceCall(Transport.java:196)
	at java.rmi/sun.rmi.transport.tcp.TCPTransport.handleMessages(TCPTransport.java:562)
	at java.rmi/sun.rmi.transport.tcp.TCPTransport$ConnectionHandler.run0(TCPTransport.java:796)
	at java.rmi/sun.rmi.transport.tcp.TCPTransport$ConnectionHandler.lambda$run$0(TCPTransport.java:677)
	at java.base/java.security.AccessController.doPrivileged(Native Method)
	at java.rmi/sun.rmi.transport.tcp.TCPTransport$ConnectionHandler.run(TCPTransport.java:676)
	at java.base/java.util.concurrent.ThreadPoolExecutor.runWorker(ThreadPoolExecutor.java:1128)
	at java.base/java.util.concurrent.ThreadPoolExecutor$Worker.run(ThreadPoolExecutor.java:628)
	... 1 common frames omitted
Caused by: java.lang.ClassNotFoundException: expect to get instruction without BasicBlock already set
	at org.evosuite.instrumentation.InstrumentingClassLoader.instrumentClass(InstrumentingClassLoader.java:158)
	at org.evosuite.instrumentation.InstrumentingClassLoader.loadClass(InstrumentingClassLoader.java:126)
	at org.evosuite.utils.generic.GenericClassImpl.getClass(GenericClassImpl.java:139)
	at org.evosuite.utils.generic.GenericClassImpl.getClass(GenericClassImpl.java:105)
	at org.evosuite.utils.generic.GenericClassImpl.readObject(GenericClassImpl.java:1671)
	at jdk.internal.reflect.GeneratedMethodAccessor9.invoke(Unknown Source)
	at java.base/jdk.internal.reflect.DelegatingMethodAccessorImpl.invoke(DelegatingMethodAccessorImpl.java:43)
	at java.base/java.lang.reflect.Method.invoke(Method.java:566)
	at java.base/java.io.ObjectStreamClass.invokeReadObject(ObjectStreamClass.java:1046)
	at java.base/java.io.ObjectInputStream.readSerialData(ObjectInputStream.java:2357)
	at java.base/java.io.ObjectInputStream.readOrdinaryObject(ObjectInputStream.java:2228)
	at java.base/java.io.ObjectInputStream.readObject0(ObjectInputStream.java:1687)
	at java.base/java.io.ObjectInputStream.defaultReadFields(ObjectInputStream.java:2496)
	at java.base/java.io.ObjectInputStream.readSerialData(ObjectInputStream.java:2390)
	at java.base/java.io.ObjectInputStream.readOrdinaryObject(ObjectInputStream.java:2228)
	at java.base/java.io.ObjectInputStream.readObject0(ObjectInputStream.java:1687)
	at java.base/java.io.ObjectInputStream.defaultReadFields(ObjectInputStream.java:2496)
	at java.base/java.io.ObjectInputStream.readSerialData(ObjectInputStream.java:2390)
	at java.base/java.io.ObjectInputStream.readOrdinaryObject(ObjectInputStream.java:2228)
	at java.base/java.io.ObjectInputStream.readObject0(ObjectInputStream.java:1687)
	at java.base/java.io.ObjectInputStream.readObject(ObjectInputStream.java:489)
	at java.base/java.io.ObjectInputStream.readObject(ObjectInputStream.java:447)
	at java.base/java.util.ArrayList.readObject(ArrayList.java:929)
	at java.base/jdk.internal.reflect.GeneratedMethodAccessor7.invoke(Unknown Source)
	at java.base/jdk.internal.reflect.DelegatingMethodAccessorImpl.invoke(DelegatingMethodAccessorImpl.java:43)
	at java.base/java.lang.reflect.Method.invoke(Method.java:566)
	at java.base/java.io.ObjectStreamClass.invokeReadObject(ObjectStreamClass.java:1046)
	at java.base/java.io.ObjectInputStream.readSerialData(ObjectInputStream.java:2357)
	at java.base/java.io.ObjectInputStream.readOrdinaryObject(ObjectInputStream.java:2228)
	at java.base/java.io.ObjectInputStream.readObject0(ObjectInputStream.java:1687)
	at java.base/java.io.ObjectInputStream.defaultReadFields(ObjectInputStream.java:2496)
	at java.base/java.io.ObjectInputStream.readSerialData(ObjectInputStream.java:2390)
	at java.base/java.io.ObjectInputStream.readOrdinaryObject(ObjectInputStream.java:2228)
	at java.base/java.io.ObjectInputStream.readObject0(ObjectInputStream.java:1687)
	at java.base/java.io.ObjectInputStream.defaultReadFields(ObjectInputStream.java:2496)
	at java.base/java.io.ObjectInputStream.defaultReadObject(ObjectInputStream.java:625)
	at org.evosuite.testcase.DefaultTestCase.readObject(DefaultTestCase.java:1217)
	at java.base/jdk.internal.reflect.NativeMethodAccessorImpl.invoke0(Native Method)
	at java.base/jdk.internal.reflect.NativeMethodAccessorImpl.invoke(NativeMethodAccessorImpl.java:62)
	at java.base/jdk.internal.reflect.DelegatingMethodAccessorImpl.invoke(DelegatingMethodAccessorImpl.java:43)
	at java.base/java.lang.reflect.Method.invoke(Method.java:566)
	at java.base/java.io.ObjectStreamClass.invokeReadObject(ObjectStreamClass.java:1046)
	at java.base/java.io.ObjectInputStream.readSerialData(ObjectInputStream.java:2357)
	at java.base/java.io.ObjectInputStream.readOrdinaryObject(ObjectInputStream.java:2228)
	at java.base/java.io.ObjectInputStream.readObject0(ObjectInputStream.java:1687)
	at java.base/java.io.ObjectInputStream.defaultReadFields(ObjectInputStream.java:2496)
	at java.base/java.io.ObjectInputStream.readSerialData(ObjectInputStream.java:2390)
	at java.base/java.io.ObjectInputStream.readOrdinaryObject(ObjectInputStream.java:2228)
	at java.base/java.io.ObjectInputStream.readObject0(ObjectInputStream.java:1687)
	at java.base/java.io.ObjectInputStream.readObject(ObjectInputStream.java:489)
	at java.base/java.io.ObjectInputStream.readObject(ObjectInputStream.java:447)
	at java.base/java.util.ArrayList.readObject(ArrayList.java:929)
	at java.base/jdk.internal.reflect.GeneratedMethodAccessor7.invoke(Unknown Source)
	at java.base/jdk.internal.reflect.DelegatingMethodAccessorImpl.invoke(DelegatingMethodAccessorImpl.java:43)
	at java.base/java.lang.reflect.Method.invoke(Method.java:566)
	at java.base/java.io.ObjectStreamClass.invokeReadObject(ObjectStreamClass.java:1046)
	at java.base/java.io.ObjectInputStream.readSerialData(ObjectInputStream.java:2357)
	at java.base/java.io.ObjectInputStream.readOrdinaryObject(ObjectInputStream.java:2228)
	at java.base/java.io.ObjectInputStream.readObject0(ObjectInputStream.java:1687)
	at java.base/java.io.ObjectInputStream.defaultReadFields(ObjectInputStream.java:2496)
	at java.base/java.io.ObjectInputStream.readSerialData(ObjectInputStream.java:2390)
	at java.base/java.io.ObjectInputStream.readOrdinaryObject(ObjectInputStream.java:2228)
	at java.base/java.io.ObjectInputStream.readObject0(ObjectInputStream.java:1687)
	at java.base/java.io.ObjectInputStream.readObject(ObjectInputStream.java:489)
	at java.base/java.io.ObjectInputStream.readObject(ObjectInputStream.java:447)
	at java.rmi/sun.rmi.server.UnicastRef.unmarshalValue(UnicastRef.java:327)
	at java.rmi/sun.rmi.server.UnicastServerRef.dispatch(UnicastServerRef.java:339)
	... 12 common frames omitted
Caused by: java.lang.IllegalArgumentException: expect to get instruction without BasicBlock already set
	at org.evosuite.graphs.cfg.BasicBlock.appendInstruction(BasicBlock.java:225)
	at org.evosuite.graphs.cfg.BasicBlock.setInstructions(BasicBlock.java:206)
	at org.evosuite.graphs.cfg.BasicBlock.<init>(BasicBlock.java:106)
	at org.evosuite.graphs.cfg.RawControlFlowGraph.determineBasicBlockFor(RawControlFlowGraph.java:314)
	at org.evosuite.graphs.cfg.ActualControlFlowGraph.computeNodes(ActualControlFlowGraph.java:295)
	at org.evosuite.graphs.cfg.ActualControlFlowGraph.computeGraph(ActualControlFlowGraph.java:262)
	at org.evosuite.graphs.cfg.ActualControlFlowGraph.<init>(ActualControlFlowGraph.java:97)
	at org.evosuite.graphs.cfg.CFGGenerator.computeActualCFG(CFGGenerator.java:218)
	at org.evosuite.graphs.cfg.CFGGenerator.registerCFGs(CFGGenerator.java:102)
	at org.evosuite.graphs.cfg.CFGMethodAdapter.visitEnd(CFGMethodAdapter.java:219)
	at org.evosuite.shaded.org.objectweb.asm.MethodVisitor.visitEnd(MethodVisitor.java:783)
	at org.evosuite.shaded.org.objectweb.asm.MethodVisitor.visitEnd(MethodVisitor.java:783)
	at org.evosuite.shaded.org.objectweb.asm.MethodVisitor.visitEnd(MethodVisitor.java:783)
	at org.evosuite.shaded.org.objectweb.asm.tree.MethodNode.accept(MethodNode.java:772)
	at org.evosuite.shaded.org.objectweb.asm.tree.MethodNode.accept(MethodNode.java:649)
	at org.evosuite.shaded.org.objectweb.asm.tree.ClassNode.accept(ClassNode.java:452)
	at org.evosuite.instrumentation.BytecodeInstrumentation.transformBytes(BytecodeInstrumentation.java:282)
	at org.evosuite.instrumentation.InstrumentingClassLoader.getTransformedBytes(InstrumentingClassLoader.java:135)
	at org.evosuite.instrumentation.InstrumentingClassLoader.instrumentClass(InstrumentingClassLoader.java:149)
	... 78 common frames omitted
[Progress:>                             0%] [Cov:==========>                        31%][Progress:>                             1%] [Cov:>                                  2%][Progress:>                             1%] [Cov:==>                                6%][Progress:>                             1%] [Cov:======>                            19%][Progress:>                             1%] [Cov:=======>                           21%][Progress:>                             1%] [Cov:=======>                           22%][Progress:>                             1%] [Cov:=========>                         26%][MASTER] 12:34:47.725 [logback-1] WARN  ClientNodeImpl - Cannot send statistics to master; continuing without statistics
java.rmi.ServerException: RemoteException occurred in server thread; nested exception is: 
	java.rmi.UnmarshalException: error unmarshalling arguments; nested exception is: 
	java.lang.ClassNotFoundException: expect to get instruction without BasicBlock already set
	at java.rmi/sun.rmi.server.UnicastServerRef.dispatch(UnicastServerRef.java:391)
	at java.rmi/sun.rmi.transport.Transport$1.run(Transport.java:200)
	at java.rmi/sun.rmi.transport.Transport$1.run(Transport.java:197)
	at java.base/java.security.AccessController.doPrivileged(Native Method)
	at java.rmi/sun.rmi.transport.Transport.serviceCall(Transport.java:196)
	at java.rmi/sun.rmi.transport.tcp.TCPTransport.handleMessages(TCPTransport.java:562)
	at java.rmi/sun.rmi.transport.tcp.TCPTransport$ConnectionHandler.run0(TCPTransport.java:796)
	at java.rmi/sun.rmi.transport.tcp.TCPTransport$ConnectionHandler.lambda$run$0(TCPTransport.java:677)
	at java.base/java.security.AccessController.doPrivileged(Native Method)
	at java.rmi/sun.rmi.transport.tcp.TCPTransport$ConnectionHandler.run(TCPTransport.java:676)
	at java.base/java.util.concurrent.ThreadPoolExecutor.runWorker(ThreadPoolExecutor.java:1128)
	at java.base/java.util.concurrent.ThreadPoolExecutor$Worker.run(ThreadPoolExecutor.java:628)
	at java.base/java.lang.Thread.run(Thread.java:829)
	at java.rmi/sun.rmi.transport.StreamRemoteCall.exceptionReceivedFromServer(StreamRemoteCall.java:303)
	at java.rmi/sun.rmi.transport.StreamRemoteCall.executeCall(StreamRemoteCall.java:279)
	at java.rmi/sun.rmi.server.UnicastRef.invoke(UnicastRef.java:164)
	at java.rmi/java.rmi.server.RemoteObjectInvocationHandler.invokeRemoteMethod(RemoteObjectInvocationHandler.java:217)
	at java.rmi/java.rmi.server.RemoteObjectInvocationHandler.invoke(RemoteObjectInvocationHandler.java:162)
	at com.sun.proxy.$Proxy7.evosuite_collectStatistics(Unknown Source)
	at org.evosuite.rmi.service.ClientNodeImpl.updateStatistics(ClientNodeImpl.java:251)
	at org.evosuite.statistics.StatisticsSender.sendIndividualToMaster(StatisticsSender.java:62)
	at org.evosuite.statistics.StatisticsListener.lambda$new$0(StatisticsListener.java:76)
	at java.base/java.lang.Thread.run(Thread.java:829)
Caused by: java.rmi.UnmarshalException: error unmarshalling arguments; nested exception is: 
	java.lang.ClassNotFoundException: expect to get instruction without BasicBlock already set
	at java.rmi/sun.rmi.server.UnicastServerRef.dispatch(UnicastServerRef.java:350)
	at java.rmi/sun.rmi.transport.Transport$1.run(Transport.java:200)
	at java.rmi/sun.rmi.transport.Transport$1.run(Transport.java:197)
	at java.base/java.security.AccessController.doPrivileged(Native Method)
	at java.rmi/sun.rmi.transport.Transport.serviceCall(Transport.java:196)
	at java.rmi/sun.rmi.transport.tcp.TCPTransport.handleMessages(TCPTransport.java:562)
	at java.rmi/sun.rmi.transport.tcp.TCPTransport$ConnectionHandler.run0(TCPTransport.java:796)
	at java.rmi/sun.rmi.transport.tcp.TCPTransport$ConnectionHandler.lambda$run$0(TCPTransport.java:677)
	at java.base/java.security.AccessController.doPrivileged(Native Method)
	at java.rmi/sun.rmi.transport.tcp.TCPTransport$ConnectionHandler.run(TCPTransport.java:676)
	at java.base/java.util.concurrent.ThreadPoolExecutor.runWorker(ThreadPoolExecutor.java:1128)
	at java.base/java.util.concurrent.ThreadPoolExecutor$Worker.run(ThreadPoolExecutor.java:628)
	... 1 common frames omitted
Caused by: java.lang.ClassNotFoundException: expect to get instruction without BasicBlock already set
	at org.evosuite.instrumentation.InstrumentingClassLoader.instrumentClass(InstrumentingClassLoader.java:158)
	at org.evosuite.instrumentation.InstrumentingClassLoader.loadClass(InstrumentingClassLoader.java:126)
	at org.evosuite.utils.generic.GenericClassImpl.getClass(GenericClassImpl.java:139)
	at org.evosuite.utils.generic.GenericClassImpl.getClass(GenericClassImpl.java:105)
	at org.evosuite.utils.generic.GenericClassImpl.readObject(GenericClassImpl.java:1671)
	at jdk.internal.reflect.GeneratedMethodAccessor9.invoke(Unknown Source)
	at java.base/jdk.internal.reflect.DelegatingMethodAccessorImpl.invoke(DelegatingMethodAccessorImpl.java:43)
	at java.base/java.lang.reflect.Method.invoke(Method.java:566)
	at java.base/java.io.ObjectStreamClass.invokeReadObject(ObjectStreamClass.java:1046)
	at java.base/java.io.ObjectInputStream.readSerialData(ObjectInputStream.java:2357)
	at java.base/java.io.ObjectInputStream.readOrdinaryObject(ObjectInputStream.java:2228)
	at java.base/java.io.ObjectInputStream.readObject0(ObjectInputStream.java:1687)
	at java.base/java.io.ObjectInputStream.defaultReadFields(ObjectInputStream.java:2496)
	at java.base/java.io.ObjectInputStream.readSerialData(ObjectInputStream.java:2390)
	at java.base/java.io.ObjectInputStream.readOrdinaryObject(ObjectInputStream.java:2228)
	at java.base/java.io.ObjectInputStream.readObject0(ObjectInputStream.java:1687)
	at java.base/java.io.ObjectInputStream.defaultReadFields(ObjectInputStream.java:2496)
	at java.base/java.io.ObjectInputStream.readSerialData(ObjectInputStream.java:2390)
	at java.base/java.io.ObjectInputStream.readOrdinaryObject(ObjectInputStream.java:2228)
	at java.base/java.io.ObjectInputStream.readObject0(ObjectInputStream.java:1687)
	at java.base/java.io.ObjectInputStream.readObject(ObjectInputStream.java:489)
	at java.base/java.io.ObjectInputStream.readObject(ObjectInputStream.java:447)
	at java.base/java.util.ArrayList.readObject(ArrayList.java:929)
	at java.base/jdk.internal.reflect.GeneratedMethodAccessor7.invoke(Unknown Source)
	at java.base/jdk.internal.reflect.DelegatingMethodAccessorImpl.invoke(DelegatingMethodAccessorImpl.java:43)
	at java.base/java.lang.reflect.Method.invoke(Method.java:566)
	at java.base/java.io.ObjectStreamClass.invokeReadObject(ObjectStreamClass.java:1046)
	at java.base/java.io.ObjectInputStream.readSerialData(ObjectInputStream.java:2357)
	at java.base/java.io.ObjectInputStream.readOrdinaryObject(ObjectInputStream.java:2228)
	at java.base/java.io.ObjectInputStream.readObject0(ObjectInputStream.java:1687)
	at java.base/java.io.ObjectInputStream.defaultReadFields(ObjectInputStream.java:2496)
	at java.base/java.io.ObjectInputStream.readSerialData(ObjectInputStream.java:2390)
	at java.base/java.io.ObjectInputStream.readOrdinaryObject(ObjectInputStream.java:2228)
	at java.base/java.io.ObjectInputStream.readObject0(ObjectInputStream.java:1687)
	at java.base/java.io.ObjectInputStream.defaultReadFields(ObjectInputStream.java:2496)
	at java.base/java.io.ObjectInputStream.defaultReadObject(ObjectInputStream.java:625)
	at org.evosuite.testcase.DefaultTestCase.readObject(DefaultTestCase.java:1217)
	at java.base/jdk.internal.reflect.NativeMethodAccessorImpl.invoke0(Native Method)
	at java.base/jdk.internal.reflect.NativeMethodAccessorImpl.invoke(NativeMethodAccessorImpl.java:62)
	at java.base/jdk.internal.reflect.DelegatingMethodAccessorImpl.invoke(DelegatingMethodAccessorImpl.java:43)
	at java.base/java.lang.reflect.Method.invoke(Method.java:566)
	at java.base/java.io.ObjectStreamClass.invokeReadObject(ObjectStreamClass.java:1046)
	at java.base/java.io.ObjectInputStream.readSerialData(ObjectInputStream.java:2357)
	at java.base/java.io.ObjectInputStream.readOrdinaryObject(ObjectInputStream.java:2228)
	at java.base/java.io.ObjectInputStream.readObject0(ObjectInputStream.java:1687)
	at java.base/java.io.ObjectInputStream.defaultReadFields(ObjectInputStream.java:2496)
	at java.base/java.io.ObjectInputStream.readSerialData(ObjectInputStream.java:2390)
	at java.base/java.io.ObjectInputStream.readOrdinaryObject(ObjectInputStream.java:2228)
	at java.base/java.io.ObjectInputStream.readObject0(ObjectInputStream.java:1687)
	at java.base/java.io.ObjectInputStream.readObject(ObjectInputStream.java:489)
	at java.base/java.io.ObjectInputStream.readObject(ObjectInputStream.java:447)
	at java.base/java.util.ArrayList.readObject(ArrayList.java:929)
	at java.base/jdk.internal.reflect.GeneratedMethodAccessor7.invoke(Unknown Source)
	at java.base/jdk.internal.reflect.DelegatingMethodAccessorImpl.invoke(DelegatingMethodAccessorImpl.java:43)
	at java.base/java.lang.reflect.Method.invoke(Method.java:566)
	at java.base/java.io.ObjectStreamClass.invokeReadObject(ObjectStreamClass.java:1046)
	at java.base/java.io.ObjectInputStream.readSerialData(ObjectInputStream.java:2357)
	at java.base/java.io.ObjectInputStream.readOrdinaryObject(ObjectInputStream.java:2228)
	at java.base/java.io.ObjectInputStream.readObject0(ObjectInputStream.java:1687)
	at java.base/java.io.ObjectInputStream.defaultReadFields(ObjectInputStream.java:2496)
	at java.base/java.io.ObjectInputStream.readSerialData(ObjectInputStream.java:2390)
	at java.base/java.io.ObjectInputStream.readOrdinaryObject(ObjectInputStream.java:2228)
	at java.base/java.io.ObjectInputStream.readObject0(ObjectInputStream.java:1687)
	at java.base/java.io.ObjectInputStream.readObject(ObjectInputStream.java:489)
	at java.base/java.io.ObjectInputStream.readObject(ObjectInputStream.java:447)
	at java.rmi/sun.rmi.server.UnicastRef.unmarshalValue(UnicastRef.java:327)
	at java.rmi/sun.rmi.server.UnicastServerRef.dispatch(UnicastServerRef.java:339)
	... 12 common frames omitted
Caused by: java.lang.IllegalArgumentException: expect to get instruction without BasicBlock already set
	at org.evosuite.graphs.cfg.BasicBlock.appendInstruction(BasicBlock.java:225)
	at org.evosuite.graphs.cfg.BasicBlock.setInstructions(BasicBlock.java:206)
	at org.evosuite.graphs.cfg.BasicBlock.<init>(BasicBlock.java:106)
	at org.evosuite.graphs.cfg.RawControlFlowGraph.determineBasicBlockFor(RawControlFlowGraph.java:314)
	at org.evosuite.graphs.cfg.ActualControlFlowGraph.computeNodes(ActualControlFlowGraph.java:295)
	at org.evosuite.graphs.cfg.ActualControlFlowGraph.computeGraph(ActualControlFlowGraph.java:262)
	at org.evosuite.graphs.cfg.ActualControlFlowGraph.<init>(ActualControlFlowGraph.java:97)
	at org.evosuite.graphs.cfg.CFGGenerator.computeActualCFG(CFGGenerator.java:218)
	at org.evosuite.graphs.cfg.CFGGenerator.registerCFGs(CFGGenerator.java:102)
	at org.evosuite.graphs.cfg.CFGMethodAdapter.visitEnd(CFGMethodAdapter.java:219)
	at org.evosuite.shaded.org.objectweb.asm.MethodVisitor.visitEnd(MethodVisitor.java:783)
	at org.evosuite.shaded.org.objectweb.asm.MethodVisitor.visitEnd(MethodVisitor.java:783)
	at org.evosuite.shaded.org.objectweb.asm.MethodVisitor.visitEnd(MethodVisitor.java:783)
	at org.evosuite.shaded.org.objectweb.asm.tree.MethodNode.accept(MethodNode.java:772)
	at org.evosuite.shaded.org.objectweb.asm.tree.MethodNode.accept(MethodNode.java:649)
	at org.evosuite.shaded.org.objectweb.asm.tree.ClassNode.accept(ClassNode.java:452)
	at org.evosuite.instrumentation.BytecodeInstrumentation.transformBytes(BytecodeInstrumentation.java:282)
	at org.evosuite.instrumentation.InstrumentingClassLoader.getTransformedBytes(InstrumentingClassLoader.java:135)
	at org.evosuite.instrumentation.InstrumentingClassLoader.instrumentClass(InstrumentingClassLoader.java:149)
	... 78 common frames omitted
[Progress:>                             1%] [Cov:==========>                        31%]========== GWO EVOLVE iteration=0 population=50 ==========
[MASTER] 12:34:48.127 [logback-1] WARN  ClientNodeImpl - Cannot send statistics to master; continuing without statistics
java.rmi.ServerException: RemoteException occurred in server thread; nested exception is: 
	java.rmi.UnmarshalException: error unmarshalling arguments; nested exception is: 
	java.lang.ClassNotFoundException: expect to get instruction without BasicBlock already set
	at java.rmi/sun.rmi.server.UnicastServerRef.dispatch(UnicastServerRef.java:391)
	at java.rmi/sun.rmi.transport.Transport$1.run(Transport.java:200)
	at java.rmi/sun.rmi.transport.Transport$1.run(Transport.java:197)
	at java.base/java.security.AccessController.doPrivileged(Native Method)
	at java.rmi/sun.rmi.transport.Transport.serviceCall(Transport.java:196)
	at java.rmi/sun.rmi.transport.tcp.TCPTransport.handleMessages(TCPTransport.java:562)
	at java.rmi/sun.rmi.transport.tcp.TCPTransport$ConnectionHandler.run0(TCPTransport.java:796)
	at java.rmi/sun.rmi.transport.tcp.TCPTransport$ConnectionHandler.lambda$run$0(TCPTransport.java:677)
	at java.base/java.security.AccessController.doPrivileged(Native Method)
	at java.rmi/sun.rmi.transport.tcp.TCPTransport$ConnectionHandler.run(TCPTransport.java:676)
	at java.base/java.util.concurrent.ThreadPoolExecutor.runWorker(ThreadPoolExecutor.java:1128)
	at java.base/java.util.concurrent.ThreadPoolExecutor$Worker.run(ThreadPoolExecutor.java:628)
	at java.base/java.lang.Thread.run(Thread.java:829)
	at java.rmi/sun.rmi.transport.StreamRemoteCall.exceptionReceivedFromServer(StreamRemoteCall.java:303)
	at java.rmi/sun.rmi.transport.StreamRemoteCall.executeCall(StreamRemoteCall.java:279)
	at java.rmi/sun.rmi.server.UnicastRef.invoke(UnicastRef.java:164)
	at java.rmi/java.rmi.server.RemoteObjectInvocationHandler.invokeRemoteMethod(RemoteObjectInvocationHandler.java:217)
	at java.rmi/java.rmi.server.RemoteObjectInvocationHandler.invoke(RemoteObjectInvocationHandler.java:162)
	at com.sun.proxy.$Proxy7.evosuite_collectStatistics(Unknown Source)
	at org.evosuite.rmi.service.ClientNodeImpl.updateStatistics(ClientNodeImpl.java:251)
	at org.evosuite.statistics.StatisticsSender.sendIndividualToMaster(StatisticsSender.java:62)
	at org.evosuite.statistics.StatisticsListener.lambda$new$0(StatisticsListener.java:76)
	at java.base/java.lang.Thread.run(Thread.java:829)
Caused by: java.rmi.UnmarshalException: error unmarshalling arguments; nested exception is: 
	java.lang.ClassNotFoundException: expect to get instruction without BasicBlock already set
	at java.rmi/sun.rmi.server.UnicastServerRef.dispatch(UnicastServerRef.java:350)
	at java.rmi/sun.rmi.transport.Transport$1.run(Transport.java:200)
	at java.rmi/sun.rmi.transport.Transport$1.run(Transport.java:197)
	at java.base/java.security.AccessController.doPrivileged(Native Method)
	at java.rmi/sun.rmi.transport.Transport.serviceCall(Transport.java:196)
	at java.rmi/sun.rmi.transport.tcp.TCPTransport.handleMessages(TCPTransport.java:562)
	at java.rmi/sun.rmi.transport.tcp.TCPTransport$ConnectionHandler.run0(TCPTransport.java:796)
	at java.rmi/sun.rmi.transport.tcp.TCPTransport$ConnectionHandler.lambda$run$0(TCPTransport.java:677)
	at java.base/java.security.AccessController.doPrivileged(Native Method)
	at java.rmi/sun.rmi.transport.tcp.TCPTransport$ConnectionHandler.run(TCPTransport.java:676)
	at java.base/java.util.concurrent.ThreadPoolExecutor.runWorker(ThreadPoolExecutor.java:1128)
	at java.base/java.util.concurrent.ThreadPoolExecutor$Worker.run(ThreadPoolExecutor.java:628)
	... 1 common frames omitted
Caused by: java.lang.ClassNotFoundException: expect to get instruction without BasicBlock already set
	at org.evosuite.instrumentation.InstrumentingClassLoader.instrumentClass(InstrumentingClassLoader.java:158)
	at org.evosuite.instrumentation.InstrumentingClassLoader.loadClass(InstrumentingClassLoader.java:126)
	at org.evosuite.utils.generic.GenericClassImpl.getClass(GenericClassImpl.java:139)
	at org.evosuite.utils.generic.GenericClassImpl.getClass(GenericClassImpl.java:105)
	at org.evosuite.utils.generic.GenericClassImpl.readObject(GenericClassImpl.java:1671)
	at jdk.internal.reflect.GeneratedMethodAccessor9.invoke(Unknown Source)
	at java.base/jdk.internal.reflect.DelegatingMethodAccessorImpl.invoke(DelegatingMethodAccessorImpl.java:43)
	at java.base/java.lang.reflect.Method.invoke(Method.java:566)
	at java.base/java.io.ObjectStreamClass.invokeReadObject(ObjectStreamClass.java:1046)
	at java.base/java.io.ObjectInputStream.readSerialData(ObjectInputStream.java:2357)
	at java.base/java.io.ObjectInputStream.readOrdinaryObject(ObjectInputStream.java:2228)
	at java.base/java.io.ObjectInputStream.readObject0(ObjectInputStream.java:1687)
	at java.base/java.io.ObjectInputStream.defaultReadFields(ObjectInputStream.java:2496)
	at java.base/java.io.ObjectInputStream.readSerialData(ObjectInputStream.java:2390)
	at java.base/java.io.ObjectInputStream.readOrdinaryObject(ObjectInputStream.java:2228)
	at java.base/java.io.ObjectInputStream.readObject0(ObjectInputStream.java:1687)
	at java.base/java.io.ObjectInputStream.defaultReadFields(ObjectInputStream.java:2496)
	at java.base/java.io.ObjectInputStream.readSerialData(ObjectInputStream.java:2390)
	at java.base/java.io.ObjectInputStream.readOrdinaryObject(ObjectInputStream.java:2228)
	at java.base/java.io.ObjectInputStream.readObject0(ObjectInputStream.java:1687)
	at java.base/java.io.ObjectInputStream.readObject(ObjectInputStream.java:489)
	at java.base/java.io.ObjectInputStream.readObject(ObjectInputStream.java:447)
	at java.base/java.util.ArrayList.readObject(ArrayList.java:929)
	at java.base/jdk.internal.reflect.GeneratedMethodAccessor7.invoke(Unknown Source)
	at java.base/jdk.internal.reflect.DelegatingMethodAccessorImpl.invoke(DelegatingMethodAccessorImpl.java:43)
	at java.base/java.lang.reflect.Method.invoke(Method.java:566)
	at java.base/java.io.ObjectStreamClass.invokeReadObject(ObjectStreamClass.java:1046)
	at java.base/java.io.ObjectInputStream.readSerialData(ObjectInputStream.java:2357)
	at java.base/java.io.ObjectInputStream.readOrdinaryObject(ObjectInputStream.java:2228)
	at java.base/java.io.ObjectInputStream.readObject0(ObjectInputStream.java:1687)
	at java.base/java.io.ObjectInputStream.defaultReadFields(ObjectInputStream.java:2496)
	at java.base/java.io.ObjectInputStream.readSerialData(ObjectInputStream.java:2390)
	at java.base/java.io.ObjectInputStream.readOrdinaryObject(ObjectInputStream.java:2228)
	at java.base/java.io.ObjectInputStream.readObject0(ObjectInputStream.java:1687)
	at java.base/java.io.ObjectInputStream.defaultReadFields(ObjectInputStream.java:2496)
	at java.base/java.io.ObjectInputStream.defaultReadObject(ObjectInputStream.java:625)
	at org.evosuite.testcase.DefaultTestCase.readObject(DefaultTestCase.java:1217)
	at jdk.internal.reflect.GeneratedMethodAccessor15.invoke(Unknown Source)
	at java.base/jdk.internal.reflect.DelegatingMethodAccessorImpl.invoke(DelegatingMethodAccessorImpl.java:43)
	at java.base/java.lang.reflect.Method.invoke(Method.java:566)
	at java.base/java.io.ObjectStreamClass.invokeReadObject(ObjectStreamClass.java:1046)
	at java.base/java.io.ObjectInputStream.readSerialData(ObjectInputStream.java:2357)
	at java.base/java.io.ObjectInputStream.readOrdinaryObject(ObjectInputStream.java:2228)
	at java.base/java.io.ObjectInputStream.readObject0(ObjectInputStream.java:1687)
	at java.base/java.io.ObjectInputStream.defaultReadFields(ObjectInputStream.java:2496)
	at java.base/java.io.ObjectInputStream.readSerialData(ObjectInputStream.java:2390)
	at java.base/java.io.ObjectInputStream.readOrdinaryObject(ObjectInputStream.java:2228)
	at java.base/java.io.ObjectInputStream.readObject0(ObjectInputStream.java:1687)
	at java.base/java.io.ObjectInputStream.readObject(ObjectInputStream.java:489)
	at java.base/java.io.ObjectInputStream.readObject(ObjectInputStream.java:447)
	at java.base/java.util.ArrayList.readObject(ArrayList.java:929)
	at java.base/jdk.internal.reflect.GeneratedMethodAccessor7.invoke(Unknown Source)
	at java.base/jdk.internal.reflect.DelegatingMethodAccessorImpl.invoke(DelegatingMethodAccessorImpl.java:43)
	at java.base/java.lang.reflect.Method.invoke(Method.java:566)
	at java.base/java.io.ObjectStreamClass.invokeReadObject(ObjectStreamClass.java:1046)
	at java.base/java.io.ObjectInputStream.readSerialData(ObjectInputStream.java:2357)
	at java.base/java.io.ObjectInputStream.readOrdinaryObject(ObjectInputStream.java:2228)
	at java.base/java.io.ObjectInputStream.readObject0(ObjectInputStream.java:1687)
	at java.base/java.io.ObjectInputStream.defaultReadFields(ObjectInputStream.java:2496)
	at java.base/java.io.ObjectInputStream.readSerialData(ObjectInputStream.java:2390)
	at java.base/java.io.ObjectInputStream.readOrdinaryObject(ObjectInputStream.java:2228)
	at java.base/java.io.ObjectInputStream.readObject0(ObjectInputStream.java:1687)
	at java.base/java.io.ObjectInputStream.readObject(ObjectInputStream.java:489)
	at java.base/java.io.ObjectInputStream.readObject(ObjectInputStream.java:447)
	at java.rmi/sun.rmi.server.UnicastRef.unmarshalValue(UnicastRef.java:327)
	at java.rmi/sun.rmi.server.UnicastServerRef.dispatch(UnicastServerRef.java:339)
	... 12 common frames omitted
Caused by: java.lang.IllegalArgumentException: expect to get instruction without BasicBlock already set
	at org.evosuite.graphs.cfg.BasicBlock.appendInstruction(BasicBlock.java:225)
	at org.evosuite.graphs.cfg.BasicBlock.setInstructions(BasicBlock.java:206)
	at org.evosuite.graphs.cfg.BasicBlock.<init>(BasicBlock.java:106)
	at org.evosuite.graphs.cfg.RawControlFlowGraph.determineBasicBlockFor(RawControlFlowGraph.java:314)
	at org.evosuite.graphs.cfg.ActualControlFlowGraph.computeNodes(ActualControlFlowGraph.java:295)
	at org.evosuite.graphs.cfg.ActualControlFlowGraph.computeGraph(ActualControlFlowGraph.java:262)
	at org.evosuite.graphs.cfg.ActualControlFlowGraph.<init>(ActualControlFlowGraph.java:97)
	at org.evosuite.graphs.cfg.CFGGenerator.computeActualCFG(CFGGenerator.java:218)
	at org.evosuite.graphs.cfg.CFGGenerator.registerCFGs(CFGGenerator.java:102)
	at org.evosuite.graphs.cfg.CFGMethodAdapter.visitEnd(CFGMethodAdapter.java:219)
	at org.evosuite.shaded.org.objectweb.asm.MethodVisitor.visitEnd(MethodVisitor.java:783)
	at org.evosuite.shaded.org.objectweb.asm.MethodVisitor.visitEnd(MethodVisitor.java:783)
	at org.evosuite.shaded.org.objectweb.asm.MethodVisitor.visitEnd(MethodVisitor.java:783)
	at org.evosuite.shaded.org.objectweb.asm.tree.MethodNode.accept(MethodNode.java:772)
	at org.evosuite.shaded.org.objectweb.asm.tree.MethodNode.accept(MethodNode.java:649)
	at org.evosuite.shaded.org.objectweb.asm.tree.ClassNode.accept(ClassNode.java:452)
	at org.evosuite.instrumentation.BytecodeInstrumentation.transformBytes(BytecodeInstrumentation.java:282)
	at org.evosuite.instrumentation.InstrumentingClassLoader.getTransformedBytes(InstrumentingClassLoader.java:135)
	at org.evosuite.instrumentation.InstrumentingClassLoader.instrumentClass(InstrumentingClassLoader.java:149)
	... 77 common frames omitted
[Progress:>                             2%] [Cov:==========>                        31%][MASTER] 12:34:48.638 [logback-1] WARN  ClientNodeImpl - Cannot send statistics to master; continuing without statistics
java.rmi.ServerException: RemoteException occurred in server thread; nested exception is: 
	java.rmi.UnmarshalException: error unmarshalling arguments; nested exception is: 
	java.lang.ClassNotFoundException: expect to get instruction without BasicBlock already set
	at java.rmi/sun.rmi.server.UnicastServerRef.dispatch(UnicastServerRef.java:391)
	at java.rmi/sun.rmi.transport.Transport$1.run(Transport.java:200)
	at java.rmi/sun.rmi.transport.Transport$1.run(Transport.java:197)
	at java.base/java.security.AccessController.doPrivileged(Native Method)
	at java.rmi/sun.rmi.transport.Transport.serviceCall(Transport.java:196)
	at java.rmi/sun.rmi.transport.tcp.TCPTransport.handleMessages(TCPTransport.java:562)
	at java.rmi/sun.rmi.transport.tcp.TCPTransport$ConnectionHandler.run0(TCPTransport.java:796)
	at java.rmi/sun.rmi.transport.tcp.TCPTransport$ConnectionHandler.lambda$run$0(TCPTransport.java:677)
	at java.base/java.security.AccessController.doPrivileged(Native Method)
	at java.rmi/sun.rmi.transport.tcp.TCPTransport$ConnectionHandler.run(TCPTransport.java:676)
	at java.base/java.util.concurrent.ThreadPoolExecutor.runWorker(ThreadPoolExecutor.java:1128)
	at java.base/java.util.concurrent.ThreadPoolExecutor$Worker.run(ThreadPoolExecutor.java:628)
	at java.base/java.lang.Thread.run(Thread.java:829)
	at java.rmi/sun.rmi.transport.StreamRemoteCall.exceptionReceivedFromServer(StreamRemoteCall.java:303)
	at java.rmi/sun.rmi.transport.StreamRemoteCall.executeCall(StreamRemoteCall.java:279)
	at java.rmi/sun.rmi.server.UnicastRef.invoke(UnicastRef.java:164)
	at java.rmi/java.rmi.server.RemoteObjectInvocationHandler.invokeRemoteMethod(RemoteObjectInvocationHandler.java:217)
	at java.rmi/java.rmi.server.RemoteObjectInvocationHandler.invoke(RemoteObjectInvocationHandler.java:162)
	at com.sun.proxy.$Proxy7.evosuite_collectStatistics(Unknown Source)
	at org.evosuite.rmi.service.ClientNodeImpl.updateStatistics(ClientNodeImpl.java:251)
	at org.evosuite.statistics.StatisticsSender.sendIndividualToMaster(StatisticsSender.java:62)
	at org.evosuite.statistics.StatisticsListener.lambda$new$0(StatisticsListener.java:76)
	at java.base/java.lang.Thread.run(Thread.java:829)
Caused by: java.rmi.UnmarshalException: error unmarshalling arguments; nested exception is: 
	java.lang.ClassNotFoundException: expect to get instruction without BasicBlock already set
	at java.rmi/sun.rmi.server.UnicastServerRef.dispatch(UnicastServerRef.java:350)
	at java.rmi/sun.rmi.transport.Transport$1.run(Transport.java:200)
	at java.rmi/sun.rmi.transport.Transport$1.run(Transport.java:197)
	at java.base/java.security.AccessController.doPrivileged(Native Method)
	at java.rmi/sun.rmi.transport.Transport.serviceCall(Transport.java:196)
	at java.rmi/sun.rmi.transport.tcp.TCPTransport.handleMessages(TCPTransport.java:562)
	at java.rmi/sun.rmi.transport.tcp.TCPTransport$ConnectionHandler.run0(TCPTransport.java:796)
	at java.rmi/sun.rmi.transport.tcp.TCPTransport$ConnectionHandler.lambda$run$0(TCPTransport.java:677)
	at java.base/java.security.AccessController.doPrivileged(Native Method)
	at java.rmi/sun.rmi.transport.tcp.TCPTransport$ConnectionHandler.run(TCPTransport.java:676)
	at java.base/java.util.concurrent.ThreadPoolExecutor.runWorker(ThreadPoolExecutor.java:1128)
	at java.base/java.util.concurrent.ThreadPoolExecutor$Worker.run(ThreadPoolExecutor.java:628)
	... 1 common frames omitted
Caused by: java.lang.ClassNotFoundException: expect to get instruction without BasicBlock already set
	at org.evosuite.instrumentation.InstrumentingClassLoader.instrumentClass(InstrumentingClassLoader.java:158)
	at org.evosuite.instrumentation.InstrumentingClassLoader.loadClass(InstrumentingClassLoader.java:126)
	at org.evosuite.utils.generic.GenericClassImpl.getClass(GenericClassImpl.java:139)
	at org.evosuite.utils.generic.GenericClassImpl.getClass(GenericClassImpl.java:105)
	at org.evosuite.utils.generic.GenericClassImpl.readObject(GenericClassImpl.java:1671)
	at jdk.internal.reflect.GeneratedMethodAccessor9.invoke(Unknown Source)
	at java.base/jdk.internal.reflect.DelegatingMethodAccessorImpl.invoke(DelegatingMethodAccessorImpl.java:43)
	at java.base/java.lang.reflect.Method.invoke(Method.java:566)
	at java.base/java.io.ObjectStreamClass.invokeReadObject(ObjectStreamClass.java:1046)
	at java.base/java.io.ObjectInputStream.readSerialData(ObjectInputStream.java:2357)
	at java.base/java.io.ObjectInputStream.readOrdinaryObject(ObjectInputStream.java:2228)
	at java.base/java.io.ObjectInputStream.readObject0(ObjectInputStream.java:1687)
	at java.base/java.io.ObjectInputStream.defaultReadFields(ObjectInputStream.java:2496)
	at java.base/java.io.ObjectInputStream.readSerialData(ObjectInputStream.java:2390)
	at java.base/java.io.ObjectInputStream.readOrdinaryObject(ObjectInputStream.java:2228)
	at java.base/java.io.ObjectInputStream.readObject0(ObjectInputStream.java:1687)
	at java.base/java.io.ObjectInputStream.defaultReadFields(ObjectInputStream.java:2496)
	at java.base/java.io.ObjectInputStream.readSerialData(ObjectInputStream.java:2390)
	at java.base/java.io.ObjectInputStream.readOrdinaryObject(ObjectInputStream.java:2228)
	at java.base/java.io.ObjectInputStream.readObject0(ObjectInputStream.java:1687)
	at java.base/java.io.ObjectInputStream.readObject(ObjectInputStream.java:489)
	at java.base/java.io.ObjectInputStream.readObject(ObjectInputStream.java:447)
	at java.base/java.util.ArrayList.readObject(ArrayList.java:929)
	at java.base/jdk.internal.reflect.GeneratedMethodAccessor7.invoke(Unknown Source)
	at java.base/jdk.internal.reflect.DelegatingMethodAccessorImpl.invoke(DelegatingMethodAccessorImpl.java:43)
	at java.base/java.lang.reflect.Method.invoke(Method.java:566)
	at java.base/java.io.ObjectStreamClass.invokeReadObject(ObjectStreamClass.java:1046)
	at java.base/java.io.ObjectInputStream.readSerialData(ObjectInputStream.java:2357)
	at java.base/java.io.ObjectInputStream.readOrdinaryObject(ObjectInputStream.java:2228)
	at java.base/java.io.ObjectInputStream.readObject0(ObjectInputStream.java:1687)
	at java.base/java.io.ObjectInputStream.defaultReadFields(ObjectInputStream.java:2496)
	at java.base/java.io.ObjectInputStream.readSerialData(ObjectInputStream.java:2390)
	at java.base/java.io.ObjectInputStream.readOrdinaryObject(ObjectInputStream.java:2228)
	at java.base/java.io.ObjectInputStream.readObject0(ObjectInputStream.java:1687)
	at java.base/java.io.ObjectInputStream.defaultReadFields(ObjectInputStream.java:2496)
	at java.base/java.io.ObjectInputStream.defaultReadObject(ObjectInputStream.java:625)
	at org.evosuite.testcase.DefaultTestCase.readObject(DefaultTestCase.java:1217)
	at jdk.internal.reflect.GeneratedMethodAccessor15.invoke(Unknown Source)
	at java.base/jdk.internal.reflect.DelegatingMethodAccessorImpl.invoke(DelegatingMethodAccessorImpl.java:43)
	at java.base/java.lang.reflect.Method.invoke(Method.java:566)
	at java.base/java.io.ObjectStreamClass.invokeReadObject(ObjectStreamClass.java:1046)
	at java.base/java.io.ObjectInputStream.readSerialData(ObjectInputStream.java:2357)
	at java.base/java.io.ObjectInputStream.readOrdinaryObject(ObjectInputStream.java:2228)
	at java.base/java.io.ObjectInputStream.readObject0(ObjectInputStream.java:1687)
	at java.base/java.io.ObjectInputStream.defaultReadFields(ObjectInputStream.java:2496)
	at java.base/java.io.ObjectInputStream.readSerialData(ObjectInputStream.java:2390)
	at java.base/java.io.ObjectInputStream.readOrdinaryObject(ObjectInputStream.java:2228)
	at java.base/java.io.ObjectInputStream.readObject0(ObjectInputStream.java:1687)
	at java.base/java.io.ObjectInputStream.readObject(ObjectInputStream.java:489)
	at java.base/java.io.ObjectInputStream.readObject(ObjectInputStream.java:447)
	at java.base/java.util.ArrayList.readObject(ArrayList.java:929)
	at java.base/jdk.internal.reflect.GeneratedMethodAccessor7.invoke(Unknown Source)
	at java.base/jdk.internal.reflect.DelegatingMethodAccessorImpl.invoke(DelegatingMethodAccessorImpl.java:43)
	at java.base/java.lang.reflect.Method.invoke(Method.java:566)
	at java.base/java.io.ObjectStreamClass.invokeReadObject(ObjectStreamClass.java:1046)
	at java.base/java.io.ObjectInputStream.readSerialData(ObjectInputStream.java:2357)
	at java.base/java.io.ObjectInputStream.readOrdinaryObject(ObjectInputStream.java:2228)
	at java.base/java.io.ObjectInputStream.readObject0(ObjectInputStream.java:1687)
	at java.base/java.io.ObjectInputStream.defaultReadFields(ObjectInputStream.java:2496)
	at java.base/java.io.ObjectInputStream.readSerialData(ObjectInputStream.java:2390)
	at java.base/java.io.ObjectInputStream.readOrdinaryObject(ObjectInputStream.java:2228)
	at java.base/java.io.ObjectInputStream.readObject0(ObjectInputStream.java:1687)
	at java.base/java.io.ObjectInputStream.readObject(ObjectInputStream.java:489)
	at java.base/java.io.ObjectInputStream.readObject(ObjectInputStream.java:447)
	at java.rmi/sun.rmi.server.UnicastRef.unmarshalValue(UnicastRef.java:327)
	at java.rmi/sun.rmi.server.UnicastServerRef.dispatch(UnicastServerRef.java:339)
	... 12 common frames omitted
Caused by: java.lang.IllegalArgumentException: expect to get instruction without BasicBlock already set
	at org.evosuite.graphs.cfg.BasicBlock.appendInstruction(BasicBlock.java:225)
	at org.evosuite.graphs.cfg.BasicBlock.setInstructions(BasicBlock.java:206)
	at org.evosuite.graphs.cfg.BasicBlock.<init>(BasicBlock.java:106)
	at org.evosuite.graphs.cfg.RawControlFlowGraph.determineBasicBlockFor(RawControlFlowGraph.java:314)
	at org.evosuite.graphs.cfg.ActualControlFlowGraph.computeNodes(ActualControlFlowGraph.java:295)
	at org.evosuite.graphs.cfg.ActualControlFlowGraph.computeGraph(ActualControlFlowGraph.java:262)
	at org.evosuite.graphs.cfg.ActualControlFlowGraph.<init>(ActualControlFlowGraph.java:97)
	at org.evosuite.graphs.cfg.CFGGenerator.computeActualCFG(CFGGenerator.java:218)
	at org.evosuite.graphs.cfg.CFGGenerator.registerCFGs(CFGGenerator.java:102)
	at org.evosuite.graphs.cfg.CFGMethodAdapter.visitEnd(CFGMethodAdapter.java:219)
	at org.evosuite.shaded.org.objectweb.asm.MethodVisitor.visitEnd(MethodVisitor.java:783)
	at org.evosuite.shaded.org.objectweb.asm.MethodVisitor.visitEnd(MethodVisitor.java:783)
	at org.evosuite.shaded.org.objectweb.asm.MethodVisitor.visitEnd(MethodVisitor.java:783)
	at org.evosuite.shaded.org.objectweb.asm.tree.MethodNode.accept(MethodNode.java:772)
	at org.evosuite.shaded.org.objectweb.asm.tree.MethodNode.accept(MethodNode.java:649)
	at org.evosuite.shaded.org.objectweb.asm.tree.ClassNode.accept(ClassNode.java:452)
	at org.evosuite.instrumentation.BytecodeInstrumentation.transformBytes(BytecodeInstrumentation.java:282)
	at org.evosuite.instrumentation.InstrumentingClassLoader.getTransformedBytes(InstrumentingClassLoader.java:135)
	at org.evosuite.instrumentation.InstrumentingClassLoader.instrumentClass(InstrumentingClassLoader.java:149)
	... 77 common frames omitted
[Progress:>                             2%] [Cov:==========>                        31%]GWO iteration=1 bestFitness=1914.1342810054975 population=50 a=1.98
========== GWO EVOLVE iteration=1 population=50 ==========
[Progress:>                             2%] [Cov:===========>                       32%][MASTER] 12:34:49.184 [logback-1] WARN  ClientNodeImpl - Cannot send statistics to master; continuing without statistics
java.rmi.ServerException: RemoteException occurred in server thread; nested exception is: 
	java.rmi.UnmarshalException: error unmarshalling arguments; nested exception is: 
	java.lang.ClassNotFoundException: expect to get instruction without BasicBlock already set
	at java.rmi/sun.rmi.server.UnicastServerRef.dispatch(UnicastServerRef.java:391)
	at java.rmi/sun.rmi.transport.Transport$1.run(Transport.java:200)
	at java.rmi/sun.rmi.transport.Transport$1.run(Transport.java:197)
	at java.base/java.security.AccessController.doPrivileged(Native Method)
	at java.rmi/sun.rmi.transport.Transport.serviceCall(Transport.java:196)
	at java.rmi/sun.rmi.transport.tcp.TCPTransport.handleMessages(TCPTransport.java:562)
	at java.rmi/sun.rmi.transport.tcp.TCPTransport$ConnectionHandler.run0(TCPTransport.java:796)
	at java.rmi/sun.rmi.transport.tcp.TCPTransport$ConnectionHandler.lambda$run$0(TCPTransport.java:677)
	at java.base/java.security.AccessController.doPrivileged(Native Method)
	at java.rmi/sun.rmi.transport.tcp.TCPTransport$ConnectionHandler.run(TCPTransport.java:676)
	at java.base/java.util.concurrent.ThreadPoolExecutor.runWorker(ThreadPoolExecutor.java:1128)
	at java.base/java.util.concurrent.ThreadPoolExecutor$Worker.run(ThreadPoolExecutor.java:628)
	at java.base/java.lang.Thread.run(Thread.java:829)
	at java.rmi/sun.rmi.transport.StreamRemoteCall.exceptionReceivedFromServer(StreamRemoteCall.java:303)
	at java.rmi/sun.rmi.transport.StreamRemoteCall.executeCall(StreamRemoteCall.java:279)
	at java.rmi/sun.rmi.server.UnicastRef.invoke(UnicastRef.java:164)
	at java.rmi/java.rmi.server.RemoteObjectInvocationHandler.invokeRemoteMethod(RemoteObjectInvocationHandler.java:217)
	at java.rmi/java.rmi.server.RemoteObjectInvocationHandler.invoke(RemoteObjectInvocationHandler.java:162)
	at com.sun.proxy.$Proxy7.evosuite_collectStatistics(Unknown Source)
	at org.evosuite.rmi.service.ClientNodeImpl.updateStatistics(ClientNodeImpl.java:251)
	at org.evosuite.statistics.StatisticsSender.sendIndividualToMaster(StatisticsSender.java:62)
	at org.evosuite.statistics.StatisticsListener.lambda$new$0(StatisticsListener.java:76)
	at java.base/java.lang.Thread.run(Thread.java:829)
Caused by: java.rmi.UnmarshalException: error unmarshalling arguments; nested exception is: 
	java.lang.ClassNotFoundException: expect to get instruction without BasicBlock already set
	at java.rmi/sun.rmi.server.UnicastServerRef.dispatch(UnicastServerRef.java:350)
	at java.rmi/sun.rmi.transport.Transport$1.run(Transport.java:200)
	at java.rmi/sun.rmi.transport.Transport$1.run(Transport.java:197)
	at java.base/java.security.AccessController.doPrivileged(Native Method)
	at java.rmi/sun.rmi.transport.Transport.serviceCall(Transport.java:196)
	at java.rmi/sun.rmi.transport.tcp.TCPTransport.handleMessages(TCPTransport.java:562)
	at java.rmi/sun.rmi.transport.tcp.TCPTransport$ConnectionHandler.run0(TCPTransport.java:796)
	at java.rmi/sun.rmi.transport.tcp.TCPTransport$ConnectionHandler.lambda$run$0(TCPTransport.java:677)
	at java.base/java.security.AccessController.doPrivileged(Native Method)
	at java.rmi/sun.rmi.transport.tcp.TCPTransport$ConnectionHandler.run(TCPTransport.java:676)
	at java.base/java.util.concurrent.ThreadPoolExecutor.runWorker(ThreadPoolExecutor.java:1128)
	at java.base/java.util.concurrent.ThreadPoolExecutor$Worker.run(ThreadPoolExecutor.java:628)
	... 1 common frames omitted
Caused by: java.lang.ClassNotFoundException: expect to get instruction without BasicBlock already set
	at org.evosuite.instrumentation.InstrumentingClassLoader.instrumentClass(InstrumentingClassLoader.java:158)
	at org.evosuite.instrumentation.InstrumentingClassLoader.loadClass(InstrumentingClassLoader.java:126)
	at org.evosuite.utils.generic.GenericClassImpl.getClass(GenericClassImpl.java:139)
	at org.evosuite.utils.generic.GenericClassImpl.getClass(GenericClassImpl.java:105)
	at org.evosuite.utils.generic.GenericClassImpl.readObject(GenericClassImpl.java:1671)
	at jdk.internal.reflect.GeneratedMethodAccessor9.invoke(Unknown Source)
	at java.base/jdk.internal.reflect.DelegatingMethodAccessorImpl.invoke(DelegatingMethodAccessorImpl.java:43)
	at java.base/java.lang.reflect.Method.invoke(Method.java:566)
	at java.base/java.io.ObjectStreamClass.invokeReadObject(ObjectStreamClass.java:1046)
	at java.base/java.io.ObjectInputStream.readSerialData(ObjectInputStream.java:2357)
	at java.base/java.io.ObjectInputStream.readOrdinaryObject(ObjectInputStream.java:2228)
	at java.base/java.io.ObjectInputStream.readObject0(ObjectInputStream.java:1687)
	at java.base/java.io.ObjectInputStream.defaultReadFields(ObjectInputStream.java:2496)
	at java.base/java.io.ObjectInputStream.readSerialData(ObjectInputStream.java:2390)
	at java.base/java.io.ObjectInputStream.readOrdinaryObject(ObjectInputStream.java:2228)
	at java.base/java.io.ObjectInputStream.readObject0(ObjectInputStream.java:1687)
	at java.base/java.io.ObjectInputStream.defaultReadFields(ObjectInputStream.java:2496)
	at java.base/java.io.ObjectInputStream.readSerialData(ObjectInputStream.java:2390)
	at java.base/java.io.ObjectInputStream.readOrdinaryObject(ObjectInputStream.java:2228)
	at java.base/java.io.ObjectInputStream.readObject0(ObjectInputStream.java:1687)
	at java.base/java.io.ObjectInputStream.readObject(ObjectInputStream.java:489)
	at java.base/java.io.ObjectInputStream.readObject(ObjectInputStream.java:447)
	at java.base/java.util.ArrayList.readObject(ArrayList.java:929)
	at java.base/jdk.internal.reflect.GeneratedMethodAccessor7.invoke(Unknown Source)
	at java.base/jdk.internal.reflect.DelegatingMethodAccessorImpl.invoke(DelegatingMethodAccessorImpl.java:43)
	at java.base/java.lang.reflect.Method.invoke(Method.java:566)
	at java.base/java.io.ObjectStreamClass.invokeReadObject(ObjectStreamClass.java:1046)
	at java.base/java.io.ObjectInputStream.readSerialData(ObjectInputStream.java:2357)
	at java.base/java.io.ObjectInputStream.readOrdinaryObject(ObjectInputStream.java:2228)
	at java.base/java.io.ObjectInputStream.readObject0(ObjectInputStream.java:1687)
	at java.base/java.io.ObjectInputStream.defaultReadFields(ObjectInputStream.java:2496)
	at java.base/java.io.ObjectInputStream.readSerialData(ObjectInputStream.java:2390)
	at java.base/java.io.ObjectInputStream.readOrdinaryObject(ObjectInputStream.java:2228)
	at java.base/java.io.ObjectInputStream.readObject0(ObjectInputStream.java:1687)
	at java.base/java.io.ObjectInputStream.defaultReadFields(ObjectInputStream.java:2496)
	at java.base/java.io.ObjectInputStream.defaultReadObject(ObjectInputStream.java:625)
	at org.evosuite.testcase.DefaultTestCase.readObject(DefaultTestCase.java:1217)
	at jdk.internal.reflect.GeneratedMethodAccessor15.invoke(Unknown Source)
	at java.base/jdk.internal.reflect.DelegatingMethodAccessorImpl.invoke(DelegatingMethodAccessorImpl.java:43)
	at java.base/java.lang.reflect.Method.invoke(Method.java:566)
	at java.base/java.io.ObjectStreamClass.invokeReadObject(ObjectStreamClass.java:1046)
	at java.base/java.io.ObjectInputStream.readSerialData(ObjectInputStream.java:2357)
	at java.base/java.io.ObjectInputStream.readOrdinaryObject(ObjectInputStream.java:2228)
	at java.base/java.io.ObjectInputStream.readObject0(ObjectInputStream.java:1687)
	at java.base/java.io.ObjectInputStream.defaultReadFields(ObjectInputStream.java:2496)
	at java.base/java.io.ObjectInputStream.readSerialData(ObjectInputStream.java:2390)
	at java.base/java.io.ObjectInputStream.readOrdinaryObject(ObjectInputStream.java:2228)
	at java.base/java.io.ObjectInputStream.readObject0(ObjectInputStream.java:1687)
	at java.base/java.io.ObjectInputStream.readObject(ObjectInputStream.java:489)
	at java.base/java.io.ObjectInputStream.readObject(ObjectInputStream.java:447)
	at java.base/java.util.ArrayList.readObject(ArrayList.java:929)
	at java.base/jdk.internal.reflect.GeneratedMethodAccessor7.invoke(Unknown Source)
	at java.base/jdk.internal.reflect.DelegatingMethodAccessorImpl.invoke(DelegatingMethodAccessorImpl.java:43)
	at java.base/java.lang.reflect.Method.invoke(Method.java:566)
	at java.base/java.io.ObjectStreamClass.invokeReadObject(ObjectStreamClass.java:1046)
	at java.base/java.io.ObjectInputStream.readSerialData(ObjectInputStream.java:2357)
	at java.base/java.io.ObjectInputStream.readOrdinaryObject(ObjectInputStream.java:2228)
	at java.base/java.io.ObjectInputStream.readObject0(ObjectInputStream.java:1687)
	at java.base/java.io.ObjectInputStream.defaultReadFields(ObjectInputStream.java:2496)
	at java.base/java.io.ObjectInputStream.readSerialData(ObjectInputStream.java:2390)
	at java.base/java.io.ObjectInputStream.readOrdinaryObject(ObjectInputStream.java:2228)
	at java.base/java.io.ObjectInputStream.readObject0(ObjectInputStream.java:1687)
	at java.base/java.io.ObjectInputStream.readObject(ObjectInputStream.java:489)
	at java.base/java.io.ObjectInputStream.readObject(ObjectInputStream.java:447)
	at java.rmi/sun.rmi.server.UnicastRef.unmarshalValue(UnicastRef.java:327)
	at java.rmi/sun.rmi.server.UnicastServerRef.dispatch(UnicastServerRef.java:339)
	... 12 common frames omitted
Caused by: java.lang.IllegalArgumentException: expect to get instruction without BasicBlock already set
	at org.evosuite.graphs.cfg.BasicBlock.appendInstruction(BasicBlock.java:225)
	at org.evosuite.graphs.cfg.BasicBlock.setInstructions(BasicBlock.java:206)
	at org.evosuite.graphs.cfg.BasicBlock.<init>(BasicBlock.java:106)
	at org.evosuite.graphs.cfg.RawControlFlowGraph.determineBasicBlockFor(RawControlFlowGraph.java:314)
	at org.evosuite.graphs.cfg.ActualControlFlowGraph.computeNodes(ActualControlFlowGraph.java:295)
	at org.evosuite.graphs.cfg.ActualControlFlowGraph.computeGraph(ActualControlFlowGraph.java:262)
	at org.evosuite.graphs.cfg.ActualControlFlowGraph.<init>(ActualControlFlowGraph.java:97)
	at org.evosuite.graphs.cfg.CFGGenerator.computeActualCFG(CFGGenerator.java:218)
	at org.evosuite.graphs.cfg.CFGGenerator.registerCFGs(CFGGenerator.java:102)
	at org.evosuite.graphs.cfg.CFGMethodAdapter.visitEnd(CFGMethodAdapter.java:219)
	at org.evosuite.shaded.org.objectweb.asm.MethodVisitor.visitEnd(MethodVisitor.java:783)
	at org.evosuite.shaded.org.objectweb.asm.MethodVisitor.visitEnd(MethodVisitor.java:783)
	at org.evosuite.shaded.org.objectweb.asm.MethodVisitor.visitEnd(MethodVisitor.java:783)
	at org.evosuite.shaded.org.objectweb.asm.tree.MethodNode.accept(MethodNode.java:772)
	at org.evosuite.shaded.org.objectweb.asm.tree.MethodNode.accept(MethodNode.java:649)
	at org.evosuite.shaded.org.objectweb.asm.tree.ClassNode.accept(ClassNode.java:452)
	at org.evosuite.instrumentation.BytecodeInstrumentation.transformBytes(BytecodeInstrumentation.java:282)
	at org.evosuite.instrumentation.InstrumentingClassLoader.getTransformedBytes(InstrumentingClassLoader.java:135)
	at org.evosuite.instrumentation.InstrumentingClassLoader.instrumentClass(InstrumentingClassLoader.java:149)
	... 77 common frames omitted
[Progress:=>                            5%] [Cov:==========>                        31%][Progress:=>                            5%] [Cov:===========>                       32%]GWO iteration=2 bestFitness=1881.703256885103 population=50 a=1.96
========== GWO EVOLVE iteration=2 population=50 ==========
[MASTER] 12:34:52.614 [logback-1] WARN  ClientNodeImpl - Cannot send statistics to master; continuing without statistics
java.rmi.ServerException: RemoteException occurred in server thread; nested exception is: 
	java.rmi.UnmarshalException: error unmarshalling arguments; nested exception is: 
	java.lang.ClassNotFoundException: expect to get instruction without BasicBlock already set
	at java.rmi/sun.rmi.server.UnicastServerRef.dispatch(UnicastServerRef.java:391)
	at java.rmi/sun.rmi.transport.Transport$1.run(Transport.java:200)
	at java.rmi/sun.rmi.transport.Transport$1.run(Transport.java:197)
	at java.base/java.security.AccessController.doPrivileged(Native Method)
	at java.rmi/sun.rmi.transport.Transport.serviceCall(Transport.java:196)
	at java.rmi/sun.rmi.transport.tcp.TCPTransport.handleMessages(TCPTransport.java:562)
	at java.rmi/sun.rmi.transport.tcp.TCPTransport$ConnectionHandler.run0(TCPTransport.java:796)
	at java.rmi/sun.rmi.transport.tcp.TCPTransport$ConnectionHandler.lambda$run$0(TCPTransport.java:677)
	at java.base/java.security.AccessController.doPrivileged(Native Method)
	at java.rmi/sun.rmi.transport.tcp.TCPTransport$ConnectionHandler.run(TCPTransport.java:676)
	at java.base/java.util.concurrent.ThreadPoolExecutor.runWorker(ThreadPoolExecutor.java:1128)
	at java.base/java.util.concurrent.ThreadPoolExecutor$Worker.run(ThreadPoolExecutor.java:628)
	at java.base/java.lang.Thread.run(Thread.java:829)
	at java.rmi/sun.rmi.transport.StreamRemoteCall.exceptionReceivedFromServer(StreamRemoteCall.java:303)
	at java.rmi/sun.rmi.transport.StreamRemoteCall.executeCall(StreamRemoteCall.java:279)
	at java.rmi/sun.rmi.server.UnicastRef.invoke(UnicastRef.java:164)
	at java.rmi/java.rmi.server.RemoteObjectInvocationHandler.invokeRemoteMethod(RemoteObjectInvocationHandler.java:217)
	at java.rmi/java.rmi.server.RemoteObjectInvocationHandler.invoke(RemoteObjectInvocationHandler.java:162)
	at com.sun.proxy.$Proxy7.evosuite_collectStatistics(Unknown Source)
	at org.evosuite.rmi.service.ClientNodeImpl.updateStatistics(ClientNodeImpl.java:251)
	at org.evosuite.statistics.StatisticsSender.sendIndividualToMaster(StatisticsSender.java:62)
	at org.evosuite.statistics.StatisticsListener.lambda$new$0(StatisticsListener.java:76)
	at java.base/java.lang.Thread.run(Thread.java:829)
Caused by: java.rmi.UnmarshalException: error unmarshalling arguments; nested exception is: 
	java.lang.ClassNotFoundException: expect to get instruction without BasicBlock already set
	at java.rmi/sun.rmi.server.UnicastServerRef.dispatch(UnicastServerRef.java:350)
	at java.rmi/sun.rmi.transport.Transport$1.run(Transport.java:200)
	at java.rmi/sun.rmi.transport.Transport$1.run(Transport.java:197)
	at java.base/java.security.AccessController.doPrivileged(Native Method)
	at java.rmi/sun.rmi.transport.Transport.serviceCall(Transport.java:196)
	at java.rmi/sun.rmi.transport.tcp.TCPTransport.handleMessages(TCPTransport.java:562)
	at java.rmi/sun.rmi.transport.tcp.TCPTransport$ConnectionHandler.run0(TCPTransport.java:796)
	at java.rmi/sun.rmi.transport.tcp.TCPTransport$ConnectionHandler.lambda$run$0(TCPTransport.java:677)
	at java.base/java.security.AccessController.doPrivileged(Native Method)
	at java.rmi/sun.rmi.transport.tcp.TCPTransport$ConnectionHandler.run(TCPTransport.java:676)
	at java.base/java.util.concurrent.ThreadPoolExecutor.runWorker(ThreadPoolExecutor.java:1128)
	at java.base/java.util.concurrent.ThreadPoolExecutor$Worker.run(ThreadPoolExecutor.java:628)
	... 1 common frames omitted
Caused by: java.lang.ClassNotFoundException: expect to get instruction without BasicBlock already set
	at org.evosuite.instrumentation.InstrumentingClassLoader.instrumentClass(InstrumentingClassLoader.java:158)
	at org.evosuite.instrumentation.InstrumentingClassLoader.loadClass(InstrumentingClassLoader.java:126)
	at org.evosuite.utils.generic.GenericClassImpl.getClass(GenericClassImpl.java:139)
	at org.evosuite.utils.generic.GenericClassImpl.getClass(GenericClassImpl.java:105)
	at org.evosuite.utils.generic.GenericClassImpl.readObject(GenericClassImpl.java:1671)
	at jdk.internal.reflect.GeneratedMethodAccessor9.invoke(Unknown Source)
	at java.base/jdk.internal.reflect.DelegatingMethodAccessorImpl.invoke(DelegatingMethodAccessorImpl.java:43)
	at java.base/java.lang.reflect.Method.invoke(Method.java:566)
	at java.base/java.io.ObjectStreamClass.invokeReadObject(ObjectStreamClass.java:1046)
	at java.base/java.io.ObjectInputStream.readSerialData(ObjectInputStream.java:2357)
	at java.base/java.io.ObjectInputStream.readOrdinaryObject(ObjectInputStream.java:2228)
	at java.base/java.io.ObjectInputStream.readObject0(ObjectInputStream.java:1687)
	at java.base/java.io.ObjectInputStream.defaultReadFields(ObjectInputStream.java:2496)
	at java.base/java.io.ObjectInputStream.readSerialData(ObjectInputStream.java:2390)
	at java.base/java.io.ObjectInputStream.readOrdinaryObject(ObjectInputStream.java:2228)
	at java.base/java.io.ObjectInputStream.readObject0(ObjectInputStream.java:1687)
	at java.base/java.io.ObjectInputStream.defaultReadFields(ObjectInputStream.java:2496)
	at java.base/java.io.ObjectInputStream.readSerialData(ObjectInputStream.java:2390)
	at java.base/java.io.ObjectInputStream.readOrdinaryObject(ObjectInputStream.java:2228)
	at java.base/java.io.ObjectInputStream.readObject0(ObjectInputStream.java:1687)
	at java.base/java.io.ObjectInputStream.readObject(ObjectInputStream.java:489)
	at java.base/java.io.ObjectInputStream.readObject(ObjectInputStream.java:447)
	at java.base/java.util.ArrayList.readObject(ArrayList.java:929)
	at java.base/jdk.internal.reflect.GeneratedMethodAccessor7.invoke(Unknown Source)
	at java.base/jdk.internal.reflect.DelegatingMethodAccessorImpl.invoke(DelegatingMethodAccessorImpl.java:43)
	at java.base/java.lang.reflect.Method.invoke(Method.java:566)
	at java.base/java.io.ObjectStreamClass.invokeReadObject(ObjectStreamClass.java:1046)
	at java.base/java.io.ObjectInputStream.readSerialData(ObjectInputStream.java:2357)
	at java.base/java.io.ObjectInputStream.readOrdinaryObject(ObjectInputStream.java:2228)
	at java.base/java.io.ObjectInputStream.readObject0(ObjectInputStream.java:1687)
	at java.base/java.io.ObjectInputStream.defaultReadFields(ObjectInputStream.java:2496)
	at java.base/java.io.ObjectInputStream.readSerialData(ObjectInputStream.java:2390)
	at java.base/java.io.ObjectInputStream.readOrdinaryObject(ObjectInputStream.java:2228)
	at java.base/java.io.ObjectInputStream.readObject0(ObjectInputStream.java:1687)
	at java.base/java.io.ObjectInputStream.defaultReadFields(ObjectInputStream.java:2496)
	at java.base/java.io.ObjectInputStream.defaultReadObject(ObjectInputStream.java:625)
	at org.evosuite.testcase.DefaultTestCase.readObject(DefaultTestCase.java:1217)
	at jdk.internal.reflect.GeneratedMethodAccessor15.invoke(Unknown Source)
	at java.base/jdk.internal.reflect.DelegatingMethodAccessorImpl.invoke(DelegatingMethodAccessorImpl.java:43)
	at java.base/java.lang.reflect.Method.invoke(Method.java:566)
	at java.base/java.io.ObjectStreamClass.invokeReadObject(ObjectStreamClass.java:1046)
	at java.base/java.io.ObjectInputStream.readSerialData(ObjectInputStream.java:2357)
	at java.base/java.io.ObjectInputStream.readOrdinaryObject(ObjectInputStream.java:2228)
	at java.base/java.io.ObjectInputStream.readObject0(ObjectInputStream.java:1687)
	at java.base/java.io.ObjectInputStream.defaultReadFields(ObjectInputStream.java:2496)
	at java.base/java.io.ObjectInputStream.readSerialData(ObjectInputStream.java:2390)
	at java.base/java.io.ObjectInputStream.readOrdinaryObject(ObjectInputStream.java:2228)
	at java.base/java.io.ObjectInputStream.readObject0(ObjectInputStream.java:1687)
	at java.base/java.io.ObjectInputStream.readObject(ObjectInputStream.java:489)
	at java.base/java.io.ObjectInputStream.readObject(ObjectInputStream.java:447)
	at java.base/java.util.ArrayList.readObject(ArrayList.java:929)
	at java.base/jdk.internal.reflect.GeneratedMethodAccessor7.invoke(Unknown Source)
	at java.base/jdk.internal.reflect.DelegatingMethodAccessorImpl.invoke(DelegatingMethodAccessorImpl.java:43)
	at java.base/java.lang.reflect.Method.invoke(Method.java:566)
	at java.base/java.io.ObjectStreamClass.invokeReadObject(ObjectStreamClass.java:1046)
	at java.base/java.io.ObjectInputStream.readSerialData(ObjectInputStream.java:2357)
	at java.base/java.io.ObjectInputStream.readOrdinaryObject(ObjectInputStream.java:2228)
	at java.base/java.io.ObjectInputStream.readObject0(ObjectInputStream.java:1687)
	at java.base/java.io.ObjectInputStream.defaultReadFields(ObjectInputStream.java:2496)
	at java.base/java.io.ObjectInputStream.readSerialData(ObjectInputStream.java:2390)
	at java.base/java.io.ObjectInputStream.readOrdinaryObject(ObjectInputStream.java:2228)
	at java.base/java.io.ObjectInputStream.readObject0(ObjectInputStream.java:1687)
	at java.base/java.io.ObjectInputStream.readObject(ObjectInputStream.java:489)
	at java.base/java.io.ObjectInputStream.readObject(ObjectInputStream.java:447)
	at java.rmi/sun.rmi.server.UnicastRef.unmarshalValue(UnicastRef.java:327)
	at java.rmi/sun.rmi.server.UnicastServerRef.dispatch(UnicastServerRef.java:339)
	... 12 common frames omitted
Caused by: java.lang.IllegalArgumentException: expect to get instruction without BasicBlock already set
	at org.evosuite.graphs.cfg.BasicBlock.appendInstruction(BasicBlock.java:225)
	at org.evosuite.graphs.cfg.BasicBlock.setInstructions(BasicBlock.java:206)
	at org.evosuite.graphs.cfg.BasicBlock.<init>(BasicBlock.java:106)
	at org.evosuite.graphs.cfg.RawControlFlowGraph.determineBasicBlockFor(RawControlFlowGraph.java:314)
	at org.evosuite.graphs.cfg.ActualControlFlowGraph.computeNodes(ActualControlFlowGraph.java:295)
	at org.evosuite.graphs.cfg.ActualControlFlowGraph.computeGraph(ActualControlFlowGraph.java:262)
	at org.evosuite.graphs.cfg.ActualControlFlowGraph.<init>(ActualControlFlowGraph.java:97)
	at org.evosuite.graphs.cfg.CFGGenerator.computeActualCFG(CFGGenerator.java:218)
	at org.evosuite.graphs.cfg.CFGGenerator.registerCFGs(CFGGenerator.java:102)
	at org.evosuite.graphs.cfg.CFGMethodAdapter.visitEnd(CFGMethodAdapter.java:219)
	at org.evosuite.shaded.org.objectweb.asm.MethodVisitor.visitEnd(MethodVisitor.java:783)
	at org.evosuite.shaded.org.objectweb.asm.MethodVisitor.visitEnd(MethodVisitor.java:783)
	at org.evosuite.shaded.org.objectweb.asm.MethodVisitor.visitEnd(MethodVisitor.java:783)
	at org.evosuite.shaded.org.objectweb.asm.tree.MethodNode.accept(MethodNode.java:772)
	at org.evosuite.shaded.org.objectweb.asm.tree.MethodNode.accept(MethodNode.java:649)
	at org.evosuite.shaded.org.objectweb.asm.tree.ClassNode.accept(ClassNode.java:452)
	at org.evosuite.instrumentation.BytecodeInstrumentation.transformBytes(BytecodeInstrumentation.java:282)
	at org.evosuite.instrumentation.InstrumentingClassLoader.getTransformedBytes(InstrumentingClassLoader.java:135)
	at org.evosuite.instrumentation.InstrumentingClassLoader.instrumentClass(InstrumentingClassLoader.java:149)
	... 77 common frames omitted
[Progress:=>                            5%] [Cov:===========>                       33%][Progress:=>                            5%] [Cov:===========>                       34%][Progress:=>                            5%] [Cov:============>                      36%][Progress:=>                            5%] [Cov:============>                      37%][MASTER] 12:34:53.293 [logback-1] WARN  ClientNodeImpl - Cannot send statistics to master; continuing without statistics
java.rmi.ServerException: RemoteException occurred in server thread; nested exception is: 
	java.rmi.UnmarshalException: error unmarshalling arguments; nested exception is: 
	java.lang.ClassNotFoundException: expect to get instruction without BasicBlock already set
	at java.rmi/sun.rmi.server.UnicastServerRef.dispatch(UnicastServerRef.java:391)
	at java.rmi/sun.rmi.transport.Transport$1.run(Transport.java:200)
	at java.rmi/sun.rmi.transport.Transport$1.run(Transport.java:197)
	at java.base/java.security.AccessController.doPrivileged(Native Method)
	at java.rmi/sun.rmi.transport.Transport.serviceCall(Transport.java:196)
	at java.rmi/sun.rmi.transport.tcp.TCPTransport.handleMessages(TCPTransport.java:562)
	at java.rmi/sun.rmi.transport.tcp.TCPTransport$ConnectionHandler.run0(TCPTransport.java:796)
	at java.rmi/sun.rmi.transport.tcp.TCPTransport$ConnectionHandler.lambda$run$0(TCPTransport.java:677)
	at java.base/java.security.AccessController.doPrivileged(Native Method)
	at java.rmi/sun.rmi.transport.tcp.TCPTransport$ConnectionHandler.run(TCPTransport.java:676)
	at java.base/java.util.concurrent.ThreadPoolExecutor.runWorker(ThreadPoolExecutor.java:1128)
	at java.base/java.util.concurrent.ThreadPoolExecutor$Worker.run(ThreadPoolExecutor.java:628)
	at java.base/java.lang.Thread.run(Thread.java:829)
	at java.rmi/sun.rmi.transport.StreamRemoteCall.exceptionReceivedFromServer(StreamRemoteCall.java:303)
	at java.rmi/sun.rmi.transport.StreamRemoteCall.executeCall(StreamRemoteCall.java:279)
	at java.rmi/sun.rmi.server.UnicastRef.invoke(UnicastRef.java:164)
	at java.rmi/java.rmi.server.RemoteObjectInvocationHandler.invokeRemoteMethod(RemoteObjectInvocationHandler.java:217)
	at java.rmi/java.rmi.server.RemoteObjectInvocationHandler.invoke(RemoteObjectInvocationHandler.java:162)
	at com.sun.proxy.$Proxy7.evosuite_collectStatistics(Unknown Source)
	at org.evosuite.rmi.service.ClientNodeImpl.updateStatistics(ClientNodeImpl.java:251)
	at org.evosuite.statistics.StatisticsSender.sendIndividualToMaster(StatisticsSender.java:62)
	at org.evosuite.statistics.StatisticsListener.lambda$new$0(StatisticsListener.java:76)
	at java.base/java.lang.Thread.run(Thread.java:829)
Caused by: java.rmi.UnmarshalException: error unmarshalling arguments; nested exception is: 
	java.lang.ClassNotFoundException: expect to get instruction without BasicBlock already set
	at java.rmi/sun.rmi.server.UnicastServerRef.dispatch(UnicastServerRef.java:350)
	at java.rmi/sun.rmi.transport.Transport$1.run(Transport.java:200)
	at java.rmi/sun.rmi.transport.Transport$1.run(Transport.java:197)
	at java.base/java.security.AccessController.doPrivileged(Native Method)
	at java.rmi/sun.rmi.transport.Transport.serviceCall(Transport.java:196)
	at java.rmi/sun.rmi.transport.tcp.TCPTransport.handleMessages(TCPTransport.java:562)
	at java.rmi/sun.rmi.transport.tcp.TCPTransport$ConnectionHandler.run0(TCPTransport.java:796)
	at java.rmi/sun.rmi.transport.tcp.TCPTransport$ConnectionHandler.lambda$run$0(TCPTransport.java:677)
	at java.base/java.security.AccessController.doPrivileged(Native Method)
	at java.rmi/sun.rmi.transport.tcp.TCPTransport$ConnectionHandler.run(TCPTransport.java:676)
	at java.base/java.util.concurrent.ThreadPoolExecutor.runWorker(ThreadPoolExecutor.java:1128)
	at java.base/java.util.concurrent.ThreadPoolExecutor$Worker.run(ThreadPoolExecutor.java:628)
	... 1 common frames omitted
Caused by: java.lang.ClassNotFoundException: expect to get instruction without BasicBlock already set
	at org.evosuite.instrumentation.InstrumentingClassLoader.instrumentClass(InstrumentingClassLoader.java:158)
	at org.evosuite.instrumentation.InstrumentingClassLoader.loadClass(InstrumentingClassLoader.java:126)
	at org.evosuite.utils.generic.GenericClassImpl.getClass(GenericClassImpl.java:139)
	at org.evosuite.utils.generic.GenericClassImpl.getClass(GenericClassImpl.java:105)
	at org.evosuite.utils.generic.GenericClassImpl.readObject(GenericClassImpl.java:1671)
	at jdk.internal.reflect.GeneratedMethodAccessor9.invoke(Unknown Source)
	at java.base/jdk.internal.reflect.DelegatingMethodAccessorImpl.invoke(DelegatingMethodAccessorImpl.java:43)
	at java.base/java.lang.reflect.Method.invoke(Method.java:566)
	at java.base/java.io.ObjectStreamClass.invokeReadObject(ObjectStreamClass.java:1046)
	at java.base/java.io.ObjectInputStream.readSerialData(ObjectInputStream.java:2357)
	at java.base/java.io.ObjectInputStream.readOrdinaryObject(ObjectInputStream.java:2228)
	at java.base/java.io.ObjectInputStream.readObject0(ObjectInputStream.java:1687)
	at java.base/java.io.ObjectInputStream.defaultReadFields(ObjectInputStream.java:2496)
	at java.base/java.io.ObjectInputStream.readSerialData(ObjectInputStream.java:2390)
	at java.base/java.io.ObjectInputStream.readOrdinaryObject(ObjectInputStream.java:2228)
	at java.base/java.io.ObjectInputStream.readObject0(ObjectInputStream.java:1687)
	at java.base/java.io.ObjectInputStream.defaultReadFields(ObjectInputStream.java:2496)
	at java.base/java.io.ObjectInputStream.readSerialData(ObjectInputStream.java:2390)
	at java.base/java.io.ObjectInputStream.readOrdinaryObject(ObjectInputStream.java:2228)
	at java.base/java.io.ObjectInputStream.readObject0(ObjectInputStream.java:1687)
	at java.base/java.io.ObjectInputStream.readObject(ObjectInputStream.java:489)
	at java.base/java.io.ObjectInputStream.readObject(ObjectInputStream.java:447)
	at java.base/java.util.ArrayList.readObject(ArrayList.java:929)
	at java.base/jdk.internal.reflect.GeneratedMethodAccessor7.invoke(Unknown Source)
	at java.base/jdk.internal.reflect.DelegatingMethodAccessorImpl.invoke(DelegatingMethodAccessorImpl.java:43)
	at java.base/java.lang.reflect.Method.invoke(Method.java:566)
	at java.base/java.io.ObjectStreamClass.invokeReadObject(ObjectStreamClass.java:1046)
	at java.base/java.io.ObjectInputStream.readSerialData(ObjectInputStream.java:2357)
	at java.base/java.io.ObjectInputStream.readOrdinaryObject(ObjectInputStream.java:2228)
	at java.base/java.io.ObjectInputStream.readObject0(ObjectInputStream.java:1687)
	at java.base/java.io.ObjectInputStream.defaultReadFields(ObjectInputStream.java:2496)
	at java.base/java.io.ObjectInputStream.readSerialData(ObjectInputStream.java:2390)
	at java.base/java.io.ObjectInputStream.readOrdinaryObject(ObjectInputStream.java:2228)
	at java.base/java.io.ObjectInputStream.readObject0(ObjectInputStream.java:1687)
	at java.base/java.io.ObjectInputStream.defaultReadFields(ObjectInputStream.java:2496)
	at java.base/java.io.ObjectInputStream.defaultReadObject(ObjectInputStream.java:625)
	at org.evosuite.testcase.DefaultTestCase.readObject(DefaultTestCase.java:1217)
	at jdk.internal.reflect.GeneratedMethodAccessor15.invoke(Unknown Source)
	at java.base/jdk.internal.reflect.DelegatingMethodAccessorImpl.invoke(DelegatingMethodAccessorImpl.java:43)
	at java.base/java.lang.reflect.Method.invoke(Method.java:566)
	at java.base/java.io.ObjectStreamClass.invokeReadObject(ObjectStreamClass.java:1046)
	at java.base/java.io.ObjectInputStream.readSerialData(ObjectInputStream.java:2357)
	at java.base/java.io.ObjectInputStream.readOrdinaryObject(ObjectInputStream.java:2228)
	at java.base/java.io.ObjectInputStream.readObject0(ObjectInputStream.java:1687)
	at java.base/java.io.ObjectInputStream.defaultReadFields(ObjectInputStream.java:2496)
	at java.base/java.io.ObjectInputStream.readSerialData(ObjectInputStream.java:2390)
	at java.base/java.io.ObjectInputStream.readOrdinaryObject(ObjectInputStream.java:2228)
	at java.base/java.io.ObjectInputStream.readObject0(ObjectInputStream.java:1687)
	at java.base/java.io.ObjectInputStream.readObject(ObjectInputStream.java:489)
	at java.base/java.io.ObjectInputStream.readObject(ObjectInputStream.java:447)
	at java.base/java.util.ArrayList.readObject(ArrayList.java:929)
	at java.base/jdk.internal.reflect.GeneratedMethodAccessor7.invoke(Unknown Source)
	at java.base/jdk.internal.reflect.DelegatingMethodAccessorImpl.invoke(DelegatingMethodAccessorImpl.java:43)
	at java.base/java.lang.reflect.Method.invoke(Method.java:566)
	at java.base/java.io.ObjectStreamClass.invokeReadObject(ObjectStreamClass.java:1046)
	at java.base/java.io.ObjectInputStream.readSerialData(ObjectInputStream.java:2357)
	at java.base/java.io.ObjectInputStream.readOrdinaryObject(ObjectInputStream.java:2228)
	at java.base/java.io.ObjectInputStream.readObject0(ObjectInputStream.java:1687)
	at java.base/java.io.ObjectInputStream.defaultReadFields(ObjectInputStream.java:2496)
	at java.base/java.io.ObjectInputStream.readSerialData(ObjectInputStream.java:2390)
	at java.base/java.io.ObjectInputStream.readOrdinaryObject(ObjectInputStream.java:2228)
	at java.base/java.io.ObjectInputStream.readObject0(ObjectInputStream.java:1687)
	at java.base/java.io.ObjectInputStream.readObject(ObjectInputStream.java:489)
	at java.base/java.io.ObjectInputStream.readObject(ObjectInputStream.java:447)
	at java.rmi/sun.rmi.server.UnicastRef.unmarshalValue(UnicastRef.java:327)
	at java.rmi/sun.rmi.server.UnicastServerRef.dispatch(UnicastServerRef.java:339)
	... 12 common frames omitted
Caused by: java.lang.IllegalArgumentException: expect to get instruction without BasicBlock already set
	at org.evosuite.graphs.cfg.BasicBlock.appendInstruction(BasicBlock.java:225)
	at org.evosuite.graphs.cfg.BasicBlock.setInstructions(BasicBlock.java:206)
	at org.evosuite.graphs.cfg.BasicBlock.<init>(BasicBlock.java:106)
	at org.evosuite.graphs.cfg.RawControlFlowGraph.determineBasicBlockFor(RawControlFlowGraph.java:314)
	at org.evosuite.graphs.cfg.ActualControlFlowGraph.computeNodes(ActualControlFlowGraph.java:295)
	at org.evosuite.graphs.cfg.ActualControlFlowGraph.computeGraph(ActualControlFlowGraph.java:262)
	at org.evosuite.graphs.cfg.ActualControlFlowGraph.<init>(ActualControlFlowGraph.java:97)
	at org.evosuite.graphs.cfg.CFGGenerator.computeActualCFG(CFGGenerator.java:218)
	at org.evosuite.graphs.cfg.CFGGenerator.registerCFGs(CFGGenerator.java:102)
	at org.evosuite.graphs.cfg.CFGMethodAdapter.visitEnd(CFGMethodAdapter.java:219)
	at org.evosuite.shaded.org.objectweb.asm.MethodVisitor.visitEnd(MethodVisitor.java:783)
	at org.evosuite.shaded.org.objectweb.asm.MethodVisitor.visitEnd(MethodVisitor.java:783)
	at org.evosuite.shaded.org.objectweb.asm.MethodVisitor.visitEnd(MethodVisitor.java:783)
	at org.evosuite.shaded.org.objectweb.asm.tree.MethodNode.accept(MethodNode.java:772)
	at org.evosuite.shaded.org.objectweb.asm.tree.MethodNode.accept(MethodNode.java:649)
	at org.evosuite.shaded.org.objectweb.asm.tree.ClassNode.accept(ClassNode.java:452)
	at org.evosuite.instrumentation.BytecodeInstrumentation.transformBytes(BytecodeInstrumentation.java:282)
	at org.evosuite.instrumentation.InstrumentingClassLoader.getTransformedBytes(InstrumentingClassLoader.java:135)
	at org.evosuite.instrumentation.InstrumentingClassLoader.instrumentClass(InstrumentingClassLoader.java:149)
	... 77 common frames omitted
[Progress:=>                            5%] [Cov:============>                      37%]GWO iteration=3 bestFitness=1828.1839270410962 population=50 a=1.94
========== GWO EVOLVE iteration=3 population=50 ==========
[Progress:=>                            6%] [Cov:===========>                       32%][Progress:=>                            6%] [Cov:============>                      37%][MASTER] 12:34:53.987 [logback-1] WARN  ClientNodeImpl - Cannot send statistics to master; continuing without statistics
java.rmi.ServerException: RemoteException occurred in server thread; nested exception is: 
	java.rmi.UnmarshalException: error unmarshalling arguments; nested exception is: 
	java.lang.ClassNotFoundException: expect to get instruction without BasicBlock already set
	at java.rmi/sun.rmi.server.UnicastServerRef.dispatch(UnicastServerRef.java:391)
	at java.rmi/sun.rmi.transport.Transport$1.run(Transport.java:200)
	at java.rmi/sun.rmi.transport.Transport$1.run(Transport.java:197)
	at java.base/java.security.AccessController.doPrivileged(Native Method)
	at java.rmi/sun.rmi.transport.Transport.serviceCall(Transport.java:196)
	at java.rmi/sun.rmi.transport.tcp.TCPTransport.handleMessages(TCPTransport.java:562)
	at java.rmi/sun.rmi.transport.tcp.TCPTransport$ConnectionHandler.run0(TCPTransport.java:796)
	at java.rmi/sun.rmi.transport.tcp.TCPTransport$ConnectionHandler.lambda$run$0(TCPTransport.java:677)
	at java.base/java.security.AccessController.doPrivileged(Native Method)
	at java.rmi/sun.rmi.transport.tcp.TCPTransport$ConnectionHandler.run(TCPTransport.java:676)
	at java.base/java.util.concurrent.ThreadPoolExecutor.runWorker(ThreadPoolExecutor.java:1128)
	at java.base/java.util.concurrent.ThreadPoolExecutor$Worker.run(ThreadPoolExecutor.java:628)
	at java.base/java.lang.Thread.run(Thread.java:829)
	at java.rmi/sun.rmi.transport.StreamRemoteCall.exceptionReceivedFromServer(StreamRemoteCall.java:303)
	at java.rmi/sun.rmi.transport.StreamRemoteCall.executeCall(StreamRemoteCall.java:279)
	at java.rmi/sun.rmi.server.UnicastRef.invoke(UnicastRef.java:164)
	at java.rmi/java.rmi.server.RemoteObjectInvocationHandler.invokeRemoteMethod(RemoteObjectInvocationHandler.java:217)
	at java.rmi/java.rmi.server.RemoteObjectInvocationHandler.invoke(RemoteObjectInvocationHandler.java:162)
	at com.sun.proxy.$Proxy7.evosuite_collectStatistics(Unknown Source)
	at org.evosuite.rmi.service.ClientNodeImpl.updateStatistics(ClientNodeImpl.java:251)
	at org.evosuite.statistics.StatisticsSender.sendIndividualToMaster(StatisticsSender.java:62)
	at org.evosuite.statistics.StatisticsListener.lambda$new$0(StatisticsListener.java:76)
	at java.base/java.lang.Thread.run(Thread.java:829)
Caused by: java.rmi.UnmarshalException: error unmarshalling arguments; nested exception is: 
	java.lang.ClassNotFoundException: expect to get instruction without BasicBlock already set
	at java.rmi/sun.rmi.server.UnicastServerRef.dispatch(UnicastServerRef.java:350)
	at java.rmi/sun.rmi.transport.Transport$1.run(Transport.java:200)
	at java.rmi/sun.rmi.transport.Transport$1.run(Transport.java:197)
	at java.base/java.security.AccessController.doPrivileged(Native Method)
	at java.rmi/sun.rmi.transport.Transport.serviceCall(Transport.java:196)
	at java.rmi/sun.rmi.transport.tcp.TCPTransport.handleMessages(TCPTransport.java:562)
	at java.rmi/sun.rmi.transport.tcp.TCPTransport$ConnectionHandler.run0(TCPTransport.java:796)
	at java.rmi/sun.rmi.transport.tcp.TCPTransport$ConnectionHandler.lambda$run$0(TCPTransport.java:677)
	at java.base/java.security.AccessController.doPrivileged(Native Method)
	at java.rmi/sun.rmi.transport.tcp.TCPTransport$ConnectionHandler.run(TCPTransport.java:676)
	at java.base/java.util.concurrent.ThreadPoolExecutor.runWorker(ThreadPoolExecutor.java:1128)
	at java.base/java.util.concurrent.ThreadPoolExecutor$Worker.run(ThreadPoolExecutor.java:628)
	... 1 common frames omitted
Caused by: java.lang.ClassNotFoundException: expect to get instruction without BasicBlock already set
	at org.evosuite.instrumentation.InstrumentingClassLoader.instrumentClass(InstrumentingClassLoader.java:158)
	at org.evosuite.instrumentation.InstrumentingClassLoader.loadClass(InstrumentingClassLoader.java:126)
	at org.evosuite.utils.generic.GenericClassImpl.getClass(GenericClassImpl.java:139)
	at org.evosuite.utils.generic.GenericClassImpl.getClass(GenericClassImpl.java:105)
	at org.evosuite.utils.generic.GenericClassImpl.readObject(GenericClassImpl.java:1671)
	at jdk.internal.reflect.GeneratedMethodAccessor9.invoke(Unknown Source)
	at java.base/jdk.internal.reflect.DelegatingMethodAccessorImpl.invoke(DelegatingMethodAccessorImpl.java:43)
	at java.base/java.lang.reflect.Method.invoke(Method.java:566)
	at java.base/java.io.ObjectStreamClass.invokeReadObject(ObjectStreamClass.java:1046)
	at java.base/java.io.ObjectInputStream.readSerialData(ObjectInputStream.java:2357)
	at java.base/java.io.ObjectInputStream.readOrdinaryObject(ObjectInputStream.java:2228)
	at java.base/java.io.ObjectInputStream.readObject0(ObjectInputStream.java:1687)
	at java.base/java.io.ObjectInputStream.defaultReadFields(ObjectInputStream.java:2496)
	at java.base/java.io.ObjectInputStream.readSerialData(ObjectInputStream.java:2390)
	at java.base/java.io.ObjectInputStream.readOrdinaryObject(ObjectInputStream.java:2228)
	at java.base/java.io.ObjectInputStream.readObject0(ObjectInputStream.java:1687)
	at java.base/java.io.ObjectInputStream.defaultReadFields(ObjectInputStream.java:2496)
	at java.base/java.io.ObjectInputStream.readSerialData(ObjectInputStream.java:2390)
	at java.base/java.io.ObjectInputStream.readOrdinaryObject(ObjectInputStream.java:2228)
	at java.base/java.io.ObjectInputStream.readObject0(ObjectInputStream.java:1687)
	at java.base/java.io.ObjectInputStream.readObject(ObjectInputStream.java:489)
	at java.base/java.io.ObjectInputStream.readObject(ObjectInputStream.java:447)
	at java.base/java.util.ArrayList.readObject(ArrayList.java:929)
	at java.base/jdk.internal.reflect.GeneratedMethodAccessor7.invoke(Unknown Source)
	at java.base/jdk.internal.reflect.DelegatingMethodAccessorImpl.invoke(DelegatingMethodAccessorImpl.java:43)
	at java.base/java.lang.reflect.Method.invoke(Method.java:566)
	at java.base/java.io.ObjectStreamClass.invokeReadObject(ObjectStreamClass.java:1046)
	at java.base/java.io.ObjectInputStream.readSerialData(ObjectInputStream.java:2357)
	at java.base/java.io.ObjectInputStream.readOrdinaryObject(ObjectInputStream.java:2228)
	at java.base/java.io.ObjectInputStream.readObject0(ObjectInputStream.java:1687)
	at java.base/java.io.ObjectInputStream.defaultReadFields(ObjectInputStream.java:2496)
	at java.base/java.io.ObjectInputStream.readSerialData(ObjectInputStream.java:2390)
	at java.base/java.io.ObjectInputStream.readOrdinaryObject(ObjectInputStream.java:2228)
	at java.base/java.io.ObjectInputStream.readObject0(ObjectInputStream.java:1687)
	at java.base/java.io.ObjectInputStream.defaultReadFields(ObjectInputStream.java:2496)
	at java.base/java.io.ObjectInputStream.defaultReadObject(ObjectInputStream.java:625)
	at org.evosuite.testcase.DefaultTestCase.readObject(DefaultTestCase.java:1217)
	at jdk.internal.reflect.GeneratedMethodAccessor15.invoke(Unknown Source)
	at java.base/jdk.internal.reflect.DelegatingMethodAccessorImpl.invoke(DelegatingMethodAccessorImpl.java:43)
	at java.base/java.lang.reflect.Method.invoke(Method.java:566)
	at java.base/java.io.ObjectStreamClass.invokeReadObject(ObjectStreamClass.java:1046)
	at java.base/java.io.ObjectInputStream.readSerialData(ObjectInputStream.java:2357)
	at java.base/java.io.ObjectInputStream.readOrdinaryObject(ObjectInputStream.java:2228)
	at java.base/java.io.ObjectInputStream.readObject0(ObjectInputStream.java:1687)
	at java.base/java.io.ObjectInputStream.defaultReadFields(ObjectInputStream.java:2496)
	at java.base/java.io.ObjectInputStream.readSerialData(ObjectInputStream.java:2390)
	at java.base/java.io.ObjectInputStream.readOrdinaryObject(ObjectInputStream.java:2228)
	at java.base/java.io.ObjectInputStream.readObject0(ObjectInputStream.java:1687)
	at java.base/java.io.ObjectInputStream.readObject(ObjectInputStream.java:489)
	at java.base/java.io.ObjectInputStream.readObject(ObjectInputStream.java:447)
	at java.base/java.util.ArrayList.readObject(ArrayList.java:929)
	at java.base/jdk.internal.reflect.GeneratedMethodAccessor7.invoke(Unknown Source)
	at java.base/jdk.internal.reflect.DelegatingMethodAccessorImpl.invoke(DelegatingMethodAccessorImpl.java:43)
	at java.base/java.lang.reflect.Method.invoke(Method.java:566)
	at java.base/java.io.ObjectStreamClass.invokeReadObject(ObjectStreamClass.java:1046)
	at java.base/java.io.ObjectInputStream.readSerialData(ObjectInputStream.java:2357)
	at java.base/java.io.ObjectInputStream.readOrdinaryObject(ObjectInputStream.java:2228)
	at java.base/java.io.ObjectInputStream.readObject0(ObjectInputStream.java:1687)
	at java.base/java.io.ObjectInputStream.defaultReadFields(ObjectInputStream.java:2496)
	at java.base/java.io.ObjectInputStream.readSerialData(ObjectInputStream.java:2390)
	at java.base/java.io.ObjectInputStream.readOrdinaryObject(ObjectInputStream.java:2228)
	at java.base/java.io.ObjectInputStream.readObject0(ObjectInputStream.java:1687)
	at java.base/java.io.ObjectInputStream.readObject(ObjectInputStream.java:489)
	at java.base/java.io.ObjectInputStream.readObject(ObjectInputStream.java:447)
	at java.rmi/sun.rmi.server.UnicastRef.unmarshalValue(UnicastRef.java:327)
	at java.rmi/sun.rmi.server.UnicastServerRef.dispatch(UnicastServerRef.java:339)
	... 12 common frames omitted
Caused by: java.lang.IllegalArgumentException: expect to get instruction without BasicBlock already set
	at org.evosuite.graphs.cfg.BasicBlock.appendInstruction(BasicBlock.java:225)
	at org.evosuite.graphs.cfg.BasicBlock.setInstructions(BasicBlock.java:206)
	at org.evosuite.graphs.cfg.BasicBlock.<init>(BasicBlock.java:106)
	at org.evosuite.graphs.cfg.RawControlFlowGraph.determineBasicBlockFor(RawControlFlowGraph.java:314)
	at org.evosuite.graphs.cfg.ActualControlFlowGraph.computeNodes(ActualControlFlowGraph.java:295)
	at org.evosuite.graphs.cfg.ActualControlFlowGraph.computeGraph(ActualControlFlowGraph.java:262)
	at org.evosuite.graphs.cfg.ActualControlFlowGraph.<init>(ActualControlFlowGraph.java:97)
	at org.evosuite.graphs.cfg.CFGGenerator.computeActualCFG(CFGGenerator.java:218)
	at org.evosuite.graphs.cfg.CFGGenerator.registerCFGs(CFGGenerator.java:102)
	at org.evosuite.graphs.cfg.CFGMethodAdapter.visitEnd(CFGMethodAdapter.java:219)
	at org.evosuite.shaded.org.objectweb.asm.MethodVisitor.visitEnd(MethodVisitor.java:783)
	at org.evosuite.shaded.org.objectweb.asm.MethodVisitor.visitEnd(MethodVisitor.java:783)
	at org.evosuite.shaded.org.objectweb.asm.MethodVisitor.visitEnd(MethodVisitor.java:783)
	at org.evosuite.shaded.org.objectweb.asm.tree.MethodNode.accept(MethodNode.java:772)
	at org.evosuite.shaded.org.objectweb.asm.tree.MethodNode.accept(MethodNode.java:649)
	at org.evosuite.shaded.org.objectweb.asm.tree.ClassNode.accept(ClassNode.java:452)
	at org.evosuite.instrumentation.BytecodeInstrumentation.transformBytes(BytecodeInstrumentation.java:282)
	at org.evosuite.instrumentation.InstrumentingClassLoader.getTransformedBytes(InstrumentingClassLoader.java:135)
	at org.evosuite.instrumentation.InstrumentingClassLoader.instrumentClass(InstrumentingClassLoader.java:149)
	... 77 common frames omitted
[Progress:=>                            6%] [Cov:=============>                     38%][Progress:=>                            6%] [Cov:=============>                     38%]GWO iteration=4 bestFitness=1760.7222724754686 population=50 a=1.92
========== GWO EVOLVE iteration=4 population=50 ==========
[MASTER] 12:34:54.579 [logback-1] WARN  ClientNodeImpl - Cannot send statistics to master; continuing without statistics
java.rmi.ServerException: RemoteException occurred in server thread; nested exception is: 
	java.rmi.UnmarshalException: error unmarshalling arguments; nested exception is: 
	java.lang.ClassNotFoundException: expect to get instruction without BasicBlock already set
	at java.rmi/sun.rmi.server.UnicastServerRef.dispatch(UnicastServerRef.java:391)
	at java.rmi/sun.rmi.transport.Transport$1.run(Transport.java:200)
	at java.rmi/sun.rmi.transport.Transport$1.run(Transport.java:197)
	at java.base/java.security.AccessController.doPrivileged(Native Method)
	at java.rmi/sun.rmi.transport.Transport.serviceCall(Transport.java:196)
	at java.rmi/sun.rmi.transport.tcp.TCPTransport.handleMessages(TCPTransport.java:562)
	at java.rmi/sun.rmi.transport.tcp.TCPTransport$ConnectionHandler.run0(TCPTransport.java:796)
	at java.rmi/sun.rmi.transport.tcp.TCPTransport$ConnectionHandler.lambda$run$0(TCPTransport.java:677)
	at java.base/java.security.AccessController.doPrivileged(Native Method)
	at java.rmi/sun.rmi.transport.tcp.TCPTransport$ConnectionHandler.run(TCPTransport.java:676)
	at java.base/java.util.concurrent.ThreadPoolExecutor.runWorker(ThreadPoolExecutor.java:1128)
	at java.base/java.util.concurrent.ThreadPoolExecutor$Worker.run(ThreadPoolExecutor.java:628)
	at java.base/java.lang.Thread.run(Thread.java:829)
	at java.rmi/sun.rmi.transport.StreamRemoteCall.exceptionReceivedFromServer(StreamRemoteCall.java:303)
	at java.rmi/sun.rmi.transport.StreamRemoteCall.executeCall(StreamRemoteCall.java:279)
	at java.rmi/sun.rmi.server.UnicastRef.invoke(UnicastRef.java:164)
	at java.rmi/java.rmi.server.RemoteObjectInvocationHandler.invokeRemoteMethod(RemoteObjectInvocationHandler.java:217)
	at java.rmi/java.rmi.server.RemoteObjectInvocationHandler.invoke(RemoteObjectInvocationHandler.java:162)
	at com.sun.proxy.$Proxy7.evosuite_collectStatistics(Unknown Source)
	at org.evosuite.rmi.service.ClientNodeImpl.updateStatistics(ClientNodeImpl.java:251)
	at org.evosuite.statistics.StatisticsSender.sendIndividualToMaster(StatisticsSender.java:62)
	at org.evosuite.statistics.StatisticsListener.lambda$new$0(StatisticsListener.java:76)
	at java.base/java.lang.Thread.run(Thread.java:829)
Caused by: java.rmi.UnmarshalException: error unmarshalling arguments; nested exception is: 
	java.lang.ClassNotFoundException: expect to get instruction without BasicBlock already set
	at java.rmi/sun.rmi.server.UnicastServerRef.dispatch(UnicastServerRef.java:350)
	at java.rmi/sun.rmi.transport.Transport$1.run(Transport.java:200)
	at java.rmi/sun.rmi.transport.Transport$1.run(Transport.java:197)
	at java.base/java.security.AccessController.doPrivileged(Native Method)
	at java.rmi/sun.rmi.transport.Transport.serviceCall(Transport.java:196)
	at java.rmi/sun.rmi.transport.tcp.TCPTransport.handleMessages(TCPTransport.java:562)
	at java.rmi/sun.rmi.transport.tcp.TCPTransport$ConnectionHandler.run0(TCPTransport.java:796)
	at java.rmi/sun.rmi.transport.tcp.TCPTransport$ConnectionHandler.lambda$run$0(TCPTransport.java:677)
	at java.base/java.security.AccessController.doPrivileged(Native Method)
	at java.rmi/sun.rmi.transport.tcp.TCPTransport$ConnectionHandler.run(TCPTransport.java:676)
	at java.base/java.util.concurrent.ThreadPoolExecutor.runWorker(ThreadPoolExecutor.java:1128)
	at java.base/java.util.concurrent.ThreadPoolExecutor$Worker.run(ThreadPoolExecutor.java:628)
	... 1 common frames omitted
Caused by: java.lang.ClassNotFoundException: expect to get instruction without BasicBlock already set
	at org.evosuite.instrumentation.InstrumentingClassLoader.instrumentClass(InstrumentingClassLoader.java:158)
	at org.evosuite.instrumentation.InstrumentingClassLoader.loadClass(InstrumentingClassLoader.java:126)
	at org.evosuite.utils.generic.GenericClassImpl.getClass(GenericClassImpl.java:139)
	at org.evosuite.utils.generic.GenericClassImpl.getClass(GenericClassImpl.java:105)
	at org.evosuite.utils.generic.GenericClassImpl.readObject(GenericClassImpl.java:1671)
	at jdk.internal.reflect.GeneratedMethodAccessor9.invoke(Unknown Source)
	at java.base/jdk.internal.reflect.DelegatingMethodAccessorImpl.invoke(DelegatingMethodAccessorImpl.java:43)
	at java.base/java.lang.reflect.Method.invoke(Method.java:566)
	at java.base/java.io.ObjectStreamClass.invokeReadObject(ObjectStreamClass.java:1046)
	at java.base/java.io.ObjectInputStream.readSerialData(ObjectInputStream.java:2357)
	at java.base/java.io.ObjectInputStream.readOrdinaryObject(ObjectInputStream.java:2228)
	at java.base/java.io.ObjectInputStream.readObject0(ObjectInputStream.java:1687)
	at java.base/java.io.ObjectInputStream.defaultReadFields(ObjectInputStream.java:2496)
	at java.base/java.io.ObjectInputStream.readSerialData(ObjectInputStream.java:2390)
	at java.base/java.io.ObjectInputStream.readOrdinaryObject(ObjectInputStream.java:2228)
	at java.base/java.io.ObjectInputStream.readObject0(ObjectInputStream.java:1687)
	at java.base/java.io.ObjectInputStream.defaultReadFields(ObjectInputStream.java:2496)
	at java.base/java.io.ObjectInputStream.readSerialData(ObjectInputStream.java:2390)
	at java.base/java.io.ObjectInputStream.readOrdinaryObject(ObjectInputStream.java:2228)
	at java.base/java.io.ObjectInputStream.readObject0(ObjectInputStream.java:1687)
	at java.base/java.io.ObjectInputStream.readObject(ObjectInputStream.java:489)
	at java.base/java.io.ObjectInputStream.readObject(ObjectInputStream.java:447)
	at java.base/java.util.ArrayList.readObject(ArrayList.java:929)
	at java.base/jdk.internal.reflect.GeneratedMethodAccessor7.invoke(Unknown Source)
	at java.base/jdk.internal.reflect.DelegatingMethodAccessorImpl.invoke(DelegatingMethodAccessorImpl.java:43)
	at java.base/java.lang.reflect.Method.invoke(Method.java:566)
	at java.base/java.io.ObjectStreamClass.invokeReadObject(ObjectStreamClass.java:1046)
	at java.base/java.io.ObjectInputStream.readSerialData(ObjectInputStream.java:2357)
	at java.base/java.io.ObjectInputStream.readOrdinaryObject(ObjectInputStream.java:2228)
	at java.base/java.io.ObjectInputStream.readObject0(ObjectInputStream.java:1687)
	at java.base/java.io.ObjectInputStream.defaultReadFields(ObjectInputStream.java:2496)
	at java.base/java.io.ObjectInputStream.readSerialData(ObjectInputStream.java:2390)
	at java.base/java.io.ObjectInputStream.readOrdinaryObject(ObjectInputStream.java:2228)
	at java.base/java.io.ObjectInputStream.readObject0(ObjectInputStream.java:1687)
	at java.base/java.io.ObjectInputStream.defaultReadFields(ObjectInputStream.java:2496)
	at java.base/java.io.ObjectInputStream.defaultReadObject(ObjectInputStream.java:625)
	at org.evosuite.testcase.DefaultTestCase.readObject(DefaultTestCase.java:1217)
	at jdk.internal.reflect.GeneratedMethodAccessor15.invoke(Unknown Source)
	at java.base/jdk.internal.reflect.DelegatingMethodAccessorImpl.invoke(DelegatingMethodAccessorImpl.java:43)
	at java.base/java.lang.reflect.Method.invoke(Method.java:566)
	at java.base/java.io.ObjectStreamClass.invokeReadObject(ObjectStreamClass.java:1046)
	at java.base/java.io.ObjectInputStream.readSerialData(ObjectInputStream.java:2357)
	at java.base/java.io.ObjectInputStream.readOrdinaryObject(ObjectInputStream.java:2228)
	at java.base/java.io.ObjectInputStream.readObject0(ObjectInputStream.java:1687)
	at java.base/java.io.ObjectInputStream.defaultReadFields(ObjectInputStream.java:2496)
	at java.base/java.io.ObjectInputStream.readSerialData(ObjectInputStream.java:2390)
	at java.base/java.io.ObjectInputStream.readOrdinaryObject(ObjectInputStream.java:2228)
	at java.base/java.io.ObjectInputStream.readObject0(ObjectInputStream.java:1687)
	at java.base/java.io.ObjectInputStream.readObject(ObjectInputStream.java:489)
	at java.base/java.io.ObjectInputStream.readObject(ObjectInputStream.java:447)
	at java.base/java.util.ArrayList.readObject(ArrayList.java:929)
	at java.base/jdk.internal.reflect.GeneratedMethodAccessor7.invoke(Unknown Source)
	at java.base/jdk.internal.reflect.DelegatingMethodAccessorImpl.invoke(DelegatingMethodAccessorImpl.java:43)
	at java.base/java.lang.reflect.Method.invoke(Method.java:566)
	at java.base/java.io.ObjectStreamClass.invokeReadObject(ObjectStreamClass.java:1046)
	at java.base/java.io.ObjectInputStream.readSerialData(ObjectInputStream.java:2357)
	at java.base/java.io.ObjectInputStream.readOrdinaryObject(ObjectInputStream.java:2228)
	at java.base/java.io.ObjectInputStream.readObject0(ObjectInputStream.java:1687)
	at java.base/java.io.ObjectInputStream.defaultReadFields(ObjectInputStream.java:2496)
	at java.base/java.io.ObjectInputStream.readSerialData(ObjectInputStream.java:2390)
	at java.base/java.io.ObjectInputStream.readOrdinaryObject(ObjectInputStream.java:2228)
	at java.base/java.io.ObjectInputStream.readObject0(ObjectInputStream.java:1687)
	at java.base/java.io.ObjectInputStream.readObject(ObjectInputStream.java:489)
	at java.base/java.io.ObjectInputStream.readObject(ObjectInputStream.java:447)
	at java.rmi/sun.rmi.server.UnicastRef.unmarshalValue(UnicastRef.java:327)
	at java.rmi/sun.rmi.server.UnicastServerRef.dispatch(UnicastServerRef.java:339)
	... 12 common frames omitted
Caused by: java.lang.IllegalArgumentException: expect to get instruction without BasicBlock already set
	at org.evosuite.graphs.cfg.BasicBlock.appendInstruction(BasicBlock.java:225)
	at org.evosuite.graphs.cfg.BasicBlock.setInstructions(BasicBlock.java:206)
	at org.evosuite.graphs.cfg.BasicBlock.<init>(BasicBlock.java:106)
	at org.evosuite.graphs.cfg.RawControlFlowGraph.determineBasicBlockFor(RawControlFlowGraph.java:314)
	at org.evosuite.graphs.cfg.ActualControlFlowGraph.computeNodes(ActualControlFlowGraph.java:295)
	at org.evosuite.graphs.cfg.ActualControlFlowGraph.computeGraph(ActualControlFlowGraph.java:262)
	at org.evosuite.graphs.cfg.ActualControlFlowGraph.<init>(ActualControlFlowGraph.java:97)
	at org.evosuite.graphs.cfg.CFGGenerator.computeActualCFG(CFGGenerator.java:218)
	at org.evosuite.graphs.cfg.CFGGenerator.registerCFGs(CFGGenerator.java:102)
	at org.evosuite.graphs.cfg.CFGMethodAdapter.visitEnd(CFGMethodAdapter.java:219)
	at org.evosuite.shaded.org.objectweb.asm.MethodVisitor.visitEnd(MethodVisitor.java:783)
	at org.evosuite.shaded.org.objectweb.asm.MethodVisitor.visitEnd(MethodVisitor.java:783)
	at org.evosuite.shaded.org.objectweb.asm.MethodVisitor.visitEnd(MethodVisitor.java:783)
	at org.evosuite.shaded.org.objectweb.asm.tree.MethodNode.accept(MethodNode.java:772)
	at org.evosuite.shaded.org.objectweb.asm.tree.MethodNode.accept(MethodNode.java:649)
	at org.evosuite.shaded.org.objectweb.asm.tree.ClassNode.accept(ClassNode.java:452)
	at org.evosuite.instrumentation.BytecodeInstrumentation.transformBytes(BytecodeInstrumentation.java:282)
	at org.evosuite.instrumentation.InstrumentingClassLoader.getTransformedBytes(InstrumentingClassLoader.java:135)
	at org.evosuite.instrumentation.InstrumentingClassLoader.instrumentClass(InstrumentingClassLoader.java:149)
	... 77 common frames omitted
[Progress:==>                           7%] [Cov:=============>                     38%][MASTER] 12:34:55.183 [logback-1] WARN  ClientNodeImpl - Cannot send statistics to master; continuing without statistics
java.rmi.ServerException: RemoteException occurred in server thread; nested exception is: 
	java.rmi.UnmarshalException: error unmarshalling arguments; nested exception is: 
	java.lang.ClassNotFoundException: expect to get instruction without BasicBlock already set
	at java.rmi/sun.rmi.server.UnicastServerRef.dispatch(UnicastServerRef.java:391)
	at java.rmi/sun.rmi.transport.Transport$1.run(Transport.java:200)
	at java.rmi/sun.rmi.transport.Transport$1.run(Transport.java:197)
	at java.base/java.security.AccessController.doPrivileged(Native Method)
	at java.rmi/sun.rmi.transport.Transport.serviceCall(Transport.java:196)
	at java.rmi/sun.rmi.transport.tcp.TCPTransport.handleMessages(TCPTransport.java:562)
	at java.rmi/sun.rmi.transport.tcp.TCPTransport$ConnectionHandler.run0(TCPTransport.java:796)
	at java.rmi/sun.rmi.transport.tcp.TCPTransport$ConnectionHandler.lambda$run$0(TCPTransport.java:677)
	at java.base/java.security.AccessController.doPrivileged(Native Method)
	at java.rmi/sun.rmi.transport.tcp.TCPTransport$ConnectionHandler.run(TCPTransport.java:676)
	at java.base/java.util.concurrent.ThreadPoolExecutor.runWorker(ThreadPoolExecutor.java:1128)
	at java.base/java.util.concurrent.ThreadPoolExecutor$Worker.run(ThreadPoolExecutor.java:628)
	at java.base/java.lang.Thread.run(Thread.java:829)
	at java.rmi/sun.rmi.transport.StreamRemoteCall.exceptionReceivedFromServer(StreamRemoteCall.java:303)
	at java.rmi/sun.rmi.transport.StreamRemoteCall.executeCall(StreamRemoteCall.java:279)
	at java.rmi/sun.rmi.server.UnicastRef.invoke(UnicastRef.java:164)
	at java.rmi/java.rmi.server.RemoteObjectInvocationHandler.invokeRemoteMethod(RemoteObjectInvocationHandler.java:217)
	at java.rmi/java.rmi.server.RemoteObjectInvocationHandler.invoke(RemoteObjectInvocationHandler.java:162)
	at com.sun.proxy.$Proxy7.evosuite_collectStatistics(Unknown Source)
	at org.evosuite.rmi.service.ClientNodeImpl.updateStatistics(ClientNodeImpl.java:251)
	at org.evosuite.statistics.StatisticsSender.sendIndividualToMaster(StatisticsSender.java:62)
	at org.evosuite.statistics.StatisticsListener.lambda$new$0(StatisticsListener.java:76)
	at java.base/java.lang.Thread.run(Thread.java:829)
Caused by: java.rmi.UnmarshalException: error unmarshalling arguments; nested exception is: 
	java.lang.ClassNotFoundException: expect to get instruction without BasicBlock already set
	at java.rmi/sun.rmi.server.UnicastServerRef.dispatch(UnicastServerRef.java:350)
	at java.rmi/sun.rmi.transport.Transport$1.run(Transport.java:200)
	at java.rmi/sun.rmi.transport.Transport$1.run(Transport.java:197)
	at java.base/java.security.AccessController.doPrivileged(Native Method)
	at java.rmi/sun.rmi.transport.Transport.serviceCall(Transport.java:196)
	at java.rmi/sun.rmi.transport.tcp.TCPTransport.handleMessages(TCPTransport.java:562)
	at java.rmi/sun.rmi.transport.tcp.TCPTransport$ConnectionHandler.run0(TCPTransport.java:796)
	at java.rmi/sun.rmi.transport.tcp.TCPTransport$ConnectionHandler.lambda$run$0(TCPTransport.java:677)
	at java.base/java.security.AccessController.doPrivileged(Native Method)
	at java.rmi/sun.rmi.transport.tcp.TCPTransport$ConnectionHandler.run(TCPTransport.java:676)
	at java.base/java.util.concurrent.ThreadPoolExecutor.runWorker(ThreadPoolExecutor.java:1128)
	at java.base/java.util.concurrent.ThreadPoolExecutor$Worker.run(ThreadPoolExecutor.java:628)
	... 1 common frames omitted
Caused by: java.lang.ClassNotFoundException: expect to get instruction without BasicBlock already set
	at org.evosuite.instrumentation.InstrumentingClassLoader.instrumentClass(InstrumentingClassLoader.java:158)
	at org.evosuite.instrumentation.InstrumentingClassLoader.loadClass(InstrumentingClassLoader.java:126)
	at org.evosuite.utils.generic.GenericClassImpl.getClass(GenericClassImpl.java:139)
	at org.evosuite.utils.generic.GenericClassImpl.getClass(GenericClassImpl.java:105)
	at org.evosuite.utils.generic.GenericClassImpl.readObject(GenericClassImpl.java:1671)
	at jdk.internal.reflect.GeneratedMethodAccessor9.invoke(Unknown Source)
	at java.base/jdk.internal.reflect.DelegatingMethodAccessorImpl.invoke(DelegatingMethodAccessorImpl.java:43)
	at java.base/java.lang.reflect.Method.invoke(Method.java:566)
	at java.base/java.io.ObjectStreamClass.invokeReadObject(ObjectStreamClass.java:1046)
	at java.base/java.io.ObjectInputStream.readSerialData(ObjectInputStream.java:2357)
	at java.base/java.io.ObjectInputStream.readOrdinaryObject(ObjectInputStream.java:2228)
	at java.base/java.io.ObjectInputStream.readObject0(ObjectInputStream.java:1687)
	at java.base/java.io.ObjectInputStream.defaultReadFields(ObjectInputStream.java:2496)
	at java.base/java.io.ObjectInputStream.readSerialData(ObjectInputStream.java:2390)
	at java.base/java.io.ObjectInputStream.readOrdinaryObject(ObjectInputStream.java:2228)
	at java.base/java.io.ObjectInputStream.readObject0(ObjectInputStream.java:1687)
	at java.base/java.io.ObjectInputStream.defaultReadFields(ObjectInputStream.java:2496)
	at java.base/java.io.ObjectInputStream.readSerialData(ObjectInputStream.java:2390)
	at java.base/java.io.ObjectInputStream.readOrdinaryObject(ObjectInputStream.java:2228)
	at java.base/java.io.ObjectInputStream.readObject0(ObjectInputStream.java:1687)
	at java.base/java.io.ObjectInputStream.readObject(ObjectInputStream.java:489)
	at java.base/java.io.ObjectInputStream.readObject(ObjectInputStream.java:447)
	at java.base/java.util.ArrayList.readObject(ArrayList.java:929)
	at java.base/jdk.internal.reflect.GeneratedMethodAccessor7.invoke(Unknown Source)
	at java.base/jdk.internal.reflect.DelegatingMethodAccessorImpl.invoke(DelegatingMethodAccessorImpl.java:43)
	at java.base/java.lang.reflect.Method.invoke(Method.java:566)
	at java.base/java.io.ObjectStreamClass.invokeReadObject(ObjectStreamClass.java:1046)
	at java.base/java.io.ObjectInputStream.readSerialData(ObjectInputStream.java:2357)
	at java.base/java.io.ObjectInputStream.readOrdinaryObject(ObjectInputStream.java:2228)
	at java.base/java.io.ObjectInputStream.readObject0(ObjectInputStream.java:1687)
	at java.base/java.io.ObjectInputStream.defaultReadFields(ObjectInputStream.java:2496)
	at java.base/java.io.ObjectInputStream.readSerialData(ObjectInputStream.java:2390)
	at java.base/java.io.ObjectInputStream.readOrdinaryObject(ObjectInputStream.java:2228)
	at java.base/java.io.ObjectInputStream.readObject0(ObjectInputStream.java:1687)
	at java.base/java.io.ObjectInputStream.defaultReadFields(ObjectInputStream.java:2496)
	at java.base/java.io.ObjectInputStream.defaultReadObject(ObjectInputStream.java:625)
	at org.evosuite.testcase.DefaultTestCase.readObject(DefaultTestCase.java:1217)
	at jdk.internal.reflect.GeneratedMethodAccessor15.invoke(Unknown Source)
	at java.base/jdk.internal.reflect.DelegatingMethodAccessorImpl.invoke(DelegatingMethodAccessorImpl.java:43)
	at java.base/java.lang.reflect.Method.invoke(Method.java:566)
	at java.base/java.io.ObjectStreamClass.invokeReadObject(ObjectStreamClass.java:1046)
	at java.base/java.io.ObjectInputStream.readSerialData(ObjectInputStream.java:2357)
	at java.base/java.io.ObjectInputStream.readOrdinaryObject(ObjectInputStream.java:2228)
	at java.base/java.io.ObjectInputStream.readObject0(ObjectInputStream.java:1687)
	at java.base/java.io.ObjectInputStream.defaultReadFields(ObjectInputStream.java:2496)
	at java.base/java.io.ObjectInputStream.readSerialData(ObjectInputStream.java:2390)
	at java.base/java.io.ObjectInputStream.readOrdinaryObject(ObjectInputStream.java:2228)
	at java.base/java.io.ObjectInputStream.readObject0(ObjectInputStream.java:1687)
	at java.base/java.io.ObjectInputStream.readObject(ObjectInputStream.java:489)
	at java.base/java.io.ObjectInputStream.readObject(ObjectInputStream.java:447)
	at java.base/java.util.ArrayList.readObject(ArrayList.java:929)
	at java.base/jdk.internal.reflect.GeneratedMethodAccessor7.invoke(Unknown Source)
	at java.base/jdk.internal.reflect.DelegatingMethodAccessorImpl.invoke(DelegatingMethodAccessorImpl.java:43)
	at java.base/java.lang.reflect.Method.invoke(Method.java:566)
	at java.base/java.io.ObjectStreamClass.invokeReadObject(ObjectStreamClass.java:1046)
	at java.base/java.io.ObjectInputStream.readSerialData(ObjectInputStream.java:2357)
	at java.base/java.io.ObjectInputStream.readOrdinaryObject(ObjectInputStream.java:2228)
	at java.base/java.io.ObjectInputStream.readObject0(ObjectInputStream.java:1687)
	at java.base/java.io.ObjectInputStream.defaultReadFields(ObjectInputStream.java:2496)
	at java.base/java.io.ObjectInputStream.readSerialData(ObjectInputStream.java:2390)
	at java.base/java.io.ObjectInputStream.readOrdinaryObject(ObjectInputStream.java:2228)
	at java.base/java.io.ObjectInputStream.readObject0(ObjectInputStream.java:1687)
	at java.base/java.io.ObjectInputStream.readObject(ObjectInputStream.java:489)
	at java.base/java.io.ObjectInputStream.readObject(ObjectInputStream.java:447)
	at java.rmi/sun.rmi.server.UnicastRef.unmarshalValue(UnicastRef.java:327)
	at java.rmi/sun.rmi.server.UnicastServerRef.dispatch(UnicastServerRef.java:339)
	... 12 common frames omitted
Caused by: java.lang.IllegalArgumentException: expect to get instruction without BasicBlock already set
	at org.evosuite.graphs.cfg.BasicBlock.appendInstruction(BasicBlock.java:225)
	at org.evosuite.graphs.cfg.BasicBlock.setInstructions(BasicBlock.java:206)
	at org.evosuite.graphs.cfg.BasicBlock.<init>(BasicBlock.java:106)
	at org.evosuite.graphs.cfg.RawControlFlowGraph.determineBasicBlockFor(RawControlFlowGraph.java:314)
	at org.evosuite.graphs.cfg.ActualControlFlowGraph.computeNodes(ActualControlFlowGraph.java:295)
	at org.evosuite.graphs.cfg.ActualControlFlowGraph.computeGraph(ActualControlFlowGraph.java:262)
	at org.evosuite.graphs.cfg.ActualControlFlowGraph.<init>(ActualControlFlowGraph.java:97)
	at org.evosuite.graphs.cfg.CFGGenerator.computeActualCFG(CFGGenerator.java:218)
	at org.evosuite.graphs.cfg.CFGGenerator.registerCFGs(CFGGenerator.java:102)
	at org.evosuite.graphs.cfg.CFGMethodAdapter.visitEnd(CFGMethodAdapter.java:219)
	at org.evosuite.shaded.org.objectweb.asm.MethodVisitor.visitEnd(MethodVisitor.java:783)
	at org.evosuite.shaded.org.objectweb.asm.MethodVisitor.visitEnd(MethodVisitor.java:783)
	at org.evosuite.shaded.org.objectweb.asm.MethodVisitor.visitEnd(MethodVisitor.java:783)
	at org.evosuite.shaded.org.objectweb.asm.tree.MethodNode.accept(MethodNode.java:772)
	at org.evosuite.shaded.org.objectweb.asm.tree.MethodNode.accept(MethodNode.java:649)
	at org.evosuite.shaded.org.objectweb.asm.tree.ClassNode.accept(ClassNode.java:452)
	at org.evosuite.instrumentation.BytecodeInstrumentation.transformBytes(BytecodeInstrumentation.java:282)
	at org.evosuite.instrumentation.InstrumentingClassLoader.getTransformedBytes(InstrumentingClassLoader.java:135)
	at org.evosuite.instrumentation.InstrumentingClassLoader.instrumentClass(InstrumentingClassLoader.java:149)
	... 77 common frames omitted
[Progress:==>                           7%] [Cov:=============>                     38%]GWO iteration=5 bestFitness=1748.22218433868 population=50 a=1.9
[Progress:==>                           8%] [Cov:=============>                     38%][MASTER] 12:34:55.789 [logback-1] WARN  ClientNodeImpl - Cannot send statistics to master; continuing without statistics
java.rmi.ServerException: RemoteException occurred in server thread; nested exception is: 
	java.rmi.UnmarshalException: error unmarshalling arguments; nested exception is: 
	java.lang.ClassNotFoundException: expect to get instruction without BasicBlock already set
	at java.rmi/sun.rmi.server.UnicastServerRef.dispatch(UnicastServerRef.java:391)
	at java.rmi/sun.rmi.transport.Transport$1.run(Transport.java:200)
	at java.rmi/sun.rmi.transport.Transport$1.run(Transport.java:197)
	at java.base/java.security.AccessController.doPrivileged(Native Method)
	at java.rmi/sun.rmi.transport.Transport.serviceCall(Transport.java:196)
	at java.rmi/sun.rmi.transport.tcp.TCPTransport.handleMessages(TCPTransport.java:562)
	at java.rmi/sun.rmi.transport.tcp.TCPTransport$ConnectionHandler.run0(TCPTransport.java:796)
	at java.rmi/sun.rmi.transport.tcp.TCPTransport$ConnectionHandler.lambda$run$0(TCPTransport.java:677)
	at java.base/java.security.AccessController.doPrivileged(Native Method)
	at java.rmi/sun.rmi.transport.tcp.TCPTransport$ConnectionHandler.run(TCPTransport.java:676)
	at java.base/java.util.concurrent.ThreadPoolExecutor.runWorker(ThreadPoolExecutor.java:1128)
	at java.base/java.util.concurrent.ThreadPoolExecutor$Worker.run(ThreadPoolExecutor.java:628)
	at java.base/java.lang.Thread.run(Thread.java:829)
	at java.rmi/sun.rmi.transport.StreamRemoteCall.exceptionReceivedFromServer(StreamRemoteCall.java:303)
	at java.rmi/sun.rmi.transport.StreamRemoteCall.executeCall(StreamRemoteCall.java:279)
	at java.rmi/sun.rmi.server.UnicastRef.invoke(UnicastRef.java:164)
	at java.rmi/java.rmi.server.RemoteObjectInvocationHandler.invokeRemoteMethod(RemoteObjectInvocationHandler.java:217)
	at java.rmi/java.rmi.server.RemoteObjectInvocationHandler.invoke(RemoteObjectInvocationHandler.java:162)
	at com.sun.proxy.$Proxy7.evosuite_collectStatistics(Unknown Source)
	at org.evosuite.rmi.service.ClientNodeImpl.updateStatistics(ClientNodeImpl.java:251)
	at org.evosuite.statistics.StatisticsSender.sendIndividualToMaster(StatisticsSender.java:62)
	at org.evosuite.statistics.StatisticsListener.lambda$new$0(StatisticsListener.java:76)
	at java.base/java.lang.Thread.run(Thread.java:829)
Caused by: java.rmi.UnmarshalException: error unmarshalling arguments; nested exception is: 
	java.lang.ClassNotFoundException: expect to get instruction without BasicBlock already set
	at java.rmi/sun.rmi.server.UnicastServerRef.dispatch(UnicastServerRef.java:350)
	at java.rmi/sun.rmi.transport.Transport$1.run(Transport.java:200)
	at java.rmi/sun.rmi.transport.Transport$1.run(Transport.java:197)
	at java.base/java.security.AccessController.doPrivileged(Native Method)
	at java.rmi/sun.rmi.transport.Transport.serviceCall(Transport.java:196)
	at java.rmi/sun.rmi.transport.tcp.TCPTransport.handleMessages(TCPTransport.java:562)
	at java.rmi/sun.rmi.transport.tcp.TCPTransport$ConnectionHandler.run0(TCPTransport.java:796)
	at java.rmi/sun.rmi.transport.tcp.TCPTransport$ConnectionHandler.lambda$run$0(TCPTransport.java:677)
	at java.base/java.security.AccessController.doPrivileged(Native Method)
	at java.rmi/sun.rmi.transport.tcp.TCPTransport$ConnectionHandler.run(TCPTransport.java:676)
	at java.base/java.util.concurrent.ThreadPoolExecutor.runWorker(ThreadPoolExecutor.java:1128)
	at java.base/java.util.concurrent.ThreadPoolExecutor$Worker.run(ThreadPoolExecutor.java:628)
	... 1 common frames omitted
Caused by: java.lang.ClassNotFoundException: expect to get instruction without BasicBlock already set
	at org.evosuite.instrumentation.InstrumentingClassLoader.instrumentClass(InstrumentingClassLoader.java:158)
	at org.evosuite.instrumentation.InstrumentingClassLoader.loadClass(InstrumentingClassLoader.java:126)
	at org.evosuite.utils.generic.GenericClassImpl.getClass(GenericClassImpl.java:139)
	at org.evosuite.utils.generic.GenericClassImpl.getClass(GenericClassImpl.java:105)
	at org.evosuite.utils.generic.GenericClassImpl.readObject(GenericClassImpl.java:1671)
	at jdk.internal.reflect.GeneratedMethodAccessor9.invoke(Unknown Source)
	at java.base/jdk.internal.reflect.DelegatingMethodAccessorImpl.invoke(DelegatingMethodAccessorImpl.java:43)
	at java.base/java.lang.reflect.Method.invoke(Method.java:566)
	at java.base/java.io.ObjectStreamClass.invokeReadObject(ObjectStreamClass.java:1046)
	at java.base/java.io.ObjectInputStream.readSerialData(ObjectInputStream.java:2357)
	at java.base/java.io.ObjectInputStream.readOrdinaryObject(ObjectInputStream.java:2228)
	at java.base/java.io.ObjectInputStream.readObject0(ObjectInputStream.java:1687)
	at java.base/java.io.ObjectInputStream.defaultReadFields(ObjectInputStream.java:2496)
	at java.base/java.io.ObjectInputStream.readSerialData(ObjectInputStream.java:2390)
	at java.base/java.io.ObjectInputStream.readOrdinaryObject(ObjectInputStream.java:2228)
	at java.base/java.io.ObjectInputStream.readObject0(ObjectInputStream.java:1687)
	at java.base/java.io.ObjectInputStream.defaultReadFields(ObjectInputStream.java:2496)
	at java.base/java.io.ObjectInputStream.readSerialData(ObjectInputStream.java:2390)
	at java.base/java.io.ObjectInputStream.readOrdinaryObject(ObjectInputStream.java:2228)
	at java.base/java.io.ObjectInputStream.readObject0(ObjectInputStream.java:1687)
	at java.base/java.io.ObjectInputStream.readObject(ObjectInputStream.java:489)
	at java.base/java.io.ObjectInputStream.readObject(ObjectInputStream.java:447)
	at java.base/java.util.ArrayList.readObject(ArrayList.java:929)
	at java.base/jdk.internal.reflect.GeneratedMethodAccessor7.invoke(Unknown Source)
	at java.base/jdk.internal.reflect.DelegatingMethodAccessorImpl.invoke(DelegatingMethodAccessorImpl.java:43)
	at java.base/java.lang.reflect.Method.invoke(Method.java:566)
	at java.base/java.io.ObjectStreamClass.invokeReadObject(ObjectStreamClass.java:1046)
	at java.base/java.io.ObjectInputStream.readSerialData(ObjectInputStream.java:2357)
	at java.base/java.io.ObjectInputStream.readOrdinaryObject(ObjectInputStream.java:2228)
	at java.base/java.io.ObjectInputStream.readObject0(ObjectInputStream.java:1687)
	at java.base/java.io.ObjectInputStream.defaultReadFields(ObjectInputStream.java:2496)
	at java.base/java.io.ObjectInputStream.readSerialData(ObjectInputStream.java:2390)
	at java.base/java.io.ObjectInputStream.readOrdinaryObject(ObjectInputStream.java:2228)
	at java.base/java.io.ObjectInputStream.readObject0(ObjectInputStream.java:1687)
	at java.base/java.io.ObjectInputStream.defaultReadFields(ObjectInputStream.java:2496)
	at java.base/java.io.ObjectInputStream.defaultReadObject(ObjectInputStream.java:625)
	at org.evosuite.testcase.DefaultTestCase.readObject(DefaultTestCase.java:1217)
	at jdk.internal.reflect.GeneratedMethodAccessor15.invoke(Unknown Source)
	at java.base/jdk.internal.reflect.DelegatingMethodAccessorImpl.invoke(DelegatingMethodAccessorImpl.java:43)
	at java.base/java.lang.reflect.Method.invoke(Method.java:566)
	at java.base/java.io.ObjectStreamClass.invokeReadObject(ObjectStreamClass.java:1046)
	at java.base/java.io.ObjectInputStream.readSerialData(ObjectInputStream.java:2357)
	at java.base/java.io.ObjectInputStream.readOrdinaryObject(ObjectInputStream.java:2228)
	at java.base/java.io.ObjectInputStream.readObject0(ObjectInputStream.java:1687)
	at java.base/java.io.ObjectInputStream.defaultReadFields(ObjectInputStream.java:2496)
	at java.base/java.io.ObjectInputStream.readSerialData(ObjectInputStream.java:2390)
	at java.base/java.io.ObjectInputStream.readOrdinaryObject(ObjectInputStream.java:2228)
	at java.base/java.io.ObjectInputStream.readObject0(ObjectInputStream.java:1687)
	at java.base/java.io.ObjectInputStream.readObject(ObjectInputStream.java:489)
	at java.base/java.io.ObjectInputStream.readObject(ObjectInputStream.java:447)
	at java.base/java.util.ArrayList.readObject(ArrayList.java:929)
	at java.base/jdk.internal.reflect.GeneratedMethodAccessor7.invoke(Unknown Source)
	at java.base/jdk.internal.reflect.DelegatingMethodAccessorImpl.invoke(DelegatingMethodAccessorImpl.java:43)
	at java.base/java.lang.reflect.Method.invoke(Method.java:566)
	at java.base/java.io.ObjectStreamClass.invokeReadObject(ObjectStreamClass.java:1046)
	at java.base/java.io.ObjectInputStream.readSerialData(ObjectInputStream.java:2357)
	at java.base/java.io.ObjectInputStream.readOrdinaryObject(ObjectInputStream.java:2228)
	at java.base/java.io.ObjectInputStream.readObject0(ObjectInputStream.java:1687)
	at java.base/java.io.ObjectInputStream.defaultReadFields(ObjectInputStream.java:2496)
	at java.base/java.io.ObjectInputStream.readSerialData(ObjectInputStream.java:2390)
	at java.base/java.io.ObjectInputStream.readOrdinaryObject(ObjectInputStream.java:2228)
	at java.base/java.io.ObjectInputStream.readObject0(ObjectInputStream.java:1687)
	at java.base/java.io.ObjectInputStream.readObject(ObjectInputStream.java:489)
	at java.base/java.io.ObjectInputStream.readObject(ObjectInputStream.java:447)
	at java.rmi/sun.rmi.server.UnicastRef.unmarshalValue(UnicastRef.java:327)
	at java.rmi/sun.rmi.server.UnicastServerRef.dispatch(UnicastServerRef.java:339)
	... 12 common frames omitted
Caused by: java.lang.IllegalArgumentException: expect to get instruction without BasicBlock already set
	at org.evosuite.graphs.cfg.BasicBlock.appendInstruction(BasicBlock.java:225)
	at org.evosuite.graphs.cfg.BasicBlock.setInstructions(BasicBlock.java:206)
	at org.evosuite.graphs.cfg.BasicBlock.<init>(BasicBlock.java:106)
	at org.evosuite.graphs.cfg.RawControlFlowGraph.determineBasicBlockFor(RawControlFlowGraph.java:314)
	at org.evosuite.graphs.cfg.ActualControlFlowGraph.computeNodes(ActualControlFlowGraph.java:295)
	at org.evosuite.graphs.cfg.ActualControlFlowGraph.computeGraph(ActualControlFlowGraph.java:262)
	at org.evosuite.graphs.cfg.ActualControlFlowGraph.<init>(ActualControlFlowGraph.java:97)
	at org.evosuite.graphs.cfg.CFGGenerator.computeActualCFG(CFGGenerator.java:218)
	at org.evosuite.graphs.cfg.CFGGenerator.registerCFGs(CFGGenerator.java:102)
	at org.evosuite.graphs.cfg.CFGMethodAdapter.visitEnd(CFGMethodAdapter.java:219)
	at org.evosuite.shaded.org.objectweb.asm.MethodVisitor.visitEnd(MethodVisitor.java:783)
	at org.evosuite.shaded.org.objectweb.asm.MethodVisitor.visitEnd(MethodVisitor.java:783)
	at org.evosuite.shaded.org.objectweb.asm.MethodVisitor.visitEnd(MethodVisitor.java:783)
	at org.evosuite.shaded.org.objectweb.asm.tree.MethodNode.accept(MethodNode.java:772)
	at org.evosuite.shaded.org.objectweb.asm.tree.MethodNode.accept(MethodNode.java:649)
	at org.evosuite.shaded.org.objectweb.asm.tree.ClassNode.accept(ClassNode.java:452)
	at org.evosuite.instrumentation.BytecodeInstrumentation.transformBytes(BytecodeInstrumentation.java:282)
	at org.evosuite.instrumentation.InstrumentingClassLoader.getTransformedBytes(InstrumentingClassLoader.java:135)
	at org.evosuite.instrumentation.InstrumentingClassLoader.instrumentClass(InstrumentingClassLoader.java:149)
	... 77 common frames omitted
[Progress:==>                           8%] [Cov:=============>                     39%][Progress:==>                           8%] [Cov:==============>                    40%][MASTER] 12:34:56.320 [logback-1] WARN  ClientNodeImpl - Cannot send statistics to master; continuing without statistics
java.rmi.ServerException: RemoteException occurred in server thread; nested exception is: 
	java.rmi.UnmarshalException: error unmarshalling arguments; nested exception is: 
	java.lang.ClassNotFoundException: expect to get instruction without BasicBlock already set
	at java.rmi/sun.rmi.server.UnicastServerRef.dispatch(UnicastServerRef.java:391)
	at java.rmi/sun.rmi.transport.Transport$1.run(Transport.java:200)
	at java.rmi/sun.rmi.transport.Transport$1.run(Transport.java:197)
	at java.base/java.security.AccessController.doPrivileged(Native Method)
	at java.rmi/sun.rmi.transport.Transport.serviceCall(Transport.java:196)
	at java.rmi/sun.rmi.transport.tcp.TCPTransport.handleMessages(TCPTransport.java:562)
	at java.rmi/sun.rmi.transport.tcp.TCPTransport$ConnectionHandler.run0(TCPTransport.java:796)
	at java.rmi/sun.rmi.transport.tcp.TCPTransport$ConnectionHandler.lambda$run$0(TCPTransport.java:677)
	at java.base/java.security.AccessController.doPrivileged(Native Method)
	at java.rmi/sun.rmi.transport.tcp.TCPTransport$ConnectionHandler.run(TCPTransport.java:676)
	at java.base/java.util.concurrent.ThreadPoolExecutor.runWorker(ThreadPoolExecutor.java:1128)
	at java.base/java.util.concurrent.ThreadPoolExecutor$Worker.run(ThreadPoolExecutor.java:628)
	at java.base/java.lang.Thread.run(Thread.java:829)
	at java.rmi/sun.rmi.transport.StreamRemoteCall.exceptionReceivedFromServer(StreamRemoteCall.java:303)
	at java.rmi/sun.rmi.transport.StreamRemoteCall.executeCall(StreamRemoteCall.java:279)
	at java.rmi/sun.rmi.server.UnicastRef.invoke(UnicastRef.java:164)
	at java.rmi/java.rmi.server.RemoteObjectInvocationHandler.invokeRemoteMethod(RemoteObjectInvocationHandler.java:217)
	at java.rmi/java.rmi.server.RemoteObjectInvocationHandler.invoke(RemoteObjectInvocationHandler.java:162)
	at com.sun.proxy.$Proxy7.evosuite_collectStatistics(Unknown Source)
	at org.evosuite.rmi.service.ClientNodeImpl.updateStatistics(ClientNodeImpl.java:251)
	at org.evosuite.statistics.StatisticsSender.sendIndividualToMaster(StatisticsSender.java:62)
	at org.evosuite.statistics.StatisticsListener.lambda$new$0(StatisticsListener.java:76)
	at java.base/java.lang.Thread.run(Thread.java:829)
Caused by: java.rmi.UnmarshalException: error unmarshalling arguments; nested exception is: 
	java.lang.ClassNotFoundException: expect to get instruction without BasicBlock already set
	at java.rmi/sun.rmi.server.UnicastServerRef.dispatch(UnicastServerRef.java:350)
	at java.rmi/sun.rmi.transport.Transport$1.run(Transport.java:200)
	at java.rmi/sun.rmi.transport.Transport$1.run(Transport.java:197)
	at java.base/java.security.AccessController.doPrivileged(Native Method)
	at java.rmi/sun.rmi.transport.Transport.serviceCall(Transport.java:196)
	at java.rmi/sun.rmi.transport.tcp.TCPTransport.handleMessages(TCPTransport.java:562)
	at java.rmi/sun.rmi.transport.tcp.TCPTransport$ConnectionHandler.run0(TCPTransport.java:796)
	at java.rmi/sun.rmi.transport.tcp.TCPTransport$ConnectionHandler.lambda$run$0(TCPTransport.java:677)
	at java.base/java.security.AccessController.doPrivileged(Native Method)
	at java.rmi/sun.rmi.transport.tcp.TCPTransport$ConnectionHandler.run(TCPTransport.java:676)
	at java.base/java.util.concurrent.ThreadPoolExecutor.runWorker(ThreadPoolExecutor.java:1128)
	at java.base/java.util.concurrent.ThreadPoolExecutor$Worker.run(ThreadPoolExecutor.java:628)
	... 1 common frames omitted
Caused by: java.lang.ClassNotFoundException: expect to get instruction without BasicBlock already set
	at org.evosuite.instrumentation.InstrumentingClassLoader.instrumentClass(InstrumentingClassLoader.java:158)
	at org.evosuite.instrumentation.InstrumentingClassLoader.loadClass(InstrumentingClassLoader.java:126)
	at org.evosuite.utils.generic.GenericClassImpl.getClass(GenericClassImpl.java:139)
	at org.evosuite.utils.generic.GenericClassImpl.getClass(GenericClassImpl.java:105)
	at org.evosuite.utils.generic.GenericClassImpl.readObject(GenericClassImpl.java:1671)
	at jdk.internal.reflect.GeneratedMethodAccessor9.invoke(Unknown Source)
	at java.base/jdk.internal.reflect.DelegatingMethodAccessorImpl.invoke(DelegatingMethodAccessorImpl.java:43)
	at java.base/java.lang.reflect.Method.invoke(Method.java:566)
	at java.base/java.io.ObjectStreamClass.invokeReadObject(ObjectStreamClass.java:1046)
	at java.base/java.io.ObjectInputStream.readSerialData(ObjectInputStream.java:2357)
	at java.base/java.io.ObjectInputStream.readOrdinaryObject(ObjectInputStream.java:2228)
	at java.base/java.io.ObjectInputStream.readObject0(ObjectInputStream.java:1687)
	at java.base/java.io.ObjectInputStream.defaultReadFields(ObjectInputStream.java:2496)
	at java.base/java.io.ObjectInputStream.readSerialData(ObjectInputStream.java:2390)
	at java.base/java.io.ObjectInputStream.readOrdinaryObject(ObjectInputStream.java:2228)
	at java.base/java.io.ObjectInputStream.readObject0(ObjectInputStream.java:1687)
	at java.base/java.io.ObjectInputStream.defaultReadFields(ObjectInputStream.java:2496)
	at java.base/java.io.ObjectInputStream.readSerialData(ObjectInputStream.java:2390)
	at java.base/java.io.ObjectInputStream.readOrdinaryObject(ObjectInputStream.java:2228)
	at java.base/java.io.ObjectInputStream.readObject0(ObjectInputStream.java:1687)
	at java.base/java.io.ObjectInputStream.readObject(ObjectInputStream.java:489)
	at java.base/java.io.ObjectInputStream.readObject(ObjectInputStream.java:447)
	at java.base/java.util.ArrayList.readObject(ArrayList.java:929)
	at java.base/jdk.internal.reflect.GeneratedMethodAccessor7.invoke(Unknown Source)
	at java.base/jdk.internal.reflect.DelegatingMethodAccessorImpl.invoke(DelegatingMethodAccessorImpl.java:43)
	at java.base/java.lang.reflect.Method.invoke(Method.java:566)
	at java.base/java.io.ObjectStreamClass.invokeReadObject(ObjectStreamClass.java:1046)
	at java.base/java.io.ObjectInputStream.readSerialData(ObjectInputStream.java:2357)
	at java.base/java.io.ObjectInputStream.readOrdinaryObject(ObjectInputStream.java:2228)
	at java.base/java.io.ObjectInputStream.readObject0(ObjectInputStream.java:1687)
	at java.base/java.io.ObjectInputStream.defaultReadFields(ObjectInputStream.java:2496)
	at java.base/java.io.ObjectInputStream.readSerialData(ObjectInputStream.java:2390)
	at java.base/java.io.ObjectInputStream.readOrdinaryObject(ObjectInputStream.java:2228)
	at java.base/java.io.ObjectInputStream.readObject0(ObjectInputStream.java:1687)
	at java.base/java.io.ObjectInputStream.defaultReadFields(ObjectInputStream.java:2496)
	at java.base/java.io.ObjectInputStream.defaultReadObject(ObjectInputStream.java:625)
	at org.evosuite.testcase.DefaultTestCase.readObject(DefaultTestCase.java:1217)
	at jdk.internal.reflect.GeneratedMethodAccessor15.invoke(Unknown Source)
	at java.base/jdk.internal.reflect.DelegatingMethodAccessorImpl.invoke(DelegatingMethodAccessorImpl.java:43)
	at java.base/java.lang.reflect.Method.invoke(Method.java:566)
	at java.base/java.io.ObjectStreamClass.invokeReadObject(ObjectStreamClass.java:1046)
	at java.base/java.io.ObjectInputStream.readSerialData(ObjectInputStream.java:2357)
	at java.base/java.io.ObjectInputStream.readOrdinaryObject(ObjectInputStream.java:2228)
	at java.base/java.io.ObjectInputStream.readObject0(ObjectInputStream.java:1687)
	at java.base/java.io.ObjectInputStream.defaultReadFields(ObjectInputStream.java:2496)
	at java.base/java.io.ObjectInputStream.readSerialData(ObjectInputStream.java:2390)
	at java.base/java.io.ObjectInputStream.readOrdinaryObject(ObjectInputStream.java:2228)
	at java.base/java.io.ObjectInputStream.readObject0(ObjectInputStream.java:1687)
	at java.base/java.io.ObjectInputStream.readObject(ObjectInputStream.java:489)
	at java.base/java.io.ObjectInputStream.readObject(ObjectInputStream.java:447)
	at java.base/java.util.ArrayList.readObject(ArrayList.java:929)
	at java.base/jdk.internal.reflect.GeneratedMethodAccessor7.invoke(Unknown Source)
	at java.base/jdk.internal.reflect.DelegatingMethodAccessorImpl.invoke(DelegatingMethodAccessorImpl.java:43)
	at java.base/java.lang.reflect.Method.invoke(Method.java:566)
	at java.base/java.io.ObjectStreamClass.invokeReadObject(ObjectStreamClass.java:1046)
	at java.base/java.io.ObjectInputStream.readSerialData(ObjectInputStream.java:2357)
	at java.base/java.io.ObjectInputStream.readOrdinaryObject(ObjectInputStream.java:2228)
	at java.base/java.io.ObjectInputStream.readObject0(ObjectInputStream.java:1687)
	at java.base/java.io.ObjectInputStream.defaultReadFields(ObjectInputStream.java:2496)
	at java.base/java.io.ObjectInputStream.readSerialData(ObjectInputStream.java:2390)
	at java.base/java.io.ObjectInputStream.readOrdinaryObject(ObjectInputStream.java:2228)
	at java.base/java.io.ObjectInputStream.readObject0(ObjectInputStream.java:1687)
	at java.base/java.io.ObjectInputStream.readObject(ObjectInputStream.java:489)
	at java.base/java.io.ObjectInputStream.readObject(ObjectInputStream.java:447)
	at java.rmi/sun.rmi.server.UnicastRef.unmarshalValue(UnicastRef.java:327)
	at java.rmi/sun.rmi.server.UnicastServerRef.dispatch(UnicastServerRef.java:339)
	... 12 common frames omitted
Caused by: java.lang.IllegalArgumentException: expect to get instruction without BasicBlock already set
	at org.evosuite.graphs.cfg.BasicBlock.appendInstruction(BasicBlock.java:225)
	at org.evosuite.graphs.cfg.BasicBlock.setInstructions(BasicBlock.java:206)
	at org.evosuite.graphs.cfg.BasicBlock.<init>(BasicBlock.java:106)
	at org.evosuite.graphs.cfg.RawControlFlowGraph.determineBasicBlockFor(RawControlFlowGraph.java:314)
	at org.evosuite.graphs.cfg.ActualControlFlowGraph.computeNodes(ActualControlFlowGraph.java:295)
	at org.evosuite.graphs.cfg.ActualControlFlowGraph.computeGraph(ActualControlFlowGraph.java:262)
	at org.evosuite.graphs.cfg.ActualControlFlowGraph.<init>(ActualControlFlowGraph.java:97)
	at org.evosuite.graphs.cfg.CFGGenerator.computeActualCFG(CFGGenerator.java:218)
	at org.evosuite.graphs.cfg.CFGGenerator.registerCFGs(CFGGenerator.java:102)
	at org.evosuite.graphs.cfg.CFGMethodAdapter.visitEnd(CFGMethodAdapter.java:219)
	at org.evosuite.shaded.org.objectweb.asm.MethodVisitor.visitEnd(MethodVisitor.java:783)
	at org.evosuite.shaded.org.objectweb.asm.MethodVisitor.visitEnd(MethodVisitor.java:783)
	at org.evosuite.shaded.org.objectweb.asm.MethodVisitor.visitEnd(MethodVisitor.java:783)
	at org.evosuite.shaded.org.objectweb.asm.tree.MethodNode.accept(MethodNode.java:772)
	at org.evosuite.shaded.org.objectweb.asm.tree.MethodNode.accept(MethodNode.java:649)
	at org.evosuite.shaded.org.objectweb.asm.tree.ClassNode.accept(ClassNode.java:452)
	at org.evosuite.instrumentation.BytecodeInstrumentation.transformBytes(BytecodeInstrumentation.java:282)
	at org.evosuite.instrumentation.InstrumentingClassLoader.getTransformedBytes(InstrumentingClassLoader.java:135)
	at org.evosuite.instrumentation.InstrumentingClassLoader.instrumentClass(InstrumentingClassLoader.java:149)
	... 77 common frames omitted
[Progress:==>                           8%] [Cov:=============>                     38%][Progress:==>                           9%] [Cov:=============>                     38%][MASTER] 12:34:56.894 [logback-1] WARN  ClientNodeImpl - Cannot send statistics to master; continuing without statistics
java.rmi.ServerException: RemoteException occurred in server thread; nested exception is: 
	java.rmi.UnmarshalException: error unmarshalling arguments; nested exception is: 
	java.lang.ClassNotFoundException: expect to get instruction without BasicBlock already set
	at java.rmi/sun.rmi.server.UnicastServerRef.dispatch(UnicastServerRef.java:391)
	at java.rmi/sun.rmi.transport.Transport$1.run(Transport.java:200)
	at java.rmi/sun.rmi.transport.Transport$1.run(Transport.java:197)
	at java.base/java.security.AccessController.doPrivileged(Native Method)
	at java.rmi/sun.rmi.transport.Transport.serviceCall(Transport.java:196)
	at java.rmi/sun.rmi.transport.tcp.TCPTransport.handleMessages(TCPTransport.java:562)
	at java.rmi/sun.rmi.transport.tcp.TCPTransport$ConnectionHandler.run0(TCPTransport.java:796)
	at java.rmi/sun.rmi.transport.tcp.TCPTransport$ConnectionHandler.lambda$run$0(TCPTransport.java:677)
	at java.base/java.security.AccessController.doPrivileged(Native Method)
	at java.rmi/sun.rmi.transport.tcp.TCPTransport$ConnectionHandler.run(TCPTransport.java:676)
	at java.base/java.util.concurrent.ThreadPoolExecutor.runWorker(ThreadPoolExecutor.java:1128)
	at java.base/java.util.concurrent.ThreadPoolExecutor$Worker.run(ThreadPoolExecutor.java:628)
	at java.base/java.lang.Thread.run(Thread.java:829)
	at java.rmi/sun.rmi.transport.StreamRemoteCall.exceptionReceivedFromServer(StreamRemoteCall.java:303)
	at java.rmi/sun.rmi.transport.StreamRemoteCall.executeCall(StreamRemoteCall.java:279)
	at java.rmi/sun.rmi.server.UnicastRef.invoke(UnicastRef.java:164)
	at java.rmi/java.rmi.server.RemoteObjectInvocationHandler.invokeRemoteMethod(RemoteObjectInvocationHandler.java:217)
	at java.rmi/java.rmi.server.RemoteObjectInvocationHandler.invoke(RemoteObjectInvocationHandler.java:162)
	at com.sun.proxy.$Proxy7.evosuite_collectStatistics(Unknown Source)
	at org.evosuite.rmi.service.ClientNodeImpl.updateStatistics(ClientNodeImpl.java:251)
	at org.evosuite.statistics.StatisticsSender.sendIndividualToMaster(StatisticsSender.java:62)
	at org.evosuite.statistics.StatisticsListener.lambda$new$0(StatisticsListener.java:76)
	at java.base/java.lang.Thread.run(Thread.java:829)
Caused by: java.rmi.UnmarshalException: error unmarshalling arguments; nested exception is: 
	java.lang.ClassNotFoundException: expect to get instruction without BasicBlock already set
	at java.rmi/sun.rmi.server.UnicastServerRef.dispatch(UnicastServerRef.java:350)
	at java.rmi/sun.rmi.transport.Transport$1.run(Transport.java:200)
	at java.rmi/sun.rmi.transport.Transport$1.run(Transport.java:197)
	at java.base/java.security.AccessController.doPrivileged(Native Method)
	at java.rmi/sun.rmi.transport.Transport.serviceCall(Transport.java:196)
	at java.rmi/sun.rmi.transport.tcp.TCPTransport.handleMessages(TCPTransport.java:562)
	at java.rmi/sun.rmi.transport.tcp.TCPTransport$ConnectionHandler.run0(TCPTransport.java:796)
	at java.rmi/sun.rmi.transport.tcp.TCPTransport$ConnectionHandler.lambda$run$0(TCPTransport.java:677)
	at java.base/java.security.AccessController.doPrivileged(Native Method)
	at java.rmi/sun.rmi.transport.tcp.TCPTransport$ConnectionHandler.run(TCPTransport.java:676)
	at java.base/java.util.concurrent.ThreadPoolExecutor.runWorker(ThreadPoolExecutor.java:1128)
	at java.base/java.util.concurrent.ThreadPoolExecutor$Worker.run(ThreadPoolExecutor.java:628)
	... 1 common frames omitted
Caused by: java.lang.ClassNotFoundException: expect to get instruction without BasicBlock already set
	at org.evosuite.instrumentation.InstrumentingClassLoader.instrumentClass(InstrumentingClassLoader.java:158)
	at org.evosuite.instrumentation.InstrumentingClassLoader.loadClass(InstrumentingClassLoader.java:126)
	at org.evosuite.utils.generic.GenericClassImpl.getClass(GenericClassImpl.java:139)
	at org.evosuite.utils.generic.GenericClassImpl.getClass(GenericClassImpl.java:105)
	at org.evosuite.utils.generic.GenericClassImpl.readObject(GenericClassImpl.java:1671)
	at jdk.internal.reflect.GeneratedMethodAccessor9.invoke(Unknown Source)
	at java.base/jdk.internal.reflect.DelegatingMethodAccessorImpl.invoke(DelegatingMethodAccessorImpl.java:43)
	at java.base/java.lang.reflect.Method.invoke(Method.java:566)
	at java.base/java.io.ObjectStreamClass.invokeReadObject(ObjectStreamClass.java:1046)
	at java.base/java.io.ObjectInputStream.readSerialData(ObjectInputStream.java:2357)
	at java.base/java.io.ObjectInputStream.readOrdinaryObject(ObjectInputStream.java:2228)
	at java.base/java.io.ObjectInputStream.readObject0(ObjectInputStream.java:1687)
	at java.base/java.io.ObjectInputStream.defaultReadFields(ObjectInputStream.java:2496)
	at java.base/java.io.ObjectInputStream.readSerialData(ObjectInputStream.java:2390)
	at java.base/java.io.ObjectInputStream.readOrdinaryObject(ObjectInputStream.java:2228)
	at java.base/java.io.ObjectInputStream.readObject0(ObjectInputStream.java:1687)
	at java.base/java.io.ObjectInputStream.defaultReadFields(ObjectInputStream.java:2496)
	at java.base/java.io.ObjectInputStream.readSerialData(ObjectInputStream.java:2390)
	at java.base/java.io.ObjectInputStream.readOrdinaryObject(ObjectInputStream.java:2228)
	at java.base/java.io.ObjectInputStream.readObject0(ObjectInputStream.java:1687)
	at java.base/java.io.ObjectInputStream.readObject(ObjectInputStream.java:489)
	at java.base/java.io.ObjectInputStream.readObject(ObjectInputStream.java:447)
	at java.base/java.util.ArrayList.readObject(ArrayList.java:929)
	at java.base/jdk.internal.reflect.GeneratedMethodAccessor7.invoke(Unknown Source)
	at java.base/jdk.internal.reflect.DelegatingMethodAccessorImpl.invoke(DelegatingMethodAccessorImpl.java:43)
	at java.base/java.lang.reflect.Method.invoke(Method.java:566)
	at java.base/java.io.ObjectStreamClass.invokeReadObject(ObjectStreamClass.java:1046)
	at java.base/java.io.ObjectInputStream.readSerialData(ObjectInputStream.java:2357)
	at java.base/java.io.ObjectInputStream.readOrdinaryObject(ObjectInputStream.java:2228)
	at java.base/java.io.ObjectInputStream.readObject0(ObjectInputStream.java:1687)
	at java.base/java.io.ObjectInputStream.defaultReadFields(ObjectInputStream.java:2496)
	at java.base/java.io.ObjectInputStream.readSerialData(ObjectInputStream.java:2390)
	at java.base/java.io.ObjectInputStream.readOrdinaryObject(ObjectInputStream.java:2228)
	at java.base/java.io.ObjectInputStream.readObject0(ObjectInputStream.java:1687)
	at java.base/java.io.ObjectInputStream.defaultReadFields(ObjectInputStream.java:2496)
	at java.base/java.io.ObjectInputStream.defaultReadObject(ObjectInputStream.java:625)
	at org.evosuite.testcase.DefaultTestCase.readObject(DefaultTestCase.java:1217)
	at jdk.internal.reflect.GeneratedMethodAccessor15.invoke(Unknown Source)
	at java.base/jdk.internal.reflect.DelegatingMethodAccessorImpl.invoke(DelegatingMethodAccessorImpl.java:43)
	at java.base/java.lang.reflect.Method.invoke(Method.java:566)
	at java.base/java.io.ObjectStreamClass.invokeReadObject(ObjectStreamClass.java:1046)
	at java.base/java.io.ObjectInputStream.readSerialData(ObjectInputStream.java:2357)
	at java.base/java.io.ObjectInputStream.readOrdinaryObject(ObjectInputStream.java:2228)
	at java.base/java.io.ObjectInputStream.readObject0(ObjectInputStream.java:1687)
	at java.base/java.io.ObjectInputStream.defaultReadFields(ObjectInputStream.java:2496)
	at java.base/java.io.ObjectInputStream.readSerialData(ObjectInputStream.java:2390)
	at java.base/java.io.ObjectInputStream.readOrdinaryObject(ObjectInputStream.java:2228)
	at java.base/java.io.ObjectInputStream.readObject0(ObjectInputStream.java:1687)
	at java.base/java.io.ObjectInputStream.readObject(ObjectInputStream.java:489)
	at java.base/java.io.ObjectInputStream.readObject(ObjectInputStream.java:447)
	at java.base/java.util.ArrayList.readObject(ArrayList.java:929)
	at java.base/jdk.internal.reflect.GeneratedMethodAccessor7.invoke(Unknown Source)
	at java.base/jdk.internal.reflect.DelegatingMethodAccessorImpl.invoke(DelegatingMethodAccessorImpl.java:43)
	at java.base/java.lang.reflect.Method.invoke(Method.java:566)
	at java.base/java.io.ObjectStreamClass.invokeReadObject(ObjectStreamClass.java:1046)
	at java.base/java.io.ObjectInputStream.readSerialData(ObjectInputStream.java:2357)
	at java.base/java.io.ObjectInputStream.readOrdinaryObject(ObjectInputStream.java:2228)
	at java.base/java.io.ObjectInputStream.readObject0(ObjectInputStream.java:1687)
	at java.base/java.io.ObjectInputStream.defaultReadFields(ObjectInputStream.java:2496)
	at java.base/java.io.ObjectInputStream.readSerialData(ObjectInputStream.java:2390)
	at java.base/java.io.ObjectInputStream.readOrdinaryObject(ObjectInputStream.java:2228)
	at java.base/java.io.ObjectInputStream.readObject0(ObjectInputStream.java:1687)
	at java.base/java.io.ObjectInputStream.readObject(ObjectInputStream.java:489)
	at java.base/java.io.ObjectInputStream.readObject(ObjectInputStream.java:447)
	at java.rmi/sun.rmi.server.UnicastRef.unmarshalValue(UnicastRef.java:327)
	at java.rmi/sun.rmi.server.UnicastServerRef.dispatch(UnicastServerRef.java:339)
	... 12 common frames omitted
Caused by: java.lang.IllegalArgumentException: expect to get instruction without BasicBlock already set
	at org.evosuite.graphs.cfg.BasicBlock.appendInstruction(BasicBlock.java:225)
	at org.evosuite.graphs.cfg.BasicBlock.setInstructions(BasicBlock.java:206)
	at org.evosuite.graphs.cfg.BasicBlock.<init>(BasicBlock.java:106)
	at org.evosuite.graphs.cfg.RawControlFlowGraph.determineBasicBlockFor(RawControlFlowGraph.java:314)
	at org.evosuite.graphs.cfg.ActualControlFlowGraph.computeNodes(ActualControlFlowGraph.java:295)
	at org.evosuite.graphs.cfg.ActualControlFlowGraph.computeGraph(ActualControlFlowGraph.java:262)
	at org.evosuite.graphs.cfg.ActualControlFlowGraph.<init>(ActualControlFlowGraph.java:97)
	at org.evosuite.graphs.cfg.CFGGenerator.computeActualCFG(CFGGenerator.java:218)
	at org.evosuite.graphs.cfg.CFGGenerator.registerCFGs(CFGGenerator.java:102)
	at org.evosuite.graphs.cfg.CFGMethodAdapter.visitEnd(CFGMethodAdapter.java:219)
	at org.evosuite.shaded.org.objectweb.asm.MethodVisitor.visitEnd(MethodVisitor.java:783)
	at org.evosuite.shaded.org.objectweb.asm.MethodVisitor.visitEnd(MethodVisitor.java:783)
	at org.evosuite.shaded.org.objectweb.asm.MethodVisitor.visitEnd(MethodVisitor.java:783)
	at org.evosuite.shaded.org.objectweb.asm.tree.MethodNode.accept(MethodNode.java:772)
	at org.evosuite.shaded.org.objectweb.asm.tree.MethodNode.accept(MethodNode.java:649)
	at org.evosuite.shaded.org.objectweb.asm.tree.ClassNode.accept(ClassNode.java:452)
	at org.evosuite.instrumentation.BytecodeInstrumentation.transformBytes(BytecodeInstrumentation.java:282)
	at org.evosuite.instrumentation.InstrumentingClassLoader.getTransformedBytes(InstrumentingClassLoader.java:135)
	at org.evosuite.instrumentation.InstrumentingClassLoader.instrumentClass(InstrumentingClassLoader.java:149)
	... 77 common frames omitted
[Progress:==>                           9%] [Cov:=============>                     38%][Progress:===>                          10%] [Cov:=============>                     38%][MASTER] 12:34:57.923 [logback-1] WARN  ClientNodeImpl - Cannot send statistics to master; continuing without statistics
java.rmi.ServerException: RemoteException occurred in server thread; nested exception is: 
	java.rmi.UnmarshalException: error unmarshalling arguments; nested exception is: 
	java.lang.ClassNotFoundException: expect to get instruction without BasicBlock already set
	at java.rmi/sun.rmi.server.UnicastServerRef.dispatch(UnicastServerRef.java:391)
	at java.rmi/sun.rmi.transport.Transport$1.run(Transport.java:200)
	at java.rmi/sun.rmi.transport.Transport$1.run(Transport.java:197)
	at java.base/java.security.AccessController.doPrivileged(Native Method)
	at java.rmi/sun.rmi.transport.Transport.serviceCall(Transport.java:196)
	at java.rmi/sun.rmi.transport.tcp.TCPTransport.handleMessages(TCPTransport.java:562)
	at java.rmi/sun.rmi.transport.tcp.TCPTransport$ConnectionHandler.run0(TCPTransport.java:796)
	at java.rmi/sun.rmi.transport.tcp.TCPTransport$ConnectionHandler.lambda$run$0(TCPTransport.java:677)
	at java.base/java.security.AccessController.doPrivileged(Native Method)
	at java.rmi/sun.rmi.transport.tcp.TCPTransport$ConnectionHandler.run(TCPTransport.java:676)
	at java.base/java.util.concurrent.ThreadPoolExecutor.runWorker(ThreadPoolExecutor.java:1128)
	at java.base/java.util.concurrent.ThreadPoolExecutor$Worker.run(ThreadPoolExecutor.java:628)
	at java.base/java.lang.Thread.run(Thread.java:829)
	at java.rmi/sun.rmi.transport.StreamRemoteCall.exceptionReceivedFromServer(StreamRemoteCall.java:303)
	at java.rmi/sun.rmi.transport.StreamRemoteCall.executeCall(StreamRemoteCall.java:279)
	at java.rmi/sun.rmi.server.UnicastRef.invoke(UnicastRef.java:164)
	at java.rmi/java.rmi.server.RemoteObjectInvocationHandler.invokeRemoteMethod(RemoteObjectInvocationHandler.java:217)
	at java.rmi/java.rmi.server.RemoteObjectInvocationHandler.invoke(RemoteObjectInvocationHandler.java:162)
	at com.sun.proxy.$Proxy7.evosuite_collectStatistics(Unknown Source)
	at org.evosuite.rmi.service.ClientNodeImpl.updateStatistics(ClientNodeImpl.java:251)
	at org.evosuite.statistics.StatisticsSender.sendIndividualToMaster(StatisticsSender.java:62)
	at org.evosuite.statistics.StatisticsListener.lambda$new$0(StatisticsListener.java:76)
	at java.base/java.lang.Thread.run(Thread.java:829)
Caused by: java.rmi.UnmarshalException: error unmarshalling arguments; nested exception is: 
	java.lang.ClassNotFoundException: expect to get instruction without BasicBlock already set
	at java.rmi/sun.rmi.server.UnicastServerRef.dispatch(UnicastServerRef.java:350)
	at java.rmi/sun.rmi.transport.Transport$1.run(Transport.java:200)
	at java.rmi/sun.rmi.transport.Transport$1.run(Transport.java:197)
	at java.base/java.security.AccessController.doPrivileged(Native Method)
	at java.rmi/sun.rmi.transport.Transport.serviceCall(Transport.java:196)
	at java.rmi/sun.rmi.transport.tcp.TCPTransport.handleMessages(TCPTransport.java:562)
	at java.rmi/sun.rmi.transport.tcp.TCPTransport$ConnectionHandler.run0(TCPTransport.java:796)
	at java.rmi/sun.rmi.transport.tcp.TCPTransport$ConnectionHandler.lambda$run$0(TCPTransport.java:677)
	at java.base/java.security.AccessController.doPrivileged(Native Method)
	at java.rmi/sun.rmi.transport.tcp.TCPTransport$ConnectionHandler.run(TCPTransport.java:676)
	at java.base/java.util.concurrent.ThreadPoolExecutor.runWorker(ThreadPoolExecutor.java:1128)
	at java.base/java.util.concurrent.ThreadPoolExecutor$Worker.run(ThreadPoolExecutor.java:628)
	... 1 common frames omitted
Caused by: java.lang.ClassNotFoundException: expect to get instruction without BasicBlock already set
	at org.evosuite.instrumentation.InstrumentingClassLoader.instrumentClass(InstrumentingClassLoader.java:158)
	at org.evosuite.instrumentation.InstrumentingClassLoader.loadClass(InstrumentingClassLoader.java:126)
	at org.evosuite.utils.generic.GenericClassImpl.getClass(GenericClassImpl.java:139)
	at org.evosuite.utils.generic.GenericClassImpl.getClass(GenericClassImpl.java:105)
	at org.evosuite.utils.generic.GenericClassImpl.readObject(GenericClassImpl.java:1671)
	at jdk.internal.reflect.GeneratedMethodAccessor9.invoke(Unknown Source)
	at java.base/jdk.internal.reflect.DelegatingMethodAccessorImpl.invoke(DelegatingMethodAccessorImpl.java:43)
	at java.base/java.lang.reflect.Method.invoke(Method.java:566)
	at java.base/java.io.ObjectStreamClass.invokeReadObject(ObjectStreamClass.java:1046)
	at java.base/java.io.ObjectInputStream.readSerialData(ObjectInputStream.java:2357)
	at java.base/java.io.ObjectInputStream.readOrdinaryObject(ObjectInputStream.java:2228)
	at java.base/java.io.ObjectInputStream.readObject0(ObjectInputStream.java:1687)
	at java.base/java.io.ObjectInputStream.defaultReadFields(ObjectInputStream.java:2496)
	at java.base/java.io.ObjectInputStream.readSerialData(ObjectInputStream.java:2390)
	at java.base/java.io.ObjectInputStream.readOrdinaryObject(ObjectInputStream.java:2228)
	at java.base/java.io.ObjectInputStream.readObject0(ObjectInputStream.java:1687)
	at java.base/java.io.ObjectInputStream.defaultReadFields(ObjectInputStream.java:2496)
	at java.base/java.io.ObjectInputStream.readSerialData(ObjectInputStream.java:2390)
	at java.base/java.io.ObjectInputStream.readOrdinaryObject(ObjectInputStream.java:2228)
	at java.base/java.io.ObjectInputStream.readObject0(ObjectInputStream.java:1687)
	at java.base/java.io.ObjectInputStream.readObject(ObjectInputStream.java:489)
	at java.base/java.io.ObjectInputStream.readObject(ObjectInputStream.java:447)
	at java.base/java.util.ArrayList.readObject(ArrayList.java:929)
	at java.base/jdk.internal.reflect.GeneratedMethodAccessor7.invoke(Unknown Source)
	at java.base/jdk.internal.reflect.DelegatingMethodAccessorImpl.invoke(DelegatingMethodAccessorImpl.java:43)
	at java.base/java.lang.reflect.Method.invoke(Method.java:566)
	at java.base/java.io.ObjectStreamClass.invokeReadObject(ObjectStreamClass.java:1046)
	at java.base/java.io.ObjectInputStream.readSerialData(ObjectInputStream.java:2357)
	at java.base/java.io.ObjectInputStream.readOrdinaryObject(ObjectInputStream.java:2228)
	at java.base/java.io.ObjectInputStream.readObject0(ObjectInputStream.java:1687)
	at java.base/java.io.ObjectInputStream.defaultReadFields(ObjectInputStream.java:2496)
	at java.base/java.io.ObjectInputStream.readSerialData(ObjectInputStream.java:2390)
	at java.base/java.io.ObjectInputStream.readOrdinaryObject(ObjectInputStream.java:2228)
	at java.base/java.io.ObjectInputStream.readObject0(ObjectInputStream.java:1687)
	at java.base/java.io.ObjectInputStream.defaultReadFields(ObjectInputStream.java:2496)
	at java.base/java.io.ObjectInputStream.defaultReadObject(ObjectInputStream.java:625)
	at org.evosuite.testcase.DefaultTestCase.readObject(DefaultTestCase.java:1217)
	at jdk.internal.reflect.GeneratedMethodAccessor15.invoke(Unknown Source)
	at java.base/jdk.internal.reflect.DelegatingMethodAccessorImpl.invoke(DelegatingMethodAccessorImpl.java:43)
	at java.base/java.lang.reflect.Method.invoke(Method.java:566)
	at java.base/java.io.ObjectStreamClass.invokeReadObject(ObjectStreamClass.java:1046)
	at java.base/java.io.ObjectInputStream.readSerialData(ObjectInputStream.java:2357)
	at java.base/java.io.ObjectInputStream.readOrdinaryObject(ObjectInputStream.java:2228)
	at java.base/java.io.ObjectInputStream.readObject0(ObjectInputStream.java:1687)
	at java.base/java.io.ObjectInputStream.defaultReadFields(ObjectInputStream.java:2496)
	at java.base/java.io.ObjectInputStream.readSerialData(ObjectInputStream.java:2390)
	at java.base/java.io.ObjectInputStream.readOrdinaryObject(ObjectInputStream.java:2228)
	at java.base/java.io.ObjectInputStream.readObject0(ObjectInputStream.java:1687)
	at java.base/java.io.ObjectInputStream.readObject(ObjectInputStream.java:489)
	at java.base/java.io.ObjectInputStream.readObject(ObjectInputStream.java:447)
	at java.base/java.util.ArrayList.readObject(ArrayList.java:929)
	at java.base/jdk.internal.reflect.GeneratedMethodAccessor7.invoke(Unknown Source)
	at java.base/jdk.internal.reflect.DelegatingMethodAccessorImpl.invoke(DelegatingMethodAccessorImpl.java:43)
	at java.base/java.lang.reflect.Method.invoke(Method.java:566)
	at java.base/java.io.ObjectStreamClass.invokeReadObject(ObjectStreamClass.java:1046)
	at java.base/java.io.ObjectInputStream.readSerialData(ObjectInputStream.java:2357)
	at java.base/java.io.ObjectInputStream.readOrdinaryObject(ObjectInputStream.java:2228)
	at java.base/java.io.ObjectInputStream.readObject0(ObjectInputStream.java:1687)
	at java.base/java.io.ObjectInputStream.defaultReadFields(ObjectInputStream.java:2496)
	at java.base/java.io.ObjectInputStream.readSerialData(ObjectInputStream.java:2390)
	at java.base/java.io.ObjectInputStream.readOrdinaryObject(ObjectInputStream.java:2228)
	at java.base/java.io.ObjectInputStream.readObject0(ObjectInputStream.java:1687)
	at java.base/java.io.ObjectInputStream.readObject(ObjectInputStream.java:489)
	at java.base/java.io.ObjectInputStream.readObject(ObjectInputStream.java:447)
	at java.rmi/sun.rmi.server.UnicastRef.unmarshalValue(UnicastRef.java:327)
	at java.rmi/sun.rmi.server.UnicastServerRef.dispatch(UnicastServerRef.java:339)
	... 12 common frames omitted
Caused by: java.lang.IllegalArgumentException: expect to get instruction without BasicBlock already set
	at org.evosuite.graphs.cfg.BasicBlock.appendInstruction(BasicBlock.java:225)
	at org.evosuite.graphs.cfg.BasicBlock.setInstructions(BasicBlock.java:206)
	at org.evosuite.graphs.cfg.BasicBlock.<init>(BasicBlock.java:106)
	at org.evosuite.graphs.cfg.RawControlFlowGraph.determineBasicBlockFor(RawControlFlowGraph.java:314)
	at org.evosuite.graphs.cfg.ActualControlFlowGraph.computeNodes(ActualControlFlowGraph.java:295)
	at org.evosuite.graphs.cfg.ActualControlFlowGraph.computeGraph(ActualControlFlowGraph.java:262)
	at org.evosuite.graphs.cfg.ActualControlFlowGraph.<init>(ActualControlFlowGraph.java:97)
	at org.evosuite.graphs.cfg.CFGGenerator.computeActualCFG(CFGGenerator.java:218)
	at org.evosuite.graphs.cfg.CFGGenerator.registerCFGs(CFGGenerator.java:102)
	at org.evosuite.graphs.cfg.CFGMethodAdapter.visitEnd(CFGMethodAdapter.java:219)
	at org.evosuite.shaded.org.objectweb.asm.MethodVisitor.visitEnd(MethodVisitor.java:783)
	at org.evosuite.shaded.org.objectweb.asm.MethodVisitor.visitEnd(MethodVisitor.java:783)
	at org.evosuite.shaded.org.objectweb.asm.MethodVisitor.visitEnd(MethodVisitor.java:783)
	at org.evosuite.shaded.org.objectweb.asm.tree.MethodNode.accept(MethodNode.java:772)
	at org.evosuite.shaded.org.objectweb.asm.tree.MethodNode.accept(MethodNode.java:649)
	at org.evosuite.shaded.org.objectweb.asm.tree.ClassNode.accept(ClassNode.java:452)
	at org.evosuite.instrumentation.BytecodeInstrumentation.transformBytes(BytecodeInstrumentation.java:282)
	at org.evosuite.instrumentation.InstrumentingClassLoader.getTransformedBytes(InstrumentingClassLoader.java:135)
	at org.evosuite.instrumentation.InstrumentingClassLoader.instrumentClass(InstrumentingClassLoader.java:149)
	... 77 common frames omitted
[Progress:===>                          10%] [Cov:=============>                     38%][MASTER] 12:34:58.973 [logback-1] WARN  ClientNodeImpl - Cannot send statistics to master; continuing without statistics
java.rmi.ServerException: RemoteException occurred in server thread; nested exception is: 
	java.rmi.UnmarshalException: error unmarshalling arguments; nested exception is: 
	java.lang.ClassNotFoundException: expect to get instruction without BasicBlock already set
	at java.rmi/sun.rmi.server.UnicastServerRef.dispatch(UnicastServerRef.java:391)
	at java.rmi/sun.rmi.transport.Transport$1.run(Transport.java:200)
	at java.rmi/sun.rmi.transport.Transport$1.run(Transport.java:197)
	at java.base/java.security.AccessController.doPrivileged(Native Method)
	at java.rmi/sun.rmi.transport.Transport.serviceCall(Transport.java:196)
	at java.rmi/sun.rmi.transport.tcp.TCPTransport.handleMessages(TCPTransport.java:562)
	at java.rmi/sun.rmi.transport.tcp.TCPTransport$ConnectionHandler.run0(TCPTransport.java:796)
	at java.rmi/sun.rmi.transport.tcp.TCPTransport$ConnectionHandler.lambda$run$0(TCPTransport.java:677)
	at java.base/java.security.AccessController.doPrivileged(Native Method)
	at java.rmi/sun.rmi.transport.tcp.TCPTransport$ConnectionHandler.run(TCPTransport.java:676)
	at java.base/java.util.concurrent.ThreadPoolExecutor.runWorker(ThreadPoolExecutor.java:1128)
	at java.base/java.util.concurrent.ThreadPoolExecutor$Worker.run(ThreadPoolExecutor.java:628)
	at java.base/java.lang.Thread.run(Thread.java:829)
	at java.rmi/sun.rmi.transport.StreamRemoteCall.exceptionReceivedFromServer(StreamRemoteCall.java:303)
	at java.rmi/sun.rmi.transport.StreamRemoteCall.executeCall(StreamRemoteCall.java:279)
	at java.rmi/sun.rmi.server.UnicastRef.invoke(UnicastRef.java:164)
	at java.rmi/java.rmi.server.RemoteObjectInvocationHandler.invokeRemoteMethod(RemoteObjectInvocationHandler.java:217)
	at java.rmi/java.rmi.server.RemoteObjectInvocationHandler.invoke(RemoteObjectInvocationHandler.java:162)
	at com.sun.proxy.$Proxy7.evosuite_collectStatistics(Unknown Source)
	at org.evosuite.rmi.service.ClientNodeImpl.updateStatistics(ClientNodeImpl.java:251)
	at org.evosuite.statistics.StatisticsSender.sendIndividualToMaster(StatisticsSender.java:62)
	at org.evosuite.statistics.StatisticsListener.lambda$new$0(StatisticsListener.java:76)
	at java.base/java.lang.Thread.run(Thread.java:829)
Caused by: java.rmi.UnmarshalException: error unmarshalling arguments; nested exception is: 
	java.lang.ClassNotFoundException: expect to get instruction without BasicBlock already set
	at java.rmi/sun.rmi.server.UnicastServerRef.dispatch(UnicastServerRef.java:350)
	at java.rmi/sun.rmi.transport.Transport$1.run(Transport.java:200)
	at java.rmi/sun.rmi.transport.Transport$1.run(Transport.java:197)
	at java.base/java.security.AccessController.doPrivileged(Native Method)
	at java.rmi/sun.rmi.transport.Transport.serviceCall(Transport.java:196)
	at java.rmi/sun.rmi.transport.tcp.TCPTransport.handleMessages(TCPTransport.java:562)
	at java.rmi/sun.rmi.transport.tcp.TCPTransport$ConnectionHandler.run0(TCPTransport.java:796)
	at java.rmi/sun.rmi.transport.tcp.TCPTransport$ConnectionHandler.lambda$run$0(TCPTransport.java:677)
	at java.base/java.security.AccessController.doPrivileged(Native Method)
	at java.rmi/sun.rmi.transport.tcp.TCPTransport$ConnectionHandler.run(TCPTransport.java:676)
	at java.base/java.util.concurrent.ThreadPoolExecutor.runWorker(ThreadPoolExecutor.java:1128)
	at java.base/java.util.concurrent.ThreadPoolExecutor$Worker.run(ThreadPoolExecutor.java:628)
	... 1 common frames omitted
Caused by: java.lang.ClassNotFoundException: expect to get instruction without BasicBlock already set
	at org.evosuite.instrumentation.InstrumentingClassLoader.instrumentClass(InstrumentingClassLoader.java:158)
	at org.evosuite.instrumentation.InstrumentingClassLoader.loadClass(InstrumentingClassLoader.java:126)
	at org.evosuite.utils.generic.GenericClassImpl.getClass(GenericClassImpl.java:139)
	at org.evosuite.utils.generic.GenericClassImpl.getClass(GenericClassImpl.java:105)
	at org.evosuite.utils.generic.GenericClassImpl.readObject(GenericClassImpl.java:1671)
	at jdk.internal.reflect.GeneratedMethodAccessor9.invoke(Unknown Source)
	at java.base/jdk.internal.reflect.DelegatingMethodAccessorImpl.invoke(DelegatingMethodAccessorImpl.java:43)
	at java.base/java.lang.reflect.Method.invoke(Method.java:566)
	at java.base/java.io.ObjectStreamClass.invokeReadObject(ObjectStreamClass.java:1046)
	at java.base/java.io.ObjectInputStream.readSerialData(ObjectInputStream.java:2357)
	at java.base/java.io.ObjectInputStream.readOrdinaryObject(ObjectInputStream.java:2228)
	at java.base/java.io.ObjectInputStream.readObject0(ObjectInputStream.java:1687)
	at java.base/java.io.ObjectInputStream.defaultReadFields(ObjectInputStream.java:2496)
	at java.base/java.io.ObjectInputStream.readSerialData(ObjectInputStream.java:2390)
	at java.base/java.io.ObjectInputStream.readOrdinaryObject(ObjectInputStream.java:2228)
	at java.base/java.io.ObjectInputStream.readObject0(ObjectInputStream.java:1687)
	at java.base/java.io.ObjectInputStream.defaultReadFields(ObjectInputStream.java:2496)
	at java.base/java.io.ObjectInputStream.readSerialData(ObjectInputStream.java:2390)
	at java.base/java.io.ObjectInputStream.readOrdinaryObject(ObjectInputStream.java:2228)
	at java.base/java.io.ObjectInputStream.readObject0(ObjectInputStream.java:1687)
	at java.base/java.io.ObjectInputStream.readObject(ObjectInputStream.java:489)
	at java.base/java.io.ObjectInputStream.readObject(ObjectInputStream.java:447)
	at java.base/java.util.ArrayList.readObject(ArrayList.java:929)
	at java.base/jdk.internal.reflect.GeneratedMethodAccessor7.invoke(Unknown Source)
	at java.base/jdk.internal.reflect.DelegatingMethodAccessorImpl.invoke(DelegatingMethodAccessorImpl.java:43)
	at java.base/java.lang.reflect.Method.invoke(Method.java:566)
	at java.base/java.io.ObjectStreamClass.invokeReadObject(ObjectStreamClass.java:1046)
	at java.base/java.io.ObjectInputStream.readSerialData(ObjectInputStream.java:2357)
	at java.base/java.io.ObjectInputStream.readOrdinaryObject(ObjectInputStream.java:2228)
	at java.base/java.io.ObjectInputStream.readObject0(ObjectInputStream.java:1687)
	at java.base/java.io.ObjectInputStream.defaultReadFields(ObjectInputStream.java:2496)
	at java.base/java.io.ObjectInputStream.readSerialData(ObjectInputStream.java:2390)
	at java.base/java.io.ObjectInputStream.readOrdinaryObject(ObjectInputStream.java:2228)
	at java.base/java.io.ObjectInputStream.readObject0(ObjectInputStream.java:1687)
	at java.base/java.io.ObjectInputStream.defaultReadFields(ObjectInputStream.java:2496)
	at java.base/java.io.ObjectInputStream.defaultReadObject(ObjectInputStream.java:625)
	at org.evosuite.testcase.DefaultTestCase.readObject(DefaultTestCase.java:1217)
	at jdk.internal.reflect.GeneratedMethodAccessor15.invoke(Unknown Source)
	at java.base/jdk.internal.reflect.DelegatingMethodAccessorImpl.invoke(DelegatingMethodAccessorImpl.java:43)
	at java.base/java.lang.reflect.Method.invoke(Method.java:566)
	at java.base/java.io.ObjectStreamClass.invokeReadObject(ObjectStreamClass.java:1046)
	at java.base/java.io.ObjectInputStream.readSerialData(ObjectInputStream.java:2357)
	at java.base/java.io.ObjectInputStream.readOrdinaryObject(ObjectInputStream.java:2228)
	at java.base/java.io.ObjectInputStream.readObject0(ObjectInputStream.java:1687)
	at java.base/java.io.ObjectInputStream.defaultReadFields(ObjectInputStream.java:2496)
	at java.base/java.io.ObjectInputStream.readSerialData(ObjectInputStream.java:2390)
	at java.base/java.io.ObjectInputStream.readOrdinaryObject(ObjectInputStream.java:2228)
	at java.base/java.io.ObjectInputStream.readObject0(ObjectInputStream.java:1687)
	at java.base/java.io.ObjectInputStream.readObject(ObjectInputStream.java:489)
	at java.base/java.io.ObjectInputStream.readObject(ObjectInputStream.java:447)
	at java.base/java.util.ArrayList.readObject(ArrayList.java:929)
	at java.base/jdk.internal.reflect.GeneratedMethodAccessor7.invoke(Unknown Source)
	at java.base/jdk.internal.reflect.DelegatingMethodAccessorImpl.invoke(DelegatingMethodAccessorImpl.java:43)
	at java.base/java.lang.reflect.Method.invoke(Method.java:566)
	at java.base/java.io.ObjectStreamClass.invokeReadObject(ObjectStreamClass.java:1046)
	at java.base/java.io.ObjectInputStream.readSerialData(ObjectInputStream.java:2357)
	at java.base/java.io.ObjectInputStream.readOrdinaryObject(ObjectInputStream.java:2228)
	at java.base/java.io.ObjectInputStream.readObject0(ObjectInputStream.java:1687)
	at java.base/java.io.ObjectInputStream.defaultReadFields(ObjectInputStream.java:2496)
	at java.base/java.io.ObjectInputStream.readSerialData(ObjectInputStream.java:2390)
	at java.base/java.io.ObjectInputStream.readOrdinaryObject(ObjectInputStream.java:2228)
	at java.base/java.io.ObjectInputStream.readObject0(ObjectInputStream.java:1687)
	at java.base/java.io.ObjectInputStream.readObject(ObjectInputStream.java:489)
	at java.base/java.io.ObjectInputStream.readObject(ObjectInputStream.java:447)
	at java.rmi/sun.rmi.server.UnicastRef.unmarshalValue(UnicastRef.java:327)
	at java.rmi/sun.rmi.server.UnicastServerRef.dispatch(UnicastServerRef.java:339)
	... 12 common frames omitted
Caused by: java.lang.IllegalArgumentException: expect to get instruction without BasicBlock already set
	at org.evosuite.graphs.cfg.BasicBlock.appendInstruction(BasicBlock.java:225)
	at org.evosuite.graphs.cfg.BasicBlock.setInstructions(BasicBlock.java:206)
	at org.evosuite.graphs.cfg.BasicBlock.<init>(BasicBlock.java:106)
	at org.evosuite.graphs.cfg.RawControlFlowGraph.determineBasicBlockFor(RawControlFlowGraph.java:314)
	at org.evosuite.graphs.cfg.ActualControlFlowGraph.computeNodes(ActualControlFlowGraph.java:295)
	at org.evosuite.graphs.cfg.ActualControlFlowGraph.computeGraph(ActualControlFlowGraph.java:262)
	at org.evosuite.graphs.cfg.ActualControlFlowGraph.<init>(ActualControlFlowGraph.java:97)
	at org.evosuite.graphs.cfg.CFGGenerator.computeActualCFG(CFGGenerator.java:218)
	at org.evosuite.graphs.cfg.CFGGenerator.registerCFGs(CFGGenerator.java:102)
	at org.evosuite.graphs.cfg.CFGMethodAdapter.visitEnd(CFGMethodAdapter.java:219)
	at org.evosuite.shaded.org.objectweb.asm.MethodVisitor.visitEnd(MethodVisitor.java:783)
	at org.evosuite.shaded.org.objectweb.asm.MethodVisitor.visitEnd(MethodVisitor.java:783)
	at org.evosuite.shaded.org.objectweb.asm.MethodVisitor.visitEnd(MethodVisitor.java:783)
	at org.evosuite.shaded.org.objectweb.asm.tree.MethodNode.accept(MethodNode.java:772)
	at org.evosuite.shaded.org.objectweb.asm.tree.MethodNode.accept(MethodNode.java:649)
	at org.evosuite.shaded.org.objectweb.asm.tree.ClassNode.accept(ClassNode.java:452)
	at org.evosuite.instrumentation.BytecodeInstrumentation.transformBytes(BytecodeInstrumentation.java:282)
	at org.evosuite.instrumentation.InstrumentingClassLoader.getTransformedBytes(InstrumentingClassLoader.java:135)
	at org.evosuite.instrumentation.InstrumentingClassLoader.instrumentClass(InstrumentingClassLoader.java:149)
	... 77 common frames omitted
[Progress:===>                          10%] [Cov:=============>                     39%][Progress:===>                          10%] [Cov:=============>                     39%][Progress:===>                          11%] [Cov:=============>                     38%][Progress:===>                          11%] [Cov:=============>                     39%][MASTER] 12:35:00.092 [logback-1] WARN  ClientNodeImpl - Cannot send statistics to master; continuing without statistics
java.rmi.ServerException: RemoteException occurred in server thread; nested exception is: 
	java.rmi.UnmarshalException: error unmarshalling arguments; nested exception is: 
	java.lang.ClassNotFoundException: expect to get instruction without BasicBlock already set
	at java.rmi/sun.rmi.server.UnicastServerRef.dispatch(UnicastServerRef.java:391)
	at java.rmi/sun.rmi.transport.Transport$1.run(Transport.java:200)
	at java.rmi/sun.rmi.transport.Transport$1.run(Transport.java:197)
	at java.base/java.security.AccessController.doPrivileged(Native Method)
	at java.rmi/sun.rmi.transport.Transport.serviceCall(Transport.java:196)
	at java.rmi/sun.rmi.transport.tcp.TCPTransport.handleMessages(TCPTransport.java:562)
	at java.rmi/sun.rmi.transport.tcp.TCPTransport$ConnectionHandler.run0(TCPTransport.java:796)
	at java.rmi/sun.rmi.transport.tcp.TCPTransport$ConnectionHandler.lambda$run$0(TCPTransport.java:677)
	at java.base/java.security.AccessController.doPrivileged(Native Method)
	at java.rmi/sun.rmi.transport.tcp.TCPTransport$ConnectionHandler.run(TCPTransport.java:676)
	at java.base/java.util.concurrent.ThreadPoolExecutor.runWorker(ThreadPoolExecutor.java:1128)
	at java.base/java.util.concurrent.ThreadPoolExecutor$Worker.run(ThreadPoolExecutor.java:628)
	at java.base/java.lang.Thread.run(Thread.java:829)
	at java.rmi/sun.rmi.transport.StreamRemoteCall.exceptionReceivedFromServer(StreamRemoteCall.java:303)
	at java.rmi/sun.rmi.transport.StreamRemoteCall.executeCall(StreamRemoteCall.java:279)
	at java.rmi/sun.rmi.server.UnicastRef.invoke(UnicastRef.java:164)
	at java.rmi/java.rmi.server.RemoteObjectInvocationHandler.invokeRemoteMethod(RemoteObjectInvocationHandler.java:217)
	at java.rmi/java.rmi.server.RemoteObjectInvocationHandler.invoke(RemoteObjectInvocationHandler.java:162)
	at com.sun.proxy.$Proxy7.evosuite_collectStatistics(Unknown Source)
	at org.evosuite.rmi.service.ClientNodeImpl.updateStatistics(ClientNodeImpl.java:251)
	at org.evosuite.statistics.StatisticsSender.sendIndividualToMaster(StatisticsSender.java:62)
	at org.evosuite.statistics.StatisticsListener.lambda$new$0(StatisticsListener.java:76)
	at java.base/java.lang.Thread.run(Thread.java:829)
Caused by: java.rmi.UnmarshalException: error unmarshalling arguments; nested exception is: 
	java.lang.ClassNotFoundException: expect to get instruction without BasicBlock already set
	at java.rmi/sun.rmi.server.UnicastServerRef.dispatch(UnicastServerRef.java:350)
	at java.rmi/sun.rmi.transport.Transport$1.run(Transport.java:200)
	at java.rmi/sun.rmi.transport.Transport$1.run(Transport.java:197)
	at java.base/java.security.AccessController.doPrivileged(Native Method)
	at java.rmi/sun.rmi.transport.Transport.serviceCall(Transport.java:196)
	at java.rmi/sun.rmi.transport.tcp.TCPTransport.handleMessages(TCPTransport.java:562)
	at java.rmi/sun.rmi.transport.tcp.TCPTransport$ConnectionHandler.run0(TCPTransport.java:796)
	at java.rmi/sun.rmi.transport.tcp.TCPTransport$ConnectionHandler.lambda$run$0(TCPTransport.java:677)
	at java.base/java.security.AccessController.doPrivileged(Native Method)
	at java.rmi/sun.rmi.transport.tcp.TCPTransport$ConnectionHandler.run(TCPTransport.java:676)
	at java.base/java.util.concurrent.ThreadPoolExecutor.runWorker(ThreadPoolExecutor.java:1128)
	at java.base/java.util.concurrent.ThreadPoolExecutor$Worker.run(ThreadPoolExecutor.java:628)
	... 1 common frames omitted
Caused by: java.lang.ClassNotFoundException: expect to get instruction without BasicBlock already set
	at org.evosuite.instrumentation.InstrumentingClassLoader.instrumentClass(InstrumentingClassLoader.java:158)
	at org.evosuite.instrumentation.InstrumentingClassLoader.loadClass(InstrumentingClassLoader.java:126)
	at org.evosuite.utils.generic.GenericClassImpl.getClass(GenericClassImpl.java:139)
	at org.evosuite.utils.generic.GenericClassImpl.getClass(GenericClassImpl.java:105)
	at org.evosuite.utils.generic.GenericClassImpl.readObject(GenericClassImpl.java:1671)
	at jdk.internal.reflect.GeneratedMethodAccessor9.invoke(Unknown Source)
	at java.base/jdk.internal.reflect.DelegatingMethodAccessorImpl.invoke(DelegatingMethodAccessorImpl.java:43)
	at java.base/java.lang.reflect.Method.invoke(Method.java:566)
	at java.base/java.io.ObjectStreamClass.invokeReadObject(ObjectStreamClass.java:1046)
	at java.base/java.io.ObjectInputStream.readSerialData(ObjectInputStream.java:2357)
	at java.base/java.io.ObjectInputStream.readOrdinaryObject(ObjectInputStream.java:2228)
	at java.base/java.io.ObjectInputStream.readObject0(ObjectInputStream.java:1687)
	at java.base/java.io.ObjectInputStream.defaultReadFields(ObjectInputStream.java:2496)
	at java.base/java.io.ObjectInputStream.readSerialData(ObjectInputStream.java:2390)
	at java.base/java.io.ObjectInputStream.readOrdinaryObject(ObjectInputStream.java:2228)
	at java.base/java.io.ObjectInputStream.readObject0(ObjectInputStream.java:1687)
	at java.base/java.io.ObjectInputStream.defaultReadFields(ObjectInputStream.java:2496)
	at java.base/java.io.ObjectInputStream.readSerialData(ObjectInputStream.java:2390)
	at java.base/java.io.ObjectInputStream.readOrdinaryObject(ObjectInputStream.java:2228)
	at java.base/java.io.ObjectInputStream.readObject0(ObjectInputStream.java:1687)
	at java.base/java.io.ObjectInputStream.readObject(ObjectInputStream.java:489)
	at java.base/java.io.ObjectInputStream.readObject(ObjectInputStream.java:447)
	at java.base/java.util.ArrayList.readObject(ArrayList.java:929)
	at java.base/jdk.internal.reflect.GeneratedMethodAccessor7.invoke(Unknown Source)
	at java.base/jdk.internal.reflect.DelegatingMethodAccessorImpl.invoke(DelegatingMethodAccessorImpl.java:43)
	at java.base/java.lang.reflect.Method.invoke(Method.java:566)
	at java.base/java.io.ObjectStreamClass.invokeReadObject(ObjectStreamClass.java:1046)
	at java.base/java.io.ObjectInputStream.readSerialData(ObjectInputStream.java:2357)
	at java.base/java.io.ObjectInputStream.readOrdinaryObject(ObjectInputStream.java:2228)
	at java.base/java.io.ObjectInputStream.readObject0(ObjectInputStream.java:1687)
	at java.base/java.io.ObjectInputStream.defaultReadFields(ObjectInputStream.java:2496)
	at java.base/java.io.ObjectInputStream.readSerialData(ObjectInputStream.java:2390)
	at java.base/java.io.ObjectInputStream.readOrdinaryObject(ObjectInputStream.java:2228)
	at java.base/java.io.ObjectInputStream.readObject0(ObjectInputStream.java:1687)
	at java.base/java.io.ObjectInputStream.defaultReadFields(ObjectInputStream.java:2496)
	at java.base/java.io.ObjectInputStream.defaultReadObject(ObjectInputStream.java:625)
	at org.evosuite.testcase.DefaultTestCase.readObject(DefaultTestCase.java:1217)
	at jdk.internal.reflect.GeneratedMethodAccessor15.invoke(Unknown Source)
	at java.base/jdk.internal.reflect.DelegatingMethodAccessorImpl.invoke(DelegatingMethodAccessorImpl.java:43)
	at java.base/java.lang.reflect.Method.invoke(Method.java:566)
	at java.base/java.io.ObjectStreamClass.invokeReadObject(ObjectStreamClass.java:1046)
	at java.base/java.io.ObjectInputStream.readSerialData(ObjectInputStream.java:2357)
	at java.base/java.io.ObjectInputStream.readOrdinaryObject(ObjectInputStream.java:2228)
	at java.base/java.io.ObjectInputStream.readObject0(ObjectInputStream.java:1687)
	at java.base/java.io.ObjectInputStream.defaultReadFields(ObjectInputStream.java:2496)
	at java.base/java.io.ObjectInputStream.readSerialData(ObjectInputStream.java:2390)
	at java.base/java.io.ObjectInputStream.readOrdinaryObject(ObjectInputStream.java:2228)
	at java.base/java.io.ObjectInputStream.readObject0(ObjectInputStream.java:1687)
	at java.base/java.io.ObjectInputStream.readObject(ObjectInputStream.java:489)
	at java.base/java.io.ObjectInputStream.readObject(ObjectInputStream.java:447)
	at java.base/java.util.ArrayList.readObject(ArrayList.java:929)
	at java.base/jdk.internal.reflect.GeneratedMethodAccessor7.invoke(Unknown Source)
	at java.base/jdk.internal.reflect.DelegatingMethodAccessorImpl.invoke(DelegatingMethodAccessorImpl.java:43)
	at java.base/java.lang.reflect.Method.invoke(Method.java:566)
	at java.base/java.io.ObjectStreamClass.invokeReadObject(ObjectStreamClass.java:1046)
	at java.base/java.io.ObjectInputStream.readSerialData(ObjectInputStream.java:2357)
	at java.base/java.io.ObjectInputStream.readOrdinaryObject(ObjectInputStream.java:2228)
	at java.base/java.io.ObjectInputStream.readObject0(ObjectInputStream.java:1687)
	at java.base/java.io.ObjectInputStream.defaultReadFields(ObjectInputStream.java:2496)
	at java.base/java.io.ObjectInputStream.readSerialData(ObjectInputStream.java:2390)
	at java.base/java.io.ObjectInputStream.readOrdinaryObject(ObjectInputStream.java:2228)
	at java.base/java.io.ObjectInputStream.readObject0(ObjectInputStream.java:1687)
	at java.base/java.io.ObjectInputStream.readObject(ObjectInputStream.java:489)
	at java.base/java.io.ObjectInputStream.readObject(ObjectInputStream.java:447)
	at java.rmi/sun.rmi.server.UnicastRef.unmarshalValue(UnicastRef.java:327)
	at java.rmi/sun.rmi.server.UnicastServerRef.dispatch(UnicastServerRef.java:339)
	... 12 common frames omitted
Caused by: java.lang.IllegalArgumentException: expect to get instruction without BasicBlock already set
	at org.evosuite.graphs.cfg.BasicBlock.appendInstruction(BasicBlock.java:225)
	at org.evosuite.graphs.cfg.BasicBlock.setInstructions(BasicBlock.java:206)
	at org.evosuite.graphs.cfg.BasicBlock.<init>(BasicBlock.java:106)
	at org.evosuite.graphs.cfg.RawControlFlowGraph.determineBasicBlockFor(RawControlFlowGraph.java:314)
	at org.evosuite.graphs.cfg.ActualControlFlowGraph.computeNodes(ActualControlFlowGraph.java:295)
	at org.evosuite.graphs.cfg.ActualControlFlowGraph.computeGraph(ActualControlFlowGraph.java:262)
	at org.evosuite.graphs.cfg.ActualControlFlowGraph.<init>(ActualControlFlowGraph.java:97)
	at org.evosuite.graphs.cfg.CFGGenerator.computeActualCFG(CFGGenerator.java:218)
	at org.evosuite.graphs.cfg.CFGGenerator.registerCFGs(CFGGenerator.java:102)
	at org.evosuite.graphs.cfg.CFGMethodAdapter.visitEnd(CFGMethodAdapter.java:219)
	at org.evosuite.shaded.org.objectweb.asm.MethodVisitor.visitEnd(MethodVisitor.java:783)
	at org.evosuite.shaded.org.objectweb.asm.MethodVisitor.visitEnd(MethodVisitor.java:783)
	at org.evosuite.shaded.org.objectweb.asm.MethodVisitor.visitEnd(MethodVisitor.java:783)
	at org.evosuite.shaded.org.objectweb.asm.tree.MethodNode.accept(MethodNode.java:772)
	at org.evosuite.shaded.org.objectweb.asm.tree.MethodNode.accept(MethodNode.java:649)
	at org.evosuite.shaded.org.objectweb.asm.tree.ClassNode.accept(ClassNode.java:452)
	at org.evosuite.instrumentation.BytecodeInstrumentation.transformBytes(BytecodeInstrumentation.java:282)
	at org.evosuite.instrumentation.InstrumentingClassLoader.getTransformedBytes(InstrumentingClassLoader.java:135)
	at org.evosuite.instrumentation.InstrumentingClassLoader.instrumentClass(InstrumentingClassLoader.java:149)
	... 77 common frames omitted
[Progress:===>                          11%] [Cov:=============>                     39%][Progress:===>                          12%] [Cov:=============>                     39%][MASTER] 12:35:01.266 [logback-1] WARN  ClientNodeImpl - Cannot send statistics to master; continuing without statistics
java.rmi.ServerException: RemoteException occurred in server thread; nested exception is: 
	java.rmi.UnmarshalException: error unmarshalling arguments; nested exception is: 
	java.lang.ClassNotFoundException: expect to get instruction without BasicBlock already set
	at java.rmi/sun.rmi.server.UnicastServerRef.dispatch(UnicastServerRef.java:391)
	at java.rmi/sun.rmi.transport.Transport$1.run(Transport.java:200)
	at java.rmi/sun.rmi.transport.Transport$1.run(Transport.java:197)
	at java.base/java.security.AccessController.doPrivileged(Native Method)
	at java.rmi/sun.rmi.transport.Transport.serviceCall(Transport.java:196)
	at java.rmi/sun.rmi.transport.tcp.TCPTransport.handleMessages(TCPTransport.java:562)
	at java.rmi/sun.rmi.transport.tcp.TCPTransport$ConnectionHandler.run0(TCPTransport.java:796)
	at java.rmi/sun.rmi.transport.tcp.TCPTransport$ConnectionHandler.lambda$run$0(TCPTransport.java:677)
	at java.base/java.security.AccessController.doPrivileged(Native Method)
	at java.rmi/sun.rmi.transport.tcp.TCPTransport$ConnectionHandler.run(TCPTransport.java:676)
	at java.base/java.util.concurrent.ThreadPoolExecutor.runWorker(ThreadPoolExecutor.java:1128)
	at java.base/java.util.concurrent.ThreadPoolExecutor$Worker.run(ThreadPoolExecutor.java:628)
	at java.base/java.lang.Thread.run(Thread.java:829)
	at java.rmi/sun.rmi.transport.StreamRemoteCall.exceptionReceivedFromServer(StreamRemoteCall.java:303)
	at java.rmi/sun.rmi.transport.StreamRemoteCall.executeCall(StreamRemoteCall.java:279)
	at java.rmi/sun.rmi.server.UnicastRef.invoke(UnicastRef.java:164)
	at java.rmi/java.rmi.server.RemoteObjectInvocationHandler.invokeRemoteMethod(RemoteObjectInvocationHandler.java:217)
	at java.rmi/java.rmi.server.RemoteObjectInvocationHandler.invoke(RemoteObjectInvocationHandler.java:162)
	at com.sun.proxy.$Proxy7.evosuite_collectStatistics(Unknown Source)
	at org.evosuite.rmi.service.ClientNodeImpl.updateStatistics(ClientNodeImpl.java:251)
	at org.evosuite.statistics.StatisticsSender.sendIndividualToMaster(StatisticsSender.java:62)
	at org.evosuite.statistics.StatisticsListener.lambda$new$0(StatisticsListener.java:76)
	at java.base/java.lang.Thread.run(Thread.java:829)
Caused by: java.rmi.UnmarshalException: error unmarshalling arguments; nested exception is: 
	java.lang.ClassNotFoundException: expect to get instruction without BasicBlock already set
	at java.rmi/sun.rmi.server.UnicastServerRef.dispatch(UnicastServerRef.java:350)
	at java.rmi/sun.rmi.transport.Transport$1.run(Transport.java:200)
	at java.rmi/sun.rmi.transport.Transport$1.run(Transport.java:197)
	at java.base/java.security.AccessController.doPrivileged(Native Method)
	at java.rmi/sun.rmi.transport.Transport.serviceCall(Transport.java:196)
	at java.rmi/sun.rmi.transport.tcp.TCPTransport.handleMessages(TCPTransport.java:562)
	at java.rmi/sun.rmi.transport.tcp.TCPTransport$ConnectionHandler.run0(TCPTransport.java:796)
	at java.rmi/sun.rmi.transport.tcp.TCPTransport$ConnectionHandler.lambda$run$0(TCPTransport.java:677)
	at java.base/java.security.AccessController.doPrivileged(Native Method)
	at java.rmi/sun.rmi.transport.tcp.TCPTransport$ConnectionHandler.run(TCPTransport.java:676)
	at java.base/java.util.concurrent.ThreadPoolExecutor.runWorker(ThreadPoolExecutor.java:1128)
	at java.base/java.util.concurrent.ThreadPoolExecutor$Worker.run(ThreadPoolExecutor.java:628)
	... 1 common frames omitted
Caused by: java.lang.ClassNotFoundException: expect to get instruction without BasicBlock already set
	at org.evosuite.instrumentation.InstrumentingClassLoader.instrumentClass(InstrumentingClassLoader.java:158)
	at org.evosuite.instrumentation.InstrumentingClassLoader.loadClass(InstrumentingClassLoader.java:126)
	at org.evosuite.utils.generic.GenericClassImpl.getClass(GenericClassImpl.java:139)
	at org.evosuite.utils.generic.GenericClassImpl.getClass(GenericClassImpl.java:105)
	at org.evosuite.utils.generic.GenericClassImpl.readObject(GenericClassImpl.java:1671)
	at jdk.internal.reflect.GeneratedMethodAccessor9.invoke(Unknown Source)
	at java.base/jdk.internal.reflect.DelegatingMethodAccessorImpl.invoke(DelegatingMethodAccessorImpl.java:43)
	at java.base/java.lang.reflect.Method.invoke(Method.java:566)
	at java.base/java.io.ObjectStreamClass.invokeReadObject(ObjectStreamClass.java:1046)
	at java.base/java.io.ObjectInputStream.readSerialData(ObjectInputStream.java:2357)
	at java.base/java.io.ObjectInputStream.readOrdinaryObject(ObjectInputStream.java:2228)
	at java.base/java.io.ObjectInputStream.readObject0(ObjectInputStream.java:1687)
	at java.base/java.io.ObjectInputStream.defaultReadFields(ObjectInputStream.java:2496)
	at java.base/java.io.ObjectInputStream.readSerialData(ObjectInputStream.java:2390)
	at java.base/java.io.ObjectInputStream.readOrdinaryObject(ObjectInputStream.java:2228)
	at java.base/java.io.ObjectInputStream.readObject0(ObjectInputStream.java:1687)
	at java.base/java.io.ObjectInputStream.defaultReadFields(ObjectInputStream.java:2496)
	at java.base/java.io.ObjectInputStream.readSerialData(ObjectInputStream.java:2390)
	at java.base/java.io.ObjectInputStream.readOrdinaryObject(ObjectInputStream.java:2228)
	at java.base/java.io.ObjectInputStream.readObject0(ObjectInputStream.java:1687)
	at java.base/java.io.ObjectInputStream.readObject(ObjectInputStream.java:489)
	at java.base/java.io.ObjectInputStream.readObject(ObjectInputStream.java:447)
	at java.base/java.util.ArrayList.readObject(ArrayList.java:929)
	at java.base/jdk.internal.reflect.GeneratedMethodAccessor7.invoke(Unknown Source)
	at java.base/jdk.internal.reflect.DelegatingMethodAccessorImpl.invoke(DelegatingMethodAccessorImpl.java:43)
	at java.base/java.lang.reflect.Method.invoke(Method.java:566)
	at java.base/java.io.ObjectStreamClass.invokeReadObject(ObjectStreamClass.java:1046)
	at java.base/java.io.ObjectInputStream.readSerialData(ObjectInputStream.java:2357)
	at java.base/java.io.ObjectInputStream.readOrdinaryObject(ObjectInputStream.java:2228)
	at java.base/java.io.ObjectInputStream.readObject0(ObjectInputStream.java:1687)
	at java.base/java.io.ObjectInputStream.defaultReadFields(ObjectInputStream.java:2496)
	at java.base/java.io.ObjectInputStream.readSerialData(ObjectInputStream.java:2390)
	at java.base/java.io.ObjectInputStream.readOrdinaryObject(ObjectInputStream.java:2228)
	at java.base/java.io.ObjectInputStream.readObject0(ObjectInputStream.java:1687)
	at java.base/java.io.ObjectInputStream.defaultReadFields(ObjectInputStream.java:2496)
	at java.base/java.io.ObjectInputStream.defaultReadObject(ObjectInputStream.java:625)
	at org.evosuite.testcase.DefaultTestCase.readObject(DefaultTestCase.java:1217)
	at jdk.internal.reflect.GeneratedMethodAccessor15.invoke(Unknown Source)
	at java.base/jdk.internal.reflect.DelegatingMethodAccessorImpl.invoke(DelegatingMethodAccessorImpl.java:43)
	at java.base/java.lang.reflect.Method.invoke(Method.java:566)
	at java.base/java.io.ObjectStreamClass.invokeReadObject(ObjectStreamClass.java:1046)
	at java.base/java.io.ObjectInputStream.readSerialData(ObjectInputStream.java:2357)
	at java.base/java.io.ObjectInputStream.readOrdinaryObject(ObjectInputStream.java:2228)
	at java.base/java.io.ObjectInputStream.readObject0(ObjectInputStream.java:1687)
	at java.base/java.io.ObjectInputStream.defaultReadFields(ObjectInputStream.java:2496)
	at java.base/java.io.ObjectInputStream.readSerialData(ObjectInputStream.java:2390)
	at java.base/java.io.ObjectInputStream.readOrdinaryObject(ObjectInputStream.java:2228)
	at java.base/java.io.ObjectInputStream.readObject0(ObjectInputStream.java:1687)
	at java.base/java.io.ObjectInputStream.readObject(ObjectInputStream.java:489)
	at java.base/java.io.ObjectInputStream.readObject(ObjectInputStream.java:447)
	at java.base/java.util.ArrayList.readObject(ArrayList.java:929)
	at java.base/jdk.internal.reflect.GeneratedMethodAccessor7.invoke(Unknown Source)
	at java.base/jdk.internal.reflect.DelegatingMethodAccessorImpl.invoke(DelegatingMethodAccessorImpl.java:43)
	at java.base/java.lang.reflect.Method.invoke(Method.java:566)
	at java.base/java.io.ObjectStreamClass.invokeReadObject(ObjectStreamClass.java:1046)
	at java.base/java.io.ObjectInputStream.readSerialData(ObjectInputStream.java:2357)
	at java.base/java.io.ObjectInputStream.readOrdinaryObject(ObjectInputStream.java:2228)
	at java.base/java.io.ObjectInputStream.readObject0(ObjectInputStream.java:1687)
	at java.base/java.io.ObjectInputStream.defaultReadFields(ObjectInputStream.java:2496)
	at java.base/java.io.ObjectInputStream.readSerialData(ObjectInputStream.java:2390)
	at java.base/java.io.ObjectInputStream.readOrdinaryObject(ObjectInputStream.java:2228)
	at java.base/java.io.ObjectInputStream.readObject0(ObjectInputStream.java:1687)
	at java.base/java.io.ObjectInputStream.readObject(ObjectInputStream.java:489)
	at java.base/java.io.ObjectInputStream.readObject(ObjectInputStream.java:447)
	at java.rmi/sun.rmi.server.UnicastRef.unmarshalValue(UnicastRef.java:327)
	at java.rmi/sun.rmi.server.UnicastServerRef.dispatch(UnicastServerRef.java:339)
	... 12 common frames omitted
Caused by: java.lang.IllegalArgumentException: expect to get instruction without BasicBlock already set
	at org.evosuite.graphs.cfg.BasicBlock.appendInstruction(BasicBlock.java:225)
	at org.evosuite.graphs.cfg.BasicBlock.setInstructions(BasicBlock.java:206)
	at org.evosuite.graphs.cfg.BasicBlock.<init>(BasicBlock.java:106)
	at org.evosuite.graphs.cfg.RawControlFlowGraph.determineBasicBlockFor(RawControlFlowGraph.java:314)
	at org.evosuite.graphs.cfg.ActualControlFlowGraph.computeNodes(ActualControlFlowGraph.java:295)
	at org.evosuite.graphs.cfg.ActualControlFlowGraph.computeGraph(ActualControlFlowGraph.java:262)
	at org.evosuite.graphs.cfg.ActualControlFlowGraph.<init>(ActualControlFlowGraph.java:97)
	at org.evosuite.graphs.cfg.CFGGenerator.computeActualCFG(CFGGenerator.java:218)
	at org.evosuite.graphs.cfg.CFGGenerator.registerCFGs(CFGGenerator.java:102)
	at org.evosuite.graphs.cfg.CFGMethodAdapter.visitEnd(CFGMethodAdapter.java:219)
	at org.evosuite.shaded.org.objectweb.asm.MethodVisitor.visitEnd(MethodVisitor.java:783)
	at org.evosuite.shaded.org.objectweb.asm.MethodVisitor.visitEnd(MethodVisitor.java:783)
	at org.evosuite.shaded.org.objectweb.asm.MethodVisitor.visitEnd(MethodVisitor.java:783)
	at org.evosuite.shaded.org.objectweb.asm.tree.MethodNode.accept(MethodNode.java:772)
	at org.evosuite.shaded.org.objectweb.asm.tree.MethodNode.accept(MethodNode.java:649)
	at org.evosuite.shaded.org.objectweb.asm.tree.ClassNode.accept(ClassNode.java:452)
	at org.evosuite.instrumentation.BytecodeInstrumentation.transformBytes(BytecodeInstrumentation.java:282)
	at org.evosuite.instrumentation.InstrumentingClassLoader.getTransformedBytes(InstrumentingClassLoader.java:135)
	at org.evosuite.instrumentation.InstrumentingClassLoader.instrumentClass(InstrumentingClassLoader.java:149)
	... 77 common frames omitted
[Progress:===>                          12%] [Cov:=============>                     39%][Progress:===>                          13%] [Cov:=============>                     39%][MASTER] 12:35:02.533 [logback-1] WARN  ClientNodeImpl - Cannot send statistics to master; continuing without statistics
java.rmi.ServerException: RemoteException occurred in server thread; nested exception is: 
	java.rmi.UnmarshalException: error unmarshalling arguments; nested exception is: 
	java.lang.ClassNotFoundException: expect to get instruction without BasicBlock already set
	at java.rmi/sun.rmi.server.UnicastServerRef.dispatch(UnicastServerRef.java:391)
	at java.rmi/sun.rmi.transport.Transport$1.run(Transport.java:200)
	at java.rmi/sun.rmi.transport.Transport$1.run(Transport.java:197)
	at java.base/java.security.AccessController.doPrivileged(Native Method)
	at java.rmi/sun.rmi.transport.Transport.serviceCall(Transport.java:196)
	at java.rmi/sun.rmi.transport.tcp.TCPTransport.handleMessages(TCPTransport.java:562)
	at java.rmi/sun.rmi.transport.tcp.TCPTransport$ConnectionHandler.run0(TCPTransport.java:796)
	at java.rmi/sun.rmi.transport.tcp.TCPTransport$ConnectionHandler.lambda$run$0(TCPTransport.java:677)
	at java.base/java.security.AccessController.doPrivileged(Native Method)
	at java.rmi/sun.rmi.transport.tcp.TCPTransport$ConnectionHandler.run(TCPTransport.java:676)
	at java.base/java.util.concurrent.ThreadPoolExecutor.runWorker(ThreadPoolExecutor.java:1128)
	at java.base/java.util.concurrent.ThreadPoolExecutor$Worker.run(ThreadPoolExecutor.java:628)
	at java.base/java.lang.Thread.run(Thread.java:829)
	at java.rmi/sun.rmi.transport.StreamRemoteCall.exceptionReceivedFromServer(StreamRemoteCall.java:303)
	at java.rmi/sun.rmi.transport.StreamRemoteCall.executeCall(StreamRemoteCall.java:279)
	at java.rmi/sun.rmi.server.UnicastRef.invoke(UnicastRef.java:164)
	at java.rmi/java.rmi.server.RemoteObjectInvocationHandler.invokeRemoteMethod(RemoteObjectInvocationHandler.java:217)
	at java.rmi/java.rmi.server.RemoteObjectInvocationHandler.invoke(RemoteObjectInvocationHandler.java:162)
	at com.sun.proxy.$Proxy7.evosuite_collectStatistics(Unknown Source)
	at org.evosuite.rmi.service.ClientNodeImpl.updateStatistics(ClientNodeImpl.java:251)
	at org.evosuite.statistics.StatisticsSender.sendIndividualToMaster(StatisticsSender.java:62)
	at org.evosuite.statistics.StatisticsListener.lambda$new$0(StatisticsListener.java:76)
	at java.base/java.lang.Thread.run(Thread.java:829)
Caused by: java.rmi.UnmarshalException: error unmarshalling arguments; nested exception is: 
	java.lang.ClassNotFoundException: expect to get instruction without BasicBlock already set
	at java.rmi/sun.rmi.server.UnicastServerRef.dispatch(UnicastServerRef.java:350)
	at java.rmi/sun.rmi.transport.Transport$1.run(Transport.java:200)
	at java.rmi/sun.rmi.transport.Transport$1.run(Transport.java:197)
	at java.base/java.security.AccessController.doPrivileged(Native Method)
	at java.rmi/sun.rmi.transport.Transport.serviceCall(Transport.java:196)
	at java.rmi/sun.rmi.transport.tcp.TCPTransport.handleMessages(TCPTransport.java:562)
	at java.rmi/sun.rmi.transport.tcp.TCPTransport$ConnectionHandler.run0(TCPTransport.java:796)
	at java.rmi/sun.rmi.transport.tcp.TCPTransport$ConnectionHandler.lambda$run$0(TCPTransport.java:677)
	at java.base/java.security.AccessController.doPrivileged(Native Method)
	at java.rmi/sun.rmi.transport.tcp.TCPTransport$ConnectionHandler.run(TCPTransport.java:676)
	at java.base/java.util.concurrent.ThreadPoolExecutor.runWorker(ThreadPoolExecutor.java:1128)
	at java.base/java.util.concurrent.ThreadPoolExecutor$Worker.run(ThreadPoolExecutor.java:628)
	... 1 common frames omitted
Caused by: java.lang.ClassNotFoundException: expect to get instruction without BasicBlock already set
	at org.evosuite.instrumentation.InstrumentingClassLoader.instrumentClass(InstrumentingClassLoader.java:158)
	at org.evosuite.instrumentation.InstrumentingClassLoader.loadClass(InstrumentingClassLoader.java:126)
	at org.evosuite.utils.generic.GenericClassImpl.getClass(GenericClassImpl.java:139)
	at org.evosuite.utils.generic.GenericClassImpl.getClass(GenericClassImpl.java:105)
	at org.evosuite.utils.generic.GenericClassImpl.readObject(GenericClassImpl.java:1671)
	at jdk.internal.reflect.GeneratedMethodAccessor9.invoke(Unknown Source)
	at java.base/jdk.internal.reflect.DelegatingMethodAccessorImpl.invoke(DelegatingMethodAccessorImpl.java:43)
	at java.base/java.lang.reflect.Method.invoke(Method.java:566)
	at java.base/java.io.ObjectStreamClass.invokeReadObject(ObjectStreamClass.java:1046)
	at java.base/java.io.ObjectInputStream.readSerialData(ObjectInputStream.java:2357)
	at java.base/java.io.ObjectInputStream.readOrdinaryObject(ObjectInputStream.java:2228)
	at java.base/java.io.ObjectInputStream.readObject0(ObjectInputStream.java:1687)
	at java.base/java.io.ObjectInputStream.defaultReadFields(ObjectInputStream.java:2496)
	at java.base/java.io.ObjectInputStream.readSerialData(ObjectInputStream.java:2390)
	at java.base/java.io.ObjectInputStream.readOrdinaryObject(ObjectInputStream.java:2228)
	at java.base/java.io.ObjectInputStream.readObject0(ObjectInputStream.java:1687)
	at java.base/java.io.ObjectInputStream.defaultReadFields(ObjectInputStream.java:2496)
	at java.base/java.io.ObjectInputStream.readSerialData(ObjectInputStream.java:2390)
	at java.base/java.io.ObjectInputStream.readOrdinaryObject(ObjectInputStream.java:2228)
	at java.base/java.io.ObjectInputStream.readObject0(ObjectInputStream.java:1687)
	at java.base/java.io.ObjectInputStream.readObject(ObjectInputStream.java:489)
	at java.base/java.io.ObjectInputStream.readObject(ObjectInputStream.java:447)
	at java.base/java.util.ArrayList.readObject(ArrayList.java:929)
	at java.base/jdk.internal.reflect.GeneratedMethodAccessor7.invoke(Unknown Source)
	at java.base/jdk.internal.reflect.DelegatingMethodAccessorImpl.invoke(DelegatingMethodAccessorImpl.java:43)
	at java.base/java.lang.reflect.Method.invoke(Method.java:566)
	at java.base/java.io.ObjectStreamClass.invokeReadObject(ObjectStreamClass.java:1046)
	at java.base/java.io.ObjectInputStream.readSerialData(ObjectInputStream.java:2357)
	at java.base/java.io.ObjectInputStream.readOrdinaryObject(ObjectInputStream.java:2228)
	at java.base/java.io.ObjectInputStream.readObject0(ObjectInputStream.java:1687)
	at java.base/java.io.ObjectInputStream.defaultReadFields(ObjectInputStream.java:2496)
	at java.base/java.io.ObjectInputStream.readSerialData(ObjectInputStream.java:2390)
	at java.base/java.io.ObjectInputStream.readOrdinaryObject(ObjectInputStream.java:2228)
	at java.base/java.io.ObjectInputStream.readObject0(ObjectInputStream.java:1687)
	at java.base/java.io.ObjectInputStream.defaultReadFields(ObjectInputStream.java:2496)
	at java.base/java.io.ObjectInputStream.defaultReadObject(ObjectInputStream.java:625)
	at org.evosuite.testcase.DefaultTestCase.readObject(DefaultTestCase.java:1217)
	at jdk.internal.reflect.GeneratedMethodAccessor15.invoke(Unknown Source)
	at java.base/jdk.internal.reflect.DelegatingMethodAccessorImpl.invoke(DelegatingMethodAccessorImpl.java:43)
	at java.base/java.lang.reflect.Method.invoke(Method.java:566)
	at java.base/java.io.ObjectStreamClass.invokeReadObject(ObjectStreamClass.java:1046)
	at java.base/java.io.ObjectInputStream.readSerialData(ObjectInputStream.java:2357)
	at java.base/java.io.ObjectInputStream.readOrdinaryObject(ObjectInputStream.java:2228)
	at java.base/java.io.ObjectInputStream.readObject0(ObjectInputStream.java:1687)
	at java.base/java.io.ObjectInputStream.defaultReadFields(ObjectInputStream.java:2496)
	at java.base/java.io.ObjectInputStream.readSerialData(ObjectInputStream.java:2390)
	at java.base/java.io.ObjectInputStream.readOrdinaryObject(ObjectInputStream.java:2228)
	at java.base/java.io.ObjectInputStream.readObject0(ObjectInputStream.java:1687)
	at java.base/java.io.ObjectInputStream.readObject(ObjectInputStream.java:489)
	at java.base/java.io.ObjectInputStream.readObject(ObjectInputStream.java:447)
	at java.base/java.util.ArrayList.readObject(ArrayList.java:929)
	at java.base/jdk.internal.reflect.GeneratedMethodAccessor7.invoke(Unknown Source)
	at java.base/jdk.internal.reflect.DelegatingMethodAccessorImpl.invoke(DelegatingMethodAccessorImpl.java:43)
	at java.base/java.lang.reflect.Method.invoke(Method.java:566)
	at java.base/java.io.ObjectStreamClass.invokeReadObject(ObjectStreamClass.java:1046)
	at java.base/java.io.ObjectInputStream.readSerialData(ObjectInputStream.java:2357)
	at java.base/java.io.ObjectInputStream.readOrdinaryObject(ObjectInputStream.java:2228)
	at java.base/java.io.ObjectInputStream.readObject0(ObjectInputStream.java:1687)
	at java.base/java.io.ObjectInputStream.defaultReadFields(ObjectInputStream.java:2496)
	at java.base/java.io.ObjectInputStream.readSerialData(ObjectInputStream.java:2390)
	at java.base/java.io.ObjectInputStream.readOrdinaryObject(ObjectInputStream.java:2228)
	at java.base/java.io.ObjectInputStream.readObject0(ObjectInputStream.java:1687)
	at java.base/java.io.ObjectInputStream.readObject(ObjectInputStream.java:489)
	at java.base/java.io.ObjectInputStream.readObject(ObjectInputStream.java:447)
	at java.rmi/sun.rmi.server.UnicastRef.unmarshalValue(UnicastRef.java:327)
	at java.rmi/sun.rmi.server.UnicastServerRef.dispatch(UnicastServerRef.java:339)
	... 12 common frames omitted
Caused by: java.lang.IllegalArgumentException: expect to get instruction without BasicBlock already set
	at org.evosuite.graphs.cfg.BasicBlock.appendInstruction(BasicBlock.java:225)
	at org.evosuite.graphs.cfg.BasicBlock.setInstructions(BasicBlock.java:206)
	at org.evosuite.graphs.cfg.BasicBlock.<init>(BasicBlock.java:106)
	at org.evosuite.graphs.cfg.RawControlFlowGraph.determineBasicBlockFor(RawControlFlowGraph.java:314)
	at org.evosuite.graphs.cfg.ActualControlFlowGraph.computeNodes(ActualControlFlowGraph.java:295)
	at org.evosuite.graphs.cfg.ActualControlFlowGraph.computeGraph(ActualControlFlowGraph.java:262)
	at org.evosuite.graphs.cfg.ActualControlFlowGraph.<init>(ActualControlFlowGraph.java:97)
	at org.evosuite.graphs.cfg.CFGGenerator.computeActualCFG(CFGGenerator.java:218)
	at org.evosuite.graphs.cfg.CFGGenerator.registerCFGs(CFGGenerator.java:102)
	at org.evosuite.graphs.cfg.CFGMethodAdapter.visitEnd(CFGMethodAdapter.java:219)
	at org.evosuite.shaded.org.objectweb.asm.MethodVisitor.visitEnd(MethodVisitor.java:783)
	at org.evosuite.shaded.org.objectweb.asm.MethodVisitor.visitEnd(MethodVisitor.java:783)
	at org.evosuite.shaded.org.objectweb.asm.MethodVisitor.visitEnd(MethodVisitor.java:783)
	at org.evosuite.shaded.org.objectweb.asm.tree.MethodNode.accept(MethodNode.java:772)
	at org.evosuite.shaded.org.objectweb.asm.tree.MethodNode.accept(MethodNode.java:649)
	at org.evosuite.shaded.org.objectweb.asm.tree.ClassNode.accept(ClassNode.java:452)
	at org.evosuite.instrumentation.BytecodeInstrumentation.transformBytes(BytecodeInstrumentation.java:282)
	at org.evosuite.instrumentation.InstrumentingClassLoader.getTransformedBytes(InstrumentingClassLoader.java:135)
	at org.evosuite.instrumentation.InstrumentingClassLoader.instrumentClass(InstrumentingClassLoader.java:149)
	... 77 common frames omitted
[Progress:===>                          13%] [Cov:=============>                     39%][Progress:====>                         14%] [Cov:=============>                     39%][Progress:====>                         14%] [Cov:==============>                    40%][MASTER] 12:35:03.427 [logback-1] WARN  ClientNodeImpl - Cannot send statistics to master; continuing without statistics
java.rmi.ServerException: RemoteException occurred in server thread; nested exception is: 
	java.rmi.UnmarshalException: error unmarshalling arguments; nested exception is: 
	java.lang.ClassNotFoundException: expect to get instruction without BasicBlock already set
	at java.rmi/sun.rmi.server.UnicastServerRef.dispatch(UnicastServerRef.java:391)
	at java.rmi/sun.rmi.transport.Transport$1.run(Transport.java:200)
	at java.rmi/sun.rmi.transport.Transport$1.run(Transport.java:197)
	at java.base/java.security.AccessController.doPrivileged(Native Method)
	at java.rmi/sun.rmi.transport.Transport.serviceCall(Transport.java:196)
	at java.rmi/sun.rmi.transport.tcp.TCPTransport.handleMessages(TCPTransport.java:562)
	at java.rmi/sun.rmi.transport.tcp.TCPTransport$ConnectionHandler.run0(TCPTransport.java:796)
	at java.rmi/sun.rmi.transport.tcp.TCPTransport$ConnectionHandler.lambda$run$0(TCPTransport.java:677)
	at java.base/java.security.AccessController.doPrivileged(Native Method)
	at java.rmi/sun.rmi.transport.tcp.TCPTransport$ConnectionHandler.run(TCPTransport.java:676)
	at java.base/java.util.concurrent.ThreadPoolExecutor.runWorker(ThreadPoolExecutor.java:1128)
	at java.base/java.util.concurrent.ThreadPoolExecutor$Worker.run(ThreadPoolExecutor.java:628)
	at java.base/java.lang.Thread.run(Thread.java:829)
	at java.rmi/sun.rmi.transport.StreamRemoteCall.exceptionReceivedFromServer(StreamRemoteCall.java:303)
	at java.rmi/sun.rmi.transport.StreamRemoteCall.executeCall(StreamRemoteCall.java:279)
	at java.rmi/sun.rmi.server.UnicastRef.invoke(UnicastRef.java:164)
	at java.rmi/java.rmi.server.RemoteObjectInvocationHandler.invokeRemoteMethod(RemoteObjectInvocationHandler.java:217)
	at java.rmi/java.rmi.server.RemoteObjectInvocationHandler.invoke(RemoteObjectInvocationHandler.java:162)
	at com.sun.proxy.$Proxy7.evosuite_collectStatistics(Unknown Source)
	at org.evosuite.rmi.service.ClientNodeImpl.updateStatistics(ClientNodeImpl.java:251)
	at org.evosuite.statistics.StatisticsSender.sendIndividualToMaster(StatisticsSender.java:62)
	at org.evosuite.statistics.StatisticsListener.lambda$new$0(StatisticsListener.java:76)
	at java.base/java.lang.Thread.run(Thread.java:829)
Caused by: java.rmi.UnmarshalException: error unmarshalling arguments; nested exception is: 
	java.lang.ClassNotFoundException: expect to get instruction without BasicBlock already set
	at java.rmi/sun.rmi.server.UnicastServerRef.dispatch(UnicastServerRef.java:350)
	at java.rmi/sun.rmi.transport.Transport$1.run(Transport.java:200)
	at java.rmi/sun.rmi.transport.Transport$1.run(Transport.java:197)
	at java.base/java.security.AccessController.doPrivileged(Native Method)
	at java.rmi/sun.rmi.transport.Transport.serviceCall(Transport.java:196)
	at java.rmi/sun.rmi.transport.tcp.TCPTransport.handleMessages(TCPTransport.java:562)
	at java.rmi/sun.rmi.transport.tcp.TCPTransport$ConnectionHandler.run0(TCPTransport.java:796)
	at java.rmi/sun.rmi.transport.tcp.TCPTransport$ConnectionHandler.lambda$run$0(TCPTransport.java:677)
	at java.base/java.security.AccessController.doPrivileged(Native Method)
	at java.rmi/sun.rmi.transport.tcp.TCPTransport$ConnectionHandler.run(TCPTransport.java:676)
	at java.base/java.util.concurrent.ThreadPoolExecutor.runWorker(ThreadPoolExecutor.java:1128)
	at java.base/java.util.concurrent.ThreadPoolExecutor$Worker.run(ThreadPoolExecutor.java:628)
	... 1 common frames omitted
Caused by: java.lang.ClassNotFoundException: expect to get instruction without BasicBlock already set
	at org.evosuite.instrumentation.InstrumentingClassLoader.instrumentClass(InstrumentingClassLoader.java:158)
	at org.evosuite.instrumentation.InstrumentingClassLoader.loadClass(InstrumentingClassLoader.java:126)
	at org.evosuite.utils.generic.GenericClassImpl.getClass(GenericClassImpl.java:139)
	at org.evosuite.utils.generic.GenericClassImpl.getClass(GenericClassImpl.java:105)
	at org.evosuite.utils.generic.GenericClassImpl.readObject(GenericClassImpl.java:1671)
	at jdk.internal.reflect.GeneratedMethodAccessor9.invoke(Unknown Source)
	at java.base/jdk.internal.reflect.DelegatingMethodAccessorImpl.invoke(DelegatingMethodAccessorImpl.java:43)
	at java.base/java.lang.reflect.Method.invoke(Method.java:566)
	at java.base/java.io.ObjectStreamClass.invokeReadObject(ObjectStreamClass.java:1046)
	at java.base/java.io.ObjectInputStream.readSerialData(ObjectInputStream.java:2357)
	at java.base/java.io.ObjectInputStream.readOrdinaryObject(ObjectInputStream.java:2228)
	at java.base/java.io.ObjectInputStream.readObject0(ObjectInputStream.java:1687)
	at java.base/java.io.ObjectInputStream.defaultReadFields(ObjectInputStream.java:2496)
	at java.base/java.io.ObjectInputStream.readSerialData(ObjectInputStream.java:2390)
	at java.base/java.io.ObjectInputStream.readOrdinaryObject(ObjectInputStream.java:2228)
	at java.base/java.io.ObjectInputStream.readObject0(ObjectInputStream.java:1687)
	at java.base/java.io.ObjectInputStream.defaultReadFields(ObjectInputStream.java:2496)
	at java.base/java.io.ObjectInputStream.readSerialData(ObjectInputStream.java:2390)
	at java.base/java.io.ObjectInputStream.readOrdinaryObject(ObjectInputStream.java:2228)
	at java.base/java.io.ObjectInputStream.readObject0(ObjectInputStream.java:1687)
	at java.base/java.io.ObjectInputStream.readObject(ObjectInputStream.java:489)
	at java.base/java.io.ObjectInputStream.readObject(ObjectInputStream.java:447)
	at java.base/java.util.ArrayList.readObject(ArrayList.java:929)
	at java.base/jdk.internal.reflect.GeneratedMethodAccessor7.invoke(Unknown Source)
	at java.base/jdk.internal.reflect.DelegatingMethodAccessorImpl.invoke(DelegatingMethodAccessorImpl.java:43)
	at java.base/java.lang.reflect.Method.invoke(Method.java:566)
	at java.base/java.io.ObjectStreamClass.invokeReadObject(ObjectStreamClass.java:1046)
	at java.base/java.io.ObjectInputStream.readSerialData(ObjectInputStream.java:2357)
	at java.base/java.io.ObjectInputStream.readOrdinaryObject(ObjectInputStream.java:2228)
	at java.base/java.io.ObjectInputStream.readObject0(ObjectInputStream.java:1687)
	at java.base/java.io.ObjectInputStream.defaultReadFields(ObjectInputStream.java:2496)
	at java.base/java.io.ObjectInputStream.readSerialData(ObjectInputStream.java:2390)
	at java.base/java.io.ObjectInputStream.readOrdinaryObject(ObjectInputStream.java:2228)
	at java.base/java.io.ObjectInputStream.readObject0(ObjectInputStream.java:1687)
	at java.base/java.io.ObjectInputStream.defaultReadFields(ObjectInputStream.java:2496)
	at java.base/java.io.ObjectInputStream.defaultReadObject(ObjectInputStream.java:625)
	at org.evosuite.testcase.DefaultTestCase.readObject(DefaultTestCase.java:1217)
	at jdk.internal.reflect.GeneratedMethodAccessor15.invoke(Unknown Source)
	at java.base/jdk.internal.reflect.DelegatingMethodAccessorImpl.invoke(DelegatingMethodAccessorImpl.java:43)
	at java.base/java.lang.reflect.Method.invoke(Method.java:566)
	at java.base/java.io.ObjectStreamClass.invokeReadObject(ObjectStreamClass.java:1046)
	at java.base/java.io.ObjectInputStream.readSerialData(ObjectInputStream.java:2357)
	at java.base/java.io.ObjectInputStream.readOrdinaryObject(ObjectInputStream.java:2228)
	at java.base/java.io.ObjectInputStream.readObject0(ObjectInputStream.java:1687)
	at java.base/java.io.ObjectInputStream.defaultReadFields(ObjectInputStream.java:2496)
	at java.base/java.io.ObjectInputStream.readSerialData(ObjectInputStream.java:2390)
	at java.base/java.io.ObjectInputStream.readOrdinaryObject(ObjectInputStream.java:2228)
	at java.base/java.io.ObjectInputStream.readObject0(ObjectInputStream.java:1687)
	at java.base/java.io.ObjectInputStream.readObject(ObjectInputStream.java:489)
	at java.base/java.io.ObjectInputStream.readObject(ObjectInputStream.java:447)
	at java.base/java.util.ArrayList.readObject(ArrayList.java:929)
	at java.base/jdk.internal.reflect.GeneratedMethodAccessor7.invoke(Unknown Source)
	at java.base/jdk.internal.reflect.DelegatingMethodAccessorImpl.invoke(DelegatingMethodAccessorImpl.java:43)
	at java.base/java.lang.reflect.Method.invoke(Method.java:566)
	at java.base/java.io.ObjectStreamClass.invokeReadObject(ObjectStreamClass.java:1046)
	at java.base/java.io.ObjectInputStream.readSerialData(ObjectInputStream.java:2357)
	at java.base/java.io.ObjectInputStream.readOrdinaryObject(ObjectInputStream.java:2228)
	at java.base/java.io.ObjectInputStream.readObject0(ObjectInputStream.java:1687)
	at java.base/java.io.ObjectInputStream.defaultReadFields(ObjectInputStream.java:2496)
	at java.base/java.io.ObjectInputStream.readSerialData(ObjectInputStream.java:2390)
	at java.base/java.io.ObjectInputStream.readOrdinaryObject(ObjectInputStream.java:2228)
	at java.base/java.io.ObjectInputStream.readObject0(ObjectInputStream.java:1687)
	at java.base/java.io.ObjectInputStream.readObject(ObjectInputStream.java:489)
	at java.base/java.io.ObjectInputStream.readObject(ObjectInputStream.java:447)
	at java.rmi/sun.rmi.server.UnicastRef.unmarshalValue(UnicastRef.java:327)
	at java.rmi/sun.rmi.server.UnicastServerRef.dispatch(UnicastServerRef.java:339)
	... 12 common frames omitted
Caused by: java.lang.IllegalArgumentException: expect to get instruction without BasicBlock already set
	at org.evosuite.graphs.cfg.BasicBlock.appendInstruction(BasicBlock.java:225)
	at org.evosuite.graphs.cfg.BasicBlock.setInstructions(BasicBlock.java:206)
	at org.evosuite.graphs.cfg.BasicBlock.<init>(BasicBlock.java:106)
	at org.evosuite.graphs.cfg.RawControlFlowGraph.determineBasicBlockFor(RawControlFlowGraph.java:314)
	at org.evosuite.graphs.cfg.ActualControlFlowGraph.computeNodes(ActualControlFlowGraph.java:295)
	at org.evosuite.graphs.cfg.ActualControlFlowGraph.computeGraph(ActualControlFlowGraph.java:262)
	at org.evosuite.graphs.cfg.ActualControlFlowGraph.<init>(ActualControlFlowGraph.java:97)
	at org.evosuite.graphs.cfg.CFGGenerator.computeActualCFG(CFGGenerator.java:218)
	at org.evosuite.graphs.cfg.CFGGenerator.registerCFGs(CFGGenerator.java:102)
	at org.evosuite.graphs.cfg.CFGMethodAdapter.visitEnd(CFGMethodAdapter.java:219)
	at org.evosuite.shaded.org.objectweb.asm.MethodVisitor.visitEnd(MethodVisitor.java:783)
	at org.evosuite.shaded.org.objectweb.asm.MethodVisitor.visitEnd(MethodVisitor.java:783)
	at org.evosuite.shaded.org.objectweb.asm.MethodVisitor.visitEnd(MethodVisitor.java:783)
	at org.evosuite.shaded.org.objectweb.asm.tree.MethodNode.accept(MethodNode.java:772)
	at org.evosuite.shaded.org.objectweb.asm.tree.MethodNode.accept(MethodNode.java:649)
	at org.evosuite.shaded.org.objectweb.asm.tree.ClassNode.accept(ClassNode.java:452)
	at org.evosuite.instrumentation.BytecodeInstrumentation.transformBytes(BytecodeInstrumentation.java:282)
	at org.evosuite.instrumentation.InstrumentingClassLoader.getTransformedBytes(InstrumentingClassLoader.java:135)
	at org.evosuite.instrumentation.InstrumentingClassLoader.instrumentClass(InstrumentingClassLoader.java:149)
	... 77 common frames omitted
[Progress:====>                         15%] [Cov:=============>                     39%][Progress:====>                         15%] [Cov:==============>                    40%][MASTER] 12:35:04.409 [logback-1] WARN  ClientNodeImpl - Cannot send statistics to master; continuing without statistics
java.rmi.ServerException: RemoteException occurred in server thread; nested exception is: 
	java.rmi.UnmarshalException: error unmarshalling arguments; nested exception is: 
	java.lang.ClassNotFoundException: expect to get instruction without BasicBlock already set
	at java.rmi/sun.rmi.server.UnicastServerRef.dispatch(UnicastServerRef.java:391)
	at java.rmi/sun.rmi.transport.Transport$1.run(Transport.java:200)
	at java.rmi/sun.rmi.transport.Transport$1.run(Transport.java:197)
	at java.base/java.security.AccessController.doPrivileged(Native Method)
	at java.rmi/sun.rmi.transport.Transport.serviceCall(Transport.java:196)
	at java.rmi/sun.rmi.transport.tcp.TCPTransport.handleMessages(TCPTransport.java:562)
	at java.rmi/sun.rmi.transport.tcp.TCPTransport$ConnectionHandler.run0(TCPTransport.java:796)
	at java.rmi/sun.rmi.transport.tcp.TCPTransport$ConnectionHandler.lambda$run$0(TCPTransport.java:677)
	at java.base/java.security.AccessController.doPrivileged(Native Method)
	at java.rmi/sun.rmi.transport.tcp.TCPTransport$ConnectionHandler.run(TCPTransport.java:676)
	at java.base/java.util.concurrent.ThreadPoolExecutor.runWorker(ThreadPoolExecutor.java:1128)
	at java.base/java.util.concurrent.ThreadPoolExecutor$Worker.run(ThreadPoolExecutor.java:628)
	at java.base/java.lang.Thread.run(Thread.java:829)
	at java.rmi/sun.rmi.transport.StreamRemoteCall.exceptionReceivedFromServer(StreamRemoteCall.java:303)
	at java.rmi/sun.rmi.transport.StreamRemoteCall.executeCall(StreamRemoteCall.java:279)
	at java.rmi/sun.rmi.server.UnicastRef.invoke(UnicastRef.java:164)
	at java.rmi/java.rmi.server.RemoteObjectInvocationHandler.invokeRemoteMethod(RemoteObjectInvocationHandler.java:217)
	at java.rmi/java.rmi.server.RemoteObjectInvocationHandler.invoke(RemoteObjectInvocationHandler.java:162)
	at com.sun.proxy.$Proxy7.evosuite_collectStatistics(Unknown Source)
	at org.evosuite.rmi.service.ClientNodeImpl.updateStatistics(ClientNodeImpl.java:251)
	at org.evosuite.statistics.StatisticsSender.sendIndividualToMaster(StatisticsSender.java:62)
	at org.evosuite.statistics.StatisticsListener.lambda$new$0(StatisticsListener.java:76)
	at java.base/java.lang.Thread.run(Thread.java:829)
Caused by: java.rmi.UnmarshalException: error unmarshalling arguments; nested exception is: 
	java.lang.ClassNotFoundException: expect to get instruction without BasicBlock already set
	at java.rmi/sun.rmi.server.UnicastServerRef.dispatch(UnicastServerRef.java:350)
	at java.rmi/sun.rmi.transport.Transport$1.run(Transport.java:200)
	at java.rmi/sun.rmi.transport.Transport$1.run(Transport.java:197)
	at java.base/java.security.AccessController.doPrivileged(Native Method)
	at java.rmi/sun.rmi.transport.Transport.serviceCall(Transport.java:196)
	at java.rmi/sun.rmi.transport.tcp.TCPTransport.handleMessages(TCPTransport.java:562)
	at java.rmi/sun.rmi.transport.tcp.TCPTransport$ConnectionHandler.run0(TCPTransport.java:796)
	at java.rmi/sun.rmi.transport.tcp.TCPTransport$ConnectionHandler.lambda$run$0(TCPTransport.java:677)
	at java.base/java.security.AccessController.doPrivileged(Native Method)
	at java.rmi/sun.rmi.transport.tcp.TCPTransport$ConnectionHandler.run(TCPTransport.java:676)
	at java.base/java.util.concurrent.ThreadPoolExecutor.runWorker(ThreadPoolExecutor.java:1128)
	at java.base/java.util.concurrent.ThreadPoolExecutor$Worker.run(ThreadPoolExecutor.java:628)
	... 1 common frames omitted
Caused by: java.lang.ClassNotFoundException: expect to get instruction without BasicBlock already set
	at org.evosuite.instrumentation.InstrumentingClassLoader.instrumentClass(InstrumentingClassLoader.java:158)
	at org.evosuite.instrumentation.InstrumentingClassLoader.loadClass(InstrumentingClassLoader.java:126)
	at org.evosuite.utils.generic.GenericClassImpl.getClass(GenericClassImpl.java:139)
	at org.evosuite.utils.generic.GenericClassImpl.getClass(GenericClassImpl.java:105)
	at org.evosuite.utils.generic.GenericClassImpl.readObject(GenericClassImpl.java:1671)
	at jdk.internal.reflect.GeneratedMethodAccessor9.invoke(Unknown Source)
	at java.base/jdk.internal.reflect.DelegatingMethodAccessorImpl.invoke(DelegatingMethodAccessorImpl.java:43)
	at java.base/java.lang.reflect.Method.invoke(Method.java:566)
	at java.base/java.io.ObjectStreamClass.invokeReadObject(ObjectStreamClass.java:1046)
	at java.base/java.io.ObjectInputStream.readSerialData(ObjectInputStream.java:2357)
	at java.base/java.io.ObjectInputStream.readOrdinaryObject(ObjectInputStream.java:2228)
	at java.base/java.io.ObjectInputStream.readObject0(ObjectInputStream.java:1687)
	at java.base/java.io.ObjectInputStream.defaultReadFields(ObjectInputStream.java:2496)
	at java.base/java.io.ObjectInputStream.readSerialData(ObjectInputStream.java:2390)
	at java.base/java.io.ObjectInputStream.readOrdinaryObject(ObjectInputStream.java:2228)
	at java.base/java.io.ObjectInputStream.readObject0(ObjectInputStream.java:1687)
	at java.base/java.io.ObjectInputStream.defaultReadFields(ObjectInputStream.java:2496)
	at java.base/java.io.ObjectInputStream.readSerialData(ObjectInputStream.java:2390)
	at java.base/java.io.ObjectInputStream.readOrdinaryObject(ObjectInputStream.java:2228)
	at java.base/java.io.ObjectInputStream.readObject0(ObjectInputStream.java:1687)
	at java.base/java.io.ObjectInputStream.readObject(ObjectInputStream.java:489)
	at java.base/java.io.ObjectInputStream.readObject(ObjectInputStream.java:447)
	at java.base/java.util.ArrayList.readObject(ArrayList.java:929)
	at java.base/jdk.internal.reflect.GeneratedMethodAccessor7.invoke(Unknown Source)
	at java.base/jdk.internal.reflect.DelegatingMethodAccessorImpl.invoke(DelegatingMethodAccessorImpl.java:43)
	at java.base/java.lang.reflect.Method.invoke(Method.java:566)
	at java.base/java.io.ObjectStreamClass.invokeReadObject(ObjectStreamClass.java:1046)
	at java.base/java.io.ObjectInputStream.readSerialData(ObjectInputStream.java:2357)
	at java.base/java.io.ObjectInputStream.readOrdinaryObject(ObjectInputStream.java:2228)
	at java.base/java.io.ObjectInputStream.readObject0(ObjectInputStream.java:1687)
	at java.base/java.io.ObjectInputStream.defaultReadFields(ObjectInputStream.java:2496)
	at java.base/java.io.ObjectInputStream.readSerialData(ObjectInputStream.java:2390)
	at java.base/java.io.ObjectInputStream.readOrdinaryObject(ObjectInputStream.java:2228)
	at java.base/java.io.ObjectInputStream.readObject0(ObjectInputStream.java:1687)
	at java.base/java.io.ObjectInputStream.defaultReadFields(ObjectInputStream.java:2496)
	at java.base/java.io.ObjectInputStream.defaultReadObject(ObjectInputStream.java:625)
	at org.evosuite.testcase.DefaultTestCase.readObject(DefaultTestCase.java:1217)
	at jdk.internal.reflect.GeneratedMethodAccessor15.invoke(Unknown Source)
	at java.base/jdk.internal.reflect.DelegatingMethodAccessorImpl.invoke(DelegatingMethodAccessorImpl.java:43)
	at java.base/java.lang.reflect.Method.invoke(Method.java:566)
	at java.base/java.io.ObjectStreamClass.invokeReadObject(ObjectStreamClass.java:1046)
	at java.base/java.io.ObjectInputStream.readSerialData(ObjectInputStream.java:2357)
	at java.base/java.io.ObjectInputStream.readOrdinaryObject(ObjectInputStream.java:2228)
	at java.base/java.io.ObjectInputStream.readObject0(ObjectInputStream.java:1687)
	at java.base/java.io.ObjectInputStream.defaultReadFields(ObjectInputStream.java:2496)
	at java.base/java.io.ObjectInputStream.readSerialData(ObjectInputStream.java:2390)
	at java.base/java.io.ObjectInputStream.readOrdinaryObject(ObjectInputStream.java:2228)
	at java.base/java.io.ObjectInputStream.readObject0(ObjectInputStream.java:1687)
	at java.base/java.io.ObjectInputStream.readObject(ObjectInputStream.java:489)
	at java.base/java.io.ObjectInputStream.readObject(ObjectInputStream.java:447)
	at java.base/java.util.ArrayList.readObject(ArrayList.java:929)
	at java.base/jdk.internal.reflect.GeneratedMethodAccessor7.invoke(Unknown Source)
	at java.base/jdk.internal.reflect.DelegatingMethodAccessorImpl.invoke(DelegatingMethodAccessorImpl.java:43)
	at java.base/java.lang.reflect.Method.invoke(Method.java:566)
	at java.base/java.io.ObjectStreamClass.invokeReadObject(ObjectStreamClass.java:1046)
	at java.base/java.io.ObjectInputStream.readSerialData(ObjectInputStream.java:2357)
	at java.base/java.io.ObjectInputStream.readOrdinaryObject(ObjectInputStream.java:2228)
	at java.base/java.io.ObjectInputStream.readObject0(ObjectInputStream.java:1687)
	at java.base/java.io.ObjectInputStream.defaultReadFields(ObjectInputStream.java:2496)
	at java.base/java.io.ObjectInputStream.readSerialData(ObjectInputStream.java:2390)
	at java.base/java.io.ObjectInputStream.readOrdinaryObject(ObjectInputStream.java:2228)
	at java.base/java.io.ObjectInputStream.readObject0(ObjectInputStream.java:1687)
	at java.base/java.io.ObjectInputStream.readObject(ObjectInputStream.java:489)
	at java.base/java.io.ObjectInputStream.readObject(ObjectInputStream.java:447)
	at java.rmi/sun.rmi.server.UnicastRef.unmarshalValue(UnicastRef.java:327)
	at java.rmi/sun.rmi.server.UnicastServerRef.dispatch(UnicastServerRef.java:339)
	... 12 common frames omitted
Caused by: java.lang.IllegalArgumentException: expect to get instruction without BasicBlock already set
	at org.evosuite.graphs.cfg.BasicBlock.appendInstruction(BasicBlock.java:225)
	at org.evosuite.graphs.cfg.BasicBlock.setInstructions(BasicBlock.java:206)
	at org.evosuite.graphs.cfg.BasicBlock.<init>(BasicBlock.java:106)
	at org.evosuite.graphs.cfg.RawControlFlowGraph.determineBasicBlockFor(RawControlFlowGraph.java:314)
	at org.evosuite.graphs.cfg.ActualControlFlowGraph.computeNodes(ActualControlFlowGraph.java:295)
	at org.evosuite.graphs.cfg.ActualControlFlowGraph.computeGraph(ActualControlFlowGraph.java:262)
	at org.evosuite.graphs.cfg.ActualControlFlowGraph.<init>(ActualControlFlowGraph.java:97)
	at org.evosuite.graphs.cfg.CFGGenerator.computeActualCFG(CFGGenerator.java:218)
	at org.evosuite.graphs.cfg.CFGGenerator.registerCFGs(CFGGenerator.java:102)
	at org.evosuite.graphs.cfg.CFGMethodAdapter.visitEnd(CFGMethodAdapter.java:219)
	at org.evosuite.shaded.org.objectweb.asm.MethodVisitor.visitEnd(MethodVisitor.java:783)
	at org.evosuite.shaded.org.objectweb.asm.MethodVisitor.visitEnd(MethodVisitor.java:783)
	at org.evosuite.shaded.org.objectweb.asm.MethodVisitor.visitEnd(MethodVisitor.java:783)
	at org.evosuite.shaded.org.objectweb.asm.tree.MethodNode.accept(MethodNode.java:772)
	at org.evosuite.shaded.org.objectweb.asm.tree.MethodNode.accept(MethodNode.java:649)
	at org.evosuite.shaded.org.objectweb.asm.tree.ClassNode.accept(ClassNode.java:452)
	at org.evosuite.instrumentation.BytecodeInstrumentation.transformBytes(BytecodeInstrumentation.java:282)
	at org.evosuite.instrumentation.InstrumentingClassLoader.getTransformedBytes(InstrumentingClassLoader.java:135)
	at org.evosuite.instrumentation.InstrumentingClassLoader.instrumentClass(InstrumentingClassLoader.java:149)
	... 77 common frames omitted
[Progress:====>                         15%] [Cov:==============>                    40%][MASTER] 12:35:05.331 [logback-1] WARN  ClientNodeImpl - Cannot send statistics to master; continuing without statistics
java.rmi.ServerException: RemoteException occurred in server thread; nested exception is: 
	java.rmi.UnmarshalException: error unmarshalling arguments; nested exception is: 
	java.lang.ClassNotFoundException: expect to get instruction without BasicBlock already set
	at java.rmi/sun.rmi.server.UnicastServerRef.dispatch(UnicastServerRef.java:391)
	at java.rmi/sun.rmi.transport.Transport$1.run(Transport.java:200)
	at java.rmi/sun.rmi.transport.Transport$1.run(Transport.java:197)
	at java.base/java.security.AccessController.doPrivileged(Native Method)
	at java.rmi/sun.rmi.transport.Transport.serviceCall(Transport.java:196)
	at java.rmi/sun.rmi.transport.tcp.TCPTransport.handleMessages(TCPTransport.java:562)
	at java.rmi/sun.rmi.transport.tcp.TCPTransport$ConnectionHandler.run0(TCPTransport.java:796)
	at java.rmi/sun.rmi.transport.tcp.TCPTransport$ConnectionHandler.lambda$run$0(TCPTransport.java:677)
	at java.base/java.security.AccessController.doPrivileged(Native Method)
	at java.rmi/sun.rmi.transport.tcp.TCPTransport$ConnectionHandler.run(TCPTransport.java:676)
	at java.base/java.util.concurrent.ThreadPoolExecutor.runWorker(ThreadPoolExecutor.java:1128)
	at java.base/java.util.concurrent.ThreadPoolExecutor$Worker.run(ThreadPoolExecutor.java:628)
	at java.base/java.lang.Thread.run(Thread.java:829)
	at java.rmi/sun.rmi.transport.StreamRemoteCall.exceptionReceivedFromServer(StreamRemoteCall.java:303)
	at java.rmi/sun.rmi.transport.StreamRemoteCall.executeCall(StreamRemoteCall.java:279)
	at java.rmi/sun.rmi.server.UnicastRef.invoke(UnicastRef.java:164)
	at java.rmi/java.rmi.server.RemoteObjectInvocationHandler.invokeRemoteMethod(RemoteObjectInvocationHandler.java:217)
	at java.rmi/java.rmi.server.RemoteObjectInvocationHandler.invoke(RemoteObjectInvocationHandler.java:162)
	at com.sun.proxy.$Proxy7.evosuite_collectStatistics(Unknown Source)
	at org.evosuite.rmi.service.ClientNodeImpl.updateStatistics(ClientNodeImpl.java:251)
	at org.evosuite.statistics.StatisticsSender.sendIndividualToMaster(StatisticsSender.java:62)
	at org.evosuite.statistics.StatisticsListener.lambda$new$0(StatisticsListener.java:76)
	at java.base/java.lang.Thread.run(Thread.java:829)
Caused by: java.rmi.UnmarshalException: error unmarshalling arguments; nested exception is: 
	java.lang.ClassNotFoundException: expect to get instruction without BasicBlock already set
	at java.rmi/sun.rmi.server.UnicastServerRef.dispatch(UnicastServerRef.java:350)
	at java.rmi/sun.rmi.transport.Transport$1.run(Transport.java:200)
	at java.rmi/sun.rmi.transport.Transport$1.run(Transport.java:197)
	at java.base/java.security.AccessController.doPrivileged(Native Method)
	at java.rmi/sun.rmi.transport.Transport.serviceCall(Transport.java:196)
	at java.rmi/sun.rmi.transport.tcp.TCPTransport.handleMessages(TCPTransport.java:562)
	at java.rmi/sun.rmi.transport.tcp.TCPTransport$ConnectionHandler.run0(TCPTransport.java:796)
	at java.rmi/sun.rmi.transport.tcp.TCPTransport$ConnectionHandler.lambda$run$0(TCPTransport.java:677)
	at java.base/java.security.AccessController.doPrivileged(Native Method)
	at java.rmi/sun.rmi.transport.tcp.TCPTransport$ConnectionHandler.run(TCPTransport.java:676)
	at java.base/java.util.concurrent.ThreadPoolExecutor.runWorker(ThreadPoolExecutor.java:1128)
	at java.base/java.util.concurrent.ThreadPoolExecutor$Worker.run(ThreadPoolExecutor.java:628)
	... 1 common frames omitted
Caused by: java.lang.ClassNotFoundException: expect to get instruction without BasicBlock already set
	at org.evosuite.instrumentation.InstrumentingClassLoader.instrumentClass(InstrumentingClassLoader.java:158)
	at org.evosuite.instrumentation.InstrumentingClassLoader.loadClass(InstrumentingClassLoader.java:126)
	at org.evosuite.utils.generic.GenericClassImpl.getClass(GenericClassImpl.java:139)
	at org.evosuite.utils.generic.GenericClassImpl.getClass(GenericClassImpl.java:105)
	at org.evosuite.utils.generic.GenericClassImpl.readObject(GenericClassImpl.java:1671)
	at jdk.internal.reflect.GeneratedMethodAccessor9.invoke(Unknown Source)
	at java.base/jdk.internal.reflect.DelegatingMethodAccessorImpl.invoke(DelegatingMethodAccessorImpl.java:43)
	at java.base/java.lang.reflect.Method.invoke(Method.java:566)
	at java.base/java.io.ObjectStreamClass.invokeReadObject(ObjectStreamClass.java:1046)
	at java.base/java.io.ObjectInputStream.readSerialData(ObjectInputStream.java:2357)
	at java.base/java.io.ObjectInputStream.readOrdinaryObject(ObjectInputStream.java:2228)
	at java.base/java.io.ObjectInputStream.readObject0(ObjectInputStream.java:1687)
	at java.base/java.io.ObjectInputStream.defaultReadFields(ObjectInputStream.java:2496)
	at java.base/java.io.ObjectInputStream.readSerialData(ObjectInputStream.java:2390)
	at java.base/java.io.ObjectInputStream.readOrdinaryObject(ObjectInputStream.java:2228)
	at java.base/java.io.ObjectInputStream.readObject0(ObjectInputStream.java:1687)
	at java.base/java.io.ObjectInputStream.defaultReadFields(ObjectInputStream.java:2496)
	at java.base/java.io.ObjectInputStream.readSerialData(ObjectInputStream.java:2390)
	at java.base/java.io.ObjectInputStream.readOrdinaryObject(ObjectInputStream.java:2228)
	at java.base/java.io.ObjectInputStream.readObject0(ObjectInputStream.java:1687)
	at java.base/java.io.ObjectInputStream.readObject(ObjectInputStream.java:489)
	at java.base/java.io.ObjectInputStream.readObject(ObjectInputStream.java:447)
	at java.base/java.util.ArrayList.readObject(ArrayList.java:929)
	at java.base/jdk.internal.reflect.GeneratedMethodAccessor7.invoke(Unknown Source)
	at java.base/jdk.internal.reflect.DelegatingMethodAccessorImpl.invoke(DelegatingMethodAccessorImpl.java:43)
	at java.base/java.lang.reflect.Method.invoke(Method.java:566)
	at java.base/java.io.ObjectStreamClass.invokeReadObject(ObjectStreamClass.java:1046)
	at java.base/java.io.ObjectInputStream.readSerialData(ObjectInputStream.java:2357)
	at java.base/java.io.ObjectInputStream.readOrdinaryObject(ObjectInputStream.java:2228)
	at java.base/java.io.ObjectInputStream.readObject0(ObjectInputStream.java:1687)
	at java.base/java.io.ObjectInputStream.defaultReadFields(ObjectInputStream.java:2496)
	at java.base/java.io.ObjectInputStream.readSerialData(ObjectInputStream.java:2390)
	at java.base/java.io.ObjectInputStream.readOrdinaryObject(ObjectInputStream.java:2228)
	at java.base/java.io.ObjectInputStream.readObject0(ObjectInputStream.java:1687)
	at java.base/java.io.ObjectInputStream.defaultReadFields(ObjectInputStream.java:2496)
	at java.base/java.io.ObjectInputStream.defaultReadObject(ObjectInputStream.java:625)
	at org.evosuite.testcase.DefaultTestCase.readObject(DefaultTestCase.java:1217)
	at jdk.internal.reflect.GeneratedMethodAccessor15.invoke(Unknown Source)
	at java.base/jdk.internal.reflect.DelegatingMethodAccessorImpl.invoke(DelegatingMethodAccessorImpl.java:43)
	at java.base/java.lang.reflect.Method.invoke(Method.java:566)
	at java.base/java.io.ObjectStreamClass.invokeReadObject(ObjectStreamClass.java:1046)
	at java.base/java.io.ObjectInputStream.readSerialData(ObjectInputStream.java:2357)
	at java.base/java.io.ObjectInputStream.readOrdinaryObject(ObjectInputStream.java:2228)
	at java.base/java.io.ObjectInputStream.readObject0(ObjectInputStream.java:1687)
	at java.base/java.io.ObjectInputStream.defaultReadFields(ObjectInputStream.java:2496)
	at java.base/java.io.ObjectInputStream.readSerialData(ObjectInputStream.java:2390)
	at java.base/java.io.ObjectInputStream.readOrdinaryObject(ObjectInputStream.java:2228)
	at java.base/java.io.ObjectInputStream.readObject0(ObjectInputStream.java:1687)
	at java.base/java.io.ObjectInputStream.readObject(ObjectInputStream.java:489)
	at java.base/java.io.ObjectInputStream.readObject(ObjectInputStream.java:447)
	at java.base/java.util.ArrayList.readObject(ArrayList.java:929)
	at java.base/jdk.internal.reflect.GeneratedMethodAccessor7.invoke(Unknown Source)
	at java.base/jdk.internal.reflect.DelegatingMethodAccessorImpl.invoke(DelegatingMethodAccessorImpl.java:43)
	at java.base/java.lang.reflect.Method.invoke(Method.java:566)
	at java.base/java.io.ObjectStreamClass.invokeReadObject(ObjectStreamClass.java:1046)
	at java.base/java.io.ObjectInputStream.readSerialData(ObjectInputStream.java:2357)
	at java.base/java.io.ObjectInputStream.readOrdinaryObject(ObjectInputStream.java:2228)
	at java.base/java.io.ObjectInputStream.readObject0(ObjectInputStream.java:1687)
	at java.base/java.io.ObjectInputStream.defaultReadFields(ObjectInputStream.java:2496)
	at java.base/java.io.ObjectInputStream.readSerialData(ObjectInputStream.java:2390)
	at java.base/java.io.ObjectInputStream.readOrdinaryObject(ObjectInputStream.java:2228)
	at java.base/java.io.ObjectInputStream.readObject0(ObjectInputStream.java:1687)
	at java.base/java.io.ObjectInputStream.readObject(ObjectInputStream.java:489)
	at java.base/java.io.ObjectInputStream.readObject(ObjectInputStream.java:447)
	at java.rmi/sun.rmi.server.UnicastRef.unmarshalValue(UnicastRef.java:327)
	at java.rmi/sun.rmi.server.UnicastServerRef.dispatch(UnicastServerRef.java:339)
	... 12 common frames omitted
Caused by: java.lang.IllegalArgumentException: expect to get instruction without BasicBlock already set
	at org.evosuite.graphs.cfg.BasicBlock.appendInstruction(BasicBlock.java:225)
	at org.evosuite.graphs.cfg.BasicBlock.setInstructions(BasicBlock.java:206)
	at org.evosuite.graphs.cfg.BasicBlock.<init>(BasicBlock.java:106)
	at org.evosuite.graphs.cfg.RawControlFlowGraph.determineBasicBlockFor(RawControlFlowGraph.java:314)
	at org.evosuite.graphs.cfg.ActualControlFlowGraph.computeNodes(ActualControlFlowGraph.java:295)
	at org.evosuite.graphs.cfg.ActualControlFlowGraph.computeGraph(ActualControlFlowGraph.java:262)
	at org.evosuite.graphs.cfg.ActualControlFlowGraph.<init>(ActualControlFlowGraph.java:97)
	at org.evosuite.graphs.cfg.CFGGenerator.computeActualCFG(CFGGenerator.java:218)
	at org.evosuite.graphs.cfg.CFGGenerator.registerCFGs(CFGGenerator.java:102)
	at org.evosuite.graphs.cfg.CFGMethodAdapter.visitEnd(CFGMethodAdapter.java:219)
	at org.evosuite.shaded.org.objectweb.asm.MethodVisitor.visitEnd(MethodVisitor.java:783)
	at org.evosuite.shaded.org.objectweb.asm.MethodVisitor.visitEnd(MethodVisitor.java:783)
	at org.evosuite.shaded.org.objectweb.asm.MethodVisitor.visitEnd(MethodVisitor.java:783)
	at org.evosuite.shaded.org.objectweb.asm.tree.MethodNode.accept(MethodNode.java:772)
	at org.evosuite.shaded.org.objectweb.asm.tree.MethodNode.accept(MethodNode.java:649)
	at org.evosuite.shaded.org.objectweb.asm.tree.ClassNode.accept(ClassNode.java:452)
	at org.evosuite.instrumentation.BytecodeInstrumentation.transformBytes(BytecodeInstrumentation.java:282)
	at org.evosuite.instrumentation.InstrumentingClassLoader.getTransformedBytes(InstrumentingClassLoader.java:135)
	at org.evosuite.instrumentation.InstrumentingClassLoader.instrumentClass(InstrumentingClassLoader.java:149)
	... 77 common frames omitted
[Progress:====>                         16%] [Cov:=============>                     39%][Progress:====>                         16%] [Cov:==============>                    40%][MASTER] 12:35:06.328 [logback-1] WARN  ClientNodeImpl - Cannot send statistics to master; continuing without statistics
java.rmi.ServerException: RemoteException occurred in server thread; nested exception is: 
	java.rmi.UnmarshalException: error unmarshalling arguments; nested exception is: 
	java.lang.ClassNotFoundException: expect to get instruction without BasicBlock already set
	at java.rmi/sun.rmi.server.UnicastServerRef.dispatch(UnicastServerRef.java:391)
	at java.rmi/sun.rmi.transport.Transport$1.run(Transport.java:200)
	at java.rmi/sun.rmi.transport.Transport$1.run(Transport.java:197)
	at java.base/java.security.AccessController.doPrivileged(Native Method)
	at java.rmi/sun.rmi.transport.Transport.serviceCall(Transport.java:196)
	at java.rmi/sun.rmi.transport.tcp.TCPTransport.handleMessages(TCPTransport.java:562)
	at java.rmi/sun.rmi.transport.tcp.TCPTransport$ConnectionHandler.run0(TCPTransport.java:796)
	at java.rmi/sun.rmi.transport.tcp.TCPTransport$ConnectionHandler.lambda$run$0(TCPTransport.java:677)
	at java.base/java.security.AccessController.doPrivileged(Native Method)
	at java.rmi/sun.rmi.transport.tcp.TCPTransport$ConnectionHandler.run(TCPTransport.java:676)
	at java.base/java.util.concurrent.ThreadPoolExecutor.runWorker(ThreadPoolExecutor.java:1128)
	at java.base/java.util.concurrent.ThreadPoolExecutor$Worker.run(ThreadPoolExecutor.java:628)
	at java.base/java.lang.Thread.run(Thread.java:829)
	at java.rmi/sun.rmi.transport.StreamRemoteCall.exceptionReceivedFromServer(StreamRemoteCall.java:303)
	at java.rmi/sun.rmi.transport.StreamRemoteCall.executeCall(StreamRemoteCall.java:279)
	at java.rmi/sun.rmi.server.UnicastRef.invoke(UnicastRef.java:164)
	at java.rmi/java.rmi.server.RemoteObjectInvocationHandler.invokeRemoteMethod(RemoteObjectInvocationHandler.java:217)
	at java.rmi/java.rmi.server.RemoteObjectInvocationHandler.invoke(RemoteObjectInvocationHandler.java:162)
	at com.sun.proxy.$Proxy7.evosuite_collectStatistics(Unknown Source)
	at org.evosuite.rmi.service.ClientNodeImpl.updateStatistics(ClientNodeImpl.java:251)
	at org.evosuite.statistics.StatisticsSender.sendIndividualToMaster(StatisticsSender.java:62)
	at org.evosuite.statistics.StatisticsListener.lambda$new$0(StatisticsListener.java:76)
	at java.base/java.lang.Thread.run(Thread.java:829)
Caused by: java.rmi.UnmarshalException: error unmarshalling arguments; nested exception is: 
	java.lang.ClassNotFoundException: expect to get instruction without BasicBlock already set
	at java.rmi/sun.rmi.server.UnicastServerRef.dispatch(UnicastServerRef.java:350)
	at java.rmi/sun.rmi.transport.Transport$1.run(Transport.java:200)
	at java.rmi/sun.rmi.transport.Transport$1.run(Transport.java:197)
	at java.base/java.security.AccessController.doPrivileged(Native Method)
	at java.rmi/sun.rmi.transport.Transport.serviceCall(Transport.java:196)
	at java.rmi/sun.rmi.transport.tcp.TCPTransport.handleMessages(TCPTransport.java:562)
	at java.rmi/sun.rmi.transport.tcp.TCPTransport$ConnectionHandler.run0(TCPTransport.java:796)
	at java.rmi/sun.rmi.transport.tcp.TCPTransport$ConnectionHandler.lambda$run$0(TCPTransport.java:677)
	at java.base/java.security.AccessController.doPrivileged(Native Method)
	at java.rmi/sun.rmi.transport.tcp.TCPTransport$ConnectionHandler.run(TCPTransport.java:676)
	at java.base/java.util.concurrent.ThreadPoolExecutor.runWorker(ThreadPoolExecutor.java:1128)
	at java.base/java.util.concurrent.ThreadPoolExecutor$Worker.run(ThreadPoolExecutor.java:628)
	... 1 common frames omitted
Caused by: java.lang.ClassNotFoundException: expect to get instruction without BasicBlock already set
	at org.evosuite.instrumentation.InstrumentingClassLoader.instrumentClass(InstrumentingClassLoader.java:158)
	at org.evosuite.instrumentation.InstrumentingClassLoader.loadClass(InstrumentingClassLoader.java:126)
	at org.evosuite.utils.generic.GenericClassImpl.getClass(GenericClassImpl.java:139)
	at org.evosuite.utils.generic.GenericClassImpl.getClass(GenericClassImpl.java:105)
	at org.evosuite.utils.generic.GenericClassImpl.readObject(GenericClassImpl.java:1671)
	at jdk.internal.reflect.GeneratedMethodAccessor9.invoke(Unknown Source)
	at java.base/jdk.internal.reflect.DelegatingMethodAccessorImpl.invoke(DelegatingMethodAccessorImpl.java:43)
	at java.base/java.lang.reflect.Method.invoke(Method.java:566)
	at java.base/java.io.ObjectStreamClass.invokeReadObject(ObjectStreamClass.java:1046)
	at java.base/java.io.ObjectInputStream.readSerialData(ObjectInputStream.java:2357)
	at java.base/java.io.ObjectInputStream.readOrdinaryObject(ObjectInputStream.java:2228)
	at java.base/java.io.ObjectInputStream.readObject0(ObjectInputStream.java:1687)
	at java.base/java.io.ObjectInputStream.defaultReadFields(ObjectInputStream.java:2496)
	at java.base/java.io.ObjectInputStream.readSerialData(ObjectInputStream.java:2390)
	at java.base/java.io.ObjectInputStream.readOrdinaryObject(ObjectInputStream.java:2228)
	at java.base/java.io.ObjectInputStream.readObject0(ObjectInputStream.java:1687)
	at java.base/java.io.ObjectInputStream.defaultReadFields(ObjectInputStream.java:2496)
	at java.base/java.io.ObjectInputStream.readSerialData(ObjectInputStream.java:2390)
	at java.base/java.io.ObjectInputStream.readOrdinaryObject(ObjectInputStream.java:2228)
	at java.base/java.io.ObjectInputStream.readObject0(ObjectInputStream.java:1687)
	at java.base/java.io.ObjectInputStream.readObject(ObjectInputStream.java:489)
	at java.base/java.io.ObjectInputStream.readObject(ObjectInputStream.java:447)
	at java.base/java.util.ArrayList.readObject(ArrayList.java:929)
	at java.base/jdk.internal.reflect.GeneratedMethodAccessor7.invoke(Unknown Source)
	at java.base/jdk.internal.reflect.DelegatingMethodAccessorImpl.invoke(DelegatingMethodAccessorImpl.java:43)
	at java.base/java.lang.reflect.Method.invoke(Method.java:566)
	at java.base/java.io.ObjectStreamClass.invokeReadObject(ObjectStreamClass.java:1046)
	at java.base/java.io.ObjectInputStream.readSerialData(ObjectInputStream.java:2357)
	at java.base/java.io.ObjectInputStream.readOrdinaryObject(ObjectInputStream.java:2228)
	at java.base/java.io.ObjectInputStream.readObject0(ObjectInputStream.java:1687)
	at java.base/java.io.ObjectInputStream.defaultReadFields(ObjectInputStream.java:2496)
	at java.base/java.io.ObjectInputStream.readSerialData(ObjectInputStream.java:2390)
	at java.base/java.io.ObjectInputStream.readOrdinaryObject(ObjectInputStream.java:2228)
	at java.base/java.io.ObjectInputStream.readObject0(ObjectInputStream.java:1687)
	at java.base/java.io.ObjectInputStream.defaultReadFields(ObjectInputStream.java:2496)
	at java.base/java.io.ObjectInputStream.defaultReadObject(ObjectInputStream.java:625)
	at org.evosuite.testcase.DefaultTestCase.readObject(DefaultTestCase.java:1217)
	at jdk.internal.reflect.GeneratedMethodAccessor15.invoke(Unknown Source)
	at java.base/jdk.internal.reflect.DelegatingMethodAccessorImpl.invoke(DelegatingMethodAccessorImpl.java:43)
	at java.base/java.lang.reflect.Method.invoke(Method.java:566)
	at java.base/java.io.ObjectStreamClass.invokeReadObject(ObjectStreamClass.java:1046)
	at java.base/java.io.ObjectInputStream.readSerialData(ObjectInputStream.java:2357)
	at java.base/java.io.ObjectInputStream.readOrdinaryObject(ObjectInputStream.java:2228)
	at java.base/java.io.ObjectInputStream.readObject0(ObjectInputStream.java:1687)
	at java.base/java.io.ObjectInputStream.defaultReadFields(ObjectInputStream.java:2496)
	at java.base/java.io.ObjectInputStream.readSerialData(ObjectInputStream.java:2390)
	at java.base/java.io.ObjectInputStream.readOrdinaryObject(ObjectInputStream.java:2228)
	at java.base/java.io.ObjectInputStream.readObject0(ObjectInputStream.java:1687)
	at java.base/java.io.ObjectInputStream.readObject(ObjectInputStream.java:489)
	at java.base/java.io.ObjectInputStream.readObject(ObjectInputStream.java:447)
	at java.base/java.util.ArrayList.readObject(ArrayList.java:929)
	at java.base/jdk.internal.reflect.GeneratedMethodAccessor7.invoke(Unknown Source)
	at java.base/jdk.internal.reflect.DelegatingMethodAccessorImpl.invoke(DelegatingMethodAccessorImpl.java:43)
	at java.base/java.lang.reflect.Method.invoke(Method.java:566)
	at java.base/java.io.ObjectStreamClass.invokeReadObject(ObjectStreamClass.java:1046)
	at java.base/java.io.ObjectInputStream.readSerialData(ObjectInputStream.java:2357)
	at java.base/java.io.ObjectInputStream.readOrdinaryObject(ObjectInputStream.java:2228)
	at java.base/java.io.ObjectInputStream.readObject0(ObjectInputStream.java:1687)
	at java.base/java.io.ObjectInputStream.defaultReadFields(ObjectInputStream.java:2496)
	at java.base/java.io.ObjectInputStream.readSerialData(ObjectInputStream.java:2390)
	at java.base/java.io.ObjectInputStream.readOrdinaryObject(ObjectInputStream.java:2228)
	at java.base/java.io.ObjectInputStream.readObject0(ObjectInputStream.java:1687)
	at java.base/java.io.ObjectInputStream.readObject(ObjectInputStream.java:489)
	at java.base/java.io.ObjectInputStream.readObject(ObjectInputStream.java:447)
	at java.rmi/sun.rmi.server.UnicastRef.unmarshalValue(UnicastRef.java:327)
	at java.rmi/sun.rmi.server.UnicastServerRef.dispatch(UnicastServerRef.java:339)
	... 12 common frames omitted
Caused by: java.lang.IllegalArgumentException: expect to get instruction without BasicBlock already set
	at org.evosuite.graphs.cfg.BasicBlock.appendInstruction(BasicBlock.java:225)
	at org.evosuite.graphs.cfg.BasicBlock.setInstructions(BasicBlock.java:206)
	at org.evosuite.graphs.cfg.BasicBlock.<init>(BasicBlock.java:106)
	at org.evosuite.graphs.cfg.RawControlFlowGraph.determineBasicBlockFor(RawControlFlowGraph.java:314)
	at org.evosuite.graphs.cfg.ActualControlFlowGraph.computeNodes(ActualControlFlowGraph.java:295)
	at org.evosuite.graphs.cfg.ActualControlFlowGraph.computeGraph(ActualControlFlowGraph.java:262)
	at org.evosuite.graphs.cfg.ActualControlFlowGraph.<init>(ActualControlFlowGraph.java:97)
	at org.evosuite.graphs.cfg.CFGGenerator.computeActualCFG(CFGGenerator.java:218)
	at org.evosuite.graphs.cfg.CFGGenerator.registerCFGs(CFGGenerator.java:102)
	at org.evosuite.graphs.cfg.CFGMethodAdapter.visitEnd(CFGMethodAdapter.java:219)
	at org.evosuite.shaded.org.objectweb.asm.MethodVisitor.visitEnd(MethodVisitor.java:783)
	at org.evosuite.shaded.org.objectweb.asm.MethodVisitor.visitEnd(MethodVisitor.java:783)
	at org.evosuite.shaded.org.objectweb.asm.MethodVisitor.visitEnd(MethodVisitor.java:783)
	at org.evosuite.shaded.org.objectweb.asm.tree.MethodNode.accept(MethodNode.java:772)
	at org.evosuite.shaded.org.objectweb.asm.tree.MethodNode.accept(MethodNode.java:649)
	at org.evosuite.shaded.org.objectweb.asm.tree.ClassNode.accept(ClassNode.java:452)
	at org.evosuite.instrumentation.BytecodeInstrumentation.transformBytes(BytecodeInstrumentation.java:282)
	at org.evosuite.instrumentation.InstrumentingClassLoader.getTransformedBytes(InstrumentingClassLoader.java:135)
	at org.evosuite.instrumentation.InstrumentingClassLoader.instrumentClass(InstrumentingClassLoader.java:149)
	... 77 common frames omitted
[Progress:====>                         16%] [Cov:==============>                    40%][Progress:=====>                        17%] [Cov:==============>                    40%][MASTER] 12:35:07.332 [logback-1] WARN  ClientNodeImpl - Cannot send statistics to master; continuing without statistics
java.rmi.ServerException: RemoteException occurred in server thread; nested exception is: 
	java.rmi.UnmarshalException: error unmarshalling arguments; nested exception is: 
	java.lang.ClassNotFoundException: expect to get instruction without BasicBlock already set
	at java.rmi/sun.rmi.server.UnicastServerRef.dispatch(UnicastServerRef.java:391)
	at java.rmi/sun.rmi.transport.Transport$1.run(Transport.java:200)
	at java.rmi/sun.rmi.transport.Transport$1.run(Transport.java:197)
	at java.base/java.security.AccessController.doPrivileged(Native Method)
	at java.rmi/sun.rmi.transport.Transport.serviceCall(Transport.java:196)
	at java.rmi/sun.rmi.transport.tcp.TCPTransport.handleMessages(TCPTransport.java:562)
	at java.rmi/sun.rmi.transport.tcp.TCPTransport$ConnectionHandler.run0(TCPTransport.java:796)
	at java.rmi/sun.rmi.transport.tcp.TCPTransport$ConnectionHandler.lambda$run$0(TCPTransport.java:677)
	at java.base/java.security.AccessController.doPrivileged(Native Method)
	at java.rmi/sun.rmi.transport.tcp.TCPTransport$ConnectionHandler.run(TCPTransport.java:676)
	at java.base/java.util.concurrent.ThreadPoolExecutor.runWorker(ThreadPoolExecutor.java:1128)
	at java.base/java.util.concurrent.ThreadPoolExecutor$Worker.run(ThreadPoolExecutor.java:628)
	at java.base/java.lang.Thread.run(Thread.java:829)
	at java.rmi/sun.rmi.transport.StreamRemoteCall.exceptionReceivedFromServer(StreamRemoteCall.java:303)
	at java.rmi/sun.rmi.transport.StreamRemoteCall.executeCall(StreamRemoteCall.java:279)
	at java.rmi/sun.rmi.server.UnicastRef.invoke(UnicastRef.java:164)
	at java.rmi/java.rmi.server.RemoteObjectInvocationHandler.invokeRemoteMethod(RemoteObjectInvocationHandler.java:217)
	at java.rmi/java.rmi.server.RemoteObjectInvocationHandler.invoke(RemoteObjectInvocationHandler.java:162)
	at com.sun.proxy.$Proxy7.evosuite_collectStatistics(Unknown Source)
	at org.evosuite.rmi.service.ClientNodeImpl.updateStatistics(ClientNodeImpl.java:251)
	at org.evosuite.statistics.StatisticsSender.sendIndividualToMaster(StatisticsSender.java:62)
	at org.evosuite.statistics.StatisticsListener.lambda$new$0(StatisticsListener.java:76)
	at java.base/java.lang.Thread.run(Thread.java:829)
Caused by: java.rmi.UnmarshalException: error unmarshalling arguments; nested exception is: 
	java.lang.ClassNotFoundException: expect to get instruction without BasicBlock already set
	at java.rmi/sun.rmi.server.UnicastServerRef.dispatch(UnicastServerRef.java:350)
	at java.rmi/sun.rmi.transport.Transport$1.run(Transport.java:200)
	at java.rmi/sun.rmi.transport.Transport$1.run(Transport.java:197)
	at java.base/java.security.AccessController.doPrivileged(Native Method)
	at java.rmi/sun.rmi.transport.Transport.serviceCall(Transport.java:196)
	at java.rmi/sun.rmi.transport.tcp.TCPTransport.handleMessages(TCPTransport.java:562)
	at java.rmi/sun.rmi.transport.tcp.TCPTransport$ConnectionHandler.run0(TCPTransport.java:796)
	at java.rmi/sun.rmi.transport.tcp.TCPTransport$ConnectionHandler.lambda$run$0(TCPTransport.java:677)
	at java.base/java.security.AccessController.doPrivileged(Native Method)
	at java.rmi/sun.rmi.transport.tcp.TCPTransport$ConnectionHandler.run(TCPTransport.java:676)
	at java.base/java.util.concurrent.ThreadPoolExecutor.runWorker(ThreadPoolExecutor.java:1128)
	at java.base/java.util.concurrent.ThreadPoolExecutor$Worker.run(ThreadPoolExecutor.java:628)
	... 1 common frames omitted
Caused by: java.lang.ClassNotFoundException: expect to get instruction without BasicBlock already set
	at org.evosuite.instrumentation.InstrumentingClassLoader.instrumentClass(InstrumentingClassLoader.java:158)
	at org.evosuite.instrumentation.InstrumentingClassLoader.loadClass(InstrumentingClassLoader.java:126)
	at org.evosuite.utils.generic.GenericClassImpl.getClass(GenericClassImpl.java:139)
	at org.evosuite.utils.generic.GenericClassImpl.getClass(GenericClassImpl.java:105)
	at org.evosuite.utils.generic.GenericClassImpl.readObject(GenericClassImpl.java:1671)
	at jdk.internal.reflect.GeneratedMethodAccessor9.invoke(Unknown Source)
	at java.base/jdk.internal.reflect.DelegatingMethodAccessorImpl.invoke(DelegatingMethodAccessorImpl.java:43)
	at java.base/java.lang.reflect.Method.invoke(Method.java:566)
	at java.base/java.io.ObjectStreamClass.invokeReadObject(ObjectStreamClass.java:1046)
	at java.base/java.io.ObjectInputStream.readSerialData(ObjectInputStream.java:2357)
	at java.base/java.io.ObjectInputStream.readOrdinaryObject(ObjectInputStream.java:2228)
	at java.base/java.io.ObjectInputStream.readObject0(ObjectInputStream.java:1687)
	at java.base/java.io.ObjectInputStream.defaultReadFields(ObjectInputStream.java:2496)
	at java.base/java.io.ObjectInputStream.readSerialData(ObjectInputStream.java:2390)
	at java.base/java.io.ObjectInputStream.readOrdinaryObject(ObjectInputStream.java:2228)
	at java.base/java.io.ObjectInputStream.readObject0(ObjectInputStream.java:1687)
	at java.base/java.io.ObjectInputStream.defaultReadFields(ObjectInputStream.java:2496)
	at java.base/java.io.ObjectInputStream.readSerialData(ObjectInputStream.java:2390)
	at java.base/java.io.ObjectInputStream.readOrdinaryObject(ObjectInputStream.java:2228)
	at java.base/java.io.ObjectInputStream.readObject0(ObjectInputStream.java:1687)
	at java.base/java.io.ObjectInputStream.readObject(ObjectInputStream.java:489)
	at java.base/java.io.ObjectInputStream.readObject(ObjectInputStream.java:447)
	at java.base/java.util.ArrayList.readObject(ArrayList.java:929)
	at java.base/jdk.internal.reflect.GeneratedMethodAccessor7.invoke(Unknown Source)
	at java.base/jdk.internal.reflect.DelegatingMethodAccessorImpl.invoke(DelegatingMethodAccessorImpl.java:43)
	at java.base/java.lang.reflect.Method.invoke(Method.java:566)
	at java.base/java.io.ObjectStreamClass.invokeReadObject(ObjectStreamClass.java:1046)
	at java.base/java.io.ObjectInputStream.readSerialData(ObjectInputStream.java:2357)
	at java.base/java.io.ObjectInputStream.readOrdinaryObject(ObjectInputStream.java:2228)
	at java.base/java.io.ObjectInputStream.readObject0(ObjectInputStream.java:1687)
	at java.base/java.io.ObjectInputStream.defaultReadFields(ObjectInputStream.java:2496)
	at java.base/java.io.ObjectInputStream.readSerialData(ObjectInputStream.java:2390)
	at java.base/java.io.ObjectInputStream.readOrdinaryObject(ObjectInputStream.java:2228)
	at java.base/java.io.ObjectInputStream.readObject0(ObjectInputStream.java:1687)
	at java.base/java.io.ObjectInputStream.defaultReadFields(ObjectInputStream.java:2496)
	at java.base/java.io.ObjectInputStream.defaultReadObject(ObjectInputStream.java:625)
	at org.evosuite.testcase.DefaultTestCase.readObject(DefaultTestCase.java:1217)
	at jdk.internal.reflect.GeneratedMethodAccessor15.invoke(Unknown Source)
	at java.base/jdk.internal.reflect.DelegatingMethodAccessorImpl.invoke(DelegatingMethodAccessorImpl.java:43)
	at java.base/java.lang.reflect.Method.invoke(Method.java:566)
	at java.base/java.io.ObjectStreamClass.invokeReadObject(ObjectStreamClass.java:1046)
	at java.base/java.io.ObjectInputStream.readSerialData(ObjectInputStream.java:2357)
	at java.base/java.io.ObjectInputStream.readOrdinaryObject(ObjectInputStream.java:2228)
	at java.base/java.io.ObjectInputStream.readObject0(ObjectInputStream.java:1687)
	at java.base/java.io.ObjectInputStream.defaultReadFields(ObjectInputStream.java:2496)
	at java.base/java.io.ObjectInputStream.readSerialData(ObjectInputStream.java:2390)
	at java.base/java.io.ObjectInputStream.readOrdinaryObject(ObjectInputStream.java:2228)
	at java.base/java.io.ObjectInputStream.readObject0(ObjectInputStream.java:1687)
	at java.base/java.io.ObjectInputStream.readObject(ObjectInputStream.java:489)
	at java.base/java.io.ObjectInputStream.readObject(ObjectInputStream.java:447)
	at java.base/java.util.ArrayList.readObject(ArrayList.java:929)
	at java.base/jdk.internal.reflect.GeneratedMethodAccessor7.invoke(Unknown Source)
	at java.base/jdk.internal.reflect.DelegatingMethodAccessorImpl.invoke(DelegatingMethodAccessorImpl.java:43)
	at java.base/java.lang.reflect.Method.invoke(Method.java:566)
	at java.base/java.io.ObjectStreamClass.invokeReadObject(ObjectStreamClass.java:1046)
	at java.base/java.io.ObjectInputStream.readSerialData(ObjectInputStream.java:2357)
	at java.base/java.io.ObjectInputStream.readOrdinaryObject(ObjectInputStream.java:2228)
	at java.base/java.io.ObjectInputStream.readObject0(ObjectInputStream.java:1687)
	at java.base/java.io.ObjectInputStream.defaultReadFields(ObjectInputStream.java:2496)
	at java.base/java.io.ObjectInputStream.readSerialData(ObjectInputStream.java:2390)
	at java.base/java.io.ObjectInputStream.readOrdinaryObject(ObjectInputStream.java:2228)
	at java.base/java.io.ObjectInputStream.readObject0(ObjectInputStream.java:1687)
	at java.base/java.io.ObjectInputStream.readObject(ObjectInputStream.java:489)
	at java.base/java.io.ObjectInputStream.readObject(ObjectInputStream.java:447)
	at java.rmi/sun.rmi.server.UnicastRef.unmarshalValue(UnicastRef.java:327)
	at java.rmi/sun.rmi.server.UnicastServerRef.dispatch(UnicastServerRef.java:339)
	... 12 common frames omitted
Caused by: java.lang.IllegalArgumentException: expect to get instruction without BasicBlock already set
	at org.evosuite.graphs.cfg.BasicBlock.appendInstruction(BasicBlock.java:225)
	at org.evosuite.graphs.cfg.BasicBlock.setInstructions(BasicBlock.java:206)
	at org.evosuite.graphs.cfg.BasicBlock.<init>(BasicBlock.java:106)
	at org.evosuite.graphs.cfg.RawControlFlowGraph.determineBasicBlockFor(RawControlFlowGraph.java:314)
	at org.evosuite.graphs.cfg.ActualControlFlowGraph.computeNodes(ActualControlFlowGraph.java:295)
	at org.evosuite.graphs.cfg.ActualControlFlowGraph.computeGraph(ActualControlFlowGraph.java:262)
	at org.evosuite.graphs.cfg.ActualControlFlowGraph.<init>(ActualControlFlowGraph.java:97)
	at org.evosuite.graphs.cfg.CFGGenerator.computeActualCFG(CFGGenerator.java:218)
	at org.evosuite.graphs.cfg.CFGGenerator.registerCFGs(CFGGenerator.java:102)
	at org.evosuite.graphs.cfg.CFGMethodAdapter.visitEnd(CFGMethodAdapter.java:219)
	at org.evosuite.shaded.org.objectweb.asm.MethodVisitor.visitEnd(MethodVisitor.java:783)
	at org.evosuite.shaded.org.objectweb.asm.MethodVisitor.visitEnd(MethodVisitor.java:783)
	at org.evosuite.shaded.org.objectweb.asm.MethodVisitor.visitEnd(MethodVisitor.java:783)
	at org.evosuite.shaded.org.objectweb.asm.tree.MethodNode.accept(MethodNode.java:772)
	at org.evosuite.shaded.org.objectweb.asm.tree.MethodNode.accept(MethodNode.java:649)
	at org.evosuite.shaded.org.objectweb.asm.tree.ClassNode.accept(ClassNode.java:452)
	at org.evosuite.instrumentation.BytecodeInstrumentation.transformBytes(BytecodeInstrumentation.java:282)
	at org.evosuite.instrumentation.InstrumentingClassLoader.getTransformedBytes(InstrumentingClassLoader.java:135)
	at org.evosuite.instrumentation.InstrumentingClassLoader.instrumentClass(InstrumentingClassLoader.java:149)
	... 77 common frames omitted
[Progress:=====>                        18%] [Cov:==============>                    40%][Progress:=====>                        18%] [Cov:==============>                    40%][MASTER] 12:35:08.339 [logback-1] WARN  ClientNodeImpl - Cannot send statistics to master; continuing without statistics
java.rmi.ServerException: RemoteException occurred in server thread; nested exception is: 
	java.rmi.UnmarshalException: error unmarshalling arguments; nested exception is: 
	java.lang.ClassNotFoundException: expect to get instruction without BasicBlock already set
	at java.rmi/sun.rmi.server.UnicastServerRef.dispatch(UnicastServerRef.java:391)
	at java.rmi/sun.rmi.transport.Transport$1.run(Transport.java:200)
	at java.rmi/sun.rmi.transport.Transport$1.run(Transport.java:197)
	at java.base/java.security.AccessController.doPrivileged(Native Method)
	at java.rmi/sun.rmi.transport.Transport.serviceCall(Transport.java:196)
	at java.rmi/sun.rmi.transport.tcp.TCPTransport.handleMessages(TCPTransport.java:562)
	at java.rmi/sun.rmi.transport.tcp.TCPTransport$ConnectionHandler.run0(TCPTransport.java:796)
	at java.rmi/sun.rmi.transport.tcp.TCPTransport$ConnectionHandler.lambda$run$0(TCPTransport.java:677)
	at java.base/java.security.AccessController.doPrivileged(Native Method)
	at java.rmi/sun.rmi.transport.tcp.TCPTransport$ConnectionHandler.run(TCPTransport.java:676)
	at java.base/java.util.concurrent.ThreadPoolExecutor.runWorker(ThreadPoolExecutor.java:1128)
	at java.base/java.util.concurrent.ThreadPoolExecutor$Worker.run(ThreadPoolExecutor.java:628)
	at java.base/java.lang.Thread.run(Thread.java:829)
	at java.rmi/sun.rmi.transport.StreamRemoteCall.exceptionReceivedFromServer(StreamRemoteCall.java:303)
	at java.rmi/sun.rmi.transport.StreamRemoteCall.executeCall(StreamRemoteCall.java:279)
	at java.rmi/sun.rmi.server.UnicastRef.invoke(UnicastRef.java:164)
	at java.rmi/java.rmi.server.RemoteObjectInvocationHandler.invokeRemoteMethod(RemoteObjectInvocationHandler.java:217)
	at java.rmi/java.rmi.server.RemoteObjectInvocationHandler.invoke(RemoteObjectInvocationHandler.java:162)
	at com.sun.proxy.$Proxy7.evosuite_collectStatistics(Unknown Source)
	at org.evosuite.rmi.service.ClientNodeImpl.updateStatistics(ClientNodeImpl.java:251)
	at org.evosuite.statistics.StatisticsSender.sendIndividualToMaster(StatisticsSender.java:62)
	at org.evosuite.statistics.StatisticsListener.lambda$new$0(StatisticsListener.java:76)
	at java.base/java.lang.Thread.run(Thread.java:829)
Caused by: java.rmi.UnmarshalException: error unmarshalling arguments; nested exception is: 
	java.lang.ClassNotFoundException: expect to get instruction without BasicBlock already set
	at java.rmi/sun.rmi.server.UnicastServerRef.dispatch(UnicastServerRef.java:350)
	at java.rmi/sun.rmi.transport.Transport$1.run(Transport.java:200)
	at java.rmi/sun.rmi.transport.Transport$1.run(Transport.java:197)
	at java.base/java.security.AccessController.doPrivileged(Native Method)
	at java.rmi/sun.rmi.transport.Transport.serviceCall(Transport.java:196)
	at java.rmi/sun.rmi.transport.tcp.TCPTransport.handleMessages(TCPTransport.java:562)
	at java.rmi/sun.rmi.transport.tcp.TCPTransport$ConnectionHandler.run0(TCPTransport.java:796)
	at java.rmi/sun.rmi.transport.tcp.TCPTransport$ConnectionHandler.lambda$run$0(TCPTransport.java:677)
	at java.base/java.security.AccessController.doPrivileged(Native Method)
	at java.rmi/sun.rmi.transport.tcp.TCPTransport$ConnectionHandler.run(TCPTransport.java:676)
	at java.base/java.util.concurrent.ThreadPoolExecutor.runWorker(ThreadPoolExecutor.java:1128)
	at java.base/java.util.concurrent.ThreadPoolExecutor$Worker.run(ThreadPoolExecutor.java:628)
	... 1 common frames omitted
Caused by: java.lang.ClassNotFoundException: expect to get instruction without BasicBlock already set
	at org.evosuite.instrumentation.InstrumentingClassLoader.instrumentClass(InstrumentingClassLoader.java:158)
	at org.evosuite.instrumentation.InstrumentingClassLoader.loadClass(InstrumentingClassLoader.java:126)
	at org.evosuite.utils.generic.GenericClassImpl.getClass(GenericClassImpl.java:139)
	at org.evosuite.utils.generic.GenericClassImpl.getClass(GenericClassImpl.java:105)
	at org.evosuite.utils.generic.GenericClassImpl.readObject(GenericClassImpl.java:1671)
	at jdk.internal.reflect.GeneratedMethodAccessor9.invoke(Unknown Source)
	at java.base/jdk.internal.reflect.DelegatingMethodAccessorImpl.invoke(DelegatingMethodAccessorImpl.java:43)
	at java.base/java.lang.reflect.Method.invoke(Method.java:566)
	at java.base/java.io.ObjectStreamClass.invokeReadObject(ObjectStreamClass.java:1046)
	at java.base/java.io.ObjectInputStream.readSerialData(ObjectInputStream.java:2357)
	at java.base/java.io.ObjectInputStream.readOrdinaryObject(ObjectInputStream.java:2228)
	at java.base/java.io.ObjectInputStream.readObject0(ObjectInputStream.java:1687)
	at java.base/java.io.ObjectInputStream.defaultReadFields(ObjectInputStream.java:2496)
	at java.base/java.io.ObjectInputStream.readSerialData(ObjectInputStream.java:2390)
	at java.base/java.io.ObjectInputStream.readOrdinaryObject(ObjectInputStream.java:2228)
	at java.base/java.io.ObjectInputStream.readObject0(ObjectInputStream.java:1687)
	at java.base/java.io.ObjectInputStream.defaultReadFields(ObjectInputStream.java:2496)
	at java.base/java.io.ObjectInputStream.readSerialData(ObjectInputStream.java:2390)
	at java.base/java.io.ObjectInputStream.readOrdinaryObject(ObjectInputStream.java:2228)
	at java.base/java.io.ObjectInputStream.readObject0(ObjectInputStream.java:1687)
	at java.base/java.io.ObjectInputStream.readObject(ObjectInputStream.java:489)
	at java.base/java.io.ObjectInputStream.readObject(ObjectInputStream.java:447)
	at java.base/java.util.ArrayList.readObject(ArrayList.java:929)
	at java.base/jdk.internal.reflect.GeneratedMethodAccessor7.invoke(Unknown Source)
	at java.base/jdk.internal.reflect.DelegatingMethodAccessorImpl.invoke(DelegatingMethodAccessorImpl.java:43)
	at java.base/java.lang.reflect.Method.invoke(Method.java:566)
	at java.base/java.io.ObjectStreamClass.invokeReadObject(ObjectStreamClass.java:1046)
	at java.base/java.io.ObjectInputStream.readSerialData(ObjectInputStream.java:2357)
	at java.base/java.io.ObjectInputStream.readOrdinaryObject(ObjectInputStream.java:2228)
	at java.base/java.io.ObjectInputStream.readObject0(ObjectInputStream.java:1687)
	at java.base/java.io.ObjectInputStream.defaultReadFields(ObjectInputStream.java:2496)
	at java.base/java.io.ObjectInputStream.readSerialData(ObjectInputStream.java:2390)
	at java.base/java.io.ObjectInputStream.readOrdinaryObject(ObjectInputStream.java:2228)
	at java.base/java.io.ObjectInputStream.readObject0(ObjectInputStream.java:1687)
	at java.base/java.io.ObjectInputStream.defaultReadFields(ObjectInputStream.java:2496)
	at java.base/java.io.ObjectInputStream.defaultReadObject(ObjectInputStream.java:625)
	at org.evosuite.testcase.DefaultTestCase.readObject(DefaultTestCase.java:1217)
	at jdk.internal.reflect.GeneratedMethodAccessor15.invoke(Unknown Source)
	at java.base/jdk.internal.reflect.DelegatingMethodAccessorImpl.invoke(DelegatingMethodAccessorImpl.java:43)
	at java.base/java.lang.reflect.Method.invoke(Method.java:566)
	at java.base/java.io.ObjectStreamClass.invokeReadObject(ObjectStreamClass.java:1046)
	at java.base/java.io.ObjectInputStream.readSerialData(ObjectInputStream.java:2357)
	at java.base/java.io.ObjectInputStream.readOrdinaryObject(ObjectInputStream.java:2228)
	at java.base/java.io.ObjectInputStream.readObject0(ObjectInputStream.java:1687)
	at java.base/java.io.ObjectInputStream.defaultReadFields(ObjectInputStream.java:2496)
	at java.base/java.io.ObjectInputStream.readSerialData(ObjectInputStream.java:2390)
	at java.base/java.io.ObjectInputStream.readOrdinaryObject(ObjectInputStream.java:2228)
	at java.base/java.io.ObjectInputStream.readObject0(ObjectInputStream.java:1687)
	at java.base/java.io.ObjectInputStream.readObject(ObjectInputStream.java:489)
	at java.base/java.io.ObjectInputStream.readObject(ObjectInputStream.java:447)
	at java.base/java.util.ArrayList.readObject(ArrayList.java:929)
	at java.base/jdk.internal.reflect.GeneratedMethodAccessor7.invoke(Unknown Source)
	at java.base/jdk.internal.reflect.DelegatingMethodAccessorImpl.invoke(DelegatingMethodAccessorImpl.java:43)
	at java.base/java.lang.reflect.Method.invoke(Method.java:566)
	at java.base/java.io.ObjectStreamClass.invokeReadObject(ObjectStreamClass.java:1046)
	at java.base/java.io.ObjectInputStream.readSerialData(ObjectInputStream.java:2357)
	at java.base/java.io.ObjectInputStream.readOrdinaryObject(ObjectInputStream.java:2228)
	at java.base/java.io.ObjectInputStream.readObject0(ObjectInputStream.java:1687)
	at java.base/java.io.ObjectInputStream.defaultReadFields(ObjectInputStream.java:2496)
	at java.base/java.io.ObjectInputStream.readSerialData(ObjectInputStream.java:2390)
	at java.base/java.io.ObjectInputStream.readOrdinaryObject(ObjectInputStream.java:2228)
	at java.base/java.io.ObjectInputStream.readObject0(ObjectInputStream.java:1687)
	at java.base/java.io.ObjectInputStream.readObject(ObjectInputStream.java:489)
	at java.base/java.io.ObjectInputStream.readObject(ObjectInputStream.java:447)
	at java.rmi/sun.rmi.server.UnicastRef.unmarshalValue(UnicastRef.java:327)
	at java.rmi/sun.rmi.server.UnicastServerRef.dispatch(UnicastServerRef.java:339)
	... 12 common frames omitted
Caused by: java.lang.IllegalArgumentException: expect to get instruction without BasicBlock already set
	at org.evosuite.graphs.cfg.BasicBlock.appendInstruction(BasicBlock.java:225)
	at org.evosuite.graphs.cfg.BasicBlock.setInstructions(BasicBlock.java:206)
	at org.evosuite.graphs.cfg.BasicBlock.<init>(BasicBlock.java:106)
	at org.evosuite.graphs.cfg.RawControlFlowGraph.determineBasicBlockFor(RawControlFlowGraph.java:314)
	at org.evosuite.graphs.cfg.ActualControlFlowGraph.computeNodes(ActualControlFlowGraph.java:295)
	at org.evosuite.graphs.cfg.ActualControlFlowGraph.computeGraph(ActualControlFlowGraph.java:262)
	at org.evosuite.graphs.cfg.ActualControlFlowGraph.<init>(ActualControlFlowGraph.java:97)
	at org.evosuite.graphs.cfg.CFGGenerator.computeActualCFG(CFGGenerator.java:218)
	at org.evosuite.graphs.cfg.CFGGenerator.registerCFGs(CFGGenerator.java:102)
	at org.evosuite.graphs.cfg.CFGMethodAdapter.visitEnd(CFGMethodAdapter.java:219)
	at org.evosuite.shaded.org.objectweb.asm.MethodVisitor.visitEnd(MethodVisitor.java:783)
	at org.evosuite.shaded.org.objectweb.asm.MethodVisitor.visitEnd(MethodVisitor.java:783)
	at org.evosuite.shaded.org.objectweb.asm.MethodVisitor.visitEnd(MethodVisitor.java:783)
	at org.evosuite.shaded.org.objectweb.asm.tree.MethodNode.accept(MethodNode.java:772)
	at org.evosuite.shaded.org.objectweb.asm.tree.MethodNode.accept(MethodNode.java:649)
	at org.evosuite.shaded.org.objectweb.asm.tree.ClassNode.accept(ClassNode.java:452)
	at org.evosuite.instrumentation.BytecodeInstrumentation.transformBytes(BytecodeInstrumentation.java:282)
	at org.evosuite.instrumentation.InstrumentingClassLoader.getTransformedBytes(InstrumentingClassLoader.java:135)
	at org.evosuite.instrumentation.InstrumentingClassLoader.instrumentClass(InstrumentingClassLoader.java:149)
	... 77 common frames omitted
[Progress:=====>                        19%] [Cov:==============>                    40%][Progress:=====>                        19%] [Cov:==============>                    40%][MASTER] 12:35:09.362 [logback-1] WARN  ClientNodeImpl - Cannot send statistics to master; continuing without statistics
java.rmi.ServerException: RemoteException occurred in server thread; nested exception is: 
	java.rmi.UnmarshalException: error unmarshalling arguments; nested exception is: 
	java.lang.ClassNotFoundException: expect to get instruction without BasicBlock already set
	at java.rmi/sun.rmi.server.UnicastServerRef.dispatch(UnicastServerRef.java:391)
	at java.rmi/sun.rmi.transport.Transport$1.run(Transport.java:200)
	at java.rmi/sun.rmi.transport.Transport$1.run(Transport.java:197)
	at java.base/java.security.AccessController.doPrivileged(Native Method)
	at java.rmi/sun.rmi.transport.Transport.serviceCall(Transport.java:196)
	at java.rmi/sun.rmi.transport.tcp.TCPTransport.handleMessages(TCPTransport.java:562)
	at java.rmi/sun.rmi.transport.tcp.TCPTransport$ConnectionHandler.run0(TCPTransport.java:796)
	at java.rmi/sun.rmi.transport.tcp.TCPTransport$ConnectionHandler.lambda$run$0(TCPTransport.java:677)
	at java.base/java.security.AccessController.doPrivileged(Native Method)
	at java.rmi/sun.rmi.transport.tcp.TCPTransport$ConnectionHandler.run(TCPTransport.java:676)
	at java.base/java.util.concurrent.ThreadPoolExecutor.runWorker(ThreadPoolExecutor.java:1128)
	at java.base/java.util.concurrent.ThreadPoolExecutor$Worker.run(ThreadPoolExecutor.java:628)
	at java.base/java.lang.Thread.run(Thread.java:829)
	at java.rmi/sun.rmi.transport.StreamRemoteCall.exceptionReceivedFromServer(StreamRemoteCall.java:303)
	at java.rmi/sun.rmi.transport.StreamRemoteCall.executeCall(StreamRemoteCall.java:279)
	at java.rmi/sun.rmi.server.UnicastRef.invoke(UnicastRef.java:164)
	at java.rmi/java.rmi.server.RemoteObjectInvocationHandler.invokeRemoteMethod(RemoteObjectInvocationHandler.java:217)
	at java.rmi/java.rmi.server.RemoteObjectInvocationHandler.invoke(RemoteObjectInvocationHandler.java:162)
	at com.sun.proxy.$Proxy7.evosuite_collectStatistics(Unknown Source)
	at org.evosuite.rmi.service.ClientNodeImpl.updateStatistics(ClientNodeImpl.java:251)
	at org.evosuite.statistics.StatisticsSender.sendIndividualToMaster(StatisticsSender.java:62)
	at org.evosuite.statistics.StatisticsListener.lambda$new$0(StatisticsListener.java:76)
	at java.base/java.lang.Thread.run(Thread.java:829)
Caused by: java.rmi.UnmarshalException: error unmarshalling arguments; nested exception is: 
	java.lang.ClassNotFoundException: expect to get instruction without BasicBlock already set
	at java.rmi/sun.rmi.server.UnicastServerRef.dispatch(UnicastServerRef.java:350)
	at java.rmi/sun.rmi.transport.Transport$1.run(Transport.java:200)
	at java.rmi/sun.rmi.transport.Transport$1.run(Transport.java:197)
	at java.base/java.security.AccessController.doPrivileged(Native Method)
	at java.rmi/sun.rmi.transport.Transport.serviceCall(Transport.java:196)
	at java.rmi/sun.rmi.transport.tcp.TCPTransport.handleMessages(TCPTransport.java:562)
	at java.rmi/sun.rmi.transport.tcp.TCPTransport$ConnectionHandler.run0(TCPTransport.java:796)
	at java.rmi/sun.rmi.transport.tcp.TCPTransport$ConnectionHandler.lambda$run$0(TCPTransport.java:677)
	at java.base/java.security.AccessController.doPrivileged(Native Method)
	at java.rmi/sun.rmi.transport.tcp.TCPTransport$ConnectionHandler.run(TCPTransport.java:676)
	at java.base/java.util.concurrent.ThreadPoolExecutor.runWorker(ThreadPoolExecutor.java:1128)
	at java.base/java.util.concurrent.ThreadPoolExecutor$Worker.run(ThreadPoolExecutor.java:628)
	... 1 common frames omitted
Caused by: java.lang.ClassNotFoundException: expect to get instruction without BasicBlock already set
	at org.evosuite.instrumentation.InstrumentingClassLoader.instrumentClass(InstrumentingClassLoader.java:158)
	at org.evosuite.instrumentation.InstrumentingClassLoader.loadClass(InstrumentingClassLoader.java:126)
	at org.evosuite.utils.generic.GenericClassImpl.getClass(GenericClassImpl.java:139)
	at org.evosuite.utils.generic.GenericClassImpl.getClass(GenericClassImpl.java:105)
	at org.evosuite.utils.generic.GenericClassImpl.readObject(GenericClassImpl.java:1671)
	at jdk.internal.reflect.GeneratedMethodAccessor9.invoke(Unknown Source)
	at java.base/jdk.internal.reflect.DelegatingMethodAccessorImpl.invoke(DelegatingMethodAccessorImpl.java:43)
	at java.base/java.lang.reflect.Method.invoke(Method.java:566)
	at java.base/java.io.ObjectStreamClass.invokeReadObject(ObjectStreamClass.java:1046)
	at java.base/java.io.ObjectInputStream.readSerialData(ObjectInputStream.java:2357)
	at java.base/java.io.ObjectInputStream.readOrdinaryObject(ObjectInputStream.java:2228)
	at java.base/java.io.ObjectInputStream.readObject0(ObjectInputStream.java:1687)
	at java.base/java.io.ObjectInputStream.defaultReadFields(ObjectInputStream.java:2496)
	at java.base/java.io.ObjectInputStream.readSerialData(ObjectInputStream.java:2390)
	at java.base/java.io.ObjectInputStream.readOrdinaryObject(ObjectInputStream.java:2228)
	at java.base/java.io.ObjectInputStream.readObject0(ObjectInputStream.java:1687)
	at java.base/java.io.ObjectInputStream.defaultReadFields(ObjectInputStream.java:2496)
	at java.base/java.io.ObjectInputStream.readSerialData(ObjectInputStream.java:2390)
	at java.base/java.io.ObjectInputStream.readOrdinaryObject(ObjectInputStream.java:2228)
	at java.base/java.io.ObjectInputStream.readObject0(ObjectInputStream.java:1687)
	at java.base/java.io.ObjectInputStream.readObject(ObjectInputStream.java:489)
	at java.base/java.io.ObjectInputStream.readObject(ObjectInputStream.java:447)
	at java.base/java.util.ArrayList.readObject(ArrayList.java:929)
	at java.base/jdk.internal.reflect.GeneratedMethodAccessor7.invoke(Unknown Source)
	at java.base/jdk.internal.reflect.DelegatingMethodAccessorImpl.invoke(DelegatingMethodAccessorImpl.java:43)
	at java.base/java.lang.reflect.Method.invoke(Method.java:566)
	at java.base/java.io.ObjectStreamClass.invokeReadObject(ObjectStreamClass.java:1046)
	at java.base/java.io.ObjectInputStream.readSerialData(ObjectInputStream.java:2357)
	at java.base/java.io.ObjectInputStream.readOrdinaryObject(ObjectInputStream.java:2228)
	at java.base/java.io.ObjectInputStream.readObject0(ObjectInputStream.java:1687)
	at java.base/java.io.ObjectInputStream.defaultReadFields(ObjectInputStream.java:2496)
	at java.base/java.io.ObjectInputStream.readSerialData(ObjectInputStream.java:2390)
	at java.base/java.io.ObjectInputStream.readOrdinaryObject(ObjectInputStream.java:2228)
	at java.base/java.io.ObjectInputStream.readObject0(ObjectInputStream.java:1687)
	at java.base/java.io.ObjectInputStream.defaultReadFields(ObjectInputStream.java:2496)
	at java.base/java.io.ObjectInputStream.defaultReadObject(ObjectInputStream.java:625)
	at org.evosuite.testcase.DefaultTestCase.readObject(DefaultTestCase.java:1217)
	at jdk.internal.reflect.GeneratedMethodAccessor15.invoke(Unknown Source)
	at java.base/jdk.internal.reflect.DelegatingMethodAccessorImpl.invoke(DelegatingMethodAccessorImpl.java:43)
	at java.base/java.lang.reflect.Method.invoke(Method.java:566)
	at java.base/java.io.ObjectStreamClass.invokeReadObject(ObjectStreamClass.java:1046)
	at java.base/java.io.ObjectInputStream.readSerialData(ObjectInputStream.java:2357)
	at java.base/java.io.ObjectInputStream.readOrdinaryObject(ObjectInputStream.java:2228)
	at java.base/java.io.ObjectInputStream.readObject0(ObjectInputStream.java:1687)
	at java.base/java.io.ObjectInputStream.defaultReadFields(ObjectInputStream.java:2496)
	at java.base/java.io.ObjectInputStream.readSerialData(ObjectInputStream.java:2390)
	at java.base/java.io.ObjectInputStream.readOrdinaryObject(ObjectInputStream.java:2228)
	at java.base/java.io.ObjectInputStream.readObject0(ObjectInputStream.java:1687)
	at java.base/java.io.ObjectInputStream.readObject(ObjectInputStream.java:489)
	at java.base/java.io.ObjectInputStream.readObject(ObjectInputStream.java:447)
	at java.base/java.util.ArrayList.readObject(ArrayList.java:929)
	at java.base/jdk.internal.reflect.GeneratedMethodAccessor7.invoke(Unknown Source)
	at java.base/jdk.internal.reflect.DelegatingMethodAccessorImpl.invoke(DelegatingMethodAccessorImpl.java:43)
	at java.base/java.lang.reflect.Method.invoke(Method.java:566)
	at java.base/java.io.ObjectStreamClass.invokeReadObject(ObjectStreamClass.java:1046)
	at java.base/java.io.ObjectInputStream.readSerialData(ObjectInputStream.java:2357)
	at java.base/java.io.ObjectInputStream.readOrdinaryObject(ObjectInputStream.java:2228)
	at java.base/java.io.ObjectInputStream.readObject0(ObjectInputStream.java:1687)
	at java.base/java.io.ObjectInputStream.defaultReadFields(ObjectInputStream.java:2496)
	at java.base/java.io.ObjectInputStream.readSerialData(ObjectInputStream.java:2390)
	at java.base/java.io.ObjectInputStream.readOrdinaryObject(ObjectInputStream.java:2228)
	at java.base/java.io.ObjectInputStream.readObject0(ObjectInputStream.java:1687)
	at java.base/java.io.ObjectInputStream.readObject(ObjectInputStream.java:489)
	at java.base/java.io.ObjectInputStream.readObject(ObjectInputStream.java:447)
	at java.rmi/sun.rmi.server.UnicastRef.unmarshalValue(UnicastRef.java:327)
	at java.rmi/sun.rmi.server.UnicastServerRef.dispatch(UnicastServerRef.java:339)
	... 12 common frames omitted
Caused by: java.lang.IllegalArgumentException: expect to get instruction without BasicBlock already set
	at org.evosuite.graphs.cfg.BasicBlock.appendInstruction(BasicBlock.java:225)
	at org.evosuite.graphs.cfg.BasicBlock.setInstructions(BasicBlock.java:206)
	at org.evosuite.graphs.cfg.BasicBlock.<init>(BasicBlock.java:106)
	at org.evosuite.graphs.cfg.RawControlFlowGraph.determineBasicBlockFor(RawControlFlowGraph.java:314)
	at org.evosuite.graphs.cfg.ActualControlFlowGraph.computeNodes(ActualControlFlowGraph.java:295)
	at org.evosuite.graphs.cfg.ActualControlFlowGraph.computeGraph(ActualControlFlowGraph.java:262)
	at org.evosuite.graphs.cfg.ActualControlFlowGraph.<init>(ActualControlFlowGraph.java:97)
	at org.evosuite.graphs.cfg.CFGGenerator.computeActualCFG(CFGGenerator.java:218)
	at org.evosuite.graphs.cfg.CFGGenerator.registerCFGs(CFGGenerator.java:102)
	at org.evosuite.graphs.cfg.CFGMethodAdapter.visitEnd(CFGMethodAdapter.java:219)
	at org.evosuite.shaded.org.objectweb.asm.MethodVisitor.visitEnd(MethodVisitor.java:783)
	at org.evosuite.shaded.org.objectweb.asm.MethodVisitor.visitEnd(MethodVisitor.java:783)
	at org.evosuite.shaded.org.objectweb.asm.MethodVisitor.visitEnd(MethodVisitor.java:783)
	at org.evosuite.shaded.org.objectweb.asm.tree.MethodNode.accept(MethodNode.java:772)
	at org.evosuite.shaded.org.objectweb.asm.tree.MethodNode.accept(MethodNode.java:649)
	at org.evosuite.shaded.org.objectweb.asm.tree.ClassNode.accept(ClassNode.java:452)
	at org.evosuite.instrumentation.BytecodeInstrumentation.transformBytes(BytecodeInstrumentation.java:282)
	at org.evosuite.instrumentation.InstrumentingClassLoader.getTransformedBytes(InstrumentingClassLoader.java:135)
	at org.evosuite.instrumentation.InstrumentingClassLoader.instrumentClass(InstrumentingClassLoader.java:149)
	... 77 common frames omitted
[Progress:======>                       20%] [Cov:==============>                    40%][MASTER] 12:35:10.456 [logback-1] WARN  ClientNodeImpl - Cannot send statistics to master; continuing without statistics
java.rmi.ServerException: RemoteException occurred in server thread; nested exception is: 
	java.rmi.UnmarshalException: error unmarshalling arguments; nested exception is: 
	java.lang.ClassNotFoundException: expect to get instruction without BasicBlock already set
	at java.rmi/sun.rmi.server.UnicastServerRef.dispatch(UnicastServerRef.java:391)
	at java.rmi/sun.rmi.transport.Transport$1.run(Transport.java:200)
	at java.rmi/sun.rmi.transport.Transport$1.run(Transport.java:197)
	at java.base/java.security.AccessController.doPrivileged(Native Method)
	at java.rmi/sun.rmi.transport.Transport.serviceCall(Transport.java:196)
	at java.rmi/sun.rmi.transport.tcp.TCPTransport.handleMessages(TCPTransport.java:562)
	at java.rmi/sun.rmi.transport.tcp.TCPTransport$ConnectionHandler.run0(TCPTransport.java:796)
	at java.rmi/sun.rmi.transport.tcp.TCPTransport$ConnectionHandler.lambda$run$0(TCPTransport.java:677)
	at java.base/java.security.AccessController.doPrivileged(Native Method)
	at java.rmi/sun.rmi.transport.tcp.TCPTransport$ConnectionHandler.run(TCPTransport.java:676)
	at java.base/java.util.concurrent.ThreadPoolExecutor.runWorker(ThreadPoolExecutor.java:1128)
	at java.base/java.util.concurrent.ThreadPoolExecutor$Worker.run(ThreadPoolExecutor.java:628)
	at java.base/java.lang.Thread.run(Thread.java:829)
	at java.rmi/sun.rmi.transport.StreamRemoteCall.exceptionReceivedFromServer(StreamRemoteCall.java:303)
	at java.rmi/sun.rmi.transport.StreamRemoteCall.executeCall(StreamRemoteCall.java:279)
	at java.rmi/sun.rmi.server.UnicastRef.invoke(UnicastRef.java:164)
	at java.rmi/java.rmi.server.RemoteObjectInvocationHandler.invokeRemoteMethod(RemoteObjectInvocationHandler.java:217)
	at java.rmi/java.rmi.server.RemoteObjectInvocationHandler.invoke(RemoteObjectInvocationHandler.java:162)
	at com.sun.proxy.$Proxy7.evosuite_collectStatistics(Unknown Source)
	at org.evosuite.rmi.service.ClientNodeImpl.updateStatistics(ClientNodeImpl.java:251)
	at org.evosuite.statistics.StatisticsSender.sendIndividualToMaster(StatisticsSender.java:62)
	at org.evosuite.statistics.StatisticsListener.lambda$new$0(StatisticsListener.java:76)
	at java.base/java.lang.Thread.run(Thread.java:829)
Caused by: java.rmi.UnmarshalException: error unmarshalling arguments; nested exception is: 
	java.lang.ClassNotFoundException: expect to get instruction without BasicBlock already set
	at java.rmi/sun.rmi.server.UnicastServerRef.dispatch(UnicastServerRef.java:350)
	at java.rmi/sun.rmi.transport.Transport$1.run(Transport.java:200)
	at java.rmi/sun.rmi.transport.Transport$1.run(Transport.java:197)
	at java.base/java.security.AccessController.doPrivileged(Native Method)
	at java.rmi/sun.rmi.transport.Transport.serviceCall(Transport.java:196)
	at java.rmi/sun.rmi.transport.tcp.TCPTransport.handleMessages(TCPTransport.java:562)
	at java.rmi/sun.rmi.transport.tcp.TCPTransport$ConnectionHandler.run0(TCPTransport.java:796)
	at java.rmi/sun.rmi.transport.tcp.TCPTransport$ConnectionHandler.lambda$run$0(TCPTransport.java:677)
	at java.base/java.security.AccessController.doPrivileged(Native Method)
	at java.rmi/sun.rmi.transport.tcp.TCPTransport$ConnectionHandler.run(TCPTransport.java:676)
	at java.base/java.util.concurrent.ThreadPoolExecutor.runWorker(ThreadPoolExecutor.java:1128)
	at java.base/java.util.concurrent.ThreadPoolExecutor$Worker.run(ThreadPoolExecutor.java:628)
	... 1 common frames omitted
Caused by: java.lang.ClassNotFoundException: expect to get instruction without BasicBlock already set
	at org.evosuite.instrumentation.InstrumentingClassLoader.instrumentClass(InstrumentingClassLoader.java:158)
	at org.evosuite.instrumentation.InstrumentingClassLoader.loadClass(InstrumentingClassLoader.java:126)
	at org.evosuite.utils.generic.GenericClassImpl.getClass(GenericClassImpl.java:139)
	at org.evosuite.utils.generic.GenericClassImpl.getClass(GenericClassImpl.java:105)
	at org.evosuite.utils.generic.GenericClassImpl.readObject(GenericClassImpl.java:1671)
	at jdk.internal.reflect.GeneratedMethodAccessor9.invoke(Unknown Source)
	at java.base/jdk.internal.reflect.DelegatingMethodAccessorImpl.invoke(DelegatingMethodAccessorImpl.java:43)
	at java.base/java.lang.reflect.Method.invoke(Method.java:566)
	at java.base/java.io.ObjectStreamClass.invokeReadObject(ObjectStreamClass.java:1046)
	at java.base/java.io.ObjectInputStream.readSerialData(ObjectInputStream.java:2357)
	at java.base/java.io.ObjectInputStream.readOrdinaryObject(ObjectInputStream.java:2228)
	at java.base/java.io.ObjectInputStream.readObject0(ObjectInputStream.java:1687)
	at java.base/java.io.ObjectInputStream.defaultReadFields(ObjectInputStream.java:2496)
	at java.base/java.io.ObjectInputStream.readSerialData(ObjectInputStream.java:2390)
	at java.base/java.io.ObjectInputStream.readOrdinaryObject(ObjectInputStream.java:2228)
	at java.base/java.io.ObjectInputStream.readObject0(ObjectInputStream.java:1687)
	at java.base/java.io.ObjectInputStream.defaultReadFields(ObjectInputStream.java:2496)
	at java.base/java.io.ObjectInputStream.readSerialData(ObjectInputStream.java:2390)
	at java.base/java.io.ObjectInputStream.readOrdinaryObject(ObjectInputStream.java:2228)
	at java.base/java.io.ObjectInputStream.readObject0(ObjectInputStream.java:1687)
	at java.base/java.io.ObjectInputStream.readObject(ObjectInputStream.java:489)
	at java.base/java.io.ObjectInputStream.readObject(ObjectInputStream.java:447)
	at java.base/java.util.ArrayList.readObject(ArrayList.java:929)
	at java.base/jdk.internal.reflect.GeneratedMethodAccessor7.invoke(Unknown Source)
	at java.base/jdk.internal.reflect.DelegatingMethodAccessorImpl.invoke(DelegatingMethodAccessorImpl.java:43)
	at java.base/java.lang.reflect.Method.invoke(Method.java:566)
	at java.base/java.io.ObjectStreamClass.invokeReadObject(ObjectStreamClass.java:1046)
	at java.base/java.io.ObjectInputStream.readSerialData(ObjectInputStream.java:2357)
	at java.base/java.io.ObjectInputStream.readOrdinaryObject(ObjectInputStream.java:2228)
	at java.base/java.io.ObjectInputStream.readObject0(ObjectInputStream.java:1687)
	at java.base/java.io.ObjectInputStream.defaultReadFields(ObjectInputStream.java:2496)
	at java.base/java.io.ObjectInputStream.readSerialData(ObjectInputStream.java:2390)
	at java.base/java.io.ObjectInputStream.readOrdinaryObject(ObjectInputStream.java:2228)
	at java.base/java.io.ObjectInputStream.readObject0(ObjectInputStream.java:1687)
	at java.base/java.io.ObjectInputStream.defaultReadFields(ObjectInputStream.java:2496)
	at java.base/java.io.ObjectInputStream.defaultReadObject(ObjectInputStream.java:625)
	at org.evosuite.testcase.DefaultTestCase.readObject(DefaultTestCase.java:1217)
	at jdk.internal.reflect.GeneratedMethodAccessor15.invoke(Unknown Source)
	at java.base/jdk.internal.reflect.DelegatingMethodAccessorImpl.invoke(DelegatingMethodAccessorImpl.java:43)
	at java.base/java.lang.reflect.Method.invoke(Method.java:566)
	at java.base/java.io.ObjectStreamClass.invokeReadObject(ObjectStreamClass.java:1046)
	at java.base/java.io.ObjectInputStream.readSerialData(ObjectInputStream.java:2357)
	at java.base/java.io.ObjectInputStream.readOrdinaryObject(ObjectInputStream.java:2228)
	at java.base/java.io.ObjectInputStream.readObject0(ObjectInputStream.java:1687)
	at java.base/java.io.ObjectInputStream.defaultReadFields(ObjectInputStream.java:2496)
	at java.base/java.io.ObjectInputStream.readSerialData(ObjectInputStream.java:2390)
	at java.base/java.io.ObjectInputStream.readOrdinaryObject(ObjectInputStream.java:2228)
	at java.base/java.io.ObjectInputStream.readObject0(ObjectInputStream.java:1687)
	at java.base/java.io.ObjectInputStream.readObject(ObjectInputStream.java:489)
	at java.base/java.io.ObjectInputStream.readObject(ObjectInputStream.java:447)
	at java.base/java.util.ArrayList.readObject(ArrayList.java:929)
	at java.base/jdk.internal.reflect.GeneratedMethodAccessor7.invoke(Unknown Source)
	at java.base/jdk.internal.reflect.DelegatingMethodAccessorImpl.invoke(DelegatingMethodAccessorImpl.java:43)
	at java.base/java.lang.reflect.Method.invoke(Method.java:566)
	at java.base/java.io.ObjectStreamClass.invokeReadObject(ObjectStreamClass.java:1046)
	at java.base/java.io.ObjectInputStream.readSerialData(ObjectInputStream.java:2357)
	at java.base/java.io.ObjectInputStream.readOrdinaryObject(ObjectInputStream.java:2228)
	at java.base/java.io.ObjectInputStream.readObject0(ObjectInputStream.java:1687)
	at java.base/java.io.ObjectInputStream.defaultReadFields(ObjectInputStream.java:2496)
	at java.base/java.io.ObjectInputStream.readSerialData(ObjectInputStream.java:2390)
	at java.base/java.io.ObjectInputStream.readOrdinaryObject(ObjectInputStream.java:2228)
	at java.base/java.io.ObjectInputStream.readObject0(ObjectInputStream.java:1687)
	at java.base/java.io.ObjectInputStream.readObject(ObjectInputStream.java:489)
	at java.base/java.io.ObjectInputStream.readObject(ObjectInputStream.java:447)
	at java.rmi/sun.rmi.server.UnicastRef.unmarshalValue(UnicastRef.java:327)
	at java.rmi/sun.rmi.server.UnicastServerRef.dispatch(UnicastServerRef.java:339)
	... 12 common frames omitted
Caused by: java.lang.IllegalArgumentException: expect to get instruction without BasicBlock already set
	at org.evosuite.graphs.cfg.BasicBlock.appendInstruction(BasicBlock.java:225)
	at org.evosuite.graphs.cfg.BasicBlock.setInstructions(BasicBlock.java:206)
	at org.evosuite.graphs.cfg.BasicBlock.<init>(BasicBlock.java:106)
	at org.evosuite.graphs.cfg.RawControlFlowGraph.determineBasicBlockFor(RawControlFlowGraph.java:314)
	at org.evosuite.graphs.cfg.ActualControlFlowGraph.computeNodes(ActualControlFlowGraph.java:295)
	at org.evosuite.graphs.cfg.ActualControlFlowGraph.computeGraph(ActualControlFlowGraph.java:262)
	at org.evosuite.graphs.cfg.ActualControlFlowGraph.<init>(ActualControlFlowGraph.java:97)
	at org.evosuite.graphs.cfg.CFGGenerator.computeActualCFG(CFGGenerator.java:218)
	at org.evosuite.graphs.cfg.CFGGenerator.registerCFGs(CFGGenerator.java:102)
	at org.evosuite.graphs.cfg.CFGMethodAdapter.visitEnd(CFGMethodAdapter.java:219)
	at org.evosuite.shaded.org.objectweb.asm.MethodVisitor.visitEnd(MethodVisitor.java:783)
	at org.evosuite.shaded.org.objectweb.asm.MethodVisitor.visitEnd(MethodVisitor.java:783)
	at org.evosuite.shaded.org.objectweb.asm.MethodVisitor.visitEnd(MethodVisitor.java:783)
	at org.evosuite.shaded.org.objectweb.asm.tree.MethodNode.accept(MethodNode.java:772)
	at org.evosuite.shaded.org.objectweb.asm.tree.MethodNode.accept(MethodNode.java:649)
	at org.evosuite.shaded.org.objectweb.asm.tree.ClassNode.accept(ClassNode.java:452)
	at org.evosuite.instrumentation.BytecodeInstrumentation.transformBytes(BytecodeInstrumentation.java:282)
	at org.evosuite.instrumentation.InstrumentingClassLoader.getTransformedBytes(InstrumentingClassLoader.java:135)
	at org.evosuite.instrumentation.InstrumentingClassLoader.instrumentClass(InstrumentingClassLoader.java:149)
	... 77 common frames omitted
[Progress:======>                       20%] [Cov:==============>                    40%][MASTER] 12:35:11.577 [logback-1] WARN  ClientNodeImpl - Cannot send statistics to master; continuing without statistics
java.rmi.ServerException: RemoteException occurred in server thread; nested exception is: 
	java.rmi.UnmarshalException: error unmarshalling arguments; nested exception is: 
	java.lang.ClassNotFoundException: expect to get instruction without BasicBlock already set
	at java.rmi/sun.rmi.server.UnicastServerRef.dispatch(UnicastServerRef.java:391)
	at java.rmi/sun.rmi.transport.Transport$1.run(Transport.java:200)
	at java.rmi/sun.rmi.transport.Transport$1.run(Transport.java:197)
	at java.base/java.security.AccessController.doPrivileged(Native Method)
	at java.rmi/sun.rmi.transport.Transport.serviceCall(Transport.java:196)
	at java.rmi/sun.rmi.transport.tcp.TCPTransport.handleMessages(TCPTransport.java:562)
	at java.rmi/sun.rmi.transport.tcp.TCPTransport$ConnectionHandler.run0(TCPTransport.java:796)
	at java.rmi/sun.rmi.transport.tcp.TCPTransport$ConnectionHandler.lambda$run$0(TCPTransport.java:677)
	at java.base/java.security.AccessController.doPrivileged(Native Method)
	at java.rmi/sun.rmi.transport.tcp.TCPTransport$ConnectionHandler.run(TCPTransport.java:676)
	at java.base/java.util.concurrent.ThreadPoolExecutor.runWorker(ThreadPoolExecutor.java:1128)
	at java.base/java.util.concurrent.ThreadPoolExecutor$Worker.run(ThreadPoolExecutor.java:628)
	at java.base/java.lang.Thread.run(Thread.java:829)
	at java.rmi/sun.rmi.transport.StreamRemoteCall.exceptionReceivedFromServer(StreamRemoteCall.java:303)
	at java.rmi/sun.rmi.transport.StreamRemoteCall.executeCall(StreamRemoteCall.java:279)
	at java.rmi/sun.rmi.server.UnicastRef.invoke(UnicastRef.java:164)
	at java.rmi/java.rmi.server.RemoteObjectInvocationHandler.invokeRemoteMethod(RemoteObjectInvocationHandler.java:217)
	at java.rmi/java.rmi.server.RemoteObjectInvocationHandler.invoke(RemoteObjectInvocationHandler.java:162)
	at com.sun.proxy.$Proxy7.evosuite_collectStatistics(Unknown Source)
	at org.evosuite.rmi.service.ClientNodeImpl.updateStatistics(ClientNodeImpl.java:251)
	at org.evosuite.statistics.StatisticsSender.sendIndividualToMaster(StatisticsSender.java:62)
	at org.evosuite.statistics.StatisticsListener.lambda$new$0(StatisticsListener.java:76)
	at java.base/java.lang.Thread.run(Thread.java:829)
Caused by: java.rmi.UnmarshalException: error unmarshalling arguments; nested exception is: 
	java.lang.ClassNotFoundException: expect to get instruction without BasicBlock already set
	at java.rmi/sun.rmi.server.UnicastServerRef.dispatch(UnicastServerRef.java:350)
	at java.rmi/sun.rmi.transport.Transport$1.run(Transport.java:200)
	at java.rmi/sun.rmi.transport.Transport$1.run(Transport.java:197)
	at java.base/java.security.AccessController.doPrivileged(Native Method)
	at java.rmi/sun.rmi.transport.Transport.serviceCall(Transport.java:196)
	at java.rmi/sun.rmi.transport.tcp.TCPTransport.handleMessages(TCPTransport.java:562)
	at java.rmi/sun.rmi.transport.tcp.TCPTransport$ConnectionHandler.run0(TCPTransport.java:796)
	at java.rmi/sun.rmi.transport.tcp.TCPTransport$ConnectionHandler.lambda$run$0(TCPTransport.java:677)
	at java.base/java.security.AccessController.doPrivileged(Native Method)
	at java.rmi/sun.rmi.transport.tcp.TCPTransport$ConnectionHandler.run(TCPTransport.java:676)
	at java.base/java.util.concurrent.ThreadPoolExecutor.runWorker(ThreadPoolExecutor.java:1128)
	at java.base/java.util.concurrent.ThreadPoolExecutor$Worker.run(ThreadPoolExecutor.java:628)
	... 1 common frames omitted
Caused by: java.lang.ClassNotFoundException: expect to get instruction without BasicBlock already set
	at org.evosuite.instrumentation.InstrumentingClassLoader.instrumentClass(InstrumentingClassLoader.java:158)
	at org.evosuite.instrumentation.InstrumentingClassLoader.loadClass(InstrumentingClassLoader.java:126)
	at org.evosuite.utils.generic.GenericClassImpl.getClass(GenericClassImpl.java:139)
	at org.evosuite.utils.generic.GenericClassImpl.getClass(GenericClassImpl.java:105)
	at org.evosuite.utils.generic.GenericClassImpl.readObject(GenericClassImpl.java:1671)
	at jdk.internal.reflect.GeneratedMethodAccessor9.invoke(Unknown Source)
	at java.base/jdk.internal.reflect.DelegatingMethodAccessorImpl.invoke(DelegatingMethodAccessorImpl.java:43)
	at java.base/java.lang.reflect.Method.invoke(Method.java:566)
	at java.base/java.io.ObjectStreamClass.invokeReadObject(ObjectStreamClass.java:1046)
	at java.base/java.io.ObjectInputStream.readSerialData(ObjectInputStream.java:2357)
	at java.base/java.io.ObjectInputStream.readOrdinaryObject(ObjectInputStream.java:2228)
	at java.base/java.io.ObjectInputStream.readObject0(ObjectInputStream.java:1687)
	at java.base/java.io.ObjectInputStream.defaultReadFields(ObjectInputStream.java:2496)
	at java.base/java.io.ObjectInputStream.readSerialData(ObjectInputStream.java:2390)
	at java.base/java.io.ObjectInputStream.readOrdinaryObject(ObjectInputStream.java:2228)
	at java.base/java.io.ObjectInputStream.readObject0(ObjectInputStream.java:1687)
	at java.base/java.io.ObjectInputStream.defaultReadFields(ObjectInputStream.java:2496)
	at java.base/java.io.ObjectInputStream.readSerialData(ObjectInputStream.java:2390)
	at java.base/java.io.ObjectInputStream.readOrdinaryObject(ObjectInputStream.java:2228)
	at java.base/java.io.ObjectInputStream.readObject0(ObjectInputStream.java:1687)
	at java.base/java.io.ObjectInputStream.readObject(ObjectInputStream.java:489)
	at java.base/java.io.ObjectInputStream.readObject(ObjectInputStream.java:447)
	at java.base/java.util.ArrayList.readObject(ArrayList.java:929)
	at java.base/jdk.internal.reflect.GeneratedMethodAccessor7.invoke(Unknown Source)
	at java.base/jdk.internal.reflect.DelegatingMethodAccessorImpl.invoke(DelegatingMethodAccessorImpl.java:43)
	at java.base/java.lang.reflect.Method.invoke(Method.java:566)
	at java.base/java.io.ObjectStreamClass.invokeReadObject(ObjectStreamClass.java:1046)
	at java.base/java.io.ObjectInputStream.readSerialData(ObjectInputStream.java:2357)
	at java.base/java.io.ObjectInputStream.readOrdinaryObject(ObjectInputStream.java:2228)
	at java.base/java.io.ObjectInputStream.readObject0(ObjectInputStream.java:1687)
	at java.base/java.io.ObjectInputStream.defaultReadFields(ObjectInputStream.java:2496)
	at java.base/java.io.ObjectInputStream.readSerialData(ObjectInputStream.java:2390)
	at java.base/java.io.ObjectInputStream.readOrdinaryObject(ObjectInputStream.java:2228)
	at java.base/java.io.ObjectInputStream.readObject0(ObjectInputStream.java:1687)
	at java.base/java.io.ObjectInputStream.defaultReadFields(ObjectInputStream.java:2496)
	at java.base/java.io.ObjectInputStream.defaultReadObject(ObjectInputStream.java:625)
	at org.evosuite.testcase.DefaultTestCase.readObject(DefaultTestCase.java:1217)
	at jdk.internal.reflect.GeneratedMethodAccessor15.invoke(Unknown Source)
	at java.base/jdk.internal.reflect.DelegatingMethodAccessorImpl.invoke(DelegatingMethodAccessorImpl.java:43)
	at java.base/java.lang.reflect.Method.invoke(Method.java:566)
	at java.base/java.io.ObjectStreamClass.invokeReadObject(ObjectStreamClass.java:1046)
	at java.base/java.io.ObjectInputStream.readSerialData(ObjectInputStream.java:2357)
	at java.base/java.io.ObjectInputStream.readOrdinaryObject(ObjectInputStream.java:2228)
	at java.base/java.io.ObjectInputStream.readObject0(ObjectInputStream.java:1687)
	at java.base/java.io.ObjectInputStream.defaultReadFields(ObjectInputStream.java:2496)
	at java.base/java.io.ObjectInputStream.readSerialData(ObjectInputStream.java:2390)
	at java.base/java.io.ObjectInputStream.readOrdinaryObject(ObjectInputStream.java:2228)
	at java.base/java.io.ObjectInputStream.readObject0(ObjectInputStream.java:1687)
	at java.base/java.io.ObjectInputStream.readObject(ObjectInputStream.java:489)
	at java.base/java.io.ObjectInputStream.readObject(ObjectInputStream.java:447)
	at java.base/java.util.ArrayList.readObject(ArrayList.java:929)
	at java.base/jdk.internal.reflect.GeneratedMethodAccessor7.invoke(Unknown Source)
	at java.base/jdk.internal.reflect.DelegatingMethodAccessorImpl.invoke(DelegatingMethodAccessorImpl.java:43)
	at java.base/java.lang.reflect.Method.invoke(Method.java:566)
	at java.base/java.io.ObjectStreamClass.invokeReadObject(ObjectStreamClass.java:1046)
	at java.base/java.io.ObjectInputStream.readSerialData(ObjectInputStream.java:2357)
	at java.base/java.io.ObjectInputStream.readOrdinaryObject(ObjectInputStream.java:2228)
	at java.base/java.io.ObjectInputStream.readObject0(ObjectInputStream.java:1687)
	at java.base/java.io.ObjectInputStream.defaultReadFields(ObjectInputStream.java:2496)
	at java.base/java.io.ObjectInputStream.readSerialData(ObjectInputStream.java:2390)
	at java.base/java.io.ObjectInputStream.readOrdinaryObject(ObjectInputStream.java:2228)
	at java.base/java.io.ObjectInputStream.readObject0(ObjectInputStream.java:1687)
	at java.base/java.io.ObjectInputStream.readObject(ObjectInputStream.java:489)
	at java.base/java.io.ObjectInputStream.readObject(ObjectInputStream.java:447)
	at java.rmi/sun.rmi.server.UnicastRef.unmarshalValue(UnicastRef.java:327)
	at java.rmi/sun.rmi.server.UnicastServerRef.dispatch(UnicastServerRef.java:339)
	... 12 common frames omitted
Caused by: java.lang.IllegalArgumentException: expect to get instruction without BasicBlock already set
	at org.evosuite.graphs.cfg.BasicBlock.appendInstruction(BasicBlock.java:225)
	at org.evosuite.graphs.cfg.BasicBlock.setInstructions(BasicBlock.java:206)
	at org.evosuite.graphs.cfg.BasicBlock.<init>(BasicBlock.java:106)
	at org.evosuite.graphs.cfg.RawControlFlowGraph.determineBasicBlockFor(RawControlFlowGraph.java:314)
	at org.evosuite.graphs.cfg.ActualControlFlowGraph.computeNodes(ActualControlFlowGraph.java:295)
	at org.evosuite.graphs.cfg.ActualControlFlowGraph.computeGraph(ActualControlFlowGraph.java:262)
	at org.evosuite.graphs.cfg.ActualControlFlowGraph.<init>(ActualControlFlowGraph.java:97)
	at org.evosuite.graphs.cfg.CFGGenerator.computeActualCFG(CFGGenerator.java:218)
	at org.evosuite.graphs.cfg.CFGGenerator.registerCFGs(CFGGenerator.java:102)
	at org.evosuite.graphs.cfg.CFGMethodAdapter.visitEnd(CFGMethodAdapter.java:219)
	at org.evosuite.shaded.org.objectweb.asm.MethodVisitor.visitEnd(MethodVisitor.java:783)
	at org.evosuite.shaded.org.objectweb.asm.MethodVisitor.visitEnd(MethodVisitor.java:783)
	at org.evosuite.shaded.org.objectweb.asm.MethodVisitor.visitEnd(MethodVisitor.java:783)
	at org.evosuite.shaded.org.objectweb.asm.tree.MethodNode.accept(MethodNode.java:772)
	at org.evosuite.shaded.org.objectweb.asm.tree.MethodNode.accept(MethodNode.java:649)
	at org.evosuite.shaded.org.objectweb.asm.tree.ClassNode.accept(ClassNode.java:452)
	at org.evosuite.instrumentation.BytecodeInstrumentation.transformBytes(BytecodeInstrumentation.java:282)
	at org.evosuite.instrumentation.InstrumentingClassLoader.getTransformedBytes(InstrumentingClassLoader.java:135)
	at org.evosuite.instrumentation.InstrumentingClassLoader.instrumentClass(InstrumentingClassLoader.java:149)
	... 77 common frames omitted
[Progress:======>                       21%] [Cov:==============>                    40%][Progress:======>                       21%] [Cov:==============>                    41%][Progress:======>                       21%] [Cov:==============>                    41%][Progress:======>                       22%] [Cov:==============>                    40%][Progress:======>                       22%] [Cov:==============>                    41%][MASTER] 12:35:12.791 [logback-1] WARN  ClientNodeImpl - Cannot send statistics to master; continuing without statistics
java.rmi.ServerException: RemoteException occurred in server thread; nested exception is: 
	java.rmi.UnmarshalException: error unmarshalling arguments; nested exception is: 
	java.lang.ClassNotFoundException: expect to get instruction without BasicBlock already set
	at java.rmi/sun.rmi.server.UnicastServerRef.dispatch(UnicastServerRef.java:391)
	at java.rmi/sun.rmi.transport.Transport$1.run(Transport.java:200)
	at java.rmi/sun.rmi.transport.Transport$1.run(Transport.java:197)
	at java.base/java.security.AccessController.doPrivileged(Native Method)
	at java.rmi/sun.rmi.transport.Transport.serviceCall(Transport.java:196)
	at java.rmi/sun.rmi.transport.tcp.TCPTransport.handleMessages(TCPTransport.java:562)
	at java.rmi/sun.rmi.transport.tcp.TCPTransport$ConnectionHandler.run0(TCPTransport.java:796)
	at java.rmi/sun.rmi.transport.tcp.TCPTransport$ConnectionHandler.lambda$run$0(TCPTransport.java:677)
	at java.base/java.security.AccessController.doPrivileged(Native Method)
	at java.rmi/sun.rmi.transport.tcp.TCPTransport$ConnectionHandler.run(TCPTransport.java:676)
	at java.base/java.util.concurrent.ThreadPoolExecutor.runWorker(ThreadPoolExecutor.java:1128)
	at java.base/java.util.concurrent.ThreadPoolExecutor$Worker.run(ThreadPoolExecutor.java:628)
	at java.base/java.lang.Thread.run(Thread.java:829)
	at java.rmi/sun.rmi.transport.StreamRemoteCall.exceptionReceivedFromServer(StreamRemoteCall.java:303)
	at java.rmi/sun.rmi.transport.StreamRemoteCall.executeCall(StreamRemoteCall.java:279)
	at java.rmi/sun.rmi.server.UnicastRef.invoke(UnicastRef.java:164)
	at java.rmi/java.rmi.server.RemoteObjectInvocationHandler.invokeRemoteMethod(RemoteObjectInvocationHandler.java:217)
	at java.rmi/java.rmi.server.RemoteObjectInvocationHandler.invoke(RemoteObjectInvocationHandler.java:162)
	at com.sun.proxy.$Proxy7.evosuite_collectStatistics(Unknown Source)
	at org.evosuite.rmi.service.ClientNodeImpl.updateStatistics(ClientNodeImpl.java:251)
	at org.evosuite.statistics.StatisticsSender.sendIndividualToMaster(StatisticsSender.java:62)
	at org.evosuite.statistics.StatisticsListener.lambda$new$0(StatisticsListener.java:76)
	at java.base/java.lang.Thread.run(Thread.java:829)
Caused by: java.rmi.UnmarshalException: error unmarshalling arguments; nested exception is: 
	java.lang.ClassNotFoundException: expect to get instruction without BasicBlock already set
	at java.rmi/sun.rmi.server.UnicastServerRef.dispatch(UnicastServerRef.java:350)
	at java.rmi/sun.rmi.transport.Transport$1.run(Transport.java:200)
	at java.rmi/sun.rmi.transport.Transport$1.run(Transport.java:197)
	at java.base/java.security.AccessController.doPrivileged(Native Method)
	at java.rmi/sun.rmi.transport.Transport.serviceCall(Transport.java:196)
	at java.rmi/sun.rmi.transport.tcp.TCPTransport.handleMessages(TCPTransport.java:562)
	at java.rmi/sun.rmi.transport.tcp.TCPTransport$ConnectionHandler.run0(TCPTransport.java:796)
	at java.rmi/sun.rmi.transport.tcp.TCPTransport$ConnectionHandler.lambda$run$0(TCPTransport.java:677)
	at java.base/java.security.AccessController.doPrivileged(Native Method)
	at java.rmi/sun.rmi.transport.tcp.TCPTransport$ConnectionHandler.run(TCPTransport.java:676)
	at java.base/java.util.concurrent.ThreadPoolExecutor.runWorker(ThreadPoolExecutor.java:1128)
	at java.base/java.util.concurrent.ThreadPoolExecutor$Worker.run(ThreadPoolExecutor.java:628)
	... 1 common frames omitted
Caused by: java.lang.ClassNotFoundException: expect to get instruction without BasicBlock already set
	at org.evosuite.instrumentation.InstrumentingClassLoader.instrumentClass(InstrumentingClassLoader.java:158)
	at org.evosuite.instrumentation.InstrumentingClassLoader.loadClass(InstrumentingClassLoader.java:126)
	at org.evosuite.utils.generic.GenericClassImpl.getClass(GenericClassImpl.java:139)
	at org.evosuite.utils.generic.GenericClassImpl.getClass(GenericClassImpl.java:105)
	at org.evosuite.utils.generic.GenericClassImpl.readObject(GenericClassImpl.java:1671)
	at jdk.internal.reflect.GeneratedMethodAccessor9.invoke(Unknown Source)
	at java.base/jdk.internal.reflect.DelegatingMethodAccessorImpl.invoke(DelegatingMethodAccessorImpl.java:43)
	at java.base/java.lang.reflect.Method.invoke(Method.java:566)
	at java.base/java.io.ObjectStreamClass.invokeReadObject(ObjectStreamClass.java:1046)
	at java.base/java.io.ObjectInputStream.readSerialData(ObjectInputStream.java:2357)
	at java.base/java.io.ObjectInputStream.readOrdinaryObject(ObjectInputStream.java:2228)
	at java.base/java.io.ObjectInputStream.readObject0(ObjectInputStream.java:1687)
	at java.base/java.io.ObjectInputStream.defaultReadFields(ObjectInputStream.java:2496)
	at java.base/java.io.ObjectInputStream.readSerialData(ObjectInputStream.java:2390)
	at java.base/java.io.ObjectInputStream.readOrdinaryObject(ObjectInputStream.java:2228)
	at java.base/java.io.ObjectInputStream.readObject0(ObjectInputStream.java:1687)
	at java.base/java.io.ObjectInputStream.defaultReadFields(ObjectInputStream.java:2496)
	at java.base/java.io.ObjectInputStream.readSerialData(ObjectInputStream.java:2390)
	at java.base/java.io.ObjectInputStream.readOrdinaryObject(ObjectInputStream.java:2228)
	at java.base/java.io.ObjectInputStream.readObject0(ObjectInputStream.java:1687)
	at java.base/java.io.ObjectInputStream.readObject(ObjectInputStream.java:489)
	at java.base/java.io.ObjectInputStream.readObject(ObjectInputStream.java:447)
	at java.base/java.util.ArrayList.readObject(ArrayList.java:929)
	at java.base/jdk.internal.reflect.GeneratedMethodAccessor7.invoke(Unknown Source)
	at java.base/jdk.internal.reflect.DelegatingMethodAccessorImpl.invoke(DelegatingMethodAccessorImpl.java:43)
	at java.base/java.lang.reflect.Method.invoke(Method.java:566)
	at java.base/java.io.ObjectStreamClass.invokeReadObject(ObjectStreamClass.java:1046)
	at java.base/java.io.ObjectInputStream.readSerialData(ObjectInputStream.java:2357)
	at java.base/java.io.ObjectInputStream.readOrdinaryObject(ObjectInputStream.java:2228)
	at java.base/java.io.ObjectInputStream.readObject0(ObjectInputStream.java:1687)
	at java.base/java.io.ObjectInputStream.defaultReadFields(ObjectInputStream.java:2496)
	at java.base/java.io.ObjectInputStream.readSerialData(ObjectInputStream.java:2390)
	at java.base/java.io.ObjectInputStream.readOrdinaryObject(ObjectInputStream.java:2228)
	at java.base/java.io.ObjectInputStream.readObject0(ObjectInputStream.java:1687)
	at java.base/java.io.ObjectInputStream.defaultReadFields(ObjectInputStream.java:2496)
	at java.base/java.io.ObjectInputStream.defaultReadObject(ObjectInputStream.java:625)
	at org.evosuite.testcase.DefaultTestCase.readObject(DefaultTestCase.java:1217)
	at jdk.internal.reflect.GeneratedMethodAccessor15.invoke(Unknown Source)
	at java.base/jdk.internal.reflect.DelegatingMethodAccessorImpl.invoke(DelegatingMethodAccessorImpl.java:43)
	at java.base/java.lang.reflect.Method.invoke(Method.java:566)
	at java.base/java.io.ObjectStreamClass.invokeReadObject(ObjectStreamClass.java:1046)
	at java.base/java.io.ObjectInputStream.readSerialData(ObjectInputStream.java:2357)
	at java.base/java.io.ObjectInputStream.readOrdinaryObject(ObjectInputStream.java:2228)
	at java.base/java.io.ObjectInputStream.readObject0(ObjectInputStream.java:1687)
	at java.base/java.io.ObjectInputStream.defaultReadFields(ObjectInputStream.java:2496)
	at java.base/java.io.ObjectInputStream.readSerialData(ObjectInputStream.java:2390)
	at java.base/java.io.ObjectInputStream.readOrdinaryObject(ObjectInputStream.java:2228)
	at java.base/java.io.ObjectInputStream.readObject0(ObjectInputStream.java:1687)
	at java.base/java.io.ObjectInputStream.readObject(ObjectInputStream.java:489)
	at java.base/java.io.ObjectInputStream.readObject(ObjectInputStream.java:447)
	at java.base/java.util.ArrayList.readObject(ArrayList.java:929)
	at java.base/jdk.internal.reflect.GeneratedMethodAccessor7.invoke(Unknown Source)
	at java.base/jdk.internal.reflect.DelegatingMethodAccessorImpl.invoke(DelegatingMethodAccessorImpl.java:43)
	at java.base/java.lang.reflect.Method.invoke(Method.java:566)
	at java.base/java.io.ObjectStreamClass.invokeReadObject(ObjectStreamClass.java:1046)
	at java.base/java.io.ObjectInputStream.readSerialData(ObjectInputStream.java:2357)
	at java.base/java.io.ObjectInputStream.readOrdinaryObject(ObjectInputStream.java:2228)
	at java.base/java.io.ObjectInputStream.readObject0(ObjectInputStream.java:1687)
	at java.base/java.io.ObjectInputStream.defaultReadFields(ObjectInputStream.java:2496)
	at java.base/java.io.ObjectInputStream.readSerialData(ObjectInputStream.java:2390)
	at java.base/java.io.ObjectInputStream.readOrdinaryObject(ObjectInputStream.java:2228)
	at java.base/java.io.ObjectInputStream.readObject0(ObjectInputStream.java:1687)
	at java.base/java.io.ObjectInputStream.readObject(ObjectInputStream.java:489)
	at java.base/java.io.ObjectInputStream.readObject(ObjectInputStream.java:447)
	at java.rmi/sun.rmi.server.UnicastRef.unmarshalValue(UnicastRef.java:327)
	at java.rmi/sun.rmi.server.UnicastServerRef.dispatch(UnicastServerRef.java:339)
	... 12 common frames omitted
Caused by: java.lang.IllegalArgumentException: expect to get instruction without BasicBlock already set
	at org.evosuite.graphs.cfg.BasicBlock.appendInstruction(BasicBlock.java:225)
	at org.evosuite.graphs.cfg.BasicBlock.setInstructions(BasicBlock.java:206)
	at org.evosuite.graphs.cfg.BasicBlock.<init>(BasicBlock.java:106)
	at org.evosuite.graphs.cfg.RawControlFlowGraph.determineBasicBlockFor(RawControlFlowGraph.java:314)
	at org.evosuite.graphs.cfg.ActualControlFlowGraph.computeNodes(ActualControlFlowGraph.java:295)
	at org.evosuite.graphs.cfg.ActualControlFlowGraph.computeGraph(ActualControlFlowGraph.java:262)
	at org.evosuite.graphs.cfg.ActualControlFlowGraph.<init>(ActualControlFlowGraph.java:97)
	at org.evosuite.graphs.cfg.CFGGenerator.computeActualCFG(CFGGenerator.java:218)
	at org.evosuite.graphs.cfg.CFGGenerator.registerCFGs(CFGGenerator.java:102)
	at org.evosuite.graphs.cfg.CFGMethodAdapter.visitEnd(CFGMethodAdapter.java:219)
	at org.evosuite.shaded.org.objectweb.asm.MethodVisitor.visitEnd(MethodVisitor.java:783)
	at org.evosuite.shaded.org.objectweb.asm.MethodVisitor.visitEnd(MethodVisitor.java:783)
	at org.evosuite.shaded.org.objectweb.asm.MethodVisitor.visitEnd(MethodVisitor.java:783)
	at org.evosuite.shaded.org.objectweb.asm.tree.MethodNode.accept(MethodNode.java:772)
	at org.evosuite.shaded.org.objectweb.asm.tree.MethodNode.accept(MethodNode.java:649)
	at org.evosuite.shaded.org.objectweb.asm.tree.ClassNode.accept(ClassNode.java:452)
	at org.evosuite.instrumentation.BytecodeInstrumentation.transformBytes(BytecodeInstrumentation.java:282)
	at org.evosuite.instrumentation.InstrumentingClassLoader.getTransformedBytes(InstrumentingClassLoader.java:135)
	at org.evosuite.instrumentation.InstrumentingClassLoader.instrumentClass(InstrumentingClassLoader.java:149)
	... 77 common frames omitted
[Progress:======>                       23%] [Cov:==============>                    40%][Progress:======>                       23%] [Cov:==============>                    41%][MASTER] 12:35:13.664 [logback-1] WARN  ClientNodeImpl - Cannot send statistics to master; continuing without statistics
java.rmi.ServerException: RemoteException occurred in server thread; nested exception is: 
	java.rmi.UnmarshalException: error unmarshalling arguments; nested exception is: 
	java.lang.ClassNotFoundException: expect to get instruction without BasicBlock already set
	at java.rmi/sun.rmi.server.UnicastServerRef.dispatch(UnicastServerRef.java:391)
	at java.rmi/sun.rmi.transport.Transport$1.run(Transport.java:200)
	at java.rmi/sun.rmi.transport.Transport$1.run(Transport.java:197)
	at java.base/java.security.AccessController.doPrivileged(Native Method)
	at java.rmi/sun.rmi.transport.Transport.serviceCall(Transport.java:196)
	at java.rmi/sun.rmi.transport.tcp.TCPTransport.handleMessages(TCPTransport.java:562)
	at java.rmi/sun.rmi.transport.tcp.TCPTransport$ConnectionHandler.run0(TCPTransport.java:796)
	at java.rmi/sun.rmi.transport.tcp.TCPTransport$ConnectionHandler.lambda$run$0(TCPTransport.java:677)
	at java.base/java.security.AccessController.doPrivileged(Native Method)
	at java.rmi/sun.rmi.transport.tcp.TCPTransport$ConnectionHandler.run(TCPTransport.java:676)
	at java.base/java.util.concurrent.ThreadPoolExecutor.runWorker(ThreadPoolExecutor.java:1128)
	at java.base/java.util.concurrent.ThreadPoolExecutor$Worker.run(ThreadPoolExecutor.java:628)
	at java.base/java.lang.Thread.run(Thread.java:829)
	at java.rmi/sun.rmi.transport.StreamRemoteCall.exceptionReceivedFromServer(StreamRemoteCall.java:303)
	at java.rmi/sun.rmi.transport.StreamRemoteCall.executeCall(StreamRemoteCall.java:279)
	at java.rmi/sun.rmi.server.UnicastRef.invoke(UnicastRef.java:164)
	at java.rmi/java.rmi.server.RemoteObjectInvocationHandler.invokeRemoteMethod(RemoteObjectInvocationHandler.java:217)
	at java.rmi/java.rmi.server.RemoteObjectInvocationHandler.invoke(RemoteObjectInvocationHandler.java:162)
	at com.sun.proxy.$Proxy7.evosuite_collectStatistics(Unknown Source)
	at org.evosuite.rmi.service.ClientNodeImpl.updateStatistics(ClientNodeImpl.java:251)
	at org.evosuite.statistics.StatisticsSender.sendIndividualToMaster(StatisticsSender.java:62)
	at org.evosuite.statistics.StatisticsListener.lambda$new$0(StatisticsListener.java:76)
	at java.base/java.lang.Thread.run(Thread.java:829)
Caused by: java.rmi.UnmarshalException: error unmarshalling arguments; nested exception is: 
	java.lang.ClassNotFoundException: expect to get instruction without BasicBlock already set
	at java.rmi/sun.rmi.server.UnicastServerRef.dispatch(UnicastServerRef.java:350)
	at java.rmi/sun.rmi.transport.Transport$1.run(Transport.java:200)
	at java.rmi/sun.rmi.transport.Transport$1.run(Transport.java:197)
	at java.base/java.security.AccessController.doPrivileged(Native Method)
	at java.rmi/sun.rmi.transport.Transport.serviceCall(Transport.java:196)
	at java.rmi/sun.rmi.transport.tcp.TCPTransport.handleMessages(TCPTransport.java:562)
	at java.rmi/sun.rmi.transport.tcp.TCPTransport$ConnectionHandler.run0(TCPTransport.java:796)
	at java.rmi/sun.rmi.transport.tcp.TCPTransport$ConnectionHandler.lambda$run$0(TCPTransport.java:677)
	at java.base/java.security.AccessController.doPrivileged(Native Method)
	at java.rmi/sun.rmi.transport.tcp.TCPTransport$ConnectionHandler.run(TCPTransport.java:676)
	at java.base/java.util.concurrent.ThreadPoolExecutor.runWorker(ThreadPoolExecutor.java:1128)
	at java.base/java.util.concurrent.ThreadPoolExecutor$Worker.run(ThreadPoolExecutor.java:628)
	... 1 common frames omitted
Caused by: java.lang.ClassNotFoundException: expect to get instruction without BasicBlock already set
	at org.evosuite.instrumentation.InstrumentingClassLoader.instrumentClass(InstrumentingClassLoader.java:158)
	at org.evosuite.instrumentation.InstrumentingClassLoader.loadClass(InstrumentingClassLoader.java:126)
	at org.evosuite.utils.generic.GenericClassImpl.getClass(GenericClassImpl.java:139)
	at org.evosuite.utils.generic.GenericClassImpl.getClass(GenericClassImpl.java:105)
	at org.evosuite.utils.generic.GenericClassImpl.readObject(GenericClassImpl.java:1671)
	at jdk.internal.reflect.GeneratedMethodAccessor9.invoke(Unknown Source)
	at java.base/jdk.internal.reflect.DelegatingMethodAccessorImpl.invoke(DelegatingMethodAccessorImpl.java:43)
	at java.base/java.lang.reflect.Method.invoke(Method.java:566)
	at java.base/java.io.ObjectStreamClass.invokeReadObject(ObjectStreamClass.java:1046)
	at java.base/java.io.ObjectInputStream.readSerialData(ObjectInputStream.java:2357)
	at java.base/java.io.ObjectInputStream.readOrdinaryObject(ObjectInputStream.java:2228)
	at java.base/java.io.ObjectInputStream.readObject0(ObjectInputStream.java:1687)
	at java.base/java.io.ObjectInputStream.defaultReadFields(ObjectInputStream.java:2496)
	at java.base/java.io.ObjectInputStream.readSerialData(ObjectInputStream.java:2390)
	at java.base/java.io.ObjectInputStream.readOrdinaryObject(ObjectInputStream.java:2228)
	at java.base/java.io.ObjectInputStream.readObject0(ObjectInputStream.java:1687)
	at java.base/java.io.ObjectInputStream.defaultReadFields(ObjectInputStream.java:2496)
	at java.base/java.io.ObjectInputStream.readSerialData(ObjectInputStream.java:2390)
	at java.base/java.io.ObjectInputStream.readOrdinaryObject(ObjectInputStream.java:2228)
	at java.base/java.io.ObjectInputStream.readObject0(ObjectInputStream.java:1687)
	at java.base/java.io.ObjectInputStream.readObject(ObjectInputStream.java:489)
	at java.base/java.io.ObjectInputStream.readObject(ObjectInputStream.java:447)
	at java.base/java.util.ArrayList.readObject(ArrayList.java:929)
	at java.base/jdk.internal.reflect.GeneratedMethodAccessor7.invoke(Unknown Source)
	at java.base/jdk.internal.reflect.DelegatingMethodAccessorImpl.invoke(DelegatingMethodAccessorImpl.java:43)
	at java.base/java.lang.reflect.Method.invoke(Method.java:566)
	at java.base/java.io.ObjectStreamClass.invokeReadObject(ObjectStreamClass.java:1046)
	at java.base/java.io.ObjectInputStream.readSerialData(ObjectInputStream.java:2357)
	at java.base/java.io.ObjectInputStream.readOrdinaryObject(ObjectInputStream.java:2228)
	at java.base/java.io.ObjectInputStream.readObject0(ObjectInputStream.java:1687)
	at java.base/java.io.ObjectInputStream.defaultReadFields(ObjectInputStream.java:2496)
	at java.base/java.io.ObjectInputStream.readSerialData(ObjectInputStream.java:2390)
	at java.base/java.io.ObjectInputStream.readOrdinaryObject(ObjectInputStream.java:2228)
	at java.base/java.io.ObjectInputStream.readObject0(ObjectInputStream.java:1687)
	at java.base/java.io.ObjectInputStream.defaultReadFields(ObjectInputStream.java:2496)
	at java.base/java.io.ObjectInputStream.defaultReadObject(ObjectInputStream.java:625)
	at org.evosuite.testcase.DefaultTestCase.readObject(DefaultTestCase.java:1217)
	at jdk.internal.reflect.GeneratedMethodAccessor15.invoke(Unknown Source)
	at java.base/jdk.internal.reflect.DelegatingMethodAccessorImpl.invoke(DelegatingMethodAccessorImpl.java:43)
	at java.base/java.lang.reflect.Method.invoke(Method.java:566)
	at java.base/java.io.ObjectStreamClass.invokeReadObject(ObjectStreamClass.java:1046)
	at java.base/java.io.ObjectInputStream.readSerialData(ObjectInputStream.java:2357)
	at java.base/java.io.ObjectInputStream.readOrdinaryObject(ObjectInputStream.java:2228)
	at java.base/java.io.ObjectInputStream.readObject0(ObjectInputStream.java:1687)
	at java.base/java.io.ObjectInputStream.defaultReadFields(ObjectInputStream.java:2496)
	at java.base/java.io.ObjectInputStream.readSerialData(ObjectInputStream.java:2390)
	at java.base/java.io.ObjectInputStream.readOrdinaryObject(ObjectInputStream.java:2228)
	at java.base/java.io.ObjectInputStream.readObject0(ObjectInputStream.java:1687)
	at java.base/java.io.ObjectInputStream.readObject(ObjectInputStream.java:489)
	at java.base/java.io.ObjectInputStream.readObject(ObjectInputStream.java:447)
	at java.base/java.util.ArrayList.readObject(ArrayList.java:929)
	at java.base/jdk.internal.reflect.GeneratedMethodAccessor7.invoke(Unknown Source)
	at java.base/jdk.internal.reflect.DelegatingMethodAccessorImpl.invoke(DelegatingMethodAccessorImpl.java:43)
	at java.base/java.lang.reflect.Method.invoke(Method.java:566)
	at java.base/java.io.ObjectStreamClass.invokeReadObject(ObjectStreamClass.java:1046)
	at java.base/java.io.ObjectInputStream.readSerialData(ObjectInputStream.java:2357)
	at java.base/java.io.ObjectInputStream.readOrdinaryObject(ObjectInputStream.java:2228)
	at java.base/java.io.ObjectInputStream.readObject0(ObjectInputStream.java:1687)
	at java.base/java.io.ObjectInputStream.defaultReadFields(ObjectInputStream.java:2496)
	at java.base/java.io.ObjectInputStream.readSerialData(ObjectInputStream.java:2390)
	at java.base/java.io.ObjectInputStream.readOrdinaryObject(ObjectInputStream.java:2228)
	at java.base/java.io.ObjectInputStream.readObject0(ObjectInputStream.java:1687)
	at java.base/java.io.ObjectInputStream.readObject(ObjectInputStream.java:489)
	at java.base/java.io.ObjectInputStream.readObject(ObjectInputStream.java:447)
	at java.rmi/sun.rmi.server.UnicastRef.unmarshalValue(UnicastRef.java:327)
	at java.rmi/sun.rmi.server.UnicastServerRef.dispatch(UnicastServerRef.java:339)
	... 12 common frames omitted
Caused by: java.lang.IllegalArgumentException: expect to get instruction without BasicBlock already set
	at org.evosuite.graphs.cfg.BasicBlock.appendInstruction(BasicBlock.java:225)
	at org.evosuite.graphs.cfg.BasicBlock.setInstructions(BasicBlock.java:206)
	at org.evosuite.graphs.cfg.BasicBlock.<init>(BasicBlock.java:106)
	at org.evosuite.graphs.cfg.RawControlFlowGraph.determineBasicBlockFor(RawControlFlowGraph.java:314)
	at org.evosuite.graphs.cfg.ActualControlFlowGraph.computeNodes(ActualControlFlowGraph.java:295)
	at org.evosuite.graphs.cfg.ActualControlFlowGraph.computeGraph(ActualControlFlowGraph.java:262)
	at org.evosuite.graphs.cfg.ActualControlFlowGraph.<init>(ActualControlFlowGraph.java:97)
	at org.evosuite.graphs.cfg.CFGGenerator.computeActualCFG(CFGGenerator.java:218)
	at org.evosuite.graphs.cfg.CFGGenerator.registerCFGs(CFGGenerator.java:102)
	at org.evosuite.graphs.cfg.CFGMethodAdapter.visitEnd(CFGMethodAdapter.java:219)
	at org.evosuite.shaded.org.objectweb.asm.MethodVisitor.visitEnd(MethodVisitor.java:783)
	at org.evosuite.shaded.org.objectweb.asm.MethodVisitor.visitEnd(MethodVisitor.java:783)
	at org.evosuite.shaded.org.objectweb.asm.MethodVisitor.visitEnd(MethodVisitor.java:783)
	at org.evosuite.shaded.org.objectweb.asm.tree.MethodNode.accept(MethodNode.java:772)
	at org.evosuite.shaded.org.objectweb.asm.tree.MethodNode.accept(MethodNode.java:649)
	at org.evosuite.shaded.org.objectweb.asm.tree.ClassNode.accept(ClassNode.java:452)
	at org.evosuite.instrumentation.BytecodeInstrumentation.transformBytes(BytecodeInstrumentation.java:282)
	at org.evosuite.instrumentation.InstrumentingClassLoader.getTransformedBytes(InstrumentingClassLoader.java:135)
	at org.evosuite.instrumentation.InstrumentingClassLoader.instrumentClass(InstrumentingClassLoader.java:149)
	... 77 common frames omitted
[Progress:======>                       23%] [Cov:==============>                    41%]GWO iteration=20 bestFitness=1661.3332629389695 population=50 a=1.6
========== GWO EVOLVE iteration=20 population=50 ==========
[MASTER] 12:35:14.545 [logback-1] WARN  ClientNodeImpl - Cannot send statistics to master; continuing without statistics
java.rmi.ServerException: RemoteException occurred in server thread; nested exception is: 
	java.rmi.UnmarshalException: error unmarshalling arguments; nested exception is: 
	java.lang.ClassNotFoundException: expect to get instruction without BasicBlock already set
	at java.rmi/sun.rmi.server.UnicastServerRef.dispatch(UnicastServerRef.java:391)
	at java.rmi/sun.rmi.transport.Transport$1.run(Transport.java:200)
	at java.rmi/sun.rmi.transport.Transport$1.run(Transport.java:197)
	at java.base/java.security.AccessController.doPrivileged(Native Method)
	at java.rmi/sun.rmi.transport.Transport.serviceCall(Transport.java:196)
	at java.rmi/sun.rmi.transport.tcp.TCPTransport.handleMessages(TCPTransport.java:562)
	at java.rmi/sun.rmi.transport.tcp.TCPTransport$ConnectionHandler.run0(TCPTransport.java:796)
	at java.rmi/sun.rmi.transport.tcp.TCPTransport$ConnectionHandler.lambda$run$0(TCPTransport.java:677)
	at java.base/java.security.AccessController.doPrivileged(Native Method)
	at java.rmi/sun.rmi.transport.tcp.TCPTransport$ConnectionHandler.run(TCPTransport.java:676)
	at java.base/java.util.concurrent.ThreadPoolExecutor.runWorker(ThreadPoolExecutor.java:1128)
	at java.base/java.util.concurrent.ThreadPoolExecutor$Worker.run(ThreadPoolExecutor.java:628)
	at java.base/java.lang.Thread.run(Thread.java:829)
	at java.rmi/sun.rmi.transport.StreamRemoteCall.exceptionReceivedFromServer(StreamRemoteCall.java:303)
	at java.rmi/sun.rmi.transport.StreamRemoteCall.executeCall(StreamRemoteCall.java:279)
	at java.rmi/sun.rmi.server.UnicastRef.invoke(UnicastRef.java:164)
	at java.rmi/java.rmi.server.RemoteObjectInvocationHandler.invokeRemoteMethod(RemoteObjectInvocationHandler.java:217)
	at java.rmi/java.rmi.server.RemoteObjectInvocationHandler.invoke(RemoteObjectInvocationHandler.java:162)
	at com.sun.proxy.$Proxy7.evosuite_collectStatistics(Unknown Source)
	at org.evosuite.rmi.service.ClientNodeImpl.updateStatistics(ClientNodeImpl.java:251)
	at org.evosuite.statistics.StatisticsSender.sendIndividualToMaster(StatisticsSender.java:62)
	at org.evosuite.statistics.StatisticsListener.lambda$new$0(StatisticsListener.java:76)
	at java.base/java.lang.Thread.run(Thread.java:829)
Caused by: java.rmi.UnmarshalException: error unmarshalling arguments; nested exception is: 
	java.lang.ClassNotFoundException: expect to get instruction without BasicBlock already set
	at java.rmi/sun.rmi.server.UnicastServerRef.dispatch(UnicastServerRef.java:350)
	at java.rmi/sun.rmi.transport.Transport$1.run(Transport.java:200)
	at java.rmi/sun.rmi.transport.Transport$1.run(Transport.java:197)
	at java.base/java.security.AccessController.doPrivileged(Native Method)
	at java.rmi/sun.rmi.transport.Transport.serviceCall(Transport.java:196)
	at java.rmi/sun.rmi.transport.tcp.TCPTransport.handleMessages(TCPTransport.java:562)
	at java.rmi/sun.rmi.transport.tcp.TCPTransport$ConnectionHandler.run0(TCPTransport.java:796)
	at java.rmi/sun.rmi.transport.tcp.TCPTransport$ConnectionHandler.lambda$run$0(TCPTransport.java:677)
	at java.base/java.security.AccessController.doPrivileged(Native Method)
	at java.rmi/sun.rmi.transport.tcp.TCPTransport$ConnectionHandler.run(TCPTransport.java:676)
	at java.base/java.util.concurrent.ThreadPoolExecutor.runWorker(ThreadPoolExecutor.java:1128)
	at java.base/java.util.concurrent.ThreadPoolExecutor$Worker.run(ThreadPoolExecutor.java:628)
	... 1 common frames omitted
Caused by: java.lang.ClassNotFoundException: expect to get instruction without BasicBlock already set
	at org.evosuite.instrumentation.InstrumentingClassLoader.instrumentClass(InstrumentingClassLoader.java:158)
	at org.evosuite.instrumentation.InstrumentingClassLoader.loadClass(InstrumentingClassLoader.java:126)
	at org.evosuite.utils.generic.GenericClassImpl.getClass(GenericClassImpl.java:139)
	at org.evosuite.utils.generic.GenericClassImpl.getClass(GenericClassImpl.java:105)
	at org.evosuite.utils.generic.GenericClassImpl.readObject(GenericClassImpl.java:1671)
	at jdk.internal.reflect.GeneratedMethodAccessor9.invoke(Unknown Source)
	at java.base/jdk.internal.reflect.DelegatingMethodAccessorImpl.invoke(DelegatingMethodAccessorImpl.java:43)
	at java.base/java.lang.reflect.Method.invoke(Method.java:566)
	at java.base/java.io.ObjectStreamClass.invokeReadObject(ObjectStreamClass.java:1046)
	at java.base/java.io.ObjectInputStream.readSerialData(ObjectInputStream.java:2357)
	at java.base/java.io.ObjectInputStream.readOrdinaryObject(ObjectInputStream.java:2228)
	at java.base/java.io.ObjectInputStream.readObject0(ObjectInputStream.java:1687)
	at java.base/java.io.ObjectInputStream.defaultReadFields(ObjectInputStream.java:2496)
	at java.base/java.io.ObjectInputStream.readSerialData(ObjectInputStream.java:2390)
	at java.base/java.io.ObjectInputStream.readOrdinaryObject(ObjectInputStream.java:2228)
	at java.base/java.io.ObjectInputStream.readObject0(ObjectInputStream.java:1687)
	at java.base/java.io.ObjectInputStream.defaultReadFields(ObjectInputStream.java:2496)
	at java.base/java.io.ObjectInputStream.readSerialData(ObjectInputStream.java:2390)
	at java.base/java.io.ObjectInputStream.readOrdinaryObject(ObjectInputStream.java:2228)
	at java.base/java.io.ObjectInputStream.readObject0(ObjectInputStream.java:1687)
	at java.base/java.io.ObjectInputStream.readObject(ObjectInputStream.java:489)
	at java.base/java.io.ObjectInputStream.readObject(ObjectInputStream.java:447)
	at java.base/java.util.ArrayList.readObject(ArrayList.java:929)
	at java.base/jdk.internal.reflect.GeneratedMethodAccessor7.invoke(Unknown Source)
	at java.base/jdk.internal.reflect.DelegatingMethodAccessorImpl.invoke(DelegatingMethodAccessorImpl.java:43)
	at java.base/java.lang.reflect.Method.invoke(Method.java:566)
	at java.base/java.io.ObjectStreamClass.invokeReadObject(ObjectStreamClass.java:1046)
	at java.base/java.io.ObjectInputStream.readSerialData(ObjectInputStream.java:2357)
	at java.base/java.io.ObjectInputStream.readOrdinaryObject(ObjectInputStream.java:2228)
	at java.base/java.io.ObjectInputStream.readObject0(ObjectInputStream.java:1687)
	at java.base/java.io.ObjectInputStream.defaultReadFields(ObjectInputStream.java:2496)
	at java.base/java.io.ObjectInputStream.readSerialData(ObjectInputStream.java:2390)
	at java.base/java.io.ObjectInputStream.readOrdinaryObject(ObjectInputStream.java:2228)
	at java.base/java.io.ObjectInputStream.readObject0(ObjectInputStream.java:1687)
	at java.base/java.io.ObjectInputStream.defaultReadFields(ObjectInputStream.java:2496)
	at java.base/java.io.ObjectInputStream.defaultReadObject(ObjectInputStream.java:625)
	at org.evosuite.testcase.DefaultTestCase.readObject(DefaultTestCase.java:1217)
	at jdk.internal.reflect.GeneratedMethodAccessor15.invoke(Unknown Source)
	at java.base/jdk.internal.reflect.DelegatingMethodAccessorImpl.invoke(DelegatingMethodAccessorImpl.java:43)
	at java.base/java.lang.reflect.Method.invoke(Method.java:566)
	at java.base/java.io.ObjectStreamClass.invokeReadObject(ObjectStreamClass.java:1046)
	at java.base/java.io.ObjectInputStream.readSerialData(ObjectInputStream.java:2357)
	at java.base/java.io.ObjectInputStream.readOrdinaryObject(ObjectInputStream.java:2228)
	at java.base/java.io.ObjectInputStream.readObject0(ObjectInputStream.java:1687)
	at java.base/java.io.ObjectInputStream.defaultReadFields(ObjectInputStream.java:2496)
	at java.base/java.io.ObjectInputStream.readSerialData(ObjectInputStream.java:2390)
	at java.base/java.io.ObjectInputStream.readOrdinaryObject(ObjectInputStream.java:2228)
	at java.base/java.io.ObjectInputStream.readObject0(ObjectInputStream.java:1687)
	at java.base/java.io.ObjectInputStream.readObject(ObjectInputStream.java:489)
	at java.base/java.io.ObjectInputStream.readObject(ObjectInputStream.java:447)
	at java.base/java.util.ArrayList.readObject(ArrayList.java:929)
	at java.base/jdk.internal.reflect.GeneratedMethodAccessor7.invoke(Unknown Source)
	at java.base/jdk.internal.reflect.DelegatingMethodAccessorImpl.invoke(DelegatingMethodAccessorImpl.java:43)
	at java.base/java.lang.reflect.Method.invoke(Method.java:566)
	at java.base/java.io.ObjectStreamClass.invokeReadObject(ObjectStreamClass.java:1046)
	at java.base/java.io.ObjectInputStream.readSerialData(ObjectInputStream.java:2357)
	at java.base/java.io.ObjectInputStream.readOrdinaryObject(ObjectInputStream.java:2228)
	at java.base/java.io.ObjectInputStream.readObject0(ObjectInputStream.java:1687)
	at java.base/java.io.ObjectInputStream.defaultReadFields(ObjectInputStream.java:2496)
	at java.base/java.io.ObjectInputStream.readSerialData(ObjectInputStream.java:2390)
	at java.base/java.io.ObjectInputStream.readOrdinaryObject(ObjectInputStream.java:2228)
	at java.base/java.io.ObjectInputStream.readObject0(ObjectInputStream.java:1687)
	at java.base/java.io.ObjectInputStream.readObject(ObjectInputStream.java:489)
	at java.base/java.io.ObjectInputStream.readObject(ObjectInputStream.java:447)
	at java.rmi/sun.rmi.server.UnicastRef.unmarshalValue(UnicastRef.java:327)
	at java.rmi/sun.rmi.server.UnicastServerRef.dispatch(UnicastServerRef.java:339)
	... 12 common frames omitted
Caused by: java.lang.IllegalArgumentException: expect to get instruction without BasicBlock already set
	at org.evosuite.graphs.cfg.BasicBlock.appendInstruction(BasicBlock.java:225)
	at org.evosuite.graphs.cfg.BasicBlock.setInstructions(BasicBlock.java:206)
	at org.evosuite.graphs.cfg.BasicBlock.<init>(BasicBlock.java:106)
	at org.evosuite.graphs.cfg.RawControlFlowGraph.determineBasicBlockFor(RawControlFlowGraph.java:314)
	at org.evosuite.graphs.cfg.ActualControlFlowGraph.computeNodes(ActualControlFlowGraph.java:295)
	at org.evosuite.graphs.cfg.ActualControlFlowGraph.computeGraph(ActualControlFlowGraph.java:262)
	at org.evosuite.graphs.cfg.ActualControlFlowGraph.<init>(ActualControlFlowGraph.java:97)
	at org.evosuite.graphs.cfg.CFGGenerator.computeActualCFG(CFGGenerator.java:218)
	at org.evosuite.graphs.cfg.CFGGenerator.registerCFGs(CFGGenerator.java:102)
	at org.evosuite.graphs.cfg.CFGMethodAdapter.visitEnd(CFGMethodAdapter.java:219)
	at org.evosuite.shaded.org.objectweb.asm.MethodVisitor.visitEnd(MethodVisitor.java:783)
	at org.evosuite.shaded.org.objectweb.asm.MethodVisitor.visitEnd(MethodVisitor.java:783)
	at org.evosuite.shaded.org.objectweb.asm.MethodVisitor.visitEnd(MethodVisitor.java:783)
	at org.evosuite.shaded.org.objectweb.asm.tree.MethodNode.accept(MethodNode.java:772)
	at org.evosuite.shaded.org.objectweb.asm.tree.MethodNode.accept(MethodNode.java:649)
	at org.evosuite.shaded.org.objectweb.asm.tree.ClassNode.accept(ClassNode.java:452)
	at org.evosuite.instrumentation.BytecodeInstrumentation.transformBytes(BytecodeInstrumentation.java:282)
	at org.evosuite.instrumentation.InstrumentingClassLoader.getTransformedBytes(InstrumentingClassLoader.java:135)
	at org.evosuite.instrumentation.InstrumentingClassLoader.instrumentClass(InstrumentingClassLoader.java:149)
	... 77 common frames omitted
[Progress:=======>                      24%] [Cov:==============>                    41%][Progress:=======>                      24%] [Cov:==============>                    42%][MASTER] 12:35:15.451 [logback-1] WARN  ClientNodeImpl - Cannot send statistics to master; continuing without statistics
java.rmi.ServerException: RemoteException occurred in server thread; nested exception is: 
	java.rmi.UnmarshalException: error unmarshalling arguments; nested exception is: 
	java.lang.ClassNotFoundException: expect to get instruction without BasicBlock already set
	at java.rmi/sun.rmi.server.UnicastServerRef.dispatch(UnicastServerRef.java:391)
	at java.rmi/sun.rmi.transport.Transport$1.run(Transport.java:200)
	at java.rmi/sun.rmi.transport.Transport$1.run(Transport.java:197)
	at java.base/java.security.AccessController.doPrivileged(Native Method)
	at java.rmi/sun.rmi.transport.Transport.serviceCall(Transport.java:196)
	at java.rmi/sun.rmi.transport.tcp.TCPTransport.handleMessages(TCPTransport.java:562)
	at java.rmi/sun.rmi.transport.tcp.TCPTransport$ConnectionHandler.run0(TCPTransport.java:796)
	at java.rmi/sun.rmi.transport.tcp.TCPTransport$ConnectionHandler.lambda$run$0(TCPTransport.java:677)
	at java.base/java.security.AccessController.doPrivileged(Native Method)
	at java.rmi/sun.rmi.transport.tcp.TCPTransport$ConnectionHandler.run(TCPTransport.java:676)
	at java.base/java.util.concurrent.ThreadPoolExecutor.runWorker(ThreadPoolExecutor.java:1128)
	at java.base/java.util.concurrent.ThreadPoolExecutor$Worker.run(ThreadPoolExecutor.java:628)
	at java.base/java.lang.Thread.run(Thread.java:829)
	at java.rmi/sun.rmi.transport.StreamRemoteCall.exceptionReceivedFromServer(StreamRemoteCall.java:303)
	at java.rmi/sun.rmi.transport.StreamRemoteCall.executeCall(StreamRemoteCall.java:279)
	at java.rmi/sun.rmi.server.UnicastRef.invoke(UnicastRef.java:164)
	at java.rmi/java.rmi.server.RemoteObjectInvocationHandler.invokeRemoteMethod(RemoteObjectInvocationHandler.java:217)
	at java.rmi/java.rmi.server.RemoteObjectInvocationHandler.invoke(RemoteObjectInvocationHandler.java:162)
	at com.sun.proxy.$Proxy7.evosuite_collectStatistics(Unknown Source)
	at org.evosuite.rmi.service.ClientNodeImpl.updateStatistics(ClientNodeImpl.java:251)
	at org.evosuite.statistics.StatisticsSender.sendIndividualToMaster(StatisticsSender.java:62)
	at org.evosuite.statistics.StatisticsListener.lambda$new$0(StatisticsListener.java:76)
	at java.base/java.lang.Thread.run(Thread.java:829)
Caused by: java.rmi.UnmarshalException: error unmarshalling arguments; nested exception is: 
	java.lang.ClassNotFoundException: expect to get instruction without BasicBlock already set
	at java.rmi/sun.rmi.server.UnicastServerRef.dispatch(UnicastServerRef.java:350)
	at java.rmi/sun.rmi.transport.Transport$1.run(Transport.java:200)
	at java.rmi/sun.rmi.transport.Transport$1.run(Transport.java:197)
	at java.base/java.security.AccessController.doPrivileged(Native Method)
	at java.rmi/sun.rmi.transport.Transport.serviceCall(Transport.java:196)
	at java.rmi/sun.rmi.transport.tcp.TCPTransport.handleMessages(TCPTransport.java:562)
	at java.rmi/sun.rmi.transport.tcp.TCPTransport$ConnectionHandler.run0(TCPTransport.java:796)
	at java.rmi/sun.rmi.transport.tcp.TCPTransport$ConnectionHandler.lambda$run$0(TCPTransport.java:677)
	at java.base/java.security.AccessController.doPrivileged(Native Method)
	at java.rmi/sun.rmi.transport.tcp.TCPTransport$ConnectionHandler.run(TCPTransport.java:676)
	at java.base/java.util.concurrent.ThreadPoolExecutor.runWorker(ThreadPoolExecutor.java:1128)
	at java.base/java.util.concurrent.ThreadPoolExecutor$Worker.run(ThreadPoolExecutor.java:628)
	... 1 common frames omitted
Caused by: java.lang.ClassNotFoundException: expect to get instruction without BasicBlock already set
	at org.evosuite.instrumentation.InstrumentingClassLoader.instrumentClass(InstrumentingClassLoader.java:158)
	at org.evosuite.instrumentation.InstrumentingClassLoader.loadClass(InstrumentingClassLoader.java:126)
	at org.evosuite.utils.generic.GenericClassImpl.getClass(GenericClassImpl.java:139)
	at org.evosuite.utils.generic.GenericClassImpl.getClass(GenericClassImpl.java:105)
	at org.evosuite.utils.generic.GenericClassImpl.readObject(GenericClassImpl.java:1671)
	at jdk.internal.reflect.GeneratedMethodAccessor9.invoke(Unknown Source)
	at java.base/jdk.internal.reflect.DelegatingMethodAccessorImpl.invoke(DelegatingMethodAccessorImpl.java:43)
	at java.base/java.lang.reflect.Method.invoke(Method.java:566)
	at java.base/java.io.ObjectStreamClass.invokeReadObject(ObjectStreamClass.java:1046)
	at java.base/java.io.ObjectInputStream.readSerialData(ObjectInputStream.java:2357)
	at java.base/java.io.ObjectInputStream.readOrdinaryObject(ObjectInputStream.java:2228)
	at java.base/java.io.ObjectInputStream.readObject0(ObjectInputStream.java:1687)
	at java.base/java.io.ObjectInputStream.defaultReadFields(ObjectInputStream.java:2496)
	at java.base/java.io.ObjectInputStream.readSerialData(ObjectInputStream.java:2390)
	at java.base/java.io.ObjectInputStream.readOrdinaryObject(ObjectInputStream.java:2228)
	at java.base/java.io.ObjectInputStream.readObject0(ObjectInputStream.java:1687)
	at java.base/java.io.ObjectInputStream.defaultReadFields(ObjectInputStream.java:2496)
	at java.base/java.io.ObjectInputStream.readSerialData(ObjectInputStream.java:2390)
	at java.base/java.io.ObjectInputStream.readOrdinaryObject(ObjectInputStream.java:2228)
	at java.base/java.io.ObjectInputStream.readObject0(ObjectInputStream.java:1687)
	at java.base/java.io.ObjectInputStream.readObject(ObjectInputStream.java:489)
	at java.base/java.io.ObjectInputStream.readObject(ObjectInputStream.java:447)
	at java.base/java.util.ArrayList.readObject(ArrayList.java:929)
	at java.base/jdk.internal.reflect.GeneratedMethodAccessor7.invoke(Unknown Source)
	at java.base/jdk.internal.reflect.DelegatingMethodAccessorImpl.invoke(DelegatingMethodAccessorImpl.java:43)
	at java.base/java.lang.reflect.Method.invoke(Method.java:566)
	at java.base/java.io.ObjectStreamClass.invokeReadObject(ObjectStreamClass.java:1046)
	at java.base/java.io.ObjectInputStream.readSerialData(ObjectInputStream.java:2357)
	at java.base/java.io.ObjectInputStream.readOrdinaryObject(ObjectInputStream.java:2228)
	at java.base/java.io.ObjectInputStream.readObject0(ObjectInputStream.java:1687)
	at java.base/java.io.ObjectInputStream.defaultReadFields(ObjectInputStream.java:2496)
	at java.base/java.io.ObjectInputStream.readSerialData(ObjectInputStream.java:2390)
	at java.base/java.io.ObjectInputStream.readOrdinaryObject(ObjectInputStream.java:2228)
	at java.base/java.io.ObjectInputStream.readObject0(ObjectInputStream.java:1687)
	at java.base/java.io.ObjectInputStream.defaultReadFields(ObjectInputStream.java:2496)
	at java.base/java.io.ObjectInputStream.defaultReadObject(ObjectInputStream.java:625)
	at org.evosuite.testcase.DefaultTestCase.readObject(DefaultTestCase.java:1217)
	at jdk.internal.reflect.GeneratedMethodAccessor15.invoke(Unknown Source)
	at java.base/jdk.internal.reflect.DelegatingMethodAccessorImpl.invoke(DelegatingMethodAccessorImpl.java:43)
	at java.base/java.lang.reflect.Method.invoke(Method.java:566)
	at java.base/java.io.ObjectStreamClass.invokeReadObject(ObjectStreamClass.java:1046)
	at java.base/java.io.ObjectInputStream.readSerialData(ObjectInputStream.java:2357)
	at java.base/java.io.ObjectInputStream.readOrdinaryObject(ObjectInputStream.java:2228)
	at java.base/java.io.ObjectInputStream.readObject0(ObjectInputStream.java:1687)
	at java.base/java.io.ObjectInputStream.defaultReadFields(ObjectInputStream.java:2496)
	at java.base/java.io.ObjectInputStream.readSerialData(ObjectInputStream.java:2390)
	at java.base/java.io.ObjectInputStream.readOrdinaryObject(ObjectInputStream.java:2228)
	at java.base/java.io.ObjectInputStream.readObject0(ObjectInputStream.java:1687)
	at java.base/java.io.ObjectInputStream.readObject(ObjectInputStream.java:489)
	at java.base/java.io.ObjectInputStream.readObject(ObjectInputStream.java:447)
	at java.base/java.util.ArrayList.readObject(ArrayList.java:929)
	at java.base/jdk.internal.reflect.GeneratedMethodAccessor7.invoke(Unknown Source)
	at java.base/jdk.internal.reflect.DelegatingMethodAccessorImpl.invoke(DelegatingMethodAccessorImpl.java:43)
	at java.base/java.lang.reflect.Method.invoke(Method.java:566)
	at java.base/java.io.ObjectStreamClass.invokeReadObject(ObjectStreamClass.java:1046)
	at java.base/java.io.ObjectInputStream.readSerialData(ObjectInputStream.java:2357)
	at java.base/java.io.ObjectInputStream.readOrdinaryObject(ObjectInputStream.java:2228)
	at java.base/java.io.ObjectInputStream.readObject0(ObjectInputStream.java:1687)
	at java.base/java.io.ObjectInputStream.defaultReadFields(ObjectInputStream.java:2496)
	at java.base/java.io.ObjectInputStream.readSerialData(ObjectInputStream.java:2390)
	at java.base/java.io.ObjectInputStream.readOrdinaryObject(ObjectInputStream.java:2228)
	at java.base/java.io.ObjectInputStream.readObject0(ObjectInputStream.java:1687)
	at java.base/java.io.ObjectInputStream.readObject(ObjectInputStream.java:489)
	at java.base/java.io.ObjectInputStream.readObject(ObjectInputStream.java:447)
	at java.rmi/sun.rmi.server.UnicastRef.unmarshalValue(UnicastRef.java:327)
	at java.rmi/sun.rmi.server.UnicastServerRef.dispatch(UnicastServerRef.java:339)
	... 12 common frames omitted
Caused by: java.lang.IllegalArgumentException: expect to get instruction without BasicBlock already set
	at org.evosuite.graphs.cfg.BasicBlock.appendInstruction(BasicBlock.java:225)
	at org.evosuite.graphs.cfg.BasicBlock.setInstructions(BasicBlock.java:206)
	at org.evosuite.graphs.cfg.BasicBlock.<init>(BasicBlock.java:106)
	at org.evosuite.graphs.cfg.RawControlFlowGraph.determineBasicBlockFor(RawControlFlowGraph.java:314)
	at org.evosuite.graphs.cfg.ActualControlFlowGraph.computeNodes(ActualControlFlowGraph.java:295)
	at org.evosuite.graphs.cfg.ActualControlFlowGraph.computeGraph(ActualControlFlowGraph.java:262)
	at org.evosuite.graphs.cfg.ActualControlFlowGraph.<init>(ActualControlFlowGraph.java:97)
	at org.evosuite.graphs.cfg.CFGGenerator.computeActualCFG(CFGGenerator.java:218)
	at org.evosuite.graphs.cfg.CFGGenerator.registerCFGs(CFGGenerator.java:102)
	at org.evosuite.graphs.cfg.CFGMethodAdapter.visitEnd(CFGMethodAdapter.java:219)
	at org.evosuite.shaded.org.objectweb.asm.MethodVisitor.visitEnd(MethodVisitor.java:783)
	at org.evosuite.shaded.org.objectweb.asm.MethodVisitor.visitEnd(MethodVisitor.java:783)
	at org.evosuite.shaded.org.objectweb.asm.MethodVisitor.visitEnd(MethodVisitor.java:783)
	at org.evosuite.shaded.org.objectweb.asm.tree.MethodNode.accept(MethodNode.java:772)
	at org.evosuite.shaded.org.objectweb.asm.tree.MethodNode.accept(MethodNode.java:649)
	at org.evosuite.shaded.org.objectweb.asm.tree.ClassNode.accept(ClassNode.java:452)
	at org.evosuite.instrumentation.BytecodeInstrumentation.transformBytes(BytecodeInstrumentation.java:282)
	at org.evosuite.instrumentation.InstrumentingClassLoader.getTransformedBytes(InstrumentingClassLoader.java:135)
	at org.evosuite.instrumentation.InstrumentingClassLoader.instrumentClass(InstrumentingClassLoader.java:149)
	... 77 common frames omitted
[Progress:=======>                      25%] [Cov:==============>                    41%][Progress:=======>                      25%] [Cov:==============>                    42%][MASTER] 12:35:16.414 [logback-1] WARN  ClientNodeImpl - Cannot send statistics to master; continuing without statistics
java.rmi.ServerException: RemoteException occurred in server thread; nested exception is: 
	java.rmi.UnmarshalException: error unmarshalling arguments; nested exception is: 
	java.lang.ClassNotFoundException: expect to get instruction without BasicBlock already set
	at java.rmi/sun.rmi.server.UnicastServerRef.dispatch(UnicastServerRef.java:391)
	at java.rmi/sun.rmi.transport.Transport$1.run(Transport.java:200)
	at java.rmi/sun.rmi.transport.Transport$1.run(Transport.java:197)
	at java.base/java.security.AccessController.doPrivileged(Native Method)
	at java.rmi/sun.rmi.transport.Transport.serviceCall(Transport.java:196)
	at java.rmi/sun.rmi.transport.tcp.TCPTransport.handleMessages(TCPTransport.java:562)
	at java.rmi/sun.rmi.transport.tcp.TCPTransport$ConnectionHandler.run0(TCPTransport.java:796)
	at java.rmi/sun.rmi.transport.tcp.TCPTransport$ConnectionHandler.lambda$run$0(TCPTransport.java:677)
	at java.base/java.security.AccessController.doPrivileged(Native Method)
	at java.rmi/sun.rmi.transport.tcp.TCPTransport$ConnectionHandler.run(TCPTransport.java:676)
	at java.base/java.util.concurrent.ThreadPoolExecutor.runWorker(ThreadPoolExecutor.java:1128)
	at java.base/java.util.concurrent.ThreadPoolExecutor$Worker.run(ThreadPoolExecutor.java:628)
	at java.base/java.lang.Thread.run(Thread.java:829)
	at java.rmi/sun.rmi.transport.StreamRemoteCall.exceptionReceivedFromServer(StreamRemoteCall.java:303)
	at java.rmi/sun.rmi.transport.StreamRemoteCall.executeCall(StreamRemoteCall.java:279)
	at java.rmi/sun.rmi.server.UnicastRef.invoke(UnicastRef.java:164)
	at java.rmi/java.rmi.server.RemoteObjectInvocationHandler.invokeRemoteMethod(RemoteObjectInvocationHandler.java:217)
	at java.rmi/java.rmi.server.RemoteObjectInvocationHandler.invoke(RemoteObjectInvocationHandler.java:162)
	at com.sun.proxy.$Proxy7.evosuite_collectStatistics(Unknown Source)
	at org.evosuite.rmi.service.ClientNodeImpl.updateStatistics(ClientNodeImpl.java:251)
	at org.evosuite.statistics.StatisticsSender.sendIndividualToMaster(StatisticsSender.java:62)
	at org.evosuite.statistics.StatisticsListener.lambda$new$0(StatisticsListener.java:76)
	at java.base/java.lang.Thread.run(Thread.java:829)
Caused by: java.rmi.UnmarshalException: error unmarshalling arguments; nested exception is: 
	java.lang.ClassNotFoundException: expect to get instruction without BasicBlock already set
	at java.rmi/sun.rmi.server.UnicastServerRef.dispatch(UnicastServerRef.java:350)
	at java.rmi/sun.rmi.transport.Transport$1.run(Transport.java:200)
	at java.rmi/sun.rmi.transport.Transport$1.run(Transport.java:197)
	at java.base/java.security.AccessController.doPrivileged(Native Method)
	at java.rmi/sun.rmi.transport.Transport.serviceCall(Transport.java:196)
	at java.rmi/sun.rmi.transport.tcp.TCPTransport.handleMessages(TCPTransport.java:562)
	at java.rmi/sun.rmi.transport.tcp.TCPTransport$ConnectionHandler.run0(TCPTransport.java:796)
	at java.rmi/sun.rmi.transport.tcp.TCPTransport$ConnectionHandler.lambda$run$0(TCPTransport.java:677)
	at java.base/java.security.AccessController.doPrivileged(Native Method)
	at java.rmi/sun.rmi.transport.tcp.TCPTransport$ConnectionHandler.run(TCPTransport.java:676)
	at java.base/java.util.concurrent.ThreadPoolExecutor.runWorker(ThreadPoolExecutor.java:1128)
	at java.base/java.util.concurrent.ThreadPoolExecutor$Worker.run(ThreadPoolExecutor.java:628)
	... 1 common frames omitted
Caused by: java.lang.ClassNotFoundException: expect to get instruction without BasicBlock already set
	at org.evosuite.instrumentation.InstrumentingClassLoader.instrumentClass(InstrumentingClassLoader.java:158)
	at org.evosuite.instrumentation.InstrumentingClassLoader.loadClass(InstrumentingClassLoader.java:126)
	at org.evosuite.utils.generic.GenericClassImpl.getClass(GenericClassImpl.java:139)
	at org.evosuite.utils.generic.GenericClassImpl.getClass(GenericClassImpl.java:105)
	at org.evosuite.utils.generic.GenericClassImpl.readObject(GenericClassImpl.java:1671)
	at jdk.internal.reflect.GeneratedMethodAccessor9.invoke(Unknown Source)
	at java.base/jdk.internal.reflect.DelegatingMethodAccessorImpl.invoke(DelegatingMethodAccessorImpl.java:43)
	at java.base/java.lang.reflect.Method.invoke(Method.java:566)
	at java.base/java.io.ObjectStreamClass.invokeReadObject(ObjectStreamClass.java:1046)
	at java.base/java.io.ObjectInputStream.readSerialData(ObjectInputStream.java:2357)
	at java.base/java.io.ObjectInputStream.readOrdinaryObject(ObjectInputStream.java:2228)
	at java.base/java.io.ObjectInputStream.readObject0(ObjectInputStream.java:1687)
	at java.base/java.io.ObjectInputStream.defaultReadFields(ObjectInputStream.java:2496)
	at java.base/java.io.ObjectInputStream.readSerialData(ObjectInputStream.java:2390)
	at java.base/java.io.ObjectInputStream.readOrdinaryObject(ObjectInputStream.java:2228)
	at java.base/java.io.ObjectInputStream.readObject0(ObjectInputStream.java:1687)
	at java.base/java.io.ObjectInputStream.defaultReadFields(ObjectInputStream.java:2496)
	at java.base/java.io.ObjectInputStream.readSerialData(ObjectInputStream.java:2390)
	at java.base/java.io.ObjectInputStream.readOrdinaryObject(ObjectInputStream.java:2228)
	at java.base/java.io.ObjectInputStream.readObject0(ObjectInputStream.java:1687)
	at java.base/java.io.ObjectInputStream.readObject(ObjectInputStream.java:489)
	at java.base/java.io.ObjectInputStream.readObject(ObjectInputStream.java:447)
	at java.base/java.util.ArrayList.readObject(ArrayList.java:929)
	at java.base/jdk.internal.reflect.GeneratedMethodAccessor7.invoke(Unknown Source)
	at java.base/jdk.internal.reflect.DelegatingMethodAccessorImpl.invoke(DelegatingMethodAccessorImpl.java:43)
	at java.base/java.lang.reflect.Method.invoke(Method.java:566)
	at java.base/java.io.ObjectStreamClass.invokeReadObject(ObjectStreamClass.java:1046)
	at java.base/java.io.ObjectInputStream.readSerialData(ObjectInputStream.java:2357)
	at java.base/java.io.ObjectInputStream.readOrdinaryObject(ObjectInputStream.java:2228)
	at java.base/java.io.ObjectInputStream.readObject0(ObjectInputStream.java:1687)
	at java.base/java.io.ObjectInputStream.defaultReadFields(ObjectInputStream.java:2496)
	at java.base/java.io.ObjectInputStream.readSerialData(ObjectInputStream.java:2390)
	at java.base/java.io.ObjectInputStream.readOrdinaryObject(ObjectInputStream.java:2228)
	at java.base/java.io.ObjectInputStream.readObject0(ObjectInputStream.java:1687)
	at java.base/java.io.ObjectInputStream.defaultReadFields(ObjectInputStream.java:2496)
	at java.base/java.io.ObjectInputStream.defaultReadObject(ObjectInputStream.java:625)
	at org.evosuite.testcase.DefaultTestCase.readObject(DefaultTestCase.java:1217)
	at jdk.internal.reflect.GeneratedMethodAccessor15.invoke(Unknown Source)
	at java.base/jdk.internal.reflect.DelegatingMethodAccessorImpl.invoke(DelegatingMethodAccessorImpl.java:43)
	at java.base/java.lang.reflect.Method.invoke(Method.java:566)
	at java.base/java.io.ObjectStreamClass.invokeReadObject(ObjectStreamClass.java:1046)
	at java.base/java.io.ObjectInputStream.readSerialData(ObjectInputStream.java:2357)
	at java.base/java.io.ObjectInputStream.readOrdinaryObject(ObjectInputStream.java:2228)
	at java.base/java.io.ObjectInputStream.readObject0(ObjectInputStream.java:1687)
	at java.base/java.io.ObjectInputStream.defaultReadFields(ObjectInputStream.java:2496)
	at java.base/java.io.ObjectInputStream.readSerialData(ObjectInputStream.java:2390)
	at java.base/java.io.ObjectInputStream.readOrdinaryObject(ObjectInputStream.java:2228)
	at java.base/java.io.ObjectInputStream.readObject0(ObjectInputStream.java:1687)
	at java.base/java.io.ObjectInputStream.readObject(ObjectInputStream.java:489)
	at java.base/java.io.ObjectInputStream.readObject(ObjectInputStream.java:447)
	at java.base/java.util.ArrayList.readObject(ArrayList.java:929)
	at java.base/jdk.internal.reflect.GeneratedMethodAccessor7.invoke(Unknown Source)
	at java.base/jdk.internal.reflect.DelegatingMethodAccessorImpl.invoke(DelegatingMethodAccessorImpl.java:43)
	at java.base/java.lang.reflect.Method.invoke(Method.java:566)
	at java.base/java.io.ObjectStreamClass.invokeReadObject(ObjectStreamClass.java:1046)
	at java.base/java.io.ObjectInputStream.readSerialData(ObjectInputStream.java:2357)
	at java.base/java.io.ObjectInputStream.readOrdinaryObject(ObjectInputStream.java:2228)
	at java.base/java.io.ObjectInputStream.readObject0(ObjectInputStream.java:1687)
	at java.base/java.io.ObjectInputStream.defaultReadFields(ObjectInputStream.java:2496)
	at java.base/java.io.ObjectInputStream.readSerialData(ObjectInputStream.java:2390)
	at java.base/java.io.ObjectInputStream.readOrdinaryObject(ObjectInputStream.java:2228)
	at java.base/java.io.ObjectInputStream.readObject0(ObjectInputStream.java:1687)
	at java.base/java.io.ObjectInputStream.readObject(ObjectInputStream.java:489)
	at java.base/java.io.ObjectInputStream.readObject(ObjectInputStream.java:447)
	at java.rmi/sun.rmi.server.UnicastRef.unmarshalValue(UnicastRef.java:327)
	at java.rmi/sun.rmi.server.UnicastServerRef.dispatch(UnicastServerRef.java:339)
	... 12 common frames omitted
Caused by: java.lang.IllegalArgumentException: expect to get instruction without BasicBlock already set
	at org.evosuite.graphs.cfg.BasicBlock.appendInstruction(BasicBlock.java:225)
	at org.evosuite.graphs.cfg.BasicBlock.setInstructions(BasicBlock.java:206)
	at org.evosuite.graphs.cfg.BasicBlock.<init>(BasicBlock.java:106)
	at org.evosuite.graphs.cfg.RawControlFlowGraph.determineBasicBlockFor(RawControlFlowGraph.java:314)
	at org.evosuite.graphs.cfg.ActualControlFlowGraph.computeNodes(ActualControlFlowGraph.java:295)
	at org.evosuite.graphs.cfg.ActualControlFlowGraph.computeGraph(ActualControlFlowGraph.java:262)
	at org.evosuite.graphs.cfg.ActualControlFlowGraph.<init>(ActualControlFlowGraph.java:97)
	at org.evosuite.graphs.cfg.CFGGenerator.computeActualCFG(CFGGenerator.java:218)
	at org.evosuite.graphs.cfg.CFGGenerator.registerCFGs(CFGGenerator.java:102)
	at org.evosuite.graphs.cfg.CFGMethodAdapter.visitEnd(CFGMethodAdapter.java:219)
	at org.evosuite.shaded.org.objectweb.asm.MethodVisitor.visitEnd(MethodVisitor.java:783)
	at org.evosuite.shaded.org.objectweb.asm.MethodVisitor.visitEnd(MethodVisitor.java:783)
	at org.evosuite.shaded.org.objectweb.asm.MethodVisitor.visitEnd(MethodVisitor.java:783)
	at org.evosuite.shaded.org.objectweb.asm.tree.MethodNode.accept(MethodNode.java:772)
	at org.evosuite.shaded.org.objectweb.asm.tree.MethodNode.accept(MethodNode.java:649)
	at org.evosuite.shaded.org.objectweb.asm.tree.ClassNode.accept(ClassNode.java:452)
	at org.evosuite.instrumentation.BytecodeInstrumentation.transformBytes(BytecodeInstrumentation.java:282)
	at org.evosuite.instrumentation.InstrumentingClassLoader.getTransformedBytes(InstrumentingClassLoader.java:135)
	at org.evosuite.instrumentation.InstrumentingClassLoader.instrumentClass(InstrumentingClassLoader.java:149)
	... 77 common frames omitted
[Progress:=======>                      25%] [Cov:==============>                    42%][MASTER] 12:35:17.505 [logback-1] WARN  ClientNodeImpl - Cannot send statistics to master; continuing without statistics
java.rmi.ServerException: RemoteException occurred in server thread; nested exception is: 
	java.rmi.UnmarshalException: error unmarshalling arguments; nested exception is: 
	java.lang.ClassNotFoundException: expect to get instruction without BasicBlock already set
	at java.rmi/sun.rmi.server.UnicastServerRef.dispatch(UnicastServerRef.java:391)
	at java.rmi/sun.rmi.transport.Transport$1.run(Transport.java:200)
	at java.rmi/sun.rmi.transport.Transport$1.run(Transport.java:197)
	at java.base/java.security.AccessController.doPrivileged(Native Method)
	at java.rmi/sun.rmi.transport.Transport.serviceCall(Transport.java:196)
	at java.rmi/sun.rmi.transport.tcp.TCPTransport.handleMessages(TCPTransport.java:562)
	at java.rmi/sun.rmi.transport.tcp.TCPTransport$ConnectionHandler.run0(TCPTransport.java:796)
	at java.rmi/sun.rmi.transport.tcp.TCPTransport$ConnectionHandler.lambda$run$0(TCPTransport.java:677)
	at java.base/java.security.AccessController.doPrivileged(Native Method)
	at java.rmi/sun.rmi.transport.tcp.TCPTransport$ConnectionHandler.run(TCPTransport.java:676)
	at java.base/java.util.concurrent.ThreadPoolExecutor.runWorker(ThreadPoolExecutor.java:1128)
	at java.base/java.util.concurrent.ThreadPoolExecutor$Worker.run(ThreadPoolExecutor.java:628)
	at java.base/java.lang.Thread.run(Thread.java:829)
	at java.rmi/sun.rmi.transport.StreamRemoteCall.exceptionReceivedFromServer(StreamRemoteCall.java:303)
	at java.rmi/sun.rmi.transport.StreamRemoteCall.executeCall(StreamRemoteCall.java:279)
	at java.rmi/sun.rmi.server.UnicastRef.invoke(UnicastRef.java:164)
	at java.rmi/java.rmi.server.RemoteObjectInvocationHandler.invokeRemoteMethod(RemoteObjectInvocationHandler.java:217)
	at java.rmi/java.rmi.server.RemoteObjectInvocationHandler.invoke(RemoteObjectInvocationHandler.java:162)
	at com.sun.proxy.$Proxy7.evosuite_collectStatistics(Unknown Source)
	at org.evosuite.rmi.service.ClientNodeImpl.updateStatistics(ClientNodeImpl.java:251)
	at org.evosuite.statistics.StatisticsSender.sendIndividualToMaster(StatisticsSender.java:62)
	at org.evosuite.statistics.StatisticsListener.lambda$new$0(StatisticsListener.java:76)
	at java.base/java.lang.Thread.run(Thread.java:829)
Caused by: java.rmi.UnmarshalException: error unmarshalling arguments; nested exception is: 
	java.lang.ClassNotFoundException: expect to get instruction without BasicBlock already set
	at java.rmi/sun.rmi.server.UnicastServerRef.dispatch(UnicastServerRef.java:350)
	at java.rmi/sun.rmi.transport.Transport$1.run(Transport.java:200)
	at java.rmi/sun.rmi.transport.Transport$1.run(Transport.java:197)
	at java.base/java.security.AccessController.doPrivileged(Native Method)
	at java.rmi/sun.rmi.transport.Transport.serviceCall(Transport.java:196)
	at java.rmi/sun.rmi.transport.tcp.TCPTransport.handleMessages(TCPTransport.java:562)
	at java.rmi/sun.rmi.transport.tcp.TCPTransport$ConnectionHandler.run0(TCPTransport.java:796)
	at java.rmi/sun.rmi.transport.tcp.TCPTransport$ConnectionHandler.lambda$run$0(TCPTransport.java:677)
	at java.base/java.security.AccessController.doPrivileged(Native Method)
	at java.rmi/sun.rmi.transport.tcp.TCPTransport$ConnectionHandler.run(TCPTransport.java:676)
	at java.base/java.util.concurrent.ThreadPoolExecutor.runWorker(ThreadPoolExecutor.java:1128)
	at java.base/java.util.concurrent.ThreadPoolExecutor$Worker.run(ThreadPoolExecutor.java:628)
	... 1 common frames omitted
Caused by: java.lang.ClassNotFoundException: expect to get instruction without BasicBlock already set
	at org.evosuite.instrumentation.InstrumentingClassLoader.instrumentClass(InstrumentingClassLoader.java:158)
	at org.evosuite.instrumentation.InstrumentingClassLoader.loadClass(InstrumentingClassLoader.java:126)
	at org.evosuite.utils.generic.GenericClassImpl.getClass(GenericClassImpl.java:139)
	at org.evosuite.utils.generic.GenericClassImpl.getClass(GenericClassImpl.java:105)
	at org.evosuite.utils.generic.GenericClassImpl.readObject(GenericClassImpl.java:1671)
	at jdk.internal.reflect.GeneratedMethodAccessor9.invoke(Unknown Source)
	at java.base/jdk.internal.reflect.DelegatingMethodAccessorImpl.invoke(DelegatingMethodAccessorImpl.java:43)
	at java.base/java.lang.reflect.Method.invoke(Method.java:566)
	at java.base/java.io.ObjectStreamClass.invokeReadObject(ObjectStreamClass.java:1046)
	at java.base/java.io.ObjectInputStream.readSerialData(ObjectInputStream.java:2357)
	at java.base/java.io.ObjectInputStream.readOrdinaryObject(ObjectInputStream.java:2228)
	at java.base/java.io.ObjectInputStream.readObject0(ObjectInputStream.java:1687)
	at java.base/java.io.ObjectInputStream.defaultReadFields(ObjectInputStream.java:2496)
	at java.base/java.io.ObjectInputStream.readSerialData(ObjectInputStream.java:2390)
	at java.base/java.io.ObjectInputStream.readOrdinaryObject(ObjectInputStream.java:2228)
	at java.base/java.io.ObjectInputStream.readObject0(ObjectInputStream.java:1687)
	at java.base/java.io.ObjectInputStream.defaultReadFields(ObjectInputStream.java:2496)
	at java.base/java.io.ObjectInputStream.readSerialData(ObjectInputStream.java:2390)
	at java.base/java.io.ObjectInputStream.readOrdinaryObject(ObjectInputStream.java:2228)
	at java.base/java.io.ObjectInputStream.readObject0(ObjectInputStream.java:1687)
	at java.base/java.io.ObjectInputStream.readObject(ObjectInputStream.java:489)
	at java.base/java.io.ObjectInputStream.readObject(ObjectInputStream.java:447)
	at java.base/java.util.ArrayList.readObject(ArrayList.java:929)
	at java.base/jdk.internal.reflect.GeneratedMethodAccessor7.invoke(Unknown Source)
	at java.base/jdk.internal.reflect.DelegatingMethodAccessorImpl.invoke(DelegatingMethodAccessorImpl.java:43)
	at java.base/java.lang.reflect.Method.invoke(Method.java:566)
	at java.base/java.io.ObjectStreamClass.invokeReadObject(ObjectStreamClass.java:1046)
	at java.base/java.io.ObjectInputStream.readSerialData(ObjectInputStream.java:2357)
	at java.base/java.io.ObjectInputStream.readOrdinaryObject(ObjectInputStream.java:2228)
	at java.base/java.io.ObjectInputStream.readObject0(ObjectInputStream.java:1687)
	at java.base/java.io.ObjectInputStream.defaultReadFields(ObjectInputStream.java:2496)
	at java.base/java.io.ObjectInputStream.readSerialData(ObjectInputStream.java:2390)
	at java.base/java.io.ObjectInputStream.readOrdinaryObject(ObjectInputStream.java:2228)
	at java.base/java.io.ObjectInputStream.readObject0(ObjectInputStream.java:1687)
	at java.base/java.io.ObjectInputStream.defaultReadFields(ObjectInputStream.java:2496)
	at java.base/java.io.ObjectInputStream.defaultReadObject(ObjectInputStream.java:625)
	at org.evosuite.testcase.DefaultTestCase.readObject(DefaultTestCase.java:1217)
	at jdk.internal.reflect.GeneratedMethodAccessor15.invoke(Unknown Source)
	at java.base/jdk.internal.reflect.DelegatingMethodAccessorImpl.invoke(DelegatingMethodAccessorImpl.java:43)
	at java.base/java.lang.reflect.Method.invoke(Method.java:566)
	at java.base/java.io.ObjectStreamClass.invokeReadObject(ObjectStreamClass.java:1046)
	at java.base/java.io.ObjectInputStream.readSerialData(ObjectInputStream.java:2357)
	at java.base/java.io.ObjectInputStream.readOrdinaryObject(ObjectInputStream.java:2228)
	at java.base/java.io.ObjectInputStream.readObject0(ObjectInputStream.java:1687)
	at java.base/java.io.ObjectInputStream.defaultReadFields(ObjectInputStream.java:2496)
	at java.base/java.io.ObjectInputStream.readSerialData(ObjectInputStream.java:2390)
	at java.base/java.io.ObjectInputStream.readOrdinaryObject(ObjectInputStream.java:2228)
	at java.base/java.io.ObjectInputStream.readObject0(ObjectInputStream.java:1687)
	at java.base/java.io.ObjectInputStream.readObject(ObjectInputStream.java:489)
	at java.base/java.io.ObjectInputStream.readObject(ObjectInputStream.java:447)
	at java.base/java.util.ArrayList.readObject(ArrayList.java:929)
	at java.base/jdk.internal.reflect.GeneratedMethodAccessor7.invoke(Unknown Source)
	at java.base/jdk.internal.reflect.DelegatingMethodAccessorImpl.invoke(DelegatingMethodAccessorImpl.java:43)
	at java.base/java.lang.reflect.Method.invoke(Method.java:566)
	at java.base/java.io.ObjectStreamClass.invokeReadObject(ObjectStreamClass.java:1046)
	at java.base/java.io.ObjectInputStream.readSerialData(ObjectInputStream.java:2357)
	at java.base/java.io.ObjectInputStream.readOrdinaryObject(ObjectInputStream.java:2228)
	at java.base/java.io.ObjectInputStream.readObject0(ObjectInputStream.java:1687)
	at java.base/java.io.ObjectInputStream.defaultReadFields(ObjectInputStream.java:2496)
	at java.base/java.io.ObjectInputStream.readSerialData(ObjectInputStream.java:2390)
	at java.base/java.io.ObjectInputStream.readOrdinaryObject(ObjectInputStream.java:2228)
	at java.base/java.io.ObjectInputStream.readObject0(ObjectInputStream.java:1687)
	at java.base/java.io.ObjectInputStream.readObject(ObjectInputStream.java:489)
	at java.base/java.io.ObjectInputStream.readObject(ObjectInputStream.java:447)
	at java.rmi/sun.rmi.server.UnicastRef.unmarshalValue(UnicastRef.java:327)
	at java.rmi/sun.rmi.server.UnicastServerRef.dispatch(UnicastServerRef.java:339)
	... 12 common frames omitted
Caused by: java.lang.IllegalArgumentException: expect to get instruction without BasicBlock already set
	at org.evosuite.graphs.cfg.BasicBlock.appendInstruction(BasicBlock.java:225)
	at org.evosuite.graphs.cfg.BasicBlock.setInstructions(BasicBlock.java:206)
	at org.evosuite.graphs.cfg.BasicBlock.<init>(BasicBlock.java:106)
	at org.evosuite.graphs.cfg.RawControlFlowGraph.determineBasicBlockFor(RawControlFlowGraph.java:314)
	at org.evosuite.graphs.cfg.ActualControlFlowGraph.computeNodes(ActualControlFlowGraph.java:295)
	at org.evosuite.graphs.cfg.ActualControlFlowGraph.computeGraph(ActualControlFlowGraph.java:262)
	at org.evosuite.graphs.cfg.ActualControlFlowGraph.<init>(ActualControlFlowGraph.java:97)
	at org.evosuite.graphs.cfg.CFGGenerator.computeActualCFG(CFGGenerator.java:218)
	at org.evosuite.graphs.cfg.CFGGenerator.registerCFGs(CFGGenerator.java:102)
	at org.evosuite.graphs.cfg.CFGMethodAdapter.visitEnd(CFGMethodAdapter.java:219)
	at org.evosuite.shaded.org.objectweb.asm.MethodVisitor.visitEnd(MethodVisitor.java:783)
	at org.evosuite.shaded.org.objectweb.asm.MethodVisitor.visitEnd(MethodVisitor.java:783)
	at org.evosuite.shaded.org.objectweb.asm.MethodVisitor.visitEnd(MethodVisitor.java:783)
	at org.evosuite.shaded.org.objectweb.asm.tree.MethodNode.accept(MethodNode.java:772)
	at org.evosuite.shaded.org.objectweb.asm.tree.MethodNode.accept(MethodNode.java:649)
	at org.evosuite.shaded.org.objectweb.asm.tree.ClassNode.accept(ClassNode.java:452)
	at org.evosuite.instrumentation.BytecodeInstrumentation.transformBytes(BytecodeInstrumentation.java:282)
	at org.evosuite.instrumentation.InstrumentingClassLoader.getTransformedBytes(InstrumentingClassLoader.java:135)
	at org.evosuite.instrumentation.InstrumentingClassLoader.instrumentClass(InstrumentingClassLoader.java:149)
	... 77 common frames omitted
[Progress:=======>                      26%] [Cov:==============>                    42%][Progress:=======>                      26%] [Cov:===============>                   43%][Progress:=======>                      26%] [Cov:===============>                   44%][Progress:========>                     27%] [Cov:==============>                    40%][Progress:========>                     27%] [Cov:==============>                    42%][MASTER] 12:35:18.646 [logback-1] WARN  ClientNodeImpl - Cannot send statistics to master; continuing without statistics
java.rmi.ServerException: RemoteException occurred in server thread; nested exception is: 
	java.rmi.UnmarshalException: error unmarshalling arguments; nested exception is: 
	java.lang.ClassNotFoundException: expect to get instruction without BasicBlock already set
	at java.rmi/sun.rmi.server.UnicastServerRef.dispatch(UnicastServerRef.java:391)
	at java.rmi/sun.rmi.transport.Transport$1.run(Transport.java:200)
	at java.rmi/sun.rmi.transport.Transport$1.run(Transport.java:197)
	at java.base/java.security.AccessController.doPrivileged(Native Method)
	at java.rmi/sun.rmi.transport.Transport.serviceCall(Transport.java:196)
	at java.rmi/sun.rmi.transport.tcp.TCPTransport.handleMessages(TCPTransport.java:562)
	at java.rmi/sun.rmi.transport.tcp.TCPTransport$ConnectionHandler.run0(TCPTransport.java:796)
	at java.rmi/sun.rmi.transport.tcp.TCPTransport$ConnectionHandler.lambda$run$0(TCPTransport.java:677)
	at java.base/java.security.AccessController.doPrivileged(Native Method)
	at java.rmi/sun.rmi.transport.tcp.TCPTransport$ConnectionHandler.run(TCPTransport.java:676)
	at java.base/java.util.concurrent.ThreadPoolExecutor.runWorker(ThreadPoolExecutor.java:1128)
	at java.base/java.util.concurrent.ThreadPoolExecutor$Worker.run(ThreadPoolExecutor.java:628)
	at java.base/java.lang.Thread.run(Thread.java:829)
	at java.rmi/sun.rmi.transport.StreamRemoteCall.exceptionReceivedFromServer(StreamRemoteCall.java:303)
	at java.rmi/sun.rmi.transport.StreamRemoteCall.executeCall(StreamRemoteCall.java:279)
	at java.rmi/sun.rmi.server.UnicastRef.invoke(UnicastRef.java:164)
	at java.rmi/java.rmi.server.RemoteObjectInvocationHandler.invokeRemoteMethod(RemoteObjectInvocationHandler.java:217)
	at java.rmi/java.rmi.server.RemoteObjectInvocationHandler.invoke(RemoteObjectInvocationHandler.java:162)
	at com.sun.proxy.$Proxy7.evosuite_collectStatistics(Unknown Source)
	at org.evosuite.rmi.service.ClientNodeImpl.updateStatistics(ClientNodeImpl.java:251)
	at org.evosuite.statistics.StatisticsSender.sendIndividualToMaster(StatisticsSender.java:62)
	at org.evosuite.statistics.StatisticsListener.lambda$new$0(StatisticsListener.java:76)
	at java.base/java.lang.Thread.run(Thread.java:829)
Caused by: java.rmi.UnmarshalException: error unmarshalling arguments; nested exception is: 
	java.lang.ClassNotFoundException: expect to get instruction without BasicBlock already set
	at java.rmi/sun.rmi.server.UnicastServerRef.dispatch(UnicastServerRef.java:350)
	at java.rmi/sun.rmi.transport.Transport$1.run(Transport.java:200)
	at java.rmi/sun.rmi.transport.Transport$1.run(Transport.java:197)
	at java.base/java.security.AccessController.doPrivileged(Native Method)
	at java.rmi/sun.rmi.transport.Transport.serviceCall(Transport.java:196)
	at java.rmi/sun.rmi.transport.tcp.TCPTransport.handleMessages(TCPTransport.java:562)
	at java.rmi/sun.rmi.transport.tcp.TCPTransport$ConnectionHandler.run0(TCPTransport.java:796)
	at java.rmi/sun.rmi.transport.tcp.TCPTransport$ConnectionHandler.lambda$run$0(TCPTransport.java:677)
	at java.base/java.security.AccessController.doPrivileged(Native Method)
	at java.rmi/sun.rmi.transport.tcp.TCPTransport$ConnectionHandler.run(TCPTransport.java:676)
	at java.base/java.util.concurrent.ThreadPoolExecutor.runWorker(ThreadPoolExecutor.java:1128)
	at java.base/java.util.concurrent.ThreadPoolExecutor$Worker.run(ThreadPoolExecutor.java:628)
	... 1 common frames omitted
Caused by: java.lang.ClassNotFoundException: expect to get instruction without BasicBlock already set
	at org.evosuite.instrumentation.InstrumentingClassLoader.instrumentClass(InstrumentingClassLoader.java:158)
	at org.evosuite.instrumentation.InstrumentingClassLoader.loadClass(InstrumentingClassLoader.java:126)
	at org.evosuite.utils.generic.GenericClassImpl.getClass(GenericClassImpl.java:139)
	at org.evosuite.utils.generic.GenericClassImpl.getClass(GenericClassImpl.java:105)
	at org.evosuite.utils.generic.GenericClassImpl.readObject(GenericClassImpl.java:1671)
	at jdk.internal.reflect.GeneratedMethodAccessor9.invoke(Unknown Source)
	at java.base/jdk.internal.reflect.DelegatingMethodAccessorImpl.invoke(DelegatingMethodAccessorImpl.java:43)
	at java.base/java.lang.reflect.Method.invoke(Method.java:566)
	at java.base/java.io.ObjectStreamClass.invokeReadObject(ObjectStreamClass.java:1046)
	at java.base/java.io.ObjectInputStream.readSerialData(ObjectInputStream.java:2357)
	at java.base/java.io.ObjectInputStream.readOrdinaryObject(ObjectInputStream.java:2228)
	at java.base/java.io.ObjectInputStream.readObject0(ObjectInputStream.java:1687)
	at java.base/java.io.ObjectInputStream.defaultReadFields(ObjectInputStream.java:2496)
	at java.base/java.io.ObjectInputStream.readSerialData(ObjectInputStream.java:2390)
	at java.base/java.io.ObjectInputStream.readOrdinaryObject(ObjectInputStream.java:2228)
	at java.base/java.io.ObjectInputStream.readObject0(ObjectInputStream.java:1687)
	at java.base/java.io.ObjectInputStream.defaultReadFields(ObjectInputStream.java:2496)
	at java.base/java.io.ObjectInputStream.readSerialData(ObjectInputStream.java:2390)
	at java.base/java.io.ObjectInputStream.readOrdinaryObject(ObjectInputStream.java:2228)
	at java.base/java.io.ObjectInputStream.readObject0(ObjectInputStream.java:1687)
	at java.base/java.io.ObjectInputStream.readObject(ObjectInputStream.java:489)
	at java.base/java.io.ObjectInputStream.readObject(ObjectInputStream.java:447)
	at java.base/java.util.ArrayList.readObject(ArrayList.java:929)
	at java.base/jdk.internal.reflect.GeneratedMethodAccessor7.invoke(Unknown Source)
	at java.base/jdk.internal.reflect.DelegatingMethodAccessorImpl.invoke(DelegatingMethodAccessorImpl.java:43)
	at java.base/java.lang.reflect.Method.invoke(Method.java:566)
	at java.base/java.io.ObjectStreamClass.invokeReadObject(ObjectStreamClass.java:1046)
	at java.base/java.io.ObjectInputStream.readSerialData(ObjectInputStream.java:2357)
	at java.base/java.io.ObjectInputStream.readOrdinaryObject(ObjectInputStream.java:2228)
	at java.base/java.io.ObjectInputStream.readObject0(ObjectInputStream.java:1687)
	at java.base/java.io.ObjectInputStream.defaultReadFields(ObjectInputStream.java:2496)
	at java.base/java.io.ObjectInputStream.readSerialData(ObjectInputStream.java:2390)
	at java.base/java.io.ObjectInputStream.readOrdinaryObject(ObjectInputStream.java:2228)
	at java.base/java.io.ObjectInputStream.readObject0(ObjectInputStream.java:1687)
	at java.base/java.io.ObjectInputStream.defaultReadFields(ObjectInputStream.java:2496)
	at java.base/java.io.ObjectInputStream.defaultReadObject(ObjectInputStream.java:625)
	at org.evosuite.testcase.DefaultTestCase.readObject(DefaultTestCase.java:1217)
	at jdk.internal.reflect.GeneratedMethodAccessor15.invoke(Unknown Source)
	at java.base/jdk.internal.reflect.DelegatingMethodAccessorImpl.invoke(DelegatingMethodAccessorImpl.java:43)
	at java.base/java.lang.reflect.Method.invoke(Method.java:566)
	at java.base/java.io.ObjectStreamClass.invokeReadObject(ObjectStreamClass.java:1046)
	at java.base/java.io.ObjectInputStream.readSerialData(ObjectInputStream.java:2357)
	at java.base/java.io.ObjectInputStream.readOrdinaryObject(ObjectInputStream.java:2228)
	at java.base/java.io.ObjectInputStream.readObject0(ObjectInputStream.java:1687)
	at java.base/java.io.ObjectInputStream.defaultReadFields(ObjectInputStream.java:2496)
	at java.base/java.io.ObjectInputStream.readSerialData(ObjectInputStream.java:2390)
	at java.base/java.io.ObjectInputStream.readOrdinaryObject(ObjectInputStream.java:2228)
	at java.base/java.io.ObjectInputStream.readObject0(ObjectInputStream.java:1687)
	at java.base/java.io.ObjectInputStream.readObject(ObjectInputStream.java:489)
	at java.base/java.io.ObjectInputStream.readObject(ObjectInputStream.java:447)
	at java.base/java.util.ArrayList.readObject(ArrayList.java:929)
	at java.base/jdk.internal.reflect.GeneratedMethodAccessor7.invoke(Unknown Source)
	at java.base/jdk.internal.reflect.DelegatingMethodAccessorImpl.invoke(DelegatingMethodAccessorImpl.java:43)
	at java.base/java.lang.reflect.Method.invoke(Method.java:566)
	at java.base/java.io.ObjectStreamClass.invokeReadObject(ObjectStreamClass.java:1046)
	at java.base/java.io.ObjectInputStream.readSerialData(ObjectInputStream.java:2357)
	at java.base/java.io.ObjectInputStream.readOrdinaryObject(ObjectInputStream.java:2228)
	at java.base/java.io.ObjectInputStream.readObject0(ObjectInputStream.java:1687)
	at java.base/java.io.ObjectInputStream.defaultReadFields(ObjectInputStream.java:2496)
	at java.base/java.io.ObjectInputStream.readSerialData(ObjectInputStream.java:2390)
	at java.base/java.io.ObjectInputStream.readOrdinaryObject(ObjectInputStream.java:2228)
	at java.base/java.io.ObjectInputStream.readObject0(ObjectInputStream.java:1687)
	at java.base/java.io.ObjectInputStream.readObject(ObjectInputStream.java:489)
	at java.base/java.io.ObjectInputStream.readObject(ObjectInputStream.java:447)
	at java.rmi/sun.rmi.server.UnicastRef.unmarshalValue(UnicastRef.java:327)
	at java.rmi/sun.rmi.server.UnicastServerRef.dispatch(UnicastServerRef.java:339)
	... 12 common frames omitted
Caused by: java.lang.IllegalArgumentException: expect to get instruction without BasicBlock already set
	at org.evosuite.graphs.cfg.BasicBlock.appendInstruction(BasicBlock.java:225)
	at org.evosuite.graphs.cfg.BasicBlock.setInstructions(BasicBlock.java:206)
	at org.evosuite.graphs.cfg.BasicBlock.<init>(BasicBlock.java:106)
	at org.evosuite.graphs.cfg.RawControlFlowGraph.determineBasicBlockFor(RawControlFlowGraph.java:314)
	at org.evosuite.graphs.cfg.ActualControlFlowGraph.computeNodes(ActualControlFlowGraph.java:295)
	at org.evosuite.graphs.cfg.ActualControlFlowGraph.computeGraph(ActualControlFlowGraph.java:262)
	at org.evosuite.graphs.cfg.ActualControlFlowGraph.<init>(ActualControlFlowGraph.java:97)
	at org.evosuite.graphs.cfg.CFGGenerator.computeActualCFG(CFGGenerator.java:218)
	at org.evosuite.graphs.cfg.CFGGenerator.registerCFGs(CFGGenerator.java:102)
	at org.evosuite.graphs.cfg.CFGMethodAdapter.visitEnd(CFGMethodAdapter.java:219)
	at org.evosuite.shaded.org.objectweb.asm.MethodVisitor.visitEnd(MethodVisitor.java:783)
	at org.evosuite.shaded.org.objectweb.asm.MethodVisitor.visitEnd(MethodVisitor.java:783)
	at org.evosuite.shaded.org.objectweb.asm.MethodVisitor.visitEnd(MethodVisitor.java:783)
	at org.evosuite.shaded.org.objectweb.asm.tree.MethodNode.accept(MethodNode.java:772)
	at org.evosuite.shaded.org.objectweb.asm.tree.MethodNode.accept(MethodNode.java:649)
	at org.evosuite.shaded.org.objectweb.asm.tree.ClassNode.accept(ClassNode.java:452)
	at org.evosuite.instrumentation.BytecodeInstrumentation.transformBytes(BytecodeInstrumentation.java:282)
	at org.evosuite.instrumentation.InstrumentingClassLoader.getTransformedBytes(InstrumentingClassLoader.java:135)
	at org.evosuite.instrumentation.InstrumentingClassLoader.instrumentClass(InstrumentingClassLoader.java:149)
	... 77 common frames omitted
[Progress:========>                     27%] [Cov:===============>                   44%][Progress:========>                     28%] [Cov:==============>                    42%][MASTER] 12:35:19.986 [logback-1] WARN  ClientNodeImpl - Cannot send statistics to master; continuing without statistics
java.rmi.ServerException: RemoteException occurred in server thread; nested exception is: 
	java.rmi.UnmarshalException: error unmarshalling arguments; nested exception is: 
	java.lang.ClassNotFoundException: expect to get instruction without BasicBlock already set
	at java.rmi/sun.rmi.server.UnicastServerRef.dispatch(UnicastServerRef.java:391)
	at java.rmi/sun.rmi.transport.Transport$1.run(Transport.java:200)
	at java.rmi/sun.rmi.transport.Transport$1.run(Transport.java:197)
	at java.base/java.security.AccessController.doPrivileged(Native Method)
	at java.rmi/sun.rmi.transport.Transport.serviceCall(Transport.java:196)
	at java.rmi/sun.rmi.transport.tcp.TCPTransport.handleMessages(TCPTransport.java:562)
	at java.rmi/sun.rmi.transport.tcp.TCPTransport$ConnectionHandler.run0(TCPTransport.java:796)
	at java.rmi/sun.rmi.transport.tcp.TCPTransport$ConnectionHandler.lambda$run$0(TCPTransport.java:677)
	at java.base/java.security.AccessController.doPrivileged(Native Method)
	at java.rmi/sun.rmi.transport.tcp.TCPTransport$ConnectionHandler.run(TCPTransport.java:676)
	at java.base/java.util.concurrent.ThreadPoolExecutor.runWorker(ThreadPoolExecutor.java:1128)
	at java.base/java.util.concurrent.ThreadPoolExecutor$Worker.run(ThreadPoolExecutor.java:628)
	at java.base/java.lang.Thread.run(Thread.java:829)
	at java.rmi/sun.rmi.transport.StreamRemoteCall.exceptionReceivedFromServer(StreamRemoteCall.java:303)
	at java.rmi/sun.rmi.transport.StreamRemoteCall.executeCall(StreamRemoteCall.java:279)
	at java.rmi/sun.rmi.server.UnicastRef.invoke(UnicastRef.java:164)
	at java.rmi/java.rmi.server.RemoteObjectInvocationHandler.invokeRemoteMethod(RemoteObjectInvocationHandler.java:217)
	at java.rmi/java.rmi.server.RemoteObjectInvocationHandler.invoke(RemoteObjectInvocationHandler.java:162)
	at com.sun.proxy.$Proxy7.evosuite_collectStatistics(Unknown Source)
	at org.evosuite.rmi.service.ClientNodeImpl.updateStatistics(ClientNodeImpl.java:251)
	at org.evosuite.statistics.StatisticsSender.sendIndividualToMaster(StatisticsSender.java:62)
	at org.evosuite.statistics.StatisticsListener.lambda$new$0(StatisticsListener.java:76)
	at java.base/java.lang.Thread.run(Thread.java:829)
Caused by: java.rmi.UnmarshalException: error unmarshalling arguments; nested exception is: 
	java.lang.ClassNotFoundException: expect to get instruction without BasicBlock already set
	at java.rmi/sun.rmi.server.UnicastServerRef.dispatch(UnicastServerRef.java:350)
	at java.rmi/sun.rmi.transport.Transport$1.run(Transport.java:200)
	at java.rmi/sun.rmi.transport.Transport$1.run(Transport.java:197)
	at java.base/java.security.AccessController.doPrivileged(Native Method)
	at java.rmi/sun.rmi.transport.Transport.serviceCall(Transport.java:196)
	at java.rmi/sun.rmi.transport.tcp.TCPTransport.handleMessages(TCPTransport.java:562)
	at java.rmi/sun.rmi.transport.tcp.TCPTransport$ConnectionHandler.run0(TCPTransport.java:796)
	at java.rmi/sun.rmi.transport.tcp.TCPTransport$ConnectionHandler.lambda$run$0(TCPTransport.java:677)
	at java.base/java.security.AccessController.doPrivileged(Native Method)
	at java.rmi/sun.rmi.transport.tcp.TCPTransport$ConnectionHandler.run(TCPTransport.java:676)
	at java.base/java.util.concurrent.ThreadPoolExecutor.runWorker(ThreadPoolExecutor.java:1128)
	at java.base/java.util.concurrent.ThreadPoolExecutor$Worker.run(ThreadPoolExecutor.java:628)
	... 1 common frames omitted
Caused by: java.lang.ClassNotFoundException: expect to get instruction without BasicBlock already set
	at org.evosuite.instrumentation.InstrumentingClassLoader.instrumentClass(InstrumentingClassLoader.java:158)
	at org.evosuite.instrumentation.InstrumentingClassLoader.loadClass(InstrumentingClassLoader.java:126)
	at org.evosuite.utils.generic.GenericClassImpl.getClass(GenericClassImpl.java:139)
	at org.evosuite.utils.generic.GenericClassImpl.getClass(GenericClassImpl.java:105)
	at org.evosuite.utils.generic.GenericClassImpl.readObject(GenericClassImpl.java:1671)
	at jdk.internal.reflect.GeneratedMethodAccessor9.invoke(Unknown Source)
	at java.base/jdk.internal.reflect.DelegatingMethodAccessorImpl.invoke(DelegatingMethodAccessorImpl.java:43)
	at java.base/java.lang.reflect.Method.invoke(Method.java:566)
	at java.base/java.io.ObjectStreamClass.invokeReadObject(ObjectStreamClass.java:1046)
	at java.base/java.io.ObjectInputStream.readSerialData(ObjectInputStream.java:2357)
	at java.base/java.io.ObjectInputStream.readOrdinaryObject(ObjectInputStream.java:2228)
	at java.base/java.io.ObjectInputStream.readObject0(ObjectInputStream.java:1687)
	at java.base/java.io.ObjectInputStream.defaultReadFields(ObjectInputStream.java:2496)
	at java.base/java.io.ObjectInputStream.readSerialData(ObjectInputStream.java:2390)
	at java.base/java.io.ObjectInputStream.readOrdinaryObject(ObjectInputStream.java:2228)
	at java.base/java.io.ObjectInputStream.readObject0(ObjectInputStream.java:1687)
	at java.base/java.io.ObjectInputStream.defaultReadFields(ObjectInputStream.java:2496)
	at java.base/java.io.ObjectInputStream.readSerialData(ObjectInputStream.java:2390)
	at java.base/java.io.ObjectInputStream.readOrdinaryObject(ObjectInputStream.java:2228)
	at java.base/java.io.ObjectInputStream.readObject0(ObjectInputStream.java:1687)
	at java.base/java.io.ObjectInputStream.readObject(ObjectInputStream.java:489)
	at java.base/java.io.ObjectInputStream.readObject(ObjectInputStream.java:447)
	at java.base/java.util.ArrayList.readObject(ArrayList.java:929)
	at java.base/jdk.internal.reflect.GeneratedMethodAccessor7.invoke(Unknown Source)
	at java.base/jdk.internal.reflect.DelegatingMethodAccessorImpl.invoke(DelegatingMethodAccessorImpl.java:43)
	at java.base/java.lang.reflect.Method.invoke(Method.java:566)
	at java.base/java.io.ObjectStreamClass.invokeReadObject(ObjectStreamClass.java:1046)
	at java.base/java.io.ObjectInputStream.readSerialData(ObjectInputStream.java:2357)
	at java.base/java.io.ObjectInputStream.readOrdinaryObject(ObjectInputStream.java:2228)
	at java.base/java.io.ObjectInputStream.readObject0(ObjectInputStream.java:1687)
	at java.base/java.io.ObjectInputStream.defaultReadFields(ObjectInputStream.java:2496)
	at java.base/java.io.ObjectInputStream.readSerialData(ObjectInputStream.java:2390)
	at java.base/java.io.ObjectInputStream.readOrdinaryObject(ObjectInputStream.java:2228)
	at java.base/java.io.ObjectInputStream.readObject0(ObjectInputStream.java:1687)
	at java.base/java.io.ObjectInputStream.defaultReadFields(ObjectInputStream.java:2496)
	at java.base/java.io.ObjectInputStream.defaultReadObject(ObjectInputStream.java:625)
	at org.evosuite.testcase.DefaultTestCase.readObject(DefaultTestCase.java:1217)
	at jdk.internal.reflect.GeneratedMethodAccessor15.invoke(Unknown Source)
	at java.base/jdk.internal.reflect.DelegatingMethodAccessorImpl.invoke(DelegatingMethodAccessorImpl.java:43)
	at java.base/java.lang.reflect.Method.invoke(Method.java:566)
	at java.base/java.io.ObjectStreamClass.invokeReadObject(ObjectStreamClass.java:1046)
	at java.base/java.io.ObjectInputStream.readSerialData(ObjectInputStream.java:2357)
	at java.base/java.io.ObjectInputStream.readOrdinaryObject(ObjectInputStream.java:2228)
	at java.base/java.io.ObjectInputStream.readObject0(ObjectInputStream.java:1687)
	at java.base/java.io.ObjectInputStream.defaultReadFields(ObjectInputStream.java:2496)
	at java.base/java.io.ObjectInputStream.readSerialData(ObjectInputStream.java:2390)
	at java.base/java.io.ObjectInputStream.readOrdinaryObject(ObjectInputStream.java:2228)
	at java.base/java.io.ObjectInputStream.readObject0(ObjectInputStream.java:1687)
	at java.base/java.io.ObjectInputStream.readObject(ObjectInputStream.java:489)
	at java.base/java.io.ObjectInputStream.readObject(ObjectInputStream.java:447)
	at java.base/java.util.ArrayList.readObject(ArrayList.java:929)
	at java.base/jdk.internal.reflect.GeneratedMethodAccessor7.invoke(Unknown Source)
	at java.base/jdk.internal.reflect.DelegatingMethodAccessorImpl.invoke(DelegatingMethodAccessorImpl.java:43)
	at java.base/java.lang.reflect.Method.invoke(Method.java:566)
	at java.base/java.io.ObjectStreamClass.invokeReadObject(ObjectStreamClass.java:1046)
	at java.base/java.io.ObjectInputStream.readSerialData(ObjectInputStream.java:2357)
	at java.base/java.io.ObjectInputStream.readOrdinaryObject(ObjectInputStream.java:2228)
	at java.base/java.io.ObjectInputStream.readObject0(ObjectInputStream.java:1687)
	at java.base/java.io.ObjectInputStream.defaultReadFields(ObjectInputStream.java:2496)
	at java.base/java.io.ObjectInputStream.readSerialData(ObjectInputStream.java:2390)
	at java.base/java.io.ObjectInputStream.readOrdinaryObject(ObjectInputStream.java:2228)
	at java.base/java.io.ObjectInputStream.readObject0(ObjectInputStream.java:1687)
	at java.base/java.io.ObjectInputStream.readObject(ObjectInputStream.java:489)
	at java.base/java.io.ObjectInputStream.readObject(ObjectInputStream.java:447)
	at java.rmi/sun.rmi.server.UnicastRef.unmarshalValue(UnicastRef.java:327)
	at java.rmi/sun.rmi.server.UnicastServerRef.dispatch(UnicastServerRef.java:339)
	... 12 common frames omitted
Caused by: java.lang.IllegalArgumentException: expect to get instruction without BasicBlock already set
	at org.evosuite.graphs.cfg.BasicBlock.appendInstruction(BasicBlock.java:225)
	at org.evosuite.graphs.cfg.BasicBlock.setInstructions(BasicBlock.java:206)
	at org.evosuite.graphs.cfg.BasicBlock.<init>(BasicBlock.java:106)
	at org.evosuite.graphs.cfg.RawControlFlowGraph.determineBasicBlockFor(RawControlFlowGraph.java:314)
	at org.evosuite.graphs.cfg.ActualControlFlowGraph.computeNodes(ActualControlFlowGraph.java:295)
	at org.evosuite.graphs.cfg.ActualControlFlowGraph.computeGraph(ActualControlFlowGraph.java:262)
	at org.evosuite.graphs.cfg.ActualControlFlowGraph.<init>(ActualControlFlowGraph.java:97)
	at org.evosuite.graphs.cfg.CFGGenerator.computeActualCFG(CFGGenerator.java:218)
	at org.evosuite.graphs.cfg.CFGGenerator.registerCFGs(CFGGenerator.java:102)
	at org.evosuite.graphs.cfg.CFGMethodAdapter.visitEnd(CFGMethodAdapter.java:219)
	at org.evosuite.shaded.org.objectweb.asm.MethodVisitor.visitEnd(MethodVisitor.java:783)
	at org.evosuite.shaded.org.objectweb.asm.MethodVisitor.visitEnd(MethodVisitor.java:783)
	at org.evosuite.shaded.org.objectweb.asm.MethodVisitor.visitEnd(MethodVisitor.java:783)
	at org.evosuite.shaded.org.objectweb.asm.tree.MethodNode.accept(MethodNode.java:772)
	at org.evosuite.shaded.org.objectweb.asm.tree.MethodNode.accept(MethodNode.java:649)
	at org.evosuite.shaded.org.objectweb.asm.tree.ClassNode.accept(ClassNode.java:452)
	at org.evosuite.instrumentation.BytecodeInstrumentation.transformBytes(BytecodeInstrumentation.java:282)
	at org.evosuite.instrumentation.InstrumentingClassLoader.getTransformedBytes(InstrumentingClassLoader.java:135)
	at org.evosuite.instrumentation.InstrumentingClassLoader.instrumentClass(InstrumentingClassLoader.java:149)
	... 77 common frames omitted
[Progress:========>                     28%] [Cov:===============>                   44%][Progress:========>                     29%] [Cov:==============>                    42%][Progress:========>                     29%] [Cov:===============>                   44%][Progress:========>                     29%] [Cov:===============>                   44%][MASTER] 12:35:21.319 [logback-1] WARN  ClientNodeImpl - Cannot send statistics to master; continuing without statistics
java.rmi.ServerException: RemoteException occurred in server thread; nested exception is: 
	java.rmi.UnmarshalException: error unmarshalling arguments; nested exception is: 
	java.lang.ClassNotFoundException: expect to get instruction without BasicBlock already set
	at java.rmi/sun.rmi.server.UnicastServerRef.dispatch(UnicastServerRef.java:391)
	at java.rmi/sun.rmi.transport.Transport$1.run(Transport.java:200)
	at java.rmi/sun.rmi.transport.Transport$1.run(Transport.java:197)
	at java.base/java.security.AccessController.doPrivileged(Native Method)
	at java.rmi/sun.rmi.transport.Transport.serviceCall(Transport.java:196)
	at java.rmi/sun.rmi.transport.tcp.TCPTransport.handleMessages(TCPTransport.java:562)
	at java.rmi/sun.rmi.transport.tcp.TCPTransport$ConnectionHandler.run0(TCPTransport.java:796)
	at java.rmi/sun.rmi.transport.tcp.TCPTransport$ConnectionHandler.lambda$run$0(TCPTransport.java:677)
	at java.base/java.security.AccessController.doPrivileged(Native Method)
	at java.rmi/sun.rmi.transport.tcp.TCPTransport$ConnectionHandler.run(TCPTransport.java:676)
	at java.base/java.util.concurrent.ThreadPoolExecutor.runWorker(ThreadPoolExecutor.java:1128)
	at java.base/java.util.concurrent.ThreadPoolExecutor$Worker.run(ThreadPoolExecutor.java:628)
	at java.base/java.lang.Thread.run(Thread.java:829)
	at java.rmi/sun.rmi.transport.StreamRemoteCall.exceptionReceivedFromServer(StreamRemoteCall.java:303)
	at java.rmi/sun.rmi.transport.StreamRemoteCall.executeCall(StreamRemoteCall.java:279)
	at java.rmi/sun.rmi.server.UnicastRef.invoke(UnicastRef.java:164)
	at java.rmi/java.rmi.server.RemoteObjectInvocationHandler.invokeRemoteMethod(RemoteObjectInvocationHandler.java:217)
	at java.rmi/java.rmi.server.RemoteObjectInvocationHandler.invoke(RemoteObjectInvocationHandler.java:162)
	at com.sun.proxy.$Proxy7.evosuite_collectStatistics(Unknown Source)
	at org.evosuite.rmi.service.ClientNodeImpl.updateStatistics(ClientNodeImpl.java:251)
	at org.evosuite.statistics.StatisticsSender.sendIndividualToMaster(StatisticsSender.java:62)
	at org.evosuite.statistics.StatisticsListener.lambda$new$0(StatisticsListener.java:76)
	at java.base/java.lang.Thread.run(Thread.java:829)
Caused by: java.rmi.UnmarshalException: error unmarshalling arguments; nested exception is: 
	java.lang.ClassNotFoundException: expect to get instruction without BasicBlock already set
	at java.rmi/sun.rmi.server.UnicastServerRef.dispatch(UnicastServerRef.java:350)
	at java.rmi/sun.rmi.transport.Transport$1.run(Transport.java:200)
	at java.rmi/sun.rmi.transport.Transport$1.run(Transport.java:197)
	at java.base/java.security.AccessController.doPrivileged(Native Method)
	at java.rmi/sun.rmi.transport.Transport.serviceCall(Transport.java:196)
	at java.rmi/sun.rmi.transport.tcp.TCPTransport.handleMessages(TCPTransport.java:562)
	at java.rmi/sun.rmi.transport.tcp.TCPTransport$ConnectionHandler.run0(TCPTransport.java:796)
	at java.rmi/sun.rmi.transport.tcp.TCPTransport$ConnectionHandler.lambda$run$0(TCPTransport.java:677)
	at java.base/java.security.AccessController.doPrivileged(Native Method)
	at java.rmi/sun.rmi.transport.tcp.TCPTransport$ConnectionHandler.run(TCPTransport.java:676)
	at java.base/java.util.concurrent.ThreadPoolExecutor.runWorker(ThreadPoolExecutor.java:1128)
	at java.base/java.util.concurrent.ThreadPoolExecutor$Worker.run(ThreadPoolExecutor.java:628)
	... 1 common frames omitted
Caused by: java.lang.ClassNotFoundException: expect to get instruction without BasicBlock already set
	at org.evosuite.instrumentation.InstrumentingClassLoader.instrumentClass(InstrumentingClassLoader.java:158)
	at org.evosuite.instrumentation.InstrumentingClassLoader.loadClass(InstrumentingClassLoader.java:126)
	at org.evosuite.utils.generic.GenericClassImpl.getClass(GenericClassImpl.java:139)
	at org.evosuite.utils.generic.GenericClassImpl.getClass(GenericClassImpl.java:105)
	at org.evosuite.utils.generic.GenericClassImpl.readObject(GenericClassImpl.java:1671)
	at jdk.internal.reflect.GeneratedMethodAccessor9.invoke(Unknown Source)
	at java.base/jdk.internal.reflect.DelegatingMethodAccessorImpl.invoke(DelegatingMethodAccessorImpl.java:43)
	at java.base/java.lang.reflect.Method.invoke(Method.java:566)
	at java.base/java.io.ObjectStreamClass.invokeReadObject(ObjectStreamClass.java:1046)
	at java.base/java.io.ObjectInputStream.readSerialData(ObjectInputStream.java:2357)
	at java.base/java.io.ObjectInputStream.readOrdinaryObject(ObjectInputStream.java:2228)
	at java.base/java.io.ObjectInputStream.readObject0(ObjectInputStream.java:1687)
	at java.base/java.io.ObjectInputStream.defaultReadFields(ObjectInputStream.java:2496)
	at java.base/java.io.ObjectInputStream.readSerialData(ObjectInputStream.java:2390)
	at java.base/java.io.ObjectInputStream.readOrdinaryObject(ObjectInputStream.java:2228)
	at java.base/java.io.ObjectInputStream.readObject0(ObjectInputStream.java:1687)
	at java.base/java.io.ObjectInputStream.defaultReadFields(ObjectInputStream.java:2496)
	at java.base/java.io.ObjectInputStream.readSerialData(ObjectInputStream.java:2390)
	at java.base/java.io.ObjectInputStream.readOrdinaryObject(ObjectInputStream.java:2228)
	at java.base/java.io.ObjectInputStream.readObject0(ObjectInputStream.java:1687)
	at java.base/java.io.ObjectInputStream.readObject(ObjectInputStream.java:489)
	at java.base/java.io.ObjectInputStream.readObject(ObjectInputStream.java:447)
	at java.base/java.util.ArrayList.readObject(ArrayList.java:929)
	at java.base/jdk.internal.reflect.GeneratedMethodAccessor7.invoke(Unknown Source)
	at java.base/jdk.internal.reflect.DelegatingMethodAccessorImpl.invoke(DelegatingMethodAccessorImpl.java:43)
	at java.base/java.lang.reflect.Method.invoke(Method.java:566)
	at java.base/java.io.ObjectStreamClass.invokeReadObject(ObjectStreamClass.java:1046)
	at java.base/java.io.ObjectInputStream.readSerialData(ObjectInputStream.java:2357)
	at java.base/java.io.ObjectInputStream.readOrdinaryObject(ObjectInputStream.java:2228)
	at java.base/java.io.ObjectInputStream.readObject0(ObjectInputStream.java:1687)
	at java.base/java.io.ObjectInputStream.defaultReadFields(ObjectInputStream.java:2496)
	at java.base/java.io.ObjectInputStream.readSerialData(ObjectInputStream.java:2390)
	at java.base/java.io.ObjectInputStream.readOrdinaryObject(ObjectInputStream.java:2228)
	at java.base/java.io.ObjectInputStream.readObject0(ObjectInputStream.java:1687)
	at java.base/java.io.ObjectInputStream.defaultReadFields(ObjectInputStream.java:2496)
	at java.base/java.io.ObjectInputStream.defaultReadObject(ObjectInputStream.java:625)
	at org.evosuite.testcase.DefaultTestCase.readObject(DefaultTestCase.java:1217)
	at jdk.internal.reflect.GeneratedMethodAccessor15.invoke(Unknown Source)
	at java.base/jdk.internal.reflect.DelegatingMethodAccessorImpl.invoke(DelegatingMethodAccessorImpl.java:43)
	at java.base/java.lang.reflect.Method.invoke(Method.java:566)
	at java.base/java.io.ObjectStreamClass.invokeReadObject(ObjectStreamClass.java:1046)
	at java.base/java.io.ObjectInputStream.readSerialData(ObjectInputStream.java:2357)
	at java.base/java.io.ObjectInputStream.readOrdinaryObject(ObjectInputStream.java:2228)
	at java.base/java.io.ObjectInputStream.readObject0(ObjectInputStream.java:1687)
	at java.base/java.io.ObjectInputStream.defaultReadFields(ObjectInputStream.java:2496)
	at java.base/java.io.ObjectInputStream.readSerialData(ObjectInputStream.java:2390)
	at java.base/java.io.ObjectInputStream.readOrdinaryObject(ObjectInputStream.java:2228)
	at java.base/java.io.ObjectInputStream.readObject0(ObjectInputStream.java:1687)
	at java.base/java.io.ObjectInputStream.readObject(ObjectInputStream.java:489)
	at java.base/java.io.ObjectInputStream.readObject(ObjectInputStream.java:447)
	at java.base/java.util.ArrayList.readObject(ArrayList.java:929)
	at java.base/jdk.internal.reflect.GeneratedMethodAccessor7.invoke(Unknown Source)
	at java.base/jdk.internal.reflect.DelegatingMethodAccessorImpl.invoke(DelegatingMethodAccessorImpl.java:43)
	at java.base/java.lang.reflect.Method.invoke(Method.java:566)
	at java.base/java.io.ObjectStreamClass.invokeReadObject(ObjectStreamClass.java:1046)
	at java.base/java.io.ObjectInputStream.readSerialData(ObjectInputStream.java:2357)
	at java.base/java.io.ObjectInputStream.readOrdinaryObject(ObjectInputStream.java:2228)
	at java.base/java.io.ObjectInputStream.readObject0(ObjectInputStream.java:1687)
	at java.base/java.io.ObjectInputStream.defaultReadFields(ObjectInputStream.java:2496)
	at java.base/java.io.ObjectInputStream.readSerialData(ObjectInputStream.java:2390)
	at java.base/java.io.ObjectInputStream.readOrdinaryObject(ObjectInputStream.java:2228)
	at java.base/java.io.ObjectInputStream.readObject0(ObjectInputStream.java:1687)
	at java.base/java.io.ObjectInputStream.readObject(ObjectInputStream.java:489)
	at java.base/java.io.ObjectInputStream.readObject(ObjectInputStream.java:447)
	at java.rmi/sun.rmi.server.UnicastRef.unmarshalValue(UnicastRef.java:327)
	at java.rmi/sun.rmi.server.UnicastServerRef.dispatch(UnicastServerRef.java:339)
	... 12 common frames omitted
Caused by: java.lang.IllegalArgumentException: expect to get instruction without BasicBlock already set
	at org.evosuite.graphs.cfg.BasicBlock.appendInstruction(BasicBlock.java:225)
	at org.evosuite.graphs.cfg.BasicBlock.setInstructions(BasicBlock.java:206)
	at org.evosuite.graphs.cfg.BasicBlock.<init>(BasicBlock.java:106)
	at org.evosuite.graphs.cfg.RawControlFlowGraph.determineBasicBlockFor(RawControlFlowGraph.java:314)
	at org.evosuite.graphs.cfg.ActualControlFlowGraph.computeNodes(ActualControlFlowGraph.java:295)
	at org.evosuite.graphs.cfg.ActualControlFlowGraph.computeGraph(ActualControlFlowGraph.java:262)
	at org.evosuite.graphs.cfg.ActualControlFlowGraph.<init>(ActualControlFlowGraph.java:97)
	at org.evosuite.graphs.cfg.CFGGenerator.computeActualCFG(CFGGenerator.java:218)
	at org.evosuite.graphs.cfg.CFGGenerator.registerCFGs(CFGGenerator.java:102)
	at org.evosuite.graphs.cfg.CFGMethodAdapter.visitEnd(CFGMethodAdapter.java:219)
	at org.evosuite.shaded.org.objectweb.asm.MethodVisitor.visitEnd(MethodVisitor.java:783)
	at org.evosuite.shaded.org.objectweb.asm.MethodVisitor.visitEnd(MethodVisitor.java:783)
	at org.evosuite.shaded.org.objectweb.asm.MethodVisitor.visitEnd(MethodVisitor.java:783)
	at org.evosuite.shaded.org.objectweb.asm.tree.MethodNode.accept(MethodNode.java:772)
	at org.evosuite.shaded.org.objectweb.asm.tree.MethodNode.accept(MethodNode.java:649)
	at org.evosuite.shaded.org.objectweb.asm.tree.ClassNode.accept(ClassNode.java:452)
	at org.evosuite.instrumentation.BytecodeInstrumentation.transformBytes(BytecodeInstrumentation.java:282)
	at org.evosuite.instrumentation.InstrumentingClassLoader.getTransformedBytes(InstrumentingClassLoader.java:135)
	at org.evosuite.instrumentation.InstrumentingClassLoader.instrumentClass(InstrumentingClassLoader.java:149)
	... 77 common frames omitted
[Progress:=========>                    30%] [Cov:===============>                   44%][MASTER] 12:35:22.921 [logback-1] WARN  ClientNodeImpl - Cannot send statistics to master; continuing without statistics
java.rmi.ServerException: RemoteException occurred in server thread; nested exception is: 
	java.rmi.UnmarshalException: error unmarshalling arguments; nested exception is: 
	java.lang.ClassNotFoundException: expect to get instruction without BasicBlock already set
	at java.rmi/sun.rmi.server.UnicastServerRef.dispatch(UnicastServerRef.java:391)
	at java.rmi/sun.rmi.transport.Transport$1.run(Transport.java:200)
	at java.rmi/sun.rmi.transport.Transport$1.run(Transport.java:197)
	at java.base/java.security.AccessController.doPrivileged(Native Method)
	at java.rmi/sun.rmi.transport.Transport.serviceCall(Transport.java:196)
	at java.rmi/sun.rmi.transport.tcp.TCPTransport.handleMessages(TCPTransport.java:562)
	at java.rmi/sun.rmi.transport.tcp.TCPTransport$ConnectionHandler.run0(TCPTransport.java:796)
	at java.rmi/sun.rmi.transport.tcp.TCPTransport$ConnectionHandler.lambda$run$0(TCPTransport.java:677)
	at java.base/java.security.AccessController.doPrivileged(Native Method)
	at java.rmi/sun.rmi.transport.tcp.TCPTransport$ConnectionHandler.run(TCPTransport.java:676)
	at java.base/java.util.concurrent.ThreadPoolExecutor.runWorker(ThreadPoolExecutor.java:1128)
	at java.base/java.util.concurrent.ThreadPoolExecutor$Worker.run(ThreadPoolExecutor.java:628)
	at java.base/java.lang.Thread.run(Thread.java:829)
	at java.rmi/sun.rmi.transport.StreamRemoteCall.exceptionReceivedFromServer(StreamRemoteCall.java:303)
	at java.rmi/sun.rmi.transport.StreamRemoteCall.executeCall(StreamRemoteCall.java:279)
	at java.rmi/sun.rmi.server.UnicastRef.invoke(UnicastRef.java:164)
	at java.rmi/java.rmi.server.RemoteObjectInvocationHandler.invokeRemoteMethod(RemoteObjectInvocationHandler.java:217)
	at java.rmi/java.rmi.server.RemoteObjectInvocationHandler.invoke(RemoteObjectInvocationHandler.java:162)
	at com.sun.proxy.$Proxy7.evosuite_collectStatistics(Unknown Source)
	at org.evosuite.rmi.service.ClientNodeImpl.updateStatistics(ClientNodeImpl.java:251)
	at org.evosuite.statistics.StatisticsSender.sendIndividualToMaster(StatisticsSender.java:62)
	at org.evosuite.statistics.StatisticsListener.lambda$new$0(StatisticsListener.java:76)
	at java.base/java.lang.Thread.run(Thread.java:829)
Caused by: java.rmi.UnmarshalException: error unmarshalling arguments; nested exception is: 
	java.lang.ClassNotFoundException: expect to get instruction without BasicBlock already set
	at java.rmi/sun.rmi.server.UnicastServerRef.dispatch(UnicastServerRef.java:350)
	at java.rmi/sun.rmi.transport.Transport$1.run(Transport.java:200)
	at java.rmi/sun.rmi.transport.Transport$1.run(Transport.java:197)
	at java.base/java.security.AccessController.doPrivileged(Native Method)
	at java.rmi/sun.rmi.transport.Transport.serviceCall(Transport.java:196)
	at java.rmi/sun.rmi.transport.tcp.TCPTransport.handleMessages(TCPTransport.java:562)
	at java.rmi/sun.rmi.transport.tcp.TCPTransport$ConnectionHandler.run0(TCPTransport.java:796)
	at java.rmi/sun.rmi.transport.tcp.TCPTransport$ConnectionHandler.lambda$run$0(TCPTransport.java:677)
	at java.base/java.security.AccessController.doPrivileged(Native Method)
	at java.rmi/sun.rmi.transport.tcp.TCPTransport$ConnectionHandler.run(TCPTransport.java:676)
	at java.base/java.util.concurrent.ThreadPoolExecutor.runWorker(ThreadPoolExecutor.java:1128)
	at java.base/java.util.concurrent.ThreadPoolExecutor$Worker.run(ThreadPoolExecutor.java:628)
	... 1 common frames omitted
Caused by: java.lang.ClassNotFoundException: expect to get instruction without BasicBlock already set
	at org.evosuite.instrumentation.InstrumentingClassLoader.instrumentClass(InstrumentingClassLoader.java:158)
	at org.evosuite.instrumentation.InstrumentingClassLoader.loadClass(InstrumentingClassLoader.java:126)
	at org.evosuite.utils.generic.GenericClassImpl.getClass(GenericClassImpl.java:139)
	at org.evosuite.utils.generic.GenericClassImpl.getClass(GenericClassImpl.java:105)
	at org.evosuite.utils.generic.GenericClassImpl.readObject(GenericClassImpl.java:1671)
	at jdk.internal.reflect.GeneratedMethodAccessor9.invoke(Unknown Source)
	at java.base/jdk.internal.reflect.DelegatingMethodAccessorImpl.invoke(DelegatingMethodAccessorImpl.java:43)
	at java.base/java.lang.reflect.Method.invoke(Method.java:566)
	at java.base/java.io.ObjectStreamClass.invokeReadObject(ObjectStreamClass.java:1046)
	at java.base/java.io.ObjectInputStream.readSerialData(ObjectInputStream.java:2357)
	at java.base/java.io.ObjectInputStream.readOrdinaryObject(ObjectInputStream.java:2228)
	at java.base/java.io.ObjectInputStream.readObject0(ObjectInputStream.java:1687)
	at java.base/java.io.ObjectInputStream.defaultReadFields(ObjectInputStream.java:2496)
	at java.base/java.io.ObjectInputStream.readSerialData(ObjectInputStream.java:2390)
	at java.base/java.io.ObjectInputStream.readOrdinaryObject(ObjectInputStream.java:2228)
	at java.base/java.io.ObjectInputStream.readObject0(ObjectInputStream.java:1687)
	at java.base/java.io.ObjectInputStream.defaultReadFields(ObjectInputStream.java:2496)
	at java.base/java.io.ObjectInputStream.readSerialData(ObjectInputStream.java:2390)
	at java.base/java.io.ObjectInputStream.readOrdinaryObject(ObjectInputStream.java:2228)
	at java.base/java.io.ObjectInputStream.readObject0(ObjectInputStream.java:1687)
	at java.base/java.io.ObjectInputStream.readObject(ObjectInputStream.java:489)
	at java.base/java.io.ObjectInputStream.readObject(ObjectInputStream.java:447)
	at java.base/java.util.ArrayList.readObject(ArrayList.java:929)
	at java.base/jdk.internal.reflect.GeneratedMethodAccessor7.invoke(Unknown Source)
	at java.base/jdk.internal.reflect.DelegatingMethodAccessorImpl.invoke(DelegatingMethodAccessorImpl.java:43)
	at java.base/java.lang.reflect.Method.invoke(Method.java:566)
	at java.base/java.io.ObjectStreamClass.invokeReadObject(ObjectStreamClass.java:1046)
	at java.base/java.io.ObjectInputStream.readSerialData(ObjectInputStream.java:2357)
	at java.base/java.io.ObjectInputStream.readOrdinaryObject(ObjectInputStream.java:2228)
	at java.base/java.io.ObjectInputStream.readObject0(ObjectInputStream.java:1687)
	at java.base/java.io.ObjectInputStream.defaultReadFields(ObjectInputStream.java:2496)
	at java.base/java.io.ObjectInputStream.readSerialData(ObjectInputStream.java:2390)
	at java.base/java.io.ObjectInputStream.readOrdinaryObject(ObjectInputStream.java:2228)
	at java.base/java.io.ObjectInputStream.readObject0(ObjectInputStream.java:1687)
	at java.base/java.io.ObjectInputStream.defaultReadFields(ObjectInputStream.java:2496)
	at java.base/java.io.ObjectInputStream.defaultReadObject(ObjectInputStream.java:625)
	at org.evosuite.testcase.DefaultTestCase.readObject(DefaultTestCase.java:1217)
	at jdk.internal.reflect.GeneratedMethodAccessor15.invoke(Unknown Source)
	at java.base/jdk.internal.reflect.DelegatingMethodAccessorImpl.invoke(DelegatingMethodAccessorImpl.java:43)
	at java.base/java.lang.reflect.Method.invoke(Method.java:566)
	at java.base/java.io.ObjectStreamClass.invokeReadObject(ObjectStreamClass.java:1046)
	at java.base/java.io.ObjectInputStream.readSerialData(ObjectInputStream.java:2357)
	at java.base/java.io.ObjectInputStream.readOrdinaryObject(ObjectInputStream.java:2228)
	at java.base/java.io.ObjectInputStream.readObject0(ObjectInputStream.java:1687)
	at java.base/java.io.ObjectInputStream.defaultReadFields(ObjectInputStream.java:2496)
	at java.base/java.io.ObjectInputStream.readSerialData(ObjectInputStream.java:2390)
	at java.base/java.io.ObjectInputStream.readOrdinaryObject(ObjectInputStream.java:2228)
	at java.base/java.io.ObjectInputStream.readObject0(ObjectInputStream.java:1687)
	at java.base/java.io.ObjectInputStream.readObject(ObjectInputStream.java:489)
	at java.base/java.io.ObjectInputStream.readObject(ObjectInputStream.java:447)
	at java.base/java.util.ArrayList.readObject(ArrayList.java:929)
	at java.base/jdk.internal.reflect.GeneratedMethodAccessor7.invoke(Unknown Source)
	at java.base/jdk.internal.reflect.DelegatingMethodAccessorImpl.invoke(DelegatingMethodAccessorImpl.java:43)
	at java.base/java.lang.reflect.Method.invoke(Method.java:566)
	at java.base/java.io.ObjectStreamClass.invokeReadObject(ObjectStreamClass.java:1046)
	at java.base/java.io.ObjectInputStream.readSerialData(ObjectInputStream.java:2357)
	at java.base/java.io.ObjectInputStream.readOrdinaryObject(ObjectInputStream.java:2228)
	at java.base/java.io.ObjectInputStream.readObject0(ObjectInputStream.java:1687)
	at java.base/java.io.ObjectInputStream.defaultReadFields(ObjectInputStream.java:2496)
	at java.base/java.io.ObjectInputStream.readSerialData(ObjectInputStream.java:2390)
	at java.base/java.io.ObjectInputStream.readOrdinaryObject(ObjectInputStream.java:2228)
	at java.base/java.io.ObjectInputStream.readObject0(ObjectInputStream.java:1687)
	at java.base/java.io.ObjectInputStream.readObject(ObjectInputStream.java:489)
	at java.base/java.io.ObjectInputStream.readObject(ObjectInputStream.java:447)
	at java.rmi/sun.rmi.server.UnicastRef.unmarshalValue(UnicastRef.java:327)
	at java.rmi/sun.rmi.server.UnicastServerRef.dispatch(UnicastServerRef.java:339)
	... 12 common frames omitted
Caused by: java.lang.IllegalArgumentException: expect to get instruction without BasicBlock already set
	at org.evosuite.graphs.cfg.BasicBlock.appendInstruction(BasicBlock.java:225)
	at org.evosuite.graphs.cfg.BasicBlock.setInstructions(BasicBlock.java:206)
	at org.evosuite.graphs.cfg.BasicBlock.<init>(BasicBlock.java:106)
	at org.evosuite.graphs.cfg.RawControlFlowGraph.determineBasicBlockFor(RawControlFlowGraph.java:314)
	at org.evosuite.graphs.cfg.ActualControlFlowGraph.computeNodes(ActualControlFlowGraph.java:295)
	at org.evosuite.graphs.cfg.ActualControlFlowGraph.computeGraph(ActualControlFlowGraph.java:262)
	at org.evosuite.graphs.cfg.ActualControlFlowGraph.<init>(ActualControlFlowGraph.java:97)
	at org.evosuite.graphs.cfg.CFGGenerator.computeActualCFG(CFGGenerator.java:218)
	at org.evosuite.graphs.cfg.CFGGenerator.registerCFGs(CFGGenerator.java:102)
	at org.evosuite.graphs.cfg.CFGMethodAdapter.visitEnd(CFGMethodAdapter.java:219)
	at org.evosuite.shaded.org.objectweb.asm.MethodVisitor.visitEnd(MethodVisitor.java:783)
	at org.evosuite.shaded.org.objectweb.asm.MethodVisitor.visitEnd(MethodVisitor.java:783)
	at org.evosuite.shaded.org.objectweb.asm.MethodVisitor.visitEnd(MethodVisitor.java:783)
	at org.evosuite.shaded.org.objectweb.asm.tree.MethodNode.accept(MethodNode.java:772)
	at org.evosuite.shaded.org.objectweb.asm.tree.MethodNode.accept(MethodNode.java:649)
	at org.evosuite.shaded.org.objectweb.asm.tree.ClassNode.accept(ClassNode.java:452)
	at org.evosuite.instrumentation.BytecodeInstrumentation.transformBytes(BytecodeInstrumentation.java:282)
	at org.evosuite.instrumentation.InstrumentingClassLoader.getTransformedBytes(InstrumentingClassLoader.java:135)
	at org.evosuite.instrumentation.InstrumentingClassLoader.instrumentClass(InstrumentingClassLoader.java:149)
	... 77 common frames omitted
[Progress:=========>                    30%] [Cov:===============>                   44%][Progress:=========>                    31%] [Cov:===============>                   44%][Progress:=========>                    31%] [Cov:===============>                   45%][Progress:=========>                    31%] [Cov:================>                  46%][MASTER] 12:35:24.286 [logback-1] WARN  ClientNodeImpl - Cannot send statistics to master; continuing without statistics
java.rmi.ServerException: RemoteException occurred in server thread; nested exception is: 
	java.rmi.UnmarshalException: error unmarshalling arguments; nested exception is: 
	java.lang.ClassNotFoundException: expect to get instruction without BasicBlock already set
	at java.rmi/sun.rmi.server.UnicastServerRef.dispatch(UnicastServerRef.java:391)
	at java.rmi/sun.rmi.transport.Transport$1.run(Transport.java:200)
	at java.rmi/sun.rmi.transport.Transport$1.run(Transport.java:197)
	at java.base/java.security.AccessController.doPrivileged(Native Method)
	at java.rmi/sun.rmi.transport.Transport.serviceCall(Transport.java:196)
	at java.rmi/sun.rmi.transport.tcp.TCPTransport.handleMessages(TCPTransport.java:562)
	at java.rmi/sun.rmi.transport.tcp.TCPTransport$ConnectionHandler.run0(TCPTransport.java:796)
	at java.rmi/sun.rmi.transport.tcp.TCPTransport$ConnectionHandler.lambda$run$0(TCPTransport.java:677)
	at java.base/java.security.AccessController.doPrivileged(Native Method)
	at java.rmi/sun.rmi.transport.tcp.TCPTransport$ConnectionHandler.run(TCPTransport.java:676)
	at java.base/java.util.concurrent.ThreadPoolExecutor.runWorker(ThreadPoolExecutor.java:1128)
	at java.base/java.util.concurrent.ThreadPoolExecutor$Worker.run(ThreadPoolExecutor.java:628)
	at java.base/java.lang.Thread.run(Thread.java:829)
	at java.rmi/sun.rmi.transport.StreamRemoteCall.exceptionReceivedFromServer(StreamRemoteCall.java:303)
	at java.rmi/sun.rmi.transport.StreamRemoteCall.executeCall(StreamRemoteCall.java:279)
	at java.rmi/sun.rmi.server.UnicastRef.invoke(UnicastRef.java:164)
	at java.rmi/java.rmi.server.RemoteObjectInvocationHandler.invokeRemoteMethod(RemoteObjectInvocationHandler.java:217)
	at java.rmi/java.rmi.server.RemoteObjectInvocationHandler.invoke(RemoteObjectInvocationHandler.java:162)
	at com.sun.proxy.$Proxy7.evosuite_collectStatistics(Unknown Source)
	at org.evosuite.rmi.service.ClientNodeImpl.updateStatistics(ClientNodeImpl.java:251)
	at org.evosuite.statistics.StatisticsSender.sendIndividualToMaster(StatisticsSender.java:62)
	at org.evosuite.statistics.StatisticsListener.lambda$new$0(StatisticsListener.java:76)
	at java.base/java.lang.Thread.run(Thread.java:829)
Caused by: java.rmi.UnmarshalException: error unmarshalling arguments; nested exception is: 
	java.lang.ClassNotFoundException: expect to get instruction without BasicBlock already set
	at java.rmi/sun.rmi.server.UnicastServerRef.dispatch(UnicastServerRef.java:350)
	at java.rmi/sun.rmi.transport.Transport$1.run(Transport.java:200)
	at java.rmi/sun.rmi.transport.Transport$1.run(Transport.java:197)
	at java.base/java.security.AccessController.doPrivileged(Native Method)
	at java.rmi/sun.rmi.transport.Transport.serviceCall(Transport.java:196)
	at java.rmi/sun.rmi.transport.tcp.TCPTransport.handleMessages(TCPTransport.java:562)
	at java.rmi/sun.rmi.transport.tcp.TCPTransport$ConnectionHandler.run0(TCPTransport.java:796)
	at java.rmi/sun.rmi.transport.tcp.TCPTransport$ConnectionHandler.lambda$run$0(TCPTransport.java:677)
	at java.base/java.security.AccessController.doPrivileged(Native Method)
	at java.rmi/sun.rmi.transport.tcp.TCPTransport$ConnectionHandler.run(TCPTransport.java:676)
	at java.base/java.util.concurrent.ThreadPoolExecutor.runWorker(ThreadPoolExecutor.java:1128)
	at java.base/java.util.concurrent.ThreadPoolExecutor$Worker.run(ThreadPoolExecutor.java:628)
	... 1 common frames omitted
Caused by: java.lang.ClassNotFoundException: expect to get instruction without BasicBlock already set
	at org.evosuite.instrumentation.InstrumentingClassLoader.instrumentClass(InstrumentingClassLoader.java:158)
	at org.evosuite.instrumentation.InstrumentingClassLoader.loadClass(InstrumentingClassLoader.java:126)
	at org.evosuite.utils.generic.GenericClassImpl.getClass(GenericClassImpl.java:139)
	at org.evosuite.utils.generic.GenericClassImpl.getClass(GenericClassImpl.java:105)
	at org.evosuite.utils.generic.GenericClassImpl.readObject(GenericClassImpl.java:1671)
	at jdk.internal.reflect.GeneratedMethodAccessor9.invoke(Unknown Source)
	at java.base/jdk.internal.reflect.DelegatingMethodAccessorImpl.invoke(DelegatingMethodAccessorImpl.java:43)
	at java.base/java.lang.reflect.Method.invoke(Method.java:566)
	at java.base/java.io.ObjectStreamClass.invokeReadObject(ObjectStreamClass.java:1046)
	at java.base/java.io.ObjectInputStream.readSerialData(ObjectInputStream.java:2357)
	at java.base/java.io.ObjectInputStream.readOrdinaryObject(ObjectInputStream.java:2228)
	at java.base/java.io.ObjectInputStream.readObject0(ObjectInputStream.java:1687)
	at java.base/java.io.ObjectInputStream.defaultReadFields(ObjectInputStream.java:2496)
	at java.base/java.io.ObjectInputStream.readSerialData(ObjectInputStream.java:2390)
	at java.base/java.io.ObjectInputStream.readOrdinaryObject(ObjectInputStream.java:2228)
	at java.base/java.io.ObjectInputStream.readObject0(ObjectInputStream.java:1687)
	at java.base/java.io.ObjectInputStream.defaultReadFields(ObjectInputStream.java:2496)
	at java.base/java.io.ObjectInputStream.readSerialData(ObjectInputStream.java:2390)
	at java.base/java.io.ObjectInputStream.readOrdinaryObject(ObjectInputStream.java:2228)
	at java.base/java.io.ObjectInputStream.readObject0(ObjectInputStream.java:1687)
	at java.base/java.io.ObjectInputStream.readObject(ObjectInputStream.java:489)
	at java.base/java.io.ObjectInputStream.readObject(ObjectInputStream.java:447)
	at java.base/java.util.ArrayList.readObject(ArrayList.java:929)
	at java.base/jdk.internal.reflect.GeneratedMethodAccessor7.invoke(Unknown Source)
	at java.base/jdk.internal.reflect.DelegatingMethodAccessorImpl.invoke(DelegatingMethodAccessorImpl.java:43)
	at java.base/java.lang.reflect.Method.invoke(Method.java:566)
	at java.base/java.io.ObjectStreamClass.invokeReadObject(ObjectStreamClass.java:1046)
	at java.base/java.io.ObjectInputStream.readSerialData(ObjectInputStream.java:2357)
	at java.base/java.io.ObjectInputStream.readOrdinaryObject(ObjectInputStream.java:2228)
	at java.base/java.io.ObjectInputStream.readObject0(ObjectInputStream.java:1687)
	at java.base/java.io.ObjectInputStream.defaultReadFields(ObjectInputStream.java:2496)
	at java.base/java.io.ObjectInputStream.readSerialData(ObjectInputStream.java:2390)
	at java.base/java.io.ObjectInputStream.readOrdinaryObject(ObjectInputStream.java:2228)
	at java.base/java.io.ObjectInputStream.readObject0(ObjectInputStream.java:1687)
	at java.base/java.io.ObjectInputStream.defaultReadFields(ObjectInputStream.java:2496)
	at java.base/java.io.ObjectInputStream.defaultReadObject(ObjectInputStream.java:625)
	at org.evosuite.testcase.DefaultTestCase.readObject(DefaultTestCase.java:1217)
	at jdk.internal.reflect.GeneratedMethodAccessor15.invoke(Unknown Source)
	at java.base/jdk.internal.reflect.DelegatingMethodAccessorImpl.invoke(DelegatingMethodAccessorImpl.java:43)
	at java.base/java.lang.reflect.Method.invoke(Method.java:566)
	at java.base/java.io.ObjectStreamClass.invokeReadObject(ObjectStreamClass.java:1046)
	at java.base/java.io.ObjectInputStream.readSerialData(ObjectInputStream.java:2357)
	at java.base/java.io.ObjectInputStream.readOrdinaryObject(ObjectInputStream.java:2228)
	at java.base/java.io.ObjectInputStream.readObject0(ObjectInputStream.java:1687)
	at java.base/java.io.ObjectInputStream.defaultReadFields(ObjectInputStream.java:2496)
	at java.base/java.io.ObjectInputStream.readSerialData(ObjectInputStream.java:2390)
	at java.base/java.io.ObjectInputStream.readOrdinaryObject(ObjectInputStream.java:2228)
	at java.base/java.io.ObjectInputStream.readObject0(ObjectInputStream.java:1687)
	at java.base/java.io.ObjectInputStream.readObject(ObjectInputStream.java:489)
	at java.base/java.io.ObjectInputStream.readObject(ObjectInputStream.java:447)
	at java.base/java.util.ArrayList.readObject(ArrayList.java:929)
	at java.base/jdk.internal.reflect.GeneratedMethodAccessor7.invoke(Unknown Source)
	at java.base/jdk.internal.reflect.DelegatingMethodAccessorImpl.invoke(DelegatingMethodAccessorImpl.java:43)
	at java.base/java.lang.reflect.Method.invoke(Method.java:566)
	at java.base/java.io.ObjectStreamClass.invokeReadObject(ObjectStreamClass.java:1046)
	at java.base/java.io.ObjectInputStream.readSerialData(ObjectInputStream.java:2357)
	at java.base/java.io.ObjectInputStream.readOrdinaryObject(ObjectInputStream.java:2228)
	at java.base/java.io.ObjectInputStream.readObject0(ObjectInputStream.java:1687)
	at java.base/java.io.ObjectInputStream.defaultReadFields(ObjectInputStream.java:2496)
	at java.base/java.io.ObjectInputStream.readSerialData(ObjectInputStream.java:2390)
	at java.base/java.io.ObjectInputStream.readOrdinaryObject(ObjectInputStream.java:2228)
	at java.base/java.io.ObjectInputStream.readObject0(ObjectInputStream.java:1687)
	at java.base/java.io.ObjectInputStream.readObject(ObjectInputStream.java:489)
	at java.base/java.io.ObjectInputStream.readObject(ObjectInputStream.java:447)
	at java.rmi/sun.rmi.server.UnicastRef.unmarshalValue(UnicastRef.java:327)
	at java.rmi/sun.rmi.server.UnicastServerRef.dispatch(UnicastServerRef.java:339)
	... 12 common frames omitted
Caused by: java.lang.IllegalArgumentException: expect to get instruction without BasicBlock already set
	at org.evosuite.graphs.cfg.BasicBlock.appendInstruction(BasicBlock.java:225)
	at org.evosuite.graphs.cfg.BasicBlock.setInstructions(BasicBlock.java:206)
	at org.evosuite.graphs.cfg.BasicBlock.<init>(BasicBlock.java:106)
	at org.evosuite.graphs.cfg.RawControlFlowGraph.determineBasicBlockFor(RawControlFlowGraph.java:314)
	at org.evosuite.graphs.cfg.ActualControlFlowGraph.computeNodes(ActualControlFlowGraph.java:295)
	at org.evosuite.graphs.cfg.ActualControlFlowGraph.computeGraph(ActualControlFlowGraph.java:262)
	at org.evosuite.graphs.cfg.ActualControlFlowGraph.<init>(ActualControlFlowGraph.java:97)
	at org.evosuite.graphs.cfg.CFGGenerator.computeActualCFG(CFGGenerator.java:218)
	at org.evosuite.graphs.cfg.CFGGenerator.registerCFGs(CFGGenerator.java:102)
	at org.evosuite.graphs.cfg.CFGMethodAdapter.visitEnd(CFGMethodAdapter.java:219)
	at org.evosuite.shaded.org.objectweb.asm.MethodVisitor.visitEnd(MethodVisitor.java:783)
	at org.evosuite.shaded.org.objectweb.asm.MethodVisitor.visitEnd(MethodVisitor.java:783)
	at org.evosuite.shaded.org.objectweb.asm.MethodVisitor.visitEnd(MethodVisitor.java:783)
	at org.evosuite.shaded.org.objectweb.asm.tree.MethodNode.accept(MethodNode.java:772)
	at org.evosuite.shaded.org.objectweb.asm.tree.MethodNode.accept(MethodNode.java:649)
	at org.evosuite.shaded.org.objectweb.asm.tree.ClassNode.accept(ClassNode.java:452)
	at org.evosuite.instrumentation.BytecodeInstrumentation.transformBytes(BytecodeInstrumentation.java:282)
	at org.evosuite.instrumentation.InstrumentingClassLoader.getTransformedBytes(InstrumentingClassLoader.java:135)
	at org.evosuite.instrumentation.InstrumentingClassLoader.instrumentClass(InstrumentingClassLoader.java:149)
	... 77 common frames omitted
[Progress:==========>                   34%] [Cov:===============>                   44%][Progress:==========>                   35%] [Cov:===============>                   44%][Progress:==========>                   35%] [Cov:===============>                   45%][Progress:==========>                   35%] [Cov:================>                  46%][MASTER] 12:35:28.601 [logback-1] WARN  ClientNodeImpl - Cannot send statistics to master; continuing without statistics
java.rmi.ServerException: RemoteException occurred in server thread; nested exception is: 
	java.rmi.UnmarshalException: error unmarshalling arguments; nested exception is: 
	java.lang.ClassNotFoundException: expect to get instruction without BasicBlock already set
	at java.rmi/sun.rmi.server.UnicastServerRef.dispatch(UnicastServerRef.java:391)
	at java.rmi/sun.rmi.transport.Transport$1.run(Transport.java:200)
	at java.rmi/sun.rmi.transport.Transport$1.run(Transport.java:197)
	at java.base/java.security.AccessController.doPrivileged(Native Method)
	at java.rmi/sun.rmi.transport.Transport.serviceCall(Transport.java:196)
	at java.rmi/sun.rmi.transport.tcp.TCPTransport.handleMessages(TCPTransport.java:562)
	at java.rmi/sun.rmi.transport.tcp.TCPTransport$ConnectionHandler.run0(TCPTransport.java:796)
	at java.rmi/sun.rmi.transport.tcp.TCPTransport$ConnectionHandler.lambda$run$0(TCPTransport.java:677)
	at java.base/java.security.AccessController.doPrivileged(Native Method)
	at java.rmi/sun.rmi.transport.tcp.TCPTransport$ConnectionHandler.run(TCPTransport.java:676)
	at java.base/java.util.concurrent.ThreadPoolExecutor.runWorker(ThreadPoolExecutor.java:1128)
	at java.base/java.util.concurrent.ThreadPoolExecutor$Worker.run(ThreadPoolExecutor.java:628)
	at java.base/java.lang.Thread.run(Thread.java:829)
	at java.rmi/sun.rmi.transport.StreamRemoteCall.exceptionReceivedFromServer(StreamRemoteCall.java:303)
	at java.rmi/sun.rmi.transport.StreamRemoteCall.executeCall(StreamRemoteCall.java:279)
	at java.rmi/sun.rmi.server.UnicastRef.invoke(UnicastRef.java:164)
	at java.rmi/java.rmi.server.RemoteObjectInvocationHandler.invokeRemoteMethod(RemoteObjectInvocationHandler.java:217)
	at java.rmi/java.rmi.server.RemoteObjectInvocationHandler.invoke(RemoteObjectInvocationHandler.java:162)
	at com.sun.proxy.$Proxy7.evosuite_collectStatistics(Unknown Source)
	at org.evosuite.rmi.service.ClientNodeImpl.updateStatistics(ClientNodeImpl.java:251)
	at org.evosuite.statistics.StatisticsSender.sendIndividualToMaster(StatisticsSender.java:62)
	at org.evosuite.statistics.StatisticsListener.lambda$new$0(StatisticsListener.java:76)
	at java.base/java.lang.Thread.run(Thread.java:829)
Caused by: java.rmi.UnmarshalException: error unmarshalling arguments; nested exception is: 
	java.lang.ClassNotFoundException: expect to get instruction without BasicBlock already set
	at java.rmi/sun.rmi.server.UnicastServerRef.dispatch(UnicastServerRef.java:350)
	at java.rmi/sun.rmi.transport.Transport$1.run(Transport.java:200)
	at java.rmi/sun.rmi.transport.Transport$1.run(Transport.java:197)
	at java.base/java.security.AccessController.doPrivileged(Native Method)
	at java.rmi/sun.rmi.transport.Transport.serviceCall(Transport.java:196)
	at java.rmi/sun.rmi.transport.tcp.TCPTransport.handleMessages(TCPTransport.java:562)
	at java.rmi/sun.rmi.transport.tcp.TCPTransport$ConnectionHandler.run0(TCPTransport.java:796)
	at java.rmi/sun.rmi.transport.tcp.TCPTransport$ConnectionHandler.lambda$run$0(TCPTransport.java:677)
	at java.base/java.security.AccessController.doPrivileged(Native Method)
	at java.rmi/sun.rmi.transport.tcp.TCPTransport$ConnectionHandler.run(TCPTransport.java:676)
	at java.base/java.util.concurrent.ThreadPoolExecutor.runWorker(ThreadPoolExecutor.java:1128)
	at java.base/java.util.concurrent.ThreadPoolExecutor$Worker.run(ThreadPoolExecutor.java:628)
	... 1 common frames omitted
Caused by: java.lang.ClassNotFoundException: expect to get instruction without BasicBlock already set
	at org.evosuite.instrumentation.InstrumentingClassLoader.instrumentClass(InstrumentingClassLoader.java:158)
	at org.evosuite.instrumentation.InstrumentingClassLoader.loadClass(InstrumentingClassLoader.java:126)
	at org.evosuite.utils.generic.GenericClassImpl.getClass(GenericClassImpl.java:139)
	at org.evosuite.utils.generic.GenericClassImpl.getClass(GenericClassImpl.java:105)
	at org.evosuite.utils.generic.GenericClassImpl.readObject(GenericClassImpl.java:1671)
	at jdk.internal.reflect.GeneratedMethodAccessor9.invoke(Unknown Source)
	at java.base/jdk.internal.reflect.DelegatingMethodAccessorImpl.invoke(DelegatingMethodAccessorImpl.java:43)
	at java.base/java.lang.reflect.Method.invoke(Method.java:566)
	at java.base/java.io.ObjectStreamClass.invokeReadObject(ObjectStreamClass.java:1046)
	at java.base/java.io.ObjectInputStream.readSerialData(ObjectInputStream.java:2357)
	at java.base/java.io.ObjectInputStream.readOrdinaryObject(ObjectInputStream.java:2228)
	at java.base/java.io.ObjectInputStream.readObject0(ObjectInputStream.java:1687)
	at java.base/java.io.ObjectInputStream.defaultReadFields(ObjectInputStream.java:2496)
	at java.base/java.io.ObjectInputStream.readSerialData(ObjectInputStream.java:2390)
	at java.base/java.io.ObjectInputStream.readOrdinaryObject(ObjectInputStream.java:2228)
	at java.base/java.io.ObjectInputStream.readObject0(ObjectInputStream.java:1687)
	at java.base/java.io.ObjectInputStream.defaultReadFields(ObjectInputStream.java:2496)
	at java.base/java.io.ObjectInputStream.readSerialData(ObjectInputStream.java:2390)
	at java.base/java.io.ObjectInputStream.readOrdinaryObject(ObjectInputStream.java:2228)
	at java.base/java.io.ObjectInputStream.readObject0(ObjectInputStream.java:1687)
	at java.base/java.io.ObjectInputStream.readObject(ObjectInputStream.java:489)
	at java.base/java.io.ObjectInputStream.readObject(ObjectInputStream.java:447)
	at java.base/java.util.ArrayList.readObject(ArrayList.java:929)
	at java.base/jdk.internal.reflect.GeneratedMethodAccessor7.invoke(Unknown Source)
	at java.base/jdk.internal.reflect.DelegatingMethodAccessorImpl.invoke(DelegatingMethodAccessorImpl.java:43)
	at java.base/java.lang.reflect.Method.invoke(Method.java:566)
	at java.base/java.io.ObjectStreamClass.invokeReadObject(ObjectStreamClass.java:1046)
	at java.base/java.io.ObjectInputStream.readSerialData(ObjectInputStream.java:2357)
	at java.base/java.io.ObjectInputStream.readOrdinaryObject(ObjectInputStream.java:2228)
	at java.base/java.io.ObjectInputStream.readObject0(ObjectInputStream.java:1687)
	at java.base/java.io.ObjectInputStream.defaultReadFields(ObjectInputStream.java:2496)
	at java.base/java.io.ObjectInputStream.readSerialData(ObjectInputStream.java:2390)
	at java.base/java.io.ObjectInputStream.readOrdinaryObject(ObjectInputStream.java:2228)
	at java.base/java.io.ObjectInputStream.readObject0(ObjectInputStream.java:1687)
	at java.base/java.io.ObjectInputStream.defaultReadFields(ObjectInputStream.java:2496)
	at java.base/java.io.ObjectInputStream.defaultReadObject(ObjectInputStream.java:625)
	at org.evosuite.testcase.DefaultTestCase.readObject(DefaultTestCase.java:1217)
	at jdk.internal.reflect.GeneratedMethodAccessor15.invoke(Unknown Source)
	at java.base/jdk.internal.reflect.DelegatingMethodAccessorImpl.invoke(DelegatingMethodAccessorImpl.java:43)
	at java.base/java.lang.reflect.Method.invoke(Method.java:566)
	at java.base/java.io.ObjectStreamClass.invokeReadObject(ObjectStreamClass.java:1046)
	at java.base/java.io.ObjectInputStream.readSerialData(ObjectInputStream.java:2357)
	at java.base/java.io.ObjectInputStream.readOrdinaryObject(ObjectInputStream.java:2228)
	at java.base/java.io.ObjectInputStream.readObject0(ObjectInputStream.java:1687)
	at java.base/java.io.ObjectInputStream.defaultReadFields(ObjectInputStream.java:2496)
	at java.base/java.io.ObjectInputStream.readSerialData(ObjectInputStream.java:2390)
	at java.base/java.io.ObjectInputStream.readOrdinaryObject(ObjectInputStream.java:2228)
	at java.base/java.io.ObjectInputStream.readObject0(ObjectInputStream.java:1687)
	at java.base/java.io.ObjectInputStream.readObject(ObjectInputStream.java:489)
	at java.base/java.io.ObjectInputStream.readObject(ObjectInputStream.java:447)
	at java.base/java.util.ArrayList.readObject(ArrayList.java:929)
	at java.base/jdk.internal.reflect.GeneratedMethodAccessor7.invoke(Unknown Source)
	at java.base/jdk.internal.reflect.DelegatingMethodAccessorImpl.invoke(DelegatingMethodAccessorImpl.java:43)
	at java.base/java.lang.reflect.Method.invoke(Method.java:566)
	at java.base/java.io.ObjectStreamClass.invokeReadObject(ObjectStreamClass.java:1046)
	at java.base/java.io.ObjectInputStream.readSerialData(ObjectInputStream.java:2357)
	at java.base/java.io.ObjectInputStream.readOrdinaryObject(ObjectInputStream.java:2228)
	at java.base/java.io.ObjectInputStream.readObject0(ObjectInputStream.java:1687)
	at java.base/java.io.ObjectInputStream.defaultReadFields(ObjectInputStream.java:2496)
	at java.base/java.io.ObjectInputStream.readSerialData(ObjectInputStream.java:2390)
	at java.base/java.io.ObjectInputStream.readOrdinaryObject(ObjectInputStream.java:2228)
	at java.base/java.io.ObjectInputStream.readObject0(ObjectInputStream.java:1687)
	at java.base/java.io.ObjectInputStream.readObject(ObjectInputStream.java:489)
	at java.base/java.io.ObjectInputStream.readObject(ObjectInputStream.java:447)
	at java.rmi/sun.rmi.server.UnicastRef.unmarshalValue(UnicastRef.java:327)
	at java.rmi/sun.rmi.server.UnicastServerRef.dispatch(UnicastServerRef.java:339)
	... 12 common frames omitted
Caused by: java.lang.IllegalArgumentException: expect to get instruction without BasicBlock already set
	at org.evosuite.graphs.cfg.BasicBlock.appendInstruction(BasicBlock.java:225)
	at org.evosuite.graphs.cfg.BasicBlock.setInstructions(BasicBlock.java:206)
	at org.evosuite.graphs.cfg.BasicBlock.<init>(BasicBlock.java:106)
	at org.evosuite.graphs.cfg.RawControlFlowGraph.determineBasicBlockFor(RawControlFlowGraph.java:314)
	at org.evosuite.graphs.cfg.ActualControlFlowGraph.computeNodes(ActualControlFlowGraph.java:295)
	at org.evosuite.graphs.cfg.ActualControlFlowGraph.computeGraph(ActualControlFlowGraph.java:262)
	at org.evosuite.graphs.cfg.ActualControlFlowGraph.<init>(ActualControlFlowGraph.java:97)
	at org.evosuite.graphs.cfg.CFGGenerator.computeActualCFG(CFGGenerator.java:218)
	at org.evosuite.graphs.cfg.CFGGenerator.registerCFGs(CFGGenerator.java:102)
	at org.evosuite.graphs.cfg.CFGMethodAdapter.visitEnd(CFGMethodAdapter.java:219)
	at org.evosuite.shaded.org.objectweb.asm.MethodVisitor.visitEnd(MethodVisitor.java:783)
	at org.evosuite.shaded.org.objectweb.asm.MethodVisitor.visitEnd(MethodVisitor.java:783)
	at org.evosuite.shaded.org.objectweb.asm.MethodVisitor.visitEnd(MethodVisitor.java:783)
	at org.evosuite.shaded.org.objectweb.asm.tree.MethodNode.accept(MethodNode.java:772)
	at org.evosuite.shaded.org.objectweb.asm.tree.MethodNode.accept(MethodNode.java:649)
	at org.evosuite.shaded.org.objectweb.asm.tree.ClassNode.accept(ClassNode.java:452)
	at org.evosuite.instrumentation.BytecodeInstrumentation.transformBytes(BytecodeInstrumentation.java:282)
	at org.evosuite.instrumentation.InstrumentingClassLoader.getTransformedBytes(InstrumentingClassLoader.java:135)
	at org.evosuite.instrumentation.InstrumentingClassLoader.instrumentClass(InstrumentingClassLoader.java:149)
	... 77 common frames omitted
[Progress:==========>                   36%] [Cov:================>                  46%][MASTER] 12:35:29.886 [logback-1] WARN  ClientNodeImpl - Cannot send statistics to master; continuing without statistics
java.rmi.ServerException: RemoteException occurred in server thread; nested exception is: 
	java.rmi.UnmarshalException: error unmarshalling arguments; nested exception is: 
	java.lang.ClassNotFoundException: expect to get instruction without BasicBlock already set
	at java.rmi/sun.rmi.server.UnicastServerRef.dispatch(UnicastServerRef.java:391)
	at java.rmi/sun.rmi.transport.Transport$1.run(Transport.java:200)
	at java.rmi/sun.rmi.transport.Transport$1.run(Transport.java:197)
	at java.base/java.security.AccessController.doPrivileged(Native Method)
	at java.rmi/sun.rmi.transport.Transport.serviceCall(Transport.java:196)
	at java.rmi/sun.rmi.transport.tcp.TCPTransport.handleMessages(TCPTransport.java:562)
	at java.rmi/sun.rmi.transport.tcp.TCPTransport$ConnectionHandler.run0(TCPTransport.java:796)
	at java.rmi/sun.rmi.transport.tcp.TCPTransport$ConnectionHandler.lambda$run$0(TCPTransport.java:677)
	at java.base/java.security.AccessController.doPrivileged(Native Method)
	at java.rmi/sun.rmi.transport.tcp.TCPTransport$ConnectionHandler.run(TCPTransport.java:676)
	at java.base/java.util.concurrent.ThreadPoolExecutor.runWorker(ThreadPoolExecutor.java:1128)
	at java.base/java.util.concurrent.ThreadPoolExecutor$Worker.run(ThreadPoolExecutor.java:628)
	at java.base/java.lang.Thread.run(Thread.java:829)
	at java.rmi/sun.rmi.transport.StreamRemoteCall.exceptionReceivedFromServer(StreamRemoteCall.java:303)
	at java.rmi/sun.rmi.transport.StreamRemoteCall.executeCall(StreamRemoteCall.java:279)
	at java.rmi/sun.rmi.server.UnicastRef.invoke(UnicastRef.java:164)
	at java.rmi/java.rmi.server.RemoteObjectInvocationHandler.invokeRemoteMethod(RemoteObjectInvocationHandler.java:217)
	at java.rmi/java.rmi.server.RemoteObjectInvocationHandler.invoke(RemoteObjectInvocationHandler.java:162)
	at com.sun.proxy.$Proxy7.evosuite_collectStatistics(Unknown Source)
	at org.evosuite.rmi.service.ClientNodeImpl.updateStatistics(ClientNodeImpl.java:251)
	at org.evosuite.statistics.StatisticsSender.sendIndividualToMaster(StatisticsSender.java:62)
	at org.evosuite.statistics.StatisticsListener.lambda$new$0(StatisticsListener.java:76)
	at java.base/java.lang.Thread.run(Thread.java:829)
Caused by: java.rmi.UnmarshalException: error unmarshalling arguments; nested exception is: 
	java.lang.ClassNotFoundException: expect to get instruction without BasicBlock already set
	at java.rmi/sun.rmi.server.UnicastServerRef.dispatch(UnicastServerRef.java:350)
	at java.rmi/sun.rmi.transport.Transport$1.run(Transport.java:200)
	at java.rmi/sun.rmi.transport.Transport$1.run(Transport.java:197)
	at java.base/java.security.AccessController.doPrivileged(Native Method)
	at java.rmi/sun.rmi.transport.Transport.serviceCall(Transport.java:196)
	at java.rmi/sun.rmi.transport.tcp.TCPTransport.handleMessages(TCPTransport.java:562)
	at java.rmi/sun.rmi.transport.tcp.TCPTransport$ConnectionHandler.run0(TCPTransport.java:796)
	at java.rmi/sun.rmi.transport.tcp.TCPTransport$ConnectionHandler.lambda$run$0(TCPTransport.java:677)
	at java.base/java.security.AccessController.doPrivileged(Native Method)
	at java.rmi/sun.rmi.transport.tcp.TCPTransport$ConnectionHandler.run(TCPTransport.java:676)
	at java.base/java.util.concurrent.ThreadPoolExecutor.runWorker(ThreadPoolExecutor.java:1128)
	at java.base/java.util.concurrent.ThreadPoolExecutor$Worker.run(ThreadPoolExecutor.java:628)
	... 1 common frames omitted
Caused by: java.lang.ClassNotFoundException: expect to get instruction without BasicBlock already set
	at org.evosuite.instrumentation.InstrumentingClassLoader.instrumentClass(InstrumentingClassLoader.java:158)
	at org.evosuite.instrumentation.InstrumentingClassLoader.loadClass(InstrumentingClassLoader.java:126)
	at org.evosuite.utils.generic.GenericClassImpl.getClass(GenericClassImpl.java:139)
	at org.evosuite.utils.generic.GenericClassImpl.getClass(GenericClassImpl.java:105)
	at org.evosuite.utils.generic.GenericClassImpl.readObject(GenericClassImpl.java:1671)
	at jdk.internal.reflect.GeneratedMethodAccessor9.invoke(Unknown Source)
	at java.base/jdk.internal.reflect.DelegatingMethodAccessorImpl.invoke(DelegatingMethodAccessorImpl.java:43)
	at java.base/java.lang.reflect.Method.invoke(Method.java:566)
	at java.base/java.io.ObjectStreamClass.invokeReadObject(ObjectStreamClass.java:1046)
	at java.base/java.io.ObjectInputStream.readSerialData(ObjectInputStream.java:2357)
	at java.base/java.io.ObjectInputStream.readOrdinaryObject(ObjectInputStream.java:2228)
	at java.base/java.io.ObjectInputStream.readObject0(ObjectInputStream.java:1687)
	at java.base/java.io.ObjectInputStream.defaultReadFields(ObjectInputStream.java:2496)
	at java.base/java.io.ObjectInputStream.readSerialData(ObjectInputStream.java:2390)
	at java.base/java.io.ObjectInputStream.readOrdinaryObject(ObjectInputStream.java:2228)
	at java.base/java.io.ObjectInputStream.readObject0(ObjectInputStream.java:1687)
	at java.base/java.io.ObjectInputStream.defaultReadFields(ObjectInputStream.java:2496)
	at java.base/java.io.ObjectInputStream.readSerialData(ObjectInputStream.java:2390)
	at java.base/java.io.ObjectInputStream.readOrdinaryObject(ObjectInputStream.java:2228)
	at java.base/java.io.ObjectInputStream.readObject0(ObjectInputStream.java:1687)
	at java.base/java.io.ObjectInputStream.readObject(ObjectInputStream.java:489)
	at java.base/java.io.ObjectInputStream.readObject(ObjectInputStream.java:447)
	at java.base/java.util.ArrayList.readObject(ArrayList.java:929)
	at java.base/jdk.internal.reflect.GeneratedMethodAccessor7.invoke(Unknown Source)
	at java.base/jdk.internal.reflect.DelegatingMethodAccessorImpl.invoke(DelegatingMethodAccessorImpl.java:43)
	at java.base/java.lang.reflect.Method.invoke(Method.java:566)
	at java.base/java.io.ObjectStreamClass.invokeReadObject(ObjectStreamClass.java:1046)
	at java.base/java.io.ObjectInputStream.readSerialData(ObjectInputStream.java:2357)
	at java.base/java.io.ObjectInputStream.readOrdinaryObject(ObjectInputStream.java:2228)
	at java.base/java.io.ObjectInputStream.readObject0(ObjectInputStream.java:1687)
	at java.base/java.io.ObjectInputStream.defaultReadFields(ObjectInputStream.java:2496)
	at java.base/java.io.ObjectInputStream.readSerialData(ObjectInputStream.java:2390)
	at java.base/java.io.ObjectInputStream.readOrdinaryObject(ObjectInputStream.java:2228)
	at java.base/java.io.ObjectInputStream.readObject0(ObjectInputStream.java:1687)
	at java.base/java.io.ObjectInputStream.defaultReadFields(ObjectInputStream.java:2496)
	at java.base/java.io.ObjectInputStream.defaultReadObject(ObjectInputStream.java:625)
	at org.evosuite.testcase.DefaultTestCase.readObject(DefaultTestCase.java:1217)
	at jdk.internal.reflect.GeneratedMethodAccessor15.invoke(Unknown Source)
	at java.base/jdk.internal.reflect.DelegatingMethodAccessorImpl.invoke(DelegatingMethodAccessorImpl.java:43)
	at java.base/java.lang.reflect.Method.invoke(Method.java:566)
	at java.base/java.io.ObjectStreamClass.invokeReadObject(ObjectStreamClass.java:1046)
	at java.base/java.io.ObjectInputStream.readSerialData(ObjectInputStream.java:2357)
	at java.base/java.io.ObjectInputStream.readOrdinaryObject(ObjectInputStream.java:2228)
	at java.base/java.io.ObjectInputStream.readObject0(ObjectInputStream.java:1687)
	at java.base/java.io.ObjectInputStream.defaultReadFields(ObjectInputStream.java:2496)
	at java.base/java.io.ObjectInputStream.readSerialData(ObjectInputStream.java:2390)
	at java.base/java.io.ObjectInputStream.readOrdinaryObject(ObjectInputStream.java:2228)
	at java.base/java.io.ObjectInputStream.readObject0(ObjectInputStream.java:1687)
	at java.base/java.io.ObjectInputStream.readObject(ObjectInputStream.java:489)
	at java.base/java.io.ObjectInputStream.readObject(ObjectInputStream.java:447)
	at java.base/java.util.ArrayList.readObject(ArrayList.java:929)
	at java.base/jdk.internal.reflect.GeneratedMethodAccessor7.invoke(Unknown Source)
	at java.base/jdk.internal.reflect.DelegatingMethodAccessorImpl.invoke(DelegatingMethodAccessorImpl.java:43)
	at java.base/java.lang.reflect.Method.invoke(Method.java:566)
	at java.base/java.io.ObjectStreamClass.invokeReadObject(ObjectStreamClass.java:1046)
	at java.base/java.io.ObjectInputStream.readSerialData(ObjectInputStream.java:2357)
	at java.base/java.io.ObjectInputStream.readOrdinaryObject(ObjectInputStream.java:2228)
	at java.base/java.io.ObjectInputStream.readObject0(ObjectInputStream.java:1687)
	at java.base/java.io.ObjectInputStream.defaultReadFields(ObjectInputStream.java:2496)
	at java.base/java.io.ObjectInputStream.readSerialData(ObjectInputStream.java:2390)
	at java.base/java.io.ObjectInputStream.readOrdinaryObject(ObjectInputStream.java:2228)
	at java.base/java.io.ObjectInputStream.readObject0(ObjectInputStream.java:1687)
	at java.base/java.io.ObjectInputStream.readObject(ObjectInputStream.java:489)
	at java.base/java.io.ObjectInputStream.readObject(ObjectInputStream.java:447)
	at java.rmi/sun.rmi.server.UnicastRef.unmarshalValue(UnicastRef.java:327)
	at java.rmi/sun.rmi.server.UnicastServerRef.dispatch(UnicastServerRef.java:339)
	... 12 common frames omitted
Caused by: java.lang.IllegalArgumentException: expect to get instruction without BasicBlock already set
	at org.evosuite.graphs.cfg.BasicBlock.appendInstruction(BasicBlock.java:225)
	at org.evosuite.graphs.cfg.BasicBlock.setInstructions(BasicBlock.java:206)
	at org.evosuite.graphs.cfg.BasicBlock.<init>(BasicBlock.java:106)
	at org.evosuite.graphs.cfg.RawControlFlowGraph.determineBasicBlockFor(RawControlFlowGraph.java:314)
	at org.evosuite.graphs.cfg.ActualControlFlowGraph.computeNodes(ActualControlFlowGraph.java:295)
	at org.evosuite.graphs.cfg.ActualControlFlowGraph.computeGraph(ActualControlFlowGraph.java:262)
	at org.evosuite.graphs.cfg.ActualControlFlowGraph.<init>(ActualControlFlowGraph.java:97)
	at org.evosuite.graphs.cfg.CFGGenerator.computeActualCFG(CFGGenerator.java:218)
	at org.evosuite.graphs.cfg.CFGGenerator.registerCFGs(CFGGenerator.java:102)
	at org.evosuite.graphs.cfg.CFGMethodAdapter.visitEnd(CFGMethodAdapter.java:219)
	at org.evosuite.shaded.org.objectweb.asm.MethodVisitor.visitEnd(MethodVisitor.java:783)
	at org.evosuite.shaded.org.objectweb.asm.MethodVisitor.visitEnd(MethodVisitor.java:783)
	at org.evosuite.shaded.org.objectweb.asm.MethodVisitor.visitEnd(MethodVisitor.java:783)
	at org.evosuite.shaded.org.objectweb.asm.tree.MethodNode.accept(MethodNode.java:772)
	at org.evosuite.shaded.org.objectweb.asm.tree.MethodNode.accept(MethodNode.java:649)
	at org.evosuite.shaded.org.objectweb.asm.tree.ClassNode.accept(ClassNode.java:452)
	at org.evosuite.instrumentation.BytecodeInstrumentation.transformBytes(BytecodeInstrumentation.java:282)
	at org.evosuite.instrumentation.InstrumentingClassLoader.getTransformedBytes(InstrumentingClassLoader.java:135)
	at org.evosuite.instrumentation.InstrumentingClassLoader.instrumentClass(InstrumentingClassLoader.java:149)
	... 77 common frames omitted
[Progress:==========>                   36%] [Cov:===============>                   45%][Progress:===========>                  37%] [Cov:===============>                   45%][Progress:===========>                  37%] [Cov:================>                  46%][MASTER] 12:35:31.095 [logback-1] WARN  ClientNodeImpl - Cannot send statistics to master; continuing without statistics
java.rmi.ServerException: RemoteException occurred in server thread; nested exception is: 
	java.rmi.UnmarshalException: error unmarshalling arguments; nested exception is: 
	java.lang.ClassNotFoundException: expect to get instruction without BasicBlock already set
	at java.rmi/sun.rmi.server.UnicastServerRef.dispatch(UnicastServerRef.java:391)
	at java.rmi/sun.rmi.transport.Transport$1.run(Transport.java:200)
	at java.rmi/sun.rmi.transport.Transport$1.run(Transport.java:197)
	at java.base/java.security.AccessController.doPrivileged(Native Method)
	at java.rmi/sun.rmi.transport.Transport.serviceCall(Transport.java:196)
	at java.rmi/sun.rmi.transport.tcp.TCPTransport.handleMessages(TCPTransport.java:562)
	at java.rmi/sun.rmi.transport.tcp.TCPTransport$ConnectionHandler.run0(TCPTransport.java:796)
	at java.rmi/sun.rmi.transport.tcp.TCPTransport$ConnectionHandler.lambda$run$0(TCPTransport.java:677)
	at java.base/java.security.AccessController.doPrivileged(Native Method)
	at java.rmi/sun.rmi.transport.tcp.TCPTransport$ConnectionHandler.run(TCPTransport.java:676)
	at java.base/java.util.concurrent.ThreadPoolExecutor.runWorker(ThreadPoolExecutor.java:1128)
	at java.base/java.util.concurrent.ThreadPoolExecutor$Worker.run(ThreadPoolExecutor.java:628)
	at java.base/java.lang.Thread.run(Thread.java:829)
	at java.rmi/sun.rmi.transport.StreamRemoteCall.exceptionReceivedFromServer(StreamRemoteCall.java:303)
	at java.rmi/sun.rmi.transport.StreamRemoteCall.executeCall(StreamRemoteCall.java:279)
	at java.rmi/sun.rmi.server.UnicastRef.invoke(UnicastRef.java:164)
	at java.rmi/java.rmi.server.RemoteObjectInvocationHandler.invokeRemoteMethod(RemoteObjectInvocationHandler.java:217)
	at java.rmi/java.rmi.server.RemoteObjectInvocationHandler.invoke(RemoteObjectInvocationHandler.java:162)
	at com.sun.proxy.$Proxy7.evosuite_collectStatistics(Unknown Source)
	at org.evosuite.rmi.service.ClientNodeImpl.updateStatistics(ClientNodeImpl.java:251)
	at org.evosuite.statistics.StatisticsSender.sendIndividualToMaster(StatisticsSender.java:62)
	at org.evosuite.statistics.StatisticsListener.lambda$new$0(StatisticsListener.java:76)
	at java.base/java.lang.Thread.run(Thread.java:829)
Caused by: java.rmi.UnmarshalException: error unmarshalling arguments; nested exception is: 
	java.lang.ClassNotFoundException: expect to get instruction without BasicBlock already set
	at java.rmi/sun.rmi.server.UnicastServerRef.dispatch(UnicastServerRef.java:350)
	at java.rmi/sun.rmi.transport.Transport$1.run(Transport.java:200)
	at java.rmi/sun.rmi.transport.Transport$1.run(Transport.java:197)
	at java.base/java.security.AccessController.doPrivileged(Native Method)
	at java.rmi/sun.rmi.transport.Transport.serviceCall(Transport.java:196)
	at java.rmi/sun.rmi.transport.tcp.TCPTransport.handleMessages(TCPTransport.java:562)
	at java.rmi/sun.rmi.transport.tcp.TCPTransport$ConnectionHandler.run0(TCPTransport.java:796)
	at java.rmi/sun.rmi.transport.tcp.TCPTransport$ConnectionHandler.lambda$run$0(TCPTransport.java:677)
	at java.base/java.security.AccessController.doPrivileged(Native Method)
	at java.rmi/sun.rmi.transport.tcp.TCPTransport$ConnectionHandler.run(TCPTransport.java:676)
	at java.base/java.util.concurrent.ThreadPoolExecutor.runWorker(ThreadPoolExecutor.java:1128)
	at java.base/java.util.concurrent.ThreadPoolExecutor$Worker.run(ThreadPoolExecutor.java:628)
	... 1 common frames omitted
Caused by: java.lang.ClassNotFoundException: expect to get instruction without BasicBlock already set
	at org.evosuite.instrumentation.InstrumentingClassLoader.instrumentClass(InstrumentingClassLoader.java:158)
	at org.evosuite.instrumentation.InstrumentingClassLoader.loadClass(InstrumentingClassLoader.java:126)
	at org.evosuite.utils.generic.GenericClassImpl.getClass(GenericClassImpl.java:139)
	at org.evosuite.utils.generic.GenericClassImpl.getClass(GenericClassImpl.java:105)
	at org.evosuite.utils.generic.GenericClassImpl.readObject(GenericClassImpl.java:1671)
	at jdk.internal.reflect.GeneratedMethodAccessor9.invoke(Unknown Source)
	at java.base/jdk.internal.reflect.DelegatingMethodAccessorImpl.invoke(DelegatingMethodAccessorImpl.java:43)
	at java.base/java.lang.reflect.Method.invoke(Method.java:566)
	at java.base/java.io.ObjectStreamClass.invokeReadObject(ObjectStreamClass.java:1046)
	at java.base/java.io.ObjectInputStream.readSerialData(ObjectInputStream.java:2357)
	at java.base/java.io.ObjectInputStream.readOrdinaryObject(ObjectInputStream.java:2228)
	at java.base/java.io.ObjectInputStream.readObject0(ObjectInputStream.java:1687)
	at java.base/java.io.ObjectInputStream.defaultReadFields(ObjectInputStream.java:2496)
	at java.base/java.io.ObjectInputStream.readSerialData(ObjectInputStream.java:2390)
	at java.base/java.io.ObjectInputStream.readOrdinaryObject(ObjectInputStream.java:2228)
	at java.base/java.io.ObjectInputStream.readObject0(ObjectInputStream.java:1687)
	at java.base/java.io.ObjectInputStream.defaultReadFields(ObjectInputStream.java:2496)
	at java.base/java.io.ObjectInputStream.readSerialData(ObjectInputStream.java:2390)
	at java.base/java.io.ObjectInputStream.readOrdinaryObject(ObjectInputStream.java:2228)
	at java.base/java.io.ObjectInputStream.readObject0(ObjectInputStream.java:1687)
	at java.base/java.io.ObjectInputStream.readObject(ObjectInputStream.java:489)
	at java.base/java.io.ObjectInputStream.readObject(ObjectInputStream.java:447)
	at java.base/java.util.ArrayList.readObject(ArrayList.java:929)
	at java.base/jdk.internal.reflect.GeneratedMethodAccessor7.invoke(Unknown Source)
	at java.base/jdk.internal.reflect.DelegatingMethodAccessorImpl.invoke(DelegatingMethodAccessorImpl.java:43)
	at java.base/java.lang.reflect.Method.invoke(Method.java:566)
	at java.base/java.io.ObjectStreamClass.invokeReadObject(ObjectStreamClass.java:1046)
	at java.base/java.io.ObjectInputStream.readSerialData(ObjectInputStream.java:2357)
	at java.base/java.io.ObjectInputStream.readOrdinaryObject(ObjectInputStream.java:2228)
	at java.base/java.io.ObjectInputStream.readObject0(ObjectInputStream.java:1687)
	at java.base/java.io.ObjectInputStream.defaultReadFields(ObjectInputStream.java:2496)
	at java.base/java.io.ObjectInputStream.readSerialData(ObjectInputStream.java:2390)
	at java.base/java.io.ObjectInputStream.readOrdinaryObject(ObjectInputStream.java:2228)
	at java.base/java.io.ObjectInputStream.readObject0(ObjectInputStream.java:1687)
	at java.base/java.io.ObjectInputStream.defaultReadFields(ObjectInputStream.java:2496)
	at java.base/java.io.ObjectInputStream.defaultReadObject(ObjectInputStream.java:625)
	at org.evosuite.testcase.DefaultTestCase.readObject(DefaultTestCase.java:1217)
	at jdk.internal.reflect.GeneratedMethodAccessor15.invoke(Unknown Source)
	at java.base/jdk.internal.reflect.DelegatingMethodAccessorImpl.invoke(DelegatingMethodAccessorImpl.java:43)
	at java.base/java.lang.reflect.Method.invoke(Method.java:566)
	at java.base/java.io.ObjectStreamClass.invokeReadObject(ObjectStreamClass.java:1046)
	at java.base/java.io.ObjectInputStream.readSerialData(ObjectInputStream.java:2357)
	at java.base/java.io.ObjectInputStream.readOrdinaryObject(ObjectInputStream.java:2228)
	at java.base/java.io.ObjectInputStream.readObject0(ObjectInputStream.java:1687)
	at java.base/java.io.ObjectInputStream.defaultReadFields(ObjectInputStream.java:2496)
	at java.base/java.io.ObjectInputStream.readSerialData(ObjectInputStream.java:2390)
	at java.base/java.io.ObjectInputStream.readOrdinaryObject(ObjectInputStream.java:2228)
	at java.base/java.io.ObjectInputStream.readObject0(ObjectInputStream.java:1687)
	at java.base/java.io.ObjectInputStream.readObject(ObjectInputStream.java:489)
	at java.base/java.io.ObjectInputStream.readObject(ObjectInputStream.java:447)
	at java.base/java.util.ArrayList.readObject(ArrayList.java:929)
	at java.base/jdk.internal.reflect.GeneratedMethodAccessor7.invoke(Unknown Source)
	at java.base/jdk.internal.reflect.DelegatingMethodAccessorImpl.invoke(DelegatingMethodAccessorImpl.java:43)
	at java.base/java.lang.reflect.Method.invoke(Method.java:566)
	at java.base/java.io.ObjectStreamClass.invokeReadObject(ObjectStreamClass.java:1046)
	at java.base/java.io.ObjectInputStream.readSerialData(ObjectInputStream.java:2357)
	at java.base/java.io.ObjectInputStream.readOrdinaryObject(ObjectInputStream.java:2228)
	at java.base/java.io.ObjectInputStream.readObject0(ObjectInputStream.java:1687)
	at java.base/java.io.ObjectInputStream.defaultReadFields(ObjectInputStream.java:2496)
	at java.base/java.io.ObjectInputStream.readSerialData(ObjectInputStream.java:2390)
	at java.base/java.io.ObjectInputStream.readOrdinaryObject(ObjectInputStream.java:2228)
	at java.base/java.io.ObjectInputStream.readObject0(ObjectInputStream.java:1687)
	at java.base/java.io.ObjectInputStream.readObject(ObjectInputStream.java:489)
	at java.base/java.io.ObjectInputStream.readObject(ObjectInputStream.java:447)
	at java.rmi/sun.rmi.server.UnicastRef.unmarshalValue(UnicastRef.java:327)
	at java.rmi/sun.rmi.server.UnicastServerRef.dispatch(UnicastServerRef.java:339)
	... 12 common frames omitted
Caused by: java.lang.IllegalArgumentException: expect to get instruction without BasicBlock already set
	at org.evosuite.graphs.cfg.BasicBlock.appendInstruction(BasicBlock.java:225)
	at org.evosuite.graphs.cfg.BasicBlock.setInstructions(BasicBlock.java:206)
	at org.evosuite.graphs.cfg.BasicBlock.<init>(BasicBlock.java:106)
	at org.evosuite.graphs.cfg.RawControlFlowGraph.determineBasicBlockFor(RawControlFlowGraph.java:314)
	at org.evosuite.graphs.cfg.ActualControlFlowGraph.computeNodes(ActualControlFlowGraph.java:295)
	at org.evosuite.graphs.cfg.ActualControlFlowGraph.computeGraph(ActualControlFlowGraph.java:262)
	at org.evosuite.graphs.cfg.ActualControlFlowGraph.<init>(ActualControlFlowGraph.java:97)
	at org.evosuite.graphs.cfg.CFGGenerator.computeActualCFG(CFGGenerator.java:218)
	at org.evosuite.graphs.cfg.CFGGenerator.registerCFGs(CFGGenerator.java:102)
	at org.evosuite.graphs.cfg.CFGMethodAdapter.visitEnd(CFGMethodAdapter.java:219)
	at org.evosuite.shaded.org.objectweb.asm.MethodVisitor.visitEnd(MethodVisitor.java:783)
	at org.evosuite.shaded.org.objectweb.asm.MethodVisitor.visitEnd(MethodVisitor.java:783)
	at org.evosuite.shaded.org.objectweb.asm.MethodVisitor.visitEnd(MethodVisitor.java:783)
	at org.evosuite.shaded.org.objectweb.asm.tree.MethodNode.accept(MethodNode.java:772)
	at org.evosuite.shaded.org.objectweb.asm.tree.MethodNode.accept(MethodNode.java:649)
	at org.evosuite.shaded.org.objectweb.asm.tree.ClassNode.accept(ClassNode.java:452)
	at org.evosuite.instrumentation.BytecodeInstrumentation.transformBytes(BytecodeInstrumentation.java:282)
	at org.evosuite.instrumentation.InstrumentingClassLoader.getTransformedBytes(InstrumentingClassLoader.java:135)
	at org.evosuite.instrumentation.InstrumentingClassLoader.instrumentClass(InstrumentingClassLoader.java:149)
	... 77 common frames omitted
[Progress:===========>                  37%] [Cov:================>                  47%][Progress:===========>                  37%] [Cov:================>                  48%][Progress:===========>                  37%] [Cov:=================>                 49%][Progress:===========>                  38%] [Cov:===============>                   45%][Progress:===========>                  38%] [Cov:=================>                 49%][MASTER] 12:35:32.422 [logback-1] WARN  ClientNodeImpl - Cannot send statistics to master; continuing without statistics
java.rmi.ServerException: RemoteException occurred in server thread; nested exception is: 
	java.rmi.UnmarshalException: error unmarshalling arguments; nested exception is: 
	java.lang.ClassNotFoundException: expect to get instruction without BasicBlock already set
	at java.rmi/sun.rmi.server.UnicastServerRef.dispatch(UnicastServerRef.java:391)
	at java.rmi/sun.rmi.transport.Transport$1.run(Transport.java:200)
	at java.rmi/sun.rmi.transport.Transport$1.run(Transport.java:197)
	at java.base/java.security.AccessController.doPrivileged(Native Method)
	at java.rmi/sun.rmi.transport.Transport.serviceCall(Transport.java:196)
	at java.rmi/sun.rmi.transport.tcp.TCPTransport.handleMessages(TCPTransport.java:562)
	at java.rmi/sun.rmi.transport.tcp.TCPTransport$ConnectionHandler.run0(TCPTransport.java:796)
	at java.rmi/sun.rmi.transport.tcp.TCPTransport$ConnectionHandler.lambda$run$0(TCPTransport.java:677)
	at java.base/java.security.AccessController.doPrivileged(Native Method)
	at java.rmi/sun.rmi.transport.tcp.TCPTransport$ConnectionHandler.run(TCPTransport.java:676)
	at java.base/java.util.concurrent.ThreadPoolExecutor.runWorker(ThreadPoolExecutor.java:1128)
	at java.base/java.util.concurrent.ThreadPoolExecutor$Worker.run(ThreadPoolExecutor.java:628)
	at java.base/java.lang.Thread.run(Thread.java:829)
	at java.rmi/sun.rmi.transport.StreamRemoteCall.exceptionReceivedFromServer(StreamRemoteCall.java:303)
	at java.rmi/sun.rmi.transport.StreamRemoteCall.executeCall(StreamRemoteCall.java:279)
	at java.rmi/sun.rmi.server.UnicastRef.invoke(UnicastRef.java:164)
	at java.rmi/java.rmi.server.RemoteObjectInvocationHandler.invokeRemoteMethod(RemoteObjectInvocationHandler.java:217)
	at java.rmi/java.rmi.server.RemoteObjectInvocationHandler.invoke(RemoteObjectInvocationHandler.java:162)
	at com.sun.proxy.$Proxy7.evosuite_collectStatistics(Unknown Source)
	at org.evosuite.rmi.service.ClientNodeImpl.updateStatistics(ClientNodeImpl.java:251)
	at org.evosuite.statistics.StatisticsSender.sendIndividualToMaster(StatisticsSender.java:62)
	at org.evosuite.statistics.StatisticsListener.lambda$new$0(StatisticsListener.java:76)
	at java.base/java.lang.Thread.run(Thread.java:829)
Caused by: java.rmi.UnmarshalException: error unmarshalling arguments; nested exception is: 
	java.lang.ClassNotFoundException: expect to get instruction without BasicBlock already set
	at java.rmi/sun.rmi.server.UnicastServerRef.dispatch(UnicastServerRef.java:350)
	at java.rmi/sun.rmi.transport.Transport$1.run(Transport.java:200)
	at java.rmi/sun.rmi.transport.Transport$1.run(Transport.java:197)
	at java.base/java.security.AccessController.doPrivileged(Native Method)
	at java.rmi/sun.rmi.transport.Transport.serviceCall(Transport.java:196)
	at java.rmi/sun.rmi.transport.tcp.TCPTransport.handleMessages(TCPTransport.java:562)
	at java.rmi/sun.rmi.transport.tcp.TCPTransport$ConnectionHandler.run0(TCPTransport.java:796)
	at java.rmi/sun.rmi.transport.tcp.TCPTransport$ConnectionHandler.lambda$run$0(TCPTransport.java:677)
	at java.base/java.security.AccessController.doPrivileged(Native Method)
	at java.rmi/sun.rmi.transport.tcp.TCPTransport$ConnectionHandler.run(TCPTransport.java:676)
	at java.base/java.util.concurrent.ThreadPoolExecutor.runWorker(ThreadPoolExecutor.java:1128)
	at java.base/java.util.concurrent.ThreadPoolExecutor$Worker.run(ThreadPoolExecutor.java:628)
	... 1 common frames omitted
Caused by: java.lang.ClassNotFoundException: expect to get instruction without BasicBlock already set
	at org.evosuite.instrumentation.InstrumentingClassLoader.instrumentClass(InstrumentingClassLoader.java:158)
	at org.evosuite.instrumentation.InstrumentingClassLoader.loadClass(InstrumentingClassLoader.java:126)
	at org.evosuite.utils.generic.GenericClassImpl.getClass(GenericClassImpl.java:139)
	at org.evosuite.utils.generic.GenericClassImpl.getClass(GenericClassImpl.java:105)
	at org.evosuite.utils.generic.GenericClassImpl.readObject(GenericClassImpl.java:1671)
	at jdk.internal.reflect.GeneratedMethodAccessor9.invoke(Unknown Source)
	at java.base/jdk.internal.reflect.DelegatingMethodAccessorImpl.invoke(DelegatingMethodAccessorImpl.java:43)
	at java.base/java.lang.reflect.Method.invoke(Method.java:566)
	at java.base/java.io.ObjectStreamClass.invokeReadObject(ObjectStreamClass.java:1046)
	at java.base/java.io.ObjectInputStream.readSerialData(ObjectInputStream.java:2357)
	at java.base/java.io.ObjectInputStream.readOrdinaryObject(ObjectInputStream.java:2228)
	at java.base/java.io.ObjectInputStream.readObject0(ObjectInputStream.java:1687)
	at java.base/java.io.ObjectInputStream.defaultReadFields(ObjectInputStream.java:2496)
	at java.base/java.io.ObjectInputStream.readSerialData(ObjectInputStream.java:2390)
	at java.base/java.io.ObjectInputStream.readOrdinaryObject(ObjectInputStream.java:2228)
	at java.base/java.io.ObjectInputStream.readObject0(ObjectInputStream.java:1687)
	at java.base/java.io.ObjectInputStream.defaultReadFields(ObjectInputStream.java:2496)
	at java.base/java.io.ObjectInputStream.readSerialData(ObjectInputStream.java:2390)
	at java.base/java.io.ObjectInputStream.readOrdinaryObject(ObjectInputStream.java:2228)
	at java.base/java.io.ObjectInputStream.readObject0(ObjectInputStream.java:1687)
	at java.base/java.io.ObjectInputStream.readObject(ObjectInputStream.java:489)
	at java.base/java.io.ObjectInputStream.readObject(ObjectInputStream.java:447)
	at java.base/java.util.ArrayList.readObject(ArrayList.java:929)
	at java.base/jdk.internal.reflect.GeneratedMethodAccessor7.invoke(Unknown Source)
	at java.base/jdk.internal.reflect.DelegatingMethodAccessorImpl.invoke(DelegatingMethodAccessorImpl.java:43)
	at java.base/java.lang.reflect.Method.invoke(Method.java:566)
	at java.base/java.io.ObjectStreamClass.invokeReadObject(ObjectStreamClass.java:1046)
	at java.base/java.io.ObjectInputStream.readSerialData(ObjectInputStream.java:2357)
	at java.base/java.io.ObjectInputStream.readOrdinaryObject(ObjectInputStream.java:2228)
	at java.base/java.io.ObjectInputStream.readObject0(ObjectInputStream.java:1687)
	at java.base/java.io.ObjectInputStream.defaultReadFields(ObjectInputStream.java:2496)
	at java.base/java.io.ObjectInputStream.readSerialData(ObjectInputStream.java:2390)
	at java.base/java.io.ObjectInputStream.readOrdinaryObject(ObjectInputStream.java:2228)
	at java.base/java.io.ObjectInputStream.readObject0(ObjectInputStream.java:1687)
	at java.base/java.io.ObjectInputStream.defaultReadFields(ObjectInputStream.java:2496)
	at java.base/java.io.ObjectInputStream.defaultReadObject(ObjectInputStream.java:625)
	at org.evosuite.testcase.DefaultTestCase.readObject(DefaultTestCase.java:1217)
	at jdk.internal.reflect.GeneratedMethodAccessor15.invoke(Unknown Source)
	at java.base/jdk.internal.reflect.DelegatingMethodAccessorImpl.invoke(DelegatingMethodAccessorImpl.java:43)
	at java.base/java.lang.reflect.Method.invoke(Method.java:566)
	at java.base/java.io.ObjectStreamClass.invokeReadObject(ObjectStreamClass.java:1046)
	at java.base/java.io.ObjectInputStream.readSerialData(ObjectInputStream.java:2357)
	at java.base/java.io.ObjectInputStream.readOrdinaryObject(ObjectInputStream.java:2228)
	at java.base/java.io.ObjectInputStream.readObject0(ObjectInputStream.java:1687)
	at java.base/java.io.ObjectInputStream.defaultReadFields(ObjectInputStream.java:2496)
	at java.base/java.io.ObjectInputStream.readSerialData(ObjectInputStream.java:2390)
	at java.base/java.io.ObjectInputStream.readOrdinaryObject(ObjectInputStream.java:2228)
	at java.base/java.io.ObjectInputStream.readObject0(ObjectInputStream.java:1687)
	at java.base/java.io.ObjectInputStream.readObject(ObjectInputStream.java:489)
	at java.base/java.io.ObjectInputStream.readObject(ObjectInputStream.java:447)
	at java.base/java.util.ArrayList.readObject(ArrayList.java:929)
	at java.base/jdk.internal.reflect.GeneratedMethodAccessor7.invoke(Unknown Source)
	at java.base/jdk.internal.reflect.DelegatingMethodAccessorImpl.invoke(DelegatingMethodAccessorImpl.java:43)
	at java.base/java.lang.reflect.Method.invoke(Method.java:566)
	at java.base/java.io.ObjectStreamClass.invokeReadObject(ObjectStreamClass.java:1046)
	at java.base/java.io.ObjectInputStream.readSerialData(ObjectInputStream.java:2357)
	at java.base/java.io.ObjectInputStream.readOrdinaryObject(ObjectInputStream.java:2228)
	at java.base/java.io.ObjectInputStream.readObject0(ObjectInputStream.java:1687)
	at java.base/java.io.ObjectInputStream.defaultReadFields(ObjectInputStream.java:2496)
	at java.base/java.io.ObjectInputStream.readSerialData(ObjectInputStream.java:2390)
	at java.base/java.io.ObjectInputStream.readOrdinaryObject(ObjectInputStream.java:2228)
	at java.base/java.io.ObjectInputStream.readObject0(ObjectInputStream.java:1687)
	at java.base/java.io.ObjectInputStream.readObject(ObjectInputStream.java:489)
	at java.base/java.io.ObjectInputStream.readObject(ObjectInputStream.java:447)
	at java.rmi/sun.rmi.server.UnicastRef.unmarshalValue(UnicastRef.java:327)
	at java.rmi/sun.rmi.server.UnicastServerRef.dispatch(UnicastServerRef.java:339)
	... 12 common frames omitted
Caused by: java.lang.IllegalArgumentException: expect to get instruction without BasicBlock already set
	at org.evosuite.graphs.cfg.BasicBlock.appendInstruction(BasicBlock.java:225)
	at org.evosuite.graphs.cfg.BasicBlock.setInstructions(BasicBlock.java:206)
	at org.evosuite.graphs.cfg.BasicBlock.<init>(BasicBlock.java:106)
	at org.evosuite.graphs.cfg.RawControlFlowGraph.determineBasicBlockFor(RawControlFlowGraph.java:314)
	at org.evosuite.graphs.cfg.ActualControlFlowGraph.computeNodes(ActualControlFlowGraph.java:295)
	at org.evosuite.graphs.cfg.ActualControlFlowGraph.computeGraph(ActualControlFlowGraph.java:262)
	at org.evosuite.graphs.cfg.ActualControlFlowGraph.<init>(ActualControlFlowGraph.java:97)
	at org.evosuite.graphs.cfg.CFGGenerator.computeActualCFG(CFGGenerator.java:218)
	at org.evosuite.graphs.cfg.CFGGenerator.registerCFGs(CFGGenerator.java:102)
	at org.evosuite.graphs.cfg.CFGMethodAdapter.visitEnd(CFGMethodAdapter.java:219)
	at org.evosuite.shaded.org.objectweb.asm.MethodVisitor.visitEnd(MethodVisitor.java:783)
	at org.evosuite.shaded.org.objectweb.asm.MethodVisitor.visitEnd(MethodVisitor.java:783)
	at org.evosuite.shaded.org.objectweb.asm.MethodVisitor.visitEnd(MethodVisitor.java:783)
	at org.evosuite.shaded.org.objectweb.asm.tree.MethodNode.accept(MethodNode.java:772)
	at org.evosuite.shaded.org.objectweb.asm.tree.MethodNode.accept(MethodNode.java:649)
	at org.evosuite.shaded.org.objectweb.asm.tree.ClassNode.accept(ClassNode.java:452)
	at org.evosuite.instrumentation.BytecodeInstrumentation.transformBytes(BytecodeInstrumentation.java:282)
	at org.evosuite.instrumentation.InstrumentingClassLoader.getTransformedBytes(InstrumentingClassLoader.java:135)
	at org.evosuite.instrumentation.InstrumentingClassLoader.instrumentClass(InstrumentingClassLoader.java:149)
	... 77 common frames omitted
[Progress:===========>                  39%] [Cov:===============>                   44%][Progress:===========>                  39%] [Cov:=================>                 49%][Progress:============>                 40%] [Cov:===============>                   45%][Progress:============>                 40%] [Cov:=================>                 49%][MASTER] 12:35:33.804 [logback-1] WARN  ClientNodeImpl - Cannot send statistics to master; continuing without statistics
java.rmi.ServerException: RemoteException occurred in server thread; nested exception is: 
	java.rmi.UnmarshalException: error unmarshalling arguments; nested exception is: 
	java.lang.ClassNotFoundException: expect to get instruction without BasicBlock already set
	at java.rmi/sun.rmi.server.UnicastServerRef.dispatch(UnicastServerRef.java:391)
	at java.rmi/sun.rmi.transport.Transport$1.run(Transport.java:200)
	at java.rmi/sun.rmi.transport.Transport$1.run(Transport.java:197)
	at java.base/java.security.AccessController.doPrivileged(Native Method)
	at java.rmi/sun.rmi.transport.Transport.serviceCall(Transport.java:196)
	at java.rmi/sun.rmi.transport.tcp.TCPTransport.handleMessages(TCPTransport.java:562)
	at java.rmi/sun.rmi.transport.tcp.TCPTransport$ConnectionHandler.run0(TCPTransport.java:796)
	at java.rmi/sun.rmi.transport.tcp.TCPTransport$ConnectionHandler.lambda$run$0(TCPTransport.java:677)
	at java.base/java.security.AccessController.doPrivileged(Native Method)
	at java.rmi/sun.rmi.transport.tcp.TCPTransport$ConnectionHandler.run(TCPTransport.java:676)
	at java.base/java.util.concurrent.ThreadPoolExecutor.runWorker(ThreadPoolExecutor.java:1128)
	at java.base/java.util.concurrent.ThreadPoolExecutor$Worker.run(ThreadPoolExecutor.java:628)
	at java.base/java.lang.Thread.run(Thread.java:829)
	at java.rmi/sun.rmi.transport.StreamRemoteCall.exceptionReceivedFromServer(StreamRemoteCall.java:303)
	at java.rmi/sun.rmi.transport.StreamRemoteCall.executeCall(StreamRemoteCall.java:279)
	at java.rmi/sun.rmi.server.UnicastRef.invoke(UnicastRef.java:164)
	at java.rmi/java.rmi.server.RemoteObjectInvocationHandler.invokeRemoteMethod(RemoteObjectInvocationHandler.java:217)
	at java.rmi/java.rmi.server.RemoteObjectInvocationHandler.invoke(RemoteObjectInvocationHandler.java:162)
	at com.sun.proxy.$Proxy7.evosuite_collectStatistics(Unknown Source)
	at org.evosuite.rmi.service.ClientNodeImpl.updateStatistics(ClientNodeImpl.java:251)
	at org.evosuite.statistics.StatisticsSender.sendIndividualToMaster(StatisticsSender.java:62)
	at org.evosuite.statistics.StatisticsListener.lambda$new$0(StatisticsListener.java:76)
	at java.base/java.lang.Thread.run(Thread.java:829)
Caused by: java.rmi.UnmarshalException: error unmarshalling arguments; nested exception is: 
	java.lang.ClassNotFoundException: expect to get instruction without BasicBlock already set
	at java.rmi/sun.rmi.server.UnicastServerRef.dispatch(UnicastServerRef.java:350)
	at java.rmi/sun.rmi.transport.Transport$1.run(Transport.java:200)
	at java.rmi/sun.rmi.transport.Transport$1.run(Transport.java:197)
	at java.base/java.security.AccessController.doPrivileged(Native Method)
	at java.rmi/sun.rmi.transport.Transport.serviceCall(Transport.java:196)
	at java.rmi/sun.rmi.transport.tcp.TCPTransport.handleMessages(TCPTransport.java:562)
	at java.rmi/sun.rmi.transport.tcp.TCPTransport$ConnectionHandler.run0(TCPTransport.java:796)
	at java.rmi/sun.rmi.transport.tcp.TCPTransport$ConnectionHandler.lambda$run$0(TCPTransport.java:677)
	at java.base/java.security.AccessController.doPrivileged(Native Method)
	at java.rmi/sun.rmi.transport.tcp.TCPTransport$ConnectionHandler.run(TCPTransport.java:676)
	at java.base/java.util.concurrent.ThreadPoolExecutor.runWorker(ThreadPoolExecutor.java:1128)
	at java.base/java.util.concurrent.ThreadPoolExecutor$Worker.run(ThreadPoolExecutor.java:628)
	... 1 common frames omitted
Caused by: java.lang.ClassNotFoundException: expect to get instruction without BasicBlock already set
	at org.evosuite.instrumentation.InstrumentingClassLoader.instrumentClass(InstrumentingClassLoader.java:158)
	at org.evosuite.instrumentation.InstrumentingClassLoader.loadClass(InstrumentingClassLoader.java:126)
	at org.evosuite.utils.generic.GenericClassImpl.getClass(GenericClassImpl.java:139)
	at org.evosuite.utils.generic.GenericClassImpl.getClass(GenericClassImpl.java:105)
	at org.evosuite.utils.generic.GenericClassImpl.readObject(GenericClassImpl.java:1671)
	at jdk.internal.reflect.GeneratedMethodAccessor9.invoke(Unknown Source)
	at java.base/jdk.internal.reflect.DelegatingMethodAccessorImpl.invoke(DelegatingMethodAccessorImpl.java:43)
	at java.base/java.lang.reflect.Method.invoke(Method.java:566)
	at java.base/java.io.ObjectStreamClass.invokeReadObject(ObjectStreamClass.java:1046)
	at java.base/java.io.ObjectInputStream.readSerialData(ObjectInputStream.java:2357)
	at java.base/java.io.ObjectInputStream.readOrdinaryObject(ObjectInputStream.java:2228)
	at java.base/java.io.ObjectInputStream.readObject0(ObjectInputStream.java:1687)
	at java.base/java.io.ObjectInputStream.defaultReadFields(ObjectInputStream.java:2496)
	at java.base/java.io.ObjectInputStream.readSerialData(ObjectInputStream.java:2390)
	at java.base/java.io.ObjectInputStream.readOrdinaryObject(ObjectInputStream.java:2228)
	at java.base/java.io.ObjectInputStream.readObject0(ObjectInputStream.java:1687)
	at java.base/java.io.ObjectInputStream.defaultReadFields(ObjectInputStream.java:2496)
	at java.base/java.io.ObjectInputStream.readSerialData(ObjectInputStream.java:2390)
	at java.base/java.io.ObjectInputStream.readOrdinaryObject(ObjectInputStream.java:2228)
	at java.base/java.io.ObjectInputStream.readObject0(ObjectInputStream.java:1687)
	at java.base/java.io.ObjectInputStream.readObject(ObjectInputStream.java:489)
	at java.base/java.io.ObjectInputStream.readObject(ObjectInputStream.java:447)
	at java.base/java.util.ArrayList.readObject(ArrayList.java:929)
	at java.base/jdk.internal.reflect.GeneratedMethodAccessor7.invoke(Unknown Source)
	at java.base/jdk.internal.reflect.DelegatingMethodAccessorImpl.invoke(DelegatingMethodAccessorImpl.java:43)
	at java.base/java.lang.reflect.Method.invoke(Method.java:566)
	at java.base/java.io.ObjectStreamClass.invokeReadObject(ObjectStreamClass.java:1046)
	at java.base/java.io.ObjectInputStream.readSerialData(ObjectInputStream.java:2357)
	at java.base/java.io.ObjectInputStream.readOrdinaryObject(ObjectInputStream.java:2228)
	at java.base/java.io.ObjectInputStream.readObject0(ObjectInputStream.java:1687)
	at java.base/java.io.ObjectInputStream.defaultReadFields(ObjectInputStream.java:2496)
	at java.base/java.io.ObjectInputStream.readSerialData(ObjectInputStream.java:2390)
	at java.base/java.io.ObjectInputStream.readOrdinaryObject(ObjectInputStream.java:2228)
	at java.base/java.io.ObjectInputStream.readObject0(ObjectInputStream.java:1687)
	at java.base/java.io.ObjectInputStream.defaultReadFields(ObjectInputStream.java:2496)
	at java.base/java.io.ObjectInputStream.defaultReadObject(ObjectInputStream.java:625)
	at org.evosuite.testcase.DefaultTestCase.readObject(DefaultTestCase.java:1217)
	at jdk.internal.reflect.GeneratedMethodAccessor15.invoke(Unknown Source)
	at java.base/jdk.internal.reflect.DelegatingMethodAccessorImpl.invoke(DelegatingMethodAccessorImpl.java:43)
	at java.base/java.lang.reflect.Method.invoke(Method.java:566)
	at java.base/java.io.ObjectStreamClass.invokeReadObject(ObjectStreamClass.java:1046)
	at java.base/java.io.ObjectInputStream.readSerialData(ObjectInputStream.java:2357)
	at java.base/java.io.ObjectInputStream.readOrdinaryObject(ObjectInputStream.java:2228)
	at java.base/java.io.ObjectInputStream.readObject0(ObjectInputStream.java:1687)
	at java.base/java.io.ObjectInputStream.defaultReadFields(ObjectInputStream.java:2496)
	at java.base/java.io.ObjectInputStream.readSerialData(ObjectInputStream.java:2390)
	at java.base/java.io.ObjectInputStream.readOrdinaryObject(ObjectInputStream.java:2228)
	at java.base/java.io.ObjectInputStream.readObject0(ObjectInputStream.java:1687)
	at java.base/java.io.ObjectInputStream.readObject(ObjectInputStream.java:489)
	at java.base/java.io.ObjectInputStream.readObject(ObjectInputStream.java:447)
	at java.base/java.util.ArrayList.readObject(ArrayList.java:929)
	at java.base/jdk.internal.reflect.GeneratedMethodAccessor7.invoke(Unknown Source)
	at java.base/jdk.internal.reflect.DelegatingMethodAccessorImpl.invoke(DelegatingMethodAccessorImpl.java:43)
	at java.base/java.lang.reflect.Method.invoke(Method.java:566)
	at java.base/java.io.ObjectStreamClass.invokeReadObject(ObjectStreamClass.java:1046)
	at java.base/java.io.ObjectInputStream.readSerialData(ObjectInputStream.java:2357)
	at java.base/java.io.ObjectInputStream.readOrdinaryObject(ObjectInputStream.java:2228)
	at java.base/java.io.ObjectInputStream.readObject0(ObjectInputStream.java:1687)
	at java.base/java.io.ObjectInputStream.defaultReadFields(ObjectInputStream.java:2496)
	at java.base/java.io.ObjectInputStream.readSerialData(ObjectInputStream.java:2390)
	at java.base/java.io.ObjectInputStream.readOrdinaryObject(ObjectInputStream.java:2228)
	at java.base/java.io.ObjectInputStream.readObject0(ObjectInputStream.java:1687)
	at java.base/java.io.ObjectInputStream.readObject(ObjectInputStream.java:489)
	at java.base/java.io.ObjectInputStream.readObject(ObjectInputStream.java:447)
	at java.rmi/sun.rmi.server.UnicastRef.unmarshalValue(UnicastRef.java:327)
	at java.rmi/sun.rmi.server.UnicastServerRef.dispatch(UnicastServerRef.java:339)
	... 12 common frames omitted
Caused by: java.lang.IllegalArgumentException: expect to get instruction without BasicBlock already set
	at org.evosuite.graphs.cfg.BasicBlock.appendInstruction(BasicBlock.java:225)
	at org.evosuite.graphs.cfg.BasicBlock.setInstructions(BasicBlock.java:206)
	at org.evosuite.graphs.cfg.BasicBlock.<init>(BasicBlock.java:106)
	at org.evosuite.graphs.cfg.RawControlFlowGraph.determineBasicBlockFor(RawControlFlowGraph.java:314)
	at org.evosuite.graphs.cfg.ActualControlFlowGraph.computeNodes(ActualControlFlowGraph.java:295)
	at org.evosuite.graphs.cfg.ActualControlFlowGraph.computeGraph(ActualControlFlowGraph.java:262)
	at org.evosuite.graphs.cfg.ActualControlFlowGraph.<init>(ActualControlFlowGraph.java:97)
	at org.evosuite.graphs.cfg.CFGGenerator.computeActualCFG(CFGGenerator.java:218)
	at org.evosuite.graphs.cfg.CFGGenerator.registerCFGs(CFGGenerator.java:102)
	at org.evosuite.graphs.cfg.CFGMethodAdapter.visitEnd(CFGMethodAdapter.java:219)
	at org.evosuite.shaded.org.objectweb.asm.MethodVisitor.visitEnd(MethodVisitor.java:783)
	at org.evosuite.shaded.org.objectweb.asm.MethodVisitor.visitEnd(MethodVisitor.java:783)
	at org.evosuite.shaded.org.objectweb.asm.MethodVisitor.visitEnd(MethodVisitor.java:783)
	at org.evosuite.shaded.org.objectweb.asm.tree.MethodNode.accept(MethodNode.java:772)
	at org.evosuite.shaded.org.objectweb.asm.tree.MethodNode.accept(MethodNode.java:649)
	at org.evosuite.shaded.org.objectweb.asm.tree.ClassNode.accept(ClassNode.java:452)
	at org.evosuite.instrumentation.BytecodeInstrumentation.transformBytes(BytecodeInstrumentation.java:282)
	at org.evosuite.instrumentation.InstrumentingClassLoader.getTransformedBytes(InstrumentingClassLoader.java:135)
	at org.evosuite.instrumentation.InstrumentingClassLoader.instrumentClass(InstrumentingClassLoader.java:149)
	... 77 common frames omitted
[Progress:============>                 40%] [Cov:=================>                 49%][MASTER] 12:35:35.174 [logback-1] WARN  ClientNodeImpl - Cannot send statistics to master; continuing without statistics
java.rmi.ServerException: RemoteException occurred in server thread; nested exception is: 
	java.rmi.UnmarshalException: error unmarshalling arguments; nested exception is: 
	java.lang.ClassNotFoundException: expect to get instruction without BasicBlock already set
	at java.rmi/sun.rmi.server.UnicastServerRef.dispatch(UnicastServerRef.java:391)
	at java.rmi/sun.rmi.transport.Transport$1.run(Transport.java:200)
	at java.rmi/sun.rmi.transport.Transport$1.run(Transport.java:197)
	at java.base/java.security.AccessController.doPrivileged(Native Method)
	at java.rmi/sun.rmi.transport.Transport.serviceCall(Transport.java:196)
	at java.rmi/sun.rmi.transport.tcp.TCPTransport.handleMessages(TCPTransport.java:562)
	at java.rmi/sun.rmi.transport.tcp.TCPTransport$ConnectionHandler.run0(TCPTransport.java:796)
	at java.rmi/sun.rmi.transport.tcp.TCPTransport$ConnectionHandler.lambda$run$0(TCPTransport.java:677)
	at java.base/java.security.AccessController.doPrivileged(Native Method)
	at java.rmi/sun.rmi.transport.tcp.TCPTransport$ConnectionHandler.run(TCPTransport.java:676)
	at java.base/java.util.concurrent.ThreadPoolExecutor.runWorker(ThreadPoolExecutor.java:1128)
	at java.base/java.util.concurrent.ThreadPoolExecutor$Worker.run(ThreadPoolExecutor.java:628)
	at java.base/java.lang.Thread.run(Thread.java:829)
	at java.rmi/sun.rmi.transport.StreamRemoteCall.exceptionReceivedFromServer(StreamRemoteCall.java:303)
	at java.rmi/sun.rmi.transport.StreamRemoteCall.executeCall(StreamRemoteCall.java:279)
	at java.rmi/sun.rmi.server.UnicastRef.invoke(UnicastRef.java:164)
	at java.rmi/java.rmi.server.RemoteObjectInvocationHandler.invokeRemoteMethod(RemoteObjectInvocationHandler.java:217)
	at java.rmi/java.rmi.server.RemoteObjectInvocationHandler.invoke(RemoteObjectInvocationHandler.java:162)
	at com.sun.proxy.$Proxy7.evosuite_collectStatistics(Unknown Source)
	at org.evosuite.rmi.service.ClientNodeImpl.updateStatistics(ClientNodeImpl.java:251)
	at org.evosuite.statistics.StatisticsSender.sendIndividualToMaster(StatisticsSender.java:62)
	at org.evosuite.statistics.StatisticsListener.lambda$new$0(StatisticsListener.java:76)
	at java.base/java.lang.Thread.run(Thread.java:829)
Caused by: java.rmi.UnmarshalException: error unmarshalling arguments; nested exception is: 
	java.lang.ClassNotFoundException: expect to get instruction without BasicBlock already set
	at java.rmi/sun.rmi.server.UnicastServerRef.dispatch(UnicastServerRef.java:350)
	at java.rmi/sun.rmi.transport.Transport$1.run(Transport.java:200)
	at java.rmi/sun.rmi.transport.Transport$1.run(Transport.java:197)
	at java.base/java.security.AccessController.doPrivileged(Native Method)
	at java.rmi/sun.rmi.transport.Transport.serviceCall(Transport.java:196)
	at java.rmi/sun.rmi.transport.tcp.TCPTransport.handleMessages(TCPTransport.java:562)
	at java.rmi/sun.rmi.transport.tcp.TCPTransport$ConnectionHandler.run0(TCPTransport.java:796)
	at java.rmi/sun.rmi.transport.tcp.TCPTransport$ConnectionHandler.lambda$run$0(TCPTransport.java:677)
	at java.base/java.security.AccessController.doPrivileged(Native Method)
	at java.rmi/sun.rmi.transport.tcp.TCPTransport$ConnectionHandler.run(TCPTransport.java:676)
	at java.base/java.util.concurrent.ThreadPoolExecutor.runWorker(ThreadPoolExecutor.java:1128)
	at java.base/java.util.concurrent.ThreadPoolExecutor$Worker.run(ThreadPoolExecutor.java:628)
	... 1 common frames omitted
Caused by: java.lang.ClassNotFoundException: expect to get instruction without BasicBlock already set
	at org.evosuite.instrumentation.InstrumentingClassLoader.instrumentClass(InstrumentingClassLoader.java:158)
	at org.evosuite.instrumentation.InstrumentingClassLoader.loadClass(InstrumentingClassLoader.java:126)
	at org.evosuite.utils.generic.GenericClassImpl.getClass(GenericClassImpl.java:139)
	at org.evosuite.utils.generic.GenericClassImpl.getClass(GenericClassImpl.java:105)
	at org.evosuite.utils.generic.GenericClassImpl.readObject(GenericClassImpl.java:1671)
	at jdk.internal.reflect.GeneratedMethodAccessor9.invoke(Unknown Source)
	at java.base/jdk.internal.reflect.DelegatingMethodAccessorImpl.invoke(DelegatingMethodAccessorImpl.java:43)
	at java.base/java.lang.reflect.Method.invoke(Method.java:566)
	at java.base/java.io.ObjectStreamClass.invokeReadObject(ObjectStreamClass.java:1046)
	at java.base/java.io.ObjectInputStream.readSerialData(ObjectInputStream.java:2357)
	at java.base/java.io.ObjectInputStream.readOrdinaryObject(ObjectInputStream.java:2228)
	at java.base/java.io.ObjectInputStream.readObject0(ObjectInputStream.java:1687)
	at java.base/java.io.ObjectInputStream.defaultReadFields(ObjectInputStream.java:2496)
	at java.base/java.io.ObjectInputStream.readSerialData(ObjectInputStream.java:2390)
	at java.base/java.io.ObjectInputStream.readOrdinaryObject(ObjectInputStream.java:2228)
	at java.base/java.io.ObjectInputStream.readObject0(ObjectInputStream.java:1687)
	at java.base/java.io.ObjectInputStream.defaultReadFields(ObjectInputStream.java:2496)
	at java.base/java.io.ObjectInputStream.readSerialData(ObjectInputStream.java:2390)
	at java.base/java.io.ObjectInputStream.readOrdinaryObject(ObjectInputStream.java:2228)
	at java.base/java.io.ObjectInputStream.readObject0(ObjectInputStream.java:1687)
	at java.base/java.io.ObjectInputStream.readObject(ObjectInputStream.java:489)
	at java.base/java.io.ObjectInputStream.readObject(ObjectInputStream.java:447)
	at java.base/java.util.ArrayList.readObject(ArrayList.java:929)
	at java.base/jdk.internal.reflect.GeneratedMethodAccessor7.invoke(Unknown Source)
	at java.base/jdk.internal.reflect.DelegatingMethodAccessorImpl.invoke(DelegatingMethodAccessorImpl.java:43)
	at java.base/java.lang.reflect.Method.invoke(Method.java:566)
	at java.base/java.io.ObjectStreamClass.invokeReadObject(ObjectStreamClass.java:1046)
	at java.base/java.io.ObjectInputStream.readSerialData(ObjectInputStream.java:2357)
	at java.base/java.io.ObjectInputStream.readOrdinaryObject(ObjectInputStream.java:2228)
	at java.base/java.io.ObjectInputStream.readObject0(ObjectInputStream.java:1687)
	at java.base/java.io.ObjectInputStream.defaultReadFields(ObjectInputStream.java:2496)
	at java.base/java.io.ObjectInputStream.readSerialData(ObjectInputStream.java:2390)
	at java.base/java.io.ObjectInputStream.readOrdinaryObject(ObjectInputStream.java:2228)
	at java.base/java.io.ObjectInputStream.readObject0(ObjectInputStream.java:1687)
	at java.base/java.io.ObjectInputStream.defaultReadFields(ObjectInputStream.java:2496)
	at java.base/java.io.ObjectInputStream.defaultReadObject(ObjectInputStream.java:625)
	at org.evosuite.testcase.DefaultTestCase.readObject(DefaultTestCase.java:1217)
	at jdk.internal.reflect.GeneratedMethodAccessor15.invoke(Unknown Source)
	at java.base/jdk.internal.reflect.DelegatingMethodAccessorImpl.invoke(DelegatingMethodAccessorImpl.java:43)
	at java.base/java.lang.reflect.Method.invoke(Method.java:566)
	at java.base/java.io.ObjectStreamClass.invokeReadObject(ObjectStreamClass.java:1046)
	at java.base/java.io.ObjectInputStream.readSerialData(ObjectInputStream.java:2357)
	at java.base/java.io.ObjectInputStream.readOrdinaryObject(ObjectInputStream.java:2228)
	at java.base/java.io.ObjectInputStream.readObject0(ObjectInputStream.java:1687)
	at java.base/java.io.ObjectInputStream.defaultReadFields(ObjectInputStream.java:2496)
	at java.base/java.io.ObjectInputStream.readSerialData(ObjectInputStream.java:2390)
	at java.base/java.io.ObjectInputStream.readOrdinaryObject(ObjectInputStream.java:2228)
	at java.base/java.io.ObjectInputStream.readObject0(ObjectInputStream.java:1687)
	at java.base/java.io.ObjectInputStream.readObject(ObjectInputStream.java:489)
	at java.base/java.io.ObjectInputStream.readObject(ObjectInputStream.java:447)
	at java.base/java.util.ArrayList.readObject(ArrayList.java:929)
	at java.base/jdk.internal.reflect.GeneratedMethodAccessor7.invoke(Unknown Source)
	at java.base/jdk.internal.reflect.DelegatingMethodAccessorImpl.invoke(DelegatingMethodAccessorImpl.java:43)
	at java.base/java.lang.reflect.Method.invoke(Method.java:566)
	at java.base/java.io.ObjectStreamClass.invokeReadObject(ObjectStreamClass.java:1046)
	at java.base/java.io.ObjectInputStream.readSerialData(ObjectInputStream.java:2357)
	at java.base/java.io.ObjectInputStream.readOrdinaryObject(ObjectInputStream.java:2228)
	at java.base/java.io.ObjectInputStream.readObject0(ObjectInputStream.java:1687)
	at java.base/java.io.ObjectInputStream.defaultReadFields(ObjectInputStream.java:2496)
	at java.base/java.io.ObjectInputStream.readSerialData(ObjectInputStream.java:2390)
	at java.base/java.io.ObjectInputStream.readOrdinaryObject(ObjectInputStream.java:2228)
	at java.base/java.io.ObjectInputStream.readObject0(ObjectInputStream.java:1687)
	at java.base/java.io.ObjectInputStream.readObject(ObjectInputStream.java:489)
	at java.base/java.io.ObjectInputStream.readObject(ObjectInputStream.java:447)
	at java.rmi/sun.rmi.server.UnicastRef.unmarshalValue(UnicastRef.java:327)
	at java.rmi/sun.rmi.server.UnicastServerRef.dispatch(UnicastServerRef.java:339)
	... 12 common frames omitted
Caused by: java.lang.IllegalArgumentException: expect to get instruction without BasicBlock already set
	at org.evosuite.graphs.cfg.BasicBlock.appendInstruction(BasicBlock.java:225)
	at org.evosuite.graphs.cfg.BasicBlock.setInstructions(BasicBlock.java:206)
	at org.evosuite.graphs.cfg.BasicBlock.<init>(BasicBlock.java:106)
	at org.evosuite.graphs.cfg.RawControlFlowGraph.determineBasicBlockFor(RawControlFlowGraph.java:314)
	at org.evosuite.graphs.cfg.ActualControlFlowGraph.computeNodes(ActualControlFlowGraph.java:295)
	at org.evosuite.graphs.cfg.ActualControlFlowGraph.computeGraph(ActualControlFlowGraph.java:262)
	at org.evosuite.graphs.cfg.ActualControlFlowGraph.<init>(ActualControlFlowGraph.java:97)
	at org.evosuite.graphs.cfg.CFGGenerator.computeActualCFG(CFGGenerator.java:218)
	at org.evosuite.graphs.cfg.CFGGenerator.registerCFGs(CFGGenerator.java:102)
	at org.evosuite.graphs.cfg.CFGMethodAdapter.visitEnd(CFGMethodAdapter.java:219)
	at org.evosuite.shaded.org.objectweb.asm.MethodVisitor.visitEnd(MethodVisitor.java:783)
	at org.evosuite.shaded.org.objectweb.asm.MethodVisitor.visitEnd(MethodVisitor.java:783)
	at org.evosuite.shaded.org.objectweb.asm.MethodVisitor.visitEnd(MethodVisitor.java:783)
	at org.evosuite.shaded.org.objectweb.asm.tree.MethodNode.accept(MethodNode.java:772)
	at org.evosuite.shaded.org.objectweb.asm.tree.MethodNode.accept(MethodNode.java:649)
	at org.evosuite.shaded.org.objectweb.asm.tree.ClassNode.accept(ClassNode.java:452)
	at org.evosuite.instrumentation.BytecodeInstrumentation.transformBytes(BytecodeInstrumentation.java:282)
	at org.evosuite.instrumentation.InstrumentingClassLoader.getTransformedBytes(InstrumentingClassLoader.java:135)
	at org.evosuite.instrumentation.InstrumentingClassLoader.instrumentClass(InstrumentingClassLoader.java:149)
	... 77 common frames omitted
[Progress:============>                 41%] [Cov:===============>                   44%][Progress:============>                 41%] [Cov:=================>                 49%][Progress:============>                 41%] [Cov:=================>                 50%][Progress:============>                 41%] [Cov:=================>                 50%][Progress:============>                 42%] [Cov:=================>                 50%][MASTER] 12:35:36.648 [logback-1] WARN  ClientNodeImpl - Cannot send statistics to master; continuing without statistics
java.rmi.ServerException: RemoteException occurred in server thread; nested exception is: 
	java.rmi.UnmarshalException: error unmarshalling arguments; nested exception is: 
	java.lang.ClassNotFoundException: expect to get instruction without BasicBlock already set
	at java.rmi/sun.rmi.server.UnicastServerRef.dispatch(UnicastServerRef.java:391)
	at java.rmi/sun.rmi.transport.Transport$1.run(Transport.java:200)
	at java.rmi/sun.rmi.transport.Transport$1.run(Transport.java:197)
	at java.base/java.security.AccessController.doPrivileged(Native Method)
	at java.rmi/sun.rmi.transport.Transport.serviceCall(Transport.java:196)
	at java.rmi/sun.rmi.transport.tcp.TCPTransport.handleMessages(TCPTransport.java:562)
	at java.rmi/sun.rmi.transport.tcp.TCPTransport$ConnectionHandler.run0(TCPTransport.java:796)
	at java.rmi/sun.rmi.transport.tcp.TCPTransport$ConnectionHandler.lambda$run$0(TCPTransport.java:677)
	at java.base/java.security.AccessController.doPrivileged(Native Method)
	at java.rmi/sun.rmi.transport.tcp.TCPTransport$ConnectionHandler.run(TCPTransport.java:676)
	at java.base/java.util.concurrent.ThreadPoolExecutor.runWorker(ThreadPoolExecutor.java:1128)
	at java.base/java.util.concurrent.ThreadPoolExecutor$Worker.run(ThreadPoolExecutor.java:628)
	at java.base/java.lang.Thread.run(Thread.java:829)
	at java.rmi/sun.rmi.transport.StreamRemoteCall.exceptionReceivedFromServer(StreamRemoteCall.java:303)
	at java.rmi/sun.rmi.transport.StreamRemoteCall.executeCall(StreamRemoteCall.java:279)
	at java.rmi/sun.rmi.server.UnicastRef.invoke(UnicastRef.java:164)
	at java.rmi/java.rmi.server.RemoteObjectInvocationHandler.invokeRemoteMethod(RemoteObjectInvocationHandler.java:217)
	at java.rmi/java.rmi.server.RemoteObjectInvocationHandler.invoke(RemoteObjectInvocationHandler.java:162)
	at com.sun.proxy.$Proxy7.evosuite_collectStatistics(Unknown Source)
	at org.evosuite.rmi.service.ClientNodeImpl.updateStatistics(ClientNodeImpl.java:251)
	at org.evosuite.statistics.StatisticsSender.sendIndividualToMaster(StatisticsSender.java:62)
	at org.evosuite.statistics.StatisticsListener.lambda$new$0(StatisticsListener.java:76)
	at java.base/java.lang.Thread.run(Thread.java:829)
Caused by: java.rmi.UnmarshalException: error unmarshalling arguments; nested exception is: 
	java.lang.ClassNotFoundException: expect to get instruction without BasicBlock already set
	at java.rmi/sun.rmi.server.UnicastServerRef.dispatch(UnicastServerRef.java:350)
	at java.rmi/sun.rmi.transport.Transport$1.run(Transport.java:200)
	at java.rmi/sun.rmi.transport.Transport$1.run(Transport.java:197)
	at java.base/java.security.AccessController.doPrivileged(Native Method)
	at java.rmi/sun.rmi.transport.Transport.serviceCall(Transport.java:196)
	at java.rmi/sun.rmi.transport.tcp.TCPTransport.handleMessages(TCPTransport.java:562)
	at java.rmi/sun.rmi.transport.tcp.TCPTransport$ConnectionHandler.run0(TCPTransport.java:796)
	at java.rmi/sun.rmi.transport.tcp.TCPTransport$ConnectionHandler.lambda$run$0(TCPTransport.java:677)
	at java.base/java.security.AccessController.doPrivileged(Native Method)
	at java.rmi/sun.rmi.transport.tcp.TCPTransport$ConnectionHandler.run(TCPTransport.java:676)
	at java.base/java.util.concurrent.ThreadPoolExecutor.runWorker(ThreadPoolExecutor.java:1128)
	at java.base/java.util.concurrent.ThreadPoolExecutor$Worker.run(ThreadPoolExecutor.java:628)
	... 1 common frames omitted
Caused by: java.lang.ClassNotFoundException: expect to get instruction without BasicBlock already set
	at org.evosuite.instrumentation.InstrumentingClassLoader.instrumentClass(InstrumentingClassLoader.java:158)
	at org.evosuite.instrumentation.InstrumentingClassLoader.loadClass(InstrumentingClassLoader.java:126)
	at org.evosuite.utils.generic.GenericClassImpl.getClass(GenericClassImpl.java:139)
	at org.evosuite.utils.generic.GenericClassImpl.getClass(GenericClassImpl.java:105)
	at org.evosuite.utils.generic.GenericClassImpl.readObject(GenericClassImpl.java:1671)
	at jdk.internal.reflect.GeneratedMethodAccessor9.invoke(Unknown Source)
	at java.base/jdk.internal.reflect.DelegatingMethodAccessorImpl.invoke(DelegatingMethodAccessorImpl.java:43)
	at java.base/java.lang.reflect.Method.invoke(Method.java:566)
	at java.base/java.io.ObjectStreamClass.invokeReadObject(ObjectStreamClass.java:1046)
	at java.base/java.io.ObjectInputStream.readSerialData(ObjectInputStream.java:2357)
	at java.base/java.io.ObjectInputStream.readOrdinaryObject(ObjectInputStream.java:2228)
	at java.base/java.io.ObjectInputStream.readObject0(ObjectInputStream.java:1687)
	at java.base/java.io.ObjectInputStream.defaultReadFields(ObjectInputStream.java:2496)
	at java.base/java.io.ObjectInputStream.readSerialData(ObjectInputStream.java:2390)
	at java.base/java.io.ObjectInputStream.readOrdinaryObject(ObjectInputStream.java:2228)
	at java.base/java.io.ObjectInputStream.readObject0(ObjectInputStream.java:1687)
	at java.base/java.io.ObjectInputStream.defaultReadFields(ObjectInputStream.java:2496)
	at java.base/java.io.ObjectInputStream.readSerialData(ObjectInputStream.java:2390)
	at java.base/java.io.ObjectInputStream.readOrdinaryObject(ObjectInputStream.java:2228)
	at java.base/java.io.ObjectInputStream.readObject0(ObjectInputStream.java:1687)
	at java.base/java.io.ObjectInputStream.readObject(ObjectInputStream.java:489)
	at java.base/java.io.ObjectInputStream.readObject(ObjectInputStream.java:447)
	at java.base/java.util.ArrayList.readObject(ArrayList.java:929)
	at java.base/jdk.internal.reflect.GeneratedMethodAccessor7.invoke(Unknown Source)
	at java.base/jdk.internal.reflect.DelegatingMethodAccessorImpl.invoke(DelegatingMethodAccessorImpl.java:43)
	at java.base/java.lang.reflect.Method.invoke(Method.java:566)
	at java.base/java.io.ObjectStreamClass.invokeReadObject(ObjectStreamClass.java:1046)
	at java.base/java.io.ObjectInputStream.readSerialData(ObjectInputStream.java:2357)
	at java.base/java.io.ObjectInputStream.readOrdinaryObject(ObjectInputStream.java:2228)
	at java.base/java.io.ObjectInputStream.readObject0(ObjectInputStream.java:1687)
	at java.base/java.io.ObjectInputStream.defaultReadFields(ObjectInputStream.java:2496)
	at java.base/java.io.ObjectInputStream.readSerialData(ObjectInputStream.java:2390)
	at java.base/java.io.ObjectInputStream.readOrdinaryObject(ObjectInputStream.java:2228)
	at java.base/java.io.ObjectInputStream.readObject0(ObjectInputStream.java:1687)
	at java.base/java.io.ObjectInputStream.defaultReadFields(ObjectInputStream.java:2496)
	at java.base/java.io.ObjectInputStream.defaultReadObject(ObjectInputStream.java:625)
	at org.evosuite.testcase.DefaultTestCase.readObject(DefaultTestCase.java:1217)
	at jdk.internal.reflect.GeneratedMethodAccessor15.invoke(Unknown Source)
	at java.base/jdk.internal.reflect.DelegatingMethodAccessorImpl.invoke(DelegatingMethodAccessorImpl.java:43)
	at java.base/java.lang.reflect.Method.invoke(Method.java:566)
	at java.base/java.io.ObjectStreamClass.invokeReadObject(ObjectStreamClass.java:1046)
	at java.base/java.io.ObjectInputStream.readSerialData(ObjectInputStream.java:2357)
	at java.base/java.io.ObjectInputStream.readOrdinaryObject(ObjectInputStream.java:2228)
	at java.base/java.io.ObjectInputStream.readObject0(ObjectInputStream.java:1687)
	at java.base/java.io.ObjectInputStream.defaultReadFields(ObjectInputStream.java:2496)
	at java.base/java.io.ObjectInputStream.readSerialData(ObjectInputStream.java:2390)
	at java.base/java.io.ObjectInputStream.readOrdinaryObject(ObjectInputStream.java:2228)
	at java.base/java.io.ObjectInputStream.readObject0(ObjectInputStream.java:1687)
	at java.base/java.io.ObjectInputStream.readObject(ObjectInputStream.java:489)
	at java.base/java.io.ObjectInputStream.readObject(ObjectInputStream.java:447)
	at java.base/java.util.ArrayList.readObject(ArrayList.java:929)
	at java.base/jdk.internal.reflect.GeneratedMethodAccessor7.invoke(Unknown Source)
	at java.base/jdk.internal.reflect.DelegatingMethodAccessorImpl.invoke(DelegatingMethodAccessorImpl.java:43)
	at java.base/java.lang.reflect.Method.invoke(Method.java:566)
	at java.base/java.io.ObjectStreamClass.invokeReadObject(ObjectStreamClass.java:1046)
	at java.base/java.io.ObjectInputStream.readSerialData(ObjectInputStream.java:2357)
	at java.base/java.io.ObjectInputStream.readOrdinaryObject(ObjectInputStream.java:2228)
	at java.base/java.io.ObjectInputStream.readObject0(ObjectInputStream.java:1687)
	at java.base/java.io.ObjectInputStream.defaultReadFields(ObjectInputStream.java:2496)
	at java.base/java.io.ObjectInputStream.readSerialData(ObjectInputStream.java:2390)
	at java.base/java.io.ObjectInputStream.readOrdinaryObject(ObjectInputStream.java:2228)
	at java.base/java.io.ObjectInputStream.readObject0(ObjectInputStream.java:1687)
	at java.base/java.io.ObjectInputStream.readObject(ObjectInputStream.java:489)
	at java.base/java.io.ObjectInputStream.readObject(ObjectInputStream.java:447)
	at java.rmi/sun.rmi.server.UnicastRef.unmarshalValue(UnicastRef.java:327)
	at java.rmi/sun.rmi.server.UnicastServerRef.dispatch(UnicastServerRef.java:339)
	... 12 common frames omitted
Caused by: java.lang.IllegalArgumentException: expect to get instruction without BasicBlock already set
	at org.evosuite.graphs.cfg.BasicBlock.appendInstruction(BasicBlock.java:225)
	at org.evosuite.graphs.cfg.BasicBlock.setInstructions(BasicBlock.java:206)
	at org.evosuite.graphs.cfg.BasicBlock.<init>(BasicBlock.java:106)
	at org.evosuite.graphs.cfg.RawControlFlowGraph.determineBasicBlockFor(RawControlFlowGraph.java:314)
	at org.evosuite.graphs.cfg.ActualControlFlowGraph.computeNodes(ActualControlFlowGraph.java:295)
	at org.evosuite.graphs.cfg.ActualControlFlowGraph.computeGraph(ActualControlFlowGraph.java:262)
	at org.evosuite.graphs.cfg.ActualControlFlowGraph.<init>(ActualControlFlowGraph.java:97)
	at org.evosuite.graphs.cfg.CFGGenerator.computeActualCFG(CFGGenerator.java:218)
	at org.evosuite.graphs.cfg.CFGGenerator.registerCFGs(CFGGenerator.java:102)
	at org.evosuite.graphs.cfg.CFGMethodAdapter.visitEnd(CFGMethodAdapter.java:219)
	at org.evosuite.shaded.org.objectweb.asm.MethodVisitor.visitEnd(MethodVisitor.java:783)
	at org.evosuite.shaded.org.objectweb.asm.MethodVisitor.visitEnd(MethodVisitor.java:783)
	at org.evosuite.shaded.org.objectweb.asm.MethodVisitor.visitEnd(MethodVisitor.java:783)
	at org.evosuite.shaded.org.objectweb.asm.tree.MethodNode.accept(MethodNode.java:772)
	at org.evosuite.shaded.org.objectweb.asm.tree.MethodNode.accept(MethodNode.java:649)
	at org.evosuite.shaded.org.objectweb.asm.tree.ClassNode.accept(ClassNode.java:452)
	at org.evosuite.instrumentation.BytecodeInstrumentation.transformBytes(BytecodeInstrumentation.java:282)
	at org.evosuite.instrumentation.InstrumentingClassLoader.getTransformedBytes(InstrumentingClassLoader.java:135)
	at org.evosuite.instrumentation.InstrumentingClassLoader.instrumentClass(InstrumentingClassLoader.java:149)
	... 77 common frames omitted
[Progress:============>                 42%] [Cov:==================>                52%][Progress:============>                 43%] [Cov:===============>                   45%][Progress:============>                 43%] [Cov:=================>                 49%][Progress:============>                 43%] [Cov:=================>                 50%][Progress:============>                 43%] [Cov:==================>                52%][MASTER] 12:35:38.124 [logback-1] WARN  ClientNodeImpl - Cannot send statistics to master; continuing without statistics
java.rmi.ServerException: RemoteException occurred in server thread; nested exception is: 
	java.rmi.UnmarshalException: error unmarshalling arguments; nested exception is: 
	java.lang.ClassNotFoundException: expect to get instruction without BasicBlock already set
	at java.rmi/sun.rmi.server.UnicastServerRef.dispatch(UnicastServerRef.java:391)
	at java.rmi/sun.rmi.transport.Transport$1.run(Transport.java:200)
	at java.rmi/sun.rmi.transport.Transport$1.run(Transport.java:197)
	at java.base/java.security.AccessController.doPrivileged(Native Method)
	at java.rmi/sun.rmi.transport.Transport.serviceCall(Transport.java:196)
	at java.rmi/sun.rmi.transport.tcp.TCPTransport.handleMessages(TCPTransport.java:562)
	at java.rmi/sun.rmi.transport.tcp.TCPTransport$ConnectionHandler.run0(TCPTransport.java:796)
	at java.rmi/sun.rmi.transport.tcp.TCPTransport$ConnectionHandler.lambda$run$0(TCPTransport.java:677)
	at java.base/java.security.AccessController.doPrivileged(Native Method)
	at java.rmi/sun.rmi.transport.tcp.TCPTransport$ConnectionHandler.run(TCPTransport.java:676)
	at java.base/java.util.concurrent.ThreadPoolExecutor.runWorker(ThreadPoolExecutor.java:1128)
	at java.base/java.util.concurrent.ThreadPoolExecutor$Worker.run(ThreadPoolExecutor.java:628)
	at java.base/java.lang.Thread.run(Thread.java:829)
	at java.rmi/sun.rmi.transport.StreamRemoteCall.exceptionReceivedFromServer(StreamRemoteCall.java:303)
	at java.rmi/sun.rmi.transport.StreamRemoteCall.executeCall(StreamRemoteCall.java:279)
	at java.rmi/sun.rmi.server.UnicastRef.invoke(UnicastRef.java:164)
	at java.rmi/java.rmi.server.RemoteObjectInvocationHandler.invokeRemoteMethod(RemoteObjectInvocationHandler.java:217)
	at java.rmi/java.rmi.server.RemoteObjectInvocationHandler.invoke(RemoteObjectInvocationHandler.java:162)
	at com.sun.proxy.$Proxy7.evosuite_collectStatistics(Unknown Source)
	at org.evosuite.rmi.service.ClientNodeImpl.updateStatistics(ClientNodeImpl.java:251)
	at org.evosuite.statistics.StatisticsSender.sendIndividualToMaster(StatisticsSender.java:62)
	at org.evosuite.statistics.StatisticsListener.lambda$new$0(StatisticsListener.java:76)
	at java.base/java.lang.Thread.run(Thread.java:829)
Caused by: java.rmi.UnmarshalException: error unmarshalling arguments; nested exception is: 
	java.lang.ClassNotFoundException: expect to get instruction without BasicBlock already set
	at java.rmi/sun.rmi.server.UnicastServerRef.dispatch(UnicastServerRef.java:350)
	at java.rmi/sun.rmi.transport.Transport$1.run(Transport.java:200)
	at java.rmi/sun.rmi.transport.Transport$1.run(Transport.java:197)
	at java.base/java.security.AccessController.doPrivileged(Native Method)
	at java.rmi/sun.rmi.transport.Transport.serviceCall(Transport.java:196)
	at java.rmi/sun.rmi.transport.tcp.TCPTransport.handleMessages(TCPTransport.java:562)
	at java.rmi/sun.rmi.transport.tcp.TCPTransport$ConnectionHandler.run0(TCPTransport.java:796)
	at java.rmi/sun.rmi.transport.tcp.TCPTransport$ConnectionHandler.lambda$run$0(TCPTransport.java:677)
	at java.base/java.security.AccessController.doPrivileged(Native Method)
	at java.rmi/sun.rmi.transport.tcp.TCPTransport$ConnectionHandler.run(TCPTransport.java:676)
	at java.base/java.util.concurrent.ThreadPoolExecutor.runWorker(ThreadPoolExecutor.java:1128)
	at java.base/java.util.concurrent.ThreadPoolExecutor$Worker.run(ThreadPoolExecutor.java:628)
	... 1 common frames omitted
Caused by: java.lang.ClassNotFoundException: expect to get instruction without BasicBlock already set
	at org.evosuite.instrumentation.InstrumentingClassLoader.instrumentClass(InstrumentingClassLoader.java:158)
	at org.evosuite.instrumentation.InstrumentingClassLoader.loadClass(InstrumentingClassLoader.java:126)
	at org.evosuite.utils.generic.GenericClassImpl.getClass(GenericClassImpl.java:139)
	at org.evosuite.utils.generic.GenericClassImpl.getClass(GenericClassImpl.java:105)
	at org.evosuite.utils.generic.GenericClassImpl.readObject(GenericClassImpl.java:1671)
	at jdk.internal.reflect.GeneratedMethodAccessor9.invoke(Unknown Source)
	at java.base/jdk.internal.reflect.DelegatingMethodAccessorImpl.invoke(DelegatingMethodAccessorImpl.java:43)
	at java.base/java.lang.reflect.Method.invoke(Method.java:566)
	at java.base/java.io.ObjectStreamClass.invokeReadObject(ObjectStreamClass.java:1046)
	at java.base/java.io.ObjectInputStream.readSerialData(ObjectInputStream.java:2357)
	at java.base/java.io.ObjectInputStream.readOrdinaryObject(ObjectInputStream.java:2228)
	at java.base/java.io.ObjectInputStream.readObject0(ObjectInputStream.java:1687)
	at java.base/java.io.ObjectInputStream.defaultReadFields(ObjectInputStream.java:2496)
	at java.base/java.io.ObjectInputStream.readSerialData(ObjectInputStream.java:2390)
	at java.base/java.io.ObjectInputStream.readOrdinaryObject(ObjectInputStream.java:2228)
	at java.base/java.io.ObjectInputStream.readObject0(ObjectInputStream.java:1687)
	at java.base/java.io.ObjectInputStream.defaultReadFields(ObjectInputStream.java:2496)
	at java.base/java.io.ObjectInputStream.readSerialData(ObjectInputStream.java:2390)
	at java.base/java.io.ObjectInputStream.readOrdinaryObject(ObjectInputStream.java:2228)
	at java.base/java.io.ObjectInputStream.readObject0(ObjectInputStream.java:1687)
	at java.base/java.io.ObjectInputStream.readObject(ObjectInputStream.java:489)
	at java.base/java.io.ObjectInputStream.readObject(ObjectInputStream.java:447)
	at java.base/java.util.ArrayList.readObject(ArrayList.java:929)
	at java.base/jdk.internal.reflect.GeneratedMethodAccessor7.invoke(Unknown Source)
	at java.base/jdk.internal.reflect.DelegatingMethodAccessorImpl.invoke(DelegatingMethodAccessorImpl.java:43)
	at java.base/java.lang.reflect.Method.invoke(Method.java:566)
	at java.base/java.io.ObjectStreamClass.invokeReadObject(ObjectStreamClass.java:1046)
	at java.base/java.io.ObjectInputStream.readSerialData(ObjectInputStream.java:2357)
	at java.base/java.io.ObjectInputStream.readOrdinaryObject(ObjectInputStream.java:2228)
	at java.base/java.io.ObjectInputStream.readObject0(ObjectInputStream.java:1687)
	at java.base/java.io.ObjectInputStream.defaultReadFields(ObjectInputStream.java:2496)
	at java.base/java.io.ObjectInputStream.readSerialData(ObjectInputStream.java:2390)
	at java.base/java.io.ObjectInputStream.readOrdinaryObject(ObjectInputStream.java:2228)
	at java.base/java.io.ObjectInputStream.readObject0(ObjectInputStream.java:1687)
	at java.base/java.io.ObjectInputStream.defaultReadFields(ObjectInputStream.java:2496)
	at java.base/java.io.ObjectInputStream.defaultReadObject(ObjectInputStream.java:625)
	at org.evosuite.testcase.DefaultTestCase.readObject(DefaultTestCase.java:1217)
	at jdk.internal.reflect.GeneratedMethodAccessor15.invoke(Unknown Source)
	at java.base/jdk.internal.reflect.DelegatingMethodAccessorImpl.invoke(DelegatingMethodAccessorImpl.java:43)
	at java.base/java.lang.reflect.Method.invoke(Method.java:566)
	at java.base/java.io.ObjectStreamClass.invokeReadObject(ObjectStreamClass.java:1046)
	at java.base/java.io.ObjectInputStream.readSerialData(ObjectInputStream.java:2357)
	at java.base/java.io.ObjectInputStream.readOrdinaryObject(ObjectInputStream.java:2228)
	at java.base/java.io.ObjectInputStream.readObject0(ObjectInputStream.java:1687)
	at java.base/java.io.ObjectInputStream.defaultReadFields(ObjectInputStream.java:2496)
	at java.base/java.io.ObjectInputStream.readSerialData(ObjectInputStream.java:2390)
	at java.base/java.io.ObjectInputStream.readOrdinaryObject(ObjectInputStream.java:2228)
	at java.base/java.io.ObjectInputStream.readObject0(ObjectInputStream.java:1687)
	at java.base/java.io.ObjectInputStream.readObject(ObjectInputStream.java:489)
	at java.base/java.io.ObjectInputStream.readObject(ObjectInputStream.java:447)
	at java.base/java.util.ArrayList.readObject(ArrayList.java:929)
	at java.base/jdk.internal.reflect.GeneratedMethodAccessor7.invoke(Unknown Source)
	at java.base/jdk.internal.reflect.DelegatingMethodAccessorImpl.invoke(DelegatingMethodAccessorImpl.java:43)
	at java.base/java.lang.reflect.Method.invoke(Method.java:566)
	at java.base/java.io.ObjectStreamClass.invokeReadObject(ObjectStreamClass.java:1046)
	at java.base/java.io.ObjectInputStream.readSerialData(ObjectInputStream.java:2357)
	at java.base/java.io.ObjectInputStream.readOrdinaryObject(ObjectInputStream.java:2228)
	at java.base/java.io.ObjectInputStream.readObject0(ObjectInputStream.java:1687)
	at java.base/java.io.ObjectInputStream.defaultReadFields(ObjectInputStream.java:2496)
	at java.base/java.io.ObjectInputStream.readSerialData(ObjectInputStream.java:2390)
	at java.base/java.io.ObjectInputStream.readOrdinaryObject(ObjectInputStream.java:2228)
	at java.base/java.io.ObjectInputStream.readObject0(ObjectInputStream.java:1687)
	at java.base/java.io.ObjectInputStream.readObject(ObjectInputStream.java:489)
	at java.base/java.io.ObjectInputStream.readObject(ObjectInputStream.java:447)
	at java.rmi/sun.rmi.server.UnicastRef.unmarshalValue(UnicastRef.java:327)
	at java.rmi/sun.rmi.server.UnicastServerRef.dispatch(UnicastServerRef.java:339)
	... 12 common frames omitted
Caused by: java.lang.IllegalArgumentException: expect to get instruction without BasicBlock already set
	at org.evosuite.graphs.cfg.BasicBlock.appendInstruction(BasicBlock.java:225)
	at org.evosuite.graphs.cfg.BasicBlock.setInstructions(BasicBlock.java:206)
	at org.evosuite.graphs.cfg.BasicBlock.<init>(BasicBlock.java:106)
	at org.evosuite.graphs.cfg.RawControlFlowGraph.determineBasicBlockFor(RawControlFlowGraph.java:314)
	at org.evosuite.graphs.cfg.ActualControlFlowGraph.computeNodes(ActualControlFlowGraph.java:295)
	at org.evosuite.graphs.cfg.ActualControlFlowGraph.computeGraph(ActualControlFlowGraph.java:262)
	at org.evosuite.graphs.cfg.ActualControlFlowGraph.<init>(ActualControlFlowGraph.java:97)
	at org.evosuite.graphs.cfg.CFGGenerator.computeActualCFG(CFGGenerator.java:218)
	at org.evosuite.graphs.cfg.CFGGenerator.registerCFGs(CFGGenerator.java:102)
	at org.evosuite.graphs.cfg.CFGMethodAdapter.visitEnd(CFGMethodAdapter.java:219)
	at org.evosuite.shaded.org.objectweb.asm.MethodVisitor.visitEnd(MethodVisitor.java:783)
	at org.evosuite.shaded.org.objectweb.asm.MethodVisitor.visitEnd(MethodVisitor.java:783)
	at org.evosuite.shaded.org.objectweb.asm.MethodVisitor.visitEnd(MethodVisitor.java:783)
	at org.evosuite.shaded.org.objectweb.asm.tree.MethodNode.accept(MethodNode.java:772)
	at org.evosuite.shaded.org.objectweb.asm.tree.MethodNode.accept(MethodNode.java:649)
	at org.evosuite.shaded.org.objectweb.asm.tree.ClassNode.accept(ClassNode.java:452)
	at org.evosuite.instrumentation.BytecodeInstrumentation.transformBytes(BytecodeInstrumentation.java:282)
	at org.evosuite.instrumentation.InstrumentingClassLoader.getTransformedBytes(InstrumentingClassLoader.java:135)
	at org.evosuite.instrumentation.InstrumentingClassLoader.instrumentClass(InstrumentingClassLoader.java:149)
	... 77 common frames omitted
[Progress:=============>                44%] [Cov:=================>                 50%][Progress:=============>                44%] [Cov:==================>                52%][Progress:=============>                45%] [Cov:=================>                 49%][Progress:=============>                45%] [Cov:==================>                52%][MASTER] 12:35:39.731 [logback-1] WARN  ClientNodeImpl - Cannot send statistics to master; continuing without statistics
java.rmi.ServerException: RemoteException occurred in server thread; nested exception is: 
	java.rmi.UnmarshalException: error unmarshalling arguments; nested exception is: 
	java.lang.ClassNotFoundException: expect to get instruction without BasicBlock already set
	at java.rmi/sun.rmi.server.UnicastServerRef.dispatch(UnicastServerRef.java:391)
	at java.rmi/sun.rmi.transport.Transport$1.run(Transport.java:200)
	at java.rmi/sun.rmi.transport.Transport$1.run(Transport.java:197)
	at java.base/java.security.AccessController.doPrivileged(Native Method)
	at java.rmi/sun.rmi.transport.Transport.serviceCall(Transport.java:196)
	at java.rmi/sun.rmi.transport.tcp.TCPTransport.handleMessages(TCPTransport.java:562)
	at java.rmi/sun.rmi.transport.tcp.TCPTransport$ConnectionHandler.run0(TCPTransport.java:796)
	at java.rmi/sun.rmi.transport.tcp.TCPTransport$ConnectionHandler.lambda$run$0(TCPTransport.java:677)
	at java.base/java.security.AccessController.doPrivileged(Native Method)
	at java.rmi/sun.rmi.transport.tcp.TCPTransport$ConnectionHandler.run(TCPTransport.java:676)
	at java.base/java.util.concurrent.ThreadPoolExecutor.runWorker(ThreadPoolExecutor.java:1128)
	at java.base/java.util.concurrent.ThreadPoolExecutor$Worker.run(ThreadPoolExecutor.java:628)
	at java.base/java.lang.Thread.run(Thread.java:829)
	at java.rmi/sun.rmi.transport.StreamRemoteCall.exceptionReceivedFromServer(StreamRemoteCall.java:303)
	at java.rmi/sun.rmi.transport.StreamRemoteCall.executeCall(StreamRemoteCall.java:279)
	at java.rmi/sun.rmi.server.UnicastRef.invoke(UnicastRef.java:164)
	at java.rmi/java.rmi.server.RemoteObjectInvocationHandler.invokeRemoteMethod(RemoteObjectInvocationHandler.java:217)
	at java.rmi/java.rmi.server.RemoteObjectInvocationHandler.invoke(RemoteObjectInvocationHandler.java:162)
	at com.sun.proxy.$Proxy7.evosuite_collectStatistics(Unknown Source)
	at org.evosuite.rmi.service.ClientNodeImpl.updateStatistics(ClientNodeImpl.java:251)
	at org.evosuite.statistics.StatisticsSender.sendIndividualToMaster(StatisticsSender.java:62)
	at org.evosuite.statistics.StatisticsListener.lambda$new$0(StatisticsListener.java:76)
	at java.base/java.lang.Thread.run(Thread.java:829)
Caused by: java.rmi.UnmarshalException: error unmarshalling arguments; nested exception is: 
	java.lang.ClassNotFoundException: expect to get instruction without BasicBlock already set
	at java.rmi/sun.rmi.server.UnicastServerRef.dispatch(UnicastServerRef.java:350)
	at java.rmi/sun.rmi.transport.Transport$1.run(Transport.java:200)
	at java.rmi/sun.rmi.transport.Transport$1.run(Transport.java:197)
	at java.base/java.security.AccessController.doPrivileged(Native Method)
	at java.rmi/sun.rmi.transport.Transport.serviceCall(Transport.java:196)
	at java.rmi/sun.rmi.transport.tcp.TCPTransport.handleMessages(TCPTransport.java:562)
	at java.rmi/sun.rmi.transport.tcp.TCPTransport$ConnectionHandler.run0(TCPTransport.java:796)
	at java.rmi/sun.rmi.transport.tcp.TCPTransport$ConnectionHandler.lambda$run$0(TCPTransport.java:677)
	at java.base/java.security.AccessController.doPrivileged(Native Method)
	at java.rmi/sun.rmi.transport.tcp.TCPTransport$ConnectionHandler.run(TCPTransport.java:676)
	at java.base/java.util.concurrent.ThreadPoolExecutor.runWorker(ThreadPoolExecutor.java:1128)
	at java.base/java.util.concurrent.ThreadPoolExecutor$Worker.run(ThreadPoolExecutor.java:628)
	... 1 common frames omitted
Caused by: java.lang.ClassNotFoundException: expect to get instruction without BasicBlock already set
	at org.evosuite.instrumentation.InstrumentingClassLoader.instrumentClass(InstrumentingClassLoader.java:158)
	at org.evosuite.instrumentation.InstrumentingClassLoader.loadClass(InstrumentingClassLoader.java:126)
	at org.evosuite.utils.generic.GenericClassImpl.getClass(GenericClassImpl.java:139)
	at org.evosuite.utils.generic.GenericClassImpl.getClass(GenericClassImpl.java:105)
	at org.evosuite.utils.generic.GenericClassImpl.readObject(GenericClassImpl.java:1671)
	at jdk.internal.reflect.GeneratedMethodAccessor9.invoke(Unknown Source)
	at java.base/jdk.internal.reflect.DelegatingMethodAccessorImpl.invoke(DelegatingMethodAccessorImpl.java:43)
	at java.base/java.lang.reflect.Method.invoke(Method.java:566)
	at java.base/java.io.ObjectStreamClass.invokeReadObject(ObjectStreamClass.java:1046)
	at java.base/java.io.ObjectInputStream.readSerialData(ObjectInputStream.java:2357)
	at java.base/java.io.ObjectInputStream.readOrdinaryObject(ObjectInputStream.java:2228)
	at java.base/java.io.ObjectInputStream.readObject0(ObjectInputStream.java:1687)
	at java.base/java.io.ObjectInputStream.defaultReadFields(ObjectInputStream.java:2496)
	at java.base/java.io.ObjectInputStream.readSerialData(ObjectInputStream.java:2390)
	at java.base/java.io.ObjectInputStream.readOrdinaryObject(ObjectInputStream.java:2228)
	at java.base/java.io.ObjectInputStream.readObject0(ObjectInputStream.java:1687)
	at java.base/java.io.ObjectInputStream.defaultReadFields(ObjectInputStream.java:2496)
	at java.base/java.io.ObjectInputStream.readSerialData(ObjectInputStream.java:2390)
	at java.base/java.io.ObjectInputStream.readOrdinaryObject(ObjectInputStream.java:2228)
	at java.base/java.io.ObjectInputStream.readObject0(ObjectInputStream.java:1687)
	at java.base/java.io.ObjectInputStream.readObject(ObjectInputStream.java:489)
	at java.base/java.io.ObjectInputStream.readObject(ObjectInputStream.java:447)
	at java.base/java.util.ArrayList.readObject(ArrayList.java:929)
	at java.base/jdk.internal.reflect.GeneratedMethodAccessor7.invoke(Unknown Source)
	at java.base/jdk.internal.reflect.DelegatingMethodAccessorImpl.invoke(DelegatingMethodAccessorImpl.java:43)
	at java.base/java.lang.reflect.Method.invoke(Method.java:566)
	at java.base/java.io.ObjectStreamClass.invokeReadObject(ObjectStreamClass.java:1046)
	at java.base/java.io.ObjectInputStream.readSerialData(ObjectInputStream.java:2357)
	at java.base/java.io.ObjectInputStream.readOrdinaryObject(ObjectInputStream.java:2228)
	at java.base/java.io.ObjectInputStream.readObject0(ObjectInputStream.java:1687)
	at java.base/java.io.ObjectInputStream.defaultReadFields(ObjectInputStream.java:2496)
	at java.base/java.io.ObjectInputStream.readSerialData(ObjectInputStream.java:2390)
	at java.base/java.io.ObjectInputStream.readOrdinaryObject(ObjectInputStream.java:2228)
	at java.base/java.io.ObjectInputStream.readObject0(ObjectInputStream.java:1687)
	at java.base/java.io.ObjectInputStream.defaultReadFields(ObjectInputStream.java:2496)
	at java.base/java.io.ObjectInputStream.defaultReadObject(ObjectInputStream.java:625)
	at org.evosuite.testcase.DefaultTestCase.readObject(DefaultTestCase.java:1217)
	at jdk.internal.reflect.GeneratedMethodAccessor15.invoke(Unknown Source)
	at java.base/jdk.internal.reflect.DelegatingMethodAccessorImpl.invoke(DelegatingMethodAccessorImpl.java:43)
	at java.base/java.lang.reflect.Method.invoke(Method.java:566)
	at java.base/java.io.ObjectStreamClass.invokeReadObject(ObjectStreamClass.java:1046)
	at java.base/java.io.ObjectInputStream.readSerialData(ObjectInputStream.java:2357)
	at java.base/java.io.ObjectInputStream.readOrdinaryObject(ObjectInputStream.java:2228)
	at java.base/java.io.ObjectInputStream.readObject0(ObjectInputStream.java:1687)
	at java.base/java.io.ObjectInputStream.defaultReadFields(ObjectInputStream.java:2496)
	at java.base/java.io.ObjectInputStream.readSerialData(ObjectInputStream.java:2390)
	at java.base/java.io.ObjectInputStream.readOrdinaryObject(ObjectInputStream.java:2228)
	at java.base/java.io.ObjectInputStream.readObject0(ObjectInputStream.java:1687)
	at java.base/java.io.ObjectInputStream.readObject(ObjectInputStream.java:489)
	at java.base/java.io.ObjectInputStream.readObject(ObjectInputStream.java:447)
	at java.base/java.util.ArrayList.readObject(ArrayList.java:929)
	at java.base/jdk.internal.reflect.GeneratedMethodAccessor7.invoke(Unknown Source)
	at java.base/jdk.internal.reflect.DelegatingMethodAccessorImpl.invoke(DelegatingMethodAccessorImpl.java:43)
	at java.base/java.lang.reflect.Method.invoke(Method.java:566)
	at java.base/java.io.ObjectStreamClass.invokeReadObject(ObjectStreamClass.java:1046)
	at java.base/java.io.ObjectInputStream.readSerialData(ObjectInputStream.java:2357)
	at java.base/java.io.ObjectInputStream.readOrdinaryObject(ObjectInputStream.java:2228)
	at java.base/java.io.ObjectInputStream.readObject0(ObjectInputStream.java:1687)
	at java.base/java.io.ObjectInputStream.defaultReadFields(ObjectInputStream.java:2496)
	at java.base/java.io.ObjectInputStream.readSerialData(ObjectInputStream.java:2390)
	at java.base/java.io.ObjectInputStream.readOrdinaryObject(ObjectInputStream.java:2228)
	at java.base/java.io.ObjectInputStream.readObject0(ObjectInputStream.java:1687)
	at java.base/java.io.ObjectInputStream.readObject(ObjectInputStream.java:489)
	at java.base/java.io.ObjectInputStream.readObject(ObjectInputStream.java:447)
	at java.rmi/sun.rmi.server.UnicastRef.unmarshalValue(UnicastRef.java:327)
	at java.rmi/sun.rmi.server.UnicastServerRef.dispatch(UnicastServerRef.java:339)
	... 12 common frames omitted
Caused by: java.lang.IllegalArgumentException: expect to get instruction without BasicBlock already set
	at org.evosuite.graphs.cfg.BasicBlock.appendInstruction(BasicBlock.java:225)
	at org.evosuite.graphs.cfg.BasicBlock.setInstructions(BasicBlock.java:206)
	at org.evosuite.graphs.cfg.BasicBlock.<init>(BasicBlock.java:106)
	at org.evosuite.graphs.cfg.RawControlFlowGraph.determineBasicBlockFor(RawControlFlowGraph.java:314)
	at org.evosuite.graphs.cfg.ActualControlFlowGraph.computeNodes(ActualControlFlowGraph.java:295)
	at org.evosuite.graphs.cfg.ActualControlFlowGraph.computeGraph(ActualControlFlowGraph.java:262)
	at org.evosuite.graphs.cfg.ActualControlFlowGraph.<init>(ActualControlFlowGraph.java:97)
	at org.evosuite.graphs.cfg.CFGGenerator.computeActualCFG(CFGGenerator.java:218)
	at org.evosuite.graphs.cfg.CFGGenerator.registerCFGs(CFGGenerator.java:102)
	at org.evosuite.graphs.cfg.CFGMethodAdapter.visitEnd(CFGMethodAdapter.java:219)
	at org.evosuite.shaded.org.objectweb.asm.MethodVisitor.visitEnd(MethodVisitor.java:783)
	at org.evosuite.shaded.org.objectweb.asm.MethodVisitor.visitEnd(MethodVisitor.java:783)
	at org.evosuite.shaded.org.objectweb.asm.MethodVisitor.visitEnd(MethodVisitor.java:783)
	at org.evosuite.shaded.org.objectweb.asm.tree.MethodNode.accept(MethodNode.java:772)
	at org.evosuite.shaded.org.objectweb.asm.tree.MethodNode.accept(MethodNode.java:649)
	at org.evosuite.shaded.org.objectweb.asm.tree.ClassNode.accept(ClassNode.java:452)
	at org.evosuite.instrumentation.BytecodeInstrumentation.transformBytes(BytecodeInstrumentation.java:282)
	at org.evosuite.instrumentation.InstrumentingClassLoader.getTransformedBytes(InstrumentingClassLoader.java:135)
	at org.evosuite.instrumentation.InstrumentingClassLoader.instrumentClass(InstrumentingClassLoader.java:149)
	... 77 common frames omitted
[Progress:=============>                45%] [Cov:==================>                52%][MASTER] 12:35:41.238 [logback-1] WARN  ClientNodeImpl - Cannot send statistics to master; continuing without statistics
java.rmi.ServerException: RemoteException occurred in server thread; nested exception is: 
	java.rmi.UnmarshalException: error unmarshalling arguments; nested exception is: 
	java.lang.ClassNotFoundException: expect to get instruction without BasicBlock already set
	at java.rmi/sun.rmi.server.UnicastServerRef.dispatch(UnicastServerRef.java:391)
	at java.rmi/sun.rmi.transport.Transport$1.run(Transport.java:200)
	at java.rmi/sun.rmi.transport.Transport$1.run(Transport.java:197)
	at java.base/java.security.AccessController.doPrivileged(Native Method)
	at java.rmi/sun.rmi.transport.Transport.serviceCall(Transport.java:196)
	at java.rmi/sun.rmi.transport.tcp.TCPTransport.handleMessages(TCPTransport.java:562)
	at java.rmi/sun.rmi.transport.tcp.TCPTransport$ConnectionHandler.run0(TCPTransport.java:796)
	at java.rmi/sun.rmi.transport.tcp.TCPTransport$ConnectionHandler.lambda$run$0(TCPTransport.java:677)
	at java.base/java.security.AccessController.doPrivileged(Native Method)
	at java.rmi/sun.rmi.transport.tcp.TCPTransport$ConnectionHandler.run(TCPTransport.java:676)
	at java.base/java.util.concurrent.ThreadPoolExecutor.runWorker(ThreadPoolExecutor.java:1128)
	at java.base/java.util.concurrent.ThreadPoolExecutor$Worker.run(ThreadPoolExecutor.java:628)
	at java.base/java.lang.Thread.run(Thread.java:829)
	at java.rmi/sun.rmi.transport.StreamRemoteCall.exceptionReceivedFromServer(StreamRemoteCall.java:303)
	at java.rmi/sun.rmi.transport.StreamRemoteCall.executeCall(StreamRemoteCall.java:279)
	at java.rmi/sun.rmi.server.UnicastRef.invoke(UnicastRef.java:164)
	at java.rmi/java.rmi.server.RemoteObjectInvocationHandler.invokeRemoteMethod(RemoteObjectInvocationHandler.java:217)
	at java.rmi/java.rmi.server.RemoteObjectInvocationHandler.invoke(RemoteObjectInvocationHandler.java:162)
	at com.sun.proxy.$Proxy7.evosuite_collectStatistics(Unknown Source)
	at org.evosuite.rmi.service.ClientNodeImpl.updateStatistics(ClientNodeImpl.java:251)
	at org.evosuite.statistics.StatisticsSender.sendIndividualToMaster(StatisticsSender.java:62)
	at org.evosuite.statistics.StatisticsListener.lambda$new$0(StatisticsListener.java:76)
	at java.base/java.lang.Thread.run(Thread.java:829)
Caused by: java.rmi.UnmarshalException: error unmarshalling arguments; nested exception is: 
	java.lang.ClassNotFoundException: expect to get instruction without BasicBlock already set
	at java.rmi/sun.rmi.server.UnicastServerRef.dispatch(UnicastServerRef.java:350)
	at java.rmi/sun.rmi.transport.Transport$1.run(Transport.java:200)
	at java.rmi/sun.rmi.transport.Transport$1.run(Transport.java:197)
	at java.base/java.security.AccessController.doPrivileged(Native Method)
	at java.rmi/sun.rmi.transport.Transport.serviceCall(Transport.java:196)
	at java.rmi/sun.rmi.transport.tcp.TCPTransport.handleMessages(TCPTransport.java:562)
	at java.rmi/sun.rmi.transport.tcp.TCPTransport$ConnectionHandler.run0(TCPTransport.java:796)
	at java.rmi/sun.rmi.transport.tcp.TCPTransport$ConnectionHandler.lambda$run$0(TCPTransport.java:677)
	at java.base/java.security.AccessController.doPrivileged(Native Method)
	at java.rmi/sun.rmi.transport.tcp.TCPTransport$ConnectionHandler.run(TCPTransport.java:676)
	at java.base/java.util.concurrent.ThreadPoolExecutor.runWorker(ThreadPoolExecutor.java:1128)
	at java.base/java.util.concurrent.ThreadPoolExecutor$Worker.run(ThreadPoolExecutor.java:628)
	... 1 common frames omitted
Caused by: java.lang.ClassNotFoundException: expect to get instruction without BasicBlock already set
	at org.evosuite.instrumentation.InstrumentingClassLoader.instrumentClass(InstrumentingClassLoader.java:158)
	at org.evosuite.instrumentation.InstrumentingClassLoader.loadClass(InstrumentingClassLoader.java:126)
	at org.evosuite.utils.generic.GenericClassImpl.getClass(GenericClassImpl.java:139)
	at org.evosuite.utils.generic.GenericClassImpl.getClass(GenericClassImpl.java:105)
	at org.evosuite.utils.generic.GenericClassImpl.readObject(GenericClassImpl.java:1671)
	at jdk.internal.reflect.GeneratedMethodAccessor9.invoke(Unknown Source)
	at java.base/jdk.internal.reflect.DelegatingMethodAccessorImpl.invoke(DelegatingMethodAccessorImpl.java:43)
	at java.base/java.lang.reflect.Method.invoke(Method.java:566)
	at java.base/java.io.ObjectStreamClass.invokeReadObject(ObjectStreamClass.java:1046)
	at java.base/java.io.ObjectInputStream.readSerialData(ObjectInputStream.java:2357)
	at java.base/java.io.ObjectInputStream.readOrdinaryObject(ObjectInputStream.java:2228)
	at java.base/java.io.ObjectInputStream.readObject0(ObjectInputStream.java:1687)
	at java.base/java.io.ObjectInputStream.defaultReadFields(ObjectInputStream.java:2496)
	at java.base/java.io.ObjectInputStream.readSerialData(ObjectInputStream.java:2390)
	at java.base/java.io.ObjectInputStream.readOrdinaryObject(ObjectInputStream.java:2228)
	at java.base/java.io.ObjectInputStream.readObject0(ObjectInputStream.java:1687)
	at java.base/java.io.ObjectInputStream.defaultReadFields(ObjectInputStream.java:2496)
	at java.base/java.io.ObjectInputStream.readSerialData(ObjectInputStream.java:2390)
	at java.base/java.io.ObjectInputStream.readOrdinaryObject(ObjectInputStream.java:2228)
	at java.base/java.io.ObjectInputStream.readObject0(ObjectInputStream.java:1687)
	at java.base/java.io.ObjectInputStream.readObject(ObjectInputStream.java:489)
	at java.base/java.io.ObjectInputStream.readObject(ObjectInputStream.java:447)
	at java.base/java.util.ArrayList.readObject(ArrayList.java:929)
	at java.base/jdk.internal.reflect.GeneratedMethodAccessor7.invoke(Unknown Source)
	at java.base/jdk.internal.reflect.DelegatingMethodAccessorImpl.invoke(DelegatingMethodAccessorImpl.java:43)
	at java.base/java.lang.reflect.Method.invoke(Method.java:566)
	at java.base/java.io.ObjectStreamClass.invokeReadObject(ObjectStreamClass.java:1046)
	at java.base/java.io.ObjectInputStream.readSerialData(ObjectInputStream.java:2357)
	at java.base/java.io.ObjectInputStream.readOrdinaryObject(ObjectInputStream.java:2228)
	at java.base/java.io.ObjectInputStream.readObject0(ObjectInputStream.java:1687)
	at java.base/java.io.ObjectInputStream.defaultReadFields(ObjectInputStream.java:2496)
	at java.base/java.io.ObjectInputStream.readSerialData(ObjectInputStream.java:2390)
	at java.base/java.io.ObjectInputStream.readOrdinaryObject(ObjectInputStream.java:2228)
	at java.base/java.io.ObjectInputStream.readObject0(ObjectInputStream.java:1687)
	at java.base/java.io.ObjectInputStream.defaultReadFields(ObjectInputStream.java:2496)
	at java.base/java.io.ObjectInputStream.defaultReadObject(ObjectInputStream.java:625)
	at org.evosuite.testcase.DefaultTestCase.readObject(DefaultTestCase.java:1217)
	at jdk.internal.reflect.GeneratedMethodAccessor15.invoke(Unknown Source)
	at java.base/jdk.internal.reflect.DelegatingMethodAccessorImpl.invoke(DelegatingMethodAccessorImpl.java:43)
	at java.base/java.lang.reflect.Method.invoke(Method.java:566)
	at java.base/java.io.ObjectStreamClass.invokeReadObject(ObjectStreamClass.java:1046)
	at java.base/java.io.ObjectInputStream.readSerialData(ObjectInputStream.java:2357)
	at java.base/java.io.ObjectInputStream.readOrdinaryObject(ObjectInputStream.java:2228)
	at java.base/java.io.ObjectInputStream.readObject0(ObjectInputStream.java:1687)
	at java.base/java.io.ObjectInputStream.defaultReadFields(ObjectInputStream.java:2496)
	at java.base/java.io.ObjectInputStream.readSerialData(ObjectInputStream.java:2390)
	at java.base/java.io.ObjectInputStream.readOrdinaryObject(ObjectInputStream.java:2228)
	at java.base/java.io.ObjectInputStream.readObject0(ObjectInputStream.java:1687)
	at java.base/java.io.ObjectInputStream.readObject(ObjectInputStream.java:489)
	at java.base/java.io.ObjectInputStream.readObject(ObjectInputStream.java:447)
	at java.base/java.util.ArrayList.readObject(ArrayList.java:929)
	at java.base/jdk.internal.reflect.GeneratedMethodAccessor7.invoke(Unknown Source)
	at java.base/jdk.internal.reflect.DelegatingMethodAccessorImpl.invoke(DelegatingMethodAccessorImpl.java:43)
	at java.base/java.lang.reflect.Method.invoke(Method.java:566)
	at java.base/java.io.ObjectStreamClass.invokeReadObject(ObjectStreamClass.java:1046)
	at java.base/java.io.ObjectInputStream.readSerialData(ObjectInputStream.java:2357)
	at java.base/java.io.ObjectInputStream.readOrdinaryObject(ObjectInputStream.java:2228)
	at java.base/java.io.ObjectInputStream.readObject0(ObjectInputStream.java:1687)
	at java.base/java.io.ObjectInputStream.defaultReadFields(ObjectInputStream.java:2496)
	at java.base/java.io.ObjectInputStream.readSerialData(ObjectInputStream.java:2390)
	at java.base/java.io.ObjectInputStream.readOrdinaryObject(ObjectInputStream.java:2228)
	at java.base/java.io.ObjectInputStream.readObject0(ObjectInputStream.java:1687)
	at java.base/java.io.ObjectInputStream.readObject(ObjectInputStream.java:489)
	at java.base/java.io.ObjectInputStream.readObject(ObjectInputStream.java:447)
	at java.rmi/sun.rmi.server.UnicastRef.unmarshalValue(UnicastRef.java:327)
	at java.rmi/sun.rmi.server.UnicastServerRef.dispatch(UnicastServerRef.java:339)
	... 12 common frames omitted
Caused by: java.lang.IllegalArgumentException: expect to get instruction without BasicBlock already set
	at org.evosuite.graphs.cfg.BasicBlock.appendInstruction(BasicBlock.java:225)
	at org.evosuite.graphs.cfg.BasicBlock.setInstructions(BasicBlock.java:206)
	at org.evosuite.graphs.cfg.BasicBlock.<init>(BasicBlock.java:106)
	at org.evosuite.graphs.cfg.RawControlFlowGraph.determineBasicBlockFor(RawControlFlowGraph.java:314)
	at org.evosuite.graphs.cfg.ActualControlFlowGraph.computeNodes(ActualControlFlowGraph.java:295)
	at org.evosuite.graphs.cfg.ActualControlFlowGraph.computeGraph(ActualControlFlowGraph.java:262)
	at org.evosuite.graphs.cfg.ActualControlFlowGraph.<init>(ActualControlFlowGraph.java:97)
	at org.evosuite.graphs.cfg.CFGGenerator.computeActualCFG(CFGGenerator.java:218)
	at org.evosuite.graphs.cfg.CFGGenerator.registerCFGs(CFGGenerator.java:102)
	at org.evosuite.graphs.cfg.CFGMethodAdapter.visitEnd(CFGMethodAdapter.java:219)
	at org.evosuite.shaded.org.objectweb.asm.MethodVisitor.visitEnd(MethodVisitor.java:783)
	at org.evosuite.shaded.org.objectweb.asm.MethodVisitor.visitEnd(MethodVisitor.java:783)
	at org.evosuite.shaded.org.objectweb.asm.MethodVisitor.visitEnd(MethodVisitor.java:783)
	at org.evosuite.shaded.org.objectweb.asm.tree.MethodNode.accept(MethodNode.java:772)
	at org.evosuite.shaded.org.objectweb.asm.tree.MethodNode.accept(MethodNode.java:649)
	at org.evosuite.shaded.org.objectweb.asm.tree.ClassNode.accept(ClassNode.java:452)
	at org.evosuite.instrumentation.BytecodeInstrumentation.transformBytes(BytecodeInstrumentation.java:282)
	at org.evosuite.instrumentation.InstrumentingClassLoader.getTransformedBytes(InstrumentingClassLoader.java:135)
	at org.evosuite.instrumentation.InstrumentingClassLoader.instrumentClass(InstrumentingClassLoader.java:149)
	... 77 common frames omitted
[Progress:=============>                46%] [Cov:==================>                52%][Progress:=============>                46%] [Cov:==================>                52%][Progress:=============>                46%] [Cov:==================>                53%][Progress:==============>               47%] [Cov:==================>                52%][MASTER] 12:35:42.807 [logback-1] WARN  ClientNodeImpl - Cannot send statistics to master; continuing without statistics
java.rmi.ServerException: RemoteException occurred in server thread; nested exception is: 
	java.rmi.UnmarshalException: error unmarshalling arguments; nested exception is: 
	java.lang.ClassNotFoundException: expect to get instruction without BasicBlock already set
	at java.rmi/sun.rmi.server.UnicastServerRef.dispatch(UnicastServerRef.java:391)
	at java.rmi/sun.rmi.transport.Transport$1.run(Transport.java:200)
	at java.rmi/sun.rmi.transport.Transport$1.run(Transport.java:197)
	at java.base/java.security.AccessController.doPrivileged(Native Method)
	at java.rmi/sun.rmi.transport.Transport.serviceCall(Transport.java:196)
	at java.rmi/sun.rmi.transport.tcp.TCPTransport.handleMessages(TCPTransport.java:562)
	at java.rmi/sun.rmi.transport.tcp.TCPTransport$ConnectionHandler.run0(TCPTransport.java:796)
	at java.rmi/sun.rmi.transport.tcp.TCPTransport$ConnectionHandler.lambda$run$0(TCPTransport.java:677)
	at java.base/java.security.AccessController.doPrivileged(Native Method)
	at java.rmi/sun.rmi.transport.tcp.TCPTransport$ConnectionHandler.run(TCPTransport.java:676)
	at java.base/java.util.concurrent.ThreadPoolExecutor.runWorker(ThreadPoolExecutor.java:1128)
	at java.base/java.util.concurrent.ThreadPoolExecutor$Worker.run(ThreadPoolExecutor.java:628)
	at java.base/java.lang.Thread.run(Thread.java:829)
	at java.rmi/sun.rmi.transport.StreamRemoteCall.exceptionReceivedFromServer(StreamRemoteCall.java:303)
	at java.rmi/sun.rmi.transport.StreamRemoteCall.executeCall(StreamRemoteCall.java:279)
	at java.rmi/sun.rmi.server.UnicastRef.invoke(UnicastRef.java:164)
	at java.rmi/java.rmi.server.RemoteObjectInvocationHandler.invokeRemoteMethod(RemoteObjectInvocationHandler.java:217)
	at java.rmi/java.rmi.server.RemoteObjectInvocationHandler.invoke(RemoteObjectInvocationHandler.java:162)
	at com.sun.proxy.$Proxy7.evosuite_collectStatistics(Unknown Source)
	at org.evosuite.rmi.service.ClientNodeImpl.updateStatistics(ClientNodeImpl.java:251)
	at org.evosuite.statistics.StatisticsSender.sendIndividualToMaster(StatisticsSender.java:62)
	at org.evosuite.statistics.StatisticsListener.lambda$new$0(StatisticsListener.java:76)
	at java.base/java.lang.Thread.run(Thread.java:829)
Caused by: java.rmi.UnmarshalException: error unmarshalling arguments; nested exception is: 
	java.lang.ClassNotFoundException: expect to get instruction without BasicBlock already set
	at java.rmi/sun.rmi.server.UnicastServerRef.dispatch(UnicastServerRef.java:350)
	at java.rmi/sun.rmi.transport.Transport$1.run(Transport.java:200)
	at java.rmi/sun.rmi.transport.Transport$1.run(Transport.java:197)
	at java.base/java.security.AccessController.doPrivileged(Native Method)
	at java.rmi/sun.rmi.transport.Transport.serviceCall(Transport.java:196)
	at java.rmi/sun.rmi.transport.tcp.TCPTransport.handleMessages(TCPTransport.java:562)
	at java.rmi/sun.rmi.transport.tcp.TCPTransport$ConnectionHandler.run0(TCPTransport.java:796)
	at java.rmi/sun.rmi.transport.tcp.TCPTransport$ConnectionHandler.lambda$run$0(TCPTransport.java:677)
	at java.base/java.security.AccessController.doPrivileged(Native Method)
	at java.rmi/sun.rmi.transport.tcp.TCPTransport$ConnectionHandler.run(TCPTransport.java:676)
	at java.base/java.util.concurrent.ThreadPoolExecutor.runWorker(ThreadPoolExecutor.java:1128)
	at java.base/java.util.concurrent.ThreadPoolExecutor$Worker.run(ThreadPoolExecutor.java:628)
	... 1 common frames omitted
Caused by: java.lang.ClassNotFoundException: expect to get instruction without BasicBlock already set
	at org.evosuite.instrumentation.InstrumentingClassLoader.instrumentClass(InstrumentingClassLoader.java:158)
	at org.evosuite.instrumentation.InstrumentingClassLoader.loadClass(InstrumentingClassLoader.java:126)
	at org.evosuite.utils.generic.GenericClassImpl.getClass(GenericClassImpl.java:139)
	at org.evosuite.utils.generic.GenericClassImpl.getClass(GenericClassImpl.java:105)
	at org.evosuite.utils.generic.GenericClassImpl.readObject(GenericClassImpl.java:1671)
	at jdk.internal.reflect.GeneratedMethodAccessor9.invoke(Unknown Source)
	at java.base/jdk.internal.reflect.DelegatingMethodAccessorImpl.invoke(DelegatingMethodAccessorImpl.java:43)
	at java.base/java.lang.reflect.Method.invoke(Method.java:566)
	at java.base/java.io.ObjectStreamClass.invokeReadObject(ObjectStreamClass.java:1046)
	at java.base/java.io.ObjectInputStream.readSerialData(ObjectInputStream.java:2357)
	at java.base/java.io.ObjectInputStream.readOrdinaryObject(ObjectInputStream.java:2228)
	at java.base/java.io.ObjectInputStream.readObject0(ObjectInputStream.java:1687)
	at java.base/java.io.ObjectInputStream.defaultReadFields(ObjectInputStream.java:2496)
	at java.base/java.io.ObjectInputStream.readSerialData(ObjectInputStream.java:2390)
	at java.base/java.io.ObjectInputStream.readOrdinaryObject(ObjectInputStream.java:2228)
	at java.base/java.io.ObjectInputStream.readObject0(ObjectInputStream.java:1687)
	at java.base/java.io.ObjectInputStream.defaultReadFields(ObjectInputStream.java:2496)
	at java.base/java.io.ObjectInputStream.readSerialData(ObjectInputStream.java:2390)
	at java.base/java.io.ObjectInputStream.readOrdinaryObject(ObjectInputStream.java:2228)
	at java.base/java.io.ObjectInputStream.readObject0(ObjectInputStream.java:1687)
	at java.base/java.io.ObjectInputStream.readObject(ObjectInputStream.java:489)
	at java.base/java.io.ObjectInputStream.readObject(ObjectInputStream.java:447)
	at java.base/java.util.ArrayList.readObject(ArrayList.java:929)
	at java.base/jdk.internal.reflect.GeneratedMethodAccessor7.invoke(Unknown Source)
	at java.base/jdk.internal.reflect.DelegatingMethodAccessorImpl.invoke(DelegatingMethodAccessorImpl.java:43)
	at java.base/java.lang.reflect.Method.invoke(Method.java:566)
	at java.base/java.io.ObjectStreamClass.invokeReadObject(ObjectStreamClass.java:1046)
	at java.base/java.io.ObjectInputStream.readSerialData(ObjectInputStream.java:2357)
	at java.base/java.io.ObjectInputStream.readOrdinaryObject(ObjectInputStream.java:2228)
	at java.base/java.io.ObjectInputStream.readObject0(ObjectInputStream.java:1687)
	at java.base/java.io.ObjectInputStream.defaultReadFields(ObjectInputStream.java:2496)
	at java.base/java.io.ObjectInputStream.readSerialData(ObjectInputStream.java:2390)
	at java.base/java.io.ObjectInputStream.readOrdinaryObject(ObjectInputStream.java:2228)
	at java.base/java.io.ObjectInputStream.readObject0(ObjectInputStream.java:1687)
	at java.base/java.io.ObjectInputStream.defaultReadFields(ObjectInputStream.java:2496)
	at java.base/java.io.ObjectInputStream.defaultReadObject(ObjectInputStream.java:625)
	at org.evosuite.testcase.DefaultTestCase.readObject(DefaultTestCase.java:1217)
	at jdk.internal.reflect.GeneratedMethodAccessor15.invoke(Unknown Source)
	at java.base/jdk.internal.reflect.DelegatingMethodAccessorImpl.invoke(DelegatingMethodAccessorImpl.java:43)
	at java.base/java.lang.reflect.Method.invoke(Method.java:566)
	at java.base/java.io.ObjectStreamClass.invokeReadObject(ObjectStreamClass.java:1046)
	at java.base/java.io.ObjectInputStream.readSerialData(ObjectInputStream.java:2357)
	at java.base/java.io.ObjectInputStream.readOrdinaryObject(ObjectInputStream.java:2228)
	at java.base/java.io.ObjectInputStream.readObject0(ObjectInputStream.java:1687)
	at java.base/java.io.ObjectInputStream.defaultReadFields(ObjectInputStream.java:2496)
	at java.base/java.io.ObjectInputStream.readSerialData(ObjectInputStream.java:2390)
	at java.base/java.io.ObjectInputStream.readOrdinaryObject(ObjectInputStream.java:2228)
	at java.base/java.io.ObjectInputStream.readObject0(ObjectInputStream.java:1687)
	at java.base/java.io.ObjectInputStream.readObject(ObjectInputStream.java:489)
	at java.base/java.io.ObjectInputStream.readObject(ObjectInputStream.java:447)
	at java.base/java.util.ArrayList.readObject(ArrayList.java:929)
	at java.base/jdk.internal.reflect.GeneratedMethodAccessor7.invoke(Unknown Source)
	at java.base/jdk.internal.reflect.DelegatingMethodAccessorImpl.invoke(DelegatingMethodAccessorImpl.java:43)
	at java.base/java.lang.reflect.Method.invoke(Method.java:566)
	at java.base/java.io.ObjectStreamClass.invokeReadObject(ObjectStreamClass.java:1046)
	at java.base/java.io.ObjectInputStream.readSerialData(ObjectInputStream.java:2357)
	at java.base/java.io.ObjectInputStream.readOrdinaryObject(ObjectInputStream.java:2228)
	at java.base/java.io.ObjectInputStream.readObject0(ObjectInputStream.java:1687)
	at java.base/java.io.ObjectInputStream.defaultReadFields(ObjectInputStream.java:2496)
	at java.base/java.io.ObjectInputStream.readSerialData(ObjectInputStream.java:2390)
	at java.base/java.io.ObjectInputStream.readOrdinaryObject(ObjectInputStream.java:2228)
	at java.base/java.io.ObjectInputStream.readObject0(ObjectInputStream.java:1687)
	at java.base/java.io.ObjectInputStream.readObject(ObjectInputStream.java:489)
	at java.base/java.io.ObjectInputStream.readObject(ObjectInputStream.java:447)
	at java.rmi/sun.rmi.server.UnicastRef.unmarshalValue(UnicastRef.java:327)
	at java.rmi/sun.rmi.server.UnicastServerRef.dispatch(UnicastServerRef.java:339)
	... 12 common frames omitted
Caused by: java.lang.IllegalArgumentException: expect to get instruction without BasicBlock already set
	at org.evosuite.graphs.cfg.BasicBlock.appendInstruction(BasicBlock.java:225)
	at org.evosuite.graphs.cfg.BasicBlock.setInstructions(BasicBlock.java:206)
	at org.evosuite.graphs.cfg.BasicBlock.<init>(BasicBlock.java:106)
	at org.evosuite.graphs.cfg.RawControlFlowGraph.determineBasicBlockFor(RawControlFlowGraph.java:314)
	at org.evosuite.graphs.cfg.ActualControlFlowGraph.computeNodes(ActualControlFlowGraph.java:295)
	at org.evosuite.graphs.cfg.ActualControlFlowGraph.computeGraph(ActualControlFlowGraph.java:262)
	at org.evosuite.graphs.cfg.ActualControlFlowGraph.<init>(ActualControlFlowGraph.java:97)
	at org.evosuite.graphs.cfg.CFGGenerator.computeActualCFG(CFGGenerator.java:218)
	at org.evosuite.graphs.cfg.CFGGenerator.registerCFGs(CFGGenerator.java:102)
	at org.evosuite.graphs.cfg.CFGMethodAdapter.visitEnd(CFGMethodAdapter.java:219)
	at org.evosuite.shaded.org.objectweb.asm.MethodVisitor.visitEnd(MethodVisitor.java:783)
	at org.evosuite.shaded.org.objectweb.asm.MethodVisitor.visitEnd(MethodVisitor.java:783)
	at org.evosuite.shaded.org.objectweb.asm.MethodVisitor.visitEnd(MethodVisitor.java:783)
	at org.evosuite.shaded.org.objectweb.asm.tree.MethodNode.accept(MethodNode.java:772)
	at org.evosuite.shaded.org.objectweb.asm.tree.MethodNode.accept(MethodNode.java:649)
	at org.evosuite.shaded.org.objectweb.asm.tree.ClassNode.accept(ClassNode.java:452)
	at org.evosuite.instrumentation.BytecodeInstrumentation.transformBytes(BytecodeInstrumentation.java:282)
	at org.evosuite.instrumentation.InstrumentingClassLoader.getTransformedBytes(InstrumentingClassLoader.java:135)
	at org.evosuite.instrumentation.InstrumentingClassLoader.instrumentClass(InstrumentingClassLoader.java:149)
	... 77 common frames omitted
[Progress:==============>               48%] [Cov:=================>                 50%][Progress:==============>               48%] [Cov:==================>                52%][Progress:==============>               48%] [Cov:==================>                53%][Progress:==============>               48%] [Cov:==================>                53%][MASTER] 12:35:44.346 [logback-1] WARN  ClientNodeImpl - Cannot send statistics to master; continuing without statistics
java.rmi.ServerException: RemoteException occurred in server thread; nested exception is: 
	java.rmi.UnmarshalException: error unmarshalling arguments; nested exception is: 
	java.lang.ClassNotFoundException: expect to get instruction without BasicBlock already set
	at java.rmi/sun.rmi.server.UnicastServerRef.dispatch(UnicastServerRef.java:391)
	at java.rmi/sun.rmi.transport.Transport$1.run(Transport.java:200)
	at java.rmi/sun.rmi.transport.Transport$1.run(Transport.java:197)
	at java.base/java.security.AccessController.doPrivileged(Native Method)
	at java.rmi/sun.rmi.transport.Transport.serviceCall(Transport.java:196)
	at java.rmi/sun.rmi.transport.tcp.TCPTransport.handleMessages(TCPTransport.java:562)
	at java.rmi/sun.rmi.transport.tcp.TCPTransport$ConnectionHandler.run0(TCPTransport.java:796)
	at java.rmi/sun.rmi.transport.tcp.TCPTransport$ConnectionHandler.lambda$run$0(TCPTransport.java:677)
	at java.base/java.security.AccessController.doPrivileged(Native Method)
	at java.rmi/sun.rmi.transport.tcp.TCPTransport$ConnectionHandler.run(TCPTransport.java:676)
	at java.base/java.util.concurrent.ThreadPoolExecutor.runWorker(ThreadPoolExecutor.java:1128)
	at java.base/java.util.concurrent.ThreadPoolExecutor$Worker.run(ThreadPoolExecutor.java:628)
	at java.base/java.lang.Thread.run(Thread.java:829)
	at java.rmi/sun.rmi.transport.StreamRemoteCall.exceptionReceivedFromServer(StreamRemoteCall.java:303)
	at java.rmi/sun.rmi.transport.StreamRemoteCall.executeCall(StreamRemoteCall.java:279)
	at java.rmi/sun.rmi.server.UnicastRef.invoke(UnicastRef.java:164)
	at java.rmi/java.rmi.server.RemoteObjectInvocationHandler.invokeRemoteMethod(RemoteObjectInvocationHandler.java:217)
	at java.rmi/java.rmi.server.RemoteObjectInvocationHandler.invoke(RemoteObjectInvocationHandler.java:162)
	at com.sun.proxy.$Proxy7.evosuite_collectStatistics(Unknown Source)
	at org.evosuite.rmi.service.ClientNodeImpl.updateStatistics(ClientNodeImpl.java:251)
	at org.evosuite.statistics.StatisticsSender.sendIndividualToMaster(StatisticsSender.java:62)
	at org.evosuite.statistics.StatisticsListener.lambda$new$0(StatisticsListener.java:76)
	at java.base/java.lang.Thread.run(Thread.java:829)
Caused by: java.rmi.UnmarshalException: error unmarshalling arguments; nested exception is: 
	java.lang.ClassNotFoundException: expect to get instruction without BasicBlock already set
	at java.rmi/sun.rmi.server.UnicastServerRef.dispatch(UnicastServerRef.java:350)
	at java.rmi/sun.rmi.transport.Transport$1.run(Transport.java:200)
	at java.rmi/sun.rmi.transport.Transport$1.run(Transport.java:197)
	at java.base/java.security.AccessController.doPrivileged(Native Method)
	at java.rmi/sun.rmi.transport.Transport.serviceCall(Transport.java:196)
	at java.rmi/sun.rmi.transport.tcp.TCPTransport.handleMessages(TCPTransport.java:562)
	at java.rmi/sun.rmi.transport.tcp.TCPTransport$ConnectionHandler.run0(TCPTransport.java:796)
	at java.rmi/sun.rmi.transport.tcp.TCPTransport$ConnectionHandler.lambda$run$0(TCPTransport.java:677)
	at java.base/java.security.AccessController.doPrivileged(Native Method)
	at java.rmi/sun.rmi.transport.tcp.TCPTransport$ConnectionHandler.run(TCPTransport.java:676)
	at java.base/java.util.concurrent.ThreadPoolExecutor.runWorker(ThreadPoolExecutor.java:1128)
	at java.base/java.util.concurrent.ThreadPoolExecutor$Worker.run(ThreadPoolExecutor.java:628)
	... 1 common frames omitted
Caused by: java.lang.ClassNotFoundException: expect to get instruction without BasicBlock already set
	at org.evosuite.instrumentation.InstrumentingClassLoader.instrumentClass(InstrumentingClassLoader.java:158)
	at org.evosuite.instrumentation.InstrumentingClassLoader.loadClass(InstrumentingClassLoader.java:126)
	at org.evosuite.utils.generic.GenericClassImpl.getClass(GenericClassImpl.java:139)
	at org.evosuite.utils.generic.GenericClassImpl.getClass(GenericClassImpl.java:105)
	at org.evosuite.utils.generic.GenericClassImpl.readObject(GenericClassImpl.java:1671)
	at jdk.internal.reflect.GeneratedMethodAccessor9.invoke(Unknown Source)
	at java.base/jdk.internal.reflect.DelegatingMethodAccessorImpl.invoke(DelegatingMethodAccessorImpl.java:43)
	at java.base/java.lang.reflect.Method.invoke(Method.java:566)
	at java.base/java.io.ObjectStreamClass.invokeReadObject(ObjectStreamClass.java:1046)
	at java.base/java.io.ObjectInputStream.readSerialData(ObjectInputStream.java:2357)
	at java.base/java.io.ObjectInputStream.readOrdinaryObject(ObjectInputStream.java:2228)
	at java.base/java.io.ObjectInputStream.readObject0(ObjectInputStream.java:1687)
	at java.base/java.io.ObjectInputStream.defaultReadFields(ObjectInputStream.java:2496)
	at java.base/java.io.ObjectInputStream.readSerialData(ObjectInputStream.java:2390)
	at java.base/java.io.ObjectInputStream.readOrdinaryObject(ObjectInputStream.java:2228)
	at java.base/java.io.ObjectInputStream.readObject0(ObjectInputStream.java:1687)
	at java.base/java.io.ObjectInputStream.defaultReadFields(ObjectInputStream.java:2496)
	at java.base/java.io.ObjectInputStream.readSerialData(ObjectInputStream.java:2390)
	at java.base/java.io.ObjectInputStream.readOrdinaryObject(ObjectInputStream.java:2228)
	at java.base/java.io.ObjectInputStream.readObject0(ObjectInputStream.java:1687)
	at java.base/java.io.ObjectInputStream.readObject(ObjectInputStream.java:489)
	at java.base/java.io.ObjectInputStream.readObject(ObjectInputStream.java:447)
	at java.base/java.util.ArrayList.readObject(ArrayList.java:929)
	at java.base/jdk.internal.reflect.GeneratedMethodAccessor7.invoke(Unknown Source)
	at java.base/jdk.internal.reflect.DelegatingMethodAccessorImpl.invoke(DelegatingMethodAccessorImpl.java:43)
	at java.base/java.lang.reflect.Method.invoke(Method.java:566)
	at java.base/java.io.ObjectStreamClass.invokeReadObject(ObjectStreamClass.java:1046)
	at java.base/java.io.ObjectInputStream.readSerialData(ObjectInputStream.java:2357)
	at java.base/java.io.ObjectInputStream.readOrdinaryObject(ObjectInputStream.java:2228)
	at java.base/java.io.ObjectInputStream.readObject0(ObjectInputStream.java:1687)
	at java.base/java.io.ObjectInputStream.defaultReadFields(ObjectInputStream.java:2496)
	at java.base/java.io.ObjectInputStream.readSerialData(ObjectInputStream.java:2390)
	at java.base/java.io.ObjectInputStream.readOrdinaryObject(ObjectInputStream.java:2228)
	at java.base/java.io.ObjectInputStream.readObject0(ObjectInputStream.java:1687)
	at java.base/java.io.ObjectInputStream.defaultReadFields(ObjectInputStream.java:2496)
	at java.base/java.io.ObjectInputStream.defaultReadObject(ObjectInputStream.java:625)
	at org.evosuite.testcase.DefaultTestCase.readObject(DefaultTestCase.java:1217)
	at jdk.internal.reflect.GeneratedMethodAccessor15.invoke(Unknown Source)
	at java.base/jdk.internal.reflect.DelegatingMethodAccessorImpl.invoke(DelegatingMethodAccessorImpl.java:43)
	at java.base/java.lang.reflect.Method.invoke(Method.java:566)
	at java.base/java.io.ObjectStreamClass.invokeReadObject(ObjectStreamClass.java:1046)
	at java.base/java.io.ObjectInputStream.readSerialData(ObjectInputStream.java:2357)
	at java.base/java.io.ObjectInputStream.readOrdinaryObject(ObjectInputStream.java:2228)
	at java.base/java.io.ObjectInputStream.readObject0(ObjectInputStream.java:1687)
	at java.base/java.io.ObjectInputStream.defaultReadFields(ObjectInputStream.java:2496)
	at java.base/java.io.ObjectInputStream.readSerialData(ObjectInputStream.java:2390)
	at java.base/java.io.ObjectInputStream.readOrdinaryObject(ObjectInputStream.java:2228)
	at java.base/java.io.ObjectInputStream.readObject0(ObjectInputStream.java:1687)
	at java.base/java.io.ObjectInputStream.readObject(ObjectInputStream.java:489)
	at java.base/java.io.ObjectInputStream.readObject(ObjectInputStream.java:447)
	at java.base/java.util.ArrayList.readObject(ArrayList.java:929)
	at java.base/jdk.internal.reflect.GeneratedMethodAccessor7.invoke(Unknown Source)
	at java.base/jdk.internal.reflect.DelegatingMethodAccessorImpl.invoke(DelegatingMethodAccessorImpl.java:43)
	at java.base/java.lang.reflect.Method.invoke(Method.java:566)
	at java.base/java.io.ObjectStreamClass.invokeReadObject(ObjectStreamClass.java:1046)
	at java.base/java.io.ObjectInputStream.readSerialData(ObjectInputStream.java:2357)
	at java.base/java.io.ObjectInputStream.readOrdinaryObject(ObjectInputStream.java:2228)
	at java.base/java.io.ObjectInputStream.readObject0(ObjectInputStream.java:1687)
	at java.base/java.io.ObjectInputStream.defaultReadFields(ObjectInputStream.java:2496)
	at java.base/java.io.ObjectInputStream.readSerialData(ObjectInputStream.java:2390)
	at java.base/java.io.ObjectInputStream.readOrdinaryObject(ObjectInputStream.java:2228)
	at java.base/java.io.ObjectInputStream.readObject0(ObjectInputStream.java:1687)
	at java.base/java.io.ObjectInputStream.readObject(ObjectInputStream.java:489)
	at java.base/java.io.ObjectInputStream.readObject(ObjectInputStream.java:447)
	at java.rmi/sun.rmi.server.UnicastRef.unmarshalValue(UnicastRef.java:327)
	at java.rmi/sun.rmi.server.UnicastServerRef.dispatch(UnicastServerRef.java:339)
	... 12 common frames omitted
Caused by: java.lang.IllegalArgumentException: expect to get instruction without BasicBlock already set
	at org.evosuite.graphs.cfg.BasicBlock.appendInstruction(BasicBlock.java:225)
	at org.evosuite.graphs.cfg.BasicBlock.setInstructions(BasicBlock.java:206)
	at org.evosuite.graphs.cfg.BasicBlock.<init>(BasicBlock.java:106)
	at org.evosuite.graphs.cfg.RawControlFlowGraph.determineBasicBlockFor(RawControlFlowGraph.java:314)
	at org.evosuite.graphs.cfg.ActualControlFlowGraph.computeNodes(ActualControlFlowGraph.java:295)
	at org.evosuite.graphs.cfg.ActualControlFlowGraph.computeGraph(ActualControlFlowGraph.java:262)
	at org.evosuite.graphs.cfg.ActualControlFlowGraph.<init>(ActualControlFlowGraph.java:97)
	at org.evosuite.graphs.cfg.CFGGenerator.computeActualCFG(CFGGenerator.java:218)
	at org.evosuite.graphs.cfg.CFGGenerator.registerCFGs(CFGGenerator.java:102)
	at org.evosuite.graphs.cfg.CFGMethodAdapter.visitEnd(CFGMethodAdapter.java:219)
	at org.evosuite.shaded.org.objectweb.asm.MethodVisitor.visitEnd(MethodVisitor.java:783)
	at org.evosuite.shaded.org.objectweb.asm.MethodVisitor.visitEnd(MethodVisitor.java:783)
	at org.evosuite.shaded.org.objectweb.asm.MethodVisitor.visitEnd(MethodVisitor.java:783)
	at org.evosuite.shaded.org.objectweb.asm.tree.MethodNode.accept(MethodNode.java:772)
	at org.evosuite.shaded.org.objectweb.asm.tree.MethodNode.accept(MethodNode.java:649)
	at org.evosuite.shaded.org.objectweb.asm.tree.ClassNode.accept(ClassNode.java:452)
	at org.evosuite.instrumentation.BytecodeInstrumentation.transformBytes(BytecodeInstrumentation.java:282)
	at org.evosuite.instrumentation.InstrumentingClassLoader.getTransformedBytes(InstrumentingClassLoader.java:135)
	at org.evosuite.instrumentation.InstrumentingClassLoader.instrumentClass(InstrumentingClassLoader.java:149)
	... 77 common frames omitted
[Progress:==============>               49%] [Cov:==================>                52%][Progress:==============>               49%] [Cov:==================>                53%][Progress:===============>              50%] [Cov:==================>                53%][Progress:===============>              50%] [Cov:==================>                53%][MASTER] 12:35:46.015 [logback-1] WARN  ClientNodeImpl - Cannot send statistics to master; continuing without statistics
java.rmi.ServerException: RemoteException occurred in server thread; nested exception is: 
	java.rmi.UnmarshalException: error unmarshalling arguments; nested exception is: 
	java.lang.ClassNotFoundException: expect to get instruction without BasicBlock already set
	at java.rmi/sun.rmi.server.UnicastServerRef.dispatch(UnicastServerRef.java:391)
	at java.rmi/sun.rmi.transport.Transport$1.run(Transport.java:200)
	at java.rmi/sun.rmi.transport.Transport$1.run(Transport.java:197)
	at java.base/java.security.AccessController.doPrivileged(Native Method)
	at java.rmi/sun.rmi.transport.Transport.serviceCall(Transport.java:196)
	at java.rmi/sun.rmi.transport.tcp.TCPTransport.handleMessages(TCPTransport.java:562)
	at java.rmi/sun.rmi.transport.tcp.TCPTransport$ConnectionHandler.run0(TCPTransport.java:796)
	at java.rmi/sun.rmi.transport.tcp.TCPTransport$ConnectionHandler.lambda$run$0(TCPTransport.java:677)
	at java.base/java.security.AccessController.doPrivileged(Native Method)
	at java.rmi/sun.rmi.transport.tcp.TCPTransport$ConnectionHandler.run(TCPTransport.java:676)
	at java.base/java.util.concurrent.ThreadPoolExecutor.runWorker(ThreadPoolExecutor.java:1128)
	at java.base/java.util.concurrent.ThreadPoolExecutor$Worker.run(ThreadPoolExecutor.java:628)
	at java.base/java.lang.Thread.run(Thread.java:829)
	at java.rmi/sun.rmi.transport.StreamRemoteCall.exceptionReceivedFromServer(StreamRemoteCall.java:303)
	at java.rmi/sun.rmi.transport.StreamRemoteCall.executeCall(StreamRemoteCall.java:279)
	at java.rmi/sun.rmi.server.UnicastRef.invoke(UnicastRef.java:164)
	at java.rmi/java.rmi.server.RemoteObjectInvocationHandler.invokeRemoteMethod(RemoteObjectInvocationHandler.java:217)
	at java.rmi/java.rmi.server.RemoteObjectInvocationHandler.invoke(RemoteObjectInvocationHandler.java:162)
	at com.sun.proxy.$Proxy7.evosuite_collectStatistics(Unknown Source)
	at org.evosuite.rmi.service.ClientNodeImpl.updateStatistics(ClientNodeImpl.java:251)
	at org.evosuite.statistics.StatisticsSender.sendIndividualToMaster(StatisticsSender.java:62)
	at org.evosuite.statistics.StatisticsListener.lambda$new$0(StatisticsListener.java:76)
	at java.base/java.lang.Thread.run(Thread.java:829)
Caused by: java.rmi.UnmarshalException: error unmarshalling arguments; nested exception is: 
	java.lang.ClassNotFoundException: expect to get instruction without BasicBlock already set
	at java.rmi/sun.rmi.server.UnicastServerRef.dispatch(UnicastServerRef.java:350)
	at java.rmi/sun.rmi.transport.Transport$1.run(Transport.java:200)
	at java.rmi/sun.rmi.transport.Transport$1.run(Transport.java:197)
	at java.base/java.security.AccessController.doPrivileged(Native Method)
	at java.rmi/sun.rmi.transport.Transport.serviceCall(Transport.java:196)
	at java.rmi/sun.rmi.transport.tcp.TCPTransport.handleMessages(TCPTransport.java:562)
	at java.rmi/sun.rmi.transport.tcp.TCPTransport$ConnectionHandler.run0(TCPTransport.java:796)
	at java.rmi/sun.rmi.transport.tcp.TCPTransport$ConnectionHandler.lambda$run$0(TCPTransport.java:677)
	at java.base/java.security.AccessController.doPrivileged(Native Method)
	at java.rmi/sun.rmi.transport.tcp.TCPTransport$ConnectionHandler.run(TCPTransport.java:676)
	at java.base/java.util.concurrent.ThreadPoolExecutor.runWorker(ThreadPoolExecutor.java:1128)
	at java.base/java.util.concurrent.ThreadPoolExecutor$Worker.run(ThreadPoolExecutor.java:628)
	... 1 common frames omitted
Caused by: java.lang.ClassNotFoundException: expect to get instruction without BasicBlock already set
	at org.evosuite.instrumentation.InstrumentingClassLoader.instrumentClass(InstrumentingClassLoader.java:158)
	at org.evosuite.instrumentation.InstrumentingClassLoader.loadClass(InstrumentingClassLoader.java:126)
	at org.evosuite.utils.generic.GenericClassImpl.getClass(GenericClassImpl.java:139)
	at org.evosuite.utils.generic.GenericClassImpl.getClass(GenericClassImpl.java:105)
	at org.evosuite.utils.generic.GenericClassImpl.readObject(GenericClassImpl.java:1671)
	at jdk.internal.reflect.GeneratedMethodAccessor9.invoke(Unknown Source)
	at java.base/jdk.internal.reflect.DelegatingMethodAccessorImpl.invoke(DelegatingMethodAccessorImpl.java:43)
	at java.base/java.lang.reflect.Method.invoke(Method.java:566)
	at java.base/java.io.ObjectStreamClass.invokeReadObject(ObjectStreamClass.java:1046)
	at java.base/java.io.ObjectInputStream.readSerialData(ObjectInputStream.java:2357)
	at java.base/java.io.ObjectInputStream.readOrdinaryObject(ObjectInputStream.java:2228)
	at java.base/java.io.ObjectInputStream.readObject0(ObjectInputStream.java:1687)
	at java.base/java.io.ObjectInputStream.defaultReadFields(ObjectInputStream.java:2496)
	at java.base/java.io.ObjectInputStream.readSerialData(ObjectInputStream.java:2390)
	at java.base/java.io.ObjectInputStream.readOrdinaryObject(ObjectInputStream.java:2228)
	at java.base/java.io.ObjectInputStream.readObject0(ObjectInputStream.java:1687)
	at java.base/java.io.ObjectInputStream.defaultReadFields(ObjectInputStream.java:2496)
	at java.base/java.io.ObjectInputStream.readSerialData(ObjectInputStream.java:2390)
	at java.base/java.io.ObjectInputStream.readOrdinaryObject(ObjectInputStream.java:2228)
	at java.base/java.io.ObjectInputStream.readObject0(ObjectInputStream.java:1687)
	at java.base/java.io.ObjectInputStream.readObject(ObjectInputStream.java:489)
	at java.base/java.io.ObjectInputStream.readObject(ObjectInputStream.java:447)
	at java.base/java.util.ArrayList.readObject(ArrayList.java:929)
	at java.base/jdk.internal.reflect.GeneratedMethodAccessor7.invoke(Unknown Source)
	at java.base/jdk.internal.reflect.DelegatingMethodAccessorImpl.invoke(DelegatingMethodAccessorImpl.java:43)
	at java.base/java.lang.reflect.Method.invoke(Method.java:566)
	at java.base/java.io.ObjectStreamClass.invokeReadObject(ObjectStreamClass.java:1046)
	at java.base/java.io.ObjectInputStream.readSerialData(ObjectInputStream.java:2357)
	at java.base/java.io.ObjectInputStream.readOrdinaryObject(ObjectInputStream.java:2228)
	at java.base/java.io.ObjectInputStream.readObject0(ObjectInputStream.java:1687)
	at java.base/java.io.ObjectInputStream.defaultReadFields(ObjectInputStream.java:2496)
	at java.base/java.io.ObjectInputStream.readSerialData(ObjectInputStream.java:2390)
	at java.base/java.io.ObjectInputStream.readOrdinaryObject(ObjectInputStream.java:2228)
	at java.base/java.io.ObjectInputStream.readObject0(ObjectInputStream.java:1687)
	at java.base/java.io.ObjectInputStream.defaultReadFields(ObjectInputStream.java:2496)
	at java.base/java.io.ObjectInputStream.defaultReadObject(ObjectInputStream.java:625)
	at org.evosuite.testcase.DefaultTestCase.readObject(DefaultTestCase.java:1217)
	at jdk.internal.reflect.GeneratedMethodAccessor15.invoke(Unknown Source)
	at java.base/jdk.internal.reflect.DelegatingMethodAccessorImpl.invoke(DelegatingMethodAccessorImpl.java:43)
	at java.base/java.lang.reflect.Method.invoke(Method.java:566)
	at java.base/java.io.ObjectStreamClass.invokeReadObject(ObjectStreamClass.java:1046)
	at java.base/java.io.ObjectInputStream.readSerialData(ObjectInputStream.java:2357)
	at java.base/java.io.ObjectInputStream.readOrdinaryObject(ObjectInputStream.java:2228)
	at java.base/java.io.ObjectInputStream.readObject0(ObjectInputStream.java:1687)
	at java.base/java.io.ObjectInputStream.defaultReadFields(ObjectInputStream.java:2496)
	at java.base/java.io.ObjectInputStream.readSerialData(ObjectInputStream.java:2390)
	at java.base/java.io.ObjectInputStream.readOrdinaryObject(ObjectInputStream.java:2228)
	at java.base/java.io.ObjectInputStream.readObject0(ObjectInputStream.java:1687)
	at java.base/java.io.ObjectInputStream.readObject(ObjectInputStream.java:489)
	at java.base/java.io.ObjectInputStream.readObject(ObjectInputStream.java:447)
	at java.base/java.util.ArrayList.readObject(ArrayList.java:929)
	at java.base/jdk.internal.reflect.GeneratedMethodAccessor7.invoke(Unknown Source)
	at java.base/jdk.internal.reflect.DelegatingMethodAccessorImpl.invoke(DelegatingMethodAccessorImpl.java:43)
	at java.base/java.lang.reflect.Method.invoke(Method.java:566)
	at java.base/java.io.ObjectStreamClass.invokeReadObject(ObjectStreamClass.java:1046)
	at java.base/java.io.ObjectInputStream.readSerialData(ObjectInputStream.java:2357)
	at java.base/java.io.ObjectInputStream.readOrdinaryObject(ObjectInputStream.java:2228)
	at java.base/java.io.ObjectInputStream.readObject0(ObjectInputStream.java:1687)
	at java.base/java.io.ObjectInputStream.defaultReadFields(ObjectInputStream.java:2496)
	at java.base/java.io.ObjectInputStream.readSerialData(ObjectInputStream.java:2390)
	at java.base/java.io.ObjectInputStream.readOrdinaryObject(ObjectInputStream.java:2228)
	at java.base/java.io.ObjectInputStream.readObject0(ObjectInputStream.java:1687)
	at java.base/java.io.ObjectInputStream.readObject(ObjectInputStream.java:489)
	at java.base/java.io.ObjectInputStream.readObject(ObjectInputStream.java:447)
	at java.rmi/sun.rmi.server.UnicastRef.unmarshalValue(UnicastRef.java:327)
	at java.rmi/sun.rmi.server.UnicastServerRef.dispatch(UnicastServerRef.java:339)
	... 12 common frames omitted
Caused by: java.lang.IllegalArgumentException: expect to get instruction without BasicBlock already set
	at org.evosuite.graphs.cfg.BasicBlock.appendInstruction(BasicBlock.java:225)
	at org.evosuite.graphs.cfg.BasicBlock.setInstructions(BasicBlock.java:206)
	at org.evosuite.graphs.cfg.BasicBlock.<init>(BasicBlock.java:106)
	at org.evosuite.graphs.cfg.RawControlFlowGraph.determineBasicBlockFor(RawControlFlowGraph.java:314)
	at org.evosuite.graphs.cfg.ActualControlFlowGraph.computeNodes(ActualControlFlowGraph.java:295)
	at org.evosuite.graphs.cfg.ActualControlFlowGraph.computeGraph(ActualControlFlowGraph.java:262)
	at org.evosuite.graphs.cfg.ActualControlFlowGraph.<init>(ActualControlFlowGraph.java:97)
	at org.evosuite.graphs.cfg.CFGGenerator.computeActualCFG(CFGGenerator.java:218)
	at org.evosuite.graphs.cfg.CFGGenerator.registerCFGs(CFGGenerator.java:102)
	at org.evosuite.graphs.cfg.CFGMethodAdapter.visitEnd(CFGMethodAdapter.java:219)
	at org.evosuite.shaded.org.objectweb.asm.MethodVisitor.visitEnd(MethodVisitor.java:783)
	at org.evosuite.shaded.org.objectweb.asm.MethodVisitor.visitEnd(MethodVisitor.java:783)
	at org.evosuite.shaded.org.objectweb.asm.MethodVisitor.visitEnd(MethodVisitor.java:783)
	at org.evosuite.shaded.org.objectweb.asm.tree.MethodNode.accept(MethodNode.java:772)
	at org.evosuite.shaded.org.objectweb.asm.tree.MethodNode.accept(MethodNode.java:649)
	at org.evosuite.shaded.org.objectweb.asm.tree.ClassNode.accept(ClassNode.java:452)
	at org.evosuite.instrumentation.BytecodeInstrumentation.transformBytes(BytecodeInstrumentation.java:282)
	at org.evosuite.instrumentation.InstrumentingClassLoader.getTransformedBytes(InstrumentingClassLoader.java:135)
	at org.evosuite.instrumentation.InstrumentingClassLoader.instrumentClass(InstrumentingClassLoader.java:149)
	... 77 common frames omitted
[Progress:===============>              50%] [Cov:==================>                54%][Progress:===============>              51%] [Cov:==================>                52%][Progress:===============>              51%] [Cov:==================>                53%][MASTER] 12:35:47.752 [logback-1] WARN  ClientNodeImpl - Cannot send statistics to master; continuing without statistics
java.rmi.ServerException: RemoteException occurred in server thread; nested exception is: 
	java.rmi.UnmarshalException: error unmarshalling arguments; nested exception is: 
	java.lang.ClassNotFoundException: expect to get instruction without BasicBlock already set
	at java.rmi/sun.rmi.server.UnicastServerRef.dispatch(UnicastServerRef.java:391)
	at java.rmi/sun.rmi.transport.Transport$1.run(Transport.java:200)
	at java.rmi/sun.rmi.transport.Transport$1.run(Transport.java:197)
	at java.base/java.security.AccessController.doPrivileged(Native Method)
	at java.rmi/sun.rmi.transport.Transport.serviceCall(Transport.java:196)
	at java.rmi/sun.rmi.transport.tcp.TCPTransport.handleMessages(TCPTransport.java:562)
	at java.rmi/sun.rmi.transport.tcp.TCPTransport$ConnectionHandler.run0(TCPTransport.java:796)
	at java.rmi/sun.rmi.transport.tcp.TCPTransport$ConnectionHandler.lambda$run$0(TCPTransport.java:677)
	at java.base/java.security.AccessController.doPrivileged(Native Method)
	at java.rmi/sun.rmi.transport.tcp.TCPTransport$ConnectionHandler.run(TCPTransport.java:676)
	at java.base/java.util.concurrent.ThreadPoolExecutor.runWorker(ThreadPoolExecutor.java:1128)
	at java.base/java.util.concurrent.ThreadPoolExecutor$Worker.run(ThreadPoolExecutor.java:628)
	at java.base/java.lang.Thread.run(Thread.java:829)
	at java.rmi/sun.rmi.transport.StreamRemoteCall.exceptionReceivedFromServer(StreamRemoteCall.java:303)
	at java.rmi/sun.rmi.transport.StreamRemoteCall.executeCall(StreamRemoteCall.java:279)
	at java.rmi/sun.rmi.server.UnicastRef.invoke(UnicastRef.java:164)
	at java.rmi/java.rmi.server.RemoteObjectInvocationHandler.invokeRemoteMethod(RemoteObjectInvocationHandler.java:217)
	at java.rmi/java.rmi.server.RemoteObjectInvocationHandler.invoke(RemoteObjectInvocationHandler.java:162)
	at com.sun.proxy.$Proxy7.evosuite_collectStatistics(Unknown Source)
	at org.evosuite.rmi.service.ClientNodeImpl.updateStatistics(ClientNodeImpl.java:251)
	at org.evosuite.statistics.StatisticsSender.sendIndividualToMaster(StatisticsSender.java:62)
	at org.evosuite.statistics.StatisticsListener.lambda$new$0(StatisticsListener.java:76)
	at java.base/java.lang.Thread.run(Thread.java:829)
Caused by: java.rmi.UnmarshalException: error unmarshalling arguments; nested exception is: 
	java.lang.ClassNotFoundException: expect to get instruction without BasicBlock already set
	at java.rmi/sun.rmi.server.UnicastServerRef.dispatch(UnicastServerRef.java:350)
	at java.rmi/sun.rmi.transport.Transport$1.run(Transport.java:200)
	at java.rmi/sun.rmi.transport.Transport$1.run(Transport.java:197)
	at java.base/java.security.AccessController.doPrivileged(Native Method)
	at java.rmi/sun.rmi.transport.Transport.serviceCall(Transport.java:196)
	at java.rmi/sun.rmi.transport.tcp.TCPTransport.handleMessages(TCPTransport.java:562)
	at java.rmi/sun.rmi.transport.tcp.TCPTransport$ConnectionHandler.run0(TCPTransport.java:796)
	at java.rmi/sun.rmi.transport.tcp.TCPTransport$ConnectionHandler.lambda$run$0(TCPTransport.java:677)
	at java.base/java.security.AccessController.doPrivileged(Native Method)
	at java.rmi/sun.rmi.transport.tcp.TCPTransport$ConnectionHandler.run(TCPTransport.java:676)
	at java.base/java.util.concurrent.ThreadPoolExecutor.runWorker(ThreadPoolExecutor.java:1128)
	at java.base/java.util.concurrent.ThreadPoolExecutor$Worker.run(ThreadPoolExecutor.java:628)
	... 1 common frames omitted
Caused by: java.lang.ClassNotFoundException: expect to get instruction without BasicBlock already set
	at org.evosuite.instrumentation.InstrumentingClassLoader.instrumentClass(InstrumentingClassLoader.java:158)
	at org.evosuite.instrumentation.InstrumentingClassLoader.loadClass(InstrumentingClassLoader.java:126)
	at org.evosuite.utils.generic.GenericClassImpl.getClass(GenericClassImpl.java:139)
	at org.evosuite.utils.generic.GenericClassImpl.getClass(GenericClassImpl.java:105)
	at org.evosuite.utils.generic.GenericClassImpl.readObject(GenericClassImpl.java:1671)
	at jdk.internal.reflect.GeneratedMethodAccessor9.invoke(Unknown Source)
	at java.base/jdk.internal.reflect.DelegatingMethodAccessorImpl.invoke(DelegatingMethodAccessorImpl.java:43)
	at java.base/java.lang.reflect.Method.invoke(Method.java:566)
	at java.base/java.io.ObjectStreamClass.invokeReadObject(ObjectStreamClass.java:1046)
	at java.base/java.io.ObjectInputStream.readSerialData(ObjectInputStream.java:2357)
	at java.base/java.io.ObjectInputStream.readOrdinaryObject(ObjectInputStream.java:2228)
	at java.base/java.io.ObjectInputStream.readObject0(ObjectInputStream.java:1687)
	at java.base/java.io.ObjectInputStream.defaultReadFields(ObjectInputStream.java:2496)
	at java.base/java.io.ObjectInputStream.readSerialData(ObjectInputStream.java:2390)
	at java.base/java.io.ObjectInputStream.readOrdinaryObject(ObjectInputStream.java:2228)
	at java.base/java.io.ObjectInputStream.readObject0(ObjectInputStream.java:1687)
	at java.base/java.io.ObjectInputStream.defaultReadFields(ObjectInputStream.java:2496)
	at java.base/java.io.ObjectInputStream.readSerialData(ObjectInputStream.java:2390)
	at java.base/java.io.ObjectInputStream.readOrdinaryObject(ObjectInputStream.java:2228)
	at java.base/java.io.ObjectInputStream.readObject0(ObjectInputStream.java:1687)
	at java.base/java.io.ObjectInputStream.readObject(ObjectInputStream.java:489)
	at java.base/java.io.ObjectInputStream.readObject(ObjectInputStream.java:447)
	at java.base/java.util.ArrayList.readObject(ArrayList.java:929)
	at java.base/jdk.internal.reflect.GeneratedMethodAccessor7.invoke(Unknown Source)
	at java.base/jdk.internal.reflect.DelegatingMethodAccessorImpl.invoke(DelegatingMethodAccessorImpl.java:43)
	at java.base/java.lang.reflect.Method.invoke(Method.java:566)
	at java.base/java.io.ObjectStreamClass.invokeReadObject(ObjectStreamClass.java:1046)
	at java.base/java.io.ObjectInputStream.readSerialData(ObjectInputStream.java:2357)
	at java.base/java.io.ObjectInputStream.readOrdinaryObject(ObjectInputStream.java:2228)
	at java.base/java.io.ObjectInputStream.readObject0(ObjectInputStream.java:1687)
	at java.base/java.io.ObjectInputStream.defaultReadFields(ObjectInputStream.java:2496)
	at java.base/java.io.ObjectInputStream.readSerialData(ObjectInputStream.java:2390)
	at java.base/java.io.ObjectInputStream.readOrdinaryObject(ObjectInputStream.java:2228)
	at java.base/java.io.ObjectInputStream.readObject0(ObjectInputStream.java:1687)
	at java.base/java.io.ObjectInputStream.defaultReadFields(ObjectInputStream.java:2496)
	at java.base/java.io.ObjectInputStream.defaultReadObject(ObjectInputStream.java:625)
	at org.evosuite.testcase.DefaultTestCase.readObject(DefaultTestCase.java:1217)
	at jdk.internal.reflect.GeneratedMethodAccessor15.invoke(Unknown Source)
	at java.base/jdk.internal.reflect.DelegatingMethodAccessorImpl.invoke(DelegatingMethodAccessorImpl.java:43)
	at java.base/java.lang.reflect.Method.invoke(Method.java:566)
	at java.base/java.io.ObjectStreamClass.invokeReadObject(ObjectStreamClass.java:1046)
	at java.base/java.io.ObjectInputStream.readSerialData(ObjectInputStream.java:2357)
	at java.base/java.io.ObjectInputStream.readOrdinaryObject(ObjectInputStream.java:2228)
	at java.base/java.io.ObjectInputStream.readObject0(ObjectInputStream.java:1687)
	at java.base/java.io.ObjectInputStream.defaultReadFields(ObjectInputStream.java:2496)
	at java.base/java.io.ObjectInputStream.readSerialData(ObjectInputStream.java:2390)
	at java.base/java.io.ObjectInputStream.readOrdinaryObject(ObjectInputStream.java:2228)
	at java.base/java.io.ObjectInputStream.readObject0(ObjectInputStream.java:1687)
	at java.base/java.io.ObjectInputStream.readObject(ObjectInputStream.java:489)
	at java.base/java.io.ObjectInputStream.readObject(ObjectInputStream.java:447)
	at java.base/java.util.ArrayList.readObject(ArrayList.java:929)
	at java.base/jdk.internal.reflect.GeneratedMethodAccessor7.invoke(Unknown Source)
	at java.base/jdk.internal.reflect.DelegatingMethodAccessorImpl.invoke(DelegatingMethodAccessorImpl.java:43)
	at java.base/java.lang.reflect.Method.invoke(Method.java:566)
	at java.base/java.io.ObjectStreamClass.invokeReadObject(ObjectStreamClass.java:1046)
	at java.base/java.io.ObjectInputStream.readSerialData(ObjectInputStream.java:2357)
	at java.base/java.io.ObjectInputStream.readOrdinaryObject(ObjectInputStream.java:2228)
	at java.base/java.io.ObjectInputStream.readObject0(ObjectInputStream.java:1687)
	at java.base/java.io.ObjectInputStream.defaultReadFields(ObjectInputStream.java:2496)
	at java.base/java.io.ObjectInputStream.readSerialData(ObjectInputStream.java:2390)
	at java.base/java.io.ObjectInputStream.readOrdinaryObject(ObjectInputStream.java:2228)
	at java.base/java.io.ObjectInputStream.readObject0(ObjectInputStream.java:1687)
	at java.base/java.io.ObjectInputStream.readObject(ObjectInputStream.java:489)
	at java.base/java.io.ObjectInputStream.readObject(ObjectInputStream.java:447)
	at java.rmi/sun.rmi.server.UnicastRef.unmarshalValue(UnicastRef.java:327)
	at java.rmi/sun.rmi.server.UnicastServerRef.dispatch(UnicastServerRef.java:339)
	... 12 common frames omitted
Caused by: java.lang.IllegalArgumentException: expect to get instruction without BasicBlock already set
	at org.evosuite.graphs.cfg.BasicBlock.appendInstruction(BasicBlock.java:225)
	at org.evosuite.graphs.cfg.BasicBlock.setInstructions(BasicBlock.java:206)
	at org.evosuite.graphs.cfg.BasicBlock.<init>(BasicBlock.java:106)
	at org.evosuite.graphs.cfg.RawControlFlowGraph.determineBasicBlockFor(RawControlFlowGraph.java:314)
	at org.evosuite.graphs.cfg.ActualControlFlowGraph.computeNodes(ActualControlFlowGraph.java:295)
	at org.evosuite.graphs.cfg.ActualControlFlowGraph.computeGraph(ActualControlFlowGraph.java:262)
	at org.evosuite.graphs.cfg.ActualControlFlowGraph.<init>(ActualControlFlowGraph.java:97)
	at org.evosuite.graphs.cfg.CFGGenerator.computeActualCFG(CFGGenerator.java:218)
	at org.evosuite.graphs.cfg.CFGGenerator.registerCFGs(CFGGenerator.java:102)
	at org.evosuite.graphs.cfg.CFGMethodAdapter.visitEnd(CFGMethodAdapter.java:219)
	at org.evosuite.shaded.org.objectweb.asm.MethodVisitor.visitEnd(MethodVisitor.java:783)
	at org.evosuite.shaded.org.objectweb.asm.MethodVisitor.visitEnd(MethodVisitor.java:783)
	at org.evosuite.shaded.org.objectweb.asm.MethodVisitor.visitEnd(MethodVisitor.java:783)
	at org.evosuite.shaded.org.objectweb.asm.tree.MethodNode.accept(MethodNode.java:772)
	at org.evosuite.shaded.org.objectweb.asm.tree.MethodNode.accept(MethodNode.java:649)
	at org.evosuite.shaded.org.objectweb.asm.tree.ClassNode.accept(ClassNode.java:452)
	at org.evosuite.instrumentation.BytecodeInstrumentation.transformBytes(BytecodeInstrumentation.java:282)
	at org.evosuite.instrumentation.InstrumentingClassLoader.getTransformedBytes(InstrumentingClassLoader.java:135)
	at org.evosuite.instrumentation.InstrumentingClassLoader.instrumentClass(InstrumentingClassLoader.java:149)
	... 77 common frames omitted
[Progress:===============>              51%] [Cov:==================>                54%][Progress:===============>              52%] [Cov:==================>                54%][Progress:===============>              53%] [Cov:==================>                53%][MASTER] 12:35:49.657 [logback-1] WARN  ClientNodeImpl - Cannot send statistics to master; continuing without statistics
java.rmi.ServerException: RemoteException occurred in server thread; nested exception is: 
	java.rmi.UnmarshalException: error unmarshalling arguments; nested exception is: 
	java.lang.ClassNotFoundException: expect to get instruction without BasicBlock already set
	at java.rmi/sun.rmi.server.UnicastServerRef.dispatch(UnicastServerRef.java:391)
	at java.rmi/sun.rmi.transport.Transport$1.run(Transport.java:200)
	at java.rmi/sun.rmi.transport.Transport$1.run(Transport.java:197)
	at java.base/java.security.AccessController.doPrivileged(Native Method)
	at java.rmi/sun.rmi.transport.Transport.serviceCall(Transport.java:196)
	at java.rmi/sun.rmi.transport.tcp.TCPTransport.handleMessages(TCPTransport.java:562)
	at java.rmi/sun.rmi.transport.tcp.TCPTransport$ConnectionHandler.run0(TCPTransport.java:796)
	at java.rmi/sun.rmi.transport.tcp.TCPTransport$ConnectionHandler.lambda$run$0(TCPTransport.java:677)
	at java.base/java.security.AccessController.doPrivileged(Native Method)
	at java.rmi/sun.rmi.transport.tcp.TCPTransport$ConnectionHandler.run(TCPTransport.java:676)
	at java.base/java.util.concurrent.ThreadPoolExecutor.runWorker(ThreadPoolExecutor.java:1128)
	at java.base/java.util.concurrent.ThreadPoolExecutor$Worker.run(ThreadPoolExecutor.java:628)
	at java.base/java.lang.Thread.run(Thread.java:829)
	at java.rmi/sun.rmi.transport.StreamRemoteCall.exceptionReceivedFromServer(StreamRemoteCall.java:303)
	at java.rmi/sun.rmi.transport.StreamRemoteCall.executeCall(StreamRemoteCall.java:279)
	at java.rmi/sun.rmi.server.UnicastRef.invoke(UnicastRef.java:164)
	at java.rmi/java.rmi.server.RemoteObjectInvocationHandler.invokeRemoteMethod(RemoteObjectInvocationHandler.java:217)
	at java.rmi/java.rmi.server.RemoteObjectInvocationHandler.invoke(RemoteObjectInvocationHandler.java:162)
	at com.sun.proxy.$Proxy7.evosuite_collectStatistics(Unknown Source)
	at org.evosuite.rmi.service.ClientNodeImpl.updateStatistics(ClientNodeImpl.java:251)
	at org.evosuite.statistics.StatisticsSender.sendIndividualToMaster(StatisticsSender.java:62)
	at org.evosuite.statistics.StatisticsListener.lambda$new$0(StatisticsListener.java:76)
	at java.base/java.lang.Thread.run(Thread.java:829)
Caused by: java.rmi.UnmarshalException: error unmarshalling arguments; nested exception is: 
	java.lang.ClassNotFoundException: expect to get instruction without BasicBlock already set
	at java.rmi/sun.rmi.server.UnicastServerRef.dispatch(UnicastServerRef.java:350)
	at java.rmi/sun.rmi.transport.Transport$1.run(Transport.java:200)
	at java.rmi/sun.rmi.transport.Transport$1.run(Transport.java:197)
	at java.base/java.security.AccessController.doPrivileged(Native Method)
	at java.rmi/sun.rmi.transport.Transport.serviceCall(Transport.java:196)
	at java.rmi/sun.rmi.transport.tcp.TCPTransport.handleMessages(TCPTransport.java:562)
	at java.rmi/sun.rmi.transport.tcp.TCPTransport$ConnectionHandler.run0(TCPTransport.java:796)
	at java.rmi/sun.rmi.transport.tcp.TCPTransport$ConnectionHandler.lambda$run$0(TCPTransport.java:677)
	at java.base/java.security.AccessController.doPrivileged(Native Method)
	at java.rmi/sun.rmi.transport.tcp.TCPTransport$ConnectionHandler.run(TCPTransport.java:676)
	at java.base/java.util.concurrent.ThreadPoolExecutor.runWorker(ThreadPoolExecutor.java:1128)
	at java.base/java.util.concurrent.ThreadPoolExecutor$Worker.run(ThreadPoolExecutor.java:628)
	... 1 common frames omitted
Caused by: java.lang.ClassNotFoundException: expect to get instruction without BasicBlock already set
	at org.evosuite.instrumentation.InstrumentingClassLoader.instrumentClass(InstrumentingClassLoader.java:158)
	at org.evosuite.instrumentation.InstrumentingClassLoader.loadClass(InstrumentingClassLoader.java:126)
	at org.evosuite.utils.generic.GenericClassImpl.getClass(GenericClassImpl.java:139)
	at org.evosuite.utils.generic.GenericClassImpl.getClass(GenericClassImpl.java:105)
	at org.evosuite.utils.generic.GenericClassImpl.readObject(GenericClassImpl.java:1671)
	at jdk.internal.reflect.GeneratedMethodAccessor9.invoke(Unknown Source)
	at java.base/jdk.internal.reflect.DelegatingMethodAccessorImpl.invoke(DelegatingMethodAccessorImpl.java:43)
	at java.base/java.lang.reflect.Method.invoke(Method.java:566)
	at java.base/java.io.ObjectStreamClass.invokeReadObject(ObjectStreamClass.java:1046)
	at java.base/java.io.ObjectInputStream.readSerialData(ObjectInputStream.java:2357)
	at java.base/java.io.ObjectInputStream.readOrdinaryObject(ObjectInputStream.java:2228)
	at java.base/java.io.ObjectInputStream.readObject0(ObjectInputStream.java:1687)
	at java.base/java.io.ObjectInputStream.defaultReadFields(ObjectInputStream.java:2496)
	at java.base/java.io.ObjectInputStream.readSerialData(ObjectInputStream.java:2390)
	at java.base/java.io.ObjectInputStream.readOrdinaryObject(ObjectInputStream.java:2228)
	at java.base/java.io.ObjectInputStream.readObject0(ObjectInputStream.java:1687)
	at java.base/java.io.ObjectInputStream.defaultReadFields(ObjectInputStream.java:2496)
	at java.base/java.io.ObjectInputStream.readSerialData(ObjectInputStream.java:2390)
	at java.base/java.io.ObjectInputStream.readOrdinaryObject(ObjectInputStream.java:2228)
	at java.base/java.io.ObjectInputStream.readObject0(ObjectInputStream.java:1687)
	at java.base/java.io.ObjectInputStream.readObject(ObjectInputStream.java:489)
	at java.base/java.io.ObjectInputStream.readObject(ObjectInputStream.java:447)
	at java.base/java.util.ArrayList.readObject(ArrayList.java:929)
	at java.base/jdk.internal.reflect.GeneratedMethodAccessor7.invoke(Unknown Source)
	at java.base/jdk.internal.reflect.DelegatingMethodAccessorImpl.invoke(DelegatingMethodAccessorImpl.java:43)
	at java.base/java.lang.reflect.Method.invoke(Method.java:566)
	at java.base/java.io.ObjectStreamClass.invokeReadObject(ObjectStreamClass.java:1046)
	at java.base/java.io.ObjectInputStream.readSerialData(ObjectInputStream.java:2357)
	at java.base/java.io.ObjectInputStream.readOrdinaryObject(ObjectInputStream.java:2228)
	at java.base/java.io.ObjectInputStream.readObject0(ObjectInputStream.java:1687)
	at java.base/java.io.ObjectInputStream.defaultReadFields(ObjectInputStream.java:2496)
	at java.base/java.io.ObjectInputStream.readSerialData(ObjectInputStream.java:2390)
	at java.base/java.io.ObjectInputStream.readOrdinaryObject(ObjectInputStream.java:2228)
	at java.base/java.io.ObjectInputStream.readObject0(ObjectInputStream.java:1687)
	at java.base/java.io.ObjectInputStream.defaultReadFields(ObjectInputStream.java:2496)
	at java.base/java.io.ObjectInputStream.defaultReadObject(ObjectInputStream.java:625)
	at org.evosuite.testcase.DefaultTestCase.readObject(DefaultTestCase.java:1217)
	at jdk.internal.reflect.GeneratedMethodAccessor15.invoke(Unknown Source)
	at java.base/jdk.internal.reflect.DelegatingMethodAccessorImpl.invoke(DelegatingMethodAccessorImpl.java:43)
	at java.base/java.lang.reflect.Method.invoke(Method.java:566)
	at java.base/java.io.ObjectStreamClass.invokeReadObject(ObjectStreamClass.java:1046)
	at java.base/java.io.ObjectInputStream.readSerialData(ObjectInputStream.java:2357)
	at java.base/java.io.ObjectInputStream.readOrdinaryObject(ObjectInputStream.java:2228)
	at java.base/java.io.ObjectInputStream.readObject0(ObjectInputStream.java:1687)
	at java.base/java.io.ObjectInputStream.defaultReadFields(ObjectInputStream.java:2496)
	at java.base/java.io.ObjectInputStream.readSerialData(ObjectInputStream.java:2390)
	at java.base/java.io.ObjectInputStream.readOrdinaryObject(ObjectInputStream.java:2228)
	at java.base/java.io.ObjectInputStream.readObject0(ObjectInputStream.java:1687)
	at java.base/java.io.ObjectInputStream.readObject(ObjectInputStream.java:489)
	at java.base/java.io.ObjectInputStream.readObject(ObjectInputStream.java:447)
	at java.base/java.util.ArrayList.readObject(ArrayList.java:929)
	at java.base/jdk.internal.reflect.GeneratedMethodAccessor7.invoke(Unknown Source)
	at java.base/jdk.internal.reflect.DelegatingMethodAccessorImpl.invoke(DelegatingMethodAccessorImpl.java:43)
	at java.base/java.lang.reflect.Method.invoke(Method.java:566)
	at java.base/java.io.ObjectStreamClass.invokeReadObject(ObjectStreamClass.java:1046)
	at java.base/java.io.ObjectInputStream.readSerialData(ObjectInputStream.java:2357)
	at java.base/java.io.ObjectInputStream.readOrdinaryObject(ObjectInputStream.java:2228)
	at java.base/java.io.ObjectInputStream.readObject0(ObjectInputStream.java:1687)
	at java.base/java.io.ObjectInputStream.defaultReadFields(ObjectInputStream.java:2496)
	at java.base/java.io.ObjectInputStream.readSerialData(ObjectInputStream.java:2390)
	at java.base/java.io.ObjectInputStream.readOrdinaryObject(ObjectInputStream.java:2228)
	at java.base/java.io.ObjectInputStream.readObject0(ObjectInputStream.java:1687)
	at java.base/java.io.ObjectInputStream.readObject(ObjectInputStream.java:489)
	at java.base/java.io.ObjectInputStream.readObject(ObjectInputStream.java:447)
	at java.rmi/sun.rmi.server.UnicastRef.unmarshalValue(UnicastRef.java:327)
	at java.rmi/sun.rmi.server.UnicastServerRef.dispatch(UnicastServerRef.java:339)
	... 12 common frames omitted
Caused by: java.lang.IllegalArgumentException: expect to get instruction without BasicBlock already set
	at org.evosuite.graphs.cfg.BasicBlock.appendInstruction(BasicBlock.java:225)
	at org.evosuite.graphs.cfg.BasicBlock.setInstructions(BasicBlock.java:206)
	at org.evosuite.graphs.cfg.BasicBlock.<init>(BasicBlock.java:106)
	at org.evosuite.graphs.cfg.RawControlFlowGraph.determineBasicBlockFor(RawControlFlowGraph.java:314)
	at org.evosuite.graphs.cfg.ActualControlFlowGraph.computeNodes(ActualControlFlowGraph.java:295)
	at org.evosuite.graphs.cfg.ActualControlFlowGraph.computeGraph(ActualControlFlowGraph.java:262)
	at org.evosuite.graphs.cfg.ActualControlFlowGraph.<init>(ActualControlFlowGraph.java:97)
	at org.evosuite.graphs.cfg.CFGGenerator.computeActualCFG(CFGGenerator.java:218)
	at org.evosuite.graphs.cfg.CFGGenerator.registerCFGs(CFGGenerator.java:102)
	at org.evosuite.graphs.cfg.CFGMethodAdapter.visitEnd(CFGMethodAdapter.java:219)
	at org.evosuite.shaded.org.objectweb.asm.MethodVisitor.visitEnd(MethodVisitor.java:783)
	at org.evosuite.shaded.org.objectweb.asm.MethodVisitor.visitEnd(MethodVisitor.java:783)
	at org.evosuite.shaded.org.objectweb.asm.MethodVisitor.visitEnd(MethodVisitor.java:783)
	at org.evosuite.shaded.org.objectweb.asm.tree.MethodNode.accept(MethodNode.java:772)
	at org.evosuite.shaded.org.objectweb.asm.tree.MethodNode.accept(MethodNode.java:649)
	at org.evosuite.shaded.org.objectweb.asm.tree.ClassNode.accept(ClassNode.java:452)
	at org.evosuite.instrumentation.BytecodeInstrumentation.transformBytes(BytecodeInstrumentation.java:282)
	at org.evosuite.instrumentation.InstrumentingClassLoader.getTransformedBytes(InstrumentingClassLoader.java:135)
	at org.evosuite.instrumentation.InstrumentingClassLoader.instrumentClass(InstrumentingClassLoader.java:149)
	... 77 common frames omitted
[Progress:===============>              53%] [Cov:==================>                54%][Progress:===============>              53%] [Cov:==================>                54%][Progress:================>             54%] [Cov:==================>                54%][MASTER] 12:35:51.541 [logback-1] WARN  ClientNodeImpl - Cannot send statistics to master; continuing without statistics
java.rmi.ServerException: RemoteException occurred in server thread; nested exception is: 
	java.rmi.UnmarshalException: error unmarshalling arguments; nested exception is: 
	java.lang.ClassNotFoundException: expect to get instruction without BasicBlock already set
	at java.rmi/sun.rmi.server.UnicastServerRef.dispatch(UnicastServerRef.java:391)
	at java.rmi/sun.rmi.transport.Transport$1.run(Transport.java:200)
	at java.rmi/sun.rmi.transport.Transport$1.run(Transport.java:197)
	at java.base/java.security.AccessController.doPrivileged(Native Method)
	at java.rmi/sun.rmi.transport.Transport.serviceCall(Transport.java:196)
	at java.rmi/sun.rmi.transport.tcp.TCPTransport.handleMessages(TCPTransport.java:562)
	at java.rmi/sun.rmi.transport.tcp.TCPTransport$ConnectionHandler.run0(TCPTransport.java:796)
	at java.rmi/sun.rmi.transport.tcp.TCPTransport$ConnectionHandler.lambda$run$0(TCPTransport.java:677)
	at java.base/java.security.AccessController.doPrivileged(Native Method)
	at java.rmi/sun.rmi.transport.tcp.TCPTransport$ConnectionHandler.run(TCPTransport.java:676)
	at java.base/java.util.concurrent.ThreadPoolExecutor.runWorker(ThreadPoolExecutor.java:1128)
	at java.base/java.util.concurrent.ThreadPoolExecutor$Worker.run(ThreadPoolExecutor.java:628)
	at java.base/java.lang.Thread.run(Thread.java:829)
	at java.rmi/sun.rmi.transport.StreamRemoteCall.exceptionReceivedFromServer(StreamRemoteCall.java:303)
	at java.rmi/sun.rmi.transport.StreamRemoteCall.executeCall(StreamRemoteCall.java:279)
	at java.rmi/sun.rmi.server.UnicastRef.invoke(UnicastRef.java:164)
	at java.rmi/java.rmi.server.RemoteObjectInvocationHandler.invokeRemoteMethod(RemoteObjectInvocationHandler.java:217)
	at java.rmi/java.rmi.server.RemoteObjectInvocationHandler.invoke(RemoteObjectInvocationHandler.java:162)
	at com.sun.proxy.$Proxy7.evosuite_collectStatistics(Unknown Source)
	at org.evosuite.rmi.service.ClientNodeImpl.updateStatistics(ClientNodeImpl.java:251)
	at org.evosuite.statistics.StatisticsSender.sendIndividualToMaster(StatisticsSender.java:62)
	at org.evosuite.statistics.StatisticsListener.lambda$new$0(StatisticsListener.java:76)
	at java.base/java.lang.Thread.run(Thread.java:829)
Caused by: java.rmi.UnmarshalException: error unmarshalling arguments; nested exception is: 
	java.lang.ClassNotFoundException: expect to get instruction without BasicBlock already set
	at java.rmi/sun.rmi.server.UnicastServerRef.dispatch(UnicastServerRef.java:350)
	at java.rmi/sun.rmi.transport.Transport$1.run(Transport.java:200)
	at java.rmi/sun.rmi.transport.Transport$1.run(Transport.java:197)
	at java.base/java.security.AccessController.doPrivileged(Native Method)
	at java.rmi/sun.rmi.transport.Transport.serviceCall(Transport.java:196)
	at java.rmi/sun.rmi.transport.tcp.TCPTransport.handleMessages(TCPTransport.java:562)
	at java.rmi/sun.rmi.transport.tcp.TCPTransport$ConnectionHandler.run0(TCPTransport.java:796)
	at java.rmi/sun.rmi.transport.tcp.TCPTransport$ConnectionHandler.lambda$run$0(TCPTransport.java:677)
	at java.base/java.security.AccessController.doPrivileged(Native Method)
	at java.rmi/sun.rmi.transport.tcp.TCPTransport$ConnectionHandler.run(TCPTransport.java:676)
	at java.base/java.util.concurrent.ThreadPoolExecutor.runWorker(ThreadPoolExecutor.java:1128)
	at java.base/java.util.concurrent.ThreadPoolExecutor$Worker.run(ThreadPoolExecutor.java:628)
	... 1 common frames omitted
Caused by: java.lang.ClassNotFoundException: expect to get instruction without BasicBlock already set
	at org.evosuite.instrumentation.InstrumentingClassLoader.instrumentClass(InstrumentingClassLoader.java:158)
	at org.evosuite.instrumentation.InstrumentingClassLoader.loadClass(InstrumentingClassLoader.java:126)
	at org.evosuite.utils.generic.GenericClassImpl.getClass(GenericClassImpl.java:139)
	at org.evosuite.utils.generic.GenericClassImpl.getClass(GenericClassImpl.java:105)
	at org.evosuite.utils.generic.GenericClassImpl.readObject(GenericClassImpl.java:1671)
	at jdk.internal.reflect.GeneratedMethodAccessor9.invoke(Unknown Source)
	at java.base/jdk.internal.reflect.DelegatingMethodAccessorImpl.invoke(DelegatingMethodAccessorImpl.java:43)
	at java.base/java.lang.reflect.Method.invoke(Method.java:566)
	at java.base/java.io.ObjectStreamClass.invokeReadObject(ObjectStreamClass.java:1046)
	at java.base/java.io.ObjectInputStream.readSerialData(ObjectInputStream.java:2357)
	at java.base/java.io.ObjectInputStream.readOrdinaryObject(ObjectInputStream.java:2228)
	at java.base/java.io.ObjectInputStream.readObject0(ObjectInputStream.java:1687)
	at java.base/java.io.ObjectInputStream.defaultReadFields(ObjectInputStream.java:2496)
	at java.base/java.io.ObjectInputStream.readSerialData(ObjectInputStream.java:2390)
	at java.base/java.io.ObjectInputStream.readOrdinaryObject(ObjectInputStream.java:2228)
	at java.base/java.io.ObjectInputStream.readObject0(ObjectInputStream.java:1687)
	at java.base/java.io.ObjectInputStream.defaultReadFields(ObjectInputStream.java:2496)
	at java.base/java.io.ObjectInputStream.readSerialData(ObjectInputStream.java:2390)
	at java.base/java.io.ObjectInputStream.readOrdinaryObject(ObjectInputStream.java:2228)
	at java.base/java.io.ObjectInputStream.readObject0(ObjectInputStream.java:1687)
	at java.base/java.io.ObjectInputStream.readObject(ObjectInputStream.java:489)
	at java.base/java.io.ObjectInputStream.readObject(ObjectInputStream.java:447)
	at java.base/java.util.ArrayList.readObject(ArrayList.java:929)
	at java.base/jdk.internal.reflect.GeneratedMethodAccessor7.invoke(Unknown Source)
	at java.base/jdk.internal.reflect.DelegatingMethodAccessorImpl.invoke(DelegatingMethodAccessorImpl.java:43)
	at java.base/java.lang.reflect.Method.invoke(Method.java:566)
	at java.base/java.io.ObjectStreamClass.invokeReadObject(ObjectStreamClass.java:1046)
	at java.base/java.io.ObjectInputStream.readSerialData(ObjectInputStream.java:2357)
	at java.base/java.io.ObjectInputStream.readOrdinaryObject(ObjectInputStream.java:2228)
	at java.base/java.io.ObjectInputStream.readObject0(ObjectInputStream.java:1687)
	at java.base/java.io.ObjectInputStream.defaultReadFields(ObjectInputStream.java:2496)
	at java.base/java.io.ObjectInputStream.readSerialData(ObjectInputStream.java:2390)
	at java.base/java.io.ObjectInputStream.readOrdinaryObject(ObjectInputStream.java:2228)
	at java.base/java.io.ObjectInputStream.readObject0(ObjectInputStream.java:1687)
	at java.base/java.io.ObjectInputStream.defaultReadFields(ObjectInputStream.java:2496)
	at java.base/java.io.ObjectInputStream.defaultReadObject(ObjectInputStream.java:625)
	at org.evosuite.testcase.DefaultTestCase.readObject(DefaultTestCase.java:1217)
	at jdk.internal.reflect.GeneratedMethodAccessor15.invoke(Unknown Source)
	at java.base/jdk.internal.reflect.DelegatingMethodAccessorImpl.invoke(DelegatingMethodAccessorImpl.java:43)
	at java.base/java.lang.reflect.Method.invoke(Method.java:566)
	at java.base/java.io.ObjectStreamClass.invokeReadObject(ObjectStreamClass.java:1046)
	at java.base/java.io.ObjectInputStream.readSerialData(ObjectInputStream.java:2357)
	at java.base/java.io.ObjectInputStream.readOrdinaryObject(ObjectInputStream.java:2228)
	at java.base/java.io.ObjectInputStream.readObject0(ObjectInputStream.java:1687)
	at java.base/java.io.ObjectInputStream.defaultReadFields(ObjectInputStream.java:2496)
	at java.base/java.io.ObjectInputStream.readSerialData(ObjectInputStream.java:2390)
	at java.base/java.io.ObjectInputStream.readOrdinaryObject(ObjectInputStream.java:2228)
	at java.base/java.io.ObjectInputStream.readObject0(ObjectInputStream.java:1687)
	at java.base/java.io.ObjectInputStream.readObject(ObjectInputStream.java:489)
	at java.base/java.io.ObjectInputStream.readObject(ObjectInputStream.java:447)
	at java.base/java.util.ArrayList.readObject(ArrayList.java:929)
	at java.base/jdk.internal.reflect.GeneratedMethodAccessor7.invoke(Unknown Source)
	at java.base/jdk.internal.reflect.DelegatingMethodAccessorImpl.invoke(DelegatingMethodAccessorImpl.java:43)
	at java.base/java.lang.reflect.Method.invoke(Method.java:566)
	at java.base/java.io.ObjectStreamClass.invokeReadObject(ObjectStreamClass.java:1046)
	at java.base/java.io.ObjectInputStream.readSerialData(ObjectInputStream.java:2357)
	at java.base/java.io.ObjectInputStream.readOrdinaryObject(ObjectInputStream.java:2228)
	at java.base/java.io.ObjectInputStream.readObject0(ObjectInputStream.java:1687)
	at java.base/java.io.ObjectInputStream.defaultReadFields(ObjectInputStream.java:2496)
	at java.base/java.io.ObjectInputStream.readSerialData(ObjectInputStream.java:2390)
	at java.base/java.io.ObjectInputStream.readOrdinaryObject(ObjectInputStream.java:2228)
	at java.base/java.io.ObjectInputStream.readObject0(ObjectInputStream.java:1687)
	at java.base/java.io.ObjectInputStream.readObject(ObjectInputStream.java:489)
	at java.base/java.io.ObjectInputStream.readObject(ObjectInputStream.java:447)
	at java.rmi/sun.rmi.server.UnicastRef.unmarshalValue(UnicastRef.java:327)
	at java.rmi/sun.rmi.server.UnicastServerRef.dispatch(UnicastServerRef.java:339)
	... 12 common frames omitted
Caused by: java.lang.IllegalArgumentException: expect to get instruction without BasicBlock already set
	at org.evosuite.graphs.cfg.BasicBlock.appendInstruction(BasicBlock.java:225)
	at org.evosuite.graphs.cfg.BasicBlock.setInstructions(BasicBlock.java:206)
	at org.evosuite.graphs.cfg.BasicBlock.<init>(BasicBlock.java:106)
	at org.evosuite.graphs.cfg.RawControlFlowGraph.determineBasicBlockFor(RawControlFlowGraph.java:314)
	at org.evosuite.graphs.cfg.ActualControlFlowGraph.computeNodes(ActualControlFlowGraph.java:295)
	at org.evosuite.graphs.cfg.ActualControlFlowGraph.computeGraph(ActualControlFlowGraph.java:262)
	at org.evosuite.graphs.cfg.ActualControlFlowGraph.<init>(ActualControlFlowGraph.java:97)
	at org.evosuite.graphs.cfg.CFGGenerator.computeActualCFG(CFGGenerator.java:218)
	at org.evosuite.graphs.cfg.CFGGenerator.registerCFGs(CFGGenerator.java:102)
	at org.evosuite.graphs.cfg.CFGMethodAdapter.visitEnd(CFGMethodAdapter.java:219)
	at org.evosuite.shaded.org.objectweb.asm.MethodVisitor.visitEnd(MethodVisitor.java:783)
	at org.evosuite.shaded.org.objectweb.asm.MethodVisitor.visitEnd(MethodVisitor.java:783)
	at org.evosuite.shaded.org.objectweb.asm.MethodVisitor.visitEnd(MethodVisitor.java:783)
	at org.evosuite.shaded.org.objectweb.asm.tree.MethodNode.accept(MethodNode.java:772)
	at org.evosuite.shaded.org.objectweb.asm.tree.MethodNode.accept(MethodNode.java:649)
	at org.evosuite.shaded.org.objectweb.asm.tree.ClassNode.accept(ClassNode.java:452)
	at org.evosuite.instrumentation.BytecodeInstrumentation.transformBytes(BytecodeInstrumentation.java:282)
	at org.evosuite.instrumentation.InstrumentingClassLoader.getTransformedBytes(InstrumentingClassLoader.java:135)
	at org.evosuite.instrumentation.InstrumentingClassLoader.instrumentClass(InstrumentingClassLoader.java:149)
	... 77 common frames omitted
[Progress:================>             55%] [Cov:==================>                54%][Progress:================>             55%] [Cov:==================>                54%][MASTER] 12:35:53.407 [logback-1] WARN  ClientNodeImpl - Cannot send statistics to master; continuing without statistics
java.rmi.ServerException: RemoteException occurred in server thread; nested exception is: 
	java.rmi.UnmarshalException: error unmarshalling arguments; nested exception is: 
	java.lang.ClassNotFoundException: expect to get instruction without BasicBlock already set
	at java.rmi/sun.rmi.server.UnicastServerRef.dispatch(UnicastServerRef.java:391)
	at java.rmi/sun.rmi.transport.Transport$1.run(Transport.java:200)
	at java.rmi/sun.rmi.transport.Transport$1.run(Transport.java:197)
	at java.base/java.security.AccessController.doPrivileged(Native Method)
	at java.rmi/sun.rmi.transport.Transport.serviceCall(Transport.java:196)
	at java.rmi/sun.rmi.transport.tcp.TCPTransport.handleMessages(TCPTransport.java:562)
	at java.rmi/sun.rmi.transport.tcp.TCPTransport$ConnectionHandler.run0(TCPTransport.java:796)
	at java.rmi/sun.rmi.transport.tcp.TCPTransport$ConnectionHandler.lambda$run$0(TCPTransport.java:677)
	at java.base/java.security.AccessController.doPrivileged(Native Method)
	at java.rmi/sun.rmi.transport.tcp.TCPTransport$ConnectionHandler.run(TCPTransport.java:676)
	at java.base/java.util.concurrent.ThreadPoolExecutor.runWorker(ThreadPoolExecutor.java:1128)
	at java.base/java.util.concurrent.ThreadPoolExecutor$Worker.run(ThreadPoolExecutor.java:628)
	at java.base/java.lang.Thread.run(Thread.java:829)
	at java.rmi/sun.rmi.transport.StreamRemoteCall.exceptionReceivedFromServer(StreamRemoteCall.java:303)
	at java.rmi/sun.rmi.transport.StreamRemoteCall.executeCall(StreamRemoteCall.java:279)
	at java.rmi/sun.rmi.server.UnicastRef.invoke(UnicastRef.java:164)
	at java.rmi/java.rmi.server.RemoteObjectInvocationHandler.invokeRemoteMethod(RemoteObjectInvocationHandler.java:217)
	at java.rmi/java.rmi.server.RemoteObjectInvocationHandler.invoke(RemoteObjectInvocationHandler.java:162)
	at com.sun.proxy.$Proxy7.evosuite_collectStatistics(Unknown Source)
	at org.evosuite.rmi.service.ClientNodeImpl.updateStatistics(ClientNodeImpl.java:251)
	at org.evosuite.statistics.StatisticsSender.sendIndividualToMaster(StatisticsSender.java:62)
	at org.evosuite.statistics.StatisticsListener.lambda$new$0(StatisticsListener.java:76)
	at java.base/java.lang.Thread.run(Thread.java:829)
Caused by: java.rmi.UnmarshalException: error unmarshalling arguments; nested exception is: 
	java.lang.ClassNotFoundException: expect to get instruction without BasicBlock already set
	at java.rmi/sun.rmi.server.UnicastServerRef.dispatch(UnicastServerRef.java:350)
	at java.rmi/sun.rmi.transport.Transport$1.run(Transport.java:200)
	at java.rmi/sun.rmi.transport.Transport$1.run(Transport.java:197)
	at java.base/java.security.AccessController.doPrivileged(Native Method)
	at java.rmi/sun.rmi.transport.Transport.serviceCall(Transport.java:196)
	at java.rmi/sun.rmi.transport.tcp.TCPTransport.handleMessages(TCPTransport.java:562)
	at java.rmi/sun.rmi.transport.tcp.TCPTransport$ConnectionHandler.run0(TCPTransport.java:796)
	at java.rmi/sun.rmi.transport.tcp.TCPTransport$ConnectionHandler.lambda$run$0(TCPTransport.java:677)
	at java.base/java.security.AccessController.doPrivileged(Native Method)
	at java.rmi/sun.rmi.transport.tcp.TCPTransport$ConnectionHandler.run(TCPTransport.java:676)
	at java.base/java.util.concurrent.ThreadPoolExecutor.runWorker(ThreadPoolExecutor.java:1128)
	at java.base/java.util.concurrent.ThreadPoolExecutor$Worker.run(ThreadPoolExecutor.java:628)
	... 1 common frames omitted
Caused by: java.lang.ClassNotFoundException: expect to get instruction without BasicBlock already set
	at org.evosuite.instrumentation.InstrumentingClassLoader.instrumentClass(InstrumentingClassLoader.java:158)
	at org.evosuite.instrumentation.InstrumentingClassLoader.loadClass(InstrumentingClassLoader.java:126)
	at org.evosuite.utils.generic.GenericClassImpl.getClass(GenericClassImpl.java:139)
	at org.evosuite.utils.generic.GenericClassImpl.getClass(GenericClassImpl.java:105)
	at org.evosuite.utils.generic.GenericClassImpl.readObject(GenericClassImpl.java:1671)
	at jdk.internal.reflect.GeneratedMethodAccessor9.invoke(Unknown Source)
	at java.base/jdk.internal.reflect.DelegatingMethodAccessorImpl.invoke(DelegatingMethodAccessorImpl.java:43)
	at java.base/java.lang.reflect.Method.invoke(Method.java:566)
	at java.base/java.io.ObjectStreamClass.invokeReadObject(ObjectStreamClass.java:1046)
	at java.base/java.io.ObjectInputStream.readSerialData(ObjectInputStream.java:2357)
	at java.base/java.io.ObjectInputStream.readOrdinaryObject(ObjectInputStream.java:2228)
	at java.base/java.io.ObjectInputStream.readObject0(ObjectInputStream.java:1687)
	at java.base/java.io.ObjectInputStream.defaultReadFields(ObjectInputStream.java:2496)
	at java.base/java.io.ObjectInputStream.readSerialData(ObjectInputStream.java:2390)
	at java.base/java.io.ObjectInputStream.readOrdinaryObject(ObjectInputStream.java:2228)
	at java.base/java.io.ObjectInputStream.readObject0(ObjectInputStream.java:1687)
	at java.base/java.io.ObjectInputStream.defaultReadFields(ObjectInputStream.java:2496)
	at java.base/java.io.ObjectInputStream.readSerialData(ObjectInputStream.java:2390)
	at java.base/java.io.ObjectInputStream.readOrdinaryObject(ObjectInputStream.java:2228)
	at java.base/java.io.ObjectInputStream.readObject0(ObjectInputStream.java:1687)
	at java.base/java.io.ObjectInputStream.readObject(ObjectInputStream.java:489)
	at java.base/java.io.ObjectInputStream.readObject(ObjectInputStream.java:447)
	at java.base/java.util.ArrayList.readObject(ArrayList.java:929)
	at java.base/jdk.internal.reflect.GeneratedMethodAccessor7.invoke(Unknown Source)
	at java.base/jdk.internal.reflect.DelegatingMethodAccessorImpl.invoke(DelegatingMethodAccessorImpl.java:43)
	at java.base/java.lang.reflect.Method.invoke(Method.java:566)
	at java.base/java.io.ObjectStreamClass.invokeReadObject(ObjectStreamClass.java:1046)
	at java.base/java.io.ObjectInputStream.readSerialData(ObjectInputStream.java:2357)
	at java.base/java.io.ObjectInputStream.readOrdinaryObject(ObjectInputStream.java:2228)
	at java.base/java.io.ObjectInputStream.readObject0(ObjectInputStream.java:1687)
	at java.base/java.io.ObjectInputStream.defaultReadFields(ObjectInputStream.java:2496)
	at java.base/java.io.ObjectInputStream.readSerialData(ObjectInputStream.java:2390)
	at java.base/java.io.ObjectInputStream.readOrdinaryObject(ObjectInputStream.java:2228)
	at java.base/java.io.ObjectInputStream.readObject0(ObjectInputStream.java:1687)
	at java.base/java.io.ObjectInputStream.defaultReadFields(ObjectInputStream.java:2496)
	at java.base/java.io.ObjectInputStream.defaultReadObject(ObjectInputStream.java:625)
	at org.evosuite.testcase.DefaultTestCase.readObject(DefaultTestCase.java:1217)
	at jdk.internal.reflect.GeneratedMethodAccessor15.invoke(Unknown Source)
	at java.base/jdk.internal.reflect.DelegatingMethodAccessorImpl.invoke(DelegatingMethodAccessorImpl.java:43)
	at java.base/java.lang.reflect.Method.invoke(Method.java:566)
	at java.base/java.io.ObjectStreamClass.invokeReadObject(ObjectStreamClass.java:1046)
	at java.base/java.io.ObjectInputStream.readSerialData(ObjectInputStream.java:2357)
	at java.base/java.io.ObjectInputStream.readOrdinaryObject(ObjectInputStream.java:2228)
	at java.base/java.io.ObjectInputStream.readObject0(ObjectInputStream.java:1687)
	at java.base/java.io.ObjectInputStream.defaultReadFields(ObjectInputStream.java:2496)
	at java.base/java.io.ObjectInputStream.readSerialData(ObjectInputStream.java:2390)
	at java.base/java.io.ObjectInputStream.readOrdinaryObject(ObjectInputStream.java:2228)
	at java.base/java.io.ObjectInputStream.readObject0(ObjectInputStream.java:1687)
	at java.base/java.io.ObjectInputStream.readObject(ObjectInputStream.java:489)
	at java.base/java.io.ObjectInputStream.readObject(ObjectInputStream.java:447)
	at java.base/java.util.ArrayList.readObject(ArrayList.java:929)
	at java.base/jdk.internal.reflect.GeneratedMethodAccessor7.invoke(Unknown Source)
	at java.base/jdk.internal.reflect.DelegatingMethodAccessorImpl.invoke(DelegatingMethodAccessorImpl.java:43)
	at java.base/java.lang.reflect.Method.invoke(Method.java:566)
	at java.base/java.io.ObjectStreamClass.invokeReadObject(ObjectStreamClass.java:1046)
	at java.base/java.io.ObjectInputStream.readSerialData(ObjectInputStream.java:2357)
	at java.base/java.io.ObjectInputStream.readOrdinaryObject(ObjectInputStream.java:2228)
	at java.base/java.io.ObjectInputStream.readObject0(ObjectInputStream.java:1687)
	at java.base/java.io.ObjectInputStream.defaultReadFields(ObjectInputStream.java:2496)
	at java.base/java.io.ObjectInputStream.readSerialData(ObjectInputStream.java:2390)
	at java.base/java.io.ObjectInputStream.readOrdinaryObject(ObjectInputStream.java:2228)
	at java.base/java.io.ObjectInputStream.readObject0(ObjectInputStream.java:1687)
	at java.base/java.io.ObjectInputStream.readObject(ObjectInputStream.java:489)
	at java.base/java.io.ObjectInputStream.readObject(ObjectInputStream.java:447)
	at java.rmi/sun.rmi.server.UnicastRef.unmarshalValue(UnicastRef.java:327)
	at java.rmi/sun.rmi.server.UnicastServerRef.dispatch(UnicastServerRef.java:339)
	... 12 common frames omitted
Caused by: java.lang.IllegalArgumentException: expect to get instruction without BasicBlock already set
	at org.evosuite.graphs.cfg.BasicBlock.appendInstruction(BasicBlock.java:225)
	at org.evosuite.graphs.cfg.BasicBlock.setInstructions(BasicBlock.java:206)
	at org.evosuite.graphs.cfg.BasicBlock.<init>(BasicBlock.java:106)
	at org.evosuite.graphs.cfg.RawControlFlowGraph.determineBasicBlockFor(RawControlFlowGraph.java:314)
	at org.evosuite.graphs.cfg.ActualControlFlowGraph.computeNodes(ActualControlFlowGraph.java:295)
	at org.evosuite.graphs.cfg.ActualControlFlowGraph.computeGraph(ActualControlFlowGraph.java:262)
	at org.evosuite.graphs.cfg.ActualControlFlowGraph.<init>(ActualControlFlowGraph.java:97)
	at org.evosuite.graphs.cfg.CFGGenerator.computeActualCFG(CFGGenerator.java:218)
	at org.evosuite.graphs.cfg.CFGGenerator.registerCFGs(CFGGenerator.java:102)
	at org.evosuite.graphs.cfg.CFGMethodAdapter.visitEnd(CFGMethodAdapter.java:219)
	at org.evosuite.shaded.org.objectweb.asm.MethodVisitor.visitEnd(MethodVisitor.java:783)
	at org.evosuite.shaded.org.objectweb.asm.MethodVisitor.visitEnd(MethodVisitor.java:783)
	at org.evosuite.shaded.org.objectweb.asm.MethodVisitor.visitEnd(MethodVisitor.java:783)
	at org.evosuite.shaded.org.objectweb.asm.tree.MethodNode.accept(MethodNode.java:772)
	at org.evosuite.shaded.org.objectweb.asm.tree.MethodNode.accept(MethodNode.java:649)
	at org.evosuite.shaded.org.objectweb.asm.tree.ClassNode.accept(ClassNode.java:452)
	at org.evosuite.instrumentation.BytecodeInstrumentation.transformBytes(BytecodeInstrumentation.java:282)
	at org.evosuite.instrumentation.InstrumentingClassLoader.getTransformedBytes(InstrumentingClassLoader.java:135)
	at org.evosuite.instrumentation.InstrumentingClassLoader.instrumentClass(InstrumentingClassLoader.java:149)
	... 77 common frames omitted
[Progress:================>             56%] [Cov:==================>                54%][Progress:=================>            57%] [Cov:==================>                54%][Progress:=================>            57%] [Cov:==================>                54%][Progress:=================>            58%] [Cov:==================>                54%][MASTER] 12:35:55.644 [logback-1] WARN  ClientNodeImpl - Cannot send statistics to master; continuing without statistics
java.rmi.ServerException: RemoteException occurred in server thread; nested exception is: 
	java.rmi.UnmarshalException: error unmarshalling arguments; nested exception is: 
	java.lang.ClassNotFoundException: expect to get instruction without BasicBlock already set
	at java.rmi/sun.rmi.server.UnicastServerRef.dispatch(UnicastServerRef.java:391)
	at java.rmi/sun.rmi.transport.Transport$1.run(Transport.java:200)
	at java.rmi/sun.rmi.transport.Transport$1.run(Transport.java:197)
	at java.base/java.security.AccessController.doPrivileged(Native Method)
	at java.rmi/sun.rmi.transport.Transport.serviceCall(Transport.java:196)
	at java.rmi/sun.rmi.transport.tcp.TCPTransport.handleMessages(TCPTransport.java:562)
	at java.rmi/sun.rmi.transport.tcp.TCPTransport$ConnectionHandler.run0(TCPTransport.java:796)
	at java.rmi/sun.rmi.transport.tcp.TCPTransport$ConnectionHandler.lambda$run$0(TCPTransport.java:677)
	at java.base/java.security.AccessController.doPrivileged(Native Method)
	at java.rmi/sun.rmi.transport.tcp.TCPTransport$ConnectionHandler.run(TCPTransport.java:676)
	at java.base/java.util.concurrent.ThreadPoolExecutor.runWorker(ThreadPoolExecutor.java:1128)
	at java.base/java.util.concurrent.ThreadPoolExecutor$Worker.run(ThreadPoolExecutor.java:628)
	at java.base/java.lang.Thread.run(Thread.java:829)
	at java.rmi/sun.rmi.transport.StreamRemoteCall.exceptionReceivedFromServer(StreamRemoteCall.java:303)
	at java.rmi/sun.rmi.transport.StreamRemoteCall.executeCall(StreamRemoteCall.java:279)
	at java.rmi/sun.rmi.server.UnicastRef.invoke(UnicastRef.java:164)
	at java.rmi/java.rmi.server.RemoteObjectInvocationHandler.invokeRemoteMethod(RemoteObjectInvocationHandler.java:217)
	at java.rmi/java.rmi.server.RemoteObjectInvocationHandler.invoke(RemoteObjectInvocationHandler.java:162)
	at com.sun.proxy.$Proxy7.evosuite_collectStatistics(Unknown Source)
	at org.evosuite.rmi.service.ClientNodeImpl.updateStatistics(ClientNodeImpl.java:251)
	at org.evosuite.statistics.StatisticsSender.sendIndividualToMaster(StatisticsSender.java:62)
	at org.evosuite.statistics.StatisticsListener.lambda$new$0(StatisticsListener.java:76)
	at java.base/java.lang.Thread.run(Thread.java:829)
Caused by: java.rmi.UnmarshalException: error unmarshalling arguments; nested exception is: 
	java.lang.ClassNotFoundException: expect to get instruction without BasicBlock already set
	at java.rmi/sun.rmi.server.UnicastServerRef.dispatch(UnicastServerRef.java:350)
	at java.rmi/sun.rmi.transport.Transport$1.run(Transport.java:200)
	at java.rmi/sun.rmi.transport.Transport$1.run(Transport.java:197)
	at java.base/java.security.AccessController.doPrivileged(Native Method)
	at java.rmi/sun.rmi.transport.Transport.serviceCall(Transport.java:196)
	at java.rmi/sun.rmi.transport.tcp.TCPTransport.handleMessages(TCPTransport.java:562)
	at java.rmi/sun.rmi.transport.tcp.TCPTransport$ConnectionHandler.run0(TCPTransport.java:796)
	at java.rmi/sun.rmi.transport.tcp.TCPTransport$ConnectionHandler.lambda$run$0(TCPTransport.java:677)
	at java.base/java.security.AccessController.doPrivileged(Native Method)
	at java.rmi/sun.rmi.transport.tcp.TCPTransport$ConnectionHandler.run(TCPTransport.java:676)
	at java.base/java.util.concurrent.ThreadPoolExecutor.runWorker(ThreadPoolExecutor.java:1128)
	at java.base/java.util.concurrent.ThreadPoolExecutor$Worker.run(ThreadPoolExecutor.java:628)
	... 1 common frames omitted
Caused by: java.lang.ClassNotFoundException: expect to get instruction without BasicBlock already set
	at org.evosuite.instrumentation.InstrumentingClassLoader.instrumentClass(InstrumentingClassLoader.java:158)
	at org.evosuite.instrumentation.InstrumentingClassLoader.loadClass(InstrumentingClassLoader.java:126)
	at org.evosuite.utils.generic.GenericClassImpl.getClass(GenericClassImpl.java:139)
	at org.evosuite.utils.generic.GenericClassImpl.getClass(GenericClassImpl.java:105)
	at org.evosuite.utils.generic.GenericClassImpl.readObject(GenericClassImpl.java:1671)
	at jdk.internal.reflect.GeneratedMethodAccessor9.invoke(Unknown Source)
	at java.base/jdk.internal.reflect.DelegatingMethodAccessorImpl.invoke(DelegatingMethodAccessorImpl.java:43)
	at java.base/java.lang.reflect.Method.invoke(Method.java:566)
	at java.base/java.io.ObjectStreamClass.invokeReadObject(ObjectStreamClass.java:1046)
	at java.base/java.io.ObjectInputStream.readSerialData(ObjectInputStream.java:2357)
	at java.base/java.io.ObjectInputStream.readOrdinaryObject(ObjectInputStream.java:2228)
	at java.base/java.io.ObjectInputStream.readObject0(ObjectInputStream.java:1687)
	at java.base/java.io.ObjectInputStream.defaultReadFields(ObjectInputStream.java:2496)
	at java.base/java.io.ObjectInputStream.readSerialData(ObjectInputStream.java:2390)
	at java.base/java.io.ObjectInputStream.readOrdinaryObject(ObjectInputStream.java:2228)
	at java.base/java.io.ObjectInputStream.readObject0(ObjectInputStream.java:1687)
	at java.base/java.io.ObjectInputStream.defaultReadFields(ObjectInputStream.java:2496)
	at java.base/java.io.ObjectInputStream.readSerialData(ObjectInputStream.java:2390)
	at java.base/java.io.ObjectInputStream.readOrdinaryObject(ObjectInputStream.java:2228)
	at java.base/java.io.ObjectInputStream.readObject0(ObjectInputStream.java:1687)
	at java.base/java.io.ObjectInputStream.readObject(ObjectInputStream.java:489)
	at java.base/java.io.ObjectInputStream.readObject(ObjectInputStream.java:447)
	at java.base/java.util.ArrayList.readObject(ArrayList.java:929)
	at java.base/jdk.internal.reflect.GeneratedMethodAccessor7.invoke(Unknown Source)
	at java.base/jdk.internal.reflect.DelegatingMethodAccessorImpl.invoke(DelegatingMethodAccessorImpl.java:43)
	at java.base/java.lang.reflect.Method.invoke(Method.java:566)
	at java.base/java.io.ObjectStreamClass.invokeReadObject(ObjectStreamClass.java:1046)
	at java.base/java.io.ObjectInputStream.readSerialData(ObjectInputStream.java:2357)
	at java.base/java.io.ObjectInputStream.readOrdinaryObject(ObjectInputStream.java:2228)
	at java.base/java.io.ObjectInputStream.readObject0(ObjectInputStream.java:1687)
	at java.base/java.io.ObjectInputStream.defaultReadFields(ObjectInputStream.java:2496)
	at java.base/java.io.ObjectInputStream.readSerialData(ObjectInputStream.java:2390)
	at java.base/java.io.ObjectInputStream.readOrdinaryObject(ObjectInputStream.java:2228)
	at java.base/java.io.ObjectInputStream.readObject0(ObjectInputStream.java:1687)
	at java.base/java.io.ObjectInputStream.defaultReadFields(ObjectInputStream.java:2496)
	at java.base/java.io.ObjectInputStream.defaultReadObject(ObjectInputStream.java:625)
	at org.evosuite.testcase.DefaultTestCase.readObject(DefaultTestCase.java:1217)
	at jdk.internal.reflect.GeneratedMethodAccessor15.invoke(Unknown Source)
	at java.base/jdk.internal.reflect.DelegatingMethodAccessorImpl.invoke(DelegatingMethodAccessorImpl.java:43)
	at java.base/java.lang.reflect.Method.invoke(Method.java:566)
	at java.base/java.io.ObjectStreamClass.invokeReadObject(ObjectStreamClass.java:1046)
	at java.base/java.io.ObjectInputStream.readSerialData(ObjectInputStream.java:2357)
	at java.base/java.io.ObjectInputStream.readOrdinaryObject(ObjectInputStream.java:2228)
	at java.base/java.io.ObjectInputStream.readObject0(ObjectInputStream.java:1687)
	at java.base/java.io.ObjectInputStream.defaultReadFields(ObjectInputStream.java:2496)
	at java.base/java.io.ObjectInputStream.readSerialData(ObjectInputStream.java:2390)
	at java.base/java.io.ObjectInputStream.readOrdinaryObject(ObjectInputStream.java:2228)
	at java.base/java.io.ObjectInputStream.readObject0(ObjectInputStream.java:1687)
	at java.base/java.io.ObjectInputStream.readObject(ObjectInputStream.java:489)
	at java.base/java.io.ObjectInputStream.readObject(ObjectInputStream.java:447)
	at java.base/java.util.ArrayList.readObject(ArrayList.java:929)
	at java.base/jdk.internal.reflect.GeneratedMethodAccessor7.invoke(Unknown Source)
	at java.base/jdk.internal.reflect.DelegatingMethodAccessorImpl.invoke(DelegatingMethodAccessorImpl.java:43)
	at java.base/java.lang.reflect.Method.invoke(Method.java:566)
	at java.base/java.io.ObjectStreamClass.invokeReadObject(ObjectStreamClass.java:1046)
	at java.base/java.io.ObjectInputStream.readSerialData(ObjectInputStream.java:2357)
	at java.base/java.io.ObjectInputStream.readOrdinaryObject(ObjectInputStream.java:2228)
	at java.base/java.io.ObjectInputStream.readObject0(ObjectInputStream.java:1687)
	at java.base/java.io.ObjectInputStream.defaultReadFields(ObjectInputStream.java:2496)
	at java.base/java.io.ObjectInputStream.readSerialData(ObjectInputStream.java:2390)
	at java.base/java.io.ObjectInputStream.readOrdinaryObject(ObjectInputStream.java:2228)
	at java.base/java.io.ObjectInputStream.readObject0(ObjectInputStream.java:1687)
	at java.base/java.io.ObjectInputStream.readObject(ObjectInputStream.java:489)
	at java.base/java.io.ObjectInputStream.readObject(ObjectInputStream.java:447)
	at java.rmi/sun.rmi.server.UnicastRef.unmarshalValue(UnicastRef.java:327)
	at java.rmi/sun.rmi.server.UnicastServerRef.dispatch(UnicastServerRef.java:339)
	... 12 common frames omitted
Caused by: java.lang.IllegalArgumentException: expect to get instruction without BasicBlock already set
	at org.evosuite.graphs.cfg.BasicBlock.appendInstruction(BasicBlock.java:225)
	at org.evosuite.graphs.cfg.BasicBlock.setInstructions(BasicBlock.java:206)
	at org.evosuite.graphs.cfg.BasicBlock.<init>(BasicBlock.java:106)
	at org.evosuite.graphs.cfg.RawControlFlowGraph.determineBasicBlockFor(RawControlFlowGraph.java:314)
	at org.evosuite.graphs.cfg.ActualControlFlowGraph.computeNodes(ActualControlFlowGraph.java:295)
	at org.evosuite.graphs.cfg.ActualControlFlowGraph.computeGraph(ActualControlFlowGraph.java:262)
	at org.evosuite.graphs.cfg.ActualControlFlowGraph.<init>(ActualControlFlowGraph.java:97)
	at org.evosuite.graphs.cfg.CFGGenerator.computeActualCFG(CFGGenerator.java:218)
	at org.evosuite.graphs.cfg.CFGGenerator.registerCFGs(CFGGenerator.java:102)
	at org.evosuite.graphs.cfg.CFGMethodAdapter.visitEnd(CFGMethodAdapter.java:219)
	at org.evosuite.shaded.org.objectweb.asm.MethodVisitor.visitEnd(MethodVisitor.java:783)
	at org.evosuite.shaded.org.objectweb.asm.MethodVisitor.visitEnd(MethodVisitor.java:783)
	at org.evosuite.shaded.org.objectweb.asm.MethodVisitor.visitEnd(MethodVisitor.java:783)
	at org.evosuite.shaded.org.objectweb.asm.tree.MethodNode.accept(MethodNode.java:772)
	at org.evosuite.shaded.org.objectweb.asm.tree.MethodNode.accept(MethodNode.java:649)
	at org.evosuite.shaded.org.objectweb.asm.tree.ClassNode.accept(ClassNode.java:452)
	at org.evosuite.instrumentation.BytecodeInstrumentation.transformBytes(BytecodeInstrumentation.java:282)
	at org.evosuite.instrumentation.InstrumentingClassLoader.getTransformedBytes(InstrumentingClassLoader.java:135)
	at org.evosuite.instrumentation.InstrumentingClassLoader.instrumentClass(InstrumentingClassLoader.java:149)
	... 77 common frames omitted
[Progress:=================>            59%] [Cov:==================>                53%][Progress:=================>            59%] [Cov:==================>                54%][Progress:=================>            59%] [Cov:==================>                54%]GWO iteration=40 bestFitness=1106.0155344870461 population=50 a=1.2
========== GWO EVOLVE iteration=40 population=50 ==========
[Progress:==================>           60%] [Cov:==================>                54%][MASTER] 12:35:57.809 [logback-1] WARN  ClientNodeImpl - Cannot send statistics to master; continuing without statistics
java.rmi.ServerException: RemoteException occurred in server thread; nested exception is: 
	java.rmi.UnmarshalException: error unmarshalling arguments; nested exception is: 
	java.lang.ClassNotFoundException: expect to get instruction without BasicBlock already set
	at java.rmi/sun.rmi.server.UnicastServerRef.dispatch(UnicastServerRef.java:391)
	at java.rmi/sun.rmi.transport.Transport$1.run(Transport.java:200)
	at java.rmi/sun.rmi.transport.Transport$1.run(Transport.java:197)
	at java.base/java.security.AccessController.doPrivileged(Native Method)
	at java.rmi/sun.rmi.transport.Transport.serviceCall(Transport.java:196)
	at java.rmi/sun.rmi.transport.tcp.TCPTransport.handleMessages(TCPTransport.java:562)
	at java.rmi/sun.rmi.transport.tcp.TCPTransport$ConnectionHandler.run0(TCPTransport.java:796)
	at java.rmi/sun.rmi.transport.tcp.TCPTransport$ConnectionHandler.lambda$run$0(TCPTransport.java:677)
	at java.base/java.security.AccessController.doPrivileged(Native Method)
	at java.rmi/sun.rmi.transport.tcp.TCPTransport$ConnectionHandler.run(TCPTransport.java:676)
	at java.base/java.util.concurrent.ThreadPoolExecutor.runWorker(ThreadPoolExecutor.java:1128)
	at java.base/java.util.concurrent.ThreadPoolExecutor$Worker.run(ThreadPoolExecutor.java:628)
	at java.base/java.lang.Thread.run(Thread.java:829)
	at java.rmi/sun.rmi.transport.StreamRemoteCall.exceptionReceivedFromServer(StreamRemoteCall.java:303)
	at java.rmi/sun.rmi.transport.StreamRemoteCall.executeCall(StreamRemoteCall.java:279)
	at java.rmi/sun.rmi.server.UnicastRef.invoke(UnicastRef.java:164)
	at java.rmi/java.rmi.server.RemoteObjectInvocationHandler.invokeRemoteMethod(RemoteObjectInvocationHandler.java:217)
	at java.rmi/java.rmi.server.RemoteObjectInvocationHandler.invoke(RemoteObjectInvocationHandler.java:162)
	at com.sun.proxy.$Proxy7.evosuite_collectStatistics(Unknown Source)
	at org.evosuite.rmi.service.ClientNodeImpl.updateStatistics(ClientNodeImpl.java:251)
	at org.evosuite.statistics.StatisticsSender.sendIndividualToMaster(StatisticsSender.java:62)
	at org.evosuite.statistics.StatisticsListener.lambda$new$0(StatisticsListener.java:76)
	at java.base/java.lang.Thread.run(Thread.java:829)
Caused by: java.rmi.UnmarshalException: error unmarshalling arguments; nested exception is: 
	java.lang.ClassNotFoundException: expect to get instruction without BasicBlock already set
	at java.rmi/sun.rmi.server.UnicastServerRef.dispatch(UnicastServerRef.java:350)
	at java.rmi/sun.rmi.transport.Transport$1.run(Transport.java:200)
	at java.rmi/sun.rmi.transport.Transport$1.run(Transport.java:197)
	at java.base/java.security.AccessController.doPrivileged(Native Method)
	at java.rmi/sun.rmi.transport.Transport.serviceCall(Transport.java:196)
	at java.rmi/sun.rmi.transport.tcp.TCPTransport.handleMessages(TCPTransport.java:562)
	at java.rmi/sun.rmi.transport.tcp.TCPTransport$ConnectionHandler.run0(TCPTransport.java:796)
	at java.rmi/sun.rmi.transport.tcp.TCPTransport$ConnectionHandler.lambda$run$0(TCPTransport.java:677)
	at java.base/java.security.AccessController.doPrivileged(Native Method)
	at java.rmi/sun.rmi.transport.tcp.TCPTransport$ConnectionHandler.run(TCPTransport.java:676)
	at java.base/java.util.concurrent.ThreadPoolExecutor.runWorker(ThreadPoolExecutor.java:1128)
	at java.base/java.util.concurrent.ThreadPoolExecutor$Worker.run(ThreadPoolExecutor.java:628)
	... 1 common frames omitted
Caused by: java.lang.ClassNotFoundException: expect to get instruction without BasicBlock already set
	at org.evosuite.instrumentation.InstrumentingClassLoader.instrumentClass(InstrumentingClassLoader.java:158)
	at org.evosuite.instrumentation.InstrumentingClassLoader.loadClass(InstrumentingClassLoader.java:126)
	at org.evosuite.utils.generic.GenericClassImpl.getClass(GenericClassImpl.java:139)
	at org.evosuite.utils.generic.GenericClassImpl.getClass(GenericClassImpl.java:105)
	at org.evosuite.utils.generic.GenericClassImpl.readObject(GenericClassImpl.java:1671)
	at jdk.internal.reflect.GeneratedMethodAccessor9.invoke(Unknown Source)
	at java.base/jdk.internal.reflect.DelegatingMethodAccessorImpl.invoke(DelegatingMethodAccessorImpl.java:43)
	at java.base/java.lang.reflect.Method.invoke(Method.java:566)
	at java.base/java.io.ObjectStreamClass.invokeReadObject(ObjectStreamClass.java:1046)
	at java.base/java.io.ObjectInputStream.readSerialData(ObjectInputStream.java:2357)
	at java.base/java.io.ObjectInputStream.readOrdinaryObject(ObjectInputStream.java:2228)
	at java.base/java.io.ObjectInputStream.readObject0(ObjectInputStream.java:1687)
	at java.base/java.io.ObjectInputStream.defaultReadFields(ObjectInputStream.java:2496)
	at java.base/java.io.ObjectInputStream.readSerialData(ObjectInputStream.java:2390)
	at java.base/java.io.ObjectInputStream.readOrdinaryObject(ObjectInputStream.java:2228)
	at java.base/java.io.ObjectInputStream.readObject0(ObjectInputStream.java:1687)
	at java.base/java.io.ObjectInputStream.defaultReadFields(ObjectInputStream.java:2496)
	at java.base/java.io.ObjectInputStream.readSerialData(ObjectInputStream.java:2390)
	at java.base/java.io.ObjectInputStream.readOrdinaryObject(ObjectInputStream.java:2228)
	at java.base/java.io.ObjectInputStream.readObject0(ObjectInputStream.java:1687)
	at java.base/java.io.ObjectInputStream.readObject(ObjectInputStream.java:489)
	at java.base/java.io.ObjectInputStream.readObject(ObjectInputStream.java:447)
	at java.base/java.util.ArrayList.readObject(ArrayList.java:929)
	at java.base/jdk.internal.reflect.GeneratedMethodAccessor7.invoke(Unknown Source)
	at java.base/jdk.internal.reflect.DelegatingMethodAccessorImpl.invoke(DelegatingMethodAccessorImpl.java:43)
	at java.base/java.lang.reflect.Method.invoke(Method.java:566)
	at java.base/java.io.ObjectStreamClass.invokeReadObject(ObjectStreamClass.java:1046)
	at java.base/java.io.ObjectInputStream.readSerialData(ObjectInputStream.java:2357)
	at java.base/java.io.ObjectInputStream.readOrdinaryObject(ObjectInputStream.java:2228)
	at java.base/java.io.ObjectInputStream.readObject0(ObjectInputStream.java:1687)
	at java.base/java.io.ObjectInputStream.defaultReadFields(ObjectInputStream.java:2496)
	at java.base/java.io.ObjectInputStream.readSerialData(ObjectInputStream.java:2390)
	at java.base/java.io.ObjectInputStream.readOrdinaryObject(ObjectInputStream.java:2228)
	at java.base/java.io.ObjectInputStream.readObject0(ObjectInputStream.java:1687)
	at java.base/java.io.ObjectInputStream.defaultReadFields(ObjectInputStream.java:2496)
	at java.base/java.io.ObjectInputStream.defaultReadObject(ObjectInputStream.java:625)
	at org.evosuite.testcase.DefaultTestCase.readObject(DefaultTestCase.java:1217)
	at jdk.internal.reflect.GeneratedMethodAccessor15.invoke(Unknown Source)
	at java.base/jdk.internal.reflect.DelegatingMethodAccessorImpl.invoke(DelegatingMethodAccessorImpl.java:43)
	at java.base/java.lang.reflect.Method.invoke(Method.java:566)
	at java.base/java.io.ObjectStreamClass.invokeReadObject(ObjectStreamClass.java:1046)
	at java.base/java.io.ObjectInputStream.readSerialData(ObjectInputStream.java:2357)
	at java.base/java.io.ObjectInputStream.readOrdinaryObject(ObjectInputStream.java:2228)
	at java.base/java.io.ObjectInputStream.readObject0(ObjectInputStream.java:1687)
	at java.base/java.io.ObjectInputStream.defaultReadFields(ObjectInputStream.java:2496)
	at java.base/java.io.ObjectInputStream.readSerialData(ObjectInputStream.java:2390)
	at java.base/java.io.ObjectInputStream.readOrdinaryObject(ObjectInputStream.java:2228)
	at java.base/java.io.ObjectInputStream.readObject0(ObjectInputStream.java:1687)
	at java.base/java.io.ObjectInputStream.readObject(ObjectInputStream.java:489)
	at java.base/java.io.ObjectInputStream.readObject(ObjectInputStream.java:447)
	at java.base/java.util.ArrayList.readObject(ArrayList.java:929)
	at java.base/jdk.internal.reflect.GeneratedMethodAccessor7.invoke(Unknown Source)
	at java.base/jdk.internal.reflect.DelegatingMethodAccessorImpl.invoke(DelegatingMethodAccessorImpl.java:43)
	at java.base/java.lang.reflect.Method.invoke(Method.java:566)
	at java.base/java.io.ObjectStreamClass.invokeReadObject(ObjectStreamClass.java:1046)
	at java.base/java.io.ObjectInputStream.readSerialData(ObjectInputStream.java:2357)
	at java.base/java.io.ObjectInputStream.readOrdinaryObject(ObjectInputStream.java:2228)
	at java.base/java.io.ObjectInputStream.readObject0(ObjectInputStream.java:1687)
	at java.base/java.io.ObjectInputStream.defaultReadFields(ObjectInputStream.java:2496)
	at java.base/java.io.ObjectInputStream.readSerialData(ObjectInputStream.java:2390)
	at java.base/java.io.ObjectInputStream.readOrdinaryObject(ObjectInputStream.java:2228)
	at java.base/java.io.ObjectInputStream.readObject0(ObjectInputStream.java:1687)
	at java.base/java.io.ObjectInputStream.readObject(ObjectInputStream.java:489)
	at java.base/java.io.ObjectInputStream.readObject(ObjectInputStream.java:447)
	at java.rmi/sun.rmi.server.UnicastRef.unmarshalValue(UnicastRef.java:327)
	at java.rmi/sun.rmi.server.UnicastServerRef.dispatch(UnicastServerRef.java:339)
	... 12 common frames omitted
Caused by: java.lang.IllegalArgumentException: expect to get instruction without BasicBlock already set
	at org.evosuite.graphs.cfg.BasicBlock.appendInstruction(BasicBlock.java:225)
	at org.evosuite.graphs.cfg.BasicBlock.setInstructions(BasicBlock.java:206)
	at org.evosuite.graphs.cfg.BasicBlock.<init>(BasicBlock.java:106)
	at org.evosuite.graphs.cfg.RawControlFlowGraph.determineBasicBlockFor(RawControlFlowGraph.java:314)
	at org.evosuite.graphs.cfg.ActualControlFlowGraph.computeNodes(ActualControlFlowGraph.java:295)
	at org.evosuite.graphs.cfg.ActualControlFlowGraph.computeGraph(ActualControlFlowGraph.java:262)
	at org.evosuite.graphs.cfg.ActualControlFlowGraph.<init>(ActualControlFlowGraph.java:97)
	at org.evosuite.graphs.cfg.CFGGenerator.computeActualCFG(CFGGenerator.java:218)
	at org.evosuite.graphs.cfg.CFGGenerator.registerCFGs(CFGGenerator.java:102)
	at org.evosuite.graphs.cfg.CFGMethodAdapter.visitEnd(CFGMethodAdapter.java:219)
	at org.evosuite.shaded.org.objectweb.asm.MethodVisitor.visitEnd(MethodVisitor.java:783)
	at org.evosuite.shaded.org.objectweb.asm.MethodVisitor.visitEnd(MethodVisitor.java:783)
	at org.evosuite.shaded.org.objectweb.asm.MethodVisitor.visitEnd(MethodVisitor.java:783)
	at org.evosuite.shaded.org.objectweb.asm.tree.MethodNode.accept(MethodNode.java:772)
	at org.evosuite.shaded.org.objectweb.asm.tree.MethodNode.accept(MethodNode.java:649)
	at org.evosuite.shaded.org.objectweb.asm.tree.ClassNode.accept(ClassNode.java:452)
	at org.evosuite.instrumentation.BytecodeInstrumentation.transformBytes(BytecodeInstrumentation.java:282)
	at org.evosuite.instrumentation.InstrumentingClassLoader.getTransformedBytes(InstrumentingClassLoader.java:135)
	at org.evosuite.instrumentation.InstrumentingClassLoader.instrumentClass(InstrumentingClassLoader.java:149)
	... 77 common frames omitted
[Progress:==================>           60%] [Cov:==================>                54%][Progress:==================>           61%] [Cov:==================>                54%][Progress:===================>          64%] [Cov:==================>                54%][MASTER] 12:36:03.048 [logback-1] WARN  ClientNodeImpl - Cannot send statistics to master; continuing without statistics
java.rmi.ServerException: RemoteException occurred in server thread; nested exception is: 
	java.rmi.UnmarshalException: error unmarshalling arguments; nested exception is: 
	java.lang.ClassNotFoundException: expect to get instruction without BasicBlock already set
	at java.rmi/sun.rmi.server.UnicastServerRef.dispatch(UnicastServerRef.java:391)
	at java.rmi/sun.rmi.transport.Transport$1.run(Transport.java:200)
	at java.rmi/sun.rmi.transport.Transport$1.run(Transport.java:197)
	at java.base/java.security.AccessController.doPrivileged(Native Method)
	at java.rmi/sun.rmi.transport.Transport.serviceCall(Transport.java:196)
	at java.rmi/sun.rmi.transport.tcp.TCPTransport.handleMessages(TCPTransport.java:562)
	at java.rmi/sun.rmi.transport.tcp.TCPTransport$ConnectionHandler.run0(TCPTransport.java:796)
	at java.rmi/sun.rmi.transport.tcp.TCPTransport$ConnectionHandler.lambda$run$0(TCPTransport.java:677)
	at java.base/java.security.AccessController.doPrivileged(Native Method)
	at java.rmi/sun.rmi.transport.tcp.TCPTransport$ConnectionHandler.run(TCPTransport.java:676)
	at java.base/java.util.concurrent.ThreadPoolExecutor.runWorker(ThreadPoolExecutor.java:1128)
	at java.base/java.util.concurrent.ThreadPoolExecutor$Worker.run(ThreadPoolExecutor.java:628)
	at java.base/java.lang.Thread.run(Thread.java:829)
	at java.rmi/sun.rmi.transport.StreamRemoteCall.exceptionReceivedFromServer(StreamRemoteCall.java:303)
	at java.rmi/sun.rmi.transport.StreamRemoteCall.executeCall(StreamRemoteCall.java:279)
	at java.rmi/sun.rmi.server.UnicastRef.invoke(UnicastRef.java:164)
	at java.rmi/java.rmi.server.RemoteObjectInvocationHandler.invokeRemoteMethod(RemoteObjectInvocationHandler.java:217)
	at java.rmi/java.rmi.server.RemoteObjectInvocationHandler.invoke(RemoteObjectInvocationHandler.java:162)
	at com.sun.proxy.$Proxy7.evosuite_collectStatistics(Unknown Source)
	at org.evosuite.rmi.service.ClientNodeImpl.updateStatistics(ClientNodeImpl.java:251)
	at org.evosuite.statistics.StatisticsSender.sendIndividualToMaster(StatisticsSender.java:62)
	at org.evosuite.statistics.StatisticsListener.lambda$new$0(StatisticsListener.java:76)
	at java.base/java.lang.Thread.run(Thread.java:829)
Caused by: java.rmi.UnmarshalException: error unmarshalling arguments; nested exception is: 
	java.lang.ClassNotFoundException: expect to get instruction without BasicBlock already set
	at java.rmi/sun.rmi.server.UnicastServerRef.dispatch(UnicastServerRef.java:350)
	at java.rmi/sun.rmi.transport.Transport$1.run(Transport.java:200)
	at java.rmi/sun.rmi.transport.Transport$1.run(Transport.java:197)
	at java.base/java.security.AccessController.doPrivileged(Native Method)
	at java.rmi/sun.rmi.transport.Transport.serviceCall(Transport.java:196)
	at java.rmi/sun.rmi.transport.tcp.TCPTransport.handleMessages(TCPTransport.java:562)
	at java.rmi/sun.rmi.transport.tcp.TCPTransport$ConnectionHandler.run0(TCPTransport.java:796)
	at java.rmi/sun.rmi.transport.tcp.TCPTransport$ConnectionHandler.lambda$run$0(TCPTransport.java:677)
	at java.base/java.security.AccessController.doPrivileged(Native Method)
	at java.rmi/sun.rmi.transport.tcp.TCPTransport$ConnectionHandler.run(TCPTransport.java:676)
	at java.base/java.util.concurrent.ThreadPoolExecutor.runWorker(ThreadPoolExecutor.java:1128)
	at java.base/java.util.concurrent.ThreadPoolExecutor$Worker.run(ThreadPoolExecutor.java:628)
	... 1 common frames omitted
Caused by: java.lang.ClassNotFoundException: expect to get instruction without BasicBlock already set
	at org.evosuite.instrumentation.InstrumentingClassLoader.instrumentClass(InstrumentingClassLoader.java:158)
	at org.evosuite.instrumentation.InstrumentingClassLoader.loadClass(InstrumentingClassLoader.java:126)
	at org.evosuite.utils.generic.GenericClassImpl.getClass(GenericClassImpl.java:139)
	at org.evosuite.utils.generic.GenericClassImpl.getClass(GenericClassImpl.java:105)
	at org.evosuite.utils.generic.GenericClassImpl.readObject(GenericClassImpl.java:1671)
	at jdk.internal.reflect.GeneratedMethodAccessor9.invoke(Unknown Source)
	at java.base/jdk.internal.reflect.DelegatingMethodAccessorImpl.invoke(DelegatingMethodAccessorImpl.java:43)
	at java.base/java.lang.reflect.Method.invoke(Method.java:566)
	at java.base/java.io.ObjectStreamClass.invokeReadObject(ObjectStreamClass.java:1046)
	at java.base/java.io.ObjectInputStream.readSerialData(ObjectInputStream.java:2357)
	at java.base/java.io.ObjectInputStream.readOrdinaryObject(ObjectInputStream.java:2228)
	at java.base/java.io.ObjectInputStream.readObject0(ObjectInputStream.java:1687)
	at java.base/java.io.ObjectInputStream.defaultReadFields(ObjectInputStream.java:2496)
	at java.base/java.io.ObjectInputStream.readSerialData(ObjectInputStream.java:2390)
	at java.base/java.io.ObjectInputStream.readOrdinaryObject(ObjectInputStream.java:2228)
	at java.base/java.io.ObjectInputStream.readObject0(ObjectInputStream.java:1687)
	at java.base/java.io.ObjectInputStream.defaultReadFields(ObjectInputStream.java:2496)
	at java.base/java.io.ObjectInputStream.readSerialData(ObjectInputStream.java:2390)
	at java.base/java.io.ObjectInputStream.readOrdinaryObject(ObjectInputStream.java:2228)
	at java.base/java.io.ObjectInputStream.readObject0(ObjectInputStream.java:1687)
	at java.base/java.io.ObjectInputStream.readObject(ObjectInputStream.java:489)
	at java.base/java.io.ObjectInputStream.readObject(ObjectInputStream.java:447)
	at java.base/java.util.ArrayList.readObject(ArrayList.java:929)
	at java.base/jdk.internal.reflect.GeneratedMethodAccessor7.invoke(Unknown Source)
	at java.base/jdk.internal.reflect.DelegatingMethodAccessorImpl.invoke(DelegatingMethodAccessorImpl.java:43)
	at java.base/java.lang.reflect.Method.invoke(Method.java:566)
	at java.base/java.io.ObjectStreamClass.invokeReadObject(ObjectStreamClass.java:1046)
	at java.base/java.io.ObjectInputStream.readSerialData(ObjectInputStream.java:2357)
	at java.base/java.io.ObjectInputStream.readOrdinaryObject(ObjectInputStream.java:2228)
	at java.base/java.io.ObjectInputStream.readObject0(ObjectInputStream.java:1687)
	at java.base/java.io.ObjectInputStream.defaultReadFields(ObjectInputStream.java:2496)
	at java.base/java.io.ObjectInputStream.readSerialData(ObjectInputStream.java:2390)
	at java.base/java.io.ObjectInputStream.readOrdinaryObject(ObjectInputStream.java:2228)
	at java.base/java.io.ObjectInputStream.readObject0(ObjectInputStream.java:1687)
	at java.base/java.io.ObjectInputStream.defaultReadFields(ObjectInputStream.java:2496)
	at java.base/java.io.ObjectInputStream.defaultReadObject(ObjectInputStream.java:625)
	at org.evosuite.testcase.DefaultTestCase.readObject(DefaultTestCase.java:1217)
	at jdk.internal.reflect.GeneratedMethodAccessor15.invoke(Unknown Source)
	at java.base/jdk.internal.reflect.DelegatingMethodAccessorImpl.invoke(DelegatingMethodAccessorImpl.java:43)
	at java.base/java.lang.reflect.Method.invoke(Method.java:566)
	at java.base/java.io.ObjectStreamClass.invokeReadObject(ObjectStreamClass.java:1046)
	at java.base/java.io.ObjectInputStream.readSerialData(ObjectInputStream.java:2357)
	at java.base/java.io.ObjectInputStream.readOrdinaryObject(ObjectInputStream.java:2228)
	at java.base/java.io.ObjectInputStream.readObject0(ObjectInputStream.java:1687)
	at java.base/java.io.ObjectInputStream.defaultReadFields(ObjectInputStream.java:2496)
	at java.base/java.io.ObjectInputStream.readSerialData(ObjectInputStream.java:2390)
	at java.base/java.io.ObjectInputStream.readOrdinaryObject(ObjectInputStream.java:2228)
	at java.base/java.io.ObjectInputStream.readObject0(ObjectInputStream.java:1687)
	at java.base/java.io.ObjectInputStream.readObject(ObjectInputStream.java:489)
	at java.base/java.io.ObjectInputStream.readObject(ObjectInputStream.java:447)
	at java.base/java.util.ArrayList.readObject(ArrayList.java:929)
	at java.base/jdk.internal.reflect.GeneratedMethodAccessor7.invoke(Unknown Source)
	at java.base/jdk.internal.reflect.DelegatingMethodAccessorImpl.invoke(DelegatingMethodAccessorImpl.java:43)
	at java.base/java.lang.reflect.Method.invoke(Method.java:566)
	at java.base/java.io.ObjectStreamClass.invokeReadObject(ObjectStreamClass.java:1046)
	at java.base/java.io.ObjectInputStream.readSerialData(ObjectInputStream.java:2357)
	at java.base/java.io.ObjectInputStream.readOrdinaryObject(ObjectInputStream.java:2228)
	at java.base/java.io.ObjectInputStream.readObject0(ObjectInputStream.java:1687)
	at java.base/java.io.ObjectInputStream.defaultReadFields(ObjectInputStream.java:2496)
	at java.base/java.io.ObjectInputStream.readSerialData(ObjectInputStream.java:2390)
	at java.base/java.io.ObjectInputStream.readOrdinaryObject(ObjectInputStream.java:2228)
	at java.base/java.io.ObjectInputStream.readObject0(ObjectInputStream.java:1687)
	at java.base/java.io.ObjectInputStream.readObject(ObjectInputStream.java:489)
	at java.base/java.io.ObjectInputStream.readObject(ObjectInputStream.java:447)
	at java.rmi/sun.rmi.server.UnicastRef.unmarshalValue(UnicastRef.java:327)
	at java.rmi/sun.rmi.server.UnicastServerRef.dispatch(UnicastServerRef.java:339)
	... 12 common frames omitted
Caused by: java.lang.IllegalArgumentException: expect to get instruction without BasicBlock already set
	at org.evosuite.graphs.cfg.BasicBlock.appendInstruction(BasicBlock.java:225)
	at org.evosuite.graphs.cfg.BasicBlock.setInstructions(BasicBlock.java:206)
	at org.evosuite.graphs.cfg.BasicBlock.<init>(BasicBlock.java:106)
	at org.evosuite.graphs.cfg.RawControlFlowGraph.determineBasicBlockFor(RawControlFlowGraph.java:314)
	at org.evosuite.graphs.cfg.ActualControlFlowGraph.computeNodes(ActualControlFlowGraph.java:295)
	at org.evosuite.graphs.cfg.ActualControlFlowGraph.computeGraph(ActualControlFlowGraph.java:262)
	at org.evosuite.graphs.cfg.ActualControlFlowGraph.<init>(ActualControlFlowGraph.java:97)
	at org.evosuite.graphs.cfg.CFGGenerator.computeActualCFG(CFGGenerator.java:218)
	at org.evosuite.graphs.cfg.CFGGenerator.registerCFGs(CFGGenerator.java:102)
	at org.evosuite.graphs.cfg.CFGMethodAdapter.visitEnd(CFGMethodAdapter.java:219)
	at org.evosuite.shaded.org.objectweb.asm.MethodVisitor.visitEnd(MethodVisitor.java:783)
	at org.evosuite.shaded.org.objectweb.asm.MethodVisitor.visitEnd(MethodVisitor.java:783)
	at org.evosuite.shaded.org.objectweb.asm.MethodVisitor.visitEnd(MethodVisitor.java:783)
	at org.evosuite.shaded.org.objectweb.asm.tree.MethodNode.accept(MethodNode.java:772)
	at org.evosuite.shaded.org.objectweb.asm.tree.MethodNode.accept(MethodNode.java:649)
	at org.evosuite.shaded.org.objectweb.asm.tree.ClassNode.accept(ClassNode.java:452)
	at org.evosuite.instrumentation.BytecodeInstrumentation.transformBytes(BytecodeInstrumentation.java:282)
	at org.evosuite.instrumentation.InstrumentingClassLoader.getTransformedBytes(InstrumentingClassLoader.java:135)
	at org.evosuite.instrumentation.InstrumentingClassLoader.instrumentClass(InstrumentingClassLoader.java:149)
	... 77 common frames omitted
[Progress:===================>          65%] [Cov:==================>                54%][Progress:===================>          65%] [Cov:==================>                53%][Progress:===================>          65%] [Cov:==================>                54%][MASTER] 12:36:05.432 [logback-1] WARN  ClientNodeImpl - Cannot send statistics to master; continuing without statistics
java.rmi.ServerException: RemoteException occurred in server thread; nested exception is: 
	java.rmi.UnmarshalException: error unmarshalling arguments; nested exception is: 
	java.lang.ClassNotFoundException: expect to get instruction without BasicBlock already set
	at java.rmi/sun.rmi.server.UnicastServerRef.dispatch(UnicastServerRef.java:391)
	at java.rmi/sun.rmi.transport.Transport$1.run(Transport.java:200)
	at java.rmi/sun.rmi.transport.Transport$1.run(Transport.java:197)
	at java.base/java.security.AccessController.doPrivileged(Native Method)
	at java.rmi/sun.rmi.transport.Transport.serviceCall(Transport.java:196)
	at java.rmi/sun.rmi.transport.tcp.TCPTransport.handleMessages(TCPTransport.java:562)
	at java.rmi/sun.rmi.transport.tcp.TCPTransport$ConnectionHandler.run0(TCPTransport.java:796)
	at java.rmi/sun.rmi.transport.tcp.TCPTransport$ConnectionHandler.lambda$run$0(TCPTransport.java:677)
	at java.base/java.security.AccessController.doPrivileged(Native Method)
	at java.rmi/sun.rmi.transport.tcp.TCPTransport$ConnectionHandler.run(TCPTransport.java:676)
	at java.base/java.util.concurrent.ThreadPoolExecutor.runWorker(ThreadPoolExecutor.java:1128)
	at java.base/java.util.concurrent.ThreadPoolExecutor$Worker.run(ThreadPoolExecutor.java:628)
	at java.base/java.lang.Thread.run(Thread.java:829)
	at java.rmi/sun.rmi.transport.StreamRemoteCall.exceptionReceivedFromServer(StreamRemoteCall.java:303)
	at java.rmi/sun.rmi.transport.StreamRemoteCall.executeCall(StreamRemoteCall.java:279)
	at java.rmi/sun.rmi.server.UnicastRef.invoke(UnicastRef.java:164)
	at java.rmi/java.rmi.server.RemoteObjectInvocationHandler.invokeRemoteMethod(RemoteObjectInvocationHandler.java:217)
	at java.rmi/java.rmi.server.RemoteObjectInvocationHandler.invoke(RemoteObjectInvocationHandler.java:162)
	at com.sun.proxy.$Proxy7.evosuite_collectStatistics(Unknown Source)
	at org.evosuite.rmi.service.ClientNodeImpl.updateStatistics(ClientNodeImpl.java:251)
	at org.evosuite.statistics.StatisticsSender.sendIndividualToMaster(StatisticsSender.java:62)
	at org.evosuite.statistics.StatisticsListener.lambda$new$0(StatisticsListener.java:76)
	at java.base/java.lang.Thread.run(Thread.java:829)
Caused by: java.rmi.UnmarshalException: error unmarshalling arguments; nested exception is: 
	java.lang.ClassNotFoundException: expect to get instruction without BasicBlock already set
	at java.rmi/sun.rmi.server.UnicastServerRef.dispatch(UnicastServerRef.java:350)
	at java.rmi/sun.rmi.transport.Transport$1.run(Transport.java:200)
	at java.rmi/sun.rmi.transport.Transport$1.run(Transport.java:197)
	at java.base/java.security.AccessController.doPrivileged(Native Method)
	at java.rmi/sun.rmi.transport.Transport.serviceCall(Transport.java:196)
	at java.rmi/sun.rmi.transport.tcp.TCPTransport.handleMessages(TCPTransport.java:562)
	at java.rmi/sun.rmi.transport.tcp.TCPTransport$ConnectionHandler.run0(TCPTransport.java:796)
	at java.rmi/sun.rmi.transport.tcp.TCPTransport$ConnectionHandler.lambda$run$0(TCPTransport.java:677)
	at java.base/java.security.AccessController.doPrivileged(Native Method)
	at java.rmi/sun.rmi.transport.tcp.TCPTransport$ConnectionHandler.run(TCPTransport.java:676)
	at java.base/java.util.concurrent.ThreadPoolExecutor.runWorker(ThreadPoolExecutor.java:1128)
	at java.base/java.util.concurrent.ThreadPoolExecutor$Worker.run(ThreadPoolExecutor.java:628)
	... 1 common frames omitted
Caused by: java.lang.ClassNotFoundException: expect to get instruction without BasicBlock already set
	at org.evosuite.instrumentation.InstrumentingClassLoader.instrumentClass(InstrumentingClassLoader.java:158)
	at org.evosuite.instrumentation.InstrumentingClassLoader.loadClass(InstrumentingClassLoader.java:126)
	at org.evosuite.utils.generic.GenericClassImpl.getClass(GenericClassImpl.java:139)
	at org.evosuite.utils.generic.GenericClassImpl.getClass(GenericClassImpl.java:105)
	at org.evosuite.utils.generic.GenericClassImpl.readObject(GenericClassImpl.java:1671)
	at jdk.internal.reflect.GeneratedMethodAccessor9.invoke(Unknown Source)
	at java.base/jdk.internal.reflect.DelegatingMethodAccessorImpl.invoke(DelegatingMethodAccessorImpl.java:43)
	at java.base/java.lang.reflect.Method.invoke(Method.java:566)
	at java.base/java.io.ObjectStreamClass.invokeReadObject(ObjectStreamClass.java:1046)
	at java.base/java.io.ObjectInputStream.readSerialData(ObjectInputStream.java:2357)
	at java.base/java.io.ObjectInputStream.readOrdinaryObject(ObjectInputStream.java:2228)
	at java.base/java.io.ObjectInputStream.readObject0(ObjectInputStream.java:1687)
	at java.base/java.io.ObjectInputStream.defaultReadFields(ObjectInputStream.java:2496)
	at java.base/java.io.ObjectInputStream.readSerialData(ObjectInputStream.java:2390)
	at java.base/java.io.ObjectInputStream.readOrdinaryObject(ObjectInputStream.java:2228)
	at java.base/java.io.ObjectInputStream.readObject0(ObjectInputStream.java:1687)
	at java.base/java.io.ObjectInputStream.defaultReadFields(ObjectInputStream.java:2496)
	at java.base/java.io.ObjectInputStream.readSerialData(ObjectInputStream.java:2390)
	at java.base/java.io.ObjectInputStream.readOrdinaryObject(ObjectInputStream.java:2228)
	at java.base/java.io.ObjectInputStream.readObject0(ObjectInputStream.java:1687)
	at java.base/java.io.ObjectInputStream.readObject(ObjectInputStream.java:489)
	at java.base/java.io.ObjectInputStream.readObject(ObjectInputStream.java:447)
	at java.base/java.util.ArrayList.readObject(ArrayList.java:929)
	at java.base/jdk.internal.reflect.GeneratedMethodAccessor7.invoke(Unknown Source)
	at java.base/jdk.internal.reflect.DelegatingMethodAccessorImpl.invoke(DelegatingMethodAccessorImpl.java:43)
	at java.base/java.lang.reflect.Method.invoke(Method.java:566)
	at java.base/java.io.ObjectStreamClass.invokeReadObject(ObjectStreamClass.java:1046)
	at java.base/java.io.ObjectInputStream.readSerialData(ObjectInputStream.java:2357)
	at java.base/java.io.ObjectInputStream.readOrdinaryObject(ObjectInputStream.java:2228)
	at java.base/java.io.ObjectInputStream.readObject0(ObjectInputStream.java:1687)
	at java.base/java.io.ObjectInputStream.defaultReadFields(ObjectInputStream.java:2496)
	at java.base/java.io.ObjectInputStream.readSerialData(ObjectInputStream.java:2390)
	at java.base/java.io.ObjectInputStream.readOrdinaryObject(ObjectInputStream.java:2228)
	at java.base/java.io.ObjectInputStream.readObject0(ObjectInputStream.java:1687)
	at java.base/java.io.ObjectInputStream.defaultReadFields(ObjectInputStream.java:2496)
	at java.base/java.io.ObjectInputStream.defaultReadObject(ObjectInputStream.java:625)
	at org.evosuite.testcase.DefaultTestCase.readObject(DefaultTestCase.java:1217)
	at jdk.internal.reflect.GeneratedMethodAccessor15.invoke(Unknown Source)
	at java.base/jdk.internal.reflect.DelegatingMethodAccessorImpl.invoke(DelegatingMethodAccessorImpl.java:43)
	at java.base/java.lang.reflect.Method.invoke(Method.java:566)
	at java.base/java.io.ObjectStreamClass.invokeReadObject(ObjectStreamClass.java:1046)
	at java.base/java.io.ObjectInputStream.readSerialData(ObjectInputStream.java:2357)
	at java.base/java.io.ObjectInputStream.readOrdinaryObject(ObjectInputStream.java:2228)
	at java.base/java.io.ObjectInputStream.readObject0(ObjectInputStream.java:1687)
	at java.base/java.io.ObjectInputStream.defaultReadFields(ObjectInputStream.java:2496)
	at java.base/java.io.ObjectInputStream.readSerialData(ObjectInputStream.java:2390)
	at java.base/java.io.ObjectInputStream.readOrdinaryObject(ObjectInputStream.java:2228)
	at java.base/java.io.ObjectInputStream.readObject0(ObjectInputStream.java:1687)
	at java.base/java.io.ObjectInputStream.readObject(ObjectInputStream.java:489)
	at java.base/java.io.ObjectInputStream.readObject(ObjectInputStream.java:447)
	at java.base/java.util.ArrayList.readObject(ArrayList.java:929)
	at java.base/jdk.internal.reflect.GeneratedMethodAccessor7.invoke(Unknown Source)
	at java.base/jdk.internal.reflect.DelegatingMethodAccessorImpl.invoke(DelegatingMethodAccessorImpl.java:43)
	at java.base/java.lang.reflect.Method.invoke(Method.java:566)
	at java.base/java.io.ObjectStreamClass.invokeReadObject(ObjectStreamClass.java:1046)
	at java.base/java.io.ObjectInputStream.readSerialData(ObjectInputStream.java:2357)
	at java.base/java.io.ObjectInputStream.readOrdinaryObject(ObjectInputStream.java:2228)
	at java.base/java.io.ObjectInputStream.readObject0(ObjectInputStream.java:1687)
	at java.base/java.io.ObjectInputStream.defaultReadFields(ObjectInputStream.java:2496)
	at java.base/java.io.ObjectInputStream.readSerialData(ObjectInputStream.java:2390)
	at java.base/java.io.ObjectInputStream.readOrdinaryObject(ObjectInputStream.java:2228)
	at java.base/java.io.ObjectInputStream.readObject0(ObjectInputStream.java:1687)
	at java.base/java.io.ObjectInputStream.readObject(ObjectInputStream.java:489)
	at java.base/java.io.ObjectInputStream.readObject(ObjectInputStream.java:447)
	at java.rmi/sun.rmi.server.UnicastRef.unmarshalValue(UnicastRef.java:327)
	at java.rmi/sun.rmi.server.UnicastServerRef.dispatch(UnicastServerRef.java:339)
	... 12 common frames omitted
Caused by: java.lang.IllegalArgumentException: expect to get instruction without BasicBlock already set
	at org.evosuite.graphs.cfg.BasicBlock.appendInstruction(BasicBlock.java:225)
	at org.evosuite.graphs.cfg.BasicBlock.setInstructions(BasicBlock.java:206)
	at org.evosuite.graphs.cfg.BasicBlock.<init>(BasicBlock.java:106)
	at org.evosuite.graphs.cfg.RawControlFlowGraph.determineBasicBlockFor(RawControlFlowGraph.java:314)
	at org.evosuite.graphs.cfg.ActualControlFlowGraph.computeNodes(ActualControlFlowGraph.java:295)
	at org.evosuite.graphs.cfg.ActualControlFlowGraph.computeGraph(ActualControlFlowGraph.java:262)
	at org.evosuite.graphs.cfg.ActualControlFlowGraph.<init>(ActualControlFlowGraph.java:97)
	at org.evosuite.graphs.cfg.CFGGenerator.computeActualCFG(CFGGenerator.java:218)
	at org.evosuite.graphs.cfg.CFGGenerator.registerCFGs(CFGGenerator.java:102)
	at org.evosuite.graphs.cfg.CFGMethodAdapter.visitEnd(CFGMethodAdapter.java:219)
	at org.evosuite.shaded.org.objectweb.asm.MethodVisitor.visitEnd(MethodVisitor.java:783)
	at org.evosuite.shaded.org.objectweb.asm.MethodVisitor.visitEnd(MethodVisitor.java:783)
	at org.evosuite.shaded.org.objectweb.asm.MethodVisitor.visitEnd(MethodVisitor.java:783)
	at org.evosuite.shaded.org.objectweb.asm.tree.MethodNode.accept(MethodNode.java:772)
	at org.evosuite.shaded.org.objectweb.asm.tree.MethodNode.accept(MethodNode.java:649)
	at org.evosuite.shaded.org.objectweb.asm.tree.ClassNode.accept(ClassNode.java:452)
	at org.evosuite.instrumentation.BytecodeInstrumentation.transformBytes(BytecodeInstrumentation.java:282)
	at org.evosuite.instrumentation.InstrumentingClassLoader.getTransformedBytes(InstrumentingClassLoader.java:135)
	at org.evosuite.instrumentation.InstrumentingClassLoader.instrumentClass(InstrumentingClassLoader.java:149)
	... 77 common frames omitted
[Progress:===================>          66%] [Cov:==================>                54%][Progress:====================>         67%] [Cov:==================>                54%][Progress:====================>         67%] [Cov:==================>                53%][Progress:====================>         68%] [Cov:==================>                53%][MASTER] 12:36:07.661 [logback-1] WARN  ClientNodeImpl - Cannot send statistics to master; continuing without statistics
java.rmi.ServerException: RemoteException occurred in server thread; nested exception is: 
	java.rmi.UnmarshalException: error unmarshalling arguments; nested exception is: 
	java.lang.ClassNotFoundException: expect to get instruction without BasicBlock already set
	at java.rmi/sun.rmi.server.UnicastServerRef.dispatch(UnicastServerRef.java:391)
	at java.rmi/sun.rmi.transport.Transport$1.run(Transport.java:200)
	at java.rmi/sun.rmi.transport.Transport$1.run(Transport.java:197)
	at java.base/java.security.AccessController.doPrivileged(Native Method)
	at java.rmi/sun.rmi.transport.Transport.serviceCall(Transport.java:196)
	at java.rmi/sun.rmi.transport.tcp.TCPTransport.handleMessages(TCPTransport.java:562)
	at java.rmi/sun.rmi.transport.tcp.TCPTransport$ConnectionHandler.run0(TCPTransport.java:796)
	at java.rmi/sun.rmi.transport.tcp.TCPTransport$ConnectionHandler.lambda$run$0(TCPTransport.java:677)
	at java.base/java.security.AccessController.doPrivileged(Native Method)
	at java.rmi/sun.rmi.transport.tcp.TCPTransport$ConnectionHandler.run(TCPTransport.java:676)
	at java.base/java.util.concurrent.ThreadPoolExecutor.runWorker(ThreadPoolExecutor.java:1128)
	at java.base/java.util.concurrent.ThreadPoolExecutor$Worker.run(ThreadPoolExecutor.java:628)
	at java.base/java.lang.Thread.run(Thread.java:829)
	at java.rmi/sun.rmi.transport.StreamRemoteCall.exceptionReceivedFromServer(StreamRemoteCall.java:303)
	at java.rmi/sun.rmi.transport.StreamRemoteCall.executeCall(StreamRemoteCall.java:279)
	at java.rmi/sun.rmi.server.UnicastRef.invoke(UnicastRef.java:164)
	at java.rmi/java.rmi.server.RemoteObjectInvocationHandler.invokeRemoteMethod(RemoteObjectInvocationHandler.java:217)
	at java.rmi/java.rmi.server.RemoteObjectInvocationHandler.invoke(RemoteObjectInvocationHandler.java:162)
	at com.sun.proxy.$Proxy7.evosuite_collectStatistics(Unknown Source)
	at org.evosuite.rmi.service.ClientNodeImpl.updateStatistics(ClientNodeImpl.java:251)
	at org.evosuite.statistics.StatisticsSender.sendIndividualToMaster(StatisticsSender.java:62)
	at org.evosuite.statistics.StatisticsListener.lambda$new$0(StatisticsListener.java:76)
	at java.base/java.lang.Thread.run(Thread.java:829)
Caused by: java.rmi.UnmarshalException: error unmarshalling arguments; nested exception is: 
	java.lang.ClassNotFoundException: expect to get instruction without BasicBlock already set
	at java.rmi/sun.rmi.server.UnicastServerRef.dispatch(UnicastServerRef.java:350)
	at java.rmi/sun.rmi.transport.Transport$1.run(Transport.java:200)
	at java.rmi/sun.rmi.transport.Transport$1.run(Transport.java:197)
	at java.base/java.security.AccessController.doPrivileged(Native Method)
	at java.rmi/sun.rmi.transport.Transport.serviceCall(Transport.java:196)
	at java.rmi/sun.rmi.transport.tcp.TCPTransport.handleMessages(TCPTransport.java:562)
	at java.rmi/sun.rmi.transport.tcp.TCPTransport$ConnectionHandler.run0(TCPTransport.java:796)
	at java.rmi/sun.rmi.transport.tcp.TCPTransport$ConnectionHandler.lambda$run$0(TCPTransport.java:677)
	at java.base/java.security.AccessController.doPrivileged(Native Method)
	at java.rmi/sun.rmi.transport.tcp.TCPTransport$ConnectionHandler.run(TCPTransport.java:676)
	at java.base/java.util.concurrent.ThreadPoolExecutor.runWorker(ThreadPoolExecutor.java:1128)
	at java.base/java.util.concurrent.ThreadPoolExecutor$Worker.run(ThreadPoolExecutor.java:628)
	... 1 common frames omitted
Caused by: java.lang.ClassNotFoundException: expect to get instruction without BasicBlock already set
	at org.evosuite.instrumentation.InstrumentingClassLoader.instrumentClass(InstrumentingClassLoader.java:158)
	at org.evosuite.instrumentation.InstrumentingClassLoader.loadClass(InstrumentingClassLoader.java:126)
	at org.evosuite.utils.generic.GenericClassImpl.getClass(GenericClassImpl.java:139)
	at org.evosuite.utils.generic.GenericClassImpl.getClass(GenericClassImpl.java:105)
	at org.evosuite.utils.generic.GenericClassImpl.readObject(GenericClassImpl.java:1671)
	at jdk.internal.reflect.GeneratedMethodAccessor9.invoke(Unknown Source)
	at java.base/jdk.internal.reflect.DelegatingMethodAccessorImpl.invoke(DelegatingMethodAccessorImpl.java:43)
	at java.base/java.lang.reflect.Method.invoke(Method.java:566)
	at java.base/java.io.ObjectStreamClass.invokeReadObject(ObjectStreamClass.java:1046)
	at java.base/java.io.ObjectInputStream.readSerialData(ObjectInputStream.java:2357)
	at java.base/java.io.ObjectInputStream.readOrdinaryObject(ObjectInputStream.java:2228)
	at java.base/java.io.ObjectInputStream.readObject0(ObjectInputStream.java:1687)
	at java.base/java.io.ObjectInputStream.defaultReadFields(ObjectInputStream.java:2496)
	at java.base/java.io.ObjectInputStream.readSerialData(ObjectInputStream.java:2390)
	at java.base/java.io.ObjectInputStream.readOrdinaryObject(ObjectInputStream.java:2228)
	at java.base/java.io.ObjectInputStream.readObject0(ObjectInputStream.java:1687)
	at java.base/java.io.ObjectInputStream.defaultReadFields(ObjectInputStream.java:2496)
	at java.base/java.io.ObjectInputStream.readSerialData(ObjectInputStream.java:2390)
	at java.base/java.io.ObjectInputStream.readOrdinaryObject(ObjectInputStream.java:2228)
	at java.base/java.io.ObjectInputStream.readObject0(ObjectInputStream.java:1687)
	at java.base/java.io.ObjectInputStream.readObject(ObjectInputStream.java:489)
	at java.base/java.io.ObjectInputStream.readObject(ObjectInputStream.java:447)
	at java.base/java.util.ArrayList.readObject(ArrayList.java:929)
	at java.base/jdk.internal.reflect.GeneratedMethodAccessor7.invoke(Unknown Source)
	at java.base/jdk.internal.reflect.DelegatingMethodAccessorImpl.invoke(DelegatingMethodAccessorImpl.java:43)
	at java.base/java.lang.reflect.Method.invoke(Method.java:566)
	at java.base/java.io.ObjectStreamClass.invokeReadObject(ObjectStreamClass.java:1046)
	at java.base/java.io.ObjectInputStream.readSerialData(ObjectInputStream.java:2357)
	at java.base/java.io.ObjectInputStream.readOrdinaryObject(ObjectInputStream.java:2228)
	at java.base/java.io.ObjectInputStream.readObject0(ObjectInputStream.java:1687)
	at java.base/java.io.ObjectInputStream.defaultReadFields(ObjectInputStream.java:2496)
	at java.base/java.io.ObjectInputStream.readSerialData(ObjectInputStream.java:2390)
	at java.base/java.io.ObjectInputStream.readOrdinaryObject(ObjectInputStream.java:2228)
	at java.base/java.io.ObjectInputStream.readObject0(ObjectInputStream.java:1687)
	at java.base/java.io.ObjectInputStream.defaultReadFields(ObjectInputStream.java:2496)
	at java.base/java.io.ObjectInputStream.defaultReadObject(ObjectInputStream.java:625)
	at org.evosuite.testcase.DefaultTestCase.readObject(DefaultTestCase.java:1217)
	at jdk.internal.reflect.GeneratedMethodAccessor15.invoke(Unknown Source)
	at java.base/jdk.internal.reflect.DelegatingMethodAccessorImpl.invoke(DelegatingMethodAccessorImpl.java:43)
	at java.base/java.lang.reflect.Method.invoke(Method.java:566)
	at java.base/java.io.ObjectStreamClass.invokeReadObject(ObjectStreamClass.java:1046)
	at java.base/java.io.ObjectInputStream.readSerialData(ObjectInputStream.java:2357)
	at java.base/java.io.ObjectInputStream.readOrdinaryObject(ObjectInputStream.java:2228)
	at java.base/java.io.ObjectInputStream.readObject0(ObjectInputStream.java:1687)
	at java.base/java.io.ObjectInputStream.defaultReadFields(ObjectInputStream.java:2496)
	at java.base/java.io.ObjectInputStream.readSerialData(ObjectInputStream.java:2390)
	at java.base/java.io.ObjectInputStream.readOrdinaryObject(ObjectInputStream.java:2228)
	at java.base/java.io.ObjectInputStream.readObject0(ObjectInputStream.java:1687)
	at java.base/java.io.ObjectInputStream.readObject(ObjectInputStream.java:489)
	at java.base/java.io.ObjectInputStream.readObject(ObjectInputStream.java:447)
	at java.base/java.util.ArrayList.readObject(ArrayList.java:929)
	at java.base/jdk.internal.reflect.GeneratedMethodAccessor7.invoke(Unknown Source)
	at java.base/jdk.internal.reflect.DelegatingMethodAccessorImpl.invoke(DelegatingMethodAccessorImpl.java:43)
	at java.base/java.lang.reflect.Method.invoke(Method.java:566)
	at java.base/java.io.ObjectStreamClass.invokeReadObject(ObjectStreamClass.java:1046)
	at java.base/java.io.ObjectInputStream.readSerialData(ObjectInputStream.java:2357)
	at java.base/java.io.ObjectInputStream.readOrdinaryObject(ObjectInputStream.java:2228)
	at java.base/java.io.ObjectInputStream.readObject0(ObjectInputStream.java:1687)
	at java.base/java.io.ObjectInputStream.defaultReadFields(ObjectInputStream.java:2496)
	at java.base/java.io.ObjectInputStream.readSerialData(ObjectInputStream.java:2390)
	at java.base/java.io.ObjectInputStream.readOrdinaryObject(ObjectInputStream.java:2228)
	at java.base/java.io.ObjectInputStream.readObject0(ObjectInputStream.java:1687)
	at java.base/java.io.ObjectInputStream.readObject(ObjectInputStream.java:489)
	at java.base/java.io.ObjectInputStream.readObject(ObjectInputStream.java:447)
	at java.rmi/sun.rmi.server.UnicastRef.unmarshalValue(UnicastRef.java:327)
	at java.rmi/sun.rmi.server.UnicastServerRef.dispatch(UnicastServerRef.java:339)
	... 12 common frames omitted
Caused by: java.lang.IllegalArgumentException: expect to get instruction without BasicBlock already set
	at org.evosuite.graphs.cfg.BasicBlock.appendInstruction(BasicBlock.java:225)
	at org.evosuite.graphs.cfg.BasicBlock.setInstructions(BasicBlock.java:206)
	at org.evosuite.graphs.cfg.BasicBlock.<init>(BasicBlock.java:106)
	at org.evosuite.graphs.cfg.RawControlFlowGraph.determineBasicBlockFor(RawControlFlowGraph.java:314)
	at org.evosuite.graphs.cfg.ActualControlFlowGraph.computeNodes(ActualControlFlowGraph.java:295)
	at org.evosuite.graphs.cfg.ActualControlFlowGraph.computeGraph(ActualControlFlowGraph.java:262)
	at org.evosuite.graphs.cfg.ActualControlFlowGraph.<init>(ActualControlFlowGraph.java:97)
	at org.evosuite.graphs.cfg.CFGGenerator.computeActualCFG(CFGGenerator.java:218)
	at org.evosuite.graphs.cfg.CFGGenerator.registerCFGs(CFGGenerator.java:102)
	at org.evosuite.graphs.cfg.CFGMethodAdapter.visitEnd(CFGMethodAdapter.java:219)
	at org.evosuite.shaded.org.objectweb.asm.MethodVisitor.visitEnd(MethodVisitor.java:783)
	at org.evosuite.shaded.org.objectweb.asm.MethodVisitor.visitEnd(MethodVisitor.java:783)
	at org.evosuite.shaded.org.objectweb.asm.MethodVisitor.visitEnd(MethodVisitor.java:783)
	at org.evosuite.shaded.org.objectweb.asm.tree.MethodNode.accept(MethodNode.java:772)
	at org.evosuite.shaded.org.objectweb.asm.tree.MethodNode.accept(MethodNode.java:649)
	at org.evosuite.shaded.org.objectweb.asm.tree.ClassNode.accept(ClassNode.java:452)
	at org.evosuite.instrumentation.BytecodeInstrumentation.transformBytes(BytecodeInstrumentation.java:282)
	at org.evosuite.instrumentation.InstrumentingClassLoader.getTransformedBytes(InstrumentingClassLoader.java:135)
	at org.evosuite.instrumentation.InstrumentingClassLoader.instrumentClass(InstrumentingClassLoader.java:149)
	... 77 common frames omitted
[Progress:====================>         68%] [Cov:==================>                54%][Progress:====================>         69%] [Cov:==================>                53%][Progress:====================>         69%] [Cov:==================>                54%][Progress:====================>         69%] [Cov:==================>                54%][Progress:=====================>        70%] [Cov:==================>                54%][MASTER] 12:36:10.119 [logback-1] WARN  ClientNodeImpl - Cannot send statistics to master; continuing without statistics
java.rmi.ServerException: RemoteException occurred in server thread; nested exception is: 
	java.rmi.UnmarshalException: error unmarshalling arguments; nested exception is: 
	java.lang.ClassNotFoundException: expect to get instruction without BasicBlock already set
	at java.rmi/sun.rmi.server.UnicastServerRef.dispatch(UnicastServerRef.java:391)
	at java.rmi/sun.rmi.transport.Transport$1.run(Transport.java:200)
	at java.rmi/sun.rmi.transport.Transport$1.run(Transport.java:197)
	at java.base/java.security.AccessController.doPrivileged(Native Method)
	at java.rmi/sun.rmi.transport.Transport.serviceCall(Transport.java:196)
	at java.rmi/sun.rmi.transport.tcp.TCPTransport.handleMessages(TCPTransport.java:562)
	at java.rmi/sun.rmi.transport.tcp.TCPTransport$ConnectionHandler.run0(TCPTransport.java:796)
	at java.rmi/sun.rmi.transport.tcp.TCPTransport$ConnectionHandler.lambda$run$0(TCPTransport.java:677)
	at java.base/java.security.AccessController.doPrivileged(Native Method)
	at java.rmi/sun.rmi.transport.tcp.TCPTransport$ConnectionHandler.run(TCPTransport.java:676)
	at java.base/java.util.concurrent.ThreadPoolExecutor.runWorker(ThreadPoolExecutor.java:1128)
	at java.base/java.util.concurrent.ThreadPoolExecutor$Worker.run(ThreadPoolExecutor.java:628)
	at java.base/java.lang.Thread.run(Thread.java:829)
	at java.rmi/sun.rmi.transport.StreamRemoteCall.exceptionReceivedFromServer(StreamRemoteCall.java:303)
	at java.rmi/sun.rmi.transport.StreamRemoteCall.executeCall(StreamRemoteCall.java:279)
	at java.rmi/sun.rmi.server.UnicastRef.invoke(UnicastRef.java:164)
	at java.rmi/java.rmi.server.RemoteObjectInvocationHandler.invokeRemoteMethod(RemoteObjectInvocationHandler.java:217)
	at java.rmi/java.rmi.server.RemoteObjectInvocationHandler.invoke(RemoteObjectInvocationHandler.java:162)
	at com.sun.proxy.$Proxy7.evosuite_collectStatistics(Unknown Source)
	at org.evosuite.rmi.service.ClientNodeImpl.updateStatistics(ClientNodeImpl.java:251)
	at org.evosuite.statistics.StatisticsSender.sendIndividualToMaster(StatisticsSender.java:62)
	at org.evosuite.statistics.StatisticsListener.lambda$new$0(StatisticsListener.java:76)
	at java.base/java.lang.Thread.run(Thread.java:829)
Caused by: java.rmi.UnmarshalException: error unmarshalling arguments; nested exception is: 
	java.lang.ClassNotFoundException: expect to get instruction without BasicBlock already set
	at java.rmi/sun.rmi.server.UnicastServerRef.dispatch(UnicastServerRef.java:350)
	at java.rmi/sun.rmi.transport.Transport$1.run(Transport.java:200)
	at java.rmi/sun.rmi.transport.Transport$1.run(Transport.java:197)
	at java.base/java.security.AccessController.doPrivileged(Native Method)
	at java.rmi/sun.rmi.transport.Transport.serviceCall(Transport.java:196)
	at java.rmi/sun.rmi.transport.tcp.TCPTransport.handleMessages(TCPTransport.java:562)
	at java.rmi/sun.rmi.transport.tcp.TCPTransport$ConnectionHandler.run0(TCPTransport.java:796)
	at java.rmi/sun.rmi.transport.tcp.TCPTransport$ConnectionHandler.lambda$run$0(TCPTransport.java:677)
	at java.base/java.security.AccessController.doPrivileged(Native Method)
	at java.rmi/sun.rmi.transport.tcp.TCPTransport$ConnectionHandler.run(TCPTransport.java:676)
	at java.base/java.util.concurrent.ThreadPoolExecutor.runWorker(ThreadPoolExecutor.java:1128)
	at java.base/java.util.concurrent.ThreadPoolExecutor$Worker.run(ThreadPoolExecutor.java:628)
	... 1 common frames omitted
Caused by: java.lang.ClassNotFoundException: expect to get instruction without BasicBlock already set
	at org.evosuite.instrumentation.InstrumentingClassLoader.instrumentClass(InstrumentingClassLoader.java:158)
	at org.evosuite.instrumentation.InstrumentingClassLoader.loadClass(InstrumentingClassLoader.java:126)
	at org.evosuite.utils.generic.GenericClassImpl.getClass(GenericClassImpl.java:139)
	at org.evosuite.utils.generic.GenericClassImpl.getClass(GenericClassImpl.java:105)
	at org.evosuite.utils.generic.GenericClassImpl.readObject(GenericClassImpl.java:1671)
	at jdk.internal.reflect.GeneratedMethodAccessor9.invoke(Unknown Source)
	at java.base/jdk.internal.reflect.DelegatingMethodAccessorImpl.invoke(DelegatingMethodAccessorImpl.java:43)
	at java.base/java.lang.reflect.Method.invoke(Method.java:566)
	at java.base/java.io.ObjectStreamClass.invokeReadObject(ObjectStreamClass.java:1046)
	at java.base/java.io.ObjectInputStream.readSerialData(ObjectInputStream.java:2357)
	at java.base/java.io.ObjectInputStream.readOrdinaryObject(ObjectInputStream.java:2228)
	at java.base/java.io.ObjectInputStream.readObject0(ObjectInputStream.java:1687)
	at java.base/java.io.ObjectInputStream.defaultReadFields(ObjectInputStream.java:2496)
	at java.base/java.io.ObjectInputStream.readSerialData(ObjectInputStream.java:2390)
	at java.base/java.io.ObjectInputStream.readOrdinaryObject(ObjectInputStream.java:2228)
	at java.base/java.io.ObjectInputStream.readObject0(ObjectInputStream.java:1687)
	at java.base/java.io.ObjectInputStream.defaultReadFields(ObjectInputStream.java:2496)
	at java.base/java.io.ObjectInputStream.readSerialData(ObjectInputStream.java:2390)
	at java.base/java.io.ObjectInputStream.readOrdinaryObject(ObjectInputStream.java:2228)
	at java.base/java.io.ObjectInputStream.readObject0(ObjectInputStream.java:1687)
	at java.base/java.io.ObjectInputStream.readObject(ObjectInputStream.java:489)
	at java.base/java.io.ObjectInputStream.readObject(ObjectInputStream.java:447)
	at java.base/java.util.ArrayList.readObject(ArrayList.java:929)
	at java.base/jdk.internal.reflect.GeneratedMethodAccessor7.invoke(Unknown Source)
	at java.base/jdk.internal.reflect.DelegatingMethodAccessorImpl.invoke(DelegatingMethodAccessorImpl.java:43)
	at java.base/java.lang.reflect.Method.invoke(Method.java:566)
	at java.base/java.io.ObjectStreamClass.invokeReadObject(ObjectStreamClass.java:1046)
	at java.base/java.io.ObjectInputStream.readSerialData(ObjectInputStream.java:2357)
	at java.base/java.io.ObjectInputStream.readOrdinaryObject(ObjectInputStream.java:2228)
	at java.base/java.io.ObjectInputStream.readObject0(ObjectInputStream.java:1687)
	at java.base/java.io.ObjectInputStream.defaultReadFields(ObjectInputStream.java:2496)
	at java.base/java.io.ObjectInputStream.readSerialData(ObjectInputStream.java:2390)
	at java.base/java.io.ObjectInputStream.readOrdinaryObject(ObjectInputStream.java:2228)
	at java.base/java.io.ObjectInputStream.readObject0(ObjectInputStream.java:1687)
	at java.base/java.io.ObjectInputStream.defaultReadFields(ObjectInputStream.java:2496)
	at java.base/java.io.ObjectInputStream.defaultReadObject(ObjectInputStream.java:625)
	at org.evosuite.testcase.DefaultTestCase.readObject(DefaultTestCase.java:1217)
	at jdk.internal.reflect.GeneratedMethodAccessor15.invoke(Unknown Source)
	at java.base/jdk.internal.reflect.DelegatingMethodAccessorImpl.invoke(DelegatingMethodAccessorImpl.java:43)
	at java.base/java.lang.reflect.Method.invoke(Method.java:566)
	at java.base/java.io.ObjectStreamClass.invokeReadObject(ObjectStreamClass.java:1046)
	at java.base/java.io.ObjectInputStream.readSerialData(ObjectInputStream.java:2357)
	at java.base/java.io.ObjectInputStream.readOrdinaryObject(ObjectInputStream.java:2228)
	at java.base/java.io.ObjectInputStream.readObject0(ObjectInputStream.java:1687)
	at java.base/java.io.ObjectInputStream.defaultReadFields(ObjectInputStream.java:2496)
	at java.base/java.io.ObjectInputStream.readSerialData(ObjectInputStream.java:2390)
	at java.base/java.io.ObjectInputStream.readOrdinaryObject(ObjectInputStream.java:2228)
	at java.base/java.io.ObjectInputStream.readObject0(ObjectInputStream.java:1687)
	at java.base/java.io.ObjectInputStream.readObject(ObjectInputStream.java:489)
	at java.base/java.io.ObjectInputStream.readObject(ObjectInputStream.java:447)
	at java.base/java.util.ArrayList.readObject(ArrayList.java:929)
	at java.base/jdk.internal.reflect.GeneratedMethodAccessor7.invoke(Unknown Source)
	at java.base/jdk.internal.reflect.DelegatingMethodAccessorImpl.invoke(DelegatingMethodAccessorImpl.java:43)
	at java.base/java.lang.reflect.Method.invoke(Method.java:566)
	at java.base/java.io.ObjectStreamClass.invokeReadObject(ObjectStreamClass.java:1046)
	at java.base/java.io.ObjectInputStream.readSerialData(ObjectInputStream.java:2357)
	at java.base/java.io.ObjectInputStream.readOrdinaryObject(ObjectInputStream.java:2228)
	at java.base/java.io.ObjectInputStream.readObject0(ObjectInputStream.java:1687)
	at java.base/java.io.ObjectInputStream.defaultReadFields(ObjectInputStream.java:2496)
	at java.base/java.io.ObjectInputStream.readSerialData(ObjectInputStream.java:2390)
	at java.base/java.io.ObjectInputStream.readOrdinaryObject(ObjectInputStream.java:2228)
	at java.base/java.io.ObjectInputStream.readObject0(ObjectInputStream.java:1687)
	at java.base/java.io.ObjectInputStream.readObject(ObjectInputStream.java:489)
	at java.base/java.io.ObjectInputStream.readObject(ObjectInputStream.java:447)
	at java.rmi/sun.rmi.server.UnicastRef.unmarshalValue(UnicastRef.java:327)
	at java.rmi/sun.rmi.server.UnicastServerRef.dispatch(UnicastServerRef.java:339)
	... 12 common frames omitted
Caused by: java.lang.IllegalArgumentException: expect to get instruction without BasicBlock already set
	at org.evosuite.graphs.cfg.BasicBlock.appendInstruction(BasicBlock.java:225)
	at org.evosuite.graphs.cfg.BasicBlock.setInstructions(BasicBlock.java:206)
	at org.evosuite.graphs.cfg.BasicBlock.<init>(BasicBlock.java:106)
	at org.evosuite.graphs.cfg.RawControlFlowGraph.determineBasicBlockFor(RawControlFlowGraph.java:314)
	at org.evosuite.graphs.cfg.ActualControlFlowGraph.computeNodes(ActualControlFlowGraph.java:295)
	at org.evosuite.graphs.cfg.ActualControlFlowGraph.computeGraph(ActualControlFlowGraph.java:262)
	at org.evosuite.graphs.cfg.ActualControlFlowGraph.<init>(ActualControlFlowGraph.java:97)
	at org.evosuite.graphs.cfg.CFGGenerator.computeActualCFG(CFGGenerator.java:218)
	at org.evosuite.graphs.cfg.CFGGenerator.registerCFGs(CFGGenerator.java:102)
	at org.evosuite.graphs.cfg.CFGMethodAdapter.visitEnd(CFGMethodAdapter.java:219)
	at org.evosuite.shaded.org.objectweb.asm.MethodVisitor.visitEnd(MethodVisitor.java:783)
	at org.evosuite.shaded.org.objectweb.asm.MethodVisitor.visitEnd(MethodVisitor.java:783)
	at org.evosuite.shaded.org.objectweb.asm.MethodVisitor.visitEnd(MethodVisitor.java:783)
	at org.evosuite.shaded.org.objectweb.asm.tree.MethodNode.accept(MethodNode.java:772)
	at org.evosuite.shaded.org.objectweb.asm.tree.MethodNode.accept(MethodNode.java:649)
	at org.evosuite.shaded.org.objectweb.asm.tree.ClassNode.accept(ClassNode.java:452)
	at org.evosuite.instrumentation.BytecodeInstrumentation.transformBytes(BytecodeInstrumentation.java:282)
	at org.evosuite.instrumentation.InstrumentingClassLoader.getTransformedBytes(InstrumentingClassLoader.java:135)
	at org.evosuite.instrumentation.InstrumentingClassLoader.instrumentClass(InstrumentingClassLoader.java:149)
	... 77 common frames omitted
[Progress:=====================>        71%] [Cov:==================>                53%][Progress:=====================>        71%] [Cov:==================>                54%][Progress:=====================>        71%] [Cov:==================>                54%][MASTER] 12:36:12.371 [logback-1] WARN  ClientNodeImpl - Cannot send statistics to master; continuing without statistics
java.rmi.ServerException: RemoteException occurred in server thread; nested exception is: 
	java.rmi.UnmarshalException: error unmarshalling arguments; nested exception is: 
	java.lang.ClassNotFoundException: expect to get instruction without BasicBlock already set
	at java.rmi/sun.rmi.server.UnicastServerRef.dispatch(UnicastServerRef.java:391)
	at java.rmi/sun.rmi.transport.Transport$1.run(Transport.java:200)
	at java.rmi/sun.rmi.transport.Transport$1.run(Transport.java:197)
	at java.base/java.security.AccessController.doPrivileged(Native Method)
	at java.rmi/sun.rmi.transport.Transport.serviceCall(Transport.java:196)
	at java.rmi/sun.rmi.transport.tcp.TCPTransport.handleMessages(TCPTransport.java:562)
	at java.rmi/sun.rmi.transport.tcp.TCPTransport$ConnectionHandler.run0(TCPTransport.java:796)
	at java.rmi/sun.rmi.transport.tcp.TCPTransport$ConnectionHandler.lambda$run$0(TCPTransport.java:677)
	at java.base/java.security.AccessController.doPrivileged(Native Method)
	at java.rmi/sun.rmi.transport.tcp.TCPTransport$ConnectionHandler.run(TCPTransport.java:676)
	at java.base/java.util.concurrent.ThreadPoolExecutor.runWorker(ThreadPoolExecutor.java:1128)
	at java.base/java.util.concurrent.ThreadPoolExecutor$Worker.run(ThreadPoolExecutor.java:628)
	at java.base/java.lang.Thread.run(Thread.java:829)
	at java.rmi/sun.rmi.transport.StreamRemoteCall.exceptionReceivedFromServer(StreamRemoteCall.java:303)
	at java.rmi/sun.rmi.transport.StreamRemoteCall.executeCall(StreamRemoteCall.java:279)
	at java.rmi/sun.rmi.server.UnicastRef.invoke(UnicastRef.java:164)
	at java.rmi/java.rmi.server.RemoteObjectInvocationHandler.invokeRemoteMethod(RemoteObjectInvocationHandler.java:217)
	at java.rmi/java.rmi.server.RemoteObjectInvocationHandler.invoke(RemoteObjectInvocationHandler.java:162)
	at com.sun.proxy.$Proxy7.evosuite_collectStatistics(Unknown Source)
	at org.evosuite.rmi.service.ClientNodeImpl.updateStatistics(ClientNodeImpl.java:251)
	at org.evosuite.statistics.StatisticsSender.sendIndividualToMaster(StatisticsSender.java:62)
	at org.evosuite.statistics.StatisticsListener.lambda$new$0(StatisticsListener.java:76)
	at java.base/java.lang.Thread.run(Thread.java:829)
Caused by: java.rmi.UnmarshalException: error unmarshalling arguments; nested exception is: 
	java.lang.ClassNotFoundException: expect to get instruction without BasicBlock already set
	at java.rmi/sun.rmi.server.UnicastServerRef.dispatch(UnicastServerRef.java:350)
	at java.rmi/sun.rmi.transport.Transport$1.run(Transport.java:200)
	at java.rmi/sun.rmi.transport.Transport$1.run(Transport.java:197)
	at java.base/java.security.AccessController.doPrivileged(Native Method)
	at java.rmi/sun.rmi.transport.Transport.serviceCall(Transport.java:196)
	at java.rmi/sun.rmi.transport.tcp.TCPTransport.handleMessages(TCPTransport.java:562)
	at java.rmi/sun.rmi.transport.tcp.TCPTransport$ConnectionHandler.run0(TCPTransport.java:796)
	at java.rmi/sun.rmi.transport.tcp.TCPTransport$ConnectionHandler.lambda$run$0(TCPTransport.java:677)
	at java.base/java.security.AccessController.doPrivileged(Native Method)
	at java.rmi/sun.rmi.transport.tcp.TCPTransport$ConnectionHandler.run(TCPTransport.java:676)
	at java.base/java.util.concurrent.ThreadPoolExecutor.runWorker(ThreadPoolExecutor.java:1128)
	at java.base/java.util.concurrent.ThreadPoolExecutor$Worker.run(ThreadPoolExecutor.java:628)
	... 1 common frames omitted
Caused by: java.lang.ClassNotFoundException: expect to get instruction without BasicBlock already set
	at org.evosuite.instrumentation.InstrumentingClassLoader.instrumentClass(InstrumentingClassLoader.java:158)
	at org.evosuite.instrumentation.InstrumentingClassLoader.loadClass(InstrumentingClassLoader.java:126)
	at org.evosuite.utils.generic.GenericClassImpl.getClass(GenericClassImpl.java:139)
	at org.evosuite.utils.generic.GenericClassImpl.getClass(GenericClassImpl.java:105)
	at org.evosuite.utils.generic.GenericClassImpl.readObject(GenericClassImpl.java:1671)
	at jdk.internal.reflect.GeneratedMethodAccessor9.invoke(Unknown Source)
	at java.base/jdk.internal.reflect.DelegatingMethodAccessorImpl.invoke(DelegatingMethodAccessorImpl.java:43)
	at java.base/java.lang.reflect.Method.invoke(Method.java:566)
	at java.base/java.io.ObjectStreamClass.invokeReadObject(ObjectStreamClass.java:1046)
	at java.base/java.io.ObjectInputStream.readSerialData(ObjectInputStream.java:2357)
	at java.base/java.io.ObjectInputStream.readOrdinaryObject(ObjectInputStream.java:2228)
	at java.base/java.io.ObjectInputStream.readObject0(ObjectInputStream.java:1687)
	at java.base/java.io.ObjectInputStream.defaultReadFields(ObjectInputStream.java:2496)
	at java.base/java.io.ObjectInputStream.readSerialData(ObjectInputStream.java:2390)
	at java.base/java.io.ObjectInputStream.readOrdinaryObject(ObjectInputStream.java:2228)
	at java.base/java.io.ObjectInputStream.readObject0(ObjectInputStream.java:1687)
	at java.base/java.io.ObjectInputStream.defaultReadFields(ObjectInputStream.java:2496)
	at java.base/java.io.ObjectInputStream.readSerialData(ObjectInputStream.java:2390)
	at java.base/java.io.ObjectInputStream.readOrdinaryObject(ObjectInputStream.java:2228)
	at java.base/java.io.ObjectInputStream.readObject0(ObjectInputStream.java:1687)
	at java.base/java.io.ObjectInputStream.readObject(ObjectInputStream.java:489)
	at java.base/java.io.ObjectInputStream.readObject(ObjectInputStream.java:447)
	at java.base/java.util.ArrayList.readObject(ArrayList.java:929)
	at java.base/jdk.internal.reflect.GeneratedMethodAccessor7.invoke(Unknown Source)
	at java.base/jdk.internal.reflect.DelegatingMethodAccessorImpl.invoke(DelegatingMethodAccessorImpl.java:43)
	at java.base/java.lang.reflect.Method.invoke(Method.java:566)
	at java.base/java.io.ObjectStreamClass.invokeReadObject(ObjectStreamClass.java:1046)
	at java.base/java.io.ObjectInputStream.readSerialData(ObjectInputStream.java:2357)
	at java.base/java.io.ObjectInputStream.readOrdinaryObject(ObjectInputStream.java:2228)
	at java.base/java.io.ObjectInputStream.readObject0(ObjectInputStream.java:1687)
	at java.base/java.io.ObjectInputStream.defaultReadFields(ObjectInputStream.java:2496)
	at java.base/java.io.ObjectInputStream.readSerialData(ObjectInputStream.java:2390)
	at java.base/java.io.ObjectInputStream.readOrdinaryObject(ObjectInputStream.java:2228)
	at java.base/java.io.ObjectInputStream.readObject0(ObjectInputStream.java:1687)
	at java.base/java.io.ObjectInputStream.defaultReadFields(ObjectInputStream.java:2496)
	at java.base/java.io.ObjectInputStream.defaultReadObject(ObjectInputStream.java:625)
	at org.evosuite.testcase.DefaultTestCase.readObject(DefaultTestCase.java:1217)
	at jdk.internal.reflect.GeneratedMethodAccessor15.invoke(Unknown Source)
	at java.base/jdk.internal.reflect.DelegatingMethodAccessorImpl.invoke(DelegatingMethodAccessorImpl.java:43)
	at java.base/java.lang.reflect.Method.invoke(Method.java:566)
	at java.base/java.io.ObjectStreamClass.invokeReadObject(ObjectStreamClass.java:1046)
	at java.base/java.io.ObjectInputStream.readSerialData(ObjectInputStream.java:2357)
	at java.base/java.io.ObjectInputStream.readOrdinaryObject(ObjectInputStream.java:2228)
	at java.base/java.io.ObjectInputStream.readObject0(ObjectInputStream.java:1687)
	at java.base/java.io.ObjectInputStream.defaultReadFields(ObjectInputStream.java:2496)
	at java.base/java.io.ObjectInputStream.readSerialData(ObjectInputStream.java:2390)
	at java.base/java.io.ObjectInputStream.readOrdinaryObject(ObjectInputStream.java:2228)
	at java.base/java.io.ObjectInputStream.readObject0(ObjectInputStream.java:1687)
	at java.base/java.io.ObjectInputStream.readObject(ObjectInputStream.java:489)
	at java.base/java.io.ObjectInputStream.readObject(ObjectInputStream.java:447)
	at java.base/java.util.ArrayList.readObject(ArrayList.java:929)
	at java.base/jdk.internal.reflect.GeneratedMethodAccessor7.invoke(Unknown Source)
	at java.base/jdk.internal.reflect.DelegatingMethodAccessorImpl.invoke(DelegatingMethodAccessorImpl.java:43)
	at java.base/java.lang.reflect.Method.invoke(Method.java:566)
	at java.base/java.io.ObjectStreamClass.invokeReadObject(ObjectStreamClass.java:1046)
	at java.base/java.io.ObjectInputStream.readSerialData(ObjectInputStream.java:2357)
	at java.base/java.io.ObjectInputStream.readOrdinaryObject(ObjectInputStream.java:2228)
	at java.base/java.io.ObjectInputStream.readObject0(ObjectInputStream.java:1687)
	at java.base/java.io.ObjectInputStream.defaultReadFields(ObjectInputStream.java:2496)
	at java.base/java.io.ObjectInputStream.readSerialData(ObjectInputStream.java:2390)
	at java.base/java.io.ObjectInputStream.readOrdinaryObject(ObjectInputStream.java:2228)
	at java.base/java.io.ObjectInputStream.readObject0(ObjectInputStream.java:1687)
	at java.base/java.io.ObjectInputStream.readObject(ObjectInputStream.java:489)
	at java.base/java.io.ObjectInputStream.readObject(ObjectInputStream.java:447)
	at java.rmi/sun.rmi.server.UnicastRef.unmarshalValue(UnicastRef.java:327)
	at java.rmi/sun.rmi.server.UnicastServerRef.dispatch(UnicastServerRef.java:339)
	... 12 common frames omitted
Caused by: java.lang.IllegalArgumentException: expect to get instruction without BasicBlock already set
	at org.evosuite.graphs.cfg.BasicBlock.appendInstruction(BasicBlock.java:225)
	at org.evosuite.graphs.cfg.BasicBlock.setInstructions(BasicBlock.java:206)
	at org.evosuite.graphs.cfg.BasicBlock.<init>(BasicBlock.java:106)
	at org.evosuite.graphs.cfg.RawControlFlowGraph.determineBasicBlockFor(RawControlFlowGraph.java:314)
	at org.evosuite.graphs.cfg.ActualControlFlowGraph.computeNodes(ActualControlFlowGraph.java:295)
	at org.evosuite.graphs.cfg.ActualControlFlowGraph.computeGraph(ActualControlFlowGraph.java:262)
	at org.evosuite.graphs.cfg.ActualControlFlowGraph.<init>(ActualControlFlowGraph.java:97)
	at org.evosuite.graphs.cfg.CFGGenerator.computeActualCFG(CFGGenerator.java:218)
	at org.evosuite.graphs.cfg.CFGGenerator.registerCFGs(CFGGenerator.java:102)
	at org.evosuite.graphs.cfg.CFGMethodAdapter.visitEnd(CFGMethodAdapter.java:219)
	at org.evosuite.shaded.org.objectweb.asm.MethodVisitor.visitEnd(MethodVisitor.java:783)
	at org.evosuite.shaded.org.objectweb.asm.MethodVisitor.visitEnd(MethodVisitor.java:783)
	at org.evosuite.shaded.org.objectweb.asm.MethodVisitor.visitEnd(MethodVisitor.java:783)
	at org.evosuite.shaded.org.objectweb.asm.tree.MethodNode.accept(MethodNode.java:772)
	at org.evosuite.shaded.org.objectweb.asm.tree.MethodNode.accept(MethodNode.java:649)
	at org.evosuite.shaded.org.objectweb.asm.tree.ClassNode.accept(ClassNode.java:452)
	at org.evosuite.instrumentation.BytecodeInstrumentation.transformBytes(BytecodeInstrumentation.java:282)
	at org.evosuite.instrumentation.InstrumentingClassLoader.getTransformedBytes(InstrumentingClassLoader.java:135)
	at org.evosuite.instrumentation.InstrumentingClassLoader.instrumentClass(InstrumentingClassLoader.java:149)
	... 77 common frames omitted
[Progress:=====================>        72%] [Cov:==================>                54%][Progress:=====================>        73%] [Cov:==================>                53%][Progress:=====================>        73%] [Cov:==================>                54%][MASTER] 12:36:14.488 [logback-1] WARN  ClientNodeImpl - Cannot send statistics to master; continuing without statistics
java.rmi.ServerException: RemoteException occurred in server thread; nested exception is: 
	java.rmi.UnmarshalException: error unmarshalling arguments; nested exception is: 
	java.lang.ClassNotFoundException: expect to get instruction without BasicBlock already set
	at java.rmi/sun.rmi.server.UnicastServerRef.dispatch(UnicastServerRef.java:391)
	at java.rmi/sun.rmi.transport.Transport$1.run(Transport.java:200)
	at java.rmi/sun.rmi.transport.Transport$1.run(Transport.java:197)
	at java.base/java.security.AccessController.doPrivileged(Native Method)
	at java.rmi/sun.rmi.transport.Transport.serviceCall(Transport.java:196)
	at java.rmi/sun.rmi.transport.tcp.TCPTransport.handleMessages(TCPTransport.java:562)
	at java.rmi/sun.rmi.transport.tcp.TCPTransport$ConnectionHandler.run0(TCPTransport.java:796)
	at java.rmi/sun.rmi.transport.tcp.TCPTransport$ConnectionHandler.lambda$run$0(TCPTransport.java:677)
	at java.base/java.security.AccessController.doPrivileged(Native Method)
	at java.rmi/sun.rmi.transport.tcp.TCPTransport$ConnectionHandler.run(TCPTransport.java:676)
	at java.base/java.util.concurrent.ThreadPoolExecutor.runWorker(ThreadPoolExecutor.java:1128)
	at java.base/java.util.concurrent.ThreadPoolExecutor$Worker.run(ThreadPoolExecutor.java:628)
	at java.base/java.lang.Thread.run(Thread.java:829)
	at java.rmi/sun.rmi.transport.StreamRemoteCall.exceptionReceivedFromServer(StreamRemoteCall.java:303)
	at java.rmi/sun.rmi.transport.StreamRemoteCall.executeCall(StreamRemoteCall.java:279)
	at java.rmi/sun.rmi.server.UnicastRef.invoke(UnicastRef.java:164)
	at java.rmi/java.rmi.server.RemoteObjectInvocationHandler.invokeRemoteMethod(RemoteObjectInvocationHandler.java:217)
	at java.rmi/java.rmi.server.RemoteObjectInvocationHandler.invoke(RemoteObjectInvocationHandler.java:162)
	at com.sun.proxy.$Proxy7.evosuite_collectStatistics(Unknown Source)
	at org.evosuite.rmi.service.ClientNodeImpl.updateStatistics(ClientNodeImpl.java:251)
	at org.evosuite.statistics.StatisticsSender.sendIndividualToMaster(StatisticsSender.java:62)
	at org.evosuite.statistics.StatisticsListener.lambda$new$0(StatisticsListener.java:76)
	at java.base/java.lang.Thread.run(Thread.java:829)
Caused by: java.rmi.UnmarshalException: error unmarshalling arguments; nested exception is: 
	java.lang.ClassNotFoundException: expect to get instruction without BasicBlock already set
	at java.rmi/sun.rmi.server.UnicastServerRef.dispatch(UnicastServerRef.java:350)
	at java.rmi/sun.rmi.transport.Transport$1.run(Transport.java:200)
	at java.rmi/sun.rmi.transport.Transport$1.run(Transport.java:197)
	at java.base/java.security.AccessController.doPrivileged(Native Method)
	at java.rmi/sun.rmi.transport.Transport.serviceCall(Transport.java:196)
	at java.rmi/sun.rmi.transport.tcp.TCPTransport.handleMessages(TCPTransport.java:562)
	at java.rmi/sun.rmi.transport.tcp.TCPTransport$ConnectionHandler.run0(TCPTransport.java:796)
	at java.rmi/sun.rmi.transport.tcp.TCPTransport$ConnectionHandler.lambda$run$0(TCPTransport.java:677)
	at java.base/java.security.AccessController.doPrivileged(Native Method)
	at java.rmi/sun.rmi.transport.tcp.TCPTransport$ConnectionHandler.run(TCPTransport.java:676)
	at java.base/java.util.concurrent.ThreadPoolExecutor.runWorker(ThreadPoolExecutor.java:1128)
	at java.base/java.util.concurrent.ThreadPoolExecutor$Worker.run(ThreadPoolExecutor.java:628)
	... 1 common frames omitted
Caused by: java.lang.ClassNotFoundException: expect to get instruction without BasicBlock already set
	at org.evosuite.instrumentation.InstrumentingClassLoader.instrumentClass(InstrumentingClassLoader.java:158)
	at org.evosuite.instrumentation.InstrumentingClassLoader.loadClass(InstrumentingClassLoader.java:126)
	at org.evosuite.utils.generic.GenericClassImpl.getClass(GenericClassImpl.java:139)
	at org.evosuite.utils.generic.GenericClassImpl.getClass(GenericClassImpl.java:105)
	at org.evosuite.utils.generic.GenericClassImpl.readObject(GenericClassImpl.java:1671)
	at jdk.internal.reflect.GeneratedMethodAccessor9.invoke(Unknown Source)
	at java.base/jdk.internal.reflect.DelegatingMethodAccessorImpl.invoke(DelegatingMethodAccessorImpl.java:43)
	at java.base/java.lang.reflect.Method.invoke(Method.java:566)
	at java.base/java.io.ObjectStreamClass.invokeReadObject(ObjectStreamClass.java:1046)
	at java.base/java.io.ObjectInputStream.readSerialData(ObjectInputStream.java:2357)
	at java.base/java.io.ObjectInputStream.readOrdinaryObject(ObjectInputStream.java:2228)
	at java.base/java.io.ObjectInputStream.readObject0(ObjectInputStream.java:1687)
	at java.base/java.io.ObjectInputStream.defaultReadFields(ObjectInputStream.java:2496)
	at java.base/java.io.ObjectInputStream.readSerialData(ObjectInputStream.java:2390)
	at java.base/java.io.ObjectInputStream.readOrdinaryObject(ObjectInputStream.java:2228)
	at java.base/java.io.ObjectInputStream.readObject0(ObjectInputStream.java:1687)
	at java.base/java.io.ObjectInputStream.defaultReadFields(ObjectInputStream.java:2496)
	at java.base/java.io.ObjectInputStream.readSerialData(ObjectInputStream.java:2390)
	at java.base/java.io.ObjectInputStream.readOrdinaryObject(ObjectInputStream.java:2228)
	at java.base/java.io.ObjectInputStream.readObject0(ObjectInputStream.java:1687)
	at java.base/java.io.ObjectInputStream.readObject(ObjectInputStream.java:489)
	at java.base/java.io.ObjectInputStream.readObject(ObjectInputStream.java:447)
	at java.base/java.util.ArrayList.readObject(ArrayList.java:929)
	at java.base/jdk.internal.reflect.GeneratedMethodAccessor7.invoke(Unknown Source)
	at java.base/jdk.internal.reflect.DelegatingMethodAccessorImpl.invoke(DelegatingMethodAccessorImpl.java:43)
	at java.base/java.lang.reflect.Method.invoke(Method.java:566)
	at java.base/java.io.ObjectStreamClass.invokeReadObject(ObjectStreamClass.java:1046)
	at java.base/java.io.ObjectInputStream.readSerialData(ObjectInputStream.java:2357)
	at java.base/java.io.ObjectInputStream.readOrdinaryObject(ObjectInputStream.java:2228)
	at java.base/java.io.ObjectInputStream.readObject0(ObjectInputStream.java:1687)
	at java.base/java.io.ObjectInputStream.defaultReadFields(ObjectInputStream.java:2496)
	at java.base/java.io.ObjectInputStream.readSerialData(ObjectInputStream.java:2390)
	at java.base/java.io.ObjectInputStream.readOrdinaryObject(ObjectInputStream.java:2228)
	at java.base/java.io.ObjectInputStream.readObject0(ObjectInputStream.java:1687)
	at java.base/java.io.ObjectInputStream.defaultReadFields(ObjectInputStream.java:2496)
	at java.base/java.io.ObjectInputStream.defaultReadObject(ObjectInputStream.java:625)
	at org.evosuite.testcase.DefaultTestCase.readObject(DefaultTestCase.java:1217)
	at jdk.internal.reflect.GeneratedMethodAccessor15.invoke(Unknown Source)
	at java.base/jdk.internal.reflect.DelegatingMethodAccessorImpl.invoke(DelegatingMethodAccessorImpl.java:43)
	at java.base/java.lang.reflect.Method.invoke(Method.java:566)
	at java.base/java.io.ObjectStreamClass.invokeReadObject(ObjectStreamClass.java:1046)
	at java.base/java.io.ObjectInputStream.readSerialData(ObjectInputStream.java:2357)
	at java.base/java.io.ObjectInputStream.readOrdinaryObject(ObjectInputStream.java:2228)
	at java.base/java.io.ObjectInputStream.readObject0(ObjectInputStream.java:1687)
	at java.base/java.io.ObjectInputStream.defaultReadFields(ObjectInputStream.java:2496)
	at java.base/java.io.ObjectInputStream.readSerialData(ObjectInputStream.java:2390)
	at java.base/java.io.ObjectInputStream.readOrdinaryObject(ObjectInputStream.java:2228)
	at java.base/java.io.ObjectInputStream.readObject0(ObjectInputStream.java:1687)
	at java.base/java.io.ObjectInputStream.readObject(ObjectInputStream.java:489)
	at java.base/java.io.ObjectInputStream.readObject(ObjectInputStream.java:447)
	at java.base/java.util.ArrayList.readObject(ArrayList.java:929)
	at java.base/jdk.internal.reflect.GeneratedMethodAccessor7.invoke(Unknown Source)
	at java.base/jdk.internal.reflect.DelegatingMethodAccessorImpl.invoke(DelegatingMethodAccessorImpl.java:43)
	at java.base/java.lang.reflect.Method.invoke(Method.java:566)
	at java.base/java.io.ObjectStreamClass.invokeReadObject(ObjectStreamClass.java:1046)
	at java.base/java.io.ObjectInputStream.readSerialData(ObjectInputStream.java:2357)
	at java.base/java.io.ObjectInputStream.readOrdinaryObject(ObjectInputStream.java:2228)
	at java.base/java.io.ObjectInputStream.readObject0(ObjectInputStream.java:1687)
	at java.base/java.io.ObjectInputStream.defaultReadFields(ObjectInputStream.java:2496)
	at java.base/java.io.ObjectInputStream.readSerialData(ObjectInputStream.java:2390)
	at java.base/java.io.ObjectInputStream.readOrdinaryObject(ObjectInputStream.java:2228)
	at java.base/java.io.ObjectInputStream.readObject0(ObjectInputStream.java:1687)
	at java.base/java.io.ObjectInputStream.readObject(ObjectInputStream.java:489)
	at java.base/java.io.ObjectInputStream.readObject(ObjectInputStream.java:447)
	at java.rmi/sun.rmi.server.UnicastRef.unmarshalValue(UnicastRef.java:327)
	at java.rmi/sun.rmi.server.UnicastServerRef.dispatch(UnicastServerRef.java:339)
	... 12 common frames omitted
Caused by: java.lang.IllegalArgumentException: expect to get instruction without BasicBlock already set
	at org.evosuite.graphs.cfg.BasicBlock.appendInstruction(BasicBlock.java:225)
	at org.evosuite.graphs.cfg.BasicBlock.setInstructions(BasicBlock.java:206)
	at org.evosuite.graphs.cfg.BasicBlock.<init>(BasicBlock.java:106)
	at org.evosuite.graphs.cfg.RawControlFlowGraph.determineBasicBlockFor(RawControlFlowGraph.java:314)
	at org.evosuite.graphs.cfg.ActualControlFlowGraph.computeNodes(ActualControlFlowGraph.java:295)
	at org.evosuite.graphs.cfg.ActualControlFlowGraph.computeGraph(ActualControlFlowGraph.java:262)
	at org.evosuite.graphs.cfg.ActualControlFlowGraph.<init>(ActualControlFlowGraph.java:97)
	at org.evosuite.graphs.cfg.CFGGenerator.computeActualCFG(CFGGenerator.java:218)
	at org.evosuite.graphs.cfg.CFGGenerator.registerCFGs(CFGGenerator.java:102)
	at org.evosuite.graphs.cfg.CFGMethodAdapter.visitEnd(CFGMethodAdapter.java:219)
	at org.evosuite.shaded.org.objectweb.asm.MethodVisitor.visitEnd(MethodVisitor.java:783)
	at org.evosuite.shaded.org.objectweb.asm.MethodVisitor.visitEnd(MethodVisitor.java:783)
	at org.evosuite.shaded.org.objectweb.asm.MethodVisitor.visitEnd(MethodVisitor.java:783)
	at org.evosuite.shaded.org.objectweb.asm.tree.MethodNode.accept(MethodNode.java:772)
	at org.evosuite.shaded.org.objectweb.asm.tree.MethodNode.accept(MethodNode.java:649)
	at org.evosuite.shaded.org.objectweb.asm.tree.ClassNode.accept(ClassNode.java:452)
	at org.evosuite.instrumentation.BytecodeInstrumentation.transformBytes(BytecodeInstrumentation.java:282)
	at org.evosuite.instrumentation.InstrumentingClassLoader.getTransformedBytes(InstrumentingClassLoader.java:135)
	at org.evosuite.instrumentation.InstrumentingClassLoader.instrumentClass(InstrumentingClassLoader.java:149)
	... 77 common frames omitted
[Progress:=====================>        73%] [Cov:==================>                54%][Progress:======================>       74%] [Cov:==================>                54%][Progress:======================>       75%] [Cov:==================>                54%][MASTER] 12:36:17.041 [logback-1] WARN  ClientNodeImpl - Cannot send statistics to master; continuing without statistics
java.rmi.ServerException: RemoteException occurred in server thread; nested exception is: 
	java.rmi.UnmarshalException: error unmarshalling arguments; nested exception is: 
	java.lang.ClassNotFoundException: expect to get instruction without BasicBlock already set
	at java.rmi/sun.rmi.server.UnicastServerRef.dispatch(UnicastServerRef.java:391)
	at java.rmi/sun.rmi.transport.Transport$1.run(Transport.java:200)
	at java.rmi/sun.rmi.transport.Transport$1.run(Transport.java:197)
	at java.base/java.security.AccessController.doPrivileged(Native Method)
	at java.rmi/sun.rmi.transport.Transport.serviceCall(Transport.java:196)
	at java.rmi/sun.rmi.transport.tcp.TCPTransport.handleMessages(TCPTransport.java:562)
	at java.rmi/sun.rmi.transport.tcp.TCPTransport$ConnectionHandler.run0(TCPTransport.java:796)
	at java.rmi/sun.rmi.transport.tcp.TCPTransport$ConnectionHandler.lambda$run$0(TCPTransport.java:677)
	at java.base/java.security.AccessController.doPrivileged(Native Method)
	at java.rmi/sun.rmi.transport.tcp.TCPTransport$ConnectionHandler.run(TCPTransport.java:676)
	at java.base/java.util.concurrent.ThreadPoolExecutor.runWorker(ThreadPoolExecutor.java:1128)
	at java.base/java.util.concurrent.ThreadPoolExecutor$Worker.run(ThreadPoolExecutor.java:628)
	at java.base/java.lang.Thread.run(Thread.java:829)
	at java.rmi/sun.rmi.transport.StreamRemoteCall.exceptionReceivedFromServer(StreamRemoteCall.java:303)
	at java.rmi/sun.rmi.transport.StreamRemoteCall.executeCall(StreamRemoteCall.java:279)
	at java.rmi/sun.rmi.server.UnicastRef.invoke(UnicastRef.java:164)
	at java.rmi/java.rmi.server.RemoteObjectInvocationHandler.invokeRemoteMethod(RemoteObjectInvocationHandler.java:217)
	at java.rmi/java.rmi.server.RemoteObjectInvocationHandler.invoke(RemoteObjectInvocationHandler.java:162)
	at com.sun.proxy.$Proxy7.evosuite_collectStatistics(Unknown Source)
	at org.evosuite.rmi.service.ClientNodeImpl.updateStatistics(ClientNodeImpl.java:251)
	at org.evosuite.statistics.StatisticsSender.sendIndividualToMaster(StatisticsSender.java:62)
	at org.evosuite.statistics.StatisticsListener.lambda$new$0(StatisticsListener.java:76)
	at java.base/java.lang.Thread.run(Thread.java:829)
Caused by: java.rmi.UnmarshalException: error unmarshalling arguments; nested exception is: 
	java.lang.ClassNotFoundException: expect to get instruction without BasicBlock already set
	at java.rmi/sun.rmi.server.UnicastServerRef.dispatch(UnicastServerRef.java:350)
	at java.rmi/sun.rmi.transport.Transport$1.run(Transport.java:200)
	at java.rmi/sun.rmi.transport.Transport$1.run(Transport.java:197)
	at java.base/java.security.AccessController.doPrivileged(Native Method)
	at java.rmi/sun.rmi.transport.Transport.serviceCall(Transport.java:196)
	at java.rmi/sun.rmi.transport.tcp.TCPTransport.handleMessages(TCPTransport.java:562)
	at java.rmi/sun.rmi.transport.tcp.TCPTransport$ConnectionHandler.run0(TCPTransport.java:796)
	at java.rmi/sun.rmi.transport.tcp.TCPTransport$ConnectionHandler.lambda$run$0(TCPTransport.java:677)
	at java.base/java.security.AccessController.doPrivileged(Native Method)
	at java.rmi/sun.rmi.transport.tcp.TCPTransport$ConnectionHandler.run(TCPTransport.java:676)
	at java.base/java.util.concurrent.ThreadPoolExecutor.runWorker(ThreadPoolExecutor.java:1128)
	at java.base/java.util.concurrent.ThreadPoolExecutor$Worker.run(ThreadPoolExecutor.java:628)
	... 1 common frames omitted
Caused by: java.lang.ClassNotFoundException: expect to get instruction without BasicBlock already set
	at org.evosuite.instrumentation.InstrumentingClassLoader.instrumentClass(InstrumentingClassLoader.java:158)
	at org.evosuite.instrumentation.InstrumentingClassLoader.loadClass(InstrumentingClassLoader.java:126)
	at org.evosuite.utils.generic.GenericClassImpl.getClass(GenericClassImpl.java:139)
	at org.evosuite.utils.generic.GenericClassImpl.getClass(GenericClassImpl.java:105)
	at org.evosuite.utils.generic.GenericClassImpl.readObject(GenericClassImpl.java:1671)
	at jdk.internal.reflect.GeneratedMethodAccessor9.invoke(Unknown Source)
	at java.base/jdk.internal.reflect.DelegatingMethodAccessorImpl.invoke(DelegatingMethodAccessorImpl.java:43)
	at java.base/java.lang.reflect.Method.invoke(Method.java:566)
	at java.base/java.io.ObjectStreamClass.invokeReadObject(ObjectStreamClass.java:1046)
	at java.base/java.io.ObjectInputStream.readSerialData(ObjectInputStream.java:2357)
	at java.base/java.io.ObjectInputStream.readOrdinaryObject(ObjectInputStream.java:2228)
	at java.base/java.io.ObjectInputStream.readObject0(ObjectInputStream.java:1687)
	at java.base/java.io.ObjectInputStream.defaultReadFields(ObjectInputStream.java:2496)
	at java.base/java.io.ObjectInputStream.readSerialData(ObjectInputStream.java:2390)
	at java.base/java.io.ObjectInputStream.readOrdinaryObject(ObjectInputStream.java:2228)
	at java.base/java.io.ObjectInputStream.readObject0(ObjectInputStream.java:1687)
	at java.base/java.io.ObjectInputStream.defaultReadFields(ObjectInputStream.java:2496)
	at java.base/java.io.ObjectInputStream.readSerialData(ObjectInputStream.java:2390)
	at java.base/java.io.ObjectInputStream.readOrdinaryObject(ObjectInputStream.java:2228)
	at java.base/java.io.ObjectInputStream.readObject0(ObjectInputStream.java:1687)
	at java.base/java.io.ObjectInputStream.readObject(ObjectInputStream.java:489)
	at java.base/java.io.ObjectInputStream.readObject(ObjectInputStream.java:447)
	at java.base/java.util.ArrayList.readObject(ArrayList.java:929)
	at java.base/jdk.internal.reflect.GeneratedMethodAccessor7.invoke(Unknown Source)
	at java.base/jdk.internal.reflect.DelegatingMethodAccessorImpl.invoke(DelegatingMethodAccessorImpl.java:43)
	at java.base/java.lang.reflect.Method.invoke(Method.java:566)
	at java.base/java.io.ObjectStreamClass.invokeReadObject(ObjectStreamClass.java:1046)
	at java.base/java.io.ObjectInputStream.readSerialData(ObjectInputStream.java:2357)
	at java.base/java.io.ObjectInputStream.readOrdinaryObject(ObjectInputStream.java:2228)
	at java.base/java.io.ObjectInputStream.readObject0(ObjectInputStream.java:1687)
	at java.base/java.io.ObjectInputStream.defaultReadFields(ObjectInputStream.java:2496)
	at java.base/java.io.ObjectInputStream.readSerialData(ObjectInputStream.java:2390)
	at java.base/java.io.ObjectInputStream.readOrdinaryObject(ObjectInputStream.java:2228)
	at java.base/java.io.ObjectInputStream.readObject0(ObjectInputStream.java:1687)
	at java.base/java.io.ObjectInputStream.defaultReadFields(ObjectInputStream.java:2496)
	at java.base/java.io.ObjectInputStream.defaultReadObject(ObjectInputStream.java:625)
	at org.evosuite.testcase.DefaultTestCase.readObject(DefaultTestCase.java:1217)
	at jdk.internal.reflect.GeneratedMethodAccessor15.invoke(Unknown Source)
	at java.base/jdk.internal.reflect.DelegatingMethodAccessorImpl.invoke(DelegatingMethodAccessorImpl.java:43)
	at java.base/java.lang.reflect.Method.invoke(Method.java:566)
	at java.base/java.io.ObjectStreamClass.invokeReadObject(ObjectStreamClass.java:1046)
	at java.base/java.io.ObjectInputStream.readSerialData(ObjectInputStream.java:2357)
	at java.base/java.io.ObjectInputStream.readOrdinaryObject(ObjectInputStream.java:2228)
	at java.base/java.io.ObjectInputStream.readObject0(ObjectInputStream.java:1687)
	at java.base/java.io.ObjectInputStream.defaultReadFields(ObjectInputStream.java:2496)
	at java.base/java.io.ObjectInputStream.readSerialData(ObjectInputStream.java:2390)
	at java.base/java.io.ObjectInputStream.readOrdinaryObject(ObjectInputStream.java:2228)
	at java.base/java.io.ObjectInputStream.readObject0(ObjectInputStream.java:1687)
	at java.base/java.io.ObjectInputStream.readObject(ObjectInputStream.java:489)
	at java.base/java.io.ObjectInputStream.readObject(ObjectInputStream.java:447)
	at java.base/java.util.ArrayList.readObject(ArrayList.java:929)
	at java.base/jdk.internal.reflect.GeneratedMethodAccessor7.invoke(Unknown Source)
	at java.base/jdk.internal.reflect.DelegatingMethodAccessorImpl.invoke(DelegatingMethodAccessorImpl.java:43)
	at java.base/java.lang.reflect.Method.invoke(Method.java:566)
	at java.base/java.io.ObjectStreamClass.invokeReadObject(ObjectStreamClass.java:1046)
	at java.base/java.io.ObjectInputStream.readSerialData(ObjectInputStream.java:2357)
	at java.base/java.io.ObjectInputStream.readOrdinaryObject(ObjectInputStream.java:2228)
	at java.base/java.io.ObjectInputStream.readObject0(ObjectInputStream.java:1687)
	at java.base/java.io.ObjectInputStream.defaultReadFields(ObjectInputStream.java:2496)
	at java.base/java.io.ObjectInputStream.readSerialData(ObjectInputStream.java:2390)
	at java.base/java.io.ObjectInputStream.readOrdinaryObject(ObjectInputStream.java:2228)
	at java.base/java.io.ObjectInputStream.readObject0(ObjectInputStream.java:1687)
	at java.base/java.io.ObjectInputStream.readObject(ObjectInputStream.java:489)
	at java.base/java.io.ObjectInputStream.readObject(ObjectInputStream.java:447)
	at java.rmi/sun.rmi.server.UnicastRef.unmarshalValue(UnicastRef.java:327)
	at java.rmi/sun.rmi.server.UnicastServerRef.dispatch(UnicastServerRef.java:339)
	... 12 common frames omitted
Caused by: java.lang.IllegalArgumentException: expect to get instruction without BasicBlock already set
	at org.evosuite.graphs.cfg.BasicBlock.appendInstruction(BasicBlock.java:225)
	at org.evosuite.graphs.cfg.BasicBlock.setInstructions(BasicBlock.java:206)
	at org.evosuite.graphs.cfg.BasicBlock.<init>(BasicBlock.java:106)
	at org.evosuite.graphs.cfg.RawControlFlowGraph.determineBasicBlockFor(RawControlFlowGraph.java:314)
	at org.evosuite.graphs.cfg.ActualControlFlowGraph.computeNodes(ActualControlFlowGraph.java:295)
	at org.evosuite.graphs.cfg.ActualControlFlowGraph.computeGraph(ActualControlFlowGraph.java:262)
	at org.evosuite.graphs.cfg.ActualControlFlowGraph.<init>(ActualControlFlowGraph.java:97)
	at org.evosuite.graphs.cfg.CFGGenerator.computeActualCFG(CFGGenerator.java:218)
	at org.evosuite.graphs.cfg.CFGGenerator.registerCFGs(CFGGenerator.java:102)
	at org.evosuite.graphs.cfg.CFGMethodAdapter.visitEnd(CFGMethodAdapter.java:219)
	at org.evosuite.shaded.org.objectweb.asm.MethodVisitor.visitEnd(MethodVisitor.java:783)
	at org.evosuite.shaded.org.objectweb.asm.MethodVisitor.visitEnd(MethodVisitor.java:783)
	at org.evosuite.shaded.org.objectweb.asm.MethodVisitor.visitEnd(MethodVisitor.java:783)
	at org.evosuite.shaded.org.objectweb.asm.tree.MethodNode.accept(MethodNode.java:772)
	at org.evosuite.shaded.org.objectweb.asm.tree.MethodNode.accept(MethodNode.java:649)
	at org.evosuite.shaded.org.objectweb.asm.tree.ClassNode.accept(ClassNode.java:452)
	at org.evosuite.instrumentation.BytecodeInstrumentation.transformBytes(BytecodeInstrumentation.java:282)
	at org.evosuite.instrumentation.InstrumentingClassLoader.getTransformedBytes(InstrumentingClassLoader.java:135)
	at org.evosuite.instrumentation.InstrumentingClassLoader.instrumentClass(InstrumentingClassLoader.java:149)
	... 77 common frames omitted
[Progress:======================>       75%] [Cov:==================>                54%][Progress:======================>       76%] [Cov:==================>                54%][Progress:=======================>      77%] [Cov:==================>                54%][MASTER] 12:36:19.099 [logback-1] WARN  TestCluster - Failed to check cache for java.time.temporal.TemporalQuery<R> : Type points to itself
[MASTER] 12:36:19.587 [logback-1] WARN  ClientNodeImpl - Cannot send statistics to master; continuing without statistics
java.rmi.ServerException: RemoteException occurred in server thread; nested exception is: 
	java.rmi.UnmarshalException: error unmarshalling arguments; nested exception is: 
	java.lang.ClassNotFoundException: expect to get instruction without BasicBlock already set
	at java.rmi/sun.rmi.server.UnicastServerRef.dispatch(UnicastServerRef.java:391)
	at java.rmi/sun.rmi.transport.Transport$1.run(Transport.java:200)
	at java.rmi/sun.rmi.transport.Transport$1.run(Transport.java:197)
	at java.base/java.security.AccessController.doPrivileged(Native Method)
	at java.rmi/sun.rmi.transport.Transport.serviceCall(Transport.java:196)
	at java.rmi/sun.rmi.transport.tcp.TCPTransport.handleMessages(TCPTransport.java:562)
	at java.rmi/sun.rmi.transport.tcp.TCPTransport$ConnectionHandler.run0(TCPTransport.java:796)
	at java.rmi/sun.rmi.transport.tcp.TCPTransport$ConnectionHandler.lambda$run$0(TCPTransport.java:677)
	at java.base/java.security.AccessController.doPrivileged(Native Method)
	at java.rmi/sun.rmi.transport.tcp.TCPTransport$ConnectionHandler.run(TCPTransport.java:676)
	at java.base/java.util.concurrent.ThreadPoolExecutor.runWorker(ThreadPoolExecutor.java:1128)
	at java.base/java.util.concurrent.ThreadPoolExecutor$Worker.run(ThreadPoolExecutor.java:628)
	at java.base/java.lang.Thread.run(Thread.java:829)
	at java.rmi/sun.rmi.transport.StreamRemoteCall.exceptionReceivedFromServer(StreamRemoteCall.java:303)
	at java.rmi/sun.rmi.transport.StreamRemoteCall.executeCall(StreamRemoteCall.java:279)
	at java.rmi/sun.rmi.server.UnicastRef.invoke(UnicastRef.java:164)
	at java.rmi/java.rmi.server.RemoteObjectInvocationHandler.invokeRemoteMethod(RemoteObjectInvocationHandler.java:217)
	at java.rmi/java.rmi.server.RemoteObjectInvocationHandler.invoke(RemoteObjectInvocationHandler.java:162)
	at com.sun.proxy.$Proxy7.evosuite_collectStatistics(Unknown Source)
	at org.evosuite.rmi.service.ClientNodeImpl.updateStatistics(ClientNodeImpl.java:251)
	at org.evosuite.statistics.StatisticsSender.sendIndividualToMaster(StatisticsSender.java:62)
	at org.evosuite.statistics.StatisticsListener.lambda$new$0(StatisticsListener.java:76)
	at java.base/java.lang.Thread.run(Thread.java:829)
Caused by: java.rmi.UnmarshalException: error unmarshalling arguments; nested exception is: 
	java.lang.ClassNotFoundException: expect to get instruction without BasicBlock already set
	at java.rmi/sun.rmi.server.UnicastServerRef.dispatch(UnicastServerRef.java:350)
	at java.rmi/sun.rmi.transport.Transport$1.run(Transport.java:200)
	at java.rmi/sun.rmi.transport.Transport$1.run(Transport.java:197)
	at java.base/java.security.AccessController.doPrivileged(Native Method)
	at java.rmi/sun.rmi.transport.Transport.serviceCall(Transport.java:196)
	at java.rmi/sun.rmi.transport.tcp.TCPTransport.handleMessages(TCPTransport.java:562)
	at java.rmi/sun.rmi.transport.tcp.TCPTransport$ConnectionHandler.run0(TCPTransport.java:796)
	at java.rmi/sun.rmi.transport.tcp.TCPTransport$ConnectionHandler.lambda$run$0(TCPTransport.java:677)
	at java.base/java.security.AccessController.doPrivileged(Native Method)
	at java.rmi/sun.rmi.transport.tcp.TCPTransport$ConnectionHandler.run(TCPTransport.java:676)
	at java.base/java.util.concurrent.ThreadPoolExecutor.runWorker(ThreadPoolExecutor.java:1128)
	at java.base/java.util.concurrent.ThreadPoolExecutor$Worker.run(ThreadPoolExecutor.java:628)
	... 1 common frames omitted
Caused by: java.lang.ClassNotFoundException: expect to get instruction without BasicBlock already set
	at org.evosuite.instrumentation.InstrumentingClassLoader.instrumentClass(InstrumentingClassLoader.java:158)
	at org.evosuite.instrumentation.InstrumentingClassLoader.loadClass(InstrumentingClassLoader.java:126)
	at org.evosuite.utils.generic.GenericClassImpl.getClass(GenericClassImpl.java:139)
	at org.evosuite.utils.generic.GenericClassImpl.getClass(GenericClassImpl.java:105)
	at org.evosuite.utils.generic.GenericClassImpl.readObject(GenericClassImpl.java:1671)
	at jdk.internal.reflect.GeneratedMethodAccessor9.invoke(Unknown Source)
	at java.base/jdk.internal.reflect.DelegatingMethodAccessorImpl.invoke(DelegatingMethodAccessorImpl.java:43)
	at java.base/java.lang.reflect.Method.invoke(Method.java:566)
	at java.base/java.io.ObjectStreamClass.invokeReadObject(ObjectStreamClass.java:1046)
	at java.base/java.io.ObjectInputStream.readSerialData(ObjectInputStream.java:2357)
	at java.base/java.io.ObjectInputStream.readOrdinaryObject(ObjectInputStream.java:2228)
	at java.base/java.io.ObjectInputStream.readObject0(ObjectInputStream.java:1687)
	at java.base/java.io.ObjectInputStream.defaultReadFields(ObjectInputStream.java:2496)
	at java.base/java.io.ObjectInputStream.readSerialData(ObjectInputStream.java:2390)
	at java.base/java.io.ObjectInputStream.readOrdinaryObject(ObjectInputStream.java:2228)
	at java.base/java.io.ObjectInputStream.readObject0(ObjectInputStream.java:1687)
	at java.base/java.io.ObjectInputStream.defaultReadFields(ObjectInputStream.java:2496)
	at java.base/java.io.ObjectInputStream.readSerialData(ObjectInputStream.java:2390)
	at java.base/java.io.ObjectInputStream.readOrdinaryObject(ObjectInputStream.java:2228)
	at java.base/java.io.ObjectInputStream.readObject0(ObjectInputStream.java:1687)
	at java.base/java.io.ObjectInputStream.readObject(ObjectInputStream.java:489)
	at java.base/java.io.ObjectInputStream.readObject(ObjectInputStream.java:447)
	at java.base/java.util.ArrayList.readObject(ArrayList.java:929)
	at java.base/jdk.internal.reflect.GeneratedMethodAccessor7.invoke(Unknown Source)
	at java.base/jdk.internal.reflect.DelegatingMethodAccessorImpl.invoke(DelegatingMethodAccessorImpl.java:43)
	at java.base/java.lang.reflect.Method.invoke(Method.java:566)
	at java.base/java.io.ObjectStreamClass.invokeReadObject(ObjectStreamClass.java:1046)
	at java.base/java.io.ObjectInputStream.readSerialData(ObjectInputStream.java:2357)
	at java.base/java.io.ObjectInputStream.readOrdinaryObject(ObjectInputStream.java:2228)
	at java.base/java.io.ObjectInputStream.readObject0(ObjectInputStream.java:1687)
	at java.base/java.io.ObjectInputStream.defaultReadFields(ObjectInputStream.java:2496)
	at java.base/java.io.ObjectInputStream.readSerialData(ObjectInputStream.java:2390)
	at java.base/java.io.ObjectInputStream.readOrdinaryObject(ObjectInputStream.java:2228)
	at java.base/java.io.ObjectInputStream.readObject0(ObjectInputStream.java:1687)
	at java.base/java.io.ObjectInputStream.defaultReadFields(ObjectInputStream.java:2496)
	at java.base/java.io.ObjectInputStream.defaultReadObject(ObjectInputStream.java:625)
	at org.evosuite.testcase.DefaultTestCase.readObject(DefaultTestCase.java:1217)
	at jdk.internal.reflect.GeneratedMethodAccessor15.invoke(Unknown Source)
	at java.base/jdk.internal.reflect.DelegatingMethodAccessorImpl.invoke(DelegatingMethodAccessorImpl.java:43)
	at java.base/java.lang.reflect.Method.invoke(Method.java:566)
	at java.base/java.io.ObjectStreamClass.invokeReadObject(ObjectStreamClass.java:1046)
	at java.base/java.io.ObjectInputStream.readSerialData(ObjectInputStream.java:2357)
	at java.base/java.io.ObjectInputStream.readOrdinaryObject(ObjectInputStream.java:2228)
	at java.base/java.io.ObjectInputStream.readObject0(ObjectInputStream.java:1687)
	at java.base/java.io.ObjectInputStream.defaultReadFields(ObjectInputStream.java:2496)
	at java.base/java.io.ObjectInputStream.readSerialData(ObjectInputStream.java:2390)
	at java.base/java.io.ObjectInputStream.readOrdinaryObject(ObjectInputStream.java:2228)
	at java.base/java.io.ObjectInputStream.readObject0(ObjectInputStream.java:1687)
	at java.base/java.io.ObjectInputStream.readObject(ObjectInputStream.java:489)
	at java.base/java.io.ObjectInputStream.readObject(ObjectInputStream.java:447)
	at java.base/java.util.ArrayList.readObject(ArrayList.java:929)
	at java.base/jdk.internal.reflect.GeneratedMethodAccessor7.invoke(Unknown Source)
	at java.base/jdk.internal.reflect.DelegatingMethodAccessorImpl.invoke(DelegatingMethodAccessorImpl.java:43)
	at java.base/java.lang.reflect.Method.invoke(Method.java:566)
	at java.base/java.io.ObjectStreamClass.invokeReadObject(ObjectStreamClass.java:1046)
	at java.base/java.io.ObjectInputStream.readSerialData(ObjectInputStream.java:2357)
	at java.base/java.io.ObjectInputStream.readOrdinaryObject(ObjectInputStream.java:2228)
	at java.base/java.io.ObjectInputStream.readObject0(ObjectInputStream.java:1687)
	at java.base/java.io.ObjectInputStream.defaultReadFields(ObjectInputStream.java:2496)
	at java.base/java.io.ObjectInputStream.readSerialData(ObjectInputStream.java:2390)
	at java.base/java.io.ObjectInputStream.readOrdinaryObject(ObjectInputStream.java:2228)
	at java.base/java.io.ObjectInputStream.readObject0(ObjectInputStream.java:1687)
	at java.base/java.io.ObjectInputStream.readObject(ObjectInputStream.java:489)
	at java.base/java.io.ObjectInputStream.readObject(ObjectInputStream.java:447)
	at java.rmi/sun.rmi.server.UnicastRef.unmarshalValue(UnicastRef.java:327)
	at java.rmi/sun.rmi.server.UnicastServerRef.dispatch(UnicastServerRef.java:339)
	... 12 common frames omitted
Caused by: java.lang.IllegalArgumentException: expect to get instruction without BasicBlock already set
	at org.evosuite.graphs.cfg.BasicBlock.appendInstruction(BasicBlock.java:225)
	at org.evosuite.graphs.cfg.BasicBlock.setInstructions(BasicBlock.java:206)
	at org.evosuite.graphs.cfg.BasicBlock.<init>(BasicBlock.java:106)
	at org.evosuite.graphs.cfg.RawControlFlowGraph.determineBasicBlockFor(RawControlFlowGraph.java:314)
	at org.evosuite.graphs.cfg.ActualControlFlowGraph.computeNodes(ActualControlFlowGraph.java:295)
	at org.evosuite.graphs.cfg.ActualControlFlowGraph.computeGraph(ActualControlFlowGraph.java:262)
	at org.evosuite.graphs.cfg.ActualControlFlowGraph.<init>(ActualControlFlowGraph.java:97)
	at org.evosuite.graphs.cfg.CFGGenerator.computeActualCFG(CFGGenerator.java:218)
	at org.evosuite.graphs.cfg.CFGGenerator.registerCFGs(CFGGenerator.java:102)
	at org.evosuite.graphs.cfg.CFGMethodAdapter.visitEnd(CFGMethodAdapter.java:219)
	at org.evosuite.shaded.org.objectweb.asm.MethodVisitor.visitEnd(MethodVisitor.java:783)
	at org.evosuite.shaded.org.objectweb.asm.MethodVisitor.visitEnd(MethodVisitor.java:783)
	at org.evosuite.shaded.org.objectweb.asm.MethodVisitor.visitEnd(MethodVisitor.java:783)
	at org.evosuite.shaded.org.objectweb.asm.tree.MethodNode.accept(MethodNode.java:772)
	at org.evosuite.shaded.org.objectweb.asm.tree.MethodNode.accept(MethodNode.java:649)
	at org.evosuite.shaded.org.objectweb.asm.tree.ClassNode.accept(ClassNode.java:452)
	at org.evosuite.instrumentation.BytecodeInstrumentation.transformBytes(BytecodeInstrumentation.java:282)
	at org.evosuite.instrumentation.InstrumentingClassLoader.getTransformedBytes(InstrumentingClassLoader.java:135)
	at org.evosuite.instrumentation.InstrumentingClassLoader.instrumentClass(InstrumentingClassLoader.java:149)
	... 77 common frames omitted
[Progress:=======================>      78%] [Cov:==================>                54%][Progress:=======================>      78%] [Cov:==================>                54%][Progress:=======================>      79%] [Cov:==================>                54%][Progress:========================>     80%] [Cov:==================>                54%][MASTER] 12:36:22.505 [logback-1] WARN  ClientNodeImpl - Cannot send statistics to master; continuing without statistics
java.rmi.ServerException: RemoteException occurred in server thread; nested exception is: 
	java.rmi.UnmarshalException: error unmarshalling arguments; nested exception is: 
	java.lang.ClassNotFoundException: expect to get instruction without BasicBlock already set
	at java.rmi/sun.rmi.server.UnicastServerRef.dispatch(UnicastServerRef.java:391)
	at java.rmi/sun.rmi.transport.Transport$1.run(Transport.java:200)
	at java.rmi/sun.rmi.transport.Transport$1.run(Transport.java:197)
	at java.base/java.security.AccessController.doPrivileged(Native Method)
	at java.rmi/sun.rmi.transport.Transport.serviceCall(Transport.java:196)
	at java.rmi/sun.rmi.transport.tcp.TCPTransport.handleMessages(TCPTransport.java:562)
	at java.rmi/sun.rmi.transport.tcp.TCPTransport$ConnectionHandler.run0(TCPTransport.java:796)
	at java.rmi/sun.rmi.transport.tcp.TCPTransport$ConnectionHandler.lambda$run$0(TCPTransport.java:677)
	at java.base/java.security.AccessController.doPrivileged(Native Method)
	at java.rmi/sun.rmi.transport.tcp.TCPTransport$ConnectionHandler.run(TCPTransport.java:676)
	at java.base/java.util.concurrent.ThreadPoolExecutor.runWorker(ThreadPoolExecutor.java:1128)
	at java.base/java.util.concurrent.ThreadPoolExecutor$Worker.run(ThreadPoolExecutor.java:628)
	at java.base/java.lang.Thread.run(Thread.java:829)
	at java.rmi/sun.rmi.transport.StreamRemoteCall.exceptionReceivedFromServer(StreamRemoteCall.java:303)
	at java.rmi/sun.rmi.transport.StreamRemoteCall.executeCall(StreamRemoteCall.java:279)
	at java.rmi/sun.rmi.server.UnicastRef.invoke(UnicastRef.java:164)
	at java.rmi/java.rmi.server.RemoteObjectInvocationHandler.invokeRemoteMethod(RemoteObjectInvocationHandler.java:217)
	at java.rmi/java.rmi.server.RemoteObjectInvocationHandler.invoke(RemoteObjectInvocationHandler.java:162)
	at com.sun.proxy.$Proxy7.evosuite_collectStatistics(Unknown Source)
	at org.evosuite.rmi.service.ClientNodeImpl.updateStatistics(ClientNodeImpl.java:251)
	at org.evosuite.statistics.StatisticsSender.sendIndividualToMaster(StatisticsSender.java:62)
	at org.evosuite.statistics.StatisticsListener.lambda$new$0(StatisticsListener.java:76)
	at java.base/java.lang.Thread.run(Thread.java:829)
Caused by: java.rmi.UnmarshalException: error unmarshalling arguments; nested exception is: 
	java.lang.ClassNotFoundException: expect to get instruction without BasicBlock already set
	at java.rmi/sun.rmi.server.UnicastServerRef.dispatch(UnicastServerRef.java:350)
	at java.rmi/sun.rmi.transport.Transport$1.run(Transport.java:200)
	at java.rmi/sun.rmi.transport.Transport$1.run(Transport.java:197)
	at java.base/java.security.AccessController.doPrivileged(Native Method)
	at java.rmi/sun.rmi.transport.Transport.serviceCall(Transport.java:196)
	at java.rmi/sun.rmi.transport.tcp.TCPTransport.handleMessages(TCPTransport.java:562)
	at java.rmi/sun.rmi.transport.tcp.TCPTransport$ConnectionHandler.run0(TCPTransport.java:796)
	at java.rmi/sun.rmi.transport.tcp.TCPTransport$ConnectionHandler.lambda$run$0(TCPTransport.java:677)
	at java.base/java.security.AccessController.doPrivileged(Native Method)
	at java.rmi/sun.rmi.transport.tcp.TCPTransport$ConnectionHandler.run(TCPTransport.java:676)
	at java.base/java.util.concurrent.ThreadPoolExecutor.runWorker(ThreadPoolExecutor.java:1128)
	at java.base/java.util.concurrent.ThreadPoolExecutor$Worker.run(ThreadPoolExecutor.java:628)
	... 1 common frames omitted
Caused by: java.lang.ClassNotFoundException: expect to get instruction without BasicBlock already set
	at org.evosuite.instrumentation.InstrumentingClassLoader.instrumentClass(InstrumentingClassLoader.java:158)
	at org.evosuite.instrumentation.InstrumentingClassLoader.loadClass(InstrumentingClassLoader.java:126)
	at org.evosuite.utils.generic.GenericClassImpl.getClass(GenericClassImpl.java:139)
	at org.evosuite.utils.generic.GenericClassImpl.getClass(GenericClassImpl.java:105)
	at org.evosuite.utils.generic.GenericClassImpl.readObject(GenericClassImpl.java:1671)
	at jdk.internal.reflect.GeneratedMethodAccessor9.invoke(Unknown Source)
	at java.base/jdk.internal.reflect.DelegatingMethodAccessorImpl.invoke(DelegatingMethodAccessorImpl.java:43)
	at java.base/java.lang.reflect.Method.invoke(Method.java:566)
	at java.base/java.io.ObjectStreamClass.invokeReadObject(ObjectStreamClass.java:1046)
	at java.base/java.io.ObjectInputStream.readSerialData(ObjectInputStream.java:2357)
	at java.base/java.io.ObjectInputStream.readOrdinaryObject(ObjectInputStream.java:2228)
	at java.base/java.io.ObjectInputStream.readObject0(ObjectInputStream.java:1687)
	at java.base/java.io.ObjectInputStream.defaultReadFields(ObjectInputStream.java:2496)
	at java.base/java.io.ObjectInputStream.readSerialData(ObjectInputStream.java:2390)
	at java.base/java.io.ObjectInputStream.readOrdinaryObject(ObjectInputStream.java:2228)
	at java.base/java.io.ObjectInputStream.readObject0(ObjectInputStream.java:1687)
	at java.base/java.io.ObjectInputStream.defaultReadFields(ObjectInputStream.java:2496)
	at java.base/java.io.ObjectInputStream.readSerialData(ObjectInputStream.java:2390)
	at java.base/java.io.ObjectInputStream.readOrdinaryObject(ObjectInputStream.java:2228)
	at java.base/java.io.ObjectInputStream.readObject0(ObjectInputStream.java:1687)
	at java.base/java.io.ObjectInputStream.readObject(ObjectInputStream.java:489)
	at java.base/java.io.ObjectInputStream.readObject(ObjectInputStream.java:447)
	at java.base/java.util.ArrayList.readObject(ArrayList.java:929)
	at java.base/jdk.internal.reflect.GeneratedMethodAccessor7.invoke(Unknown Source)
	at java.base/jdk.internal.reflect.DelegatingMethodAccessorImpl.invoke(DelegatingMethodAccessorImpl.java:43)
	at java.base/java.lang.reflect.Method.invoke(Method.java:566)
	at java.base/java.io.ObjectStreamClass.invokeReadObject(ObjectStreamClass.java:1046)
	at java.base/java.io.ObjectInputStream.readSerialData(ObjectInputStream.java:2357)
	at java.base/java.io.ObjectInputStream.readOrdinaryObject(ObjectInputStream.java:2228)
	at java.base/java.io.ObjectInputStream.readObject0(ObjectInputStream.java:1687)
	at java.base/java.io.ObjectInputStream.defaultReadFields(ObjectInputStream.java:2496)
	at java.base/java.io.ObjectInputStream.readSerialData(ObjectInputStream.java:2390)
	at java.base/java.io.ObjectInputStream.readOrdinaryObject(ObjectInputStream.java:2228)
	at java.base/java.io.ObjectInputStream.readObject0(ObjectInputStream.java:1687)
	at java.base/java.io.ObjectInputStream.defaultReadFields(ObjectInputStream.java:2496)
	at java.base/java.io.ObjectInputStream.defaultReadObject(ObjectInputStream.java:625)
	at org.evosuite.testcase.DefaultTestCase.readObject(DefaultTestCase.java:1217)
	at jdk.internal.reflect.GeneratedMethodAccessor15.invoke(Unknown Source)
	at java.base/jdk.internal.reflect.DelegatingMethodAccessorImpl.invoke(DelegatingMethodAccessorImpl.java:43)
	at java.base/java.lang.reflect.Method.invoke(Method.java:566)
	at java.base/java.io.ObjectStreamClass.invokeReadObject(ObjectStreamClass.java:1046)
	at java.base/java.io.ObjectInputStream.readSerialData(ObjectInputStream.java:2357)
	at java.base/java.io.ObjectInputStream.readOrdinaryObject(ObjectInputStream.java:2228)
	at java.base/java.io.ObjectInputStream.readObject0(ObjectInputStream.java:1687)
	at java.base/java.io.ObjectInputStream.defaultReadFields(ObjectInputStream.java:2496)
	at java.base/java.io.ObjectInputStream.readSerialData(ObjectInputStream.java:2390)
	at java.base/java.io.ObjectInputStream.readOrdinaryObject(ObjectInputStream.java:2228)
	at java.base/java.io.ObjectInputStream.readObject0(ObjectInputStream.java:1687)
	at java.base/java.io.ObjectInputStream.readObject(ObjectInputStream.java:489)
	at java.base/java.io.ObjectInputStream.readObject(ObjectInputStream.java:447)
	at java.base/java.util.ArrayList.readObject(ArrayList.java:929)
	at java.base/jdk.internal.reflect.GeneratedMethodAccessor7.invoke(Unknown Source)
	at java.base/jdk.internal.reflect.DelegatingMethodAccessorImpl.invoke(DelegatingMethodAccessorImpl.java:43)
	at java.base/java.lang.reflect.Method.invoke(Method.java:566)
	at java.base/java.io.ObjectStreamClass.invokeReadObject(ObjectStreamClass.java:1046)
	at java.base/java.io.ObjectInputStream.readSerialData(ObjectInputStream.java:2357)
	at java.base/java.io.ObjectInputStream.readOrdinaryObject(ObjectInputStream.java:2228)
	at java.base/java.io.ObjectInputStream.readObject0(ObjectInputStream.java:1687)
	at java.base/java.io.ObjectInputStream.defaultReadFields(ObjectInputStream.java:2496)
	at java.base/java.io.ObjectInputStream.readSerialData(ObjectInputStream.java:2390)
	at java.base/java.io.ObjectInputStream.readOrdinaryObject(ObjectInputStream.java:2228)
	at java.base/java.io.ObjectInputStream.readObject0(ObjectInputStream.java:1687)
	at java.base/java.io.ObjectInputStream.readObject(ObjectInputStream.java:489)
	at java.base/java.io.ObjectInputStream.readObject(ObjectInputStream.java:447)
	at java.rmi/sun.rmi.server.UnicastRef.unmarshalValue(UnicastRef.java:327)
	at java.rmi/sun.rmi.server.UnicastServerRef.dispatch(UnicastServerRef.java:339)
	... 12 common frames omitted
Caused by: java.lang.IllegalArgumentException: expect to get instruction without BasicBlock already set
	at org.evosuite.graphs.cfg.BasicBlock.appendInstruction(BasicBlock.java:225)
	at org.evosuite.graphs.cfg.BasicBlock.setInstructions(BasicBlock.java:206)
	at org.evosuite.graphs.cfg.BasicBlock.<init>(BasicBlock.java:106)
	at org.evosuite.graphs.cfg.RawControlFlowGraph.determineBasicBlockFor(RawControlFlowGraph.java:314)
	at org.evosuite.graphs.cfg.ActualControlFlowGraph.computeNodes(ActualControlFlowGraph.java:295)
	at org.evosuite.graphs.cfg.ActualControlFlowGraph.computeGraph(ActualControlFlowGraph.java:262)
	at org.evosuite.graphs.cfg.ActualControlFlowGraph.<init>(ActualControlFlowGraph.java:97)
	at org.evosuite.graphs.cfg.CFGGenerator.computeActualCFG(CFGGenerator.java:218)
	at org.evosuite.graphs.cfg.CFGGenerator.registerCFGs(CFGGenerator.java:102)
	at org.evosuite.graphs.cfg.CFGMethodAdapter.visitEnd(CFGMethodAdapter.java:219)
	at org.evosuite.shaded.org.objectweb.asm.MethodVisitor.visitEnd(MethodVisitor.java:783)
	at org.evosuite.shaded.org.objectweb.asm.MethodVisitor.visitEnd(MethodVisitor.java:783)
	at org.evosuite.shaded.org.objectweb.asm.MethodVisitor.visitEnd(MethodVisitor.java:783)
	at org.evosuite.shaded.org.objectweb.asm.tree.MethodNode.accept(MethodNode.java:772)
	at org.evosuite.shaded.org.objectweb.asm.tree.MethodNode.accept(MethodNode.java:649)
	at org.evosuite.shaded.org.objectweb.asm.tree.ClassNode.accept(ClassNode.java:452)
	at org.evosuite.instrumentation.BytecodeInstrumentation.transformBytes(BytecodeInstrumentation.java:282)
	at org.evosuite.instrumentation.InstrumentingClassLoader.getTransformedBytes(InstrumentingClassLoader.java:135)
	at org.evosuite.instrumentation.InstrumentingClassLoader.instrumentClass(InstrumentingClassLoader.java:149)
	... 77 common frames omitted
[Progress:========================>     80%] [Cov:==================>                54%][Progress:========================>     81%] [Cov:==================>                53%][Progress:========================>     81%] [Cov:==================>                54%][Progress:========================>     82%] [Cov:==================>                54%][Progress:========================>     82%] [Cov:==================>                54%][MASTER] 12:36:25.357 [logback-1] WARN  ClientNodeImpl - Cannot send statistics to master; continuing without statistics
java.rmi.ServerException: RemoteException occurred in server thread; nested exception is: 
	java.rmi.UnmarshalException: error unmarshalling arguments; nested exception is: 
	java.lang.ClassNotFoundException: expect to get instruction without BasicBlock already set
	at java.rmi/sun.rmi.server.UnicastServerRef.dispatch(UnicastServerRef.java:391)
	at java.rmi/sun.rmi.transport.Transport$1.run(Transport.java:200)
	at java.rmi/sun.rmi.transport.Transport$1.run(Transport.java:197)
	at java.base/java.security.AccessController.doPrivileged(Native Method)
	at java.rmi/sun.rmi.transport.Transport.serviceCall(Transport.java:196)
	at java.rmi/sun.rmi.transport.tcp.TCPTransport.handleMessages(TCPTransport.java:562)
	at java.rmi/sun.rmi.transport.tcp.TCPTransport$ConnectionHandler.run0(TCPTransport.java:796)
	at java.rmi/sun.rmi.transport.tcp.TCPTransport$ConnectionHandler.lambda$run$0(TCPTransport.java:677)
	at java.base/java.security.AccessController.doPrivileged(Native Method)
	at java.rmi/sun.rmi.transport.tcp.TCPTransport$ConnectionHandler.run(TCPTransport.java:676)
	at java.base/java.util.concurrent.ThreadPoolExecutor.runWorker(ThreadPoolExecutor.java:1128)
	at java.base/java.util.concurrent.ThreadPoolExecutor$Worker.run(ThreadPoolExecutor.java:628)
	at java.base/java.lang.Thread.run(Thread.java:829)
	at java.rmi/sun.rmi.transport.StreamRemoteCall.exceptionReceivedFromServer(StreamRemoteCall.java:303)
	at java.rmi/sun.rmi.transport.StreamRemoteCall.executeCall(StreamRemoteCall.java:279)
	at java.rmi/sun.rmi.server.UnicastRef.invoke(UnicastRef.java:164)
	at java.rmi/java.rmi.server.RemoteObjectInvocationHandler.invokeRemoteMethod(RemoteObjectInvocationHandler.java:217)
	at java.rmi/java.rmi.server.RemoteObjectInvocationHandler.invoke(RemoteObjectInvocationHandler.java:162)
	at com.sun.proxy.$Proxy7.evosuite_collectStatistics(Unknown Source)
	at org.evosuite.rmi.service.ClientNodeImpl.updateStatistics(ClientNodeImpl.java:251)
	at org.evosuite.statistics.StatisticsSender.sendIndividualToMaster(StatisticsSender.java:62)
	at org.evosuite.statistics.StatisticsListener.lambda$new$0(StatisticsListener.java:76)
	at java.base/java.lang.Thread.run(Thread.java:829)
Caused by: java.rmi.UnmarshalException: error unmarshalling arguments; nested exception is: 
	java.lang.ClassNotFoundException: expect to get instruction without BasicBlock already set
	at java.rmi/sun.rmi.server.UnicastServerRef.dispatch(UnicastServerRef.java:350)
	at java.rmi/sun.rmi.transport.Transport$1.run(Transport.java:200)
	at java.rmi/sun.rmi.transport.Transport$1.run(Transport.java:197)
	at java.base/java.security.AccessController.doPrivileged(Native Method)
	at java.rmi/sun.rmi.transport.Transport.serviceCall(Transport.java:196)
	at java.rmi/sun.rmi.transport.tcp.TCPTransport.handleMessages(TCPTransport.java:562)
	at java.rmi/sun.rmi.transport.tcp.TCPTransport$ConnectionHandler.run0(TCPTransport.java:796)
	at java.rmi/sun.rmi.transport.tcp.TCPTransport$ConnectionHandler.lambda$run$0(TCPTransport.java:677)
	at java.base/java.security.AccessController.doPrivileged(Native Method)
	at java.rmi/sun.rmi.transport.tcp.TCPTransport$ConnectionHandler.run(TCPTransport.java:676)
	at java.base/java.util.concurrent.ThreadPoolExecutor.runWorker(ThreadPoolExecutor.java:1128)
	at java.base/java.util.concurrent.ThreadPoolExecutor$Worker.run(ThreadPoolExecutor.java:628)
	... 1 common frames omitted
Caused by: java.lang.ClassNotFoundException: expect to get instruction without BasicBlock already set
	at org.evosuite.instrumentation.InstrumentingClassLoader.instrumentClass(InstrumentingClassLoader.java:158)
	at org.evosuite.instrumentation.InstrumentingClassLoader.loadClass(InstrumentingClassLoader.java:126)
	at org.evosuite.utils.generic.GenericClassImpl.getClass(GenericClassImpl.java:139)
	at org.evosuite.utils.generic.GenericClassImpl.getClass(GenericClassImpl.java:105)
	at org.evosuite.utils.generic.GenericClassImpl.readObject(GenericClassImpl.java:1671)
	at jdk.internal.reflect.GeneratedMethodAccessor9.invoke(Unknown Source)
	at java.base/jdk.internal.reflect.DelegatingMethodAccessorImpl.invoke(DelegatingMethodAccessorImpl.java:43)
	at java.base/java.lang.reflect.Method.invoke(Method.java:566)
	at java.base/java.io.ObjectStreamClass.invokeReadObject(ObjectStreamClass.java:1046)
	at java.base/java.io.ObjectInputStream.readSerialData(ObjectInputStream.java:2357)
	at java.base/java.io.ObjectInputStream.readOrdinaryObject(ObjectInputStream.java:2228)
	at java.base/java.io.ObjectInputStream.readObject0(ObjectInputStream.java:1687)
	at java.base/java.io.ObjectInputStream.defaultReadFields(ObjectInputStream.java:2496)
	at java.base/java.io.ObjectInputStream.readSerialData(ObjectInputStream.java:2390)
	at java.base/java.io.ObjectInputStream.readOrdinaryObject(ObjectInputStream.java:2228)
	at java.base/java.io.ObjectInputStream.readObject0(ObjectInputStream.java:1687)
	at java.base/java.io.ObjectInputStream.defaultReadFields(ObjectInputStream.java:2496)
	at java.base/java.io.ObjectInputStream.readSerialData(ObjectInputStream.java:2390)
	at java.base/java.io.ObjectInputStream.readOrdinaryObject(ObjectInputStream.java:2228)
	at java.base/java.io.ObjectInputStream.readObject0(ObjectInputStream.java:1687)
	at java.base/java.io.ObjectInputStream.readObject(ObjectInputStream.java:489)
	at java.base/java.io.ObjectInputStream.readObject(ObjectInputStream.java:447)
	at java.base/java.util.ArrayList.readObject(ArrayList.java:929)
	at java.base/jdk.internal.reflect.GeneratedMethodAccessor7.invoke(Unknown Source)
	at java.base/jdk.internal.reflect.DelegatingMethodAccessorImpl.invoke(DelegatingMethodAccessorImpl.java:43)
	at java.base/java.lang.reflect.Method.invoke(Method.java:566)
	at java.base/java.io.ObjectStreamClass.invokeReadObject(ObjectStreamClass.java:1046)
	at java.base/java.io.ObjectInputStream.readSerialData(ObjectInputStream.java:2357)
	at java.base/java.io.ObjectInputStream.readOrdinaryObject(ObjectInputStream.java:2228)
	at java.base/java.io.ObjectInputStream.readObject0(ObjectInputStream.java:1687)
	at java.base/java.io.ObjectInputStream.defaultReadFields(ObjectInputStream.java:2496)
	at java.base/java.io.ObjectInputStream.readSerialData(ObjectInputStream.java:2390)
	at java.base/java.io.ObjectInputStream.readOrdinaryObject(ObjectInputStream.java:2228)
	at java.base/java.io.ObjectInputStream.readObject0(ObjectInputStream.java:1687)
	at java.base/java.io.ObjectInputStream.defaultReadFields(ObjectInputStream.java:2496)
	at java.base/java.io.ObjectInputStream.defaultReadObject(ObjectInputStream.java:625)
	at org.evosuite.testcase.DefaultTestCase.readObject(DefaultTestCase.java:1217)
	at jdk.internal.reflect.GeneratedMethodAccessor15.invoke(Unknown Source)
	at java.base/jdk.internal.reflect.DelegatingMethodAccessorImpl.invoke(DelegatingMethodAccessorImpl.java:43)
	at java.base/java.lang.reflect.Method.invoke(Method.java:566)
	at java.base/java.io.ObjectStreamClass.invokeReadObject(ObjectStreamClass.java:1046)
	at java.base/java.io.ObjectInputStream.readSerialData(ObjectInputStream.java:2357)
	at java.base/java.io.ObjectInputStream.readOrdinaryObject(ObjectInputStream.java:2228)
	at java.base/java.io.ObjectInputStream.readObject0(ObjectInputStream.java:1687)
	at java.base/java.io.ObjectInputStream.defaultReadFields(ObjectInputStream.java:2496)
	at java.base/java.io.ObjectInputStream.readSerialData(ObjectInputStream.java:2390)
	at java.base/java.io.ObjectInputStream.readOrdinaryObject(ObjectInputStream.java:2228)
	at java.base/java.io.ObjectInputStream.readObject0(ObjectInputStream.java:1687)
	at java.base/java.io.ObjectInputStream.readObject(ObjectInputStream.java:489)
	at java.base/java.io.ObjectInputStream.readObject(ObjectInputStream.java:447)
	at java.base/java.util.ArrayList.readObject(ArrayList.java:929)
	at java.base/jdk.internal.reflect.GeneratedMethodAccessor7.invoke(Unknown Source)
	at java.base/jdk.internal.reflect.DelegatingMethodAccessorImpl.invoke(DelegatingMethodAccessorImpl.java:43)
	at java.base/java.lang.reflect.Method.invoke(Method.java:566)
	at java.base/java.io.ObjectStreamClass.invokeReadObject(ObjectStreamClass.java:1046)
	at java.base/java.io.ObjectInputStream.readSerialData(ObjectInputStream.java:2357)
	at java.base/java.io.ObjectInputStream.readOrdinaryObject(ObjectInputStream.java:2228)
	at java.base/java.io.ObjectInputStream.readObject0(ObjectInputStream.java:1687)
	at java.base/java.io.ObjectInputStream.defaultReadFields(ObjectInputStream.java:2496)
	at java.base/java.io.ObjectInputStream.readSerialData(ObjectInputStream.java:2390)
	at java.base/java.io.ObjectInputStream.readOrdinaryObject(ObjectInputStream.java:2228)
	at java.base/java.io.ObjectInputStream.readObject0(ObjectInputStream.java:1687)
	at java.base/java.io.ObjectInputStream.readObject(ObjectInputStream.java:489)
	at java.base/java.io.ObjectInputStream.readObject(ObjectInputStream.java:447)
	at java.rmi/sun.rmi.server.UnicastRef.unmarshalValue(UnicastRef.java:327)
	at java.rmi/sun.rmi.server.UnicastServerRef.dispatch(UnicastServerRef.java:339)
	... 12 common frames omitted
Caused by: java.lang.IllegalArgumentException: expect to get instruction without BasicBlock already set
	at org.evosuite.graphs.cfg.BasicBlock.appendInstruction(BasicBlock.java:225)
	at org.evosuite.graphs.cfg.BasicBlock.setInstructions(BasicBlock.java:206)
	at org.evosuite.graphs.cfg.BasicBlock.<init>(BasicBlock.java:106)
	at org.evosuite.graphs.cfg.RawControlFlowGraph.determineBasicBlockFor(RawControlFlowGraph.java:314)
	at org.evosuite.graphs.cfg.ActualControlFlowGraph.computeNodes(ActualControlFlowGraph.java:295)
	at org.evosuite.graphs.cfg.ActualControlFlowGraph.computeGraph(ActualControlFlowGraph.java:262)
	at org.evosuite.graphs.cfg.ActualControlFlowGraph.<init>(ActualControlFlowGraph.java:97)
	at org.evosuite.graphs.cfg.CFGGenerator.computeActualCFG(CFGGenerator.java:218)
	at org.evosuite.graphs.cfg.CFGGenerator.registerCFGs(CFGGenerator.java:102)
	at org.evosuite.graphs.cfg.CFGMethodAdapter.visitEnd(CFGMethodAdapter.java:219)
	at org.evosuite.shaded.org.objectweb.asm.MethodVisitor.visitEnd(MethodVisitor.java:783)
	at org.evosuite.shaded.org.objectweb.asm.MethodVisitor.visitEnd(MethodVisitor.java:783)
	at org.evosuite.shaded.org.objectweb.asm.MethodVisitor.visitEnd(MethodVisitor.java:783)
	at org.evosuite.shaded.org.objectweb.asm.tree.MethodNode.accept(MethodNode.java:772)
	at org.evosuite.shaded.org.objectweb.asm.tree.MethodNode.accept(MethodNode.java:649)
	at org.evosuite.shaded.org.objectweb.asm.tree.ClassNode.accept(ClassNode.java:452)
	at org.evosuite.instrumentation.BytecodeInstrumentation.transformBytes(BytecodeInstrumentation.java:282)
	at org.evosuite.instrumentation.InstrumentingClassLoader.getTransformedBytes(InstrumentingClassLoader.java:135)
	at org.evosuite.instrumentation.InstrumentingClassLoader.instrumentClass(InstrumentingClassLoader.java:149)
	... 77 common frames omitted
[Progress:========================>     83%] [Cov:==================>                54%][Progress:=========================>    84%] [Cov:==================>                54%][Progress:=========================>    85%] [Cov:==================>                54%][Progress:=========================>    85%] [Cov:==================>                54%][MASTER] 12:36:28.612 [logback-1] WARN  ClientNodeImpl - Cannot send statistics to master; continuing without statistics
java.rmi.ServerException: RemoteException occurred in server thread; nested exception is: 
	java.rmi.UnmarshalException: error unmarshalling arguments; nested exception is: 
	java.lang.ClassNotFoundException: expect to get instruction without BasicBlock already set
	at java.rmi/sun.rmi.server.UnicastServerRef.dispatch(UnicastServerRef.java:391)
	at java.rmi/sun.rmi.transport.Transport$1.run(Transport.java:200)
	at java.rmi/sun.rmi.transport.Transport$1.run(Transport.java:197)
	at java.base/java.security.AccessController.doPrivileged(Native Method)
	at java.rmi/sun.rmi.transport.Transport.serviceCall(Transport.java:196)
	at java.rmi/sun.rmi.transport.tcp.TCPTransport.handleMessages(TCPTransport.java:562)
	at java.rmi/sun.rmi.transport.tcp.TCPTransport$ConnectionHandler.run0(TCPTransport.java:796)
	at java.rmi/sun.rmi.transport.tcp.TCPTransport$ConnectionHandler.lambda$run$0(TCPTransport.java:677)
	at java.base/java.security.AccessController.doPrivileged(Native Method)
	at java.rmi/sun.rmi.transport.tcp.TCPTransport$ConnectionHandler.run(TCPTransport.java:676)
	at java.base/java.util.concurrent.ThreadPoolExecutor.runWorker(ThreadPoolExecutor.java:1128)
	at java.base/java.util.concurrent.ThreadPoolExecutor$Worker.run(ThreadPoolExecutor.java:628)
	at java.base/java.lang.Thread.run(Thread.java:829)
	at java.rmi/sun.rmi.transport.StreamRemoteCall.exceptionReceivedFromServer(StreamRemoteCall.java:303)
	at java.rmi/sun.rmi.transport.StreamRemoteCall.executeCall(StreamRemoteCall.java:279)
	at java.rmi/sun.rmi.server.UnicastRef.invoke(UnicastRef.java:164)
	at java.rmi/java.rmi.server.RemoteObjectInvocationHandler.invokeRemoteMethod(RemoteObjectInvocationHandler.java:217)
	at java.rmi/java.rmi.server.RemoteObjectInvocationHandler.invoke(RemoteObjectInvocationHandler.java:162)
	at com.sun.proxy.$Proxy7.evosuite_collectStatistics(Unknown Source)
	at org.evosuite.rmi.service.ClientNodeImpl.updateStatistics(ClientNodeImpl.java:251)
	at org.evosuite.statistics.StatisticsSender.sendIndividualToMaster(StatisticsSender.java:62)
	at org.evosuite.statistics.StatisticsListener.lambda$new$0(StatisticsListener.java:76)
	at java.base/java.lang.Thread.run(Thread.java:829)
Caused by: java.rmi.UnmarshalException: error unmarshalling arguments; nested exception is: 
	java.lang.ClassNotFoundException: expect to get instruction without BasicBlock already set
	at java.rmi/sun.rmi.server.UnicastServerRef.dispatch(UnicastServerRef.java:350)
	at java.rmi/sun.rmi.transport.Transport$1.run(Transport.java:200)
	at java.rmi/sun.rmi.transport.Transport$1.run(Transport.java:197)
	at java.base/java.security.AccessController.doPrivileged(Native Method)
	at java.rmi/sun.rmi.transport.Transport.serviceCall(Transport.java:196)
	at java.rmi/sun.rmi.transport.tcp.TCPTransport.handleMessages(TCPTransport.java:562)
	at java.rmi/sun.rmi.transport.tcp.TCPTransport$ConnectionHandler.run0(TCPTransport.java:796)
	at java.rmi/sun.rmi.transport.tcp.TCPTransport$ConnectionHandler.lambda$run$0(TCPTransport.java:677)
	at java.base/java.security.AccessController.doPrivileged(Native Method)
	at java.rmi/sun.rmi.transport.tcp.TCPTransport$ConnectionHandler.run(TCPTransport.java:676)
	at java.base/java.util.concurrent.ThreadPoolExecutor.runWorker(ThreadPoolExecutor.java:1128)
	at java.base/java.util.concurrent.ThreadPoolExecutor$Worker.run(ThreadPoolExecutor.java:628)
	... 1 common frames omitted
Caused by: java.lang.ClassNotFoundException: expect to get instruction without BasicBlock already set
	at org.evosuite.instrumentation.InstrumentingClassLoader.instrumentClass(InstrumentingClassLoader.java:158)
	at org.evosuite.instrumentation.InstrumentingClassLoader.loadClass(InstrumentingClassLoader.java:126)
	at org.evosuite.utils.generic.GenericClassImpl.getClass(GenericClassImpl.java:139)
	at org.evosuite.utils.generic.GenericClassImpl.getClass(GenericClassImpl.java:105)
	at org.evosuite.utils.generic.GenericClassImpl.readObject(GenericClassImpl.java:1671)
	at jdk.internal.reflect.GeneratedMethodAccessor9.invoke(Unknown Source)
	at java.base/jdk.internal.reflect.DelegatingMethodAccessorImpl.invoke(DelegatingMethodAccessorImpl.java:43)
	at java.base/java.lang.reflect.Method.invoke(Method.java:566)
	at java.base/java.io.ObjectStreamClass.invokeReadObject(ObjectStreamClass.java:1046)
	at java.base/java.io.ObjectInputStream.readSerialData(ObjectInputStream.java:2357)
	at java.base/java.io.ObjectInputStream.readOrdinaryObject(ObjectInputStream.java:2228)
	at java.base/java.io.ObjectInputStream.readObject0(ObjectInputStream.java:1687)
	at java.base/java.io.ObjectInputStream.defaultReadFields(ObjectInputStream.java:2496)
	at java.base/java.io.ObjectInputStream.readSerialData(ObjectInputStream.java:2390)
	at java.base/java.io.ObjectInputStream.readOrdinaryObject(ObjectInputStream.java:2228)
	at java.base/java.io.ObjectInputStream.readObject0(ObjectInputStream.java:1687)
	at java.base/java.io.ObjectInputStream.defaultReadFields(ObjectInputStream.java:2496)
	at java.base/java.io.ObjectInputStream.readSerialData(ObjectInputStream.java:2390)
	at java.base/java.io.ObjectInputStream.readOrdinaryObject(ObjectInputStream.java:2228)
	at java.base/java.io.ObjectInputStream.readObject0(ObjectInputStream.java:1687)
	at java.base/java.io.ObjectInputStream.readObject(ObjectInputStream.java:489)
	at java.base/java.io.ObjectInputStream.readObject(ObjectInputStream.java:447)
	at java.base/java.util.ArrayList.readObject(ArrayList.java:929)
	at java.base/jdk.internal.reflect.GeneratedMethodAccessor7.invoke(Unknown Source)
	at java.base/jdk.internal.reflect.DelegatingMethodAccessorImpl.invoke(DelegatingMethodAccessorImpl.java:43)
	at java.base/java.lang.reflect.Method.invoke(Method.java:566)
	at java.base/java.io.ObjectStreamClass.invokeReadObject(ObjectStreamClass.java:1046)
	at java.base/java.io.ObjectInputStream.readSerialData(ObjectInputStream.java:2357)
	at java.base/java.io.ObjectInputStream.readOrdinaryObject(ObjectInputStream.java:2228)
	at java.base/java.io.ObjectInputStream.readObject0(ObjectInputStream.java:1687)
	at java.base/java.io.ObjectInputStream.defaultReadFields(ObjectInputStream.java:2496)
	at java.base/java.io.ObjectInputStream.readSerialData(ObjectInputStream.java:2390)
	at java.base/java.io.ObjectInputStream.readOrdinaryObject(ObjectInputStream.java:2228)
	at java.base/java.io.ObjectInputStream.readObject0(ObjectInputStream.java:1687)
	at java.base/java.io.ObjectInputStream.defaultReadFields(ObjectInputStream.java:2496)
	at java.base/java.io.ObjectInputStream.defaultReadObject(ObjectInputStream.java:625)
	at org.evosuite.testcase.DefaultTestCase.readObject(DefaultTestCase.java:1217)
	at jdk.internal.reflect.GeneratedMethodAccessor15.invoke(Unknown Source)
	at java.base/jdk.internal.reflect.DelegatingMethodAccessorImpl.invoke(DelegatingMethodAccessorImpl.java:43)
	at java.base/java.lang.reflect.Method.invoke(Method.java:566)
	at java.base/java.io.ObjectStreamClass.invokeReadObject(ObjectStreamClass.java:1046)
	at java.base/java.io.ObjectInputStream.readSerialData(ObjectInputStream.java:2357)
	at java.base/java.io.ObjectInputStream.readOrdinaryObject(ObjectInputStream.java:2228)
	at java.base/java.io.ObjectInputStream.readObject0(ObjectInputStream.java:1687)
	at java.base/java.io.ObjectInputStream.defaultReadFields(ObjectInputStream.java:2496)
	at java.base/java.io.ObjectInputStream.readSerialData(ObjectInputStream.java:2390)
	at java.base/java.io.ObjectInputStream.readOrdinaryObject(ObjectInputStream.java:2228)
	at java.base/java.io.ObjectInputStream.readObject0(ObjectInputStream.java:1687)
	at java.base/java.io.ObjectInputStream.readObject(ObjectInputStream.java:489)
	at java.base/java.io.ObjectInputStream.readObject(ObjectInputStream.java:447)
	at java.base/java.util.ArrayList.readObject(ArrayList.java:929)
	at java.base/jdk.internal.reflect.GeneratedMethodAccessor7.invoke(Unknown Source)
	at java.base/jdk.internal.reflect.DelegatingMethodAccessorImpl.invoke(DelegatingMethodAccessorImpl.java:43)
	at java.base/java.lang.reflect.Method.invoke(Method.java:566)
	at java.base/java.io.ObjectStreamClass.invokeReadObject(ObjectStreamClass.java:1046)
	at java.base/java.io.ObjectInputStream.readSerialData(ObjectInputStream.java:2357)
	at java.base/java.io.ObjectInputStream.readOrdinaryObject(ObjectInputStream.java:2228)
	at java.base/java.io.ObjectInputStream.readObject0(ObjectInputStream.java:1687)
	at java.base/java.io.ObjectInputStream.defaultReadFields(ObjectInputStream.java:2496)
	at java.base/java.io.ObjectInputStream.readSerialData(ObjectInputStream.java:2390)
	at java.base/java.io.ObjectInputStream.readOrdinaryObject(ObjectInputStream.java:2228)
	at java.base/java.io.ObjectInputStream.readObject0(ObjectInputStream.java:1687)
	at java.base/java.io.ObjectInputStream.readObject(ObjectInputStream.java:489)
	at java.base/java.io.ObjectInputStream.readObject(ObjectInputStream.java:447)
	at java.rmi/sun.rmi.server.UnicastRef.unmarshalValue(UnicastRef.java:327)
	at java.rmi/sun.rmi.server.UnicastServerRef.dispatch(UnicastServerRef.java:339)
	... 12 common frames omitted
Caused by: java.lang.IllegalArgumentException: expect to get instruction without BasicBlock already set
	at org.evosuite.graphs.cfg.BasicBlock.appendInstruction(BasicBlock.java:225)
	at org.evosuite.graphs.cfg.BasicBlock.setInstructions(BasicBlock.java:206)
	at org.evosuite.graphs.cfg.BasicBlock.<init>(BasicBlock.java:106)
	at org.evosuite.graphs.cfg.RawControlFlowGraph.determineBasicBlockFor(RawControlFlowGraph.java:314)
	at org.evosuite.graphs.cfg.ActualControlFlowGraph.computeNodes(ActualControlFlowGraph.java:295)
	at org.evosuite.graphs.cfg.ActualControlFlowGraph.computeGraph(ActualControlFlowGraph.java:262)
	at org.evosuite.graphs.cfg.ActualControlFlowGraph.<init>(ActualControlFlowGraph.java:97)
	at org.evosuite.graphs.cfg.CFGGenerator.computeActualCFG(CFGGenerator.java:218)
	at org.evosuite.graphs.cfg.CFGGenerator.registerCFGs(CFGGenerator.java:102)
	at org.evosuite.graphs.cfg.CFGMethodAdapter.visitEnd(CFGMethodAdapter.java:219)
	at org.evosuite.shaded.org.objectweb.asm.MethodVisitor.visitEnd(MethodVisitor.java:783)
	at org.evosuite.shaded.org.objectweb.asm.MethodVisitor.visitEnd(MethodVisitor.java:783)
	at org.evosuite.shaded.org.objectweb.asm.MethodVisitor.visitEnd(MethodVisitor.java:783)
	at org.evosuite.shaded.org.objectweb.asm.tree.MethodNode.accept(MethodNode.java:772)
	at org.evosuite.shaded.org.objectweb.asm.tree.MethodNode.accept(MethodNode.java:649)
	at org.evosuite.shaded.org.objectweb.asm.tree.ClassNode.accept(ClassNode.java:452)
	at org.evosuite.instrumentation.BytecodeInstrumentation.transformBytes(BytecodeInstrumentation.java:282)
	at org.evosuite.instrumentation.InstrumentingClassLoader.getTransformedBytes(InstrumentingClassLoader.java:135)
	at org.evosuite.instrumentation.InstrumentingClassLoader.instrumentClass(InstrumentingClassLoader.java:149)
	... 77 common frames omitted
[Progress:=========================>    86%] [Cov:==================>                54%][Progress:=========================>    86%] [Cov:===================>               55%][Progress:==========================>   87%] [Cov:==================>                54%][Progress:==========================>   87%] [Cov:==================>                54%][Progress:==========================>   87%] [Cov:===================>               55%][Progress:==========================>   88%] [Cov:==================>                54%][Progress:==========================>   88%] [Cov:===================>               55%][MASTER] 12:36:31.930 [logback-1] WARN  ClientNodeImpl - Cannot send statistics to master; continuing without statistics
java.rmi.ServerException: RemoteException occurred in server thread; nested exception is: 
	java.rmi.UnmarshalException: error unmarshalling arguments; nested exception is: 
	java.lang.ClassNotFoundException: expect to get instruction without BasicBlock already set
	at java.rmi/sun.rmi.server.UnicastServerRef.dispatch(UnicastServerRef.java:391)
	at java.rmi/sun.rmi.transport.Transport$1.run(Transport.java:200)
	at java.rmi/sun.rmi.transport.Transport$1.run(Transport.java:197)
	at java.base/java.security.AccessController.doPrivileged(Native Method)
	at java.rmi/sun.rmi.transport.Transport.serviceCall(Transport.java:196)
	at java.rmi/sun.rmi.transport.tcp.TCPTransport.handleMessages(TCPTransport.java:562)
	at java.rmi/sun.rmi.transport.tcp.TCPTransport$ConnectionHandler.run0(TCPTransport.java:796)
	at java.rmi/sun.rmi.transport.tcp.TCPTransport$ConnectionHandler.lambda$run$0(TCPTransport.java:677)
	at java.base/java.security.AccessController.doPrivileged(Native Method)
	at java.rmi/sun.rmi.transport.tcp.TCPTransport$ConnectionHandler.run(TCPTransport.java:676)
	at java.base/java.util.concurrent.ThreadPoolExecutor.runWorker(ThreadPoolExecutor.java:1128)
	at java.base/java.util.concurrent.ThreadPoolExecutor$Worker.run(ThreadPoolExecutor.java:628)
	at java.base/java.lang.Thread.run(Thread.java:829)
	at java.rmi/sun.rmi.transport.StreamRemoteCall.exceptionReceivedFromServer(StreamRemoteCall.java:303)
	at java.rmi/sun.rmi.transport.StreamRemoteCall.executeCall(StreamRemoteCall.java:279)
	at java.rmi/sun.rmi.server.UnicastRef.invoke(UnicastRef.java:164)
	at java.rmi/java.rmi.server.RemoteObjectInvocationHandler.invokeRemoteMethod(RemoteObjectInvocationHandler.java:217)
	at java.rmi/java.rmi.server.RemoteObjectInvocationHandler.invoke(RemoteObjectInvocationHandler.java:162)
	at com.sun.proxy.$Proxy7.evosuite_collectStatistics(Unknown Source)
	at org.evosuite.rmi.service.ClientNodeImpl.updateStatistics(ClientNodeImpl.java:251)
	at org.evosuite.statistics.StatisticsSender.sendIndividualToMaster(StatisticsSender.java:62)
	at org.evosuite.statistics.StatisticsListener.lambda$new$0(StatisticsListener.java:76)
	at java.base/java.lang.Thread.run(Thread.java:829)
Caused by: java.rmi.UnmarshalException: error unmarshalling arguments; nested exception is: 
	java.lang.ClassNotFoundException: expect to get instruction without BasicBlock already set
	at java.rmi/sun.rmi.server.UnicastServerRef.dispatch(UnicastServerRef.java:350)
	at java.rmi/sun.rmi.transport.Transport$1.run(Transport.java:200)
	at java.rmi/sun.rmi.transport.Transport$1.run(Transport.java:197)
	at java.base/java.security.AccessController.doPrivileged(Native Method)
	at java.rmi/sun.rmi.transport.Transport.serviceCall(Transport.java:196)
	at java.rmi/sun.rmi.transport.tcp.TCPTransport.handleMessages(TCPTransport.java:562)
	at java.rmi/sun.rmi.transport.tcp.TCPTransport$ConnectionHandler.run0(TCPTransport.java:796)
	at java.rmi/sun.rmi.transport.tcp.TCPTransport$ConnectionHandler.lambda$run$0(TCPTransport.java:677)
	at java.base/java.security.AccessController.doPrivileged(Native Method)
	at java.rmi/sun.rmi.transport.tcp.TCPTransport$ConnectionHandler.run(TCPTransport.java:676)
	at java.base/java.util.concurrent.ThreadPoolExecutor.runWorker(ThreadPoolExecutor.java:1128)
	at java.base/java.util.concurrent.ThreadPoolExecutor$Worker.run(ThreadPoolExecutor.java:628)
	... 1 common frames omitted
Caused by: java.lang.ClassNotFoundException: expect to get instruction without BasicBlock already set
	at org.evosuite.instrumentation.InstrumentingClassLoader.instrumentClass(InstrumentingClassLoader.java:158)
	at org.evosuite.instrumentation.InstrumentingClassLoader.loadClass(InstrumentingClassLoader.java:126)
	at org.evosuite.utils.generic.GenericClassImpl.getClass(GenericClassImpl.java:139)
	at org.evosuite.utils.generic.GenericClassImpl.getClass(GenericClassImpl.java:105)
	at org.evosuite.utils.generic.GenericClassImpl.readObject(GenericClassImpl.java:1671)
	at jdk.internal.reflect.GeneratedMethodAccessor9.invoke(Unknown Source)
	at java.base/jdk.internal.reflect.DelegatingMethodAccessorImpl.invoke(DelegatingMethodAccessorImpl.java:43)
	at java.base/java.lang.reflect.Method.invoke(Method.java:566)
	at java.base/java.io.ObjectStreamClass.invokeReadObject(ObjectStreamClass.java:1046)
	at java.base/java.io.ObjectInputStream.readSerialData(ObjectInputStream.java:2357)
	at java.base/java.io.ObjectInputStream.readOrdinaryObject(ObjectInputStream.java:2228)
	at java.base/java.io.ObjectInputStream.readObject0(ObjectInputStream.java:1687)
	at java.base/java.io.ObjectInputStream.defaultReadFields(ObjectInputStream.java:2496)
	at java.base/java.io.ObjectInputStream.readSerialData(ObjectInputStream.java:2390)
	at java.base/java.io.ObjectInputStream.readOrdinaryObject(ObjectInputStream.java:2228)
	at java.base/java.io.ObjectInputStream.readObject0(ObjectInputStream.java:1687)
	at java.base/java.io.ObjectInputStream.defaultReadFields(ObjectInputStream.java:2496)
	at java.base/java.io.ObjectInputStream.readSerialData(ObjectInputStream.java:2390)
	at java.base/java.io.ObjectInputStream.readOrdinaryObject(ObjectInputStream.java:2228)
	at java.base/java.io.ObjectInputStream.readObject0(ObjectInputStream.java:1687)
	at java.base/java.io.ObjectInputStream.readObject(ObjectInputStream.java:489)
	at java.base/java.io.ObjectInputStream.readObject(ObjectInputStream.java:447)
	at java.base/java.util.ArrayList.readObject(ArrayList.java:929)
	at java.base/jdk.internal.reflect.GeneratedMethodAccessor7.invoke(Unknown Source)
	at java.base/jdk.internal.reflect.DelegatingMethodAccessorImpl.invoke(DelegatingMethodAccessorImpl.java:43)
	at java.base/java.lang.reflect.Method.invoke(Method.java:566)
	at java.base/java.io.ObjectStreamClass.invokeReadObject(ObjectStreamClass.java:1046)
	at java.base/java.io.ObjectInputStream.readSerialData(ObjectInputStream.java:2357)
	at java.base/java.io.ObjectInputStream.readOrdinaryObject(ObjectInputStream.java:2228)
	at java.base/java.io.ObjectInputStream.readObject0(ObjectInputStream.java:1687)
	at java.base/java.io.ObjectInputStream.defaultReadFields(ObjectInputStream.java:2496)
	at java.base/java.io.ObjectInputStream.readSerialData(ObjectInputStream.java:2390)
	at java.base/java.io.ObjectInputStream.readOrdinaryObject(ObjectInputStream.java:2228)
	at java.base/java.io.ObjectInputStream.readObject0(ObjectInputStream.java:1687)
	at java.base/java.io.ObjectInputStream.defaultReadFields(ObjectInputStream.java:2496)
	at java.base/java.io.ObjectInputStream.defaultReadObject(ObjectInputStream.java:625)
	at org.evosuite.testcase.DefaultTestCase.readObject(DefaultTestCase.java:1217)
	at jdk.internal.reflect.GeneratedMethodAccessor15.invoke(Unknown Source)
	at java.base/jdk.internal.reflect.DelegatingMethodAccessorImpl.invoke(DelegatingMethodAccessorImpl.java:43)
	at java.base/java.lang.reflect.Method.invoke(Method.java:566)
	at java.base/java.io.ObjectStreamClass.invokeReadObject(ObjectStreamClass.java:1046)
	at java.base/java.io.ObjectInputStream.readSerialData(ObjectInputStream.java:2357)
	at java.base/java.io.ObjectInputStream.readOrdinaryObject(ObjectInputStream.java:2228)
	at java.base/java.io.ObjectInputStream.readObject0(ObjectInputStream.java:1687)
	at java.base/java.io.ObjectInputStream.defaultReadFields(ObjectInputStream.java:2496)
	at java.base/java.io.ObjectInputStream.readSerialData(ObjectInputStream.java:2390)
	at java.base/java.io.ObjectInputStream.readOrdinaryObject(ObjectInputStream.java:2228)
	at java.base/java.io.ObjectInputStream.readObject0(ObjectInputStream.java:1687)
	at java.base/java.io.ObjectInputStream.readObject(ObjectInputStream.java:489)
	at java.base/java.io.ObjectInputStream.readObject(ObjectInputStream.java:447)
	at java.base/java.util.ArrayList.readObject(ArrayList.java:929)
	at java.base/jdk.internal.reflect.GeneratedMethodAccessor7.invoke(Unknown Source)
	at java.base/jdk.internal.reflect.DelegatingMethodAccessorImpl.invoke(DelegatingMethodAccessorImpl.java:43)
	at java.base/java.lang.reflect.Method.invoke(Method.java:566)
	at java.base/java.io.ObjectStreamClass.invokeReadObject(ObjectStreamClass.java:1046)
	at java.base/java.io.ObjectInputStream.readSerialData(ObjectInputStream.java:2357)
	at java.base/java.io.ObjectInputStream.readOrdinaryObject(ObjectInputStream.java:2228)
	at java.base/java.io.ObjectInputStream.readObject0(ObjectInputStream.java:1687)
	at java.base/java.io.ObjectInputStream.defaultReadFields(ObjectInputStream.java:2496)
	at java.base/java.io.ObjectInputStream.readSerialData(ObjectInputStream.java:2390)
	at java.base/java.io.ObjectInputStream.readOrdinaryObject(ObjectInputStream.java:2228)
	at java.base/java.io.ObjectInputStream.readObject0(ObjectInputStream.java:1687)
	at java.base/java.io.ObjectInputStream.readObject(ObjectInputStream.java:489)
	at java.base/java.io.ObjectInputStream.readObject(ObjectInputStream.java:447)
	at java.rmi/sun.rmi.server.UnicastRef.unmarshalValue(UnicastRef.java:327)
	at java.rmi/sun.rmi.server.UnicastServerRef.dispatch(UnicastServerRef.java:339)
	... 12 common frames omitted
Caused by: java.lang.IllegalArgumentException: expect to get instruction without BasicBlock already set
	at org.evosuite.graphs.cfg.BasicBlock.appendInstruction(BasicBlock.java:225)
	at org.evosuite.graphs.cfg.BasicBlock.setInstructions(BasicBlock.java:206)
	at org.evosuite.graphs.cfg.BasicBlock.<init>(BasicBlock.java:106)
	at org.evosuite.graphs.cfg.RawControlFlowGraph.determineBasicBlockFor(RawControlFlowGraph.java:314)
	at org.evosuite.graphs.cfg.ActualControlFlowGraph.computeNodes(ActualControlFlowGraph.java:295)
	at org.evosuite.graphs.cfg.ActualControlFlowGraph.computeGraph(ActualControlFlowGraph.java:262)
	at org.evosuite.graphs.cfg.ActualControlFlowGraph.<init>(ActualControlFlowGraph.java:97)
	at org.evosuite.graphs.cfg.CFGGenerator.computeActualCFG(CFGGenerator.java:218)
	at org.evosuite.graphs.cfg.CFGGenerator.registerCFGs(CFGGenerator.java:102)
	at org.evosuite.graphs.cfg.CFGMethodAdapter.visitEnd(CFGMethodAdapter.java:219)
	at org.evosuite.shaded.org.objectweb.asm.MethodVisitor.visitEnd(MethodVisitor.java:783)
	at org.evosuite.shaded.org.objectweb.asm.MethodVisitor.visitEnd(MethodVisitor.java:783)
	at org.evosuite.shaded.org.objectweb.asm.MethodVisitor.visitEnd(MethodVisitor.java:783)
	at org.evosuite.shaded.org.objectweb.asm.tree.MethodNode.accept(MethodNode.java:772)
	at org.evosuite.shaded.org.objectweb.asm.tree.MethodNode.accept(MethodNode.java:649)
	at org.evosuite.shaded.org.objectweb.asm.tree.ClassNode.accept(ClassNode.java:452)
	at org.evosuite.instrumentation.BytecodeInstrumentation.transformBytes(BytecodeInstrumentation.java:282)
	at org.evosuite.instrumentation.InstrumentingClassLoader.getTransformedBytes(InstrumentingClassLoader.java:135)
	at org.evosuite.instrumentation.InstrumentingClassLoader.instrumentClass(InstrumentingClassLoader.java:149)
	... 77 common frames omitted
[Progress:==========================>   89%] [Cov:===================>               55%][Progress:===========================>  90%] [Cov:==================>                54%][Progress:===========================>  90%] [Cov:===================>               55%][Progress:===========================>  90%] [Cov:===================>               55%][Progress:===========================>  93%] [Cov:===================>               55%][MASTER] 12:36:38.605 [logback-1] WARN  ClientNodeImpl - Cannot send statistics to master; continuing without statistics
java.rmi.ServerException: RemoteException occurred in server thread; nested exception is: 
	java.rmi.UnmarshalException: error unmarshalling arguments; nested exception is: 
	java.lang.ClassNotFoundException: expect to get instruction without BasicBlock already set
	at java.rmi/sun.rmi.server.UnicastServerRef.dispatch(UnicastServerRef.java:391)
	at java.rmi/sun.rmi.transport.Transport$1.run(Transport.java:200)
	at java.rmi/sun.rmi.transport.Transport$1.run(Transport.java:197)
	at java.base/java.security.AccessController.doPrivileged(Native Method)
	at java.rmi/sun.rmi.transport.Transport.serviceCall(Transport.java:196)
	at java.rmi/sun.rmi.transport.tcp.TCPTransport.handleMessages(TCPTransport.java:562)
	at java.rmi/sun.rmi.transport.tcp.TCPTransport$ConnectionHandler.run0(TCPTransport.java:796)
	at java.rmi/sun.rmi.transport.tcp.TCPTransport$ConnectionHandler.lambda$run$0(TCPTransport.java:677)
	at java.base/java.security.AccessController.doPrivileged(Native Method)
	at java.rmi/sun.rmi.transport.tcp.TCPTransport$ConnectionHandler.run(TCPTransport.java:676)
	at java.base/java.util.concurrent.ThreadPoolExecutor.runWorker(ThreadPoolExecutor.java:1128)
	at java.base/java.util.concurrent.ThreadPoolExecutor$Worker.run(ThreadPoolExecutor.java:628)
	at java.base/java.lang.Thread.run(Thread.java:829)
	at java.rmi/sun.rmi.transport.StreamRemoteCall.exceptionReceivedFromServer(StreamRemoteCall.java:303)
	at java.rmi/sun.rmi.transport.StreamRemoteCall.executeCall(StreamRemoteCall.java:279)
	at java.rmi/sun.rmi.server.UnicastRef.invoke(UnicastRef.java:164)
	at java.rmi/java.rmi.server.RemoteObjectInvocationHandler.invokeRemoteMethod(RemoteObjectInvocationHandler.java:217)
	at java.rmi/java.rmi.server.RemoteObjectInvocationHandler.invoke(RemoteObjectInvocationHandler.java:162)
	at com.sun.proxy.$Proxy7.evosuite_collectStatistics(Unknown Source)
	at org.evosuite.rmi.service.ClientNodeImpl.updateStatistics(ClientNodeImpl.java:251)
	at org.evosuite.statistics.StatisticsSender.sendIndividualToMaster(StatisticsSender.java:62)
	at org.evosuite.statistics.StatisticsListener.lambda$new$0(StatisticsListener.java:76)
	at java.base/java.lang.Thread.run(Thread.java:829)
Caused by: java.rmi.UnmarshalException: error unmarshalling arguments; nested exception is: 
	java.lang.ClassNotFoundException: expect to get instruction without BasicBlock already set
	at java.rmi/sun.rmi.server.UnicastServerRef.dispatch(UnicastServerRef.java:350)
	at java.rmi/sun.rmi.transport.Transport$1.run(Transport.java:200)
	at java.rmi/sun.rmi.transport.Transport$1.run(Transport.java:197)
	at java.base/java.security.AccessController.doPrivileged(Native Method)
	at java.rmi/sun.rmi.transport.Transport.serviceCall(Transport.java:196)
	at java.rmi/sun.rmi.transport.tcp.TCPTransport.handleMessages(TCPTransport.java:562)
	at java.rmi/sun.rmi.transport.tcp.TCPTransport$ConnectionHandler.run0(TCPTransport.java:796)
	at java.rmi/sun.rmi.transport.tcp.TCPTransport$ConnectionHandler.lambda$run$0(TCPTransport.java:677)
	at java.base/java.security.AccessController.doPrivileged(Native Method)
	at java.rmi/sun.rmi.transport.tcp.TCPTransport$ConnectionHandler.run(TCPTransport.java:676)
	at java.base/java.util.concurrent.ThreadPoolExecutor.runWorker(ThreadPoolExecutor.java:1128)
	at java.base/java.util.concurrent.ThreadPoolExecutor$Worker.run(ThreadPoolExecutor.java:628)
	... 1 common frames omitted
Caused by: java.lang.ClassNotFoundException: expect to get instruction without BasicBlock already set
	at org.evosuite.instrumentation.InstrumentingClassLoader.instrumentClass(InstrumentingClassLoader.java:158)
	at org.evosuite.instrumentation.InstrumentingClassLoader.loadClass(InstrumentingClassLoader.java:126)
	at org.evosuite.utils.generic.GenericClassImpl.getClass(GenericClassImpl.java:139)
	at org.evosuite.utils.generic.GenericClassImpl.getClass(GenericClassImpl.java:105)
	at org.evosuite.utils.generic.GenericClassImpl.readObject(GenericClassImpl.java:1671)
	at jdk.internal.reflect.GeneratedMethodAccessor9.invoke(Unknown Source)
	at java.base/jdk.internal.reflect.DelegatingMethodAccessorImpl.invoke(DelegatingMethodAccessorImpl.java:43)
	at java.base/java.lang.reflect.Method.invoke(Method.java:566)
	at java.base/java.io.ObjectStreamClass.invokeReadObject(ObjectStreamClass.java:1046)
	at java.base/java.io.ObjectInputStream.readSerialData(ObjectInputStream.java:2357)
	at java.base/java.io.ObjectInputStream.readOrdinaryObject(ObjectInputStream.java:2228)
	at java.base/java.io.ObjectInputStream.readObject0(ObjectInputStream.java:1687)
	at java.base/java.io.ObjectInputStream.defaultReadFields(ObjectInputStream.java:2496)
	at java.base/java.io.ObjectInputStream.readSerialData(ObjectInputStream.java:2390)
	at java.base/java.io.ObjectInputStream.readOrdinaryObject(ObjectInputStream.java:2228)
	at java.base/java.io.ObjectInputStream.readObject0(ObjectInputStream.java:1687)
	at java.base/java.io.ObjectInputStream.defaultReadFields(ObjectInputStream.java:2496)
	at java.base/java.io.ObjectInputStream.readSerialData(ObjectInputStream.java:2390)
	at java.base/java.io.ObjectInputStream.readOrdinaryObject(ObjectInputStream.java:2228)
	at java.base/java.io.ObjectInputStream.readObject0(ObjectInputStream.java:1687)
	at java.base/java.io.ObjectInputStream.readObject(ObjectInputStream.java:489)
	at java.base/java.io.ObjectInputStream.readObject(ObjectInputStream.java:447)
	at java.base/java.util.ArrayList.readObject(ArrayList.java:929)
	at java.base/jdk.internal.reflect.GeneratedMethodAccessor7.invoke(Unknown Source)
	at java.base/jdk.internal.reflect.DelegatingMethodAccessorImpl.invoke(DelegatingMethodAccessorImpl.java:43)
	at java.base/java.lang.reflect.Method.invoke(Method.java:566)
	at java.base/java.io.ObjectStreamClass.invokeReadObject(ObjectStreamClass.java:1046)
	at java.base/java.io.ObjectInputStream.readSerialData(ObjectInputStream.java:2357)
	at java.base/java.io.ObjectInputStream.readOrdinaryObject(ObjectInputStream.java:2228)
	at java.base/java.io.ObjectInputStream.readObject0(ObjectInputStream.java:1687)
	at java.base/java.io.ObjectInputStream.defaultReadFields(ObjectInputStream.java:2496)
	at java.base/java.io.ObjectInputStream.readSerialData(ObjectInputStream.java:2390)
	at java.base/java.io.ObjectInputStream.readOrdinaryObject(ObjectInputStream.java:2228)
	at java.base/java.io.ObjectInputStream.readObject0(ObjectInputStream.java:1687)
	at java.base/java.io.ObjectInputStream.defaultReadFields(ObjectInputStream.java:2496)
	at java.base/java.io.ObjectInputStream.defaultReadObject(ObjectInputStream.java:625)
	at org.evosuite.testcase.DefaultTestCase.readObject(DefaultTestCase.java:1217)
	at jdk.internal.reflect.GeneratedMethodAccessor15.invoke(Unknown Source)
	at java.base/jdk.internal.reflect.DelegatingMethodAccessorImpl.invoke(DelegatingMethodAccessorImpl.java:43)
	at java.base/java.lang.reflect.Method.invoke(Method.java:566)
	at java.base/java.io.ObjectStreamClass.invokeReadObject(ObjectStreamClass.java:1046)
	at java.base/java.io.ObjectInputStream.readSerialData(ObjectInputStream.java:2357)
	at java.base/java.io.ObjectInputStream.readOrdinaryObject(ObjectInputStream.java:2228)
	at java.base/java.io.ObjectInputStream.readObject0(ObjectInputStream.java:1687)
	at java.base/java.io.ObjectInputStream.defaultReadFields(ObjectInputStream.java:2496)
	at java.base/java.io.ObjectInputStream.readSerialData(ObjectInputStream.java:2390)
	at java.base/java.io.ObjectInputStream.readOrdinaryObject(ObjectInputStream.java:2228)
	at java.base/java.io.ObjectInputStream.readObject0(ObjectInputStream.java:1687)
	at java.base/java.io.ObjectInputStream.readObject(ObjectInputStream.java:489)
	at java.base/java.io.ObjectInputStream.readObject(ObjectInputStream.java:447)
	at java.base/java.util.ArrayList.readObject(ArrayList.java:929)
	at java.base/jdk.internal.reflect.GeneratedMethodAccessor7.invoke(Unknown Source)
	at java.base/jdk.internal.reflect.DelegatingMethodAccessorImpl.invoke(DelegatingMethodAccessorImpl.java:43)
	at java.base/java.lang.reflect.Method.invoke(Method.java:566)
	at java.base/java.io.ObjectStreamClass.invokeReadObject(ObjectStreamClass.java:1046)
	at java.base/java.io.ObjectInputStream.readSerialData(ObjectInputStream.java:2357)
	at java.base/java.io.ObjectInputStream.readOrdinaryObject(ObjectInputStream.java:2228)
	at java.base/java.io.ObjectInputStream.readObject0(ObjectInputStream.java:1687)
	at java.base/java.io.ObjectInputStream.defaultReadFields(ObjectInputStream.java:2496)
	at java.base/java.io.ObjectInputStream.readSerialData(ObjectInputStream.java:2390)
	at java.base/java.io.ObjectInputStream.readOrdinaryObject(ObjectInputStream.java:2228)
	at java.base/java.io.ObjectInputStream.readObject0(ObjectInputStream.java:1687)
	at java.base/java.io.ObjectInputStream.readObject(ObjectInputStream.java:489)
	at java.base/java.io.ObjectInputStream.readObject(ObjectInputStream.java:447)
	at java.rmi/sun.rmi.server.UnicastRef.unmarshalValue(UnicastRef.java:327)
	at java.rmi/sun.rmi.server.UnicastServerRef.dispatch(UnicastServerRef.java:339)
	... 12 common frames omitted
Caused by: java.lang.IllegalArgumentException: expect to get instruction without BasicBlock already set
	at org.evosuite.graphs.cfg.BasicBlock.appendInstruction(BasicBlock.java:225)
	at org.evosuite.graphs.cfg.BasicBlock.setInstructions(BasicBlock.java:206)
	at org.evosuite.graphs.cfg.BasicBlock.<init>(BasicBlock.java:106)
	at org.evosuite.graphs.cfg.RawControlFlowGraph.determineBasicBlockFor(RawControlFlowGraph.java:314)
	at org.evosuite.graphs.cfg.ActualControlFlowGraph.computeNodes(ActualControlFlowGraph.java:295)
	at org.evosuite.graphs.cfg.ActualControlFlowGraph.computeGraph(ActualControlFlowGraph.java:262)
	at org.evosuite.graphs.cfg.ActualControlFlowGraph.<init>(ActualControlFlowGraph.java:97)
	at org.evosuite.graphs.cfg.CFGGenerator.computeActualCFG(CFGGenerator.java:218)
	at org.evosuite.graphs.cfg.CFGGenerator.registerCFGs(CFGGenerator.java:102)
	at org.evosuite.graphs.cfg.CFGMethodAdapter.visitEnd(CFGMethodAdapter.java:219)
	at org.evosuite.shaded.org.objectweb.asm.MethodVisitor.visitEnd(MethodVisitor.java:783)
	at org.evosuite.shaded.org.objectweb.asm.MethodVisitor.visitEnd(MethodVisitor.java:783)
	at org.evosuite.shaded.org.objectweb.asm.MethodVisitor.visitEnd(MethodVisitor.java:783)
	at org.evosuite.shaded.org.objectweb.asm.tree.MethodNode.accept(MethodNode.java:772)
	at org.evosuite.shaded.org.objectweb.asm.tree.MethodNode.accept(MethodNode.java:649)
	at org.evosuite.shaded.org.objectweb.asm.tree.ClassNode.accept(ClassNode.java:452)
	at org.evosuite.instrumentation.BytecodeInstrumentation.transformBytes(BytecodeInstrumentation.java:282)
	at org.evosuite.instrumentation.InstrumentingClassLoader.getTransformedBytes(InstrumentingClassLoader.java:135)
	at org.evosuite.instrumentation.InstrumentingClassLoader.instrumentClass(InstrumentingClassLoader.java:149)
	... 77 common frames omitted
[Progress:============================> 94%] [Cov:==================>                54%][Progress:============================> 94%] [Cov:===================>               55%][Progress:============================> 95%] [Cov:==================>                54%][Progress:============================> 95%] [Cov:===================>               55%][Progress:============================> 95%] [Cov:===================>               55%][Progress:============================> 95%] [Cov:===================>               56%][Progress:============================> 96%] [Cov:===================>               55%][MASTER] 12:36:42.107 [logback-1] WARN  ClientNodeImpl - Cannot send statistics to master; continuing without statistics
java.rmi.ServerException: RemoteException occurred in server thread; nested exception is: 
	java.rmi.UnmarshalException: error unmarshalling arguments; nested exception is: 
	java.lang.ClassNotFoundException: expect to get instruction without BasicBlock already set
	at java.rmi/sun.rmi.server.UnicastServerRef.dispatch(UnicastServerRef.java:391)
	at java.rmi/sun.rmi.transport.Transport$1.run(Transport.java:200)
	at java.rmi/sun.rmi.transport.Transport$1.run(Transport.java:197)
	at java.base/java.security.AccessController.doPrivileged(Native Method)
	at java.rmi/sun.rmi.transport.Transport.serviceCall(Transport.java:196)
	at java.rmi/sun.rmi.transport.tcp.TCPTransport.handleMessages(TCPTransport.java:562)
	at java.rmi/sun.rmi.transport.tcp.TCPTransport$ConnectionHandler.run0(TCPTransport.java:796)
	at java.rmi/sun.rmi.transport.tcp.TCPTransport$ConnectionHandler.lambda$run$0(TCPTransport.java:677)
	at java.base/java.security.AccessController.doPrivileged(Native Method)
	at java.rmi/sun.rmi.transport.tcp.TCPTransport$ConnectionHandler.run(TCPTransport.java:676)
	at java.base/java.util.concurrent.ThreadPoolExecutor.runWorker(ThreadPoolExecutor.java:1128)
	at java.base/java.util.concurrent.ThreadPoolExecutor$Worker.run(ThreadPoolExecutor.java:628)
	at java.base/java.lang.Thread.run(Thread.java:829)
	at java.rmi/sun.rmi.transport.StreamRemoteCall.exceptionReceivedFromServer(StreamRemoteCall.java:303)
	at java.rmi/sun.rmi.transport.StreamRemoteCall.executeCall(StreamRemoteCall.java:279)
	at java.rmi/sun.rmi.server.UnicastRef.invoke(UnicastRef.java:164)
	at java.rmi/java.rmi.server.RemoteObjectInvocationHandler.invokeRemoteMethod(RemoteObjectInvocationHandler.java:217)
	at java.rmi/java.rmi.server.RemoteObjectInvocationHandler.invoke(RemoteObjectInvocationHandler.java:162)
	at com.sun.proxy.$Proxy7.evosuite_collectStatistics(Unknown Source)
	at org.evosuite.rmi.service.ClientNodeImpl.updateStatistics(ClientNodeImpl.java:251)
	at org.evosuite.statistics.StatisticsSender.sendIndividualToMaster(StatisticsSender.java:62)
	at org.evosuite.statistics.StatisticsListener.lambda$new$0(StatisticsListener.java:76)
	at java.base/java.lang.Thread.run(Thread.java:829)
Caused by: java.rmi.UnmarshalException: error unmarshalling arguments; nested exception is: 
	java.lang.ClassNotFoundException: expect to get instruction without BasicBlock already set
	at java.rmi/sun.rmi.server.UnicastServerRef.dispatch(UnicastServerRef.java:350)
	at java.rmi/sun.rmi.transport.Transport$1.run(Transport.java:200)
	at java.rmi/sun.rmi.transport.Transport$1.run(Transport.java:197)
	at java.base/java.security.AccessController.doPrivileged(Native Method)
	at java.rmi/sun.rmi.transport.Transport.serviceCall(Transport.java:196)
	at java.rmi/sun.rmi.transport.tcp.TCPTransport.handleMessages(TCPTransport.java:562)
	at java.rmi/sun.rmi.transport.tcp.TCPTransport$ConnectionHandler.run0(TCPTransport.java:796)
	at java.rmi/sun.rmi.transport.tcp.TCPTransport$ConnectionHandler.lambda$run$0(TCPTransport.java:677)
	at java.base/java.security.AccessController.doPrivileged(Native Method)
	at java.rmi/sun.rmi.transport.tcp.TCPTransport$ConnectionHandler.run(TCPTransport.java:676)
	at java.base/java.util.concurrent.ThreadPoolExecutor.runWorker(ThreadPoolExecutor.java:1128)
	at java.base/java.util.concurrent.ThreadPoolExecutor$Worker.run(ThreadPoolExecutor.java:628)
	... 1 common frames omitted
Caused by: java.lang.ClassNotFoundException: expect to get instruction without BasicBlock already set
	at org.evosuite.instrumentation.InstrumentingClassLoader.instrumentClass(InstrumentingClassLoader.java:158)
	at org.evosuite.instrumentation.InstrumentingClassLoader.loadClass(InstrumentingClassLoader.java:126)
	at org.evosuite.utils.generic.GenericClassImpl.getClass(GenericClassImpl.java:139)
	at org.evosuite.utils.generic.GenericClassImpl.getClass(GenericClassImpl.java:105)
	at org.evosuite.utils.generic.GenericClassImpl.readObject(GenericClassImpl.java:1671)
	at jdk.internal.reflect.GeneratedMethodAccessor9.invoke(Unknown Source)
	at java.base/jdk.internal.reflect.DelegatingMethodAccessorImpl.invoke(DelegatingMethodAccessorImpl.java:43)
	at java.base/java.lang.reflect.Method.invoke(Method.java:566)
	at java.base/java.io.ObjectStreamClass.invokeReadObject(ObjectStreamClass.java:1046)
	at java.base/java.io.ObjectInputStream.readSerialData(ObjectInputStream.java:2357)
	at java.base/java.io.ObjectInputStream.readOrdinaryObject(ObjectInputStream.java:2228)
	at java.base/java.io.ObjectInputStream.readObject0(ObjectInputStream.java:1687)
	at java.base/java.io.ObjectInputStream.defaultReadFields(ObjectInputStream.java:2496)
	at java.base/java.io.ObjectInputStream.readSerialData(ObjectInputStream.java:2390)
	at java.base/java.io.ObjectInputStream.readOrdinaryObject(ObjectInputStream.java:2228)
	at java.base/java.io.ObjectInputStream.readObject0(ObjectInputStream.java:1687)
	at java.base/java.io.ObjectInputStream.defaultReadFields(ObjectInputStream.java:2496)
	at java.base/java.io.ObjectInputStream.readSerialData(ObjectInputStream.java:2390)
	at java.base/java.io.ObjectInputStream.readOrdinaryObject(ObjectInputStream.java:2228)
	at java.base/java.io.ObjectInputStream.readObject0(ObjectInputStream.java:1687)
	at java.base/java.io.ObjectInputStream.readObject(ObjectInputStream.java:489)
	at java.base/java.io.ObjectInputStream.readObject(ObjectInputStream.java:447)
	at java.base/java.util.ArrayList.readObject(ArrayList.java:929)
	at java.base/jdk.internal.reflect.GeneratedMethodAccessor7.invoke(Unknown Source)
	at java.base/jdk.internal.reflect.DelegatingMethodAccessorImpl.invoke(DelegatingMethodAccessorImpl.java:43)
	at java.base/java.lang.reflect.Method.invoke(Method.java:566)
	at java.base/java.io.ObjectStreamClass.invokeReadObject(ObjectStreamClass.java:1046)
	at java.base/java.io.ObjectInputStream.readSerialData(ObjectInputStream.java:2357)
	at java.base/java.io.ObjectInputStream.readOrdinaryObject(ObjectInputStream.java:2228)
	at java.base/java.io.ObjectInputStream.readObject0(ObjectInputStream.java:1687)
	at java.base/java.io.ObjectInputStream.defaultReadFields(ObjectInputStream.java:2496)
	at java.base/java.io.ObjectInputStream.readSerialData(ObjectInputStream.java:2390)
	at java.base/java.io.ObjectInputStream.readOrdinaryObject(ObjectInputStream.java:2228)
	at java.base/java.io.ObjectInputStream.readObject0(ObjectInputStream.java:1687)
	at java.base/java.io.ObjectInputStream.defaultReadFields(ObjectInputStream.java:2496)
	at java.base/java.io.ObjectInputStream.defaultReadObject(ObjectInputStream.java:625)
	at org.evosuite.testcase.DefaultTestCase.readObject(DefaultTestCase.java:1217)
	at jdk.internal.reflect.GeneratedMethodAccessor15.invoke(Unknown Source)
	at java.base/jdk.internal.reflect.DelegatingMethodAccessorImpl.invoke(DelegatingMethodAccessorImpl.java:43)
	at java.base/java.lang.reflect.Method.invoke(Method.java:566)
	at java.base/java.io.ObjectStreamClass.invokeReadObject(ObjectStreamClass.java:1046)
	at java.base/java.io.ObjectInputStream.readSerialData(ObjectInputStream.java:2357)
	at java.base/java.io.ObjectInputStream.readOrdinaryObject(ObjectInputStream.java:2228)
	at java.base/java.io.ObjectInputStream.readObject0(ObjectInputStream.java:1687)
	at java.base/java.io.ObjectInputStream.defaultReadFields(ObjectInputStream.java:2496)
	at java.base/java.io.ObjectInputStream.readSerialData(ObjectInputStream.java:2390)
	at java.base/java.io.ObjectInputStream.readOrdinaryObject(ObjectInputStream.java:2228)
	at java.base/java.io.ObjectInputStream.readObject0(ObjectInputStream.java:1687)
	at java.base/java.io.ObjectInputStream.readObject(ObjectInputStream.java:489)
	at java.base/java.io.ObjectInputStream.readObject(ObjectInputStream.java:447)
	at java.base/java.util.ArrayList.readObject(ArrayList.java:929)
	at java.base/jdk.internal.reflect.GeneratedMethodAccessor7.invoke(Unknown Source)
	at java.base/jdk.internal.reflect.DelegatingMethodAccessorImpl.invoke(DelegatingMethodAccessorImpl.java:43)
	at java.base/java.lang.reflect.Method.invoke(Method.java:566)
	at java.base/java.io.ObjectStreamClass.invokeReadObject(ObjectStreamClass.java:1046)
	at java.base/java.io.ObjectInputStream.readSerialData(ObjectInputStream.java:2357)
	at java.base/java.io.ObjectInputStream.readOrdinaryObject(ObjectInputStream.java:2228)
	at java.base/java.io.ObjectInputStream.readObject0(ObjectInputStream.java:1687)
	at java.base/java.io.ObjectInputStream.defaultReadFields(ObjectInputStream.java:2496)
	at java.base/java.io.ObjectInputStream.readSerialData(ObjectInputStream.java:2390)
	at java.base/java.io.ObjectInputStream.readOrdinaryObject(ObjectInputStream.java:2228)
	at java.base/java.io.ObjectInputStream.readObject0(ObjectInputStream.java:1687)
	at java.base/java.io.ObjectInputStream.readObject(ObjectInputStream.java:489)
	at java.base/java.io.ObjectInputStream.readObject(ObjectInputStream.java:447)
	at java.rmi/sun.rmi.server.UnicastRef.unmarshalValue(UnicastRef.java:327)
	at java.rmi/sun.rmi.server.UnicastServerRef.dispatch(UnicastServerRef.java:339)
	... 12 common frames omitted
Caused by: java.lang.IllegalArgumentException: expect to get instruction without BasicBlock already set
	at org.evosuite.graphs.cfg.BasicBlock.appendInstruction(BasicBlock.java:225)
	at org.evosuite.graphs.cfg.BasicBlock.setInstructions(BasicBlock.java:206)
	at org.evosuite.graphs.cfg.BasicBlock.<init>(BasicBlock.java:106)
	at org.evosuite.graphs.cfg.RawControlFlowGraph.determineBasicBlockFor(RawControlFlowGraph.java:314)
	at org.evosuite.graphs.cfg.ActualControlFlowGraph.computeNodes(ActualControlFlowGraph.java:295)
	at org.evosuite.graphs.cfg.ActualControlFlowGraph.computeGraph(ActualControlFlowGraph.java:262)
	at org.evosuite.graphs.cfg.ActualControlFlowGraph.<init>(ActualControlFlowGraph.java:97)
	at org.evosuite.graphs.cfg.CFGGenerator.computeActualCFG(CFGGenerator.java:218)
	at org.evosuite.graphs.cfg.CFGGenerator.registerCFGs(CFGGenerator.java:102)
	at org.evosuite.graphs.cfg.CFGMethodAdapter.visitEnd(CFGMethodAdapter.java:219)
	at org.evosuite.shaded.org.objectweb.asm.MethodVisitor.visitEnd(MethodVisitor.java:783)
	at org.evosuite.shaded.org.objectweb.asm.MethodVisitor.visitEnd(MethodVisitor.java:783)
	at org.evosuite.shaded.org.objectweb.asm.MethodVisitor.visitEnd(MethodVisitor.java:783)
	at org.evosuite.shaded.org.objectweb.asm.tree.MethodNode.accept(MethodNode.java:772)
	at org.evosuite.shaded.org.objectweb.asm.tree.MethodNode.accept(MethodNode.java:649)
	at org.evosuite.shaded.org.objectweb.asm.tree.ClassNode.accept(ClassNode.java:452)
	at org.evosuite.instrumentation.BytecodeInstrumentation.transformBytes(BytecodeInstrumentation.java:282)
	at org.evosuite.instrumentation.InstrumentingClassLoader.getTransformedBytes(InstrumentingClassLoader.java:135)
	at org.evosuite.instrumentation.InstrumentingClassLoader.instrumentClass(InstrumentingClassLoader.java:149)
	... 77 common frames omitted
[Progress:=============================>97%] [Cov:==================>                54%][Progress:=============================>97%] [Cov:===================>               55%][Progress:=============================>97%] [Cov:===================>               55%][Progress:=============================>98%] [Cov:===================>               55%][Progress:=============================>99%] [Cov:===================>               55%][MASTER] 12:36:45.474 [logback-1] WARN  ClientNodeImpl - Cannot send statistics to master; continuing without statistics
java.rmi.ServerException: RemoteException occurred in server thread; nested exception is: 
	java.rmi.UnmarshalException: error unmarshalling arguments; nested exception is: 
	java.lang.ClassNotFoundException: expect to get instruction without BasicBlock already set
	at java.rmi/sun.rmi.server.UnicastServerRef.dispatch(UnicastServerRef.java:391)
	at java.rmi/sun.rmi.transport.Transport$1.run(Transport.java:200)
	at java.rmi/sun.rmi.transport.Transport$1.run(Transport.java:197)
	at java.base/java.security.AccessController.doPrivileged(Native Method)
	at java.rmi/sun.rmi.transport.Transport.serviceCall(Transport.java:196)
	at java.rmi/sun.rmi.transport.tcp.TCPTransport.handleMessages(TCPTransport.java:562)
	at java.rmi/sun.rmi.transport.tcp.TCPTransport$ConnectionHandler.run0(TCPTransport.java:796)
	at java.rmi/sun.rmi.transport.tcp.TCPTransport$ConnectionHandler.lambda$run$0(TCPTransport.java:677)
	at java.base/java.security.AccessController.doPrivileged(Native Method)
	at java.rmi/sun.rmi.transport.tcp.TCPTransport$ConnectionHandler.run(TCPTransport.java:676)
	at java.base/java.util.concurrent.ThreadPoolExecutor.runWorker(ThreadPoolExecutor.java:1128)
	at java.base/java.util.concurrent.ThreadPoolExecutor$Worker.run(ThreadPoolExecutor.java:628)
	at java.base/java.lang.Thread.run(Thread.java:829)
	at java.rmi/sun.rmi.transport.StreamRemoteCall.exceptionReceivedFromServer(StreamRemoteCall.java:303)
	at java.rmi/sun.rmi.transport.StreamRemoteCall.executeCall(StreamRemoteCall.java:279)
	at java.rmi/sun.rmi.server.UnicastRef.invoke(UnicastRef.java:164)
	at java.rmi/java.rmi.server.RemoteObjectInvocationHandler.invokeRemoteMethod(RemoteObjectInvocationHandler.java:217)
	at java.rmi/java.rmi.server.RemoteObjectInvocationHandler.invoke(RemoteObjectInvocationHandler.java:162)
	at com.sun.proxy.$Proxy7.evosuite_collectStatistics(Unknown Source)
	at org.evosuite.rmi.service.ClientNodeImpl.updateStatistics(ClientNodeImpl.java:251)
	at org.evosuite.statistics.StatisticsSender.sendIndividualToMaster(StatisticsSender.java:62)
	at org.evosuite.statistics.StatisticsListener.lambda$new$0(StatisticsListener.java:76)
	at java.base/java.lang.Thread.run(Thread.java:829)
Caused by: java.rmi.UnmarshalException: error unmarshalling arguments; nested exception is: 
	java.lang.ClassNotFoundException: expect to get instruction without BasicBlock already set
	at java.rmi/sun.rmi.server.UnicastServerRef.dispatch(UnicastServerRef.java:350)
	at java.rmi/sun.rmi.transport.Transport$1.run(Transport.java:200)
	at java.rmi/sun.rmi.transport.Transport$1.run(Transport.java:197)
	at java.base/java.security.AccessController.doPrivileged(Native Method)
	at java.rmi/sun.rmi.transport.Transport.serviceCall(Transport.java:196)
	at java.rmi/sun.rmi.transport.tcp.TCPTransport.handleMessages(TCPTransport.java:562)
	at java.rmi/sun.rmi.transport.tcp.TCPTransport$ConnectionHandler.run0(TCPTransport.java:796)
	at java.rmi/sun.rmi.transport.tcp.TCPTransport$ConnectionHandler.lambda$run$0(TCPTransport.java:677)
	at java.base/java.security.AccessController.doPrivileged(Native Method)
	at java.rmi/sun.rmi.transport.tcp.TCPTransport$ConnectionHandler.run(TCPTransport.java:676)
	at java.base/java.util.concurrent.ThreadPoolExecutor.runWorker(ThreadPoolExecutor.java:1128)
	at java.base/java.util.concurrent.ThreadPoolExecutor$Worker.run(ThreadPoolExecutor.java:628)
	... 1 common frames omitted
Caused by: java.lang.ClassNotFoundException: expect to get instruction without BasicBlock already set
	at org.evosuite.instrumentation.InstrumentingClassLoader.instrumentClass(InstrumentingClassLoader.java:158)
	at org.evosuite.instrumentation.InstrumentingClassLoader.loadClass(InstrumentingClassLoader.java:126)
	at org.evosuite.utils.generic.GenericClassImpl.getClass(GenericClassImpl.java:139)
	at org.evosuite.utils.generic.GenericClassImpl.getClass(GenericClassImpl.java:105)
	at org.evosuite.utils.generic.GenericClassImpl.readObject(GenericClassImpl.java:1671)
	at jdk.internal.reflect.GeneratedMethodAccessor9.invoke(Unknown Source)
	at java.base/jdk.internal.reflect.DelegatingMethodAccessorImpl.invoke(DelegatingMethodAccessorImpl.java:43)
	at java.base/java.lang.reflect.Method.invoke(Method.java:566)
	at java.base/java.io.ObjectStreamClass.invokeReadObject(ObjectStreamClass.java:1046)
	at java.base/java.io.ObjectInputStream.readSerialData(ObjectInputStream.java:2357)
	at java.base/java.io.ObjectInputStream.readOrdinaryObject(ObjectInputStream.java:2228)
	at java.base/java.io.ObjectInputStream.readObject0(ObjectInputStream.java:1687)
	at java.base/java.io.ObjectInputStream.defaultReadFields(ObjectInputStream.java:2496)
	at java.base/java.io.ObjectInputStream.readSerialData(ObjectInputStream.java:2390)
	at java.base/java.io.ObjectInputStream.readOrdinaryObject(ObjectInputStream.java:2228)
	at java.base/java.io.ObjectInputStream.readObject0(ObjectInputStream.java:1687)
	at java.base/java.io.ObjectInputStream.defaultReadFields(ObjectInputStream.java:2496)
	at java.base/java.io.ObjectInputStream.readSerialData(ObjectInputStream.java:2390)
	at java.base/java.io.ObjectInputStream.readOrdinaryObject(ObjectInputStream.java:2228)
	at java.base/java.io.ObjectInputStream.readObject0(ObjectInputStream.java:1687)
	at java.base/java.io.ObjectInputStream.readObject(ObjectInputStream.java:489)
	at java.base/java.io.ObjectInputStream.readObject(ObjectInputStream.java:447)
	at java.base/java.util.ArrayList.readObject(ArrayList.java:929)
	at java.base/jdk.internal.reflect.GeneratedMethodAccessor7.invoke(Unknown Source)
	at java.base/jdk.internal.reflect.DelegatingMethodAccessorImpl.invoke(DelegatingMethodAccessorImpl.java:43)
	at java.base/java.lang.reflect.Method.invoke(Method.java:566)
	at java.base/java.io.ObjectStreamClass.invokeReadObject(ObjectStreamClass.java:1046)
	at java.base/java.io.ObjectInputStream.readSerialData(ObjectInputStream.java:2357)
	at java.base/java.io.ObjectInputStream.readOrdinaryObject(ObjectInputStream.java:2228)
	at java.base/java.io.ObjectInputStream.readObject0(ObjectInputStream.java:1687)
	at java.base/java.io.ObjectInputStream.defaultReadFields(ObjectInputStream.java:2496)
	at java.base/java.io.ObjectInputStream.readSerialData(ObjectInputStream.java:2390)
	at java.base/java.io.ObjectInputStream.readOrdinaryObject(ObjectInputStream.java:2228)
	at java.base/java.io.ObjectInputStream.readObject0(ObjectInputStream.java:1687)
	at java.base/java.io.ObjectInputStream.defaultReadFields(ObjectInputStream.java:2496)
	at java.base/java.io.ObjectInputStream.defaultReadObject(ObjectInputStream.java:625)
	at org.evosuite.testcase.DefaultTestCase.readObject(DefaultTestCase.java:1217)
	at jdk.internal.reflect.GeneratedMethodAccessor15.invoke(Unknown Source)
	at java.base/jdk.internal.reflect.DelegatingMethodAccessorImpl.invoke(DelegatingMethodAccessorImpl.java:43)
	at java.base/java.lang.reflect.Method.invoke(Method.java:566)
	at java.base/java.io.ObjectStreamClass.invokeReadObject(ObjectStreamClass.java:1046)
	at java.base/java.io.ObjectInputStream.readSerialData(ObjectInputStream.java:2357)
	at java.base/java.io.ObjectInputStream.readOrdinaryObject(ObjectInputStream.java:2228)
	at java.base/java.io.ObjectInputStream.readObject0(ObjectInputStream.java:1687)
	at java.base/java.io.ObjectInputStream.defaultReadFields(ObjectInputStream.java:2496)
	at java.base/java.io.ObjectInputStream.readSerialData(ObjectInputStream.java:2390)
	at java.base/java.io.ObjectInputStream.readOrdinaryObject(ObjectInputStream.java:2228)
	at java.base/java.io.ObjectInputStream.readObject0(ObjectInputStream.java:1687)
	at java.base/java.io.ObjectInputStream.readObject(ObjectInputStream.java:489)
	at java.base/java.io.ObjectInputStream.readObject(ObjectInputStream.java:447)
	at java.base/java.util.ArrayList.readObject(ArrayList.java:929)
	at java.base/jdk.internal.reflect.GeneratedMethodAccessor7.invoke(Unknown Source)
	at java.base/jdk.internal.reflect.DelegatingMethodAccessorImpl.invoke(DelegatingMethodAccessorImpl.java:43)
	at java.base/java.lang.reflect.Method.invoke(Method.java:566)
	at java.base/java.io.ObjectStreamClass.invokeReadObject(ObjectStreamClass.java:1046)
	at java.base/java.io.ObjectInputStream.readSerialData(ObjectInputStream.java:2357)
	at java.base/java.io.ObjectInputStream.readOrdinaryObject(ObjectInputStream.java:2228)
	at java.base/java.io.ObjectInputStream.readObject0(ObjectInputStream.java:1687)
	at java.base/java.io.ObjectInputStream.defaultReadFields(ObjectInputStream.java:2496)
	at java.base/java.io.ObjectInputStream.readSerialData(ObjectInputStream.java:2390)
	at java.base/java.io.ObjectInputStream.readOrdinaryObject(ObjectInputStream.java:2228)
	at java.base/java.io.ObjectInputStream.readObject0(ObjectInputStream.java:1687)
	at java.base/java.io.ObjectInputStream.readObject(ObjectInputStream.java:489)
	at java.base/java.io.ObjectInputStream.readObject(ObjectInputStream.java:447)
	at java.rmi/sun.rmi.server.UnicastRef.unmarshalValue(UnicastRef.java:327)
	at java.rmi/sun.rmi.server.UnicastServerRef.dispatch(UnicastServerRef.java:339)
	... 12 common frames omitted
Caused by: java.lang.IllegalArgumentException: expect to get instruction without BasicBlock already set
	at org.evosuite.graphs.cfg.BasicBlock.appendInstruction(BasicBlock.java:225)
	at org.evosuite.graphs.cfg.BasicBlock.setInstructions(BasicBlock.java:206)
	at org.evosuite.graphs.cfg.BasicBlock.<init>(BasicBlock.java:106)
	at org.evosuite.graphs.cfg.RawControlFlowGraph.determineBasicBlockFor(RawControlFlowGraph.java:314)
	at org.evosuite.graphs.cfg.ActualControlFlowGraph.computeNodes(ActualControlFlowGraph.java:295)
	at org.evosuite.graphs.cfg.ActualControlFlowGraph.computeGraph(ActualControlFlowGraph.java:262)
	at org.evosuite.graphs.cfg.ActualControlFlowGraph.<init>(ActualControlFlowGraph.java:97)
	at org.evosuite.graphs.cfg.CFGGenerator.computeActualCFG(CFGGenerator.java:218)
	at org.evosuite.graphs.cfg.CFGGenerator.registerCFGs(CFGGenerator.java:102)
	at org.evosuite.graphs.cfg.CFGMethodAdapter.visitEnd(CFGMethodAdapter.java:219)
	at org.evosuite.shaded.org.objectweb.asm.MethodVisitor.visitEnd(MethodVisitor.java:783)
	at org.evosuite.shaded.org.objectweb.asm.MethodVisitor.visitEnd(MethodVisitor.java:783)
	at org.evosuite.shaded.org.objectweb.asm.MethodVisitor.visitEnd(MethodVisitor.java:783)
	at org.evosuite.shaded.org.objectweb.asm.tree.MethodNode.accept(MethodNode.java:772)
	at org.evosuite.shaded.org.objectweb.asm.tree.MethodNode.accept(MethodNode.java:649)
	at org.evosuite.shaded.org.objectweb.asm.tree.ClassNode.accept(ClassNode.java:452)
	at org.evosuite.instrumentation.BytecodeInstrumentation.transformBytes(BytecodeInstrumentation.java:282)
	at org.evosuite.instrumentation.InstrumentingClassLoader.getTransformedBytes(InstrumentingClassLoader.java:135)
	at org.evosuite.instrumentation.InstrumentingClassLoader.instrumentClass(InstrumentingClassLoader.java:149)
	... 77 common frames omitted
[Progress:==============================100%] [Cov:==================>                54%][Progress:==============================100%] [Cov:===================>               55%][Progress:==============================100%] [Cov:===================>               56%][Progress:==============================100%] [Cov:===================>               56%][Progress:==============================100%] [Cov:===================>               56%][MASTER] 12:36:48.549 [logback-1] WARN  ClientNodeImpl - Cannot send statistics to master; continuing without statistics
java.rmi.ServerException: RemoteException occurred in server thread; nested exception is: 
	java.rmi.UnmarshalException: error unmarshalling arguments; nested exception is: 
	java.lang.ClassNotFoundException: expect to get instruction without BasicBlock already set
	at java.rmi/sun.rmi.server.UnicastServerRef.dispatch(UnicastServerRef.java:391)
	at java.rmi/sun.rmi.transport.Transport$1.run(Transport.java:200)
	at java.rmi/sun.rmi.transport.Transport$1.run(Transport.java:197)
	at java.base/java.security.AccessController.doPrivileged(Native Method)
	at java.rmi/sun.rmi.transport.Transport.serviceCall(Transport.java:196)
	at java.rmi/sun.rmi.transport.tcp.TCPTransport.handleMessages(TCPTransport.java:562)
	at java.rmi/sun.rmi.transport.tcp.TCPTransport$ConnectionHandler.run0(TCPTransport.java:796)
	at java.rmi/sun.rmi.transport.tcp.TCPTransport$ConnectionHandler.lambda$run$0(TCPTransport.java:677)
	at java.base/java.security.AccessController.doPrivileged(Native Method)
	at java.rmi/sun.rmi.transport.tcp.TCPTransport$ConnectionHandler.run(TCPTransport.java:676)
	at java.base/java.util.concurrent.ThreadPoolExecutor.runWorker(ThreadPoolExecutor.java:1128)
	at java.base/java.util.concurrent.ThreadPoolExecutor$Worker.run(ThreadPoolExecutor.java:628)
	at java.base/java.lang.Thread.run(Thread.java:829)
	at java.rmi/sun.rmi.transport.StreamRemoteCall.exceptionReceivedFromServer(StreamRemoteCall.java:303)
	at java.rmi/sun.rmi.transport.StreamRemoteCall.executeCall(StreamRemoteCall.java:279)
	at java.rmi/sun.rmi.server.UnicastRef.invoke(UnicastRef.java:164)
	at java.rmi/java.rmi.server.RemoteObjectInvocationHandler.invokeRemoteMethod(RemoteObjectInvocationHandler.java:217)
	at java.rmi/java.rmi.server.RemoteObjectInvocationHandler.invoke(RemoteObjectInvocationHandler.java:162)
	at com.sun.proxy.$Proxy7.evosuite_collectStatistics(Unknown Source)
	at org.evosuite.rmi.service.ClientNodeImpl.updateStatistics(ClientNodeImpl.java:251)
	at org.evosuite.statistics.StatisticsSender.sendIndividualToMaster(StatisticsSender.java:62)
	at org.evosuite.statistics.StatisticsListener.lambda$new$0(StatisticsListener.java:76)
	at java.base/java.lang.Thread.run(Thread.java:829)
Caused by: java.rmi.UnmarshalException: error unmarshalling arguments; nested exception is: 
	java.lang.ClassNotFoundException: expect to get instruction without BasicBlock already set
	at java.rmi/sun.rmi.server.UnicastServerRef.dispatch(UnicastServerRef.java:350)
	at java.rmi/sun.rmi.transport.Transport$1.run(Transport.java:200)
	at java.rmi/sun.rmi.transport.Transport$1.run(Transport.java:197)
	at java.base/java.security.AccessController.doPrivileged(Native Method)
	at java.rmi/sun.rmi.transport.Transport.serviceCall(Transport.java:196)
	at java.rmi/sun.rmi.transport.tcp.TCPTransport.handleMessages(TCPTransport.java:562)
	at java.rmi/sun.rmi.transport.tcp.TCPTransport$ConnectionHandler.run0(TCPTransport.java:796)
	at java.rmi/sun.rmi.transport.tcp.TCPTransport$ConnectionHandler.lambda$run$0(TCPTransport.java:677)
	at java.base/java.security.AccessController.doPrivileged(Native Method)
	at java.rmi/sun.rmi.transport.tcp.TCPTransport$ConnectionHandler.run(TCPTransport.java:676)
	at java.base/java.util.concurrent.ThreadPoolExecutor.runWorker(ThreadPoolExecutor.java:1128)
	at java.base/java.util.concurrent.ThreadPoolExecutor$Worker.run(ThreadPoolExecutor.java:628)
	... 1 common frames omitted
Caused by: java.lang.ClassNotFoundException: expect to get instruction without BasicBlock already set
	at org.evosuite.instrumentation.InstrumentingClassLoader.instrumentClass(InstrumentingClassLoader.java:158)
	at org.evosuite.instrumentation.InstrumentingClassLoader.loadClass(InstrumentingClassLoader.java:126)
	at org.evosuite.utils.generic.GenericClassImpl.getClass(GenericClassImpl.java:139)
	at org.evosuite.utils.generic.GenericClassImpl.getClass(GenericClassImpl.java:105)
	at org.evosuite.utils.generic.GenericClassImpl.readObject(GenericClassImpl.java:1671)
	at jdk.internal.reflect.GeneratedMethodAccessor9.invoke(Unknown Source)
	at java.base/jdk.internal.reflect.DelegatingMethodAccessorImpl.invoke(DelegatingMethodAccessorImpl.java:43)
	at java.base/java.lang.reflect.Method.invoke(Method.java:566)
	at java.base/java.io.ObjectStreamClass.invokeReadObject(ObjectStreamClass.java:1046)
	at java.base/java.io.ObjectInputStream.readSerialData(ObjectInputStream.java:2357)
	at java.base/java.io.ObjectInputStream.readOrdinaryObject(ObjectInputStream.java:2228)
	at java.base/java.io.ObjectInputStream.readObject0(ObjectInputStream.java:1687)
	at java.base/java.io.ObjectInputStream.defaultReadFields(ObjectInputStream.java:2496)
	at java.base/java.io.ObjectInputStream.readSerialData(ObjectInputStream.java:2390)
	at java.base/java.io.ObjectInputStream.readOrdinaryObject(ObjectInputStream.java:2228)
	at java.base/java.io.ObjectInputStream.readObject0(ObjectInputStream.java:1687)
	at java.base/java.io.ObjectInputStream.defaultReadFields(ObjectInputStream.java:2496)
	at java.base/java.io.ObjectInputStream.readSerialData(ObjectInputStream.java:2390)
	at java.base/java.io.ObjectInputStream.readOrdinaryObject(ObjectInputStream.java:2228)
	at java.base/java.io.ObjectInputStream.readObject0(ObjectInputStream.java:1687)
	at java.base/java.io.ObjectInputStream.readObject(ObjectInputStream.java:489)
	at java.base/java.io.ObjectInputStream.readObject(ObjectInputStream.java:447)
	at java.base/java.util.ArrayList.readObject(ArrayList.java:929)
	at java.base/jdk.internal.reflect.GeneratedMethodAccessor7.invoke(Unknown Source)
	at java.base/jdk.internal.reflect.DelegatingMethodAccessorImpl.invoke(DelegatingMethodAccessorImpl.java:43)
	at java.base/java.lang.reflect.Method.invoke(Method.java:566)
	at java.base/java.io.ObjectStreamClass.invokeReadObject(ObjectStreamClass.java:1046)
	at java.base/java.io.ObjectInputStream.readSerialData(ObjectInputStream.java:2357)
	at java.base/java.io.ObjectInputStream.readOrdinaryObject(ObjectInputStream.java:2228)
	at java.base/java.io.ObjectInputStream.readObject0(ObjectInputStream.java:1687)
	at java.base/java.io.ObjectInputStream.defaultReadFields(ObjectInputStream.java:2496)
	at java.base/java.io.ObjectInputStream.readSerialData(ObjectInputStream.java:2390)
	at java.base/java.io.ObjectInputStream.readOrdinaryObject(ObjectInputStream.java:2228)
	at java.base/java.io.ObjectInputStream.readObject0(ObjectInputStream.java:1687)
	at java.base/java.io.ObjectInputStream.defaultReadFields(ObjectInputStream.java:2496)
	at java.base/java.io.ObjectInputStream.defaultReadObject(ObjectInputStream.java:625)
	at org.evosuite.testcase.DefaultTestCase.readObject(DefaultTestCase.java:1217)
	at jdk.internal.reflect.GeneratedMethodAccessor15.invoke(Unknown Source)
	at java.base/jdk.internal.reflect.DelegatingMethodAccessorImpl.invoke(DelegatingMethodAccessorImpl.java:43)
	at java.base/java.lang.reflect.Method.invoke(Method.java:566)
	at java.base/java.io.ObjectStreamClass.invokeReadObject(ObjectStreamClass.java:1046)
	at java.base/java.io.ObjectInputStream.readSerialData(ObjectInputStream.java:2357)
	at java.base/java.io.ObjectInputStream.readOrdinaryObject(ObjectInputStream.java:2228)
	at java.base/java.io.ObjectInputStream.readObject0(ObjectInputStream.java:1687)
	at java.base/java.io.ObjectInputStream.defaultReadFields(ObjectInputStream.java:2496)
	at java.base/java.io.ObjectInputStream.readSerialData(ObjectInputStream.java:2390)
	at java.base/java.io.ObjectInputStream.readOrdinaryObject(ObjectInputStream.java:2228)
	at java.base/java.io.ObjectInputStream.readObject0(ObjectInputStream.java:1687)
	at java.base/java.io.ObjectInputStream.readObject(ObjectInputStream.java:489)
	at java.base/java.io.ObjectInputStream.readObject(ObjectInputStream.java:447)
	at java.base/java.util.ArrayList.readObject(ArrayList.java:929)
	at java.base/jdk.internal.reflect.GeneratedMethodAccessor7.invoke(Unknown Source)
	at java.base/jdk.internal.reflect.DelegatingMethodAccessorImpl.invoke(DelegatingMethodAccessorImpl.java:43)
	at java.base/java.lang.reflect.Method.invoke(Method.java:566)
	at java.base/java.io.ObjectStreamClass.invokeReadObject(ObjectStreamClass.java:1046)
	at java.base/java.io.ObjectInputStream.readSerialData(ObjectInputStream.java:2357)
	at java.base/java.io.ObjectInputStream.readOrdinaryObject(ObjectInputStream.java:2228)
	at java.base/java.io.ObjectInputStream.readObject0(ObjectInputStream.java:1687)
	at java.base/java.io.ObjectInputStream.defaultReadFields(ObjectInputStream.java:2496)
	at java.base/java.io.ObjectInputStream.readSerialData(ObjectInputStream.java:2390)
	at java.base/java.io.ObjectInputStream.readOrdinaryObject(ObjectInputStream.java:2228)
	at java.base/java.io.ObjectInputStream.readObject0(ObjectInputStream.java:1687)
	at java.base/java.io.ObjectInputStream.readObject(ObjectInputStream.java:489)
	at java.base/java.io.ObjectInputStream.readObject(ObjectInputStream.java:447)
	at java.rmi/sun.rmi.server.UnicastRef.unmarshalValue(UnicastRef.java:327)
	at java.rmi/sun.rmi.server.UnicastServerRef.dispatch(UnicastServerRef.java:339)
	... 12 common frames omitted
Caused by: java.lang.IllegalArgumentException: expect to get instruction without BasicBlock already set
	at org.evosuite.graphs.cfg.BasicBlock.appendInstruction(BasicBlock.java:225)
	at org.evosuite.graphs.cfg.BasicBlock.setInstructions(BasicBlock.java:206)
	at org.evosuite.graphs.cfg.BasicBlock.<init>(BasicBlock.java:106)
	at org.evosuite.graphs.cfg.RawControlFlowGraph.determineBasicBlockFor(RawControlFlowGraph.java:314)
	at org.evosuite.graphs.cfg.ActualControlFlowGraph.computeNodes(ActualControlFlowGraph.java:295)
	at org.evosuite.graphs.cfg.ActualControlFlowGraph.computeGraph(ActualControlFlowGraph.java:262)
	at org.evosuite.graphs.cfg.ActualControlFlowGraph.<init>(ActualControlFlowGraph.java:97)
	at org.evosuite.graphs.cfg.CFGGenerator.computeActualCFG(CFGGenerator.java:218)
	at org.evosuite.graphs.cfg.CFGGenerator.registerCFGs(CFGGenerator.java:102)
	at org.evosuite.graphs.cfg.CFGMethodAdapter.visitEnd(CFGMethodAdapter.java:219)
	at org.evosuite.shaded.org.objectweb.asm.MethodVisitor.visitEnd(MethodVisitor.java:783)
	at org.evosuite.shaded.org.objectweb.asm.MethodVisitor.visitEnd(MethodVisitor.java:783)
	at org.evosuite.shaded.org.objectweb.asm.MethodVisitor.visitEnd(MethodVisitor.java:783)
	at org.evosuite.shaded.org.objectweb.asm.tree.MethodNode.accept(MethodNode.java:772)
	at org.evosuite.shaded.org.objectweb.asm.tree.MethodNode.accept(MethodNode.java:649)
	at org.evosuite.shaded.org.objectweb.asm.tree.ClassNode.accept(ClassNode.java:452)
	at org.evosuite.instrumentation.BytecodeInstrumentation.transformBytes(BytecodeInstrumentation.java:282)
	at org.evosuite.instrumentation.InstrumentingClassLoader.getTransformedBytes(InstrumentingClassLoader.java:135)
	at org.evosuite.instrumentation.InstrumentingClassLoader.instrumentClass(InstrumentingClassLoader.java:149)
	... 77 common frames omitted
[Progress:==============================100%] [Cov:=====================>             60%]
* Search finished after 124s and 57 generations, 18001 statements, best individual has fitness: 890.1282217430792
[MASTER] 12:36:53.650 [logback-1] WARN  ClientNodeImpl - Cannot send statistics to master; continuing without statistics
java.rmi.ServerException: RemoteException occurred in server thread; nested exception is: 
	java.rmi.UnmarshalException: error unmarshalling arguments; nested exception is: 
	java.lang.ClassNotFoundException: expect to get instruction without BasicBlock already set
	at java.rmi/sun.rmi.server.UnicastServerRef.dispatch(UnicastServerRef.java:391)
	at java.rmi/sun.rmi.transport.Transport$1.run(Transport.java:200)
	at java.rmi/sun.rmi.transport.Transport$1.run(Transport.java:197)
	at java.base/java.security.AccessController.doPrivileged(Native Method)
	at java.rmi/sun.rmi.transport.Transport.serviceCall(Transport.java:196)
	at java.rmi/sun.rmi.transport.tcp.TCPTransport.handleMessages(TCPTransport.java:562)
	at java.rmi/sun.rmi.transport.tcp.TCPTransport$ConnectionHandler.run0(TCPTransport.java:796)
	at java.rmi/sun.rmi.transport.tcp.TCPTransport$ConnectionHandler.lambda$run$0(TCPTransport.java:677)
	at java.base/java.security.AccessController.doPrivileged(Native Method)
	at java.rmi/sun.rmi.transport.tcp.TCPTransport$ConnectionHandler.run(TCPTransport.java:676)
	at java.base/java.util.concurrent.ThreadPoolExecutor.runWorker(ThreadPoolExecutor.java:1128)
	at java.base/java.util.concurrent.ThreadPoolExecutor$Worker.run(ThreadPoolExecutor.java:628)
	at java.base/java.lang.Thread.run(Thread.java:829)
	at java.rmi/sun.rmi.transport.StreamRemoteCall.exceptionReceivedFromServer(StreamRemoteCall.java:303)
	at java.rmi/sun.rmi.transport.StreamRemoteCall.executeCall(StreamRemoteCall.java:279)
	at java.rmi/sun.rmi.server.UnicastRef.invoke(UnicastRef.java:164)
	at java.rmi/java.rmi.server.RemoteObjectInvocationHandler.invokeRemoteMethod(RemoteObjectInvocationHandler.java:217)
	at java.rmi/java.rmi.server.RemoteObjectInvocationHandler.invoke(RemoteObjectInvocationHandler.java:162)
	at com.sun.proxy.$Proxy7.evosuite_collectStatistics(Unknown Source)
	at org.evosuite.rmi.service.ClientNodeImpl.updateStatistics(ClientNodeImpl.java:251)
	at org.evosuite.statistics.StatisticsSender.sendIndividualToMaster(StatisticsSender.java:62)
	at org.evosuite.statistics.StatisticsListener.lambda$new$0(StatisticsListener.java:76)
	at java.base/java.lang.Thread.run(Thread.java:829)
Caused by: java.rmi.UnmarshalException: error unmarshalling arguments; nested exception is: 
	java.lang.ClassNotFoundException: expect to get instruction without BasicBlock already set
	at java.rmi/sun.rmi.server.UnicastServerRef.dispatch(UnicastServerRef.java:350)
	at java.rmi/sun.rmi.transport.Transport$1.run(Transport.java:200)
	at java.rmi/sun.rmi.transport.Transport$1.run(Transport.java:197)
	at java.base/java.security.AccessController.doPrivileged(Native Method)
	at java.rmi/sun.rmi.transport.Transport.serviceCall(Transport.java:196)
	at java.rmi/sun.rmi.transport.tcp.TCPTransport.handleMessages(TCPTransport.java:562)
	at java.rmi/sun.rmi.transport.tcp.TCPTransport$ConnectionHandler.run0(TCPTransport.java:796)
	at java.rmi/sun.rmi.transport.tcp.TCPTransport$ConnectionHandler.lambda$run$0(TCPTransport.java:677)
	at java.base/java.security.AccessController.doPrivileged(Native Method)
	at java.rmi/sun.rmi.transport.tcp.TCPTransport$ConnectionHandler.run(TCPTransport.java:676)
	at java.base/java.util.concurrent.ThreadPoolExecutor.runWorker(ThreadPoolExecutor.java:1128)
	at java.base/java.util.concurrent.ThreadPoolExecutor$Worker.run(ThreadPoolExecutor.java:628)
	... 1 common frames omitted
Caused by: java.lang.ClassNotFoundException: expect to get instruction without BasicBlock already set
	at org.evosuite.instrumentation.InstrumentingClassLoader.instrumentClass(InstrumentingClassLoader.java:158)
	at org.evosuite.instrumentation.InstrumentingClassLoader.loadClass(InstrumentingClassLoader.java:126)
	at org.evosuite.utils.generic.GenericClassImpl.getClass(GenericClassImpl.java:139)
	at org.evosuite.utils.generic.GenericClassImpl.getClass(GenericClassImpl.java:105)
	at org.evosuite.utils.generic.GenericClassImpl.readObject(GenericClassImpl.java:1671)
	at jdk.internal.reflect.GeneratedMethodAccessor9.invoke(Unknown Source)
	at java.base/jdk.internal.reflect.DelegatingMethodAccessorImpl.invoke(DelegatingMethodAccessorImpl.java:43)
	at java.base/java.lang.reflect.Method.invoke(Method.java:566)
	at java.base/java.io.ObjectStreamClass.invokeReadObject(ObjectStreamClass.java:1046)
	at java.base/java.io.ObjectInputStream.readSerialData(ObjectInputStream.java:2357)
	at java.base/java.io.ObjectInputStream.readOrdinaryObject(ObjectInputStream.java:2228)
	at java.base/java.io.ObjectInputStream.readObject0(ObjectInputStream.java:1687)
	at java.base/java.io.ObjectInputStream.defaultReadFields(ObjectInputStream.java:2496)
	at java.base/java.io.ObjectInputStream.readSerialData(ObjectInputStream.java:2390)
	at java.base/java.io.ObjectInputStream.readOrdinaryObject(ObjectInputStream.java:2228)
	at java.base/java.io.ObjectInputStream.readObject0(ObjectInputStream.java:1687)
	at java.base/java.io.ObjectInputStream.defaultReadFields(ObjectInputStream.java:2496)
	at java.base/java.io.ObjectInputStream.readSerialData(ObjectInputStream.java:2390)
	at java.base/java.io.ObjectInputStream.readOrdinaryObject(ObjectInputStream.java:2228)
	at java.base/java.io.ObjectInputStream.readObject0(ObjectInputStream.java:1687)
	at java.base/java.io.ObjectInputStream.readObject(ObjectInputStream.java:489)
	at java.base/java.io.ObjectInputStream.readObject(ObjectInputStream.java:447)
	at java.base/java.util.ArrayList.readObject(ArrayList.java:929)
	at java.base/jdk.internal.reflect.GeneratedMethodAccessor7.invoke(Unknown Source)
	at java.base/jdk.internal.reflect.DelegatingMethodAccessorImpl.invoke(DelegatingMethodAccessorImpl.java:43)
	at java.base/java.lang.reflect.Method.invoke(Method.java:566)
	at java.base/java.io.ObjectStreamClass.invokeReadObject(ObjectStreamClass.java:1046)
	at java.base/java.io.ObjectInputStream.readSerialData(ObjectInputStream.java:2357)
	at java.base/java.io.ObjectInputStream.readOrdinaryObject(ObjectInputStream.java:2228)
	at java.base/java.io.ObjectInputStream.readObject0(ObjectInputStream.java:1687)
	at java.base/java.io.ObjectInputStream.defaultReadFields(ObjectInputStream.java:2496)
	at java.base/java.io.ObjectInputStream.readSerialData(ObjectInputStream.java:2390)
	at java.base/java.io.ObjectInputStream.readOrdinaryObject(ObjectInputStream.java:2228)
	at java.base/java.io.ObjectInputStream.readObject0(ObjectInputStream.java:1687)
	at java.base/java.io.ObjectInputStream.defaultReadFields(ObjectInputStream.java:2496)
	at java.base/java.io.ObjectInputStream.defaultReadObject(ObjectInputStream.java:625)
	at org.evosuite.testcase.DefaultTestCase.readObject(DefaultTestCase.java:1217)
	at jdk.internal.reflect.GeneratedMethodAccessor15.invoke(Unknown Source)
	at java.base/jdk.internal.reflect.DelegatingMethodAccessorImpl.invoke(DelegatingMethodAccessorImpl.java:43)
	at java.base/java.lang.reflect.Method.invoke(Method.java:566)
	at java.base/java.io.ObjectStreamClass.invokeReadObject(ObjectStreamClass.java:1046)
	at java.base/java.io.ObjectInputStream.readSerialData(ObjectInputStream.java:2357)
	at java.base/java.io.ObjectInputStream.readOrdinaryObject(ObjectInputStream.java:2228)
	at java.base/java.io.ObjectInputStream.readObject0(ObjectInputStream.java:1687)
	at java.base/java.io.ObjectInputStream.defaultReadFields(ObjectInputStream.java:2496)
	at java.base/java.io.ObjectInputStream.readSerialData(ObjectInputStream.java:2390)
	at java.base/java.io.ObjectInputStream.readOrdinaryObject(ObjectInputStream.java:2228)
	at java.base/java.io.ObjectInputStream.readObject0(ObjectInputStream.java:1687)
	at java.base/java.io.ObjectInputStream.readObject(ObjectInputStream.java:489)
	at java.base/java.io.ObjectInputStream.readObject(ObjectInputStream.java:447)
	at java.base/java.util.ArrayList.readObject(ArrayList.java:929)
	at java.base/jdk.internal.reflect.GeneratedMethodAccessor7.invoke(Unknown Source)
	at java.base/jdk.internal.reflect.DelegatingMethodAccessorImpl.invoke(DelegatingMethodAccessorImpl.java:43)
	at java.base/java.lang.reflect.Method.invoke(Method.java:566)
	at java.base/java.io.ObjectStreamClass.invokeReadObject(ObjectStreamClass.java:1046)
	at java.base/java.io.ObjectInputStream.readSerialData(ObjectInputStream.java:2357)
	at java.base/java.io.ObjectInputStream.readOrdinaryObject(ObjectInputStream.java:2228)
	at java.base/java.io.ObjectInputStream.readObject0(ObjectInputStream.java:1687)
	at java.base/java.io.ObjectInputStream.defaultReadFields(ObjectInputStream.java:2496)
	at java.base/java.io.ObjectInputStream.readSerialData(ObjectInputStream.java:2390)
	at java.base/java.io.ObjectInputStream.readOrdinaryObject(ObjectInputStream.java:2228)
	at java.base/java.io.ObjectInputStream.readObject0(ObjectInputStream.java:1687)
	at java.base/java.io.ObjectInputStream.readObject(ObjectInputStream.java:489)
	at java.base/java.io.ObjectInputStream.readObject(ObjectInputStream.java:447)
	at java.rmi/sun.rmi.server.UnicastRef.unmarshalValue(UnicastRef.java:327)
	at java.rmi/sun.rmi.server.UnicastServerRef.dispatch(UnicastServerRef.java:339)
	... 12 common frames omitted
Caused by: java.lang.IllegalArgumentException: expect to get instruction without BasicBlock already set
	at org.evosuite.graphs.cfg.BasicBlock.appendInstruction(BasicBlock.java:225)
	at org.evosuite.graphs.cfg.BasicBlock.setInstructions(BasicBlock.java:206)
	at org.evosuite.graphs.cfg.BasicBlock.<init>(BasicBlock.java:106)
	at org.evosuite.graphs.cfg.RawControlFlowGraph.determineBasicBlockFor(RawControlFlowGraph.java:314)
	at org.evosuite.graphs.cfg.ActualControlFlowGraph.computeNodes(ActualControlFlowGraph.java:295)
	at org.evosuite.graphs.cfg.ActualControlFlowGraph.computeGraph(ActualControlFlowGraph.java:262)
	at org.evosuite.graphs.cfg.ActualControlFlowGraph.<init>(ActualControlFlowGraph.java:97)
	at org.evosuite.graphs.cfg.CFGGenerator.computeActualCFG(CFGGenerator.java:218)
	at org.evosuite.graphs.cfg.CFGGenerator.registerCFGs(CFGGenerator.java:102)
	at org.evosuite.graphs.cfg.CFGMethodAdapter.visitEnd(CFGMethodAdapter.java:219)
	at org.evosuite.shaded.org.objectweb.asm.MethodVisitor.visitEnd(MethodVisitor.java:783)
	at org.evosuite.shaded.org.objectweb.asm.MethodVisitor.visitEnd(MethodVisitor.java:783)
	at org.evosuite.shaded.org.objectweb.asm.MethodVisitor.visitEnd(MethodVisitor.java:783)
	at org.evosuite.shaded.org.objectweb.asm.tree.MethodNode.accept(MethodNode.java:772)
	at org.evosuite.shaded.org.objectweb.asm.tree.MethodNode.accept(MethodNode.java:649)
	at org.evosuite.shaded.org.objectweb.asm.tree.ClassNode.accept(ClassNode.java:452)
	at org.evosuite.instrumentation.BytecodeInstrumentation.transformBytes(BytecodeInstrumentation.java:282)
	at org.evosuite.instrumentation.InstrumentingClassLoader.getTransformedBytes(InstrumentingClassLoader.java:135)
	at org.evosuite.instrumentation.InstrumentingClassLoader.instrumentClass(InstrumentingClassLoader.java:149)
	... 77 common frames omitted
[MASTER] 12:36:59.657 [logback-1] WARN  ClientNodeImpl - Cannot send statistics to master; continuing without statistics
java.rmi.ServerException: RemoteException occurred in server thread; nested exception is: 
	java.rmi.UnmarshalException: error unmarshalling arguments; nested exception is: 
	java.lang.ClassNotFoundException: expect to get instruction without BasicBlock already set
	at java.rmi/sun.rmi.server.UnicastServerRef.dispatch(UnicastServerRef.java:391)
	at java.rmi/sun.rmi.transport.Transport$1.run(Transport.java:200)
	at java.rmi/sun.rmi.transport.Transport$1.run(Transport.java:197)
	at java.base/java.security.AccessController.doPrivileged(Native Method)
	at java.rmi/sun.rmi.transport.Transport.serviceCall(Transport.java:196)
	at java.rmi/sun.rmi.transport.tcp.TCPTransport.handleMessages(TCPTransport.java:562)
	at java.rmi/sun.rmi.transport.tcp.TCPTransport$ConnectionHandler.run0(TCPTransport.java:796)
	at java.rmi/sun.rmi.transport.tcp.TCPTransport$ConnectionHandler.lambda$run$0(TCPTransport.java:677)
	at java.base/java.security.AccessController.doPrivileged(Native Method)
	at java.rmi/sun.rmi.transport.tcp.TCPTransport$ConnectionHandler.run(TCPTransport.java:676)
	at java.base/java.util.concurrent.ThreadPoolExecutor.runWorker(ThreadPoolExecutor.java:1128)
	at java.base/java.util.concurrent.ThreadPoolExecutor$Worker.run(ThreadPoolExecutor.java:628)
	at java.base/java.lang.Thread.run(Thread.java:829)
	at java.rmi/sun.rmi.transport.StreamRemoteCall.exceptionReceivedFromServer(StreamRemoteCall.java:303)
	at java.rmi/sun.rmi.transport.StreamRemoteCall.executeCall(StreamRemoteCall.java:279)
	at java.rmi/sun.rmi.server.UnicastRef.invoke(UnicastRef.java:164)
	at java.rmi/java.rmi.server.RemoteObjectInvocationHandler.invokeRemoteMethod(RemoteObjectInvocationHandler.java:217)
	at java.rmi/java.rmi.server.RemoteObjectInvocationHandler.invoke(RemoteObjectInvocationHandler.java:162)
	at com.sun.proxy.$Proxy7.evosuite_collectStatistics(Unknown Source)
	at org.evosuite.rmi.service.ClientNodeImpl.updateStatistics(ClientNodeImpl.java:251)
	at org.evosuite.statistics.StatisticsSender.sendIndividualToMaster(StatisticsSender.java:62)
	at org.evosuite.statistics.StatisticsListener.lambda$new$0(StatisticsListener.java:76)
	at java.base/java.lang.Thread.run(Thread.java:829)
Caused by: java.rmi.UnmarshalException: error unmarshalling arguments; nested exception is: 
	java.lang.ClassNotFoundException: expect to get instruction without BasicBlock already set
	at java.rmi/sun.rmi.server.UnicastServerRef.dispatch(UnicastServerRef.java:350)
	at java.rmi/sun.rmi.transport.Transport$1.run(Transport.java:200)
	at java.rmi/sun.rmi.transport.Transport$1.run(Transport.java:197)
	at java.base/java.security.AccessController.doPrivileged(Native Method)
	at java.rmi/sun.rmi.transport.Transport.serviceCall(Transport.java:196)
	at java.rmi/sun.rmi.transport.tcp.TCPTransport.handleMessages(TCPTransport.java:562)
	at java.rmi/sun.rmi.transport.tcp.TCPTransport$ConnectionHandler.run0(TCPTransport.java:796)
	at java.rmi/sun.rmi.transport.tcp.TCPTransport$ConnectionHandler.lambda$run$0(TCPTransport.java:677)
	at java.base/java.security.AccessController.doPrivileged(Native Method)
	at java.rmi/sun.rmi.transport.tcp.TCPTransport$ConnectionHandler.run(TCPTransport.java:676)
	at java.base/java.util.concurrent.ThreadPoolExecutor.runWorker(ThreadPoolExecutor.java:1128)
	at java.base/java.util.concurrent.ThreadPoolExecutor$Worker.run(ThreadPoolExecutor.java:628)
	... 1 common frames omitted
Caused by: java.lang.ClassNotFoundException: expect to get instruction without BasicBlock already set
	at org.evosuite.instrumentation.InstrumentingClassLoader.instrumentClass(InstrumentingClassLoader.java:158)
	at org.evosuite.instrumentation.InstrumentingClassLoader.loadClass(InstrumentingClassLoader.java:126)
	at org.evosuite.utils.generic.GenericClassImpl.getClass(GenericClassImpl.java:139)
	at org.evosuite.utils.generic.GenericClassImpl.getClass(GenericClassImpl.java:105)
	at org.evosuite.utils.generic.GenericClassImpl.readObject(GenericClassImpl.java:1671)
	at jdk.internal.reflect.GeneratedMethodAccessor9.invoke(Unknown Source)
	at java.base/jdk.internal.reflect.DelegatingMethodAccessorImpl.invoke(DelegatingMethodAccessorImpl.java:43)
	at java.base/java.lang.reflect.Method.invoke(Method.java:566)
	at java.base/java.io.ObjectStreamClass.invokeReadObject(ObjectStreamClass.java:1046)
	at java.base/java.io.ObjectInputStream.readSerialData(ObjectInputStream.java:2357)
	at java.base/java.io.ObjectInputStream.readOrdinaryObject(ObjectInputStream.java:2228)
	at java.base/java.io.ObjectInputStream.readObject0(ObjectInputStream.java:1687)
	at java.base/java.io.ObjectInputStream.defaultReadFields(ObjectInputStream.java:2496)
	at java.base/java.io.ObjectInputStream.readSerialData(ObjectInputStream.java:2390)
	at java.base/java.io.ObjectInputStream.readOrdinaryObject(ObjectInputStream.java:2228)
	at java.base/java.io.ObjectInputStream.readObject0(ObjectInputStream.java:1687)
	at java.base/java.io.ObjectInputStream.defaultReadFields(ObjectInputStream.java:2496)
	at java.base/java.io.ObjectInputStream.readSerialData(ObjectInputStream.java:2390)
	at java.base/java.io.ObjectInputStream.readOrdinaryObject(ObjectInputStream.java:2228)
	at java.base/java.io.ObjectInputStream.readObject0(ObjectInputStream.java:1687)
	at java.base/java.io.ObjectInputStream.readObject(ObjectInputStream.java:489)
	at java.base/java.io.ObjectInputStream.readObject(ObjectInputStream.java:447)
	at java.base/java.util.ArrayList.readObject(ArrayList.java:929)
	at java.base/jdk.internal.reflect.GeneratedMethodAccessor7.invoke(Unknown Source)
	at java.base/jdk.internal.reflect.DelegatingMethodAccessorImpl.invoke(DelegatingMethodAccessorImpl.java:43)
	at java.base/java.lang.reflect.Method.invoke(Method.java:566)
	at java.base/java.io.ObjectStreamClass.invokeReadObject(ObjectStreamClass.java:1046)
	at java.base/java.io.ObjectInputStream.readSerialData(ObjectInputStream.java:2357)
	at java.base/java.io.ObjectInputStream.readOrdinaryObject(ObjectInputStream.java:2228)
	at java.base/java.io.ObjectInputStream.readObject0(ObjectInputStream.java:1687)
	at java.base/java.io.ObjectInputStream.defaultReadFields(ObjectInputStream.java:2496)
	at java.base/java.io.ObjectInputStream.readSerialData(ObjectInputStream.java:2390)
	at java.base/java.io.ObjectInputStream.readOrdinaryObject(ObjectInputStream.java:2228)
	at java.base/java.io.ObjectInputStream.readObject0(ObjectInputStream.java:1687)
	at java.base/java.io.ObjectInputStream.defaultReadFields(ObjectInputStream.java:2496)
	at java.base/java.io.ObjectInputStream.defaultReadObject(ObjectInputStream.java:625)
	at org.evosuite.testcase.DefaultTestCase.readObject(DefaultTestCase.java:1217)
	at jdk.internal.reflect.GeneratedMethodAccessor15.invoke(Unknown Source)
	at java.base/jdk.internal.reflect.DelegatingMethodAccessorImpl.invoke(DelegatingMethodAccessorImpl.java:43)
	at java.base/java.lang.reflect.Method.invoke(Method.java:566)
	at java.base/java.io.ObjectStreamClass.invokeReadObject(ObjectStreamClass.java:1046)
	at java.base/java.io.ObjectInputStream.readSerialData(ObjectInputStream.java:2357)
	at java.base/java.io.ObjectInputStream.readOrdinaryObject(ObjectInputStream.java:2228)
	at java.base/java.io.ObjectInputStream.readObject0(ObjectInputStream.java:1687)
	at java.base/java.io.ObjectInputStream.defaultReadFields(ObjectInputStream.java:2496)
	at java.base/java.io.ObjectInputStream.readSerialData(ObjectInputStream.java:2390)
	at java.base/java.io.ObjectInputStream.readOrdinaryObject(ObjectInputStream.java:2228)
	at java.base/java.io.ObjectInputStream.readObject0(ObjectInputStream.java:1687)
	at java.base/java.io.ObjectInputStream.readObject(ObjectInputStream.java:489)
	at java.base/java.io.ObjectInputStream.readObject(ObjectInputStream.java:447)
	at java.base/java.util.ArrayList.readObject(ArrayList.java:929)
	at java.base/jdk.internal.reflect.GeneratedMethodAccessor7.invoke(Unknown Source)
	at java.base/jdk.internal.reflect.DelegatingMethodAccessorImpl.invoke(DelegatingMethodAccessorImpl.java:43)
	at java.base/java.lang.reflect.Method.invoke(Method.java:566)
	at java.base/java.io.ObjectStreamClass.invokeReadObject(ObjectStreamClass.java:1046)
	at java.base/java.io.ObjectInputStream.readSerialData(ObjectInputStream.java:2357)
	at java.base/java.io.ObjectInputStream.readOrdinaryObject(ObjectInputStream.java:2228)
	at java.base/java.io.ObjectInputStream.readObject0(ObjectInputStream.java:1687)
	at java.base/java.io.ObjectInputStream.defaultReadFields(ObjectInputStream.java:2496)
	at java.base/java.io.ObjectInputStream.readSerialData(ObjectInputStream.java:2390)
	at java.base/java.io.ObjectInputStream.readOrdinaryObject(ObjectInputStream.java:2228)
	at java.base/java.io.ObjectInputStream.readObject0(ObjectInputStream.java:1687)
	at java.base/java.io.ObjectInputStream.readObject(ObjectInputStream.java:489)
	at java.base/java.io.ObjectInputStream.readObject(ObjectInputStream.java:447)
	at java.rmi/sun.rmi.server.UnicastRef.unmarshalValue(UnicastRef.java:327)
	at java.rmi/sun.rmi.server.UnicastServerRef.dispatch(UnicastServerRef.java:339)
	... 12 common frames omitted
Caused by: java.lang.IllegalArgumentException: expect to get instruction without BasicBlock already set
	at org.evosuite.graphs.cfg.BasicBlock.appendInstruction(BasicBlock.java:225)
	at org.evosuite.graphs.cfg.BasicBlock.setInstructions(BasicBlock.java:206)
	at org.evosuite.graphs.cfg.BasicBlock.<init>(BasicBlock.java:106)
	at org.evosuite.graphs.cfg.RawControlFlowGraph.determineBasicBlockFor(RawControlFlowGraph.java:314)
	at org.evosuite.graphs.cfg.ActualControlFlowGraph.computeNodes(ActualControlFlowGraph.java:295)
	at org.evosuite.graphs.cfg.ActualControlFlowGraph.computeGraph(ActualControlFlowGraph.java:262)
	at org.evosuite.graphs.cfg.ActualControlFlowGraph.<init>(ActualControlFlowGraph.java:97)
	at org.evosuite.graphs.cfg.CFGGenerator.computeActualCFG(CFGGenerator.java:218)
	at org.evosuite.graphs.cfg.CFGGenerator.registerCFGs(CFGGenerator.java:102)
	at org.evosuite.graphs.cfg.CFGMethodAdapter.visitEnd(CFGMethodAdapter.java:219)
	at org.evosuite.shaded.org.objectweb.asm.MethodVisitor.visitEnd(MethodVisitor.java:783)
	at org.evosuite.shaded.org.objectweb.asm.MethodVisitor.visitEnd(MethodVisitor.java:783)
	at org.evosuite.shaded.org.objectweb.asm.MethodVisitor.visitEnd(MethodVisitor.java:783)
	at org.evosuite.shaded.org.objectweb.asm.tree.MethodNode.accept(MethodNode.java:772)
	at org.evosuite.shaded.org.objectweb.asm.tree.MethodNode.accept(MethodNode.java:649)
	at org.evosuite.shaded.org.objectweb.asm.tree.ClassNode.accept(ClassNode.java:452)
	at org.evosuite.instrumentation.BytecodeInstrumentation.transformBytes(BytecodeInstrumentation.java:282)
	at org.evosuite.instrumentation.InstrumentingClassLoader.getTransformedBytes(InstrumentingClassLoader.java:135)
	at org.evosuite.instrumentation.InstrumentingClassLoader.instrumentClass(InstrumentingClassLoader.java:149)
	... 77 common frames omitted
[MASTER] 12:37:06.564 [logback-1] WARN  ClientNodeImpl - Cannot send statistics to master; continuing without statistics
java.rmi.ServerException: RemoteException occurred in server thread; nested exception is: 
	java.rmi.UnmarshalException: error unmarshalling arguments; nested exception is: 
	java.lang.ClassNotFoundException: expect to get instruction without BasicBlock already set
	at java.rmi/sun.rmi.server.UnicastServerRef.dispatch(UnicastServerRef.java:391)
	at java.rmi/sun.rmi.transport.Transport$1.run(Transport.java:200)
	at java.rmi/sun.rmi.transport.Transport$1.run(Transport.java:197)
	at java.base/java.security.AccessController.doPrivileged(Native Method)
	at java.rmi/sun.rmi.transport.Transport.serviceCall(Transport.java:196)
	at java.rmi/sun.rmi.transport.tcp.TCPTransport.handleMessages(TCPTransport.java:562)
	at java.rmi/sun.rmi.transport.tcp.TCPTransport$ConnectionHandler.run0(TCPTransport.java:796)
	at java.rmi/sun.rmi.transport.tcp.TCPTransport$ConnectionHandler.lambda$run$0(TCPTransport.java:677)
	at java.base/java.security.AccessController.doPrivileged(Native Method)
	at java.rmi/sun.rmi.transport.tcp.TCPTransport$ConnectionHandler.run(TCPTransport.java:676)
	at java.base/java.util.concurrent.ThreadPoolExecutor.runWorker(ThreadPoolExecutor.java:1128)
	at java.base/java.util.concurrent.ThreadPoolExecutor$Worker.run(ThreadPoolExecutor.java:628)
	at java.base/java.lang.Thread.run(Thread.java:829)
	at java.rmi/sun.rmi.transport.StreamRemoteCall.exceptionReceivedFromServer(StreamRemoteCall.java:303)
	at java.rmi/sun.rmi.transport.StreamRemoteCall.executeCall(StreamRemoteCall.java:279)
	at java.rmi/sun.rmi.server.UnicastRef.invoke(UnicastRef.java:164)
	at java.rmi/java.rmi.server.RemoteObjectInvocationHandler.invokeRemoteMethod(RemoteObjectInvocationHandler.java:217)
	at java.rmi/java.rmi.server.RemoteObjectInvocationHandler.invoke(RemoteObjectInvocationHandler.java:162)
	at com.sun.proxy.$Proxy7.evosuite_collectStatistics(Unknown Source)
	at org.evosuite.rmi.service.ClientNodeImpl.updateStatistics(ClientNodeImpl.java:251)
	at org.evosuite.statistics.StatisticsSender.sendIndividualToMaster(StatisticsSender.java:62)
	at org.evosuite.statistics.StatisticsListener.lambda$new$0(StatisticsListener.java:76)
	at java.base/java.lang.Thread.run(Thread.java:829)
Caused by: java.rmi.UnmarshalException: error unmarshalling arguments; nested exception is: 
	java.lang.ClassNotFoundException: expect to get instruction without BasicBlock already set
	at java.rmi/sun.rmi.server.UnicastServerRef.dispatch(UnicastServerRef.java:350)
	at java.rmi/sun.rmi.transport.Transport$1.run(Transport.java:200)
	at java.rmi/sun.rmi.transport.Transport$1.run(Transport.java:197)
	at java.base/java.security.AccessController.doPrivileged(Native Method)
	at java.rmi/sun.rmi.transport.Transport.serviceCall(Transport.java:196)
	at java.rmi/sun.rmi.transport.tcp.TCPTransport.handleMessages(TCPTransport.java:562)
	at java.rmi/sun.rmi.transport.tcp.TCPTransport$ConnectionHandler.run0(TCPTransport.java:796)
	at java.rmi/sun.rmi.transport.tcp.TCPTransport$ConnectionHandler.lambda$run$0(TCPTransport.java:677)
	at java.base/java.security.AccessController.doPrivileged(Native Method)
	at java.rmi/sun.rmi.transport.tcp.TCPTransport$ConnectionHandler.run(TCPTransport.java:676)
	at java.base/java.util.concurrent.ThreadPoolExecutor.runWorker(ThreadPoolExecutor.java:1128)
	at java.base/java.util.concurrent.ThreadPoolExecutor$Worker.run(ThreadPoolExecutor.java:628)
	... 1 common frames omitted
Caused by: java.lang.ClassNotFoundException: expect to get instruction without BasicBlock already set
	at org.evosuite.instrumentation.InstrumentingClassLoader.instrumentClass(InstrumentingClassLoader.java:158)
	at org.evosuite.instrumentation.InstrumentingClassLoader.loadClass(InstrumentingClassLoader.java:126)
	at org.evosuite.utils.generic.GenericClassImpl.getClass(GenericClassImpl.java:139)
	at org.evosuite.utils.generic.GenericClassImpl.getClass(GenericClassImpl.java:105)
	at org.evosuite.utils.generic.GenericClassImpl.readObject(GenericClassImpl.java:1671)
	at jdk.internal.reflect.GeneratedMethodAccessor9.invoke(Unknown Source)
	at java.base/jdk.internal.reflect.DelegatingMethodAccessorImpl.invoke(DelegatingMethodAccessorImpl.java:43)
	at java.base/java.lang.reflect.Method.invoke(Method.java:566)
	at java.base/java.io.ObjectStreamClass.invokeReadObject(ObjectStreamClass.java:1046)
	at java.base/java.io.ObjectInputStream.readSerialData(ObjectInputStream.java:2357)
	at java.base/java.io.ObjectInputStream.readOrdinaryObject(ObjectInputStream.java:2228)
	at java.base/java.io.ObjectInputStream.readObject0(ObjectInputStream.java:1687)
	at java.base/java.io.ObjectInputStream.defaultReadFields(ObjectInputStream.java:2496)
	at java.base/java.io.ObjectInputStream.readSerialData(ObjectInputStream.java:2390)
	at java.base/java.io.ObjectInputStream.readOrdinaryObject(ObjectInputStream.java:2228)
	at java.base/java.io.ObjectInputStream.readObject0(ObjectInputStream.java:1687)
	at java.base/java.io.ObjectInputStream.defaultReadFields(ObjectInputStream.java:2496)
	at java.base/java.io.ObjectInputStream.readSerialData(ObjectInputStream.java:2390)
	at java.base/java.io.ObjectInputStream.readOrdinaryObject(ObjectInputStream.java:2228)
	at java.base/java.io.ObjectInputStream.readObject0(ObjectInputStream.java:1687)
	at java.base/java.io.ObjectInputStream.readObject(ObjectInputStream.java:489)
	at java.base/java.io.ObjectInputStream.readObject(ObjectInputStream.java:447)
	at java.base/java.util.ArrayList.readObject(ArrayList.java:929)
	at java.base/jdk.internal.reflect.GeneratedMethodAccessor7.invoke(Unknown Source)
	at java.base/jdk.internal.reflect.DelegatingMethodAccessorImpl.invoke(DelegatingMethodAccessorImpl.java:43)
	at java.base/java.lang.reflect.Method.invoke(Method.java:566)
	at java.base/java.io.ObjectStreamClass.invokeReadObject(ObjectStreamClass.java:1046)
	at java.base/java.io.ObjectInputStream.readSerialData(ObjectInputStream.java:2357)
	at java.base/java.io.ObjectInputStream.readOrdinaryObject(ObjectInputStream.java:2228)
	at java.base/java.io.ObjectInputStream.readObject0(ObjectInputStream.java:1687)
	at java.base/java.io.ObjectInputStream.defaultReadFields(ObjectInputStream.java:2496)
	at java.base/java.io.ObjectInputStream.readSerialData(ObjectInputStream.java:2390)
	at java.base/java.io.ObjectInputStream.readOrdinaryObject(ObjectInputStream.java:2228)
	at java.base/java.io.ObjectInputStream.readObject0(ObjectInputStream.java:1687)
	at java.base/java.io.ObjectInputStream.defaultReadFields(ObjectInputStream.java:2496)
	at java.base/java.io.ObjectInputStream.defaultReadObject(ObjectInputStream.java:625)
	at org.evosuite.testcase.DefaultTestCase.readObject(DefaultTestCase.java:1217)
	at jdk.internal.reflect.GeneratedMethodAccessor15.invoke(Unknown Source)
	at java.base/jdk.internal.reflect.DelegatingMethodAccessorImpl.invoke(DelegatingMethodAccessorImpl.java:43)
	at java.base/java.lang.reflect.Method.invoke(Method.java:566)
	at java.base/java.io.ObjectStreamClass.invokeReadObject(ObjectStreamClass.java:1046)
	at java.base/java.io.ObjectInputStream.readSerialData(ObjectInputStream.java:2357)
	at java.base/java.io.ObjectInputStream.readOrdinaryObject(ObjectInputStream.java:2228)
	at java.base/java.io.ObjectInputStream.readObject0(ObjectInputStream.java:1687)
	at java.base/java.io.ObjectInputStream.defaultReadFields(ObjectInputStream.java:2496)
	at java.base/java.io.ObjectInputStream.readSerialData(ObjectInputStream.java:2390)
	at java.base/java.io.ObjectInputStream.readOrdinaryObject(ObjectInputStream.java:2228)
	at java.base/java.io.ObjectInputStream.readObject0(ObjectInputStream.java:1687)
	at java.base/java.io.ObjectInputStream.readObject(ObjectInputStream.java:489)
	at java.base/java.io.ObjectInputStream.readObject(ObjectInputStream.java:447)
	at java.base/java.util.ArrayList.readObject(ArrayList.java:929)
	at java.base/jdk.internal.reflect.GeneratedMethodAccessor7.invoke(Unknown Source)
	at java.base/jdk.internal.reflect.DelegatingMethodAccessorImpl.invoke(DelegatingMethodAccessorImpl.java:43)
	at java.base/java.lang.reflect.Method.invoke(Method.java:566)
	at java.base/java.io.ObjectStreamClass.invokeReadObject(ObjectStreamClass.java:1046)
	at java.base/java.io.ObjectInputStream.readSerialData(ObjectInputStream.java:2357)
	at java.base/java.io.ObjectInputStream.readOrdinaryObject(ObjectInputStream.java:2228)
	at java.base/java.io.ObjectInputStream.readObject0(ObjectInputStream.java:1687)
	at java.base/java.io.ObjectInputStream.defaultReadFields(ObjectInputStream.java:2496)
	at java.base/java.io.ObjectInputStream.readSerialData(ObjectInputStream.java:2390)
	at java.base/java.io.ObjectInputStream.readOrdinaryObject(ObjectInputStream.java:2228)
	at java.base/java.io.ObjectInputStream.readObject0(ObjectInputStream.java:1687)
	at java.base/java.io.ObjectInputStream.readObject(ObjectInputStream.java:489)
	at java.base/java.io.ObjectInputStream.readObject(ObjectInputStream.java:447)
	at java.rmi/sun.rmi.server.UnicastRef.unmarshalValue(UnicastRef.java:327)
	at java.rmi/sun.rmi.server.UnicastServerRef.dispatch(UnicastServerRef.java:339)
	... 12 common frames omitted
Caused by: java.lang.IllegalArgumentException: expect to get instruction without BasicBlock already set
	at org.evosuite.graphs.cfg.BasicBlock.appendInstruction(BasicBlock.java:225)
	at org.evosuite.graphs.cfg.BasicBlock.setInstructions(BasicBlock.java:206)
	at org.evosuite.graphs.cfg.BasicBlock.<init>(BasicBlock.java:106)
	at org.evosuite.graphs.cfg.RawControlFlowGraph.determineBasicBlockFor(RawControlFlowGraph.java:314)
	at org.evosuite.graphs.cfg.ActualControlFlowGraph.computeNodes(ActualControlFlowGraph.java:295)
	at org.evosuite.graphs.cfg.ActualControlFlowGraph.computeGraph(ActualControlFlowGraph.java:262)
	at org.evosuite.graphs.cfg.ActualControlFlowGraph.<init>(ActualControlFlowGraph.java:97)
	at org.evosuite.graphs.cfg.CFGGenerator.computeActualCFG(CFGGenerator.java:218)
	at org.evosuite.graphs.cfg.CFGGenerator.registerCFGs(CFGGenerator.java:102)
	at org.evosuite.graphs.cfg.CFGMethodAdapter.visitEnd(CFGMethodAdapter.java:219)
	at org.evosuite.shaded.org.objectweb.asm.MethodVisitor.visitEnd(MethodVisitor.java:783)
	at org.evosuite.shaded.org.objectweb.asm.MethodVisitor.visitEnd(MethodVisitor.java:783)
	at org.evosuite.shaded.org.objectweb.asm.MethodVisitor.visitEnd(MethodVisitor.java:783)
	at org.evosuite.shaded.org.objectweb.asm.tree.MethodNode.accept(MethodNode.java:772)
	at org.evosuite.shaded.org.objectweb.asm.tree.MethodNode.accept(MethodNode.java:649)
	at org.evosuite.shaded.org.objectweb.asm.tree.ClassNode.accept(ClassNode.java:452)
	at org.evosuite.instrumentation.BytecodeInstrumentation.transformBytes(BytecodeInstrumentation.java:282)
	at org.evosuite.instrumentation.InstrumentingClassLoader.getTransformedBytes(InstrumentingClassLoader.java:135)
	at org.evosuite.instrumentation.InstrumentingClassLoader.instrumentClass(InstrumentingClassLoader.java:149)
	... 77 common frames omitted
[MASTER] 12:37:18.200 [logback-1] WARN  ClientNodeImpl - Cannot send statistics to master; continuing without statistics
java.rmi.ServerException: RemoteException occurred in server thread; nested exception is: 
	java.rmi.UnmarshalException: error unmarshalling arguments; nested exception is: 
	java.lang.ClassNotFoundException: expect to get instruction without BasicBlock already set
	at java.rmi/sun.rmi.server.UnicastServerRef.dispatch(UnicastServerRef.java:391)
	at java.rmi/sun.rmi.transport.Transport$1.run(Transport.java:200)
	at java.rmi/sun.rmi.transport.Transport$1.run(Transport.java:197)
	at java.base/java.security.AccessController.doPrivileged(Native Method)
	at java.rmi/sun.rmi.transport.Transport.serviceCall(Transport.java:196)
	at java.rmi/sun.rmi.transport.tcp.TCPTransport.handleMessages(TCPTransport.java:562)
	at java.rmi/sun.rmi.transport.tcp.TCPTransport$ConnectionHandler.run0(TCPTransport.java:796)
	at java.rmi/sun.rmi.transport.tcp.TCPTransport$ConnectionHandler.lambda$run$0(TCPTransport.java:677)
	at java.base/java.security.AccessController.doPrivileged(Native Method)
	at java.rmi/sun.rmi.transport.tcp.TCPTransport$ConnectionHandler.run(TCPTransport.java:676)
	at java.base/java.util.concurrent.ThreadPoolExecutor.runWorker(ThreadPoolExecutor.java:1128)
	at java.base/java.util.concurrent.ThreadPoolExecutor$Worker.run(ThreadPoolExecutor.java:628)
	at java.base/java.lang.Thread.run(Thread.java:829)
	at java.rmi/sun.rmi.transport.StreamRemoteCall.exceptionReceivedFromServer(StreamRemoteCall.java:303)
	at java.rmi/sun.rmi.transport.StreamRemoteCall.executeCall(StreamRemoteCall.java:279)
	at java.rmi/sun.rmi.server.UnicastRef.invoke(UnicastRef.java:164)
	at java.rmi/java.rmi.server.RemoteObjectInvocationHandler.invokeRemoteMethod(RemoteObjectInvocationHandler.java:217)
	at java.rmi/java.rmi.server.RemoteObjectInvocationHandler.invoke(RemoteObjectInvocationHandler.java:162)
	at com.sun.proxy.$Proxy7.evosuite_collectStatistics(Unknown Source)
	at org.evosuite.rmi.service.ClientNodeImpl.updateStatistics(ClientNodeImpl.java:251)
	at org.evosuite.statistics.StatisticsSender.sendIndividualToMaster(StatisticsSender.java:62)
	at org.evosuite.statistics.StatisticsListener.lambda$new$0(StatisticsListener.java:76)
	at java.base/java.lang.Thread.run(Thread.java:829)
Caused by: java.rmi.UnmarshalException: error unmarshalling arguments; nested exception is: 
	java.lang.ClassNotFoundException: expect to get instruction without BasicBlock already set
	at java.rmi/sun.rmi.server.UnicastServerRef.dispatch(UnicastServerRef.java:350)
	at java.rmi/sun.rmi.transport.Transport$1.run(Transport.java:200)
	at java.rmi/sun.rmi.transport.Transport$1.run(Transport.java:197)
	at java.base/java.security.AccessController.doPrivileged(Native Method)
	at java.rmi/sun.rmi.transport.Transport.serviceCall(Transport.java:196)
	at java.rmi/sun.rmi.transport.tcp.TCPTransport.handleMessages(TCPTransport.java:562)
	at java.rmi/sun.rmi.transport.tcp.TCPTransport$ConnectionHandler.run0(TCPTransport.java:796)
	at java.rmi/sun.rmi.transport.tcp.TCPTransport$ConnectionHandler.lambda$run$0(TCPTransport.java:677)
	at java.base/java.security.AccessController.doPrivileged(Native Method)
	at java.rmi/sun.rmi.transport.tcp.TCPTransport$ConnectionHandler.run(TCPTransport.java:676)
	at java.base/java.util.concurrent.ThreadPoolExecutor.runWorker(ThreadPoolExecutor.java:1128)
	at java.base/java.util.concurrent.ThreadPoolExecutor$Worker.run(ThreadPoolExecutor.java:628)
	... 1 common frames omitted
Caused by: java.lang.ClassNotFoundException: expect to get instruction without BasicBlock already set
	at org.evosuite.instrumentation.InstrumentingClassLoader.instrumentClass(InstrumentingClassLoader.java:158)
	at org.evosuite.instrumentation.InstrumentingClassLoader.loadClass(InstrumentingClassLoader.java:126)
	at org.evosuite.utils.generic.GenericClassImpl.getClass(GenericClassImpl.java:139)
	at org.evosuite.utils.generic.GenericClassImpl.getClass(GenericClassImpl.java:105)
	at org.evosuite.utils.generic.GenericClassImpl.readObject(GenericClassImpl.java:1671)
	at jdk.internal.reflect.GeneratedMethodAccessor9.invoke(Unknown Source)
	at java.base/jdk.internal.reflect.DelegatingMethodAccessorImpl.invoke(DelegatingMethodAccessorImpl.java:43)
	at java.base/java.lang.reflect.Method.invoke(Method.java:566)
	at java.base/java.io.ObjectStreamClass.invokeReadObject(ObjectStreamClass.java:1046)
	at java.base/java.io.ObjectInputStream.readSerialData(ObjectInputStream.java:2357)
	at java.base/java.io.ObjectInputStream.readOrdinaryObject(ObjectInputStream.java:2228)
	at java.base/java.io.ObjectInputStream.readObject0(ObjectInputStream.java:1687)
	at java.base/java.io.ObjectInputStream.defaultReadFields(ObjectInputStream.java:2496)
	at java.base/java.io.ObjectInputStream.readSerialData(ObjectInputStream.java:2390)
	at java.base/java.io.ObjectInputStream.readOrdinaryObject(ObjectInputStream.java:2228)
	at java.base/java.io.ObjectInputStream.readObject0(ObjectInputStream.java:1687)
	at java.base/java.io.ObjectInputStream.defaultReadFields(ObjectInputStream.java:2496)
	at java.base/java.io.ObjectInputStream.readSerialData(ObjectInputStream.java:2390)
	at java.base/java.io.ObjectInputStream.readOrdinaryObject(ObjectInputStream.java:2228)
	at java.base/java.io.ObjectInputStream.readObject0(ObjectInputStream.java:1687)
	at java.base/java.io.ObjectInputStream.readObject(ObjectInputStream.java:489)
	at java.base/java.io.ObjectInputStream.readObject(ObjectInputStream.java:447)
	at java.base/java.util.ArrayList.readObject(ArrayList.java:929)
	at java.base/jdk.internal.reflect.GeneratedMethodAccessor7.invoke(Unknown Source)
	at java.base/jdk.internal.reflect.DelegatingMethodAccessorImpl.invoke(DelegatingMethodAccessorImpl.java:43)
	at java.base/java.lang.reflect.Method.invoke(Method.java:566)
	at java.base/java.io.ObjectStreamClass.invokeReadObject(ObjectStreamClass.java:1046)
	at java.base/java.io.ObjectInputStream.readSerialData(ObjectInputStream.java:2357)
	at java.base/java.io.ObjectInputStream.readOrdinaryObject(ObjectInputStream.java:2228)
	at java.base/java.io.ObjectInputStream.readObject0(ObjectInputStream.java:1687)
	at java.base/java.io.ObjectInputStream.defaultReadFields(ObjectInputStream.java:2496)
	at java.base/java.io.ObjectInputStream.readSerialData(ObjectInputStream.java:2390)
	at java.base/java.io.ObjectInputStream.readOrdinaryObject(ObjectInputStream.java:2228)
	at java.base/java.io.ObjectInputStream.readObject0(ObjectInputStream.java:1687)
	at java.base/java.io.ObjectInputStream.defaultReadFields(ObjectInputStream.java:2496)
	at java.base/java.io.ObjectInputStream.defaultReadObject(ObjectInputStream.java:625)
	at org.evosuite.testcase.DefaultTestCase.readObject(DefaultTestCase.java:1217)
	at jdk.internal.reflect.GeneratedMethodAccessor15.invoke(Unknown Source)
	at java.base/jdk.internal.reflect.DelegatingMethodAccessorImpl.invoke(DelegatingMethodAccessorImpl.java:43)
	at java.base/java.lang.reflect.Method.invoke(Method.java:566)
	at java.base/java.io.ObjectStreamClass.invokeReadObject(ObjectStreamClass.java:1046)
	at java.base/java.io.ObjectInputStream.readSerialData(ObjectInputStream.java:2357)
	at java.base/java.io.ObjectInputStream.readOrdinaryObject(ObjectInputStream.java:2228)
	at java.base/java.io.ObjectInputStream.readObject0(ObjectInputStream.java:1687)
	at java.base/java.io.ObjectInputStream.defaultReadFields(ObjectInputStream.java:2496)
	at java.base/java.io.ObjectInputStream.readSerialData(ObjectInputStream.java:2390)
	at java.base/java.io.ObjectInputStream.readOrdinaryObject(ObjectInputStream.java:2228)
	at java.base/java.io.ObjectInputStream.readObject0(ObjectInputStream.java:1687)
	at java.base/java.io.ObjectInputStream.readObject(ObjectInputStream.java:489)
	at java.base/java.io.ObjectInputStream.readObject(ObjectInputStream.java:447)
	at java.base/java.util.ArrayList.readObject(ArrayList.java:929)
	at java.base/jdk.internal.reflect.GeneratedMethodAccessor7.invoke(Unknown Source)
	at java.base/jdk.internal.reflect.DelegatingMethodAccessorImpl.invoke(DelegatingMethodAccessorImpl.java:43)
	at java.base/java.lang.reflect.Method.invoke(Method.java:566)
	at java.base/java.io.ObjectStreamClass.invokeReadObject(ObjectStreamClass.java:1046)
	at java.base/java.io.ObjectInputStream.readSerialData(ObjectInputStream.java:2357)
	at java.base/java.io.ObjectInputStream.readOrdinaryObject(ObjectInputStream.java:2228)
	at java.base/java.io.ObjectInputStream.readObject0(ObjectInputStream.java:1687)
	at java.base/java.io.ObjectInputStream.defaultReadFields(ObjectInputStream.java:2496)
	at java.base/java.io.ObjectInputStream.readSerialData(ObjectInputStream.java:2390)
	at java.base/java.io.ObjectInputStream.readOrdinaryObject(ObjectInputStream.java:2228)
	at java.base/java.io.ObjectInputStream.readObject0(ObjectInputStream.java:1687)
	at java.base/java.io.ObjectInputStream.readObject(ObjectInputStream.java:489)
	at java.base/java.io.ObjectInputStream.readObject(ObjectInputStream.java:447)
	at java.rmi/sun.rmi.server.UnicastRef.unmarshalValue(UnicastRef.java:327)
	at java.rmi/sun.rmi.server.UnicastServerRef.dispatch(UnicastServerRef.java:339)
	... 12 common frames omitted
Caused by: java.lang.IllegalArgumentException: expect to get instruction without BasicBlock already set
	at org.evosuite.graphs.cfg.BasicBlock.appendInstruction(BasicBlock.java:225)
	at org.evosuite.graphs.cfg.BasicBlock.setInstructions(BasicBlock.java:206)
	at org.evosuite.graphs.cfg.BasicBlock.<init>(BasicBlock.java:106)
	at org.evosuite.graphs.cfg.RawControlFlowGraph.determineBasicBlockFor(RawControlFlowGraph.java:314)
	at org.evosuite.graphs.cfg.ActualControlFlowGraph.computeNodes(ActualControlFlowGraph.java:295)
	at org.evosuite.graphs.cfg.ActualControlFlowGraph.computeGraph(ActualControlFlowGraph.java:262)
	at org.evosuite.graphs.cfg.ActualControlFlowGraph.<init>(ActualControlFlowGraph.java:97)
	at org.evosuite.graphs.cfg.CFGGenerator.computeActualCFG(CFGGenerator.java:218)
	at org.evosuite.graphs.cfg.CFGGenerator.registerCFGs(CFGGenerator.java:102)
	at org.evosuite.graphs.cfg.CFGMethodAdapter.visitEnd(CFGMethodAdapter.java:219)
	at org.evosuite.shaded.org.objectweb.asm.MethodVisitor.visitEnd(MethodVisitor.java:783)
	at org.evosuite.shaded.org.objectweb.asm.MethodVisitor.visitEnd(MethodVisitor.java:783)
	at org.evosuite.shaded.org.objectweb.asm.MethodVisitor.visitEnd(MethodVisitor.java:783)
	at org.evosuite.shaded.org.objectweb.asm.tree.MethodNode.accept(MethodNode.java:772)
	at org.evosuite.shaded.org.objectweb.asm.tree.MethodNode.accept(MethodNode.java:649)
	at org.evosuite.shaded.org.objectweb.asm.tree.ClassNode.accept(ClassNode.java:452)
	at org.evosuite.instrumentation.BytecodeInstrumentation.transformBytes(BytecodeInstrumentation.java:282)
	at org.evosuite.instrumentation.InstrumentingClassLoader.getTransformedBytes(InstrumentingClassLoader.java:135)
	at org.evosuite.instrumentation.InstrumentingClassLoader.instrumentClass(InstrumentingClassLoader.java:149)
	... 77 common frames omitted
[MASTER] 12:37:26.407 [logback-1] WARN  ClientNodeImpl - Cannot send statistics to master; continuing without statistics
java.rmi.ServerException: RemoteException occurred in server thread; nested exception is: 
	java.rmi.UnmarshalException: error unmarshalling arguments; nested exception is: 
	java.lang.ClassNotFoundException: expect to get instruction without BasicBlock already set
	at java.rmi/sun.rmi.server.UnicastServerRef.dispatch(UnicastServerRef.java:391)
	at java.rmi/sun.rmi.transport.Transport$1.run(Transport.java:200)
	at java.rmi/sun.rmi.transport.Transport$1.run(Transport.java:197)
	at java.base/java.security.AccessController.doPrivileged(Native Method)
	at java.rmi/sun.rmi.transport.Transport.serviceCall(Transport.java:196)
	at java.rmi/sun.rmi.transport.tcp.TCPTransport.handleMessages(TCPTransport.java:562)
	at java.rmi/sun.rmi.transport.tcp.TCPTransport$ConnectionHandler.run0(TCPTransport.java:796)
	at java.rmi/sun.rmi.transport.tcp.TCPTransport$ConnectionHandler.lambda$run$0(TCPTransport.java:677)
	at java.base/java.security.AccessController.doPrivileged(Native Method)
	at java.rmi/sun.rmi.transport.tcp.TCPTransport$ConnectionHandler.run(TCPTransport.java:676)
	at java.base/java.util.concurrent.ThreadPoolExecutor.runWorker(ThreadPoolExecutor.java:1128)
	at java.base/java.util.concurrent.ThreadPoolExecutor$Worker.run(ThreadPoolExecutor.java:628)
	at java.base/java.lang.Thread.run(Thread.java:829)
	at java.rmi/sun.rmi.transport.StreamRemoteCall.exceptionReceivedFromServer(StreamRemoteCall.java:303)
	at java.rmi/sun.rmi.transport.StreamRemoteCall.executeCall(StreamRemoteCall.java:279)
	at java.rmi/sun.rmi.server.UnicastRef.invoke(UnicastRef.java:164)
	at java.rmi/java.rmi.server.RemoteObjectInvocationHandler.invokeRemoteMethod(RemoteObjectInvocationHandler.java:217)
	at java.rmi/java.rmi.server.RemoteObjectInvocationHandler.invoke(RemoteObjectInvocationHandler.java:162)
	at com.sun.proxy.$Proxy7.evosuite_collectStatistics(Unknown Source)
	at org.evosuite.rmi.service.ClientNodeImpl.updateStatistics(ClientNodeImpl.java:251)
	at org.evosuite.statistics.StatisticsSender.sendIndividualToMaster(StatisticsSender.java:62)
	at org.evosuite.statistics.StatisticsListener.lambda$new$0(StatisticsListener.java:76)
	at java.base/java.lang.Thread.run(Thread.java:829)
Caused by: java.rmi.UnmarshalException: error unmarshalling arguments; nested exception is: 
	java.lang.ClassNotFoundException: expect to get instruction without BasicBlock already set
	at java.rmi/sun.rmi.server.UnicastServerRef.dispatch(UnicastServerRef.java:350)
	at java.rmi/sun.rmi.transport.Transport$1.run(Transport.java:200)
	at java.rmi/sun.rmi.transport.Transport$1.run(Transport.java:197)
	at java.base/java.security.AccessController.doPrivileged(Native Method)
	at java.rmi/sun.rmi.transport.Transport.serviceCall(Transport.java:196)
	at java.rmi/sun.rmi.transport.tcp.TCPTransport.handleMessages(TCPTransport.java:562)
	at java.rmi/sun.rmi.transport.tcp.TCPTransport$ConnectionHandler.run0(TCPTransport.java:796)
	at java.rmi/sun.rmi.transport.tcp.TCPTransport$ConnectionHandler.lambda$run$0(TCPTransport.java:677)
	at java.base/java.security.AccessController.doPrivileged(Native Method)
	at java.rmi/sun.rmi.transport.tcp.TCPTransport$ConnectionHandler.run(TCPTransport.java:676)
	at java.base/java.util.concurrent.ThreadPoolExecutor.runWorker(ThreadPoolExecutor.java:1128)
	at java.base/java.util.concurrent.ThreadPoolExecutor$Worker.run(ThreadPoolExecutor.java:628)
	... 1 common frames omitted
Caused by: java.lang.ClassNotFoundException: expect to get instruction without BasicBlock already set
	at org.evosuite.instrumentation.InstrumentingClassLoader.instrumentClass(InstrumentingClassLoader.java:158)
	at org.evosuite.instrumentation.InstrumentingClassLoader.loadClass(InstrumentingClassLoader.java:126)
	at org.evosuite.utils.generic.GenericClassImpl.getClass(GenericClassImpl.java:139)
	at org.evosuite.utils.generic.GenericClassImpl.getClass(GenericClassImpl.java:105)
	at org.evosuite.utils.generic.GenericClassImpl.readObject(GenericClassImpl.java:1671)
	at jdk.internal.reflect.GeneratedMethodAccessor9.invoke(Unknown Source)
	at java.base/jdk.internal.reflect.DelegatingMethodAccessorImpl.invoke(DelegatingMethodAccessorImpl.java:43)
	at java.base/java.lang.reflect.Method.invoke(Method.java:566)
	at java.base/java.io.ObjectStreamClass.invokeReadObject(ObjectStreamClass.java:1046)
	at java.base/java.io.ObjectInputStream.readSerialData(ObjectInputStream.java:2357)
	at java.base/java.io.ObjectInputStream.readOrdinaryObject(ObjectInputStream.java:2228)
	at java.base/java.io.ObjectInputStream.readObject0(ObjectInputStream.java:1687)
	at java.base/java.io.ObjectInputStream.defaultReadFields(ObjectInputStream.java:2496)
	at java.base/java.io.ObjectInputStream.readSerialData(ObjectInputStream.java:2390)
	at java.base/java.io.ObjectInputStream.readOrdinaryObject(ObjectInputStream.java:2228)
	at java.base/java.io.ObjectInputStream.readObject0(ObjectInputStream.java:1687)
	at java.base/java.io.ObjectInputStream.defaultReadFields(ObjectInputStream.java:2496)
	at java.base/java.io.ObjectInputStream.readSerialData(ObjectInputStream.java:2390)
	at java.base/java.io.ObjectInputStream.readOrdinaryObject(ObjectInputStream.java:2228)
	at java.base/java.io.ObjectInputStream.readObject0(ObjectInputStream.java:1687)
	at java.base/java.io.ObjectInputStream.readObject(ObjectInputStream.java:489)
	at java.base/java.io.ObjectInputStream.readObject(ObjectInputStream.java:447)
	at java.base/java.util.ArrayList.readObject(ArrayList.java:929)
	at java.base/jdk.internal.reflect.GeneratedMethodAccessor7.invoke(Unknown Source)
	at java.base/jdk.internal.reflect.DelegatingMethodAccessorImpl.invoke(DelegatingMethodAccessorImpl.java:43)
	at java.base/java.lang.reflect.Method.invoke(Method.java:566)
	at java.base/java.io.ObjectStreamClass.invokeReadObject(ObjectStreamClass.java:1046)
	at java.base/java.io.ObjectInputStream.readSerialData(ObjectInputStream.java:2357)
	at java.base/java.io.ObjectInputStream.readOrdinaryObject(ObjectInputStream.java:2228)
	at java.base/java.io.ObjectInputStream.readObject0(ObjectInputStream.java:1687)
	at java.base/java.io.ObjectInputStream.defaultReadFields(ObjectInputStream.java:2496)
	at java.base/java.io.ObjectInputStream.readSerialData(ObjectInputStream.java:2390)
	at java.base/java.io.ObjectInputStream.readOrdinaryObject(ObjectInputStream.java:2228)
	at java.base/java.io.ObjectInputStream.readObject0(ObjectInputStream.java:1687)
	at java.base/java.io.ObjectInputStream.defaultReadFields(ObjectInputStream.java:2496)
	at java.base/java.io.ObjectInputStream.defaultReadObject(ObjectInputStream.java:625)
	at org.evosuite.testcase.DefaultTestCase.readObject(DefaultTestCase.java:1217)
	at jdk.internal.reflect.GeneratedMethodAccessor15.invoke(Unknown Source)
	at java.base/jdk.internal.reflect.DelegatingMethodAccessorImpl.invoke(DelegatingMethodAccessorImpl.java:43)
	at java.base/java.lang.reflect.Method.invoke(Method.java:566)
	at java.base/java.io.ObjectStreamClass.invokeReadObject(ObjectStreamClass.java:1046)
	at java.base/java.io.ObjectInputStream.readSerialData(ObjectInputStream.java:2357)
	at java.base/java.io.ObjectInputStream.readOrdinaryObject(ObjectInputStream.java:2228)
	at java.base/java.io.ObjectInputStream.readObject0(ObjectInputStream.java:1687)
	at java.base/java.io.ObjectInputStream.defaultReadFields(ObjectInputStream.java:2496)
	at java.base/java.io.ObjectInputStream.readSerialData(ObjectInputStream.java:2390)
	at java.base/java.io.ObjectInputStream.readOrdinaryObject(ObjectInputStream.java:2228)
	at java.base/java.io.ObjectInputStream.readObject0(ObjectInputStream.java:1687)
	at java.base/java.io.ObjectInputStream.readObject(ObjectInputStream.java:489)
	at java.base/java.io.ObjectInputStream.readObject(ObjectInputStream.java:447)
	at java.base/java.util.ArrayList.readObject(ArrayList.java:929)
	at java.base/jdk.internal.reflect.GeneratedMethodAccessor7.invoke(Unknown Source)
	at java.base/jdk.internal.reflect.DelegatingMethodAccessorImpl.invoke(DelegatingMethodAccessorImpl.java:43)
	at java.base/java.lang.reflect.Method.invoke(Method.java:566)
	at java.base/java.io.ObjectStreamClass.invokeReadObject(ObjectStreamClass.java:1046)
	at java.base/java.io.ObjectInputStream.readSerialData(ObjectInputStream.java:2357)
	at java.base/java.io.ObjectInputStream.readOrdinaryObject(ObjectInputStream.java:2228)
	at java.base/java.io.ObjectInputStream.readObject0(ObjectInputStream.java:1687)
	at java.base/java.io.ObjectInputStream.defaultReadFields(ObjectInputStream.java:2496)
	at java.base/java.io.ObjectInputStream.readSerialData(ObjectInputStream.java:2390)
	at java.base/java.io.ObjectInputStream.readOrdinaryObject(ObjectInputStream.java:2228)
	at java.base/java.io.ObjectInputStream.readObject0(ObjectInputStream.java:1687)
	at java.base/java.io.ObjectInputStream.readObject(ObjectInputStream.java:489)
	at java.base/java.io.ObjectInputStream.readObject(ObjectInputStream.java:447)
	at java.rmi/sun.rmi.server.UnicastRef.unmarshalValue(UnicastRef.java:327)
	at java.rmi/sun.rmi.server.UnicastServerRef.dispatch(UnicastServerRef.java:339)
	... 12 common frames omitted
Caused by: java.lang.IllegalArgumentException: expect to get instruction without BasicBlock already set
	at org.evosuite.graphs.cfg.BasicBlock.appendInstruction(BasicBlock.java:225)
	at org.evosuite.graphs.cfg.BasicBlock.setInstructions(BasicBlock.java:206)
	at org.evosuite.graphs.cfg.BasicBlock.<init>(BasicBlock.java:106)
	at org.evosuite.graphs.cfg.RawControlFlowGraph.determineBasicBlockFor(RawControlFlowGraph.java:314)
	at org.evosuite.graphs.cfg.ActualControlFlowGraph.computeNodes(ActualControlFlowGraph.java:295)
	at org.evosuite.graphs.cfg.ActualControlFlowGraph.computeGraph(ActualControlFlowGraph.java:262)
	at org.evosuite.graphs.cfg.ActualControlFlowGraph.<init>(ActualControlFlowGraph.java:97)
	at org.evosuite.graphs.cfg.CFGGenerator.computeActualCFG(CFGGenerator.java:218)
	at org.evosuite.graphs.cfg.CFGGenerator.registerCFGs(CFGGenerator.java:102)
	at org.evosuite.graphs.cfg.CFGMethodAdapter.visitEnd(CFGMethodAdapter.java:219)
	at org.evosuite.shaded.org.objectweb.asm.MethodVisitor.visitEnd(MethodVisitor.java:783)
	at org.evosuite.shaded.org.objectweb.asm.MethodVisitor.visitEnd(MethodVisitor.java:783)
	at org.evosuite.shaded.org.objectweb.asm.MethodVisitor.visitEnd(MethodVisitor.java:783)
	at org.evosuite.shaded.org.objectweb.asm.tree.MethodNode.accept(MethodNode.java:772)
	at org.evosuite.shaded.org.objectweb.asm.tree.MethodNode.accept(MethodNode.java:649)
	at org.evosuite.shaded.org.objectweb.asm.tree.ClassNode.accept(ClassNode.java:452)
	at org.evosuite.instrumentation.BytecodeInstrumentation.transformBytes(BytecodeInstrumentation.java:282)
	at org.evosuite.instrumentation.InstrumentingClassLoader.getTransformedBytes(InstrumentingClassLoader.java:135)
	at org.evosuite.instrumentation.InstrumentingClassLoader.instrumentClass(InstrumentingClassLoader.java:149)
	... 77 common frames omitted
[MASTER] 12:37:29.966 [logback-1] WARN  ClientNodeImpl - Cannot send statistics to master; continuing without statistics
java.rmi.ServerException: RemoteException occurred in server thread; nested exception is: 
	java.rmi.UnmarshalException: error unmarshalling arguments; nested exception is: 
	java.lang.ClassNotFoundException: expect to get instruction without BasicBlock already set
	at java.rmi/sun.rmi.server.UnicastServerRef.dispatch(UnicastServerRef.java:391)
	at java.rmi/sun.rmi.transport.Transport$1.run(Transport.java:200)
	at java.rmi/sun.rmi.transport.Transport$1.run(Transport.java:197)
	at java.base/java.security.AccessController.doPrivileged(Native Method)
	at java.rmi/sun.rmi.transport.Transport.serviceCall(Transport.java:196)
	at java.rmi/sun.rmi.transport.tcp.TCPTransport.handleMessages(TCPTransport.java:562)
	at java.rmi/sun.rmi.transport.tcp.TCPTransport$ConnectionHandler.run0(TCPTransport.java:796)
	at java.rmi/sun.rmi.transport.tcp.TCPTransport$ConnectionHandler.lambda$run$0(TCPTransport.java:677)
	at java.base/java.security.AccessController.doPrivileged(Native Method)
	at java.rmi/sun.rmi.transport.tcp.TCPTransport$ConnectionHandler.run(TCPTransport.java:676)
	at java.base/java.util.concurrent.ThreadPoolExecutor.runWorker(ThreadPoolExecutor.java:1128)
	at java.base/java.util.concurrent.ThreadPoolExecutor$Worker.run(ThreadPoolExecutor.java:628)
	at java.base/java.lang.Thread.run(Thread.java:829)
	at java.rmi/sun.rmi.transport.StreamRemoteCall.exceptionReceivedFromServer(StreamRemoteCall.java:303)
	at java.rmi/sun.rmi.transport.StreamRemoteCall.executeCall(StreamRemoteCall.java:279)
	at java.rmi/sun.rmi.server.UnicastRef.invoke(UnicastRef.java:164)
	at java.rmi/java.rmi.server.RemoteObjectInvocationHandler.invokeRemoteMethod(RemoteObjectInvocationHandler.java:217)
	at java.rmi/java.rmi.server.RemoteObjectInvocationHandler.invoke(RemoteObjectInvocationHandler.java:162)
	at com.sun.proxy.$Proxy7.evosuite_collectStatistics(Unknown Source)
	at org.evosuite.rmi.service.ClientNodeImpl.updateStatistics(ClientNodeImpl.java:251)
	at org.evosuite.statistics.StatisticsSender.sendIndividualToMaster(StatisticsSender.java:62)
	at org.evosuite.statistics.StatisticsSender.executedAndThenSendIndividualToMaster(StatisticsSender.java:91)
	at org.evosuite.TestSuiteGenerator.generateTests(TestSuiteGenerator.java:636)
	at org.evosuite.TestSuiteGenerator.generateTestSuite(TestSuiteGenerator.java:208)
	at org.evosuite.rmi.service.ClientNodeImpl.lambda$startNewSearch$0(ClientNodeImpl.java:140)
	at java.base/java.util.concurrent.Executors$RunnableAdapter.call(Executors.java:515)
	at java.base/java.util.concurrent.FutureTask.run(FutureTask.java:264)
	at java.base/java.util.concurrent.ThreadPoolExecutor.runWorker(ThreadPoolExecutor.java:1128)
	at java.base/java.util.concurrent.ThreadPoolExecutor$Worker.run(ThreadPoolExecutor.java:628)
	at java.base/java.lang.Thread.run(Thread.java:829)
Caused by: java.rmi.UnmarshalException: error unmarshalling arguments; nested exception is: 
	java.lang.ClassNotFoundException: expect to get instruction without BasicBlock already set
	at java.rmi/sun.rmi.server.UnicastServerRef.dispatch(UnicastServerRef.java:350)
	at java.rmi/sun.rmi.transport.Transport$1.run(Transport.java:200)
	at java.rmi/sun.rmi.transport.Transport$1.run(Transport.java:197)
	at java.base/java.security.AccessController.doPrivileged(Native Method)
	at java.rmi/sun.rmi.transport.Transport.serviceCall(Transport.java:196)
	at java.rmi/sun.rmi.transport.tcp.TCPTransport.handleMessages(TCPTransport.java:562)
	at java.rmi/sun.rmi.transport.tcp.TCPTransport$ConnectionHandler.run0(TCPTransport.java:796)
	at java.rmi/sun.rmi.transport.tcp.TCPTransport$ConnectionHandler.lambda$run$0(TCPTransport.java:677)
	at java.base/java.security.AccessController.doPrivileged(Native Method)
	at java.rmi/sun.rmi.transport.tcp.TCPTransport$ConnectionHandler.run(TCPTransport.java:676)
	... 3 common frames omitted
Caused by: java.lang.ClassNotFoundException: expect to get instruction without BasicBlock already set
	at org.evosuite.instrumentation.InstrumentingClassLoader.instrumentClass(InstrumentingClassLoader.java:158)
	at org.evosuite.instrumentation.InstrumentingClassLoader.loadClass(InstrumentingClassLoader.java:126)
	at org.evosuite.utils.generic.GenericClassImpl.getClass(GenericClassImpl.java:139)
	at org.evosuite.utils.generic.GenericClassImpl.getClass(GenericClassImpl.java:105)
	at org.evosuite.utils.generic.GenericClassImpl.readObject(GenericClassImpl.java:1671)
	at jdk.internal.reflect.GeneratedMethodAccessor9.invoke(Unknown Source)
	at java.base/jdk.internal.reflect.DelegatingMethodAccessorImpl.invoke(DelegatingMethodAccessorImpl.java:43)
	at java.base/java.lang.reflect.Method.invoke(Method.java:566)
	at java.base/java.io.ObjectStreamClass.invokeReadObject(ObjectStreamClass.java:1046)
	at java.base/java.io.ObjectInputStream.readSerialData(ObjectInputStream.java:2357)
	at java.base/java.io.ObjectInputStream.readOrdinaryObject(ObjectInputStream.java:2228)
	at java.base/java.io.ObjectInputStream.readObject0(ObjectInputStream.java:1687)
	at java.base/java.io.ObjectInputStream.defaultReadFields(ObjectInputStream.java:2496)
	at java.base/java.io.ObjectInputStream.readSerialData(ObjectInputStream.java:2390)
	at java.base/java.io.ObjectInputStream.readOrdinaryObject(ObjectInputStream.java:2228)
	at java.base/java.io.ObjectInputStream.readObject0(ObjectInputStream.java:1687)
	at java.base/java.io.ObjectInputStream.defaultReadFields(ObjectInputStream.java:2496)
	at java.base/java.io.ObjectInputStream.readSerialData(ObjectInputStream.java:2390)
	at java.base/java.io.ObjectInputStream.readOrdinaryObject(ObjectInputStream.java:2228)
	at java.base/java.io.ObjectInputStream.readObject0(ObjectInputStream.java:1687)
	at java.base/java.io.ObjectInputStream.readObject(ObjectInputStream.java:489)
	at java.base/java.io.ObjectInputStream.readObject(ObjectInputStream.java:447)
	at java.base/java.util.ArrayList.readObject(ArrayList.java:929)
	at java.base/jdk.internal.reflect.GeneratedMethodAccessor7.invoke(Unknown Source)
	at java.base/jdk.internal.reflect.DelegatingMethodAccessorImpl.invoke(DelegatingMethodAccessorImpl.java:43)
	at java.base/java.lang.reflect.Method.invoke(Method.java:566)
	at java.base/java.io.ObjectStreamClass.invokeReadObject(ObjectStreamClass.java:1046)
	at java.base/java.io.ObjectInputStream.readSerialData(ObjectInputStream.java:2357)
	at java.base/java.io.ObjectInputStream.readOrdinaryObject(ObjectInputStream.java:2228)
	at java.base/java.io.ObjectInputStream.readObject0(ObjectInputStream.java:1687)
	at java.base/java.io.ObjectInputStream.defaultReadFields(ObjectInputStream.java:2496)
	at java.base/java.io.ObjectInputStream.readSerialData(ObjectInputStream.java:2390)
	at java.base/java.io.ObjectInputStream.readOrdinaryObject(ObjectInputStream.java:2228)
	at java.base/java.io.ObjectInputStream.readObject0(ObjectInputStream.java:1687)
	at java.base/java.io.ObjectInputStream.defaultReadFields(ObjectInputStream.java:2496)
	at java.base/java.io.ObjectInputStream.defaultReadObject(ObjectInputStream.java:625)
	at org.evosuite.testcase.DefaultTestCase.readObject(DefaultTestCase.java:1217)
	at jdk.internal.reflect.GeneratedMethodAccessor15.invoke(Unknown Source)
	at java.base/jdk.internal.reflect.DelegatingMethodAccessorImpl.invoke(DelegatingMethodAccessorImpl.java:43)
	at java.base/java.lang.reflect.Method.invoke(Method.java:566)
	at java.base/java.io.ObjectStreamClass.invokeReadObject(ObjectStreamClass.java:1046)
	at java.base/java.io.ObjectInputStream.readSerialData(ObjectInputStream.java:2357)
	at java.base/java.io.ObjectInputStream.readOrdinaryObject(ObjectInputStream.java:2228)
	at java.base/java.io.ObjectInputStream.readObject0(ObjectInputStream.java:1687)
	at java.base/java.io.ObjectInputStream.defaultReadFields(ObjectInputStream.java:2496)
	at java.base/java.io.ObjectInputStream.readSerialData(ObjectInputStream.java:2390)
	at java.base/java.io.ObjectInputStream.readOrdinaryObject(ObjectInputStream.java:2228)
	at java.base/java.io.ObjectInputStream.readObject0(ObjectInputStream.java:1687)
	at java.base/java.io.ObjectInputStream.readObject(ObjectInputStream.java:489)
	at java.base/java.io.ObjectInputStream.readObject(ObjectInputStream.java:447)
	at java.base/java.util.ArrayList.readObject(ArrayList.java:929)
	at java.base/jdk.internal.reflect.GeneratedMethodAccessor7.invoke(Unknown Source)
	at java.base/jdk.internal.reflect.DelegatingMethodAccessorImpl.invoke(DelegatingMethodAccessorImpl.java:43)
	at java.base/java.lang.reflect.Method.invoke(Method.java:566)
	at java.base/java.io.ObjectStreamClass.invokeReadObject(ObjectStreamClass.java:1046)
	at java.base/java.io.ObjectInputStream.readSerialData(ObjectInputStream.java:2357)
	at java.base/java.io.ObjectInputStream.readOrdinaryObject(ObjectInputStream.java:2228)
	at java.base/java.io.ObjectInputStream.readObject0(ObjectInputStream.java:1687)
	at java.base/java.io.ObjectInputStream.defaultReadFields(ObjectInputStream.java:2496)
	at java.base/java.io.ObjectInputStream.readSerialData(ObjectInputStream.java:2390)
	at java.base/java.io.ObjectInputStream.readOrdinaryObject(ObjectInputStream.java:2228)
	at java.base/java.io.ObjectInputStream.readObject0(ObjectInputStream.java:1687)
	at java.base/java.io.ObjectInputStream.readObject(ObjectInputStream.java:489)
	at java.base/java.io.ObjectInputStream.readObject(ObjectInputStream.java:447)
	at java.rmi/sun.rmi.server.UnicastRef.unmarshalValue(UnicastRef.java:327)
	at java.rmi/sun.rmi.server.UnicastServerRef.dispatch(UnicastServerRef.java:339)
	... 12 common frames omitted
Caused by: java.lang.IllegalArgumentException: expect to get instruction without BasicBlock already set
	at org.evosuite.graphs.cfg.BasicBlock.appendInstruction(BasicBlock.java:225)
	at org.evosuite.graphs.cfg.BasicBlock.setInstructions(BasicBlock.java:206)
	at org.evosuite.graphs.cfg.BasicBlock.<init>(BasicBlock.java:106)
	at org.evosuite.graphs.cfg.RawControlFlowGraph.determineBasicBlockFor(RawControlFlowGraph.java:314)
	at org.evosuite.graphs.cfg.ActualControlFlowGraph.computeNodes(ActualControlFlowGraph.java:295)
	at org.evosuite.graphs.cfg.ActualControlFlowGraph.computeGraph(ActualControlFlowGraph.java:262)
	at org.evosuite.graphs.cfg.ActualControlFlowGraph.<init>(ActualControlFlowGraph.java:97)
	at org.evosuite.graphs.cfg.CFGGenerator.computeActualCFG(CFGGenerator.java:218)
	at org.evosuite.graphs.cfg.CFGGenerator.registerCFGs(CFGGenerator.java:102)
	at org.evosuite.graphs.cfg.CFGMethodAdapter.visitEnd(CFGMethodAdapter.java:219)
	at org.evosuite.shaded.org.objectweb.asm.MethodVisitor.visitEnd(MethodVisitor.java:783)
	at org.evosuite.shaded.org.objectweb.asm.MethodVisitor.visitEnd(MethodVisitor.java:783)
	at org.evosuite.shaded.org.objectweb.asm.MethodVisitor.visitEnd(MethodVisitor.java:783)
	at org.evosuite.shaded.org.objectweb.asm.tree.MethodNode.accept(MethodNode.java:772)
	at org.evosuite.shaded.org.objectweb.asm.tree.MethodNode.accept(MethodNode.java:649)
	at org.evosuite.shaded.org.objectweb.asm.tree.ClassNode.accept(ClassNode.java:452)
	at org.evosuite.instrumentation.BytecodeInstrumentation.transformBytes(BytecodeInstrumentation.java:282)
	at org.evosuite.instrumentation.InstrumentingClassLoader.getTransformedBytes(InstrumentingClassLoader.java:135)
	at org.evosuite.instrumentation.InstrumentingClassLoader.instrumentClass(InstrumentingClassLoader.java:149)
	... 77 common frames omitted
[MASTER] 12:37:29.989 [logback-1] WARN  TimeController - Phase SEARCH lasted too long, 44 seconds more than allowed.
* Minimizing test suite
* Going to analyze the coverage criteria
* Coverage analysis for criterion LINE
* Coverage of criterion LINE: 75%
* Total number of goals: 331
* Number of covered goals: 247
* Coverage analysis for criterion BRANCH
* Coverage of criterion BRANCH: 73%
* Total number of goals: 354
* Number of covered goals: 258
* Coverage analysis for criterion EXCEPTION
* Coverage of criterion EXCEPTION: 100%
* Total number of goals: 13
* Number of covered goals: 13
* Coverage analysis for criterion WEAKMUTATION
* Coverage of criterion WEAKMUTATION: 59%
* Total number of goals: 779
* Number of covered goals: 461
* Coverage analysis for criterion OUTPUT
* Coverage of criterion OUTPUT: 47%
* Total number of goals: 57
* Number of covered goals: 27
* Coverage analysis for criterion METHOD
* Coverage of criterion METHOD: 34%
* Total number of goals: 53
* Number of covered goals: 18
* Coverage analysis for criterion METHODNOEXCEPTION
* Coverage of criterion METHODNOEXCEPTION: 34%
* Total number of goals: 53
* Number of covered goals: 18
* Coverage analysis for criterion CBRANCH
* Coverage of criterion CBRANCH: 73%
* Total number of goals: 354
* Number of covered goals: 258
* Generated 77 tests with total length 300
* Resulting test suite's coverage: 61% (average coverage for all fitness functions)
[MASTER] 12:37:38.622 [logback-1] WARN  ClientNodeImpl - Cannot send statistics to master; continuing without statistics
java.rmi.ServerException: RemoteException occurred in server thread; nested exception is: 
	java.rmi.UnmarshalException: error unmarshalling arguments; nested exception is: 
	java.lang.ClassNotFoundException: expect to get instruction without BasicBlock already set
	at java.rmi/sun.rmi.server.UnicastServerRef.dispatch(UnicastServerRef.java:391)
	at java.rmi/sun.rmi.transport.Transport$1.run(Transport.java:200)
	at java.rmi/sun.rmi.transport.Transport$1.run(Transport.java:197)
	at java.base/java.security.AccessController.doPrivileged(Native Method)
	at java.rmi/sun.rmi.transport.Transport.serviceCall(Transport.java:196)
	at java.rmi/sun.rmi.transport.tcp.TCPTransport.handleMessages(TCPTransport.java:562)
	at java.rmi/sun.rmi.transport.tcp.TCPTransport$ConnectionHandler.run0(TCPTransport.java:796)
	at java.rmi/sun.rmi.transport.tcp.TCPTransport$ConnectionHandler.lambda$run$0(TCPTransport.java:677)
	at java.base/java.security.AccessController.doPrivileged(Native Method)
	at java.rmi/sun.rmi.transport.tcp.TCPTransport$ConnectionHandler.run(TCPTransport.java:676)
	at java.base/java.util.concurrent.ThreadPoolExecutor.runWorker(ThreadPoolExecutor.java:1128)
	at java.base/java.util.concurrent.ThreadPoolExecutor$Worker.run(ThreadPoolExecutor.java:628)
	at java.base/java.lang.Thread.run(Thread.java:829)
	at java.rmi/sun.rmi.transport.StreamRemoteCall.exceptionReceivedFromServer(StreamRemoteCall.java:303)
	at java.rmi/sun.rmi.transport.StreamRemoteCall.executeCall(StreamRemoteCall.java:279)
	at java.rmi/sun.rmi.server.UnicastRef.invoke(UnicastRef.java:164)
	at java.rmi/java.rmi.server.RemoteObjectInvocationHandler.invokeRemoteMethod(RemoteObjectInvocationHandler.java:217)
	at java.rmi/java.rmi.server.RemoteObjectInvocationHandler.invoke(RemoteObjectInvocationHandler.java:162)
	at com.sun.proxy.$Proxy7.evosuite_collectStatistics(Unknown Source)
	at org.evosuite.rmi.service.ClientNodeImpl.updateStatistics(ClientNodeImpl.java:251)
	at org.evosuite.statistics.StatisticsSender.sendIndividualToMaster(StatisticsSender.java:62)
	at org.evosuite.statistics.StatisticsSender.executedAndThenSendIndividualToMaster(StatisticsSender.java:91)
	at org.evosuite.TestSuiteGenerator.postProcessTests(TestSuiteGenerator.java:445)
	at org.evosuite.TestSuiteGenerator.generateTestSuite(TestSuiteGenerator.java:218)
	at org.evosuite.rmi.service.ClientNodeImpl.lambda$startNewSearch$0(ClientNodeImpl.java:140)
	at java.base/java.util.concurrent.Executors$RunnableAdapter.call(Executors.java:515)
	at java.base/java.util.concurrent.FutureTask.run(FutureTask.java:264)
	at java.base/java.util.concurrent.ThreadPoolExecutor.runWorker(ThreadPoolExecutor.java:1128)
	at java.base/java.util.concurrent.ThreadPoolExecutor$Worker.run(ThreadPoolExecutor.java:628)
	at java.base/java.lang.Thread.run(Thread.java:829)
Caused by: java.rmi.UnmarshalException: error unmarshalling arguments; nested exception is: 
	java.lang.ClassNotFoundException: expect to get instruction without BasicBlock already set
	at java.rmi/sun.rmi.server.UnicastServerRef.dispatch(UnicastServerRef.java:350)
	at java.rmi/sun.rmi.transport.Transport$1.run(Transport.java:200)
	at java.rmi/sun.rmi.transport.Transport$1.run(Transport.java:197)
	at java.base/java.security.AccessController.doPrivileged(Native Method)
	at java.rmi/sun.rmi.transport.Transport.serviceCall(Transport.java:196)
	at java.rmi/sun.rmi.transport.tcp.TCPTransport.handleMessages(TCPTransport.java:562)
	at java.rmi/sun.rmi.transport.tcp.TCPTransport$ConnectionHandler.run0(TCPTransport.java:796)
	at java.rmi/sun.rmi.transport.tcp.TCPTransport$ConnectionHandler.lambda$run$0(TCPTransport.java:677)
	at java.base/java.security.AccessController.doPrivileged(Native Method)
	at java.rmi/sun.rmi.transport.tcp.TCPTransport$ConnectionHandler.run(TCPTransport.java:676)
	... 3 common frames omitted
Caused by: java.lang.ClassNotFoundException: expect to get instruction without BasicBlock already set
	at org.evosuite.instrumentation.InstrumentingClassLoader.instrumentClass(InstrumentingClassLoader.java:158)
	at org.evosuite.instrumentation.InstrumentingClassLoader.loadClass(InstrumentingClassLoader.java:126)
	at org.evosuite.utils.generic.GenericClassImpl.getClass(GenericClassImpl.java:139)
	at org.evosuite.utils.generic.GenericClassImpl.getClass(GenericClassImpl.java:105)
	at org.evosuite.utils.generic.GenericClassImpl.readObject(GenericClassImpl.java:1671)
	at jdk.internal.reflect.GeneratedMethodAccessor9.invoke(Unknown Source)
	at java.base/jdk.internal.reflect.DelegatingMethodAccessorImpl.invoke(DelegatingMethodAccessorImpl.java:43)
	at java.base/java.lang.reflect.Method.invoke(Method.java:566)
	at java.base/java.io.ObjectStreamClass.invokeReadObject(ObjectStreamClass.java:1046)
	at java.base/java.io.ObjectInputStream.readSerialData(ObjectInputStream.java:2357)
	at java.base/java.io.ObjectInputStream.readOrdinaryObject(ObjectInputStream.java:2228)
	at java.base/java.io.ObjectInputStream.readObject0(ObjectInputStream.java:1687)
	at java.base/java.io.ObjectInputStream.defaultReadFields(ObjectInputStream.java:2496)
	at java.base/java.io.ObjectInputStream.readSerialData(ObjectInputStream.java:2390)
	at java.base/java.io.ObjectInputStream.readOrdinaryObject(ObjectInputStream.java:2228)
	at java.base/java.io.ObjectInputStream.readObject0(ObjectInputStream.java:1687)
	at java.base/java.io.ObjectInputStream.defaultReadFields(ObjectInputStream.java:2496)
	at java.base/java.io.ObjectInputStream.readSerialData(ObjectInputStream.java:2390)
	at java.base/java.io.ObjectInputStream.readOrdinaryObject(ObjectInputStream.java:2228)
	at java.base/java.io.ObjectInputStream.readObject0(ObjectInputStream.java:1687)
	at java.base/java.io.ObjectInputStream.readObject(ObjectInputStream.java:489)
	at java.base/java.io.ObjectInputStream.readObject(ObjectInputStream.java:447)
	at java.base/java.util.ArrayList.readObject(ArrayList.java:929)
	at java.base/jdk.internal.reflect.GeneratedMethodAccessor7.invoke(Unknown Source)
	at java.base/jdk.internal.reflect.DelegatingMethodAccessorImpl.invoke(DelegatingMethodAccessorImpl.java:43)
	at java.base/java.lang.reflect.Method.invoke(Method.java:566)
	at java.base/java.io.ObjectStreamClass.invokeReadObject(ObjectStreamClass.java:1046)
	at java.base/java.io.ObjectInputStream.readSerialData(ObjectInputStream.java:2357)
	at java.base/java.io.ObjectInputStream.readOrdinaryObject(ObjectInputStream.java:2228)
	at java.base/java.io.ObjectInputStream.readObject0(ObjectInputStream.java:1687)
	at java.base/java.io.ObjectInputStream.defaultReadFields(ObjectInputStream.java:2496)
	at java.base/java.io.ObjectInputStream.readSerialData(ObjectInputStream.java:2390)
	at java.base/java.io.ObjectInputStream.readOrdinaryObject(ObjectInputStream.java:2228)
	at java.base/java.io.ObjectInputStream.readObject0(ObjectInputStream.java:1687)
	at java.base/java.io.ObjectInputStream.defaultReadFields(ObjectInputStream.java:2496)
	at java.base/java.io.ObjectInputStream.defaultReadObject(ObjectInputStream.java:625)
	at org.evosuite.testcase.DefaultTestCase.readObject(DefaultTestCase.java:1217)
	at jdk.internal.reflect.GeneratedMethodAccessor15.invoke(Unknown Source)
	at java.base/jdk.internal.reflect.DelegatingMethodAccessorImpl.invoke(DelegatingMethodAccessorImpl.java:43)
	at java.base/java.lang.reflect.Method.invoke(Method.java:566)
	at java.base/java.io.ObjectStreamClass.invokeReadObject(ObjectStreamClass.java:1046)
	at java.base/java.io.ObjectInputStream.readSerialData(ObjectInputStream.java:2357)
	at java.base/java.io.ObjectInputStream.readOrdinaryObject(ObjectInputStream.java:2228)
	at java.base/java.io.ObjectInputStream.readObject0(ObjectInputStream.java:1687)
	at java.base/java.io.ObjectInputStream.defaultReadFields(ObjectInputStream.java:2496)
	at java.base/java.io.ObjectInputStream.readSerialData(ObjectInputStream.java:2390)
	at java.base/java.io.ObjectInputStream.readOrdinaryObject(ObjectInputStream.java:2228)
	at java.base/java.io.ObjectInputStream.readObject0(ObjectInputStream.java:1687)
	at java.base/java.io.ObjectInputStream.readObject(ObjectInputStream.java:489)
	at java.base/java.io.ObjectInputStream.readObject(ObjectInputStream.java:447)
	at java.base/java.util.ArrayList.readObject(ArrayList.java:929)
	at java.base/jdk.internal.reflect.GeneratedMethodAccessor7.invoke(Unknown Source)
	at java.base/jdk.internal.reflect.DelegatingMethodAccessorImpl.invoke(DelegatingMethodAccessorImpl.java:43)
	at java.base/java.lang.reflect.Method.invoke(Method.java:566)
	at java.base/java.io.ObjectStreamClass.invokeReadObject(ObjectStreamClass.java:1046)
	at java.base/java.io.ObjectInputStream.readSerialData(ObjectInputStream.java:2357)
	at java.base/java.io.ObjectInputStream.readOrdinaryObject(ObjectInputStream.java:2228)
	at java.base/java.io.ObjectInputStream.readObject0(ObjectInputStream.java:1687)
	at java.base/java.io.ObjectInputStream.defaultReadFields(ObjectInputStream.java:2496)
	at java.base/java.io.ObjectInputStream.readSerialData(ObjectInputStream.java:2390)
	at java.base/java.io.ObjectInputStream.readOrdinaryObject(ObjectInputStream.java:2228)
	at java.base/java.io.ObjectInputStream.readObject0(ObjectInputStream.java:1687)
	at java.base/java.io.ObjectInputStream.readObject(ObjectInputStream.java:489)
	at java.base/java.io.ObjectInputStream.readObject(ObjectInputStream.java:447)
	at java.rmi/sun.rmi.server.UnicastRef.unmarshalValue(UnicastRef.java:327)
	at java.rmi/sun.rmi.server.UnicastServerRef.dispatch(UnicastServerRef.java:339)
	... 12 common frames omitted
Caused by: java.lang.IllegalArgumentException: expect to get instruction without BasicBlock already set
	at org.evosuite.graphs.cfg.BasicBlock.appendInstruction(BasicBlock.java:225)
	at org.evosuite.graphs.cfg.BasicBlock.setInstructions(BasicBlock.java:206)
	at org.evosuite.graphs.cfg.BasicBlock.<init>(BasicBlock.java:106)
	at org.evosuite.graphs.cfg.RawControlFlowGraph.determineBasicBlockFor(RawControlFlowGraph.java:314)
	at org.evosuite.graphs.cfg.ActualControlFlowGraph.computeNodes(ActualControlFlowGraph.java:295)
	at org.evosuite.graphs.cfg.ActualControlFlowGraph.computeGraph(ActualControlFlowGraph.java:262)
	at org.evosuite.graphs.cfg.ActualControlFlowGraph.<init>(ActualControlFlowGraph.java:97)
	at org.evosuite.graphs.cfg.CFGGenerator.computeActualCFG(CFGGenerator.java:218)
	at org.evosuite.graphs.cfg.CFGGenerator.registerCFGs(CFGGenerator.java:102)
	at org.evosuite.graphs.cfg.CFGMethodAdapter.visitEnd(CFGMethodAdapter.java:219)
	at org.evosuite.shaded.org.objectweb.asm.MethodVisitor.visitEnd(MethodVisitor.java:783)
	at org.evosuite.shaded.org.objectweb.asm.MethodVisitor.visitEnd(MethodVisitor.java:783)
	at org.evosuite.shaded.org.objectweb.asm.MethodVisitor.visitEnd(MethodVisitor.java:783)
	at org.evosuite.shaded.org.objectweb.asm.tree.MethodNode.accept(MethodNode.java:772)
	at org.evosuite.shaded.org.objectweb.asm.tree.MethodNode.accept(MethodNode.java:649)
	at org.evosuite.shaded.org.objectweb.asm.tree.ClassNode.accept(ClassNode.java:452)
	at org.evosuite.instrumentation.BytecodeInstrumentation.transformBytes(BytecodeInstrumentation.java:282)
	at org.evosuite.instrumentation.InstrumentingClassLoader.getTransformedBytes(InstrumentingClassLoader.java:135)
	at org.evosuite.instrumentation.InstrumentingClassLoader.instrumentClass(InstrumentingClassLoader.java:149)
	... 77 common frames omitted
* Generating assertions
[MASTER] 12:38:27.177 [logback-1] WARN  SimpleMutationAssertionGenerator - Assertion minimization is taking too long (0.8092333333333334% of time used, but only 4/77 tests minimized), falling back to using all assertions
* Resulting test suite's mutation score: 7%
* Compiling and checking tests
[MASTER] 12:38:31.707 [logback-1] WARN  ClientNodeImpl - Cannot send statistics to master; continuing without statistics
java.rmi.ServerException: RemoteException occurred in server thread; nested exception is: 
	java.rmi.UnmarshalException: error unmarshalling arguments; nested exception is: 
	java.lang.ClassNotFoundException: expect to get instruction without BasicBlock already set
	at java.rmi/sun.rmi.server.UnicastServerRef.dispatch(UnicastServerRef.java:391)
	at java.rmi/sun.rmi.transport.Transport$1.run(Transport.java:200)
	at java.rmi/sun.rmi.transport.Transport$1.run(Transport.java:197)
	at java.base/java.security.AccessController.doPrivileged(Native Method)
	at java.rmi/sun.rmi.transport.Transport.serviceCall(Transport.java:196)
	at java.rmi/sun.rmi.transport.tcp.TCPTransport.handleMessages(TCPTransport.java:562)
	at java.rmi/sun.rmi.transport.tcp.TCPTransport$ConnectionHandler.run0(TCPTransport.java:796)
	at java.rmi/sun.rmi.transport.tcp.TCPTransport$ConnectionHandler.lambda$run$0(TCPTransport.java:677)
	at java.base/java.security.AccessController.doPrivileged(Native Method)
	at java.rmi/sun.rmi.transport.tcp.TCPTransport$ConnectionHandler.run(TCPTransport.java:676)
	at java.base/java.util.concurrent.ThreadPoolExecutor.runWorker(ThreadPoolExecutor.java:1128)
	at java.base/java.util.concurrent.ThreadPoolExecutor$Worker.run(ThreadPoolExecutor.java:628)
	at java.base/java.lang.Thread.run(Thread.java:829)
	at java.rmi/sun.rmi.transport.StreamRemoteCall.exceptionReceivedFromServer(StreamRemoteCall.java:303)
	at java.rmi/sun.rmi.transport.StreamRemoteCall.executeCall(StreamRemoteCall.java:279)
	at java.rmi/sun.rmi.server.UnicastRef.invoke(UnicastRef.java:164)
	at java.rmi/java.rmi.server.RemoteObjectInvocationHandler.invokeRemoteMethod(RemoteObjectInvocationHandler.java:217)
	at java.rmi/java.rmi.server.RemoteObjectInvocationHandler.invoke(RemoteObjectInvocationHandler.java:162)
	at com.sun.proxy.$Proxy7.evosuite_collectStatistics(Unknown Source)
	at org.evosuite.rmi.service.ClientNodeImpl.updateStatistics(ClientNodeImpl.java:251)
	at org.evosuite.statistics.StatisticsSender.sendIndividualToMaster(StatisticsSender.java:62)
	at org.evosuite.TestSuiteGenerator.postProcessTests(TestSuiteGenerator.java:502)
	at org.evosuite.TestSuiteGenerator.generateTestSuite(TestSuiteGenerator.java:218)
	at org.evosuite.rmi.service.ClientNodeImpl.lambda$startNewSearch$0(ClientNodeImpl.java:140)
	at java.base/java.util.concurrent.Executors$RunnableAdapter.call(Executors.java:515)
	at java.base/java.util.concurrent.FutureTask.run(FutureTask.java:264)
	at java.base/java.util.concurrent.ThreadPoolExecutor.runWorker(ThreadPoolExecutor.java:1128)
	at java.base/java.util.concurrent.ThreadPoolExecutor$Worker.run(ThreadPoolExecutor.java:628)
	at java.base/java.lang.Thread.run(Thread.java:829)
Caused by: java.rmi.UnmarshalException: error unmarshalling arguments; nested exception is: 
	java.lang.ClassNotFoundException: expect to get instruction without BasicBlock already set
	at java.rmi/sun.rmi.server.UnicastServerRef.dispatch(UnicastServerRef.java:350)
	at java.rmi/sun.rmi.transport.Transport$1.run(Transport.java:200)
	at java.rmi/sun.rmi.transport.Transport$1.run(Transport.java:197)
	at java.base/java.security.AccessController.doPrivileged(Native Method)
	at java.rmi/sun.rmi.transport.Transport.serviceCall(Transport.java:196)
	at java.rmi/sun.rmi.transport.tcp.TCPTransport.handleMessages(TCPTransport.java:562)
	at java.rmi/sun.rmi.transport.tcp.TCPTransport$ConnectionHandler.run0(TCPTransport.java:796)
	at java.rmi/sun.rmi.transport.tcp.TCPTransport$ConnectionHandler.lambda$run$0(TCPTransport.java:677)
	at java.base/java.security.AccessController.doPrivileged(Native Method)
	at java.rmi/sun.rmi.transport.tcp.TCPTransport$ConnectionHandler.run(TCPTransport.java:676)
	... 3 common frames omitted
Caused by: java.lang.ClassNotFoundException: expect to get instruction without BasicBlock already set
	at org.evosuite.instrumentation.InstrumentingClassLoader.instrumentClass(InstrumentingClassLoader.java:158)
	at org.evosuite.instrumentation.InstrumentingClassLoader.loadClass(InstrumentingClassLoader.java:126)
	at org.evosuite.utils.generic.GenericClassImpl.getClass(GenericClassImpl.java:139)
	at org.evosuite.utils.generic.GenericClassImpl.getClass(GenericClassImpl.java:105)
	at org.evosuite.utils.generic.GenericClassImpl.readObject(GenericClassImpl.java:1671)
	at jdk.internal.reflect.GeneratedMethodAccessor9.invoke(Unknown Source)
	at java.base/jdk.internal.reflect.DelegatingMethodAccessorImpl.invoke(DelegatingMethodAccessorImpl.java:43)
	at java.base/java.lang.reflect.Method.invoke(Method.java:566)
	at java.base/java.io.ObjectStreamClass.invokeReadObject(ObjectStreamClass.java:1046)
	at java.base/java.io.ObjectInputStream.readSerialData(ObjectInputStream.java:2357)
	at java.base/java.io.ObjectInputStream.readOrdinaryObject(ObjectInputStream.java:2228)
	at java.base/java.io.ObjectInputStream.readObject0(ObjectInputStream.java:1687)
	at java.base/java.io.ObjectInputStream.defaultReadFields(ObjectInputStream.java:2496)
	at java.base/java.io.ObjectInputStream.readSerialData(ObjectInputStream.java:2390)
	at java.base/java.io.ObjectInputStream.readOrdinaryObject(ObjectInputStream.java:2228)
	at java.base/java.io.ObjectInputStream.readObject0(ObjectInputStream.java:1687)
	at java.base/java.io.ObjectInputStream.defaultReadFields(ObjectInputStream.java:2496)
	at java.base/java.io.ObjectInputStream.readSerialData(ObjectInputStream.java:2390)
	at java.base/java.io.ObjectInputStream.readOrdinaryObject(ObjectInputStream.java:2228)
	at java.base/java.io.ObjectInputStream.readObject0(ObjectInputStream.java:1687)
	at java.base/java.io.ObjectInputStream.readObject(ObjectInputStream.java:489)
	at java.base/java.io.ObjectInputStream.readObject(ObjectInputStream.java:447)
	at java.base/java.util.ArrayList.readObject(ArrayList.java:929)
	at java.base/jdk.internal.reflect.GeneratedMethodAccessor7.invoke(Unknown Source)
	at java.base/jdk.internal.reflect.DelegatingMethodAccessorImpl.invoke(DelegatingMethodAccessorImpl.java:43)
	at java.base/java.lang.reflect.Method.invoke(Method.java:566)
	at java.base/java.io.ObjectStreamClass.invokeReadObject(ObjectStreamClass.java:1046)
	at java.base/java.io.ObjectInputStream.readSerialData(ObjectInputStream.java:2357)
	at java.base/java.io.ObjectInputStream.readOrdinaryObject(ObjectInputStream.java:2228)
	at java.base/java.io.ObjectInputStream.readObject0(ObjectInputStream.java:1687)
	at java.base/java.io.ObjectInputStream.defaultReadFields(ObjectInputStream.java:2496)
	at java.base/java.io.ObjectInputStream.readSerialData(ObjectInputStream.java:2390)
	at java.base/java.io.ObjectInputStream.readOrdinaryObject(ObjectInputStream.java:2228)
	at java.base/java.io.ObjectInputStream.readObject0(ObjectInputStream.java:1687)
	at java.base/java.io.ObjectInputStream.defaultReadFields(ObjectInputStream.java:2496)
	at java.base/java.io.ObjectInputStream.defaultReadObject(ObjectInputStream.java:625)
	at org.evosuite.testcase.DefaultTestCase.readObject(DefaultTestCase.java:1217)
	at jdk.internal.reflect.GeneratedMethodAccessor15.invoke(Unknown Source)
	at java.base/jdk.internal.reflect.DelegatingMethodAccessorImpl.invoke(DelegatingMethodAccessorImpl.java:43)
	at java.base/java.lang.reflect.Method.invoke(Method.java:566)
	at java.base/java.io.ObjectStreamClass.invokeReadObject(ObjectStreamClass.java:1046)
	at java.base/java.io.ObjectInputStream.readSerialData(ObjectInputStream.java:2357)
	at java.base/java.io.ObjectInputStream.readOrdinaryObject(ObjectInputStream.java:2228)
	at java.base/java.io.ObjectInputStream.readObject0(ObjectInputStream.java:1687)
	at java.base/java.io.ObjectInputStream.defaultReadFields(ObjectInputStream.java:2496)
	at java.base/java.io.ObjectInputStream.readSerialData(ObjectInputStream.java:2390)
	at java.base/java.io.ObjectInputStream.readOrdinaryObject(ObjectInputStream.java:2228)
	at java.base/java.io.ObjectInputStream.readObject0(ObjectInputStream.java:1687)
	at java.base/java.io.ObjectInputStream.readObject(ObjectInputStream.java:489)
	at java.base/java.io.ObjectInputStream.readObject(ObjectInputStream.java:447)
	at java.base/java.util.ArrayList.readObject(ArrayList.java:929)
	at java.base/jdk.internal.reflect.GeneratedMethodAccessor7.invoke(Unknown Source)
	at java.base/jdk.internal.reflect.DelegatingMethodAccessorImpl.invoke(DelegatingMethodAccessorImpl.java:43)
	at java.base/java.lang.reflect.Method.invoke(Method.java:566)
	at java.base/java.io.ObjectStreamClass.invokeReadObject(ObjectStreamClass.java:1046)
	at java.base/java.io.ObjectInputStream.readSerialData(ObjectInputStream.java:2357)
	at java.base/java.io.ObjectInputStream.readOrdinaryObject(ObjectInputStream.java:2228)
	at java.base/java.io.ObjectInputStream.readObject0(ObjectInputStream.java:1687)
	at java.base/java.io.ObjectInputStream.defaultReadFields(ObjectInputStream.java:2496)
	at java.base/java.io.ObjectInputStream.readSerialData(ObjectInputStream.java:2390)
	at java.base/java.io.ObjectInputStream.readOrdinaryObject(ObjectInputStream.java:2228)
	at java.base/java.io.ObjectInputStream.readObject0(ObjectInputStream.java:1687)
	at java.base/java.io.ObjectInputStream.readObject(ObjectInputStream.java:489)
	at java.base/java.io.ObjectInputStream.readObject(ObjectInputStream.java:447)
	at java.rmi/sun.rmi.server.UnicastRef.unmarshalValue(UnicastRef.java:327)
	at java.rmi/sun.rmi.server.UnicastServerRef.dispatch(UnicastServerRef.java:339)
	... 12 common frames omitted
Caused by: java.lang.IllegalArgumentException: expect to get instruction without BasicBlock already set
	at org.evosuite.graphs.cfg.BasicBlock.appendInstruction(BasicBlock.java:225)
	at org.evosuite.graphs.cfg.BasicBlock.setInstructions(BasicBlock.java:206)
	at org.evosuite.graphs.cfg.BasicBlock.<init>(BasicBlock.java:106)
	at org.evosuite.graphs.cfg.RawControlFlowGraph.determineBasicBlockFor(RawControlFlowGraph.java:314)
	at org.evosuite.graphs.cfg.ActualControlFlowGraph.computeNodes(ActualControlFlowGraph.java:295)
	at org.evosuite.graphs.cfg.ActualControlFlowGraph.computeGraph(ActualControlFlowGraph.java:262)
	at org.evosuite.graphs.cfg.ActualControlFlowGraph.<init>(ActualControlFlowGraph.java:97)
	at org.evosuite.graphs.cfg.CFGGenerator.computeActualCFG(CFGGenerator.java:218)
	at org.evosuite.graphs.cfg.CFGGenerator.registerCFGs(CFGGenerator.java:102)
	at org.evosuite.graphs.cfg.CFGMethodAdapter.visitEnd(CFGMethodAdapter.java:219)
	at org.evosuite.shaded.org.objectweb.asm.MethodVisitor.visitEnd(MethodVisitor.java:783)
	at org.evosuite.shaded.org.objectweb.asm.MethodVisitor.visitEnd(MethodVisitor.java:783)
	at org.evosuite.shaded.org.objectweb.asm.MethodVisitor.visitEnd(MethodVisitor.java:783)
	at org.evosuite.shaded.org.objectweb.asm.tree.MethodNode.accept(MethodNode.java:772)
	at org.evosuite.shaded.org.objectweb.asm.tree.MethodNode.accept(MethodNode.java:649)
	at org.evosuite.shaded.org.objectweb.asm.tree.ClassNode.accept(ClassNode.java:452)
	at org.evosuite.instrumentation.BytecodeInstrumentation.transformBytes(BytecodeInstrumentation.java:282)
	at org.evosuite.instrumentation.InstrumentingClassLoader.getTransformedBytes(InstrumentingClassLoader.java:135)
	at org.evosuite.instrumentation.InstrumentingClassLoader.instrumentClass(InstrumentingClassLoader.java:149)
	... 77 common frames omitted
* Writing tests to file
* Writing JUnit test case 'FastDatePrinter_ESTest' to /home/user/evosuite-results/Collections-8b/GWO/org_apache_commons_lang3_time_FastDatePrinter/evosuite-tests
* Done!

[MASTER] 12:38:44.569 [logback-2] ERROR ClientNodeImpl - Error when generating tests for: org.apache.commons.lang3.time.FastDatePrinter with seed 1789709683607. Configuration id : null
java.rmi.ServerException: RemoteException occurred in server thread; nested exception is: 
	java.rmi.UnmarshalException: error unmarshalling arguments; nested exception is: 
	java.lang.ClassNotFoundException: expect to get instruction without BasicBlock already set
	at java.rmi/sun.rmi.server.UnicastServerRef.dispatch(UnicastServerRef.java:391)
	at java.rmi/sun.rmi.transport.Transport$1.run(Transport.java:200)
	at java.rmi/sun.rmi.transport.Transport$1.run(Transport.java:197)
	at java.base/java.security.AccessController.doPrivileged(Native Method)
	at java.rmi/sun.rmi.transport.Transport.serviceCall(Transport.java:196)
	at java.rmi/sun.rmi.transport.tcp.TCPTransport.handleMessages(TCPTransport.java:562)
	at java.rmi/sun.rmi.transport.tcp.TCPTransport$ConnectionHandler.run0(TCPTransport.java:796)
	at java.rmi/sun.rmi.transport.tcp.TCPTransport$ConnectionHandler.lambda$run$0(TCPTransport.java:677)
	at java.base/java.security.AccessController.doPrivileged(Native Method)
	at java.rmi/sun.rmi.transport.tcp.TCPTransport$ConnectionHandler.run(TCPTransport.java:676)
	at java.base/java.util.concurrent.ThreadPoolExecutor.runWorker(ThreadPoolExecutor.java:1128)
	at java.base/java.util.concurrent.ThreadPoolExecutor$Worker.run(ThreadPoolExecutor.java:628)
	at java.base/java.lang.Thread.run(Thread.java:829)
	at java.rmi/sun.rmi.transport.StreamRemoteCall.exceptionReceivedFromServer(StreamRemoteCall.java:303)
	at java.rmi/sun.rmi.transport.StreamRemoteCall.executeCall(StreamRemoteCall.java:279)
	at java.rmi/sun.rmi.server.UnicastRef.invoke(UnicastRef.java:164)
	at java.rmi/java.rmi.server.RemoteObjectInvocationHandler.invokeRemoteMethod(RemoteObjectInvocationHandler.java:217)
	at java.rmi/java.rmi.server.RemoteObjectInvocationHandler.invoke(RemoteObjectInvocationHandler.java:162)
	at com.sun.proxy.$Proxy7.evosuite_collectTestGenerationResult(Unknown Source)
	at org.evosuite.rmi.service.ClientNodeImpl.lambda$startNewSearch$0(ClientNodeImpl.java:144)
	at java.base/java.util.concurrent.Executors$RunnableAdapter.call(Executors.java:515)
	at java.base/java.util.concurrent.FutureTask.run(FutureTask.java:264)
	at java.base/java.util.concurrent.ThreadPoolExecutor.runWorker(ThreadPoolExecutor.java:1128)
	at java.base/java.util.concurrent.ThreadPoolExecutor$Worker.run(ThreadPoolExecutor.java:628)
	at java.base/java.lang.Thread.run(Thread.java:829)
Caused by: java.rmi.UnmarshalException: error unmarshalling arguments; nested exception is: 
	java.lang.ClassNotFoundException: expect to get instruction without BasicBlock already set
	at java.rmi/sun.rmi.server.UnicastServerRef.dispatch(UnicastServerRef.java:350)
	at java.rmi/sun.rmi.transport.Transport$1.run(Transport.java:200)
	at java.rmi/sun.rmi.transport.Transport$1.run(Transport.java:197)
	at java.base/java.security.AccessController.doPrivileged(Native Method)
	at java.rmi/sun.rmi.transport.Transport.serviceCall(Transport.java:196)
	at java.rmi/sun.rmi.transport.tcp.TCPTransport.handleMessages(TCPTransport.java:562)
	at java.rmi/sun.rmi.transport.tcp.TCPTransport$ConnectionHandler.run0(TCPTransport.java:796)
	at java.rmi/sun.rmi.transport.tcp.TCPTransport$ConnectionHandler.lambda$run$0(TCPTransport.java:677)
	at java.base/java.security.AccessController.doPrivileged(Native Method)
	at java.rmi/sun.rmi.transport.tcp.TCPTransport$ConnectionHandler.run(TCPTransport.java:676)
	... 3 common frames omitted
Caused by: java.lang.ClassNotFoundException: expect to get instruction without BasicBlock already set
	at org.evosuite.instrumentation.InstrumentingClassLoader.instrumentClass(InstrumentingClassLoader.java:158)
	at org.evosuite.instrumentation.InstrumentingClassLoader.loadClass(InstrumentingClassLoader.java:126)
	at org.evosuite.utils.generic.GenericClassImpl.getClass(GenericClassImpl.java:139)
	at org.evosuite.utils.generic.GenericClassImpl.getClass(GenericClassImpl.java:105)
	at org.evosuite.utils.generic.GenericClassImpl.readObject(GenericClassImpl.java:1671)
	at jdk.internal.reflect.GeneratedMethodAccessor9.invoke(Unknown Source)
	at java.base/jdk.internal.reflect.DelegatingMethodAccessorImpl.invoke(DelegatingMethodAccessorImpl.java:43)
	at java.base/java.lang.reflect.Method.invoke(Method.java:566)
	at java.base/java.io.ObjectStreamClass.invokeReadObject(ObjectStreamClass.java:1046)
	at java.base/java.io.ObjectInputStream.readSerialData(ObjectInputStream.java:2357)
	at java.base/java.io.ObjectInputStream.readOrdinaryObject(ObjectInputStream.java:2228)
	at java.base/java.io.ObjectInputStream.readObject0(ObjectInputStream.java:1687)
	at java.base/java.io.ObjectInputStream.defaultReadFields(ObjectInputStream.java:2496)
	at java.base/java.io.ObjectInputStream.readSerialData(ObjectInputStream.java:2390)
	at java.base/java.io.ObjectInputStream.readOrdinaryObject(ObjectInputStream.java:2228)
	at java.base/java.io.ObjectInputStream.readObject0(ObjectInputStream.java:1687)
	at java.base/java.io.ObjectInputStream.defaultReadFields(ObjectInputStream.java:2496)
	at java.base/java.io.ObjectInputStream.defaultReadObject(ObjectInputStream.java:625)
	at org.evosuite.assertion.Assertion.readObject(Assertion.java:264)
	at jdk.internal.reflect.GeneratedMethodAccessor24.invoke(Unknown Source)
	at java.base/jdk.internal.reflect.DelegatingMethodAccessorImpl.invoke(DelegatingMethodAccessorImpl.java:43)
	at java.base/java.lang.reflect.Method.invoke(Method.java:566)
	at java.base/java.io.ObjectStreamClass.invokeReadObject(ObjectStreamClass.java:1046)
	at java.base/java.io.ObjectInputStream.readSerialData(ObjectInputStream.java:2357)
	at java.base/java.io.ObjectInputStream.readOrdinaryObject(ObjectInputStream.java:2228)
	at java.base/java.io.ObjectInputStream.readObject0(ObjectInputStream.java:1687)
	at java.base/java.io.ObjectInputStream.readObject(ObjectInputStream.java:489)
	at java.base/java.io.ObjectInputStream.readObject(ObjectInputStream.java:447)
	at java.base/java.util.HashSet.readObject(HashSet.java:342)
	at java.base/jdk.internal.reflect.GeneratedMethodAccessor4.invoke(Unknown Source)
	at java.base/jdk.internal.reflect.DelegatingMethodAccessorImpl.invoke(DelegatingMethodAccessorImpl.java:43)
	at java.base/java.lang.reflect.Method.invoke(Method.java:566)
	at java.base/java.io.ObjectStreamClass.invokeReadObject(ObjectStreamClass.java:1046)
	at java.base/java.io.ObjectInputStream.readSerialData(ObjectInputStream.java:2357)
	at java.base/java.io.ObjectInputStream.readOrdinaryObject(ObjectInputStream.java:2228)
	at java.base/java.io.ObjectInputStream.readObject0(ObjectInputStream.java:1687)
	at java.base/java.io.ObjectInputStream.defaultReadFields(ObjectInputStream.java:2496)
	at java.base/java.io.ObjectInputStream.readSerialData(ObjectInputStream.java:2390)
	at java.base/java.io.ObjectInputStream.readOrdinaryObject(ObjectInputStream.java:2228)
	at java.base/java.io.ObjectInputStream.readObject0(ObjectInputStream.java:1687)
	at java.base/java.io.ObjectInputStream.readObject(ObjectInputStream.java:489)
	at java.base/java.io.ObjectInputStream.readObject(ObjectInputStream.java:447)
	at java.base/java.util.ArrayList.readObject(ArrayList.java:929)
	at java.base/jdk.internal.reflect.GeneratedMethodAccessor7.invoke(Unknown Source)
	at java.base/jdk.internal.reflect.DelegatingMethodAccessorImpl.invoke(DelegatingMethodAccessorImpl.java:43)
	at java.base/java.lang.reflect.Method.invoke(Method.java:566)
	at java.base/java.io.ObjectStreamClass.invokeReadObject(ObjectStreamClass.java:1046)
	at java.base/java.io.ObjectInputStream.readSerialData(ObjectInputStream.java:2357)
	at java.base/java.io.ObjectInputStream.readOrdinaryObject(ObjectInputStream.java:2228)
	at java.base/java.io.ObjectInputStream.readObject0(ObjectInputStream.java:1687)
	at java.base/java.io.ObjectInputStream.defaultReadFields(ObjectInputStream.java:2496)
	at java.base/java.io.ObjectInputStream.readSerialData(ObjectInputStream.java:2390)
	at java.base/java.io.ObjectInputStream.readOrdinaryObject(ObjectInputStream.java:2228)
	at java.base/java.io.ObjectInputStream.readObject0(ObjectInputStream.java:1687)
	at java.base/java.io.ObjectInputStream.defaultReadFields(ObjectInputStream.java:2496)
	at java.base/java.io.ObjectInputStream.defaultReadObject(ObjectInputStream.java:625)
	at org.evosuite.testcase.DefaultTestCase.readObject(DefaultTestCase.java:1217)
	at jdk.internal.reflect.GeneratedMethodAccessor15.invoke(Unknown Source)
	at java.base/jdk.internal.reflect.DelegatingMethodAccessorImpl.invoke(DelegatingMethodAccessorImpl.java:43)
	at java.base/java.lang.reflect.Method.invoke(Method.java:566)
	at java.base/java.io.ObjectStreamClass.invokeReadObject(ObjectStreamClass.java:1046)
	at java.base/java.io.ObjectInputStream.readSerialData(ObjectInputStream.java:2357)
	at java.base/java.io.ObjectInputStream.readOrdinaryObject(ObjectInputStream.java:2228)
	at java.base/java.io.ObjectInputStream.readObject0(ObjectInputStream.java:1687)
	at java.base/java.io.ObjectInputStream.readObject(ObjectInputStream.java:489)
	at java.base/java.io.ObjectInputStream.readObject(ObjectInputStream.java:447)
	at java.base/java.util.HashMap.readObject(HashMap.java:1466)
	at java.base/jdk.internal.reflect.GeneratedMethodAccessor8.invoke(Unknown Source)
	at java.base/jdk.internal.reflect.DelegatingMethodAccessorImpl.invoke(DelegatingMethodAccessorImpl.java:43)
	at java.base/java.lang.reflect.Method.invoke(Method.java:566)
	at java.base/java.io.ObjectStreamClass.invokeReadObject(ObjectStreamClass.java:1046)
	at java.base/java.io.ObjectInputStream.readSerialData(ObjectInputStream.java:2357)
	at java.base/java.io.ObjectInputStream.readOrdinaryObject(ObjectInputStream.java:2228)
	at java.base/java.io.ObjectInputStream.readObject0(ObjectInputStream.java:1687)
	at java.base/java.io.ObjectInputStream.defaultReadFields(ObjectInputStream.java:2496)
	at java.base/java.io.ObjectInputStream.readSerialData(ObjectInputStream.java:2390)
	at java.base/java.io.ObjectInputStream.readOrdinaryObject(ObjectInputStream.java:2228)
	at java.base/java.io.ObjectInputStream.readObject0(ObjectInputStream.java:1687)
	at java.base/java.io.ObjectInputStream.readObject(ObjectInputStream.java:489)
	at java.base/java.io.ObjectInputStream.readObject(ObjectInputStream.java:447)
	at java.base/java.util.ArrayList.readObject(ArrayList.java:929)
	at java.base/jdk.internal.reflect.GeneratedMethodAccessor7.invoke(Unknown Source)
	at java.base/jdk.internal.reflect.DelegatingMethodAccessorImpl.invoke(DelegatingMethodAccessorImpl.java:43)
	at java.base/java.lang.reflect.Method.invoke(Method.java:566)
	at java.base/java.io.ObjectStreamClass.invokeReadObject(ObjectStreamClass.java:1046)
	at java.base/java.io.ObjectInputStream.readSerialData(ObjectInputStream.java:2357)
	at java.base/java.io.ObjectInputStream.readOrdinaryObject(ObjectInputStream.java:2228)
	at java.base/java.io.ObjectInputStream.readObject0(ObjectInputStream.java:1687)
	at java.base/java.io.ObjectInputStream.readObject(ObjectInputStream.java:489)
	at java.base/java.io.ObjectInputStream.readObject(ObjectInputStream.java:447)
	at java.rmi/sun.rmi.server.UnicastRef.unmarshalValue(UnicastRef.java:327)
	at java.rmi/sun.rmi.server.UnicastServerRef.dispatch(UnicastServerRef.java:339)
	... 12 common frames omitted
Caused by: java.lang.IllegalArgumentException: expect to get instruction without BasicBlock already set
	at org.evosuite.graphs.cfg.BasicBlock.appendInstruction(BasicBlock.java:225)
	at org.evosuite.graphs.cfg.BasicBlock.setInstructions(BasicBlock.java:206)
	at org.evosuite.graphs.cfg.BasicBlock.<init>(BasicBlock.java:106)
	at org.evosuite.graphs.cfg.RawControlFlowGraph.determineBasicBlockFor(RawControlFlowGraph.java:314)
	at org.evosuite.graphs.cfg.ActualControlFlowGraph.computeNodes(ActualControlFlowGraph.java:295)
	at org.evosuite.graphs.cfg.ActualControlFlowGraph.computeGraph(ActualControlFlowGraph.java:262)
	at org.evosuite.graphs.cfg.ActualControlFlowGraph.<init>(ActualControlFlowGraph.java:97)
	at org.evosuite.graphs.cfg.CFGGenerator.computeActualCFG(CFGGenerator.java:218)
	at org.evosuite.graphs.cfg.CFGGenerator.registerCFGs(CFGGenerator.java:102)
	at org.evosuite.graphs.cfg.CFGMethodAdapter.visitEnd(CFGMethodAdapter.java:219)
	at org.evosuite.shaded.org.objectweb.asm.MethodVisitor.visitEnd(MethodVisitor.java:783)
	at org.evosuite.shaded.org.objectweb.asm.MethodVisitor.visitEnd(MethodVisitor.java:783)
	at org.evosuite.shaded.org.objectweb.asm.MethodVisitor.visitEnd(MethodVisitor.java:783)
	at org.evosuite.shaded.org.objectweb.asm.tree.MethodNode.accept(MethodNode.java:772)
	at org.evosuite.shaded.org.objectweb.asm.tree.MethodNode.accept(MethodNode.java:649)
	at org.evosuite.shaded.org.objectweb.asm.tree.ClassNode.accept(ClassNode.java:452)
	at org.evosuite.instrumentation.BytecodeInstrumentation.transformBytes(BytecodeInstrumentation.java:282)
	at org.evosuite.instrumentation.InstrumentingClassLoader.getTransformedBytes(InstrumentingClassLoader.java:135)
	at org.evosuite.instrumentation.InstrumentingClassLoader.instrumentClass(InstrumentingClassLoader.java:149)
	... 103 common frames omitted
* Computation finished
[MASTER] 12:38:44.673 [main] ERROR SearchStatistics - No statistics has been saved because EvoSuite failed to generate any test case
[MASTER] 12:38:44.774 [main] ERROR TestGeneration - failed to write statistics data
