Project,Bug,Class,Time_sec,Generations,Statements,Fitness,Line,Branch,Exception,Mutation,Output,Method,CBranch,Tests,Length,Log
Chart,Chart-10b,org_apache_commons_lang3_time_FastDateParser,121.0,64.0,19801.0,580.9533034309245,67.0,70.0,100.0,34.0,38.0,54.0,69.0,45.0,173.0,/mnt/d/AllFinalWork/project_sqa/GreyWolfOptimizer/Result_Round1/Chart/Chart-10b/GWO/org_apache_commons_lang3_time_FastDateParser/terminal.log
Chart,Chart-11b,org_apache_commons_lang3_RandomStringUtils,121.0,83.0,31996.0,53.390870382361605,89.0,94.0,100.0,66.0,67.0,100.0,71.0,55.0,84.0,/mnt/d/AllFinalWork/project_sqa/GreyWolfOptimizer/Result_Round1/Chart/Chart-11b/GWO/org_apache_commons_lang3_RandomStringUtils/terminal.log
Chart,Chart-12b,org_apache_commons_lang3_RandomStringUtils,121.0,68.0,27436.0,42.4057248842756,86.0,91.0,100.0,54.0,64.0,100.0,88.0,57.0,86.0,/mnt/d/AllFinalWork/project_sqa/GreyWolfOptimizer/Result_Round1/Chart/Chart-12b/GWO/org_apache_commons_lang3_RandomStringUtils/terminal.log
Chart,Chart-13b,org_apache_commons_lang3_SerializationUtils,121.0,34.0,10623.0,36.53333333333333,78.0,71.0,100.0,20.0,56.0,100.0,71.0,17.0,38.0,/mnt/d/AllFinalWork/project_sqa/GreyWolfOptimizer/Result_Round1/Chart/Chart-13b/GWO/org_apache_commons_lang3_SerializationUtils/terminal.log
Chart,Chart-14b,org_apache_commons_lang3_StringUtils,123.0,21.0,23544.0,1844.9993830912608,90.0,87.0,100.0,20.0,88.0,100.0,77.0,238.0,4091.0,/mnt/d/AllFinalWork/project_sqa/GreyWolfOptimizer/Result_Round1/Chart/Chart-14b/GWO/org_apache_commons_lang3_StringUtils/terminal.log
Chart,Chart-15b,org_apache_commons_lang3_reflect_TypeUtils,121.0,112.0,78429.0,1154.2159722194283,47.0,43.0,94.0,27.0,52.0,93.0,17.0,43.0,190.0,/mnt/d/AllFinalWork/project_sqa/GreyWolfOptimizer/Result_Round1/Chart/Chart-15b/GWO/org_apache_commons_lang3_reflect_TypeUtils/terminal.log
Chart,Chart-16b,org_apache_commons_lang3_math_NumberUtils,122.0,54.0,34196.0,591.4330803449208,89.0,75.0,100.0,56.0,66.0,100.0,75.0,176.0,285.0,/mnt/d/AllFinalWork/project_sqa/GreyWolfOptimizer/Result_Round1/Chart/Chart-16b/GWO/org_apache_commons_lang3_math_NumberUtils/terminal.log
Chart,Chart-17b,org_apache_commons_lang3_text_translate_CharSequenceTranslator,121.0,1179.0,340455.0,6.257575757575758,94.0,100.0,100.0,46.0,64.0,100.0,100.0,17.0,65.0,/mnt/d/AllFinalWork/project_sqa/GreyWolfOptimizer/Result_Round1/Chart/Chart-17b/GWO/org_apache_commons_lang3_text_translate_CharSequenceTranslator/terminal.log
Chart,Chart-18b,org_jfree_data_DefaultKeyedValues,121.0,128.0,43138.0,73.78999999999999,98.0,92.0,100.0,76.0,27.0,100.0,92.0,52.0,199.0,/mnt/d/AllFinalWork/project_sqa/GreyWolfOptimizer/Result_Round1/Chart/Chart-18b/GWO/org_jfree_data_DefaultKeyedValues/terminal.log
Chart,Chart-18b,org_jfree_data_DefaultKeyedValues2D,122.0,69.0,20018.0,177.9812030075188,91.0,80.0,100.0,51.0,23.0,100.0,80.0,51.0,185.0,/mnt/d/AllFinalWork/project_sqa/GreyWolfOptimizer/Result_Round1/Chart/Chart-18b/GWO/org_jfree_data_DefaultKeyedValues2D/terminal.log
Chart,Chart-19b,org_apache_commons_lang3_text_translate_NumericEntityUnescaper,121.0,460.0,189700.0,93.35,48.0,58.0,100.0,10.0,33.0,100.0,58.0,9.0,49.0,/mnt/d/AllFinalWork/project_sqa/GreyWolfOptimizer/Result_Round1/Chart/Chart-19b/GWO/org_apache_commons_lang3_text_translate_NumericEntityUnescaper/terminal.log
Chart,Chart-1b,org_jfree_chart_renderer_category_AbstractCategoryItemRenderer,121.0,73.0,42971.0,1496.0386815920397,42.0,42.0,100.0,9.0,21.0,88.0,42.0,88.0,295.0,/mnt/d/AllFinalWork/project_sqa/GreyWolfOptimizer/Result_Round1/Chart/Chart-1b/GWO/org_jfree_chart_renderer_category_AbstractCategoryItemRenderer/terminal.log
Chart,Chart-20b,org_apache_commons_lang3_StringUtils,123.0,21.0,19055.0,1986.034779574938,90.0,87.0,100.0,36.0,89.0,100.0,75.0,548.0,738.0,/mnt/d/AllFinalWork/project_sqa/GreyWolfOptimizer/Result_Round1/Chart/Chart-20b/GWO/org_apache_commons_lang3_StringUtils/terminal.log
Chart,Chart-21b,org_apache_commons_lang3_time_DateUtils,121.0,63.0,17151.0,312.056377641437,94.0,87.0,100.0,48.0,47.0,100.0,86.0,131.0,294.0,/mnt/d/AllFinalWork/project_sqa/GreyWolfOptimizer/Result_Round1/Chart/Chart-21b/GWO/org_apache_commons_lang3_time_DateUtils/terminal.log
Chart,Chart-22b,org_apache_commons_lang3_math_Fraction,121.0,58.0,23479.0,246.73996303175517,97.0,90.0,100.0,54.0,83.0,100.0,89.0,90.0,231.0,/mnt/d/AllFinalWork/project_sqa/GreyWolfOptimizer/Result_Round1/Chart/Chart-22b/GWO/org_apache_commons_lang3_math_Fraction/terminal.log
Chart,Chart-23b,org_apache_commons_lang3_text_ExtendedMessageFormat,121.0,258.0,59745.0,524.1812572590012,51.0,41.0,100.0,8.0,67.0,100.0,40.0,28.0,67.0,/mnt/d/AllFinalWork/project_sqa/GreyWolfOptimizer/Result_Round1/Chart/Chart-23b/GWO/org_apache_commons_lang3_text_ExtendedMessageFormat/terminal.log
Chart,Chart-24b,org_apache_commons_lang3_math_NumberUtils,121.0,63.0,36163.0,661.0319442497976,86.0,71.0,100.0,55.0,67.0,100.0,71.0,172.0,268.0,/mnt/d/AllFinalWork/project_sqa/GreyWolfOptimizer/Result_Round1/Chart/Chart-24b/GWO/org_apache_commons_lang3_math_NumberUtils/terminal.log
Chart,Chart-25b,org_jfree_chart_renderer_category_StatisticalBarRenderer,121.0,331.0,164656.0,527.950699745547,25.0,21.0,100.0,10.0,75.0,100.0,21.0,18.0,129.0,/mnt/d/AllFinalWork/project_sqa/GreyWolfOptimizer/Result_Round1/Chart/Chart-25b/GWO/org_jfree_chart_renderer_category_StatisticalBarRenderer/terminal.log
Chart,Chart-26b,org_apache_commons_lang3_time_FastDateFormat,124.0,35.0,10747.0,1145.6270229700428,79.0,74.0,100.0,18.0,39.0,51.0,72.0,88.0,235.0,/mnt/d/AllFinalWork/project_sqa/GreyWolfOptimizer/Result_Round1/Chart/Chart-26b/GWO/org_apache_commons_lang3_time_FastDateFormat/terminal.log
Chart,Chart-2b,org_jfree_data_general_DatasetUtilities,1738.0,56.0,38728.0,2222.9131787793526,61.0,57.0,100.0,,24.0,100.0,49.0,130.0,3679.0,/mnt/d/AllFinalWork/project_sqa/GreyWolfOptimizer/Result_Round1/Chart/Chart-2b/GWO/org_jfree_data_general_DatasetUtilities/terminal.log
Chart,Chart-3b,org_jfree_data_time_TimeSeries,124.0,81.0,36029.0,478.5041952605411,85.0,73.0,100.0,43.0,42.0,100.0,68.0,115.0,507.0,/mnt/d/AllFinalWork/project_sqa/GreyWolfOptimizer/Result_Round1/Chart/Chart-3b/GWO/org_jfree_data_time_TimeSeries/terminal.log
Chart,Chart-4b,org_jfree_chart_plot_XYPlot,373.0,21.0,11018.0,5206.671440743767,45.0,37.0,100.0,12.0,16.0,82.0,31.0,226.0,785.0,/mnt/d/AllFinalWork/project_sqa/GreyWolfOptimizer/Result_Round1/Chart/Chart-4b/GWO/org_jfree_chart_plot_XYPlot/terminal.log
Chart,Chart-5b,org_jfree_data_xy_XYSeries,121.0,128.0,57458.0,111.11458333333333,94.0,96.0,100.0,46.0,38.0,100.0,95.0,81.0,385.0,/mnt/d/AllFinalWork/project_sqa/GreyWolfOptimizer/Result_Round1/Chart/Chart-5b/GWO/org_jfree_data_xy_XYSeries/terminal.log
Chart,Chart-6b,org_jfree_chart_util_ShapeList,123.0,4299.0,1240553.0,111.19444444444444,41.0,53.0,100.0,13.0,83.0,100.0,53.0,9.0,29.0,/mnt/d/AllFinalWork/project_sqa/GreyWolfOptimizer/Result_Round1/Chart/Chart-6b/GWO/org_jfree_chart_util_ShapeList/terminal.log
Chart,Chart-8b,org_apache_commons_lang3_time_FastDatePrinter,125.0,61.0,22608.0,994.3693414945906,71.0,71.0,100.0,12.0,56.0,34.0,71.0,80.0,317.0,/mnt/d/AllFinalWork/project_sqa/GreyWolfOptimizer/Result_Round1/Chart/Chart-8b/GWO/org_apache_commons_lang3_time_FastDatePrinter/terminal.log
Chart,Chart-9b,org_apache_commons_lang3_time_FastDateParser,121.0,59.0,19638.0,536.0068602751176,76.0,73.0,100.0,35.0,41.0,50.0,73.0,38.0,157.0,/mnt/d/AllFinalWork/project_sqa/GreyWolfOptimizer/Result_Round1/Chart/Chart-9b/GWO/org_apache_commons_lang3_time_FastDateParser/terminal.log
Cli,Cli-10b,GWO,121.0,88.0,53040.0,167.00841693545738,75.0,69.0,95.0,27.0,56.0,100.0,62.0,37.0,210.0,/mnt/d/AllFinalWork/project_sqa/GreyWolfOptimizer/Result_Round1/Cli/Cli-10b/GWO/terminal.log
Cli,Cli-10b,org_apache_commons_cli_Parser,127.0,139.0,79605.0,162.51058098985277,75.0,69.0,100.0,32.0,56.0,100.0,66.0,36.0,254.0,/mnt/d/AllFinalWork/project_sqa/GreyWolfOptimizer/Result_Round1/Cli/Cli-10b/GWO/org_apache_commons_cli_Parser/terminal.log
Cli,Cli-11b,GWO,1086.0,2.0,3062.0,171.49002909659455,97.0,84.0,100.0,,49.0,97.0,76.0,74.0,1390.0,/mnt/d/AllFinalWork/project_sqa/GreyWolfOptimizer/Result_Round1/Cli/Cli-11b/GWO/terminal.log
Cli,Cli-11b,org_apache_commons_cli_HelpFormatter,123.0,8.0,4814.0,226.69607327868198,95.0,84.0,100.0,1.0,47.0,97.0,78.0,67.0,1328.0,/mnt/d/AllFinalWork/project_sqa/GreyWolfOptimizer/Result_Round1/Cli/Cli-11b/GWO/org_apache_commons_cli_HelpFormatter/terminal.log
Cli,Cli-12b,GWO,121.0,2497.0,932806.0,8.49999903501723,96.0,94.0,100.0,55.0,67.0,100.0,94.0,4.0,30.0,/mnt/d/AllFinalWork/project_sqa/GreyWolfOptimizer/Result_Round1/Cli/Cli-12b/GWO/terminal.log
Cli,Cli-12b,org_apache_commons_cli_GnuParser,121.0,2468.0,650296.0,22.24999856669525,88.0,88.0,100.0,49.0,67.0,100.0,88.0,4.0,21.0,/mnt/d/AllFinalWork/project_sqa/GreyWolfOptimizer/Result_Round1/Cli/Cli-12b/GWO/org_apache_commons_cli_GnuParser/terminal.log
Cli,Cli-13b,GWO,,,,,100.0,100.0,100.0,100.0,100.0,100.0,100.0,0.0,0.0,/mnt/d/AllFinalWork/project_sqa/GreyWolfOptimizer/Result_Round1/Cli/Cli-13b/GWO/terminal.log
Cli,Cli-13b,org_apache_commons_cli2_commandline_WriteableCommandLineImpl,121.0,177.0,99682.0,39.91025637972307,100.0,96.0,100.0,70.0,41.0,100.0,96.0,44.0,198.0,/mnt/d/AllFinalWork/project_sqa/GreyWolfOptimizer/Result_Round1/Cli/Cli-13b/GWO/org_apache_commons_cli2_commandline_WriteableCommandLineImpl/terminal.log
Cli,Cli-13b,org_apache_commons_cli2_option_ArgumentImpl,121.0,42.0,23881.0,197.0363631360991,72.0,77.0,100.0,48.0,56.0,100.0,77.0,61.0,302.0,/mnt/d/AllFinalWork/project_sqa/GreyWolfOptimizer/Result_Round1/Cli/Cli-13b/GWO/org_apache_commons_cli2_option_ArgumentImpl/terminal.log
Cli,Cli-13b,org_apache_commons_cli2_WriteableCommandLine,,,,,100.0,100.0,100.0,100.0,100.0,100.0,100.0,0.0,0.0,/mnt/d/AllFinalWork/project_sqa/GreyWolfOptimizer/Result_Round1/Cli/Cli-13b/GWO/org_apache_commons_cli2_WriteableCommandLine/terminal.log
Cli,Cli-14b,GWO,121.0,33.0,24730.0,346.5571428571429,63.0,63.0,100.0,28.0,38.0,100.0,53.0,46.0,210.0,/mnt/d/AllFinalWork/project_sqa/GreyWolfOptimizer/Result_Round1/Cli/Cli-14b/GWO/terminal.log
Cli,Cli-14b,org_apache_commons_cli2_option_GroupImpl,121.0,38.0,27882.0,283.385154059762,74.0,72.0,100.0,46.0,40.0,100.0,56.0,52.0,235.0,/mnt/d/AllFinalWork/project_sqa/GreyWolfOptimizer/Result_Round1/Cli/Cli-14b/GWO/org_apache_commons_cli2_option_GroupImpl/terminal.log
Cli,Cli-15b,GWO,121.0,184.0,111282.0,50.89583328905318,100.0,97.0,100.0,72.0,39.0,100.0,97.0,52.0,269.0,/mnt/d/AllFinalWork/project_sqa/GreyWolfOptimizer/Result_Round1/Cli/Cli-15b/GWO/terminal.log
Cli,Cli-15b,org_apache_commons_cli2_commandline_WriteableCommandLineImpl,121.0,74.0,52116.0,83.22916664599714,95.0,90.0,100.0,53.0,38.0,100.0,90.0,49.0,276.0,/mnt/d/AllFinalWork/project_sqa/GreyWolfOptimizer/Result_Round1/Cli/Cli-15b/GWO/org_apache_commons_cli2_commandline_WriteableCommandLineImpl/terminal.log
Cli,Cli-16b,GWO,,,,,100.0,100.0,100.0,100.0,100.0,100.0,100.0,0.0,0.0,/mnt/d/AllFinalWork/project_sqa/GreyWolfOptimizer/Result_Round1/Cli/Cli-16b/GWO/terminal.log
Cli,Cli-16b,org_apache_commons_cli2_commandline_WriteableCommandLineImpl,121.0,156.0,92507.0,55.416666546526066,100.0,97.0,100.0,70.0,34.0,100.0,97.0,49.0,231.0,/mnt/d/AllFinalWork/project_sqa/GreyWolfOptimizer/Result_Round1/Cli/Cli-16b/GWO/org_apache_commons_cli2_commandline_WriteableCommandLineImpl/terminal.log
Cli,Cli-16b,org_apache_commons_cli2_Option,,,,,100.0,100.0,100.0,100.0,100.0,100.0,100.0,0.0,0.0,/mnt/d/AllFinalWork/project_sqa/GreyWolfOptimizer/Result_Round1/Cli/Cli-16b/GWO/org_apache_commons_cli2_Option/terminal.log
Cli,Cli-16b,org_apache_commons_cli2_option_GroupImpl,121.0,40.0,27823.0,304.878884180791,69.0,71.0,100.0,49.0,38.0,100.0,54.0,50.0,240.0,/mnt/d/AllFinalWork/project_sqa/GreyWolfOptimizer/Result_Round1/Cli/Cli-16b/GWO/org_apache_commons_cli2_option_GroupImpl/terminal.log
Cli,Cli-16b,org_apache_commons_cli2_option_OptionImpl,121.0,102.0,69785.0,42.833333300612864,96.0,80.0,100.0,29.0,78.0,100.0,73.0,27.0,111.0,/mnt/d/AllFinalWork/project_sqa/GreyWolfOptimizer/Result_Round1/Cli/Cli-16b/GWO/org_apache_commons_cli2_option_OptionImpl/terminal.log
Cli,Cli-17b,GWO,121.0,556.0,257256.0,26.633331900028587,94.0,91.0,100.0,49.0,67.0,100.0,91.0,11.0,71.0,/mnt/d/AllFinalWork/project_sqa/GreyWolfOptimizer/Result_Round1/Cli/Cli-17b/GWO/terminal.log
Cli,Cli-17b,org_apache_commons_cli_PosixParser,122.0,608.0,314109.0,21.583331900028586,96.0,91.0,100.0,37.0,67.0,100.0,91.0,10.0,74.0,/mnt/d/AllFinalWork/project_sqa/GreyWolfOptimizer/Result_Round1/Cli/Cli-17b/GWO/org_apache_commons_cli_PosixParser/terminal.log
Cli,Cli-18b,GWO,121.0,643.0,271022.0,24.166665233361922,92.0,89.0,100.0,27.0,67.0,100.0,89.0,10.0,60.0,/mnt/d/AllFinalWork/project_sqa/GreyWolfOptimizer/Result_Round1/Cli/Cli-18b/GWO/terminal.log
Cli,Cli-18b,org_apache_commons_cli_PosixParser,121.0,824.0,372367.0,22.583332138447005,95.0,91.0,100.0,33.0,67.0,100.0,91.0,11.0,75.0,/mnt/d/AllFinalWork/project_sqa/GreyWolfOptimizer/Result_Round1/Cli/Cli-18b/GWO/org_apache_commons_cli_PosixParser/terminal.log
Cli,Cli-19b,GWO,121.0,1138.0,481235.0,24.166665233361922,92.0,86.0,100.0,35.0,67.0,100.0,86.0,10.0,60.0,/mnt/d/AllFinalWork/project_sqa/GreyWolfOptimizer/Result_Round1/Cli/Cli-19b/GWO/terminal.log
Cli,Cli-19b,org_apache_commons_cli_PosixParser,121.0,662.0,270208.0,24.166665233361922,92.0,89.0,100.0,32.0,67.0,100.0,89.0,10.0,56.0,/mnt/d/AllFinalWork/project_sqa/GreyWolfOptimizer/Result_Round1/Cli/Cli-19b/GWO/org_apache_commons_cli_PosixParser/terminal.log
Cli,Cli-1b,GWO,121.0,962.0,406274.0,14.142857142857142,100.0,100.0,100.0,67.0,72.0,100.0,100.0,38.0,120.0,/mnt/d/AllFinalWork/project_sqa/GreyWolfOptimizer/Result_Round1/Cli/Cli-1b/GWO/terminal.log
Cli,Cli-1b,org_apache_commons_cli_CommandLine,121.0,890.0,326052.0,14.125,100.0,100.0,100.0,60.0,72.0,100.0,100.0,40.0,129.0,/mnt/d/AllFinalWork/project_sqa/GreyWolfOptimizer/Result_Round1/Cli/Cli-1b/GWO/org_apache_commons_cli_CommandLine/terminal.log
Cli,Cli-20b,GWO,121.0,824.0,357379.0,26.633331900028587,94.0,89.0,100.0,50.0,67.0,100.0,89.0,10.0,62.0,/mnt/d/AllFinalWork/project_sqa/GreyWolfOptimizer/Result_Round1/Cli/Cli-20b/GWO/terminal.log
Cli,Cli-20b,org_apache_commons_cli_PosixParser,121.0,595.0,238060.0,48.190475632791596,91.0,86.0,100.0,42.0,67.0,100.0,86.0,12.0,66.0,/mnt/d/AllFinalWork/project_sqa/GreyWolfOptimizer/Result_Round1/Cli/Cli-20b/GWO/org_apache_commons_cli_PosixParser/terminal.log
Cli,Cli-21b,GWO,,,,,100.0,100.0,100.0,100.0,100.0,100.0,100.0,0.0,0.0,/mnt/d/AllFinalWork/project_sqa/GreyWolfOptimizer/Result_Round1/Cli/Cli-21b/GWO/terminal.log
Cli,Cli-21b,org_apache_commons_cli2_commandline_WriteableCommandLineImpl,121.0,128.0,85262.0,57.91025639659633,100.0,97.0,100.0,71.0,34.0,100.0,95.0,51.0,270.0,/mnt/d/AllFinalWork/project_sqa/GreyWolfOptimizer/Result_Round1/Cli/Cli-21b/GWO/org_apache_commons_cli2_commandline_WriteableCommandLineImpl/terminal.log
Cli,Cli-21b,org_apache_commons_cli2_option_GroupImpl,121.0,27.0,17532.0,321.88044871794875,67.0,69.0,100.0,40.0,40.0,100.0,53.0,49.0,238.0,/mnt/d/AllFinalWork/project_sqa/GreyWolfOptimizer/Result_Round1/Cli/Cli-21b/GWO/org_apache_commons_cli2_option_GroupImpl/terminal.log
Cli,Cli-21b,org_apache_commons_cli2_WriteableCommandLine,,,,,100.0,100.0,100.0,100.0,100.0,100.0,100.0,0.0,0.0,/mnt/d/AllFinalWork/project_sqa/GreyWolfOptimizer/Result_Round1/Cli/Cli-21b/GWO/org_apache_commons_cli2_WriteableCommandLine/terminal.log
Cli,Cli-22b,GWO,121.0,972.0,346987.0,29.833331900028583,98.0,93.0,100.0,50.0,67.0,100.0,93.0,9.0,66.0,/mnt/d/AllFinalWork/project_sqa/GreyWolfOptimizer/Result_Round1/Cli/Cli-22b/GWO/terminal.log
Cli,Cli-22b,org_apache_commons_cli_PosixParser,121.0,714.0,274829.0,29.333331900028583,98.0,90.0,100.0,42.0,67.0,100.0,90.0,11.0,63.0,/mnt/d/AllFinalWork/project_sqa/GreyWolfOptimizer/Result_Round1/Cli/Cli-22b/GWO/org_apache_commons_cli_PosixParser/terminal.log
Cli,Cli-23b,GWO,121.0,76.0,45214.0,122.29562813695414,98.0,88.0,100.0,26.0,65.0,97.0,83.0,101.0,330.0,/mnt/d/AllFinalWork/project_sqa/GreyWolfOptimizer/Result_Round1/Cli/Cli-23b/GWO/terminal.log
Cli,Cli-23b,org_apache_commons_cli_HelpFormatter,121.0,81.0,43562.0,119.37803348825088,99.0,88.0,100.0,23.0,72.0,97.0,84.0,104.0,373.0,/mnt/d/AllFinalWork/project_sqa/GreyWolfOptimizer/Result_Round1/Cli/Cli-23b/GWO/org_apache_commons_cli_HelpFormatter/terminal.log
Cli,Cli-24b,GWO,121.0,81.0,44540.0,120.53613076134815,99.0,90.0,100.0,23.0,65.0,97.0,85.0,102.0,350.0,/mnt/d/AllFinalWork/project_sqa/GreyWolfOptimizer/Result_Round1/Cli/Cli-24b/GWO/terminal.log
Cli,Cli-24b,org_apache_commons_cli_HelpFormatter,121.0,83.0,37994.0,120.96632034632034,99.0,88.0,100.0,24.0,79.0,97.0,85.0,107.0,348.0,/mnt/d/AllFinalWork/project_sqa/GreyWolfOptimizer/Result_Round1/Cli/Cli-24b/GWO/org_apache_commons_cli_HelpFormatter/terminal.log
Cli,Cli-25b,GWO,121.0,77.0,35331.0,124.27300799844276,98.0,89.0,100.0,25.0,72.0,97.0,85.0,105.0,351.0,/mnt/d/AllFinalWork/project_sqa/GreyWolfOptimizer/Result_Round1/Cli/Cli-25b/GWO/terminal.log
Cli,Cli-25b,org_apache_commons_cli_HelpFormatter,121.0,82.0,42020.0,119.15843969637447,99.0,90.0,100.0,28.0,74.0,97.0,86.0,100.0,342.0,/mnt/d/AllFinalWork/project_sqa/GreyWolfOptimizer/Result_Round1/Cli/Cli-25b/GWO/org_apache_commons_cli_HelpFormatter/terminal.log
Cli,Cli-26b,GWO,121.0,1160.0,332915.0,25.916666666666668,97.0,100.0,100.0,79.0,73.0,100.0,100.0,29.0,56.0,/mnt/d/AllFinalWork/project_sqa/GreyWolfOptimizer/Result_Round1/Cli/Cli-26b/GWO/terminal.log
Cli,Cli-26b,org_apache_commons_cli_OptionBuilder,121.0,1100.0,346686.0,25.916666666666668,97.0,100.0,100.0,79.0,73.0,100.0,100.0,27.0,54.0,/mnt/d/AllFinalWork/project_sqa/GreyWolfOptimizer/Result_Round1/Cli/Cli-26b/GWO/org_apache_commons_cli_OptionBuilder/terminal.log
Cli,Cli-27b,GWO,121.0,2754.0,660358.0,6.333332855565084,100.0,100.0,100.0,78.0,67.0,100.0,100.0,13.0,42.0,/mnt/d/AllFinalWork/project_sqa/GreyWolfOptimizer/Result_Round1/Cli/Cli-27b/GWO/terminal.log
Cli,Cli-27b,org_apache_commons_cli_OptionGroup,121.0,2267.0,703674.0,6.3333333324020105,100.0,100.0,100.0,78.0,67.0,100.0,100.0,14.0,46.0,/mnt/d/AllFinalWork/project_sqa/GreyWolfOptimizer/Result_Round1/Cli/Cli-27b/GWO/org_apache_commons_cli_OptionGroup/terminal.log
Cli,Cli-28b,GWO,121.0,137.0,95231.0,129.9887952779261,84.0,74.0,100.0,28.0,56.0,100.0,70.0,36.0,262.0,/mnt/d/AllFinalWork/project_sqa/GreyWolfOptimizer/Result_Round1/Cli/Cli-28b/GWO/terminal.log
Cli,Cli-28b,org_apache_commons_cli_Parser,2972.0,88.0,53214.0,155.50414071188936,78.0,68.0,100.0,,56.0,100.0,68.0,39.0,738.0,/mnt/d/AllFinalWork/project_sqa/GreyWolfOptimizer/Result_Round1/Cli/Cli-28b/GWO/org_apache_commons_cli_Parser/terminal.log
Cli,Cli-29b,GWO,121.0,4555.0,665584.0,5.499999012698861,100.0,100.0,100.0,79.0,83.0,100.0,100.0,8.0,8.0,/mnt/d/AllFinalWork/project_sqa/GreyWolfOptimizer/Result_Round1/Cli/Cli-29b/GWO/terminal.log
Cli,Cli-29b,org_apache_commons_cli_Util,121.0,4550.0,474775.0,5.499998088927004,100.0,100.0,100.0,79.0,83.0,100.0,100.0,8.0,8.0,/mnt/d/AllFinalWork/project_sqa/GreyWolfOptimizer/Result_Round1/Cli/Cli-29b/GWO/org_apache_commons_cli_Util/terminal.log
Cli,Cli-2b,GWO,121.0,811.0,327619.0,24.166665233361922,93.0,89.0,100.0,38.0,67.0,100.0,89.0,10.0,59.0,/mnt/d/AllFinalWork/project_sqa/GreyWolfOptimizer/Result_Round1/Cli/Cli-2b/GWO/terminal.log
Cli,Cli-2b,org_apache_commons_cli_PosixParser,121.0,508.0,247355.0,29.16666567371764,93.0,89.0,100.0,35.0,67.0,100.0,89.0,12.0,76.0,/mnt/d/AllFinalWork/project_sqa/GreyWolfOptimizer/Result_Round1/Cli/Cli-2b/GWO/org_apache_commons_cli_PosixParser/terminal.log
Cli,Cli-30b,GWO,121.0,140.0,76564.0,685.4809300634204,58.0,44.0,100.0,19.0,50.0,100.0,44.0,22.0,141.0,/mnt/d/AllFinalWork/project_sqa/GreyWolfOptimizer/Result_Round1/Cli/Cli-30b/GWO/terminal.log
Cli,Cli-30b,org_apache_commons_cli_DefaultParser,121.0,162.0,105416.0,619.0617704347165,65.0,48.0,100.0,21.0,50.0,100.0,48.0,21.0,133.0,/mnt/d/AllFinalWork/project_sqa/GreyWolfOptimizer/Result_Round1/Cli/Cli-30b/GWO/org_apache_commons_cli_DefaultParser/terminal.log
Cli,Cli-30b,org_apache_commons_cli_Parser,121.0,104.0,56837.0,145.00454526256308,80.0,70.0,100.0,25.0,56.0,100.0,70.0,32.0,210.0,/mnt/d/AllFinalWork/project_sqa/GreyWolfOptimizer/Result_Round1/Cli/Cli-30b/GWO/org_apache_commons_cli_Parser/terminal.log
Cli,Cli-31b,GWO,122.0,12.0,7195.0,323.01632034632036,90.0,73.0,100.0,12.0,46.0,98.0,69.0,74.0,222.0,/mnt/d/AllFinalWork/project_sqa/GreyWolfOptimizer/Result_Round1/Cli/Cli-31b/GWO/terminal.log
Cli,Cli-31b,org_apache_commons_cli_HelpFormatter,124.0,10.0,5532.0,170.9549144528357,97.0,84.0,100.0,4.0,48.0,98.0,82.0,70.0,1351.0,/mnt/d/AllFinalWork/project_sqa/GreyWolfOptimizer/Result_Round1/Cli/Cli-31b/GWO/org_apache_commons_cli_HelpFormatter/terminal.log
Cli,Cli-31b,org_apache_commons_cli_Option,121.0,107.0,54127.0,71.97499999883584,94.0,96.0,100.0,66.0,83.0,100.0,96.0,87.0,219.0,/mnt/d/AllFinalWork/project_sqa/GreyWolfOptimizer/Result_Round1/Cli/Cli-31b/GWO/org_apache_commons_cli_Option/terminal.log
Cli,Cli-31b,org_apache_commons_cli_OptionBuilder,121.0,1021.0,354909.0,25.916666666666668,97.0,100.0,100.0,60.0,73.0,100.0,100.0,27.0,54.0,/mnt/d/AllFinalWork/project_sqa/GreyWolfOptimizer/Result_Round1/Cli/Cli-31b/GWO/org_apache_commons_cli_OptionBuilder/terminal.log
Cli,Cli-32b,GWO,122.0,32.0,17493.0,184.02683255351732,98.0,83.0,100.0,12.0,57.0,98.0,82.0,88.0,294.0,/mnt/d/AllFinalWork/project_sqa/GreyWolfOptimizer/Result_Round1/Cli/Cli-32b/GWO/terminal.log
Cli,Cli-32b,org_apache_commons_cli_HelpFormatter,122.0,13.0,7128.0,264.18384230269095,91.0,75.0,100.0,10.0,54.0,98.0,68.0,84.0,259.0,/mnt/d/AllFinalWork/project_sqa/GreyWolfOptimizer/Result_Round1/Cli/Cli-32b/GWO/org_apache_commons_cli_HelpFormatter/terminal.log
Cli,Cli-33b,GWO,125.0,9.0,6570.0,257.4490692640693,91.0,75.0,100.0,3.0,59.0,98.0,67.0,72.0,1322.0,/mnt/d/AllFinalWork/project_sqa/GreyWolfOptimizer/Result_Round1/Cli/Cli-33b/GWO/terminal.log
Cli,Cli-33b,org_apache_commons_cli_HelpFormatter,125.0,9.0,5278.0,259.25081076875193,89.0,74.0,100.0,0.0,57.0,98.0,71.0,74.0,1486.0,/mnt/d/AllFinalWork/project_sqa/GreyWolfOptimizer/Result_Round1/Cli/Cli-33b/GWO/org_apache_commons_cli_HelpFormatter/terminal.log
Cli,Cli-34b,GWO,121.0,121.0,56420.0,33.26666666573534,98.0,99.0,100.0,74.0,83.0,100.0,99.0,90.0,225.0,/mnt/d/AllFinalWork/project_sqa/GreyWolfOptimizer/Result_Round1/Cli/Cli-34b/GWO/terminal.log
Cli,Cli-34b,org_apache_commons_cli_Option,121.0,131.0,65279.0,30.76666666480402,98.0,98.0,100.0,81.0,86.0,100.0,98.0,91.0,235.0,/mnt/d/AllFinalWork/project_sqa/GreyWolfOptimizer/Result_Round1/Cli/Cli-34b/GWO/org_apache_commons_cli_Option/terminal.log
Cli,Cli-34b,org_apache_commons_cli_OptionBuilder,121.0,1214.0,363546.0,25.916666666666668,97.0,100.0,100.0,59.0,73.0,100.0,100.0,27.0,53.0,/mnt/d/AllFinalWork/project_sqa/GreyWolfOptimizer/Result_Round1/Cli/Cli-34b/GWO/org_apache_commons_cli_OptionBuilder/terminal.log
Cli,Cli-35b,GWO,121.0,815.0,342034.0,25.12499952223175,100.0,100.0,100.0,54.0,68.0,100.0,100.0,35.0,113.0,/mnt/d/AllFinalWork/project_sqa/GreyWolfOptimizer/Result_Round1/Cli/Cli-35b/GWO/terminal.log
Cli,Cli-35b,org_apache_commons_cli_Options,121.0,954.0,349479.0,26.12499952223175,100.0,100.0,100.0,57.0,66.0,100.0,100.0,35.0,108.0,/mnt/d/AllFinalWork/project_sqa/GreyWolfOptimizer/Result_Round1/Cli/Cli-35b/GWO/org_apache_commons_cli_Options/terminal.log
Cli,Cli-36b,GWO,121.0,2466.0,802314.0,6.333332855565084,100.0,100.0,100.0,79.0,67.0,100.0,100.0,14.0,46.0,/mnt/d/AllFinalWork/project_sqa/GreyWolfOptimizer/Result_Round1/Cli/Cli-36b/GWO/terminal.log
Cli,Cli-36b,org_apache_commons_cli_OptionGroup,121.0,2453.0,716441.0,6.333332855565084,100.0,100.0,100.0,79.0,67.0,100.0,100.0,14.0,46.0,/mnt/d/AllFinalWork/project_sqa/GreyWolfOptimizer/Result_Round1/Cli/Cli-36b/GWO/org_apache_commons_cli_OptionGroup/terminal.log
Cli,Cli-36b,org_apache_commons_cli_Options,121.0,638.0,257727.0,30.624999879859402,100.0,96.0,100.0,63.0,68.0,100.0,96.0,34.0,111.0,/mnt/d/AllFinalWork/project_sqa/GreyWolfOptimizer/Result_Round1/Cli/Cli-36b/GWO/org_apache_commons_cli_Options/terminal.log
Cli,Cli-37b,GWO,121.0,155.0,91567.0,766.0655582344972,53.0,39.0,100.0,16.0,50.0,100.0,39.0,23.0,153.0,/mnt/d/AllFinalWork/project_sqa/GreyWolfOptimizer/Result_Round1/Cli/Cli-37b/GWO/terminal.log
Cli,Cli-37b,org_apache_commons_cli_DefaultParser,121.0,168.0,90662.0,818.0665051893468,49.0,38.0,100.0,12.0,50.0,100.0,38.0,22.0,160.0,/mnt/d/AllFinalWork/project_sqa/GreyWolfOptimizer/Result_Round1/Cli/Cli-37b/GWO/org_apache_commons_cli_DefaultParser/terminal.log
Cli,Cli-38b,GWO,121.0,144.0,75057.0,703.5107769718622,62.0,43.0,100.0,18.0,50.0,100.0,43.0,22.0,159.0,/mnt/d/AllFinalWork/project_sqa/GreyWolfOptimizer/Result_Round1/Cli/Cli-38b/GWO/terminal.log
Cli,Cli-38b,org_apache_commons_cli_DefaultParser,121.0,149.0,72394.0,831.0673066203558,46.0,36.0,100.0,16.0,50.0,100.0,36.0,21.0,150.0,/mnt/d/AllFinalWork/project_sqa/GreyWolfOptimizer/Result_Round1/Cli/Cli-38b/GWO/org_apache_commons_cli_DefaultParser/terminal.log
Cli,Cli-39b,GWO,121.0,1231.0,127738.0,52.55882352941177,100.0,100.0,100.0,50.0,42.0,100.0,100.0,33.0,55.0,/mnt/d/AllFinalWork/project_sqa/GreyWolfOptimizer/Result_Round1/Cli/Cli-39b/GWO/terminal.log
Cli,Cli-39b,org_apache_commons_cli_TypeHandler,121.0,1240.0,145880.0,51.5625,100.0,100.0,100.0,50.0,44.0,100.0,100.0,33.0,48.0,/mnt/d/AllFinalWork/project_sqa/GreyWolfOptimizer/Result_Round1/Cli/Cli-39b/GWO/org_apache_commons_cli_TypeHandler/terminal.log
Cli,Cli-3b,GWO,121.0,1880.0,422506.0,63.53409090909091,82.0,71.0,100.0,19.0,51.0,100.0,71.0,26.0,32.0,/mnt/d/AllFinalWork/project_sqa/GreyWolfOptimizer/Result_Round1/Cli/Cli-3b/GWO/terminal.log
Cli,Cli-3b,org_apache_commons_cli_TypeHandler,121.0,1480.0,376631.0,47.892857142857146,91.0,89.0,100.0,44.0,48.0,100.0,89.0,27.0,39.0,/mnt/d/AllFinalWork/project_sqa/GreyWolfOptimizer/Result_Round1/Cli/Cli-3b/GWO/org_apache_commons_cli_TypeHandler/terminal.log
Cli,Cli-40b,GWO,121.0,1370.0,171615.0,71.93055555555556,84.0,76.0,100.0,48.0,44.0,100.0,76.0,31.0,48.0,/mnt/d/AllFinalWork/project_sqa/GreyWolfOptimizer/Result_Round1/Cli/Cli-40b/GWO/terminal.log
Cli,Cli-40b,org_apache_commons_cli_TypeHandler,121.0,1444.0,169632.0,72.9375,84.0,76.0,100.0,48.0,42.0,100.0,76.0,29.0,38.0,/mnt/d/AllFinalWork/project_sqa/GreyWolfOptimizer/Result_Round1/Cli/Cli-40b/GWO/org_apache_commons_cli_TypeHandler/terminal.log
Cli,Cli-4b,GWO,121.0,343.0,179972.0,125.52121104553504,79.0,72.0,100.0,29.0,50.0,100.0,71.0,24.0,202.0,/mnt/d/AllFinalWork/project_sqa/GreyWolfOptimizer/Result_Round1/Cli/Cli-4b/GWO/terminal.log
Cli,Cli-4b,org_apache_commons_cli_Parser,122.0,239.0,133238.0,155.53916978513774,70.0,62.0,100.0,23.0,50.0,100.0,62.0,23.0,185.0,/mnt/d/AllFinalWork/project_sqa/GreyWolfOptimizer/Result_Round1/Cli/Cli-4b/GWO/org_apache_commons_cli_Parser/terminal.log
Cli,Cli-5b,GWO,121.0,816.0,145534.0,6.333331422260338,100.0,100.0,100.0,77.0,67.0,100.0,100.0,8.0,8.0,/mnt/d/AllFinalWork/project_sqa/GreyWolfOptimizer/Result_Round1/Cli/Cli-5b/GWO/terminal.log
Cli,Cli-5b,org_apache_commons_cli_Util,121.0,4679.0,857409.0,6.3333323105731285,100.0,100.0,100.0,77.0,67.0,100.0,100.0,8.0,8.0,/mnt/d/AllFinalWork/project_sqa/GreyWolfOptimizer/Result_Round1/Cli/Cli-5b/GWO/org_apache_commons_cli_Util/terminal.log
Cli,Cli-7b,GWO,121.0,504.0,162790.0,61.150000000000006,,,,,,,,,,/mnt/d/AllFinalWork/project_sqa/GreyWolfOptimizer/Result_Round1/Cli/Cli-7b/GWO/terminal.log
Cli,Cli-7b,org_apache_commons_cli2_builder_PatternBuilder,123.0,474.0,136960.0,61.150000000000006,99.0,85.0,100.0,46.0,50.0,100.0,85.0,13.0,30.0,/mnt/d/AllFinalWork/project_sqa/GreyWolfOptimizer/Result_Round1/Cli/Cli-7b/GWO/org_apache_commons_cli2_builder_PatternBuilder/terminal.log
Cli,Cli-8b,GWO,122.0,77.0,35901.0,122.62078772256278,98.0,87.0,100.0,28.0,71.0,97.0,84.0,94.0,326.0,/mnt/d/AllFinalWork/project_sqa/GreyWolfOptimizer/Result_Round1/Cli/Cli-8b/GWO/terminal.log
Cli,Cli-8b,org_apache_commons_cli_HelpFormatter,121.0,88.0,46947.0,180.06313539894177,92.0,81.0,100.0,25.0,66.0,97.0,79.0,87.0,295.0,/mnt/d/AllFinalWork/project_sqa/GreyWolfOptimizer/Result_Round1/Cli/Cli-8b/GWO/org_apache_commons_cli_HelpFormatter/terminal.log
Cli,Cli-9b,GWO,121.0,251.0,131733.0,133.50454425965913,80.0,73.0,100.0,31.0,69.0,100.0,73.0,38.0,275.0,/mnt/d/AllFinalWork/project_sqa/GreyWolfOptimizer/Result_Round1/Cli/Cli-9b/GWO/terminal.log
Cli,Cli-9b,org_apache_commons_cli_Parser,411.0,63.0,39004.0,168.51153825435023,76.0,65.0,100.0,21.0,56.0,100.0,65.0,33.0,217.0,/mnt/d/AllFinalWork/project_sqa/GreyWolfOptimizer/Result_Round1/Cli/Cli-9b/GWO/org_apache_commons_cli_Parser/terminal.log
Closure,Closure-100b,com_google_javascript_jscomp_CheckGlobalThis,121.0,549.0,214356.0,149.50532581453632,68.0,49.0,100.0,13.0,50.0,100.0,49.0,13.0,98.0,/mnt/d/AllFinalWork/project_sqa/GreyWolfOptimizer/Result_Round1/Closure/Closure-100b/GWO/com_google_javascript_jscomp_CheckGlobalThis/terminal.log
Closure,Closure-101b,com_google_javascript_jscomp_CommandLineRunner,121.0,557.0,106196.0,186.23193473193476,76.0,37.0,100.0,7.0,5.0,100.0,37.0,13.0,52.0,/mnt/d/AllFinalWork/project_sqa/GreyWolfOptimizer/Result_Round1/Closure/Closure-101b/GWO/com_google_javascript_jscomp_CommandLineRunner/terminal.log
Closure,Closure-102b,com_google_javascript_jscomp_Normalize,121.0,120.0,52184.0,500.2474358974359,72.0,63.0,100.0,21.0,50.0,67.0,63.0,14.0,75.0,/mnt/d/AllFinalWork/project_sqa/GreyWolfOptimizer/Result_Round1/Closure/Closure-102b/GWO/com_google_javascript_jscomp_Normalize/terminal.log
Closure,Closure-103b,com_google_javascript_jscomp_ControlFlowAnalysis,121.0,64.0,29341.0,1547.3756000872781,38.0,47.0,100.0,6.0,67.0,88.0,44.0,28.0,130.0,/mnt/d/AllFinalWork/project_sqa/GreyWolfOptimizer/Result_Round1/Closure/Closure-103b/GWO/com_google_javascript_jscomp_ControlFlowAnalysis/terminal.log
Closure,Closure-103b,com_google_javascript_jscomp_DisambiguateProperties,121.0,163.0,73775.0,1823.705022071951,19.0,10.0,100.0,6.0,62.0,14.0,9.0,12.0,54.0,/mnt/d/AllFinalWork/project_sqa/GreyWolfOptimizer/Result_Round1/Closure/Closure-103b/GWO/com_google_javascript_jscomp_DisambiguateProperties/terminal.log
Closure,Closure-104b,com_google_javascript_rhino_jstype_UnionType,122.0,20.0,15425.0,217.92222222222222,96.0,89.0,100.0,59.0,65.0,100.0,89.0,69.0,1462.0,/mnt/d/AllFinalWork/project_sqa/GreyWolfOptimizer/Result_Round1/Closure/Closure-104b/GWO/com_google_javascript_rhino_jstype_UnionType/terminal.log
Closure,Closure-105b,com_google_javascript_jscomp_FoldConstants,121.0,75.0,32790.0,5643.445041619475,15.0,17.0,100.0,2.0,33.0,100.0,17.0,73.0,382.0,/mnt/d/AllFinalWork/project_sqa/GreyWolfOptimizer/Result_Round1/Closure/Closure-105b/GWO/com_google_javascript_jscomp_FoldConstants/terminal.log
Closure,Closure-106b,com_google_javascript_jscomp_GlobalNamespace,121.0,92.0,33413.0,1735.0085592417956,46.0,33.0,100.0,18.0,33.0,68.0,33.0,60.0,228.0,/mnt/d/AllFinalWork/project_sqa/GreyWolfOptimizer/Result_Round1/Closure/Closure-106b/GWO/com_google_javascript_jscomp_GlobalNamespace/terminal.log
Closure,Closure-106b,com_google_javascript_rhino_JSDocInfoBuilder,121.0,75.0,47510.0,27.416666666666664,99.0,97.0,100.0,67.0,96.0,100.0,97.0,106.0,408.0,/mnt/d/AllFinalWork/project_sqa/GreyWolfOptimizer/Result_Round1/Closure/Closure-106b/GWO/com_google_javascript_rhino_JSDocInfoBuilder/terminal.log
Closure,Closure-107b,com_google_javascript_jscomp_CommandLineRunner,121.0,122.0,43743.0,376.2493112896436,37.0,23.0,80.0,0.0,0.0,40.0,23.0,11.0,36.0,/mnt/d/AllFinalWork/project_sqa/GreyWolfOptimizer/Result_Round1/Closure/Closure-107b/GWO/com_google_javascript_jscomp_CommandLineRunner/terminal.log
Closure,Closure-108b,com_google_javascript_jscomp_ScopedAliases,124.0,172.0,54179.0,1003.1619937662109,17.0,14.0,80.0,,100.0,21.0,14.0,,,/mnt/d/AllFinalWork/project_sqa/GreyWolfOptimizer/Result_Round1/Closure/Closure-108b/GWO/com_google_javascript_jscomp_ScopedAliases/terminal.log
Closure,Closure-109b,com_google_javascript_jscomp_parsing_JsDocInfoParser,121.0,42.0,26774.0,4013.665537220628,24.0,22.0,100.0,15.0,43.0,73.0,22.0,37.0,321.0,/mnt/d/AllFinalWork/project_sqa/GreyWolfOptimizer/Result_Round1/Closure/Closure-109b/GWO/com_google_javascript_jscomp_parsing_JsDocInfoParser/terminal.log
Closure,Closure-10b,com_google_javascript_jscomp_NodeUtil,126.0,36.0,12312.0,10764.903614591249,41.0,43.0,100.0,12.0,16.0,88.0,43.0,228.0,4003.0,/mnt/d/AllFinalWork/project_sqa/GreyWolfOptimizer/Result_Round1/Closure/Closure-10b/GWO/com_google_javascript_jscomp_NodeUtil/terminal.log
Closure,Closure-110b,com_google_javascript_jscomp_ScopedAliases,122.0,203.0,65647.0,960.5282571884075,19.0,15.0,100.0,,100.0,21.0,15.0,,,/mnt/d/AllFinalWork/project_sqa/GreyWolfOptimizer/Result_Round1/Closure/Closure-110b/GWO/com_google_javascript_jscomp_ScopedAliases/terminal.log
Closure,Closure-110b,com_google_javascript_rhino_Node,122.0,29.0,13229.0,5604.946146114421,80.0,64.0,100.0,21.0,28.0,91.0,56.0,325.0,885.0,/mnt/d/AllFinalWork/project_sqa/GreyWolfOptimizer/Result_Round1/Closure/Closure-110b/GWO/com_google_javascript_rhino_Node/terminal.log
Closure,Closure-111b,com_google_javascript_jscomp_type_ClosureReverseAbstractInterpreter,121.0,700.0,270183.0,360.8169398907104,24.0,24.0,67.0,2.0,100.0,100.0,24.0,4.0,22.0,/mnt/d/AllFinalWork/project_sqa/GreyWolfOptimizer/Result_Round1/Closure/Closure-111b/GWO/com_google_javascript_jscomp_type_ClosureReverseAbstractInterpreter/terminal.log
Closure,Closure-112b,com_google_javascript_jscomp_TypeInference,121.0,433.0,107463.0,4355.331902718169,1.0,0.0,100.0,0.0,7.0,22.0,0.0,3.0,16.0,/mnt/d/AllFinalWork/project_sqa/GreyWolfOptimizer/Result_Round1/Closure/Closure-112b/GWO/com_google_javascript_jscomp_TypeInference/terminal.log
Closure,Closure-113b,com_google_javascript_jscomp_ProcessClosurePrimitives,121.0,126.0,48255.0,2723.6978858316143,13.0,14.0,100.0,,33.0,56.0,14.0,,,/mnt/d/AllFinalWork/project_sqa/GreyWolfOptimizer/Result_Round1/Closure/Closure-113b/GWO/com_google_javascript_jscomp_ProcessClosurePrimitives/terminal.log
Closure,Closure-114b,com_google_javascript_jscomp_NameAnalyzer,126.0,80.0,30132.0,3243.331661092531,19.0,12.0,100.0,12.0,33.0,22.0,12.0,6.0,40.0,/mnt/d/AllFinalWork/project_sqa/GreyWolfOptimizer/Result_Round1/Closure/Closure-114b/GWO/com_google_javascript_jscomp_NameAnalyzer/terminal.log
Closure,Closure-115b,com_google_javascript_jscomp_FunctionInjector,121.0,115.0,50254.0,2081.2289473684214,21.0,12.0,100.0,1.0,1.0,90.0,12.0,19.0,159.0,/mnt/d/AllFinalWork/project_sqa/GreyWolfOptimizer/Result_Round1/Closure/Closure-115b/GWO/com_google_javascript_jscomp_FunctionInjector/terminal.log
Closure,Closure-116b,com_google_javascript_jscomp_FunctionInjector,123.0,56.0,22519.0,2191.0790414850458,17.0,6.0,91.0,0.0,1.0,90.0,6.0,13.0,90.0,/mnt/d/AllFinalWork/project_sqa/GreyWolfOptimizer/Result_Round1/Closure/Closure-116b/GWO/com_google_javascript_jscomp_FunctionInjector/terminal.log
Closure,Closure-117b,com_google_javascript_jscomp_TypeValidator,121.0,221.0,85400.0,1650.829365079365,5.0,2.0,50.0,2.0,0.0,15.0,2.0,3.0,14.0,/mnt/d/AllFinalWork/project_sqa/GreyWolfOptimizer/Result_Round1/Closure/Closure-117b/GWO/com_google_javascript_jscomp_TypeValidator/terminal.log
Closure,Closure-118b,com_google_javascript_jscomp_DisambiguateProperties,125.0,56.0,14790.0,2432.080923694779,9.0,3.0,100.0,2.0,38.0,11.0,2.0,7.0,25.0,/mnt/d/AllFinalWork/project_sqa/GreyWolfOptimizer/Result_Round1/Closure/Closure-118b/GWO/com_google_javascript_jscomp_DisambiguateProperties/terminal.log
Closure,Closure-119b,com_google_javascript_jscomp_GlobalNamespace,121.0,76.0,32220.0,2246.6433216789383,41.0,32.0,100.0,20.0,34.0,79.0,26.0,81.0,282.0,/mnt/d/AllFinalWork/project_sqa/GreyWolfOptimizer/Result_Round1/Closure/Closure-119b/GWO/com_google_javascript_jscomp_GlobalNamespace/terminal.log
Closure,Closure-11b,com_google_javascript_jscomp_TypeCheck,125.0,106.0,40663.0,4629.188549352964,25.0,25.0,100.0,2.0,24.0,100.0,22.0,20.0,185.0,/mnt/d/AllFinalWork/project_sqa/GreyWolfOptimizer/Result_Round1/Closure/Closure-11b/GWO/com_google_javascript_jscomp_TypeCheck/terminal.log
Closure,Closure-120b,com_google_javascript_jscomp_ReferenceCollectingCallback,122.0,91.0,32612.0,784.926427736052,61.0,41.0,100.0,12.0,21.0,87.0,38.0,49.0,229.0,/mnt/d/AllFinalWork/project_sqa/GreyWolfOptimizer/Result_Round1/Closure/Closure-120b/GWO/com_google_javascript_jscomp_ReferenceCollectingCallback/terminal.log
Closure,Closure-121b,com_google_javascript_jscomp_InlineVariables,126.0,420.0,91515.0,1657.246336996337,6.0,4.0,100.0,0.0,100.0,40.0,4.0,4.0,21.0,/mnt/d/AllFinalWork/project_sqa/GreyWolfOptimizer/Result_Round1/Closure/Closure-121b/GWO/com_google_javascript_jscomp_InlineVariables/terminal.log
Closure,Closure-122b,com_google_javascript_jscomp_parsing_IRFactory,122.0,126.0,65313.0,4067.248341625207,12.0,5.0,100.0,3.0,49.0,2.0,5.0,7.0,62.0,/mnt/d/AllFinalWork/project_sqa/GreyWolfOptimizer/Result_Round1/Closure/Closure-122b/GWO/com_google_javascript_jscomp_parsing_IRFactory/terminal.log
Closure,Closure-123b,com_google_javascript_jscomp_CodeGenerator,122.0,74.0,25599.0,3582.040624909027,17.0,11.0,100.0,19.0,53.0,100.0,11.0,44.0,120.0,/mnt/d/AllFinalWork/project_sqa/GreyWolfOptimizer/Result_Round1/Closure/Closure-123b/GWO/com_google_javascript_jscomp_CodeGenerator/terminal.log
Closure,Closure-124b,com_google_javascript_jscomp_ExploitAssigns,121.0,313.0,89915.0,660.9864864864865,9.0,5.0,100.0,3.0,83.0,100.0,5.0,46.0,164.0,/mnt/d/AllFinalWork/project_sqa/GreyWolfOptimizer/Result_Round1/Closure/Closure-124b/GWO/com_google_javascript_jscomp_ExploitAssigns/terminal.log
Closure,Closure-125b,com_google_javascript_jscomp_TypeCheck,121.0,109.0,52037.0,5728.048588959994,10.0,18.0,100.0,1.0,29.0,100.0,18.0,21.0,189.0,/mnt/d/AllFinalWork/project_sqa/GreyWolfOptimizer/Result_Round1/Closure/Closure-125b/GWO/com_google_javascript_jscomp_TypeCheck/terminal.log
Closure,Closure-126b,com_google_javascript_jscomp_MinimizeExitPoints,122.0,189.0,64925.0,431.04715597950894,34.0,44.0,100.0,4.0,100.0,100.0,44.0,13.0,61.0,/mnt/d/AllFinalWork/project_sqa/GreyWolfOptimizer/Result_Round1/Closure/Closure-126b/GWO/com_google_javascript_jscomp_MinimizeExitPoints/terminal.log
Closure,Closure-127b,com_google_javascript_jscomp_UnreachableCodeElimination,124.0,255.0,22531.0,440.48591549295776,9.0,4.0,100.0,0.0,100.0,67.0,4.0,1.0,3.0,/mnt/d/AllFinalWork/project_sqa/GreyWolfOptimizer/Result_Round1/Closure/Closure-127b/GWO/com_google_javascript_jscomp_UnreachableCodeElimination/terminal.log
Closure,Closure-128b,com_google_javascript_jscomp_CodeGenerator,121.0,47.0,15246.0,1938.7538904002831,42.0,46.0,100.0,18.0,37.0,100.0,46.0,44.0,831.0,/mnt/d/AllFinalWork/project_sqa/GreyWolfOptimizer/Result_Round1/Closure/Closure-128b/GWO/com_google_javascript_jscomp_CodeGenerator/terminal.log
Closure,Closure-129b,com_google_javascript_jscomp_PrepareAst,124.0,318.0,83416.0,230.96969686398253,56.0,42.0,100.0,20.0,100.0,100.0,42.0,7.0,30.0,/mnt/d/AllFinalWork/project_sqa/GreyWolfOptimizer/Result_Round1/Closure/Closure-129b/GWO/com_google_javascript_jscomp_PrepareAst/terminal.log
Closure,Closure-12b,com_google_javascript_jscomp_MaybeReachingVariableUse,125.0,365.0,76528.0,430.986301369863,16.0,10.0,100.0,6.0,0.0,40.0,10.0,5.0,14.0,/mnt/d/AllFinalWork/project_sqa/GreyWolfOptimizer/Result_Round1/Closure/Closure-12b/GWO/com_google_javascript_jscomp_MaybeReachingVariableUse/terminal.log
Closure,Closure-130b,com_google_javascript_jscomp_CollapseProperties,123.0,214.0,57792.0,1953.1970930232558,6.0,3.0,75.0,1.0,100.0,100.0,3.0,5.0,21.0,/mnt/d/AllFinalWork/project_sqa/GreyWolfOptimizer/Result_Round1/Closure/Closure-130b/GWO/com_google_javascript_jscomp_CollapseProperties/terminal.log
Closure,Closure-131b,com_google_javascript_rhino_TokenStream,122.0,90.0,56442.0,363.12040423867444,85.0,76.0,100.0,22.0,100.0,100.0,76.0,96.0,96.0,/mnt/d/AllFinalWork/project_sqa/GreyWolfOptimizer/Result_Round1/Closure/Closure-131b/GWO/com_google_javascript_rhino_TokenStream/terminal.log
Closure,Closure-132b,com_google_javascript_jscomp_PeepholeSubstituteAlternateSyntax,122.0,85.0,29564.0,4442.193811561715,6.0,9.0,100.0,3.0,38.0,100.0,9.0,31.0,97.0,/mnt/d/AllFinalWork/project_sqa/GreyWolfOptimizer/Result_Round1/Closure/Closure-132b/GWO/com_google_javascript_jscomp_PeepholeSubstituteAlternateSyntax/terminal.log
Closure,Closure-133b,com_google_javascript_jscomp_parsing_JsDocInfoParser,122.0,44.0,27836.0,3752.365461817555,24.0,22.0,100.0,16.0,44.0,73.0,21.0,36.0,331.0,/mnt/d/AllFinalWork/project_sqa/GreyWolfOptimizer/Result_Round1/Closure/Closure-133b/GWO/com_google_javascript_jscomp_parsing_JsDocInfoParser/terminal.log
Closure,Closure-134b,com_google_javascript_jscomp_AmbiguateProperties,124.0,378.0,154758.0,644.9589147105473,46.0,30.0,60.0,3.0,33.0,36.0,29.0,7.0,31.0,/mnt/d/AllFinalWork/project_sqa/GreyWolfOptimizer/Result_Round1/Closure/Closure-134b/GWO/com_google_javascript_jscomp_AmbiguateProperties/terminal.log
Closure,Closure-134b,com_google_javascript_jscomp_TypedScopeCreator,121.0,105.0,42383.0,2579.13185594088,16.0,8.0,83.0,3.0,56.0,31.0,8.0,10.0,57.0,/mnt/d/AllFinalWork/project_sqa/GreyWolfOptimizer/Result_Round1/Closure/Closure-134b/GWO/com_google_javascript_jscomp_TypedScopeCreator/terminal.log
Closure,Closure-135b,com_google_javascript_jscomp_DevirtualizePrototypeMethods,121.0,2006.0,305802.0,558.8240740740741,18.0,16.0,100.0,1.0,100.0,100.0,16.0,3.0,15.0,/mnt/d/AllFinalWork/project_sqa/GreyWolfOptimizer/Result_Round1/Closure/Closure-135b/GWO/com_google_javascript_jscomp_DevirtualizePrototypeMethods/terminal.log
Closure,Closure-135b,com_google_javascript_rhino_jstype_FunctionType,122.0,44.0,31047.0,610.3939934713409,84.0,79.0,100.0,40.0,52.0,100.0,76.0,126.0,698.0,/mnt/d/AllFinalWork/project_sqa/GreyWolfOptimizer/Result_Round1/Closure/Closure-135b/GWO/com_google_javascript_rhino_jstype_FunctionType/terminal.log
Closure,Closure-136b,com_google_javascript_jscomp_MethodCompilerPass,121.0,413.0,106764.0,345.28962620178135,51.0,38.0,100.0,9.0,100.0,33.0,38.0,6.0,25.0,/mnt/d/AllFinalWork/project_sqa/GreyWolfOptimizer/Result_Round1/Closure/Closure-136b/GWO/com_google_javascript_jscomp_MethodCompilerPass/terminal.log
Closure,Closure-136b,com_google_javascript_jscomp_RenameVars,121.0,273.0,175558.0,201.51060599887566,,,,,,,,,,/mnt/d/AllFinalWork/project_sqa/GreyWolfOptimizer/Result_Round1/Closure/Closure-136b/GWO/com_google_javascript_jscomp_RenameVars/terminal.log
Closure,Closure-137b,com_google_javascript_jscomp_MakeDeclaredNamesUnique,121.0,262.0,117316.0,301.58692528735634,64.0,59.0,100.0,20.0,50.0,100.0,59.0,28.0,130.0,/mnt/d/AllFinalWork/project_sqa/GreyWolfOptimizer/Result_Round1/Closure/Closure-137b/GWO/com_google_javascript_jscomp_MakeDeclaredNamesUnique/terminal.log
Closure,Closure-137b,com_google_javascript_jscomp_NodeUtil,121.0,67.0,24748.0,4678.7030894878235,53.0,51.0,100.0,23.0,25.0,96.0,51.0,262.0,517.0,/mnt/d/AllFinalWork/project_sqa/GreyWolfOptimizer/Result_Round1/Closure/Closure-137b/GWO/com_google_javascript_jscomp_NodeUtil/terminal.log
Closure,Closure-137b,com_google_javascript_jscomp_Normalize,124.0,141.0,57662.0,510.54912280701757,71.0,62.0,100.0,22.0,100.0,69.0,62.0,14.0,78.0,/mnt/d/AllFinalWork/project_sqa/GreyWolfOptimizer/Result_Round1/Closure/Closure-137b/GWO/com_google_javascript_jscomp_Normalize/terminal.log
Closure,Closure-138b,com_google_javascript_jscomp_ClosureReverseAbstractInterpreter,121.0,482.0,209376.0,328.7314814814815,29.0,29.0,67.0,2.0,100.0,100.0,29.0,8.0,58.0,/mnt/d/AllFinalWork/project_sqa/GreyWolfOptimizer/Result_Round1/Closure/Closure-138b/GWO/com_google_javascript_jscomp_ClosureReverseAbstractInterpreter/terminal.log
Closure,Closure-138b,com_google_javascript_jscomp_TypeInference,123.0,124.0,54563.0,2506.5305571643667,12.0,27.0,100.0,2.0,56.0,80.0,27.0,15.0,150.0,/mnt/d/AllFinalWork/project_sqa/GreyWolfOptimizer/Result_Round1/Closure/Closure-138b/GWO/com_google_javascript_jscomp_TypeInference/terminal.log
Closure,Closure-139b,com_google_javascript_jscomp_Normalize,121.0,165.0,65604.0,671.9706751054852,60.0,56.0,100.0,14.0,100.0,69.0,56.0,16.0,92.0,/mnt/d/AllFinalWork/project_sqa/GreyWolfOptimizer/Result_Round1/Closure/Closure-139b/GWO/com_google_javascript_jscomp_Normalize/terminal.log
Closure,Closure-13b,com_google_javascript_jscomp_PeepholeOptimizationsPass,121.0,193.0,78325.0,37.86596665666567,98.0,86.0,100.0,45.0,100.0,50.0,78.0,8.0,82.0,/mnt/d/AllFinalWork/project_sqa/GreyWolfOptimizer/Result_Round1/Closure/Closure-13b/GWO/com_google_javascript_jscomp_PeepholeOptimizationsPass/terminal.log
Closure,Closure-140b,com_google_javascript_jscomp_Compiler,122.0,45.0,16329.0,1634.5104481422716,56.0,48.0,99.0,17.0,22.0,97.0,46.0,130.0,458.0,/mnt/d/AllFinalWork/project_sqa/GreyWolfOptimizer/Result_Round1/Closure/Closure-140b/GWO/com_google_javascript_jscomp_Compiler/terminal.log
Closure,Closure-141b,com_google_javascript_jscomp_NodeUtil,229.0,41.0,16214.0,4945.0097027469055,51.0,49.0,100.0,21.0,22.0,95.0,49.0,224.0,474.0,/mnt/d/AllFinalWork/project_sqa/GreyWolfOptimizer/Result_Round1/Closure/Closure-141b/GWO/com_google_javascript_jscomp_NodeUtil/terminal.log
Closure,Closure-141b,com_google_javascript_jscomp_PureFunctionIdentifier,121.0,476.0,138940.0,1177.1952153110049,22.0,12.0,100.0,10.0,33.0,16.0,12.0,7.0,33.0,/mnt/d/AllFinalWork/project_sqa/GreyWolfOptimizer/Result_Round1/Closure/Closure-141b/GWO/com_google_javascript_jscomp_PureFunctionIdentifier/terminal.log
Closure,Closure-142b,com_google_javascript_jscomp_CoalesceVariableNames,124.0,1035.0,403217.0,905.6602150537634,8.0,3.0,100.0,1.0,100.0,42.0,3.0,9.0,41.0,/mnt/d/AllFinalWork/project_sqa/GreyWolfOptimizer/Result_Round1/Closure/Closure-142b/GWO/com_google_javascript_jscomp_CoalesceVariableNames/terminal.log
Closure,Closure-142b,com_google_javascript_jscomp_parsing_JsDocInfoParser,121.0,62.0,32084.0,2857.3551158414343,21.0,20.0,100.0,14.0,32.0,67.0,20.0,23.0,104.0,/mnt/d/AllFinalWork/project_sqa/GreyWolfOptimizer/Result_Round1/Closure/Closure-142b/GWO/com_google_javascript_jscomp_parsing_JsDocInfoParser/terminal.log
Closure,Closure-143b,com_google_javascript_jscomp_AbstractCommandLineRunner,121.0,63.0,26925.0,1156.5731494842964,43.0,35.0,100.0,5.0,15.0,100.0,35.0,55.0,166.0,/mnt/d/AllFinalWork/project_sqa/GreyWolfOptimizer/Result_Round1/Closure/Closure-143b/GWO/com_google_javascript_jscomp_AbstractCommandLineRunner/terminal.log
Closure,Closure-143b,com_google_javascript_jscomp_RemoveConstantExpressions,121.0,2463.0,452191.0,2.5,100.0,100.0,100.0,42.0,100.0,83.0,100.0,5.0,20.0,/mnt/d/AllFinalWork/project_sqa/GreyWolfOptimizer/Result_Round1/Closure/Closure-143b/GWO/com_google_javascript_jscomp_RemoveConstantExpressions/terminal.log
Closure,Closure-144b,com_google_javascript_jscomp_FunctionTypeBuilder,121.0,248.0,125852.0,736.081200353045,,,,,,,,,,/mnt/d/AllFinalWork/project_sqa/GreyWolfOptimizer/Result_Round1/Closure/Closure-144b/GWO/com_google_javascript_jscomp_FunctionTypeBuilder/terminal.log
Closure,Closure-144b,com_google_javascript_jscomp_TypedScopeCreator,126.0,43.0,11756.0,2998.906691083546,16.0,9.0,100.0,0.0,56.0,24.0,9.0,15.0,243.0,/mnt/d/AllFinalWork/project_sqa/GreyWolfOptimizer/Result_Round1/Closure/Closure-144b/GWO/com_google_javascript_jscomp_TypedScopeCreator/terminal.log
Closure,Closure-144b,com_google_javascript_rhino_jstype_FunctionBuilder,121.0,2035.0,698958.0,34.2,100.0,100.0,100.0,33.0,56.0,100.0,100.0,14.0,64.0,/mnt/d/AllFinalWork/project_sqa/GreyWolfOptimizer/Result_Round1/Closure/Closure-144b/GWO/com_google_javascript_rhino_jstype_FunctionBuilder/terminal.log
Closure,Closure-144b,com_google_javascript_rhino_jstype_FunctionType,122.0,42.0,25101.0,821.4451155473034,79.0,74.0,94.0,40.0,52.0,100.0,72.0,124.0,699.0,/mnt/d/AllFinalWork/project_sqa/GreyWolfOptimizer/Result_Round1/Closure/Closure-144b/GWO/com_google_javascript_rhino_jstype_FunctionType/terminal.log
Closure,Closure-145b,com_google_javascript_jscomp_CodeGenerator,121.0,80.0,29859.0,3042.7893026004726,16.0,11.0,100.0,18.0,39.0,100.0,11.0,42.0,122.0,/mnt/d/AllFinalWork/project_sqa/GreyWolfOptimizer/Result_Round1/Closure/Closure-145b/GWO/com_google_javascript_jscomp_CodeGenerator/terminal.log
Closure,Closure-146b,com_google_javascript_rhino_jstype_JSType,121.0,60.0,39002.0,567.9873949579833,93.0,89.0,100.0,55.0,48.0,96.0,87.0,187.0,1000.0,/mnt/d/AllFinalWork/project_sqa/GreyWolfOptimizer/Result_Round1/Closure/Closure-146b/GWO/com_google_javascript_rhino_jstype_JSType/terminal.log
Closure,Closure-147b,com_google_javascript_jscomp_CheckGlobalThis,121.0,502.0,197183.0,195.8640350877193,64.0,51.0,100.0,27.0,100.0,100.0,51.0,11.0,77.0,/mnt/d/AllFinalWork/project_sqa/GreyWolfOptimizer/Result_Round1/Closure/Closure-147b/GWO/com_google_javascript_jscomp_CheckGlobalThis/terminal.log
Closure,Closure-147b,com_google_javascript_jscomp_RuntimeTypeCheck,121.0,848.0,147495.0,682.617,,,,,,,,,,/mnt/d/AllFinalWork/project_sqa/GreyWolfOptimizer/Result_Round1/Closure/Closure-147b/GWO/com_google_javascript_jscomp_RuntimeTypeCheck/terminal.log
Closure,Closure-148b,com_google_javascript_jscomp_PeepholeFoldConstants,121.0,117.0,51201.0,4216.581283913872,10.0,20.0,100.0,4.0,86.0,100.0,20.0,33.0,163.0,/mnt/d/AllFinalWork/project_sqa/GreyWolfOptimizer/Result_Round1/Closure/Closure-148b/GWO/com_google_javascript_jscomp_PeepholeFoldConstants/terminal.log
Closure,Closure-148b,com_google_javascript_jscomp_SourceMap,121.0,477.0,134915.0,681.615099007107,34.0,20.0,100.0,5.0,100.0,89.0,20.0,13.0,43.0,/mnt/d/AllFinalWork/project_sqa/GreyWolfOptimizer/Result_Round1/Closure/Closure-148b/GWO/com_google_javascript_jscomp_SourceMap/terminal.log
Closure,Closure-149b,com_google_javascript_jscomp_AbstractCommandLineRunner,121.0,56.0,25452.0,1455.9422567081886,41.0,32.0,100.0,10.0,17.0,100.0,32.0,61.0,222.0,/mnt/d/AllFinalWork/project_sqa/GreyWolfOptimizer/Result_Round1/Closure/Closure-149b/GWO/com_google_javascript_jscomp_AbstractCommandLineRunner/terminal.log
Closure,Closure-149b,com_google_javascript_jscomp_CommandLineRunner,122.0,486.0,131562.0,204.07872340425533,74.0,41.0,100.0,12.0,12.0,100.0,41.0,14.0,66.0,/mnt/d/AllFinalWork/project_sqa/GreyWolfOptimizer/Result_Round1/Closure/Closure-149b/GWO/com_google_javascript_jscomp_CommandLineRunner/terminal.log
Closure,Closure-149b,com_google_javascript_jscomp_Compiler,122.0,47.0,13532.0,1581.0092556658976,59.0,53.0,97.0,20.0,26.0,97.0,50.0,148.0,593.0,/mnt/d/AllFinalWork/project_sqa/GreyWolfOptimizer/Result_Round1/Closure/Closure-149b/GWO/com_google_javascript_jscomp_Compiler/terminal.log
Closure,Closure-149b,com_google_javascript_jscomp_CompilerOptions,121.0,109.0,54699.0,9.642857142857142,100.0,98.0,100.0,16.0,80.0,100.0,98.0,45.0,132.0,/mnt/d/AllFinalWork/project_sqa/GreyWolfOptimizer/Result_Round1/Closure/Closure-149b/GWO/com_google_javascript_jscomp_CompilerOptions/terminal.log
Closure,Closure-14b,com_google_javascript_jscomp_ControlFlowAnalysis,126.0,66.0,26519.0,2279.068138081383,36.0,47.0,100.0,6.0,13.0,93.0,46.0,60.0,896.0,/mnt/d/AllFinalWork/project_sqa/GreyWolfOptimizer/Result_Round1/Closure/Closure-14b/GWO/com_google_javascript_jscomp_ControlFlowAnalysis/terminal.log
Closure,Closure-150b,com_google_javascript_jscomp_TypedScopeCreator,121.0,115.0,45120.0,2712.02958915242,34.0,22.0,86.0,11.0,56.0,17.0,22.0,12.0,67.0,/mnt/d/AllFinalWork/project_sqa/GreyWolfOptimizer/Result_Round1/Closure/Closure-150b/GWO/com_google_javascript_jscomp_TypedScopeCreator/terminal.log
Closure,Closure-151b,com_google_javascript_jscomp_CommandLineRunner,122.0,192.0,77400.0,198.7449275362319,75.0,44.0,100.0,11.0,28.0,100.0,44.0,17.0,78.0,/mnt/d/AllFinalWork/project_sqa/GreyWolfOptimizer/Result_Round1/Closure/Closure-151b/GWO/com_google_javascript_jscomp_CommandLineRunner/terminal.log
Closure,Closure-152b,com_google_javascript_rhino_jstype_FunctionType,122.0,43.0,32355.0,965.689588859183,72.0,68.0,100.0,38.0,52.0,100.0,66.0,134.0,658.0,/mnt/d/AllFinalWork/project_sqa/GreyWolfOptimizer/Result_Round1/Closure/Closure-152b/GWO/com_google_javascript_rhino_jstype_FunctionType/terminal.log
Closure,Closure-153b,com_google_javascript_jscomp_Normalize,121.0,125.0,51388.0,1102.2640693145283,24.0,16.0,88.0,4.0,0.0,67.0,16.0,17.0,71.0,/mnt/d/AllFinalWork/project_sqa/GreyWolfOptimizer/Result_Round1/Closure/Closure-153b/GWO/com_google_javascript_jscomp_Normalize/terminal.log
Closure,Closure-153b,com_google_javascript_jscomp_SyntacticScopeCreator,125.0,958.0,281765.0,504.6518648018648,39.0,27.0,100.0,0.0,38.0,75.0,27.0,8.0,154.0,/mnt/d/AllFinalWork/project_sqa/GreyWolfOptimizer/Result_Round1/Closure/Closure-153b/GWO/com_google_javascript_jscomp_SyntacticScopeCreator/terminal.log
Closure,Closure-154b,com_google_javascript_jscomp_TypeCheck,121.0,105.0,51090.0,4543.37015536189,10.0,20.0,100.0,1.0,18.0,100.0,20.0,21.0,188.0,/mnt/d/AllFinalWork/project_sqa/GreyWolfOptimizer/Result_Round1/Closure/Closure-154b/GWO/com_google_javascript_jscomp_TypeCheck/terminal.log
Closure,Closure-154b,com_google_javascript_jscomp_TypeValidator,122.0,128.0,68349.0,715.4193196004994,62.0,43.0,100.0,29.0,62.0,96.0,43.0,54.0,569.0,/mnt/d/AllFinalWork/project_sqa/GreyWolfOptimizer/Result_Round1/Closure/Closure-154b/GWO/com_google_javascript_jscomp_TypeValidator/terminal.log
Closure,Closure-155b,com_google_javascript_jscomp_InlineVariables,121.0,630.0,161480.0,1577.8290598290598,10.0,6.0,100.0,0.0,100.0,40.0,6.0,5.0,31.0,/mnt/d/AllFinalWork/project_sqa/GreyWolfOptimizer/Result_Round1/Closure/Closure-155b/GWO/com_google_javascript_jscomp_InlineVariables/terminal.log
Closure,Closure-155b,com_google_javascript_jscomp_ReferenceCollectingCallback,121.0,117.0,39359.0,646.5137874523068,68.0,45.0,100.0,19.0,20.0,100.0,44.0,49.0,287.0,/mnt/d/AllFinalWork/project_sqa/GreyWolfOptimizer/Result_Round1/Closure/Closure-155b/GWO/com_google_javascript_jscomp_ReferenceCollectingCallback/terminal.log
Closure,Closure-155b,com_google_javascript_jscomp_Scope,121.0,151.0,65441.0,148.1156862745098,93.0,83.0,100.0,41.0,58.0,100.0,83.0,67.0,384.0,/mnt/d/AllFinalWork/project_sqa/GreyWolfOptimizer/Result_Round1/Closure/Closure-155b/GWO/com_google_javascript_jscomp_Scope/terminal.log
Closure,Closure-156b,com_google_javascript_jscomp_CollapseProperties,122.0,610.0,128712.0,1889.7467532467533,6.0,4.0,67.0,1.0,100.0,100.0,4.0,5.0,16.0,/mnt/d/AllFinalWork/project_sqa/GreyWolfOptimizer/Result_Round1/Closure/Closure-156b/GWO/com_google_javascript_jscomp_CollapseProperties/terminal.log
Closure,Closure-157b,com_google_javascript_jscomp_CodeGenerator,121.0,86.0,28324.0,3373.4670740311553,15.0,11.0,100.0,19.0,39.0,100.0,11.0,44.0,113.0,/mnt/d/AllFinalWork/project_sqa/GreyWolfOptimizer/Result_Round1/Closure/Closure-157b/GWO/com_google_javascript_jscomp_CodeGenerator/terminal.log
Closure,Closure-157b,com_google_javascript_jscomp_parsing_IRFactory,121.0,103.0,52514.0,3225.83279933431,16.0,7.0,100.0,6.0,57.0,2.0,7.0,12.0,100.0,/mnt/d/AllFinalWork/project_sqa/GreyWolfOptimizer/Result_Round1/Closure/Closure-157b/GWO/com_google_javascript_jscomp_parsing_IRFactory/terminal.log
Closure,Closure-157b,com_google_javascript_jscomp_RenamePrototypes,121.0,476.0,181508.0,426.76292512207067,,,,,,,,,,/mnt/d/AllFinalWork/project_sqa/GreyWolfOptimizer/Result_Round1/Closure/Closure-157b/GWO/com_google_javascript_jscomp_RenamePrototypes/terminal.log
Closure,Closure-158b,com_google_javascript_jscomp_AbstractCommandLineRunner,121.0,33.0,20022.0,1528.5826940084742,48.0,34.0,100.0,9.0,22.0,100.0,34.0,75.0,400.0,/mnt/d/AllFinalWork/project_sqa/GreyWolfOptimizer/Result_Round1/Closure/Closure-158b/GWO/com_google_javascript_jscomp_AbstractCommandLineRunner/terminal.log
Closure,Closure-158b,com_google_javascript_jscomp_CommandLineRunner,121.0,202.0,84111.0,255.5864864836925,67.0,41.0,100.0,13.0,25.0,100.0,41.0,17.0,107.0,/mnt/d/AllFinalWork/project_sqa/GreyWolfOptimizer/Result_Round1/Closure/Closure-158b/GWO/com_google_javascript_jscomp_CommandLineRunner/terminal.log
Closure,Closure-158b,com_google_javascript_jscomp_DiagnosticGroups,121.0,2013.0,460991.0,8.125,88.0,100.0,100.0,13.0,43.0,100.0,100.0,13.0,43.0,/mnt/d/AllFinalWork/project_sqa/GreyWolfOptimizer/Result_Round1/Closure/Closure-158b/GWO/com_google_javascript_jscomp_DiagnosticGroups/terminal.log
Closure,Closure-159b,com_google_javascript_jscomp_InlineFunctions,121.0,222.0,73333.0,2084.4788858518696,10.0,6.0,100.0,2.0,0.0,15.0,6.0,14.0,84.0,/mnt/d/AllFinalWork/project_sqa/GreyWolfOptimizer/Result_Round1/Closure/Closure-159b/GWO/com_google_javascript_jscomp_InlineFunctions/terminal.log
Closure,Closure-15b,com_google_javascript_jscomp_FlowSensitiveInlineVariables,121.0,1287.0,260809.0,904.2431972789116,7.0,4.0,100.0,8.0,100.0,83.0,4.0,8.0,32.0,/mnt/d/AllFinalWork/project_sqa/GreyWolfOptimizer/Result_Round1/Closure/Closure-15b/GWO/com_google_javascript_jscomp_FlowSensitiveInlineVariables/terminal.log
Closure,Closure-160b,com_google_javascript_jscomp_Compiler,121.0,47.0,18954.0,1976.168307574484,56.0,50.0,99.0,22.0,19.0,92.0,47.0,138.0,454.0,/mnt/d/AllFinalWork/project_sqa/GreyWolfOptimizer/Result_Round1/Closure/Closure-160b/GWO/com_google_javascript_jscomp_Compiler/terminal.log
Closure,Closure-161b,com_google_javascript_jscomp_PeepholeFoldConstants,122.0,66.0,26526.0,5116.025317962988,7.0,25.0,100.0,2.0,77.0,100.0,25.0,32.0,188.0,/mnt/d/AllFinalWork/project_sqa/GreyWolfOptimizer/Result_Round1/Closure/Closure-161b/GWO/com_google_javascript_jscomp_PeepholeFoldConstants/terminal.log
Closure,Closure-162b,com_google_javascript_jscomp_Scope,121.0,141.0,46194.0,498.8612637362637,74.0,53.0,100.0,30.0,20.0,96.0,53.0,59.0,272.0,/mnt/d/AllFinalWork/project_sqa/GreyWolfOptimizer/Result_Round1/Closure/Closure-162b/GWO/com_google_javascript_jscomp_Scope/terminal.log
Closure,Closure-162b,com_google_javascript_jscomp_ScopedAliases,121.0,726.0,227334.0,593.8574074046135,,,,,,,,,,/mnt/d/AllFinalWork/project_sqa/GreyWolfOptimizer/Result_Round1/Closure/Closure-162b/GWO/com_google_javascript_jscomp_ScopedAliases/terminal.log
Closure,Closure-163b,com_google_javascript_jscomp_AnalyzePrototypeProperties,121.0,171.0,59927.0,589.6896907179369,61.0,43.0,100.0,19.0,50.0,70.0,41.0,24.0,104.0,/mnt/d/AllFinalWork/project_sqa/GreyWolfOptimizer/Result_Round1/Closure/Closure-163b/GWO/com_google_javascript_jscomp_AnalyzePrototypeProperties/terminal.log
Closure,Closure-163b,com_google_javascript_jscomp_CrossModuleMethodMotion,121.0,3450.0,720635.0,149.4818181818182,18.0,18.0,100.0,38.0,100.0,100.0,18.0,4.0,10.0,/mnt/d/AllFinalWork/project_sqa/GreyWolfOptimizer/Result_Round1/Closure/Closure-163b/GWO/com_google_javascript_jscomp_CrossModuleMethodMotion/terminal.log
Closure,Closure-164b,com_google_javascript_rhino_jstype_ArrowType,123.0,18.0,9785.0,211.96825396825398,93.0,78.0,100.0,41.0,20.0,93.0,78.0,26.0,151.0,/mnt/d/AllFinalWork/project_sqa/GreyWolfOptimizer/Result_Round1/Closure/Closure-164b/GWO/com_google_javascript_rhino_jstype_ArrowType/terminal.log
Closure,Closure-165b,com_google_javascript_rhino_jstype_JSTypeRegistry,122.0,15.0,13176.0,2008.0548032439967,75.0,59.0,100.0,15.0,50.0,100.0,57.0,101.0,2022.0,/mnt/d/AllFinalWork/project_sqa/GreyWolfOptimizer/Result_Round1/Closure/Closure-165b/GWO/com_google_javascript_rhino_jstype_JSTypeRegistry/terminal.log
Closure,Closure-165b,com_google_javascript_rhino_jstype_ObjectType,121.0,85.0,74904.0,936.0761904761905,89.0,82.0,100.0,43.0,19.0,84.0,81.0,89.0,451.0,/mnt/d/AllFinalWork/project_sqa/GreyWolfOptimizer/Result_Round1/Closure/Closure-165b/GWO/com_google_javascript_rhino_jstype_ObjectType/terminal.log
Closure,Closure-165b,com_google_javascript_rhino_jstype_RecordType,121.0,267.0,171315.0,171.98809523809524,91.0,77.0,100.0,60.0,56.0,100.0,74.0,36.0,279.0,/mnt/d/AllFinalWork/project_sqa/GreyWolfOptimizer/Result_Round1/Closure/Closure-165b/GWO/com_google_javascript_rhino_jstype_RecordType/terminal.log
Closure,Closure-165b,com_google_javascript_rhino_jstype_RecordTypeBuilder,121.0,2982.0,807964.0,21.25,100.0,100.0,67.0,20.0,57.0,100.0,100.0,6.0,38.0,/mnt/d/AllFinalWork/project_sqa/GreyWolfOptimizer/Result_Round1/Closure/Closure-165b/GWO/com_google_javascript_rhino_jstype_RecordTypeBuilder/terminal.log
Closure,Closure-166b,com_google_javascript_rhino_jstype_PrototypeObjectType,121.0,65.0,47794.0,729.5620567375886,79.0,71.0,100.0,51.0,24.0,100.0,68.0,89.0,464.0,/mnt/d/AllFinalWork/project_sqa/GreyWolfOptimizer/Result_Round1/Closure/Closure-166b/GWO/com_google_javascript_rhino_jstype_PrototypeObjectType/terminal.log
Closure,Closure-167b,com_google_javascript_jscomp_type_SemanticReverseAbstractInterpreter,121.0,115.0,81596.0,862.1927536231884,39.0,42.0,75.0,5.0,100.0,20.0,42.0,24.0,182.0,/mnt/d/AllFinalWork/project_sqa/GreyWolfOptimizer/Result_Round1/Closure/Closure-167b/GWO/com_google_javascript_jscomp_type_SemanticReverseAbstractInterpreter/terminal.log
Closure,Closure-167b,com_google_javascript_rhino_jstype_JSType,122.0,37.0,19618.0,1547.7073083778967,80.0,74.0,100.0,47.0,32.0,84.0,66.0,170.0,842.0,/mnt/d/AllFinalWork/project_sqa/GreyWolfOptimizer/Result_Round1/Closure/Closure-167b/GWO/com_google_javascript_rhino_jstype_JSType/terminal.log
Closure,Closure-168b,com_google_javascript_jscomp_TypedScopeCreator,123.0,55.0,17000.0,4114.369112242297,19.0,10.0,100.0,5.0,56.0,19.0,9.0,11.0,59.0,/mnt/d/AllFinalWork/project_sqa/GreyWolfOptimizer/Result_Round1/Closure/Closure-168b/GWO/com_google_javascript_jscomp_TypedScopeCreator/terminal.log
Closure,Closure-169b,com_google_javascript_rhino_jstype_ArrowType,121.0,130.0,65339.0,257.5,92.0,74.0,100.0,51.0,22.0,100.0,74.0,33.0,212.0,/mnt/d/AllFinalWork/project_sqa/GreyWolfOptimizer/Result_Round1/Closure/Closure-169b/GWO/com_google_javascript_rhino_jstype_ArrowType/terminal.log
Closure,Closure-169b,com_google_javascript_rhino_jstype_EquivalenceMethod,,,,,,,,,,,,,,/mnt/d/AllFinalWork/project_sqa/GreyWolfOptimizer/Result_Round1/Closure/Closure-169b/GWO/com_google_javascript_rhino_jstype_EquivalenceMethod/terminal.log
Closure,Closure-169b,com_google_javascript_rhino_jstype_FunctionType,122.0,34.0,17606.0,1605.8038432239737,71.0,62.0,100.0,34.0,48.0,100.0,59.0,134.0,715.0,/mnt/d/AllFinalWork/project_sqa/GreyWolfOptimizer/Result_Round1/Closure/Closure-169b/GWO/com_google_javascript_rhino_jstype_FunctionType/terminal.log
Closure,Closure-169b,com_google_javascript_rhino_jstype_JSType,122.0,38.0,24042.0,1628.0834088164252,81.0,74.0,100.0,43.0,33.0,83.0,63.0,175.0,799.0,/mnt/d/AllFinalWork/project_sqa/GreyWolfOptimizer/Result_Round1/Closure/Closure-169b/GWO/com_google_javascript_rhino_jstype_JSType/terminal.log
Closure,Closure-169b,com_google_javascript_rhino_jstype_RecordType,121.0,298.0,159455.0,179.0,88.0,75.0,100.0,49.0,56.0,100.0,75.0,39.0,272.0,/mnt/d/AllFinalWork/project_sqa/GreyWolfOptimizer/Result_Round1/Closure/Closure-169b/GWO/com_google_javascript_rhino_jstype_RecordType/terminal.log
Closure,Closure-169b,com_google_javascript_rhino_jstype_UnionType,122.0,83.0,64086.0,260.947619047619,97.0,94.0,100.0,49.0,64.0,100.0,94.0,75.0,1738.0,/mnt/d/AllFinalWork/project_sqa/GreyWolfOptimizer/Result_Round1/Closure/Closure-169b/GWO/com_google_javascript_rhino_jstype_UnionType/terminal.log
Closure,Closure-16b,com_google_javascript_jscomp_ScopedAliases,121.0,885.0,220785.0,771.159909907116,,,,,,,,,,/mnt/d/AllFinalWork/project_sqa/GreyWolfOptimizer/Result_Round1/Closure/Closure-16b/GWO/com_google_javascript_jscomp_ScopedAliases/terminal.log
Closure,Closure-170b,com_google_javascript_jscomp_FlowSensitiveInlineVariables,121.0,203.0,59254.0,997.2437888198758,6.0,3.0,100.0,8.0,100.0,83.0,3.0,7.0,37.0,/mnt/d/AllFinalWork/project_sqa/GreyWolfOptimizer/Result_Round1/Closure/Closure-170b/GWO/com_google_javascript_jscomp_FlowSensitiveInlineVariables/terminal.log
Closure,Closure-171b,com_google_javascript_jscomp_TypedScopeCreator,124.0,87.0,34123.0,4405.241820417387,16.0,9.0,100.0,3.0,38.0,19.0,8.0,9.0,40.0,/mnt/d/AllFinalWork/project_sqa/GreyWolfOptimizer/Result_Round1/Closure/Closure-171b/GWO/com_google_javascript_jscomp_TypedScopeCreator/terminal.log
Closure,Closure-171b,com_google_javascript_jscomp_TypeInference,122.0,439.0,127059.0,3593.1617866867105,6.0,21.0,100.0,1.0,43.0,67.0,21.0,5.0,33.0,/mnt/d/AllFinalWork/project_sqa/GreyWolfOptimizer/Result_Round1/Closure/Closure-171b/GWO/com_google_javascript_jscomp_TypeInference/terminal.log
Closure,Closure-172b,com_google_javascript_jscomp_TypedScopeCreator,121.0,58.0,15809.0,3754.0121187848163,31.0,18.0,100.0,12.0,56.0,19.0,18.0,15.0,81.0,/mnt/d/AllFinalWork/project_sqa/GreyWolfOptimizer/Result_Round1/Closure/Closure-172b/GWO/com_google_javascript_jscomp_TypedScopeCreator/terminal.log
Closure,Closure-173b,com_google_javascript_jscomp_CodeGenerator,122.0,16.0,6192.0,1899.7835133039966,44.0,46.0,100.0,21.0,37.0,100.0,43.0,38.0,108.0,/mnt/d/AllFinalWork/project_sqa/GreyWolfOptimizer/Result_Round1/Closure/Closure-173b/GWO/com_google_javascript_jscomp_CodeGenerator/terminal.log
Closure,Closure-173b,com_google_javascript_jscomp_PeepholeSubstituteAlternateSyntax,121.0,159.0,56507.0,1583.0276068376068,13.0,12.0,100.0,7.0,71.0,100.0,12.0,33.0,129.0,/mnt/d/AllFinalWork/project_sqa/GreyWolfOptimizer/Result_Round1/Closure/Closure-173b/GWO/com_google_javascript_jscomp_PeepholeSubstituteAlternateSyntax/terminal.log
Closure,Closure-174b,com_google_javascript_jscomp_JsAst,121.0,235.0,85935.0,76.7,100.0,91.0,100.0,,48.0,100.0,91.0,,,/mnt/d/AllFinalWork/project_sqa/GreyWolfOptimizer/Result_Round1/Closure/Closure-174b/GWO/com_google_javascript_jscomp_JsAst/terminal.log
Closure,Closure-174b,com_google_javascript_jscomp_NodeUtil,122.0,44.0,12117.0,11705.203207067727,39.0,40.0,100.0,18.0,10.0,85.0,40.0,256.0,452.0,/mnt/d/AllFinalWork/project_sqa/GreyWolfOptimizer/Result_Round1/Closure/Closure-174b/GWO/com_google_javascript_jscomp_NodeUtil/terminal.log
Closure,Closure-174b,com_google_javascript_jscomp_ScopedAliases,,,,,,,,,,,,,,/mnt/d/AllFinalWork/project_sqa/GreyWolfOptimizer/Result_Round1/Closure/Closure-174b/GWO/com_google_javascript_jscomp_ScopedAliases/terminal.log
Closure,Closure-17b,com_google_javascript_jscomp_TypedScopeCreator,121.0,119.0,35792.0,3548.821743795713,29.0,17.0,100.0,11.0,56.0,19.0,17.0,14.0,89.0,/mnt/d/AllFinalWork/project_sqa/GreyWolfOptimizer/Result_Round1/Closure/Closure-17b/GWO/com_google_javascript_jscomp_TypedScopeCreator/terminal.log
Closure,Closure-18b,com_google_javascript_jscomp_Compiler,122.0,39.0,18835.0,3415.3120667187404,51.0,43.0,100.0,10.0,17.0,89.0,41.0,155.0,504.0,/mnt/d/AllFinalWork/project_sqa/GreyWolfOptimizer/Result_Round1/Closure/Closure-18b/GWO/com_google_javascript_jscomp_Compiler/terminal.log
Closure,Closure-19b,com_google_javascript_jscomp_type_ChainableReverseAbstractInterpreter,5150.0,65.0,35192.0,692.7717054017,49.0,46.0,100.0,,53.0,23.0,46.0,55.0,899.0,/mnt/d/AllFinalWork/project_sqa/GreyWolfOptimizer/Result_Round1/Closure/Closure-19b/GWO/com_google_javascript_jscomp_type_ChainableReverseAbstractInterpreter/terminal.log
Closure,Closure-1b,com_google_javascript_jscomp_RemoveUnusedVars,122.0,162.0,46615.0,1713.4133109619688,24.0,14.0,100.0,4.0,100.0,38.0,13.0,8.0,53.0,/mnt/d/AllFinalWork/project_sqa/GreyWolfOptimizer/Result_Round1/Closure/Closure-1b/GWO/com_google_javascript_jscomp_RemoveUnusedVars/terminal.log
Closure,Closure-20b,com_google_javascript_jscomp_PeepholeSubstituteAlternateSyntax,121.0,106.0,40568.0,4254.693496709974,10.0,12.0,91.0,4.0,42.0,100.0,12.0,46.0,169.0,/mnt/d/AllFinalWork/project_sqa/GreyWolfOptimizer/Result_Round1/Closure/Closure-20b/GWO/com_google_javascript_jscomp_PeepholeSubstituteAlternateSyntax/terminal.log
Closure,Closure-21b,com_google_javascript_jscomp_CheckSideEffects,121.0,365.0,136463.0,239.1851851851852,68.0,54.0,100.0,8.0,100.0,100.0,54.0,15.0,99.0,/mnt/d/AllFinalWork/project_sqa/GreyWolfOptimizer/Result_Round1/Closure/Closure-21b/GWO/com_google_javascript_jscomp_CheckSideEffects/terminal.log
Closure,Closure-22b,com_google_javascript_jscomp_CheckSideEffects,121.0,155.0,75023.0,218.70317781433164,75.0,63.0,100.0,13.0,100.0,100.0,46.0,16.0,104.0,/mnt/d/AllFinalWork/project_sqa/GreyWolfOptimizer/Result_Round1/Closure/Closure-22b/GWO/com_google_javascript_jscomp_CheckSideEffects/terminal.log
Closure,Closure-23b,com_google_javascript_jscomp_PeepholeFoldConstants,122.0,61.0,27762.0,5010.606107945929,13.0,28.0,80.0,1.0,63.0,100.0,28.0,39.0,165.0,/mnt/d/AllFinalWork/project_sqa/GreyWolfOptimizer/Result_Round1/Closure/Closure-23b/GWO/com_google_javascript_jscomp_PeepholeFoldConstants/terminal.log
Closure,Closure-24b,com_google_javascript_jscomp_ScopedAliases,121.0,1116.0,248938.0,655.8252688167387,25.0,20.0,100.0,5.0,100.0,25.0,20.0,7.0,35.0,/mnt/d/AllFinalWork/project_sqa/GreyWolfOptimizer/Result_Round1/Closure/Closure-24b/GWO/com_google_javascript_jscomp_ScopedAliases/terminal.log
Closure,Closure-25b,com_google_javascript_jscomp_TypeInference,121.0,211.0,94415.0,3030.6994939501055,7.0,23.0,100.0,2.0,57.0,75.0,23.0,14.0,154.0,/mnt/d/AllFinalWork/project_sqa/GreyWolfOptimizer/Result_Round1/Closure/Closure-25b/GWO/com_google_javascript_jscomp_TypeInference/terminal.log
Closure,Closure-26b,com_google_javascript_jscomp_ProcessCommonJSModules,121.0,369.0,136998.0,141.06551619216276,73.0,73.0,100.0,32.0,38.0,78.0,73.0,18.0,52.0,/mnt/d/AllFinalWork/project_sqa/GreyWolfOptimizer/Result_Round1/Closure/Closure-26b/GWO/com_google_javascript_jscomp_ProcessCommonJSModules/terminal.log
Closure,Closure-27b,com_google_javascript_rhino_IR,122.0,45.0,12785.0,8385.356022408963,78.0,70.0,100.0,36.0,27.0,100.0,69.0,153.0,376.0,/mnt/d/AllFinalWork/project_sqa/GreyWolfOptimizer/Result_Round1/Closure/Closure-27b/GWO/com_google_javascript_rhino_IR/terminal.log
Closure,Closure-28b,com_google_javascript_jscomp_InlineCostEstimator,121.0,3788.0,545430.0,14.743589743589745,92.0,100.0,83.0,42.0,67.0,25.0,100.0,15.0,38.0,/mnt/d/AllFinalWork/project_sqa/GreyWolfOptimizer/Result_Round1/Closure/Closure-28b/GWO/com_google_javascript_jscomp_InlineCostEstimator/terminal.log
Closure,Closure-29b,com_google_javascript_jscomp_InlineObjectLiterals,121.0,2719.0,284737.0,754.1939393939394,5.0,2.0,75.0,0.0,100.0,67.0,2.0,3.0,15.0,/mnt/d/AllFinalWork/project_sqa/GreyWolfOptimizer/Result_Round1/Closure/Closure-29b/GWO/com_google_javascript_jscomp_InlineObjectLiterals/terminal.log
Closure,Closure-2b,com_google_javascript_jscomp_TypeCheck,123.0,83.0,29346.0,4891.985427602045,23.0,24.0,100.0,6.0,47.0,100.0,22.0,20.0,268.0,/mnt/d/AllFinalWork/project_sqa/GreyWolfOptimizer/Result_Round1/Closure/Closure-2b/GWO/com_google_javascript_jscomp_TypeCheck/terminal.log
Closure,Closure-30b,com_google_javascript_jscomp_FlowSensitiveInlineVariables,125.0,124.0,36232.0,900.2432432432432,6.0,3.0,100.0,1.0,100.0,83.0,3.0,7.0,28.0,/mnt/d/AllFinalWork/project_sqa/GreyWolfOptimizer/Result_Round1/Closure/Closure-30b/GWO/com_google_javascript_jscomp_FlowSensitiveInlineVariables/terminal.log
Closure,Closure-30b,com_google_javascript_jscomp_MustBeReachingVariableDef,121.0,350.0,134899.0,654.8829501915709,47.0,43.0,100.0,20.0,4.0,85.0,43.0,23.0,199.0,/mnt/d/AllFinalWork/project_sqa/GreyWolfOptimizer/Result_Round1/Closure/Closure-30b/GWO/com_google_javascript_jscomp_MustBeReachingVariableDef/terminal.log
Closure,Closure-31b,com_google_javascript_jscomp_Compiler,122.0,44.0,19322.0,3277.842148428001,52.0,46.0,100.0,17.0,17.0,91.0,43.0,169.0,568.0,/mnt/d/AllFinalWork/project_sqa/GreyWolfOptimizer/Result_Round1/Closure/Closure-31b/GWO/com_google_javascript_jscomp_Compiler/terminal.log
Closure,Closure-32b,com_google_javascript_jscomp_parsing_JsDocInfoParser,121.0,44.0,29327.0,3594.1321456295623,18.0,18.0,100.0,10.0,39.0,67.0,18.0,21.0,133.0,/mnt/d/AllFinalWork/project_sqa/GreyWolfOptimizer/Result_Round1/Closure/Closure-32b/GWO/com_google_javascript_jscomp_parsing_JsDocInfoParser/terminal.log
Closure,Closure-33b,com_google_javascript_rhino_jstype_PrototypeObjectType,122.0,81.0,56329.0,641.1725775193798,80.0,70.0,100.0,47.0,36.0,100.0,67.0,100.0,493.0,/mnt/d/AllFinalWork/project_sqa/GreyWolfOptimizer/Result_Round1/Closure/Closure-33b/GWO/com_google_javascript_rhino_jstype_PrototypeObjectType/terminal.log
Closure,Closure-34b,com_google_javascript_jscomp_CodeGenerator,121.0,78.0,27796.0,3371.5745948996732,16.0,11.0,100.0,28.0,41.0,100.0,11.0,44.0,94.0,/mnt/d/AllFinalWork/project_sqa/GreyWolfOptimizer/Result_Round1/Closure/Closure-34b/GWO/com_google_javascript_jscomp_CodeGenerator/terminal.log
Closure,Closure-34b,com_google_javascript_jscomp_CodePrinter,121.0,161.0,57051.0,1066.2491590214067,56.0,46.0,100.0,8.0,100.0,29.0,46.0,20.0,91.0,/mnt/d/AllFinalWork/project_sqa/GreyWolfOptimizer/Result_Round1/Closure/Closure-34b/GWO/com_google_javascript_jscomp_CodePrinter/terminal.log
Closure,Closure-35b,com_google_javascript_jscomp_TypeInference,123.0,266.0,85188.0,3202.1404150166322,6.0,21.0,100.0,1.0,57.0,75.0,21.0,9.0,68.0,/mnt/d/AllFinalWork/project_sqa/GreyWolfOptimizer/Result_Round1/Closure/Closure-35b/GWO/com_google_javascript_jscomp_TypeInference/terminal.log
Closure,Closure-36b,com_google_javascript_jscomp_InlineVariables,122.0,901.0,153175.0,1633.2462264150943,6.0,4.0,67.0,0.0,100.0,40.0,4.0,3.0,13.0,/mnt/d/AllFinalWork/project_sqa/GreyWolfOptimizer/Result_Round1/Closure/Closure-36b/GWO/com_google_javascript_jscomp_InlineVariables/terminal.log
Closure,Closure-37b,com_google_javascript_jscomp_NodeTraversal,121.0,109.0,49432.0,860.6098484848485,59.0,52.0,87.0,15.0,4.0,86.0,48.0,46.0,265.0,/mnt/d/AllFinalWork/project_sqa/GreyWolfOptimizer/Result_Round1/Closure/Closure-37b/GWO/com_google_javascript_jscomp_NodeTraversal/terminal.log
Closure,Closure-37b,com_google_javascript_jscomp_parsing_IRFactory,121.0,88.0,50716.0,2701.549611952887,17.0,35.0,100.0,4.0,50.0,2.0,35.0,11.0,111.0,/mnt/d/AllFinalWork/project_sqa/GreyWolfOptimizer/Result_Round1/Closure/Closure-37b/GWO/com_google_javascript_jscomp_parsing_IRFactory/terminal.log
Closure,Closure-38b,com_google_javascript_jscomp_CodeConsumer,121.0,1301.0,105741.0,728.4909090867181,3.0,10.0,100.0,9.0,30.0,6.0,10.0,8.0,8.0,/mnt/d/AllFinalWork/project_sqa/GreyWolfOptimizer/Result_Round1/Closure/Closure-38b/GWO/com_google_javascript_jscomp_CodeConsumer/terminal.log
Closure,Closure-39b,com_google_javascript_rhino_jstype_PrototypeObjectType,121.0,71.0,42896.0,622.8391705069124,85.0,70.0,100.0,47.0,29.0,100.0,67.0,82.0,443.0,/mnt/d/AllFinalWork/project_sqa/GreyWolfOptimizer/Result_Round1/Closure/Closure-39b/GWO/com_google_javascript_rhino_jstype_PrototypeObjectType/terminal.log
Closure,Closure-3b,com_google_javascript_jscomp_FlowSensitiveInlineVariables,122.0,324.0,70673.0,965.743670886076,6.0,3.0,100.0,1.0,100.0,83.0,3.0,7.0,28.0,/mnt/d/AllFinalWork/project_sqa/GreyWolfOptimizer/Result_Round1/Closure/Closure-3b/GWO/com_google_javascript_jscomp_FlowSensitiveInlineVariables/terminal.log
Closure,Closure-40b,com_google_javascript_jscomp_NameAnalyzer,121.0,88.0,43323.0,2589.664739880676,26.0,20.0,100.0,12.0,33.0,25.0,20.0,10.0,46.0,/mnt/d/AllFinalWork/project_sqa/GreyWolfOptimizer/Result_Round1/Closure/Closure-40b/GWO/com_google_javascript_jscomp_NameAnalyzer/terminal.log
Closure,Closure-41b,com_google_javascript_jscomp_FunctionTypeBuilder,121.0,176.0,73403.0,1062.6052971576228,47.0,36.0,100.0,12.0,47.0,89.0,36.0,35.0,154.0,/mnt/d/AllFinalWork/project_sqa/GreyWolfOptimizer/Result_Round1/Closure/Closure-41b/GWO/com_google_javascript_jscomp_FunctionTypeBuilder/terminal.log
Closure,Closure-42b,com_google_javascript_jscomp_parsing_IRFactory,121.0,124.0,63698.0,3278.96818891491,18.0,8.0,100.0,6.0,50.0,2.0,8.0,12.0,120.0,/mnt/d/AllFinalWork/project_sqa/GreyWolfOptimizer/Result_Round1/Closure/Closure-42b/GWO/com_google_javascript_jscomp_parsing_IRFactory/terminal.log
Closure,Closure-43b,com_google_javascript_jscomp_TypedScopeCreator,121.0,174.0,48636.0,3243.606374159337,33.0,20.0,100.0,13.0,56.0,19.0,19.0,18.0,106.0,/mnt/d/AllFinalWork/project_sqa/GreyWolfOptimizer/Result_Round1/Closure/Closure-43b/GWO/com_google_javascript_jscomp_TypedScopeCreator/terminal.log
Closure,Closure-44b,com_google_javascript_jscomp_CodeConsumer,121.0,1951.0,266452.0,682.4906542014165,3.0,11.0,100.0,10.0,30.0,6.0,11.0,7.0,7.0,/mnt/d/AllFinalWork/project_sqa/GreyWolfOptimizer/Result_Round1/Closure/Closure-44b/GWO/com_google_javascript_jscomp_CodeConsumer/terminal.log
Closure,Closure-45b,com_google_javascript_jscomp_RemoveUnusedVars,121.0,344.0,136866.0,1833.1754068716095,18.0,9.0,100.0,3.0,100.0,38.0,8.0,8.0,63.0,/mnt/d/AllFinalWork/project_sqa/GreyWolfOptimizer/Result_Round1/Closure/Closure-45b/GWO/com_google_javascript_jscomp_RemoveUnusedVars/terminal.log
Closure,Closure-46b,com_google_javascript_rhino_jstype_RecordType,121.0,233.0,140025.0,198.4945054945055,89.0,74.0,92.0,59.0,57.0,100.0,74.0,42.0,338.0,/mnt/d/AllFinalWork/project_sqa/GreyWolfOptimizer/Result_Round1/Closure/Closure-46b/GWO/com_google_javascript_rhino_jstype_RecordType/terminal.log
Closure,Closure-47b,com_google_debugging_sourcemap_SourceMapConsumerV3,121.0,246.0,39425.0,1670.572970507753,10.0,6.0,100.0,0.0,5.0,44.0,6.0,15.0,39.0,/mnt/d/AllFinalWork/project_sqa/GreyWolfOptimizer/Result_Round1/Closure/Closure-47b/GWO/com_google_debugging_sourcemap_SourceMapConsumerV3/terminal.log
Closure,Closure-47b,com_google_javascript_jscomp_SourceMap,121.0,7016.0,348788.0,307.98305084745766,6.0,2.0,100.0,0.0,100.0,12.0,2.0,1.0,1.0,/mnt/d/AllFinalWork/project_sqa/GreyWolfOptimizer/Result_Round1/Closure/Closure-47b/GWO/com_google_javascript_jscomp_SourceMap/terminal.log
Closure,Closure-48b,com_google_javascript_jscomp_TypedScopeCreator,121.0,123.0,41348.0,3274.6084537529628,31.0,18.0,100.0,11.0,56.0,19.0,18.0,15.0,79.0,/mnt/d/AllFinalWork/project_sqa/GreyWolfOptimizer/Result_Round1/Closure/Closure-48b/GWO/com_google_javascript_jscomp_TypedScopeCreator/terminal.log
Closure,Closure-49b,com_google_javascript_jscomp_MakeDeclaredNamesUnique,121.0,140.0,63685.0,420.923036217282,56.0,51.0,100.0,19.0,50.0,96.0,51.0,31.0,118.0,/mnt/d/AllFinalWork/project_sqa/GreyWolfOptimizer/Result_Round1/Closure/Closure-49b/GWO/com_google_javascript_jscomp_MakeDeclaredNamesUnique/terminal.log
Closure,Closure-4b,com_google_javascript_rhino_jstype_NamedType,121.0,212.0,145317.0,336.10277777777776,66.0,46.0,86.0,26.0,64.0,92.0,46.0,36.0,195.0,/mnt/d/AllFinalWork/project_sqa/GreyWolfOptimizer/Result_Round1/Closure/Closure-4b/GWO/com_google_javascript_rhino_jstype_NamedType/terminal.log
Closure,Closure-50b,com_google_javascript_jscomp_PeepholeReplaceKnownMethods,121.0,296.0,138487.0,2133.829885057471,6.0,5.0,100.0,2.0,83.0,100.0,5.0,14.0,75.0,/mnt/d/AllFinalWork/project_sqa/GreyWolfOptimizer/Result_Round1/Closure/Closure-50b/GWO/com_google_javascript_jscomp_PeepholeReplaceKnownMethods/terminal.log
Closure,Closure-51b,com_google_javascript_jscomp_CodeConsumer,121.0,1982.0,98816.0,661.9906542056075,2.0,8.0,100.0,8.0,25.0,3.0,8.0,4.0,4.0,/mnt/d/AllFinalWork/project_sqa/GreyWolfOptimizer/Result_Round1/Closure/Closure-51b/GWO/com_google_javascript_jscomp_CodeConsumer/terminal.log
Closure,Closure-52b,com_google_javascript_jscomp_CodeGenerator,121.0,68.0,25264.0,3364.491099644347,19.0,12.0,100.0,21.0,35.0,100.0,12.0,48.0,104.0,/mnt/d/AllFinalWork/project_sqa/GreyWolfOptimizer/Result_Round1/Closure/Closure-52b/GWO/com_google_javascript_jscomp_CodeGenerator/terminal.log
Closure,Closure-53b,com_google_javascript_jscomp_InlineObjectLiterals,121.0,2582.0,281110.0,899.1937888198757,5.0,2.0,75.0,0.0,100.0,67.0,2.0,3.0,17.0,/mnt/d/AllFinalWork/project_sqa/GreyWolfOptimizer/Result_Round1/Closure/Closure-53b/GWO/com_google_javascript_jscomp_InlineObjectLiterals/terminal.log
Closure,Closure-54b,com_google_javascript_jscomp_TypedScopeCreator,122.0,211.0,66587.0,3726.267622947081,18.0,10.0,91.0,5.0,56.0,21.0,10.0,17.0,145.0,/mnt/d/AllFinalWork/project_sqa/GreyWolfOptimizer/Result_Round1/Closure/Closure-54b/GWO/com_google_javascript_jscomp_TypedScopeCreator/terminal.log
Closure,Closure-54b,com_google_javascript_rhino_jstype_FunctionType,124.0,42.0,25993.0,956.1955462126266,74.0,68.0,100.0,15.0,57.0,100.0,67.0,100.0,2142.0,/mnt/d/AllFinalWork/project_sqa/GreyWolfOptimizer/Result_Round1/Closure/Closure-54b/GWO/com_google_javascript_rhino_jstype_FunctionType/terminal.log
Closure,Closure-55b,com_google_javascript_jscomp_FunctionRewriter,121.0,449.0,82847.0,293.6069518681561,75.0,67.0,100.0,20.0,0.0,16.0,66.0,7.0,25.0,/mnt/d/AllFinalWork/project_sqa/GreyWolfOptimizer/Result_Round1/Closure/Closure-55b/GWO/com_google_javascript_jscomp_FunctionRewriter/terminal.log
Closure,Closure-56b,com_google_javascript_jscomp_SourceFile,121.0,99.0,37647.0,71.16363636363637,99.0,96.0,100.0,41.0,51.0,100.0,95.0,78.0,197.0,/mnt/d/AllFinalWork/project_sqa/GreyWolfOptimizer/Result_Round1/Closure/Closure-56b/GWO/com_google_javascript_jscomp_SourceFile/terminal.log
Closure,Closure-57b,com_google_javascript_jscomp_ClosureCodingConvention,121.0,181.0,57035.0,731.7049019520042,39.0,26.0,100.0,6.0,38.0,100.0,26.0,44.0,158.0,/mnt/d/AllFinalWork/project_sqa/GreyWolfOptimizer/Result_Round1/Closure/Closure-57b/GWO/com_google_javascript_jscomp_ClosureCodingConvention/terminal.log
Closure,Closure-58b,com_google_javascript_jscomp_LiveVariablesAnalysis,122.0,532.0,161096.0,299.73588353746,48.0,44.0,88.0,17.0,47.0,92.0,44.0,20.0,136.0,/mnt/d/AllFinalWork/project_sqa/GreyWolfOptimizer/Result_Round1/Closure/Closure-58b/GWO/com_google_javascript_jscomp_LiveVariablesAnalysis/terminal.log
Closure,Closure-59b,com_google_javascript_jscomp_Compiler,121.0,40.0,14804.0,2044.5081081017927,57.0,50.0,98.0,16.0,20.0,96.0,48.0,157.0,516.0,/mnt/d/AllFinalWork/project_sqa/GreyWolfOptimizer/Result_Round1/Closure/Closure-59b/GWO/com_google_javascript_jscomp_Compiler/terminal.log
Closure,Closure-5b,com_google_javascript_jscomp_InlineObjectLiterals,126.0,377.0,55273.0,770.327519379845,4.0,2.0,100.0,0.0,100.0,67.0,2.0,2.0,9.0,/mnt/d/AllFinalWork/project_sqa/GreyWolfOptimizer/Result_Round1/Closure/Closure-5b/GWO/com_google_javascript_jscomp_InlineObjectLiterals/terminal.log
Closure,Closure-60b,com_google_javascript_jscomp_NodeUtil,122.0,46.0,14499.0,7634.626496822768,44.0,46.0,99.0,16.0,18.0,88.0,46.0,253.0,570.0,/mnt/d/AllFinalWork/project_sqa/GreyWolfOptimizer/Result_Round1/Closure/Closure-60b/GWO/com_google_javascript_jscomp_NodeUtil/terminal.log
Closure,Closure-61b,com_google_javascript_jscomp_NodeUtil,122.0,46.0,11005.0,7488.037347594972,46.0,47.0,100.0,17.0,18.0,91.0,47.0,274.0,565.0,/mnt/d/AllFinalWork/project_sqa/GreyWolfOptimizer/Result_Round1/Closure/Closure-61b/GWO/com_google_javascript_jscomp_NodeUtil/terminal.log
Closure,Closure-62b,com_google_javascript_jscomp_LightweightMessageFormatter,121.0,551.0,213620.0,65.11666666666667,85.0,72.0,100.0,84.0,38.0,100.0,72.0,15.0,59.0,/mnt/d/AllFinalWork/project_sqa/GreyWolfOptimizer/Result_Round1/Closure/Closure-62b/GWO/com_google_javascript_jscomp_LightweightMessageFormatter/terminal.log
Closure,Closure-64b,com_google_javascript_jscomp_Compiler,121.0,42.0,13094.0,1990.5093652037617,58.0,50.0,100.0,15.0,21.0,93.0,46.0,141.0,469.0,/mnt/d/AllFinalWork/project_sqa/GreyWolfOptimizer/Result_Round1/Closure/Closure-64b/GWO/com_google_javascript_jscomp_Compiler/terminal.log
Closure,Closure-65b,com_google_javascript_jscomp_CodeGenerator,121.0,75.0,23770.0,3348.5179480144852,19.0,12.0,100.0,23.0,39.0,100.0,12.0,48.0,112.0,/mnt/d/AllFinalWork/project_sqa/GreyWolfOptimizer/Result_Round1/Closure/Closure-65b/GWO/com_google_javascript_jscomp_CodeGenerator/terminal.log
Closure,Closure-66b,com_google_javascript_jscomp_TypeCheck,121.0,115.0,41222.0,4788.656060003659,12.0,20.0,100.0,4.0,24.0,100.0,20.0,24.0,180.0,/mnt/d/AllFinalWork/project_sqa/GreyWolfOptimizer/Result_Round1/Closure/Closure-66b/GWO/com_google_javascript_jscomp_TypeCheck/terminal.log
Closure,Closure-67b,com_google_javascript_jscomp_AnalyzePrototypeProperties,121.0,158.0,53825.0,686.6678187350458,62.0,42.0,80.0,13.0,50.0,70.0,40.0,28.0,147.0,/mnt/d/AllFinalWork/project_sqa/GreyWolfOptimizer/Result_Round1/Closure/Closure-67b/GWO/com_google_javascript_jscomp_AnalyzePrototypeProperties/terminal.log
Closure,Closure-68b,com_google_javascript_jscomp_parsing_JsDocInfoParser,121.0,54.0,33387.0,3455.0318805889665,19.0,18.0,100.0,10.0,15.0,58.0,17.0,21.0,130.0,/mnt/d/AllFinalWork/project_sqa/GreyWolfOptimizer/Result_Round1/Closure/Closure-68b/GWO/com_google_javascript_jscomp_parsing_JsDocInfoParser/terminal.log
Closure,Closure-69b,com_google_javascript_jscomp_TypeCheck,122.0,105.0,41777.0,4533.6492729571655,16.0,22.0,100.0,9.0,47.0,100.0,22.0,29.0,307.0,/mnt/d/AllFinalWork/project_sqa/GreyWolfOptimizer/Result_Round1/Closure/Closure-69b/GWO/com_google_javascript_jscomp_TypeCheck/terminal.log
Closure,Closure-6b,com_google_javascript_jscomp_TypeValidator,121.0,110.0,51716.0,1115.0839646464647,46.0,30.0,100.0,20.0,40.0,96.0,30.0,41.0,418.0,/mnt/d/AllFinalWork/project_sqa/GreyWolfOptimizer/Result_Round1/Closure/Closure-6b/GWO/com_google_javascript_jscomp_TypeValidator/terminal.log
Closure,Closure-70b,com_google_javascript_jscomp_TypedScopeCreator,121.0,126.0,41086.0,3929.8564539335125,17.0,11.0,88.0,4.0,50.0,21.0,11.0,16.0,73.0,/mnt/d/AllFinalWork/project_sqa/GreyWolfOptimizer/Result_Round1/Closure/Closure-70b/GWO/com_google_javascript_jscomp_TypedScopeCreator/terminal.log
Closure,Closure-71b,com_google_javascript_jscomp_CheckAccessControls,121.0,538.0,112648.0,1308.883245644465,30.0,18.0,78.0,6.0,50.0,100.0,18.0,18.0,122.0,/mnt/d/AllFinalWork/project_sqa/GreyWolfOptimizer/Result_Round1/Closure/Closure-71b/GWO/com_google_javascript_jscomp_CheckAccessControls/terminal.log
Closure,Closure-72b,com_google_javascript_jscomp_FunctionToBlockMutator,121.0,1734.0,362281.0,870.1586021505376,11.0,5.0,80.0,0.0,0.0,100.0,5.0,5.0,25.0,/mnt/d/AllFinalWork/project_sqa/GreyWolfOptimizer/Result_Round1/Closure/Closure-72b/GWO/com_google_javascript_jscomp_FunctionToBlockMutator/terminal.log
Closure,Closure-72b,com_google_javascript_jscomp_RenameLabels,121.0,461.0,192016.0,79.94117647058823,78.0,79.0,100.0,9.0,100.0,100.0,79.0,15.0,110.0,/mnt/d/AllFinalWork/project_sqa/GreyWolfOptimizer/Result_Round1/Closure/Closure-72b/GWO/com_google_javascript_jscomp_RenameLabels/terminal.log
Closure,Closure-73b,com_google_javascript_jscomp_CodeGenerator,121.0,81.0,27872.0,3435.420173316565,16.0,11.0,100.0,21.0,35.0,100.0,11.0,52.0,121.0,/mnt/d/AllFinalWork/project_sqa/GreyWolfOptimizer/Result_Round1/Closure/Closure-73b/GWO/com_google_javascript_jscomp_CodeGenerator/terminal.log
Closure,Closure-74b,com_google_javascript_jscomp_PeepholeFoldConstants,122.0,70.0,24985.0,6263.718525557698,6.0,22.0,100.0,1.0,78.0,100.0,22.0,29.0,122.0,/mnt/d/AllFinalWork/project_sqa/GreyWolfOptimizer/Result_Round1/Closure/Closure-74b/GWO/com_google_javascript_jscomp_PeepholeFoldConstants/terminal.log
Closure,Closure-75b,com_google_javascript_jscomp_NodeUtil,123.0,49.0,17226.0,7665.517070257111,44.0,46.0,100.0,14.0,16.0,92.0,46.0,246.0,4227.0,/mnt/d/AllFinalWork/project_sqa/GreyWolfOptimizer/Result_Round1/Closure/Closure-75b/GWO/com_google_javascript_jscomp_NodeUtil/terminal.log
Closure,Closure-76b,com_google_javascript_jscomp_DeadAssignmentsElimination,121.0,1094.0,214867.0,826.7329420289855,14.0,8.0,80.0,1.0,100.0,100.0,8.0,8.0,36.0,/mnt/d/AllFinalWork/project_sqa/GreyWolfOptimizer/Result_Round1/Closure/Closure-76b/GWO/com_google_javascript_jscomp_DeadAssignmentsElimination/terminal.log
Closure,Closure-77b,com_google_javascript_jscomp_CodeGenerator,121.0,72.0,25834.0,3433.747156206964,15.0,10.0,100.0,16.0,39.0,100.0,10.0,42.0,116.0,/mnt/d/AllFinalWork/project_sqa/GreyWolfOptimizer/Result_Round1/Closure/Closure-77b/GWO/com_google_javascript_jscomp_CodeGenerator/terminal.log
Closure,Closure-78b,com_google_javascript_jscomp_PeepholeFoldConstants,121.0,69.0,25630.0,5927.755489480987,6.0,23.0,100.0,1.0,74.0,100.0,23.0,29.0,113.0,/mnt/d/AllFinalWork/project_sqa/GreyWolfOptimizer/Result_Round1/Closure/Closure-78b/GWO/com_google_javascript_jscomp_PeepholeFoldConstants/terminal.log
Closure,Closure-79b,com_google_javascript_jscomp_Normalize,121.0,59.0,23933.0,1153.0980063075483,40.0,45.0,100.0,12.0,48.0,72.0,45.0,25.0,106.0,/mnt/d/AllFinalWork/project_sqa/GreyWolfOptimizer/Result_Round1/Closure/Closure-79b/GWO/com_google_javascript_jscomp_Normalize/terminal.log
Closure,Closure-79b,com_google_javascript_jscomp_VarCheck,121.0,494.0,154438.0,403.5968253968254,26.0,12.0,88.0,10.0,100.0,80.0,12.0,13.0,102.0,/mnt/d/AllFinalWork/project_sqa/GreyWolfOptimizer/Result_Round1/Closure/Closure-79b/GWO/com_google_javascript_jscomp_VarCheck/terminal.log
Closure,Closure-7b,com_google_javascript_jscomp_type_ChainableReverseAbstractInterpreter,121.0,113.0,60737.0,564.7231698231079,61.0,54.0,100.0,40.0,55.0,23.0,54.0,65.0,1142.0,/mnt/d/AllFinalWork/project_sqa/GreyWolfOptimizer/Result_Round1/Closure/Closure-7b/GWO/com_google_javascript_jscomp_type_ChainableReverseAbstractInterpreter/terminal.log
Closure,Closure-80b,com_google_javascript_jscomp_NodeUtil,122.0,46.0,17281.0,8084.425297138755,41.0,44.0,100.0,19.0,16.0,93.0,44.0,258.0,573.0,/mnt/d/AllFinalWork/project_sqa/GreyWolfOptimizer/Result_Round1/Closure/Closure-80b/GWO/com_google_javascript_jscomp_NodeUtil/terminal.log
Closure,Closure-81b,com_google_javascript_jscomp_parsing_IRFactory,121.0,140.0,66231.0,3161.5435941043083,17.0,7.0,100.0,5.0,55.0,2.0,6.0,16.0,130.0,/mnt/d/AllFinalWork/project_sqa/GreyWolfOptimizer/Result_Round1/Closure/Closure-81b/GWO/com_google_javascript_jscomp_parsing_IRFactory/terminal.log
Closure,Closure-82b,com_google_javascript_rhino_jstype_JSType,122.0,41.0,25873.0,703.1073232323232,90.0,84.0,100.0,51.0,49.0,91.0,81.0,183.0,949.0,/mnt/d/AllFinalWork/project_sqa/GreyWolfOptimizer/Result_Round1/Closure/Closure-82b/GWO/com_google_javascript_rhino_jstype_JSType/terminal.log
Closure,Closure-83b,com_google_javascript_jscomp_CommandLineRunner,121.0,121.0,45202.0,202.24743589743588,73.0,44.0,100.0,12.0,26.0,100.0,44.0,17.0,86.0,/mnt/d/AllFinalWork/project_sqa/GreyWolfOptimizer/Result_Round1/Closure/Closure-83b/GWO/com_google_javascript_jscomp_CommandLineRunner/terminal.log
Closure,Closure-84b,com_google_javascript_jscomp_parsing_IRFactory,121.0,128.0,76277.0,2946.6930594460005,17.0,6.0,67.0,3.0,50.0,2.0,6.0,11.0,83.0,/mnt/d/AllFinalWork/project_sqa/GreyWolfOptimizer/Result_Round1/Closure/Closure-84b/GWO/com_google_javascript_jscomp_parsing_IRFactory/terminal.log
Closure,Closure-85b,com_google_javascript_jscomp_UnreachableCodeElimination,121.0,491.0,137335.0,167.27072843278725,67.0,56.0,86.0,33.0,100.0,100.0,56.0,13.0,78.0,/mnt/d/AllFinalWork/project_sqa/GreyWolfOptimizer/Result_Round1/Closure/Closure-85b/GWO/com_google_javascript_jscomp_UnreachableCodeElimination/terminal.log
Closure,Closure-86b,com_google_javascript_jscomp_NodeUtil,122.0,47.0,15647.0,6641.180551523762,44.0,46.0,100.0,17.0,16.0,89.0,46.0,207.0,449.0,/mnt/d/AllFinalWork/project_sqa/GreyWolfOptimizer/Result_Round1/Closure/Closure-86b/GWO/com_google_javascript_jscomp_NodeUtil/terminal.log
Closure,Closure-87b,com_google_javascript_jscomp_PeepholeSubstituteAlternateSyntax,121.0,124.0,48836.0,2345.5267504527715,12.0,15.0,100.0,4.0,80.0,100.0,15.0,20.0,80.0,/mnt/d/AllFinalWork/project_sqa/GreyWolfOptimizer/Result_Round1/Closure/Closure-87b/GWO/com_google_javascript_jscomp_PeepholeSubstituteAlternateSyntax/terminal.log
Closure,Closure-88b,com_google_javascript_jscomp_DeadAssignmentsElimination,122.0,1702.0,408598.0,719.1913043478261,10.0,4.0,100.0,1.0,100.0,100.0,4.0,8.0,36.0,/mnt/d/AllFinalWork/project_sqa/GreyWolfOptimizer/Result_Round1/Closure/Closure-88b/GWO/com_google_javascript_jscomp_DeadAssignmentsElimination/terminal.log
Closure,Closure-89b,com_google_javascript_jscomp_CollapseProperties,121.0,750.0,167833.0,1834.1965397923875,7.0,4.0,75.0,1.0,100.0,100.0,4.0,4.0,19.0,/mnt/d/AllFinalWork/project_sqa/GreyWolfOptimizer/Result_Round1/Closure/Closure-89b/GWO/com_google_javascript_jscomp_CollapseProperties/terminal.log
Closure,Closure-89b,com_google_javascript_jscomp_GlobalNamespace,121.0,76.0,28859.0,1864.8209386847761,42.0,30.0,100.0,18.0,33.0,68.0,30.0,52.0,197.0,/mnt/d/AllFinalWork/project_sqa/GreyWolfOptimizer/Result_Round1/Closure/Closure-89b/GWO/com_google_javascript_jscomp_GlobalNamespace/terminal.log
Closure,Closure-8b,com_google_javascript_jscomp_CollapseVariableDeclarations,126.0,128.0,28457.0,335.35027322078406,28.0,22.0,100.0,0.0,100.0,67.0,22.0,5.0,24.0,/mnt/d/AllFinalWork/project_sqa/GreyWolfOptimizer/Result_Round1/Closure/Closure-8b/GWO/com_google_javascript_jscomp_CollapseVariableDeclarations/terminal.log
Closure,Closure-90b,com_google_javascript_jscomp_FunctionTypeBuilder,121.0,177.0,60529.0,1178.0850267379678,42.0,27.0,100.0,9.0,50.0,81.0,27.0,28.0,136.0,/mnt/d/AllFinalWork/project_sqa/GreyWolfOptimizer/Result_Round1/Closure/Closure-90b/GWO/com_google_javascript_jscomp_FunctionTypeBuilder/terminal.log
Closure,Closure-90b,com_google_javascript_rhino_jstype_FunctionType,124.0,38.0,25821.0,914.7967639681099,77.0,68.0,100.0,38.0,55.0,100.0,65.0,124.0,776.0,/mnt/d/AllFinalWork/project_sqa/GreyWolfOptimizer/Result_Round1/Closure/Closure-90b/GWO/com_google_javascript_rhino_jstype_FunctionType/terminal.log
Closure,Closure-91b,com_google_javascript_jscomp_CheckGlobalThis,121.0,571.0,195258.0,412.94321106821104,28.0,22.0,100.0,6.0,50.0,100.0,22.0,9.0,60.0,/mnt/d/AllFinalWork/project_sqa/GreyWolfOptimizer/Result_Round1/Closure/Closure-91b/GWO/com_google_javascript_jscomp_CheckGlobalThis/terminal.log
Closure,Closure-92b,com_google_javascript_jscomp_ProcessClosurePrimitives,124.0,162.0,68394.0,2105.9597207152306,18.0,15.0,100.0,2.0,33.0,50.0,13.0,14.0,79.0,/mnt/d/AllFinalWork/project_sqa/GreyWolfOptimizer/Result_Round1/Closure/Closure-92b/GWO/com_google_javascript_jscomp_ProcessClosurePrimitives/terminal.log
Closure,Closure-94b,com_google_javascript_jscomp_NodeUtil,122.0,42.0,16872.0,5467.2592882785875,52.0,51.0,100.0,22.0,24.0,94.0,51.0,254.0,477.0,/mnt/d/AllFinalWork/project_sqa/GreyWolfOptimizer/Result_Round1/Closure/Closure-94b/GWO/com_google_javascript_jscomp_NodeUtil/terminal.log
Closure,Closure-95b,com_google_javascript_jscomp_TypedScopeCreator,121.0,116.0,44354.0,3262.885724356944,17.0,11.0,100.0,3.0,56.0,17.0,11.0,12.0,57.0,/mnt/d/AllFinalWork/project_sqa/GreyWolfOptimizer/Result_Round1/Closure/Closure-95b/GWO/com_google_javascript_jscomp_TypedScopeCreator/terminal.log
Closure,Closure-96b,com_google_javascript_jscomp_TypeCheck,121.0,107.0,52262.0,4152.840896524703,14.0,22.0,100.0,9.0,35.0,100.0,22.0,19.0,251.0,/mnt/d/AllFinalWork/project_sqa/GreyWolfOptimizer/Result_Round1/Closure/Closure-96b/GWO/com_google_javascript_jscomp_TypeCheck/terminal.log
Closure,Closure-97b,com_google_javascript_jscomp_PeepholeFoldConstants,121.0,134.0,49860.0,4397.570314539296,5.0,17.0,100.0,1.0,83.0,100.0,17.0,16.0,68.0,/mnt/d/AllFinalWork/project_sqa/GreyWolfOptimizer/Result_Round1/Closure/Closure-97b/GWO/com_google_javascript_jscomp_PeepholeFoldConstants/terminal.log
Closure,Closure-98b,com_google_javascript_jscomp_ReferenceCollectingCallback,121.0,116.0,45017.0,525.0972348838358,66.0,48.0,100.0,27.0,50.0,94.0,48.0,43.0,267.0,/mnt/d/AllFinalWork/project_sqa/GreyWolfOptimizer/Result_Round1/Closure/Closure-98b/GWO/com_google_javascript_jscomp_ReferenceCollectingCallback/terminal.log
Closure,Closure-99b,com_google_javascript_jscomp_CheckGlobalThis,121.0,383.0,184536.0,146.26388888888889,76.0,59.0,100.0,27.0,100.0,100.0,59.0,13.0,86.0,/mnt/d/AllFinalWork/project_sqa/GreyWolfOptimizer/Result_Round1/Closure/Closure-99b/GWO/com_google_javascript_jscomp_CheckGlobalThis/terminal.log
Closure,Closure-9b,com_google_javascript_jscomp_ProcessCommonJSModules,123.0,86.0,36235.0,209.75277671633623,64.0,57.0,100.0,30.0,38.0,78.0,57.0,15.0,33.0,/mnt/d/AllFinalWork/project_sqa/GreyWolfOptimizer/Result_Round1/Closure/Closure-9b/GWO/com_google_javascript_jscomp_ProcessCommonJSModules/terminal.log
Codec,Codec-10b,org_apache_commons_lang3_time_FastDateParser,121.0,89.0,30486.0,507.7869046652139,69.0,71.0,100.0,35.0,54.0,54.0,71.0,42.0,165.0,/mnt/d/AllFinalWork/project_sqa/GreyWolfOptimizer/Result_Round1/Codec/Codec-10b/GWO/org_apache_commons_lang3_time_FastDateParser/terminal.log
Codec,Codec-11b,org_apache_commons_lang3_RandomStringUtils,123.0,75.0,32181.0,65.94973172025067,80.0,89.0,100.0,64.0,64.0,100.0,70.0,56.0,86.0,/mnt/d/AllFinalWork/project_sqa/GreyWolfOptimizer/Result_Round1/Codec/Codec-11b/GWO/org_apache_commons_lang3_RandomStringUtils/terminal.log
Codec,Codec-12b,org_apache_commons_lang3_RandomStringUtils,121.0,63.0,27566.0,37.0321475520144,98.0,98.0,100.0,64.0,67.0,100.0,74.0,57.0,90.0,/mnt/d/AllFinalWork/project_sqa/GreyWolfOptimizer/Result_Round1/Codec/Codec-12b/GWO/org_apache_commons_lang3_RandomStringUtils/terminal.log
Codec,Codec-13b,org_apache_commons_lang3_SerializationUtils,124.0,128.0,40094.0,31.03333333333333,78.0,75.0,100.0,24.0,78.0,100.0,75.0,18.0,51.0,/mnt/d/AllFinalWork/project_sqa/GreyWolfOptimizer/Result_Round1/Codec/Codec-13b/GWO/org_apache_commons_lang3_SerializationUtils/terminal.log
Codec,Codec-14b,org_apache_commons_lang3_StringUtils,123.0,20.0,20930.0,1897.242780598519,91.0,88.0,100.0,55.0,86.0,100.0,75.0,540.0,731.0,/mnt/d/AllFinalWork/project_sqa/GreyWolfOptimizer/Result_Round1/Codec/Codec-14b/GWO/org_apache_commons_lang3_StringUtils/terminal.log
Codec,Codec-15b,org_apache_commons_lang3_reflect_TypeUtils,121.0,87.0,43384.0,1168.2193552239594,45.0,41.0,94.0,28.0,50.0,93.0,16.0,42.0,160.0,/mnt/d/AllFinalWork/project_sqa/GreyWolfOptimizer/Result_Round1/Codec/Codec-15b/GWO/org_apache_commons_lang3_reflect_TypeUtils/terminal.log
Codec,Codec-16b,org_apache_commons_lang3_math_NumberUtils,122.0,55.0,35355.0,631.1070105550239,90.0,74.0,100.0,57.0,68.0,100.0,74.0,175.0,284.0,/mnt/d/AllFinalWork/project_sqa/GreyWolfOptimizer/Result_Round1/Codec/Codec-16b/GWO/org_apache_commons_lang3_math_NumberUtils/terminal.log
Codec,Codec-17b,org_apache_commons_lang3_text_translate_CharSequenceTranslator,122.0,1376.0,398924.0,6.257575757575758,94.0,100.0,100.0,68.0,64.0,100.0,100.0,18.0,73.0,/mnt/d/AllFinalWork/project_sqa/GreyWolfOptimizer/Result_Round1/Codec/Codec-17b/GWO/org_apache_commons_lang3_text_translate_CharSequenceTranslator/terminal.log
Codec,Codec-18b,org_apache_commons_codec_binary_StringUtils,121.0,882.0,303072.0,25.142857142857142,100.0,100.0,100.0,72.0,66.0,100.0,94.0,51.0,72.0,/mnt/d/AllFinalWork/project_sqa/GreyWolfOptimizer/Result_Round1/Codec/Codec-18b/GWO/org_apache_commons_codec_binary_StringUtils/terminal.log
Codec,Codec-19b,org_apache_commons_lang3_text_translate_NumericEntityUnescaper,121.0,573.0,187516.0,107.14423924048651,41.0,53.0,100.0,10.0,33.0,100.0,53.0,7.0,34.0,/mnt/d/AllFinalWork/project_sqa/GreyWolfOptimizer/Result_Round1/Codec/Codec-19b/GWO/org_apache_commons_lang3_text_translate_NumericEntityUnescaper/terminal.log
Codec,Codec-1b,org_apache_commons_lang3_math_NumberUtils,121.0,68.0,41043.0,696.2048320683259,88.0,69.0,100.0,57.0,68.0,100.0,69.0,165.0,267.0,/mnt/d/AllFinalWork/project_sqa/GreyWolfOptimizer/Result_Round1/Codec/Codec-1b/GWO/org_apache_commons_lang3_math_NumberUtils/terminal.log
Codec,Codec-20b,org_apache_commons_lang3_StringUtils,123.0,21.0,21455.0,1933.2424328124735,90.0,87.0,100.0,56.0,88.0,100.0,75.0,539.0,701.0,/mnt/d/AllFinalWork/project_sqa/GreyWolfOptimizer/Result_Round1/Codec/Codec-20b/GWO/org_apache_commons_lang3_StringUtils/terminal.log
Codec,Codec-21b,org_apache_commons_lang3_time_DateUtils,121.0,68.0,20142.0,451.3165381161794,89.0,82.0,100.0,46.0,47.0,100.0,78.0,128.0,283.0,/mnt/d/AllFinalWork/project_sqa/GreyWolfOptimizer/Result_Round1/Codec/Codec-21b/GWO/org_apache_commons_lang3_time_DateUtils/terminal.log
Codec,Codec-22b,org_apache_commons_lang3_math_Fraction,122.0,56.0,26750.0,255.97891729516863,95.0,89.0,100.0,53.0,85.0,100.0,89.0,88.0,235.0,/mnt/d/AllFinalWork/project_sqa/GreyWolfOptimizer/Result_Round1/Codec/Codec-22b/GWO/org_apache_commons_lang3_math_Fraction/terminal.log
Codec,Codec-23b,org_apache_commons_lang3_text_ExtendedMessageFormat,121.0,199.0,55472.0,607.7089889672635,43.0,32.0,100.0,5.0,67.0,100.0,32.0,24.0,57.0,/mnt/d/AllFinalWork/project_sqa/GreyWolfOptimizer/Result_Round1/Codec/Codec-23b/GWO/org_apache_commons_lang3_text_ExtendedMessageFormat/terminal.log
Codec,Codec-24b,org_apache_commons_lang3_math_NumberUtils,121.0,55.0,31081.0,587.2029272047686,89.0,75.0,100.0,58.0,66.0,100.0,75.0,177.0,294.0,/mnt/d/AllFinalWork/project_sqa/GreyWolfOptimizer/Result_Round1/Codec/Codec-24b/GWO/org_apache_commons_lang3_math_NumberUtils/terminal.log
Codec,Codec-26b,org_apache_commons_lang3_time_FastDateFormat,122.0,42.0,12383.0,1114.7891244199384,,,,,,,,,,/mnt/d/AllFinalWork/project_sqa/GreyWolfOptimizer/Result_Round1/Codec/Codec-26b/GWO/org_apache_commons_lang3_time_FastDateFormat/terminal.log
Codec,Codec-27b,org_apache_commons_lang3_math_NumberUtils,122.0,56.0,33473.0,593.8049817717063,87.0,73.0,100.0,60.0,70.0,100.0,73.0,177.0,291.0,/mnt/d/AllFinalWork/project_sqa/GreyWolfOptimizer/Result_Round1/Codec/Codec-27b/GWO/org_apache_commons_lang3_math_NumberUtils/terminal.log
Codec,Codec-28b,org_apache_commons_lang3_text_translate_NumericEntityUnescaper,121.0,703.0,237520.0,71.55,80.0,80.0,100.0,17.0,33.0,100.0,80.0,10.0,55.0,/mnt/d/AllFinalWork/project_sqa/GreyWolfOptimizer/Result_Round1/Codec/Codec-28b/GWO/org_apache_commons_lang3_text_translate_NumericEntityUnescaper/terminal.log
Codec,Codec-2b,org_apache_commons_codec_binary_Base64,121.0,63.0,45360.0,81.52026843838384,97.0,94.0,100.0,39.0,82.0,100.0,85.0,77.0,200.0,/mnt/d/AllFinalWork/project_sqa/GreyWolfOptimizer/Result_Round1/Codec/Codec-2b/GWO/org_apache_commons_codec_binary_Base64/terminal.log
Codec,Codec-3b,org_apache_commons_lang3_math_NumberUtils,122.0,62.0,42635.0,715.0585575933532,86.0,69.0,100.0,60.0,72.0,100.0,69.0,169.0,286.0,/mnt/d/AllFinalWork/project_sqa/GreyWolfOptimizer/Result_Round1/Codec/Codec-3b/GWO/org_apache_commons_lang3_math_NumberUtils/terminal.log
Codec,Codec-4b,org_apache_commons_lang3_text_translate_LookupTranslator,121.0,1732.0,616992.0,1.6666666666666665,100.0,100.0,100.0,67.0,67.0,100.0,100.0,10.0,95.0,/mnt/d/AllFinalWork/project_sqa/GreyWolfOptimizer/Result_Round1/Codec/Codec-4b/GWO/org_apache_commons_lang3_text_translate_LookupTranslator/terminal.log
Codec,Codec-5b,org_apache_commons_lang3_LocaleUtils,121.0,477.0,111561.0,104.05555459443113,62.0,60.0,100.0,32.0,10.0,100.0,60.0,22.0,28.0,/mnt/d/AllFinalWork/project_sqa/GreyWolfOptimizer/Result_Round1/Codec/Codec-5b/GWO/org_apache_commons_lang3_LocaleUtils/terminal.log
Codec,Codec-6b,org_apache_commons_lang3_text_translate_CharSequenceTranslator,121.0,1267.0,335275.0,6.257575757575758,93.0,100.0,100.0,80.0,64.0,100.0,100.0,19.0,73.0,/mnt/d/AllFinalWork/project_sqa/GreyWolfOptimizer/Result_Round1/Codec/Codec-6b/GWO/org_apache_commons_lang3_text_translate_CharSequenceTranslator/terminal.log
Codec,Codec-7b,org_apache_commons_lang3_math_NumberUtils,122.0,62.0,36673.0,717.1097533782568,89.0,74.0,100.0,57.0,69.0,100.0,74.0,179.0,298.0,/mnt/d/AllFinalWork/project_sqa/GreyWolfOptimizer/Result_Round1/Codec/Codec-7b/GWO/org_apache_commons_lang3_math_NumberUtils/terminal.log
Codec,Codec-8b,org_apache_commons_lang3_time_FastDatePrinter,121.0,61.0,21323.0,1258.893119192685,,,,,,,,,,/mnt/d/AllFinalWork/project_sqa/GreyWolfOptimizer/Result_Round1/Codec/Codec-8b/GWO/org_apache_commons_lang3_time_FastDatePrinter/terminal.log
Codec,Codec-9b,org_apache_commons_lang3_time_FastDateParser,121.0,62.0,21110.0,515.0334223637435,80.0,73.0,100.0,37.0,44.0,54.0,72.0,42.0,160.0,/mnt/d/AllFinalWork/project_sqa/GreyWolfOptimizer/Result_Round1/Codec/Codec-9b/GWO/org_apache_commons_lang3_time_FastDateParser/terminal.log
Collections,Collections-10b,org_apache_commons_lang3_time_FastDateParser,122.0,67.0,23790.0,525.1491227108679,78.0,74.0,100.0,35.0,49.0,54.0,74.0,42.0,175.0,/mnt/d/AllFinalWork/project_sqa/GreyWolfOptimizer/Result_Round1/Collections/Collections-10b/GWO/org_apache_commons_lang3_time_FastDateParser/terminal.log
Collections,Collections-11b,org_apache_commons_lang3_RandomStringUtils,121.0,85.0,32224.0,37.534428186578836,100.0,100.0,100.0,62.0,64.0,100.0,71.0,58.0,92.0,/mnt/d/AllFinalWork/project_sqa/GreyWolfOptimizer/Result_Round1/Collections/Collections-11b/GWO/org_apache_commons_lang3_RandomStringUtils/terminal.log
Collections,Collections-12b,org_apache_commons_lang3_RandomStringUtils,123.0,72.0,30411.0,40.198653322447356,96.0,96.0,100.0,20.0,64.0,100.0,74.0,54.0,83.0,/mnt/d/AllFinalWork/project_sqa/GreyWolfOptimizer/Result_Round1/Collections/Collections-12b/GWO/org_apache_commons_lang3_RandomStringUtils/terminal.log
Collections,Collections-13b,org_apache_commons_lang3_SerializationUtils,125.0,54.0,24262.0,40.03333333333333,78.0,75.0,100.0,20.0,56.0,88.0,62.0,17.0,41.0,/mnt/d/AllFinalWork/project_sqa/GreyWolfOptimizer/Result_Round1/Collections/Collections-13b/GWO/org_apache_commons_lang3_SerializationUtils/terminal.log
Collections,Collections-14b,org_apache_commons_lang3_StringUtils,122.0,22.0,20711.0,1956.3547694482415,90.0,87.0,100.0,55.0,86.0,100.0,76.0,544.0,702.0,/mnt/d/AllFinalWork/project_sqa/GreyWolfOptimizer/Result_Round1/Collections/Collections-14b/GWO/org_apache_commons_lang3_StringUtils/terminal.log
Collections,Collections-15b,org_apache_commons_lang3_reflect_TypeUtils,121.0,120.0,44296.0,1238.2166666638727,40.0,36.0,100.0,26.0,45.0,93.0,16.0,43.0,123.0,/mnt/d/AllFinalWork/project_sqa/GreyWolfOptimizer/Result_Round1/Collections/Collections-15b/GWO/org_apache_commons_lang3_reflect_TypeUtils/terminal.log
Collections,Collections-16b,org_apache_commons_lang3_math_NumberUtils,121.0,60.0,33913.0,557.9359506499795,90.0,76.0,100.0,59.0,71.0,100.0,76.0,189.0,296.0,/mnt/d/AllFinalWork/project_sqa/GreyWolfOptimizer/Result_Round1/Collections/Collections-16b/GWO/org_apache_commons_lang3_math_NumberUtils/terminal.log
Collections,Collections-17b,org_apache_commons_lang3_text_translate_CharSequenceTranslator,121.0,1065.0,316137.0,6.266666666666667,94.0,100.0,100.0,67.0,64.0,100.0,100.0,18.0,71.0,/mnt/d/AllFinalWork/project_sqa/GreyWolfOptimizer/Result_Round1/Collections/Collections-17b/GWO/org_apache_commons_lang3_text_translate_CharSequenceTranslator/terminal.log
Collections,Collections-19b,org_apache_commons_lang3_text_translate_NumericEntityUnescaper,121.0,749.0,180025.0,106.89540542823973,41.0,53.0,100.0,10.0,33.0,100.0,53.0,7.0,32.0,/mnt/d/AllFinalWork/project_sqa/GreyWolfOptimizer/Result_Round1/Collections/Collections-19b/GWO/org_apache_commons_lang3_text_translate_NumericEntityUnescaper/terminal.log
Collections,Collections-1b,org_apache_commons_lang3_math_NumberUtils,121.0,63.0,35396.0,550.6210728752691,90.0,74.0,100.0,61.0,73.0,100.0,74.0,175.0,285.0,/mnt/d/AllFinalWork/project_sqa/GreyWolfOptimizer/Result_Round1/Collections/Collections-1b/GWO/org_apache_commons_lang3_math_NumberUtils/terminal.log
Collections,Collections-20b,org_apache_commons_lang3_StringUtils,122.0,22.0,19523.0,1928.3551868911607,90.0,88.0,100.0,53.0,86.0,100.0,76.0,524.0,705.0,/mnt/d/AllFinalWork/project_sqa/GreyWolfOptimizer/Result_Round1/Collections/Collections-20b/GWO/org_apache_commons_lang3_StringUtils/terminal.log
Collections,Collections-21b,org_apache_commons_lang3_time_DateUtils,121.0,64.0,18209.0,346.06195041891664,93.0,85.0,100.0,46.0,46.0,100.0,79.0,132.0,299.0,/mnt/d/AllFinalWork/project_sqa/GreyWolfOptimizer/Result_Round1/Collections/Collections-21b/GWO/org_apache_commons_lang3_time_DateUtils/terminal.log
Collections,Collections-22b,org_apache_commons_lang3_math_Fraction,121.0,54.0,22261.0,215.8698412418828,97.0,90.0,100.0,53.0,83.0,100.0,90.0,94.0,221.0,/mnt/d/AllFinalWork/project_sqa/GreyWolfOptimizer/Result_Round1/Collections/Collections-22b/GWO/org_apache_commons_lang3_math_Fraction/terminal.log
Collections,Collections-23b,org_apache_commons_lang3_text_ExtendedMessageFormat,121.0,233.0,54768.0,558.4819446775969,46.0,37.0,100.0,8.0,67.0,100.0,36.0,25.0,64.0,/mnt/d/AllFinalWork/project_sqa/GreyWolfOptimizer/Result_Round1/Collections/Collections-23b/GWO/org_apache_commons_lang3_text_ExtendedMessageFormat/terminal.log
Collections,Collections-24b,org_apache_commons_lang3_math_NumberUtils,122.0,61.0,37593.0,563.85542515923,90.0,75.0,100.0,57.0,75.0,100.0,75.0,184.0,311.0,/mnt/d/AllFinalWork/project_sqa/GreyWolfOptimizer/Result_Round1/Collections/Collections-24b/GWO/org_apache_commons_lang3_math_NumberUtils/terminal.log
Collections,Collections-26b,org_apache_commons_lang3_time_FastDateFormat,124.0,37.0,14144.0,1057.1122642277007,80.0,75.0,100.0,17.0,41.0,51.0,75.0,96.0,335.0,/mnt/d/AllFinalWork/project_sqa/GreyWolfOptimizer/Result_Round1/Collections/Collections-26b/GWO/org_apache_commons_lang3_time_FastDateFormat/terminal.log
Collections,Collections-27b,org_apache_commons_lang3_math_NumberUtils,121.0,57.0,35579.0,619.6689947182666,89.0,73.0,100.0,58.0,66.0,100.0,73.0,171.0,273.0,/mnt/d/AllFinalWork/project_sqa/GreyWolfOptimizer/Result_Round1/Collections/Collections-27b/GWO/org_apache_commons_lang3_math_NumberUtils/terminal.log
Collections,Collections-28b,org_apache_commons_lang3_text_translate_NumericEntityUnescaper,121.0,1576.0,503255.0,190.44444444444446,15.0,27.0,100.0,6.0,33.0,100.0,27.0,5.0,21.0,/mnt/d/AllFinalWork/project_sqa/GreyWolfOptimizer/Result_Round1/Collections/Collections-28b/GWO/org_apache_commons_lang3_text_translate_NumericEntityUnescaper/terminal.log
Collections,Collections-3b,org_apache_commons_lang3_math_NumberUtils,121.0,59.0,34806.0,613.8334564282313,87.0,70.0,100.0,58.0,72.0,100.0,70.0,172.0,282.0,/mnt/d/AllFinalWork/project_sqa/GreyWolfOptimizer/Result_Round1/Collections/Collections-3b/GWO/org_apache_commons_lang3_math_NumberUtils/terminal.log
Collections,Collections-4b,org_apache_commons_lang3_text_translate_LookupTranslator,121.0,2208.0,740490.0,1.6428571428571428,100.0,100.0,100.0,56.0,67.0,100.0,100.0,11.0,98.0,/mnt/d/AllFinalWork/project_sqa/GreyWolfOptimizer/Result_Round1/Collections/Collections-4b/GWO/org_apache_commons_lang3_text_translate_LookupTranslator/terminal.log
Collections,Collections-5b,org_apache_commons_lang3_LocaleUtils,121.0,495.0,118842.0,115.69047523214573,55.0,55.0,100.0,30.0,10.0,100.0,55.0,22.0,27.0,/mnt/d/AllFinalWork/project_sqa/GreyWolfOptimizer/Result_Round1/Collections/Collections-5b/GWO/org_apache_commons_lang3_LocaleUtils/terminal.log
Collections,Collections-6b,org_apache_commons_lang3_text_translate_CharSequenceTranslator,121.0,1850.0,547678.0,6.266666666666667,93.0,100.0,100.0,66.0,64.0,100.0,100.0,15.0,62.0,/mnt/d/AllFinalWork/project_sqa/GreyWolfOptimizer/Result_Round1/Collections/Collections-6b/GWO/org_apache_commons_lang3_text_translate_CharSequenceTranslator/terminal.log
Collections,Collections-7b,org_apache_commons_lang3_math_NumberUtils,122.0,62.0,36404.0,619.9716073726759,85.0,73.0,100.0,59.0,70.0,100.0,73.0,179.0,295.0,/mnt/d/AllFinalWork/project_sqa/GreyWolfOptimizer/Result_Round1/Collections/Collections-7b/GWO/org_apache_commons_lang3_math_NumberUtils/terminal.log
Collections,Collections-8b,org_apache_commons_lang3_time_FastDatePrinter,124.0,57.0,18001.0,890.1282217430792,75.0,73.0,100.0,7.0,47.0,34.0,73.0,77.0,300.0,/mnt/d/AllFinalWork/project_sqa/GreyWolfOptimizer/Result_Round1/Collections/Collections-8b/GWO/org_apache_commons_lang3_time_FastDatePrinter/terminal.log
Collections,Collections-9b,org_apache_commons_lang3_time_FastDateParser,121.0,60.0,19359.0,514.5681420914545,79.0,74.0,100.0,36.0,44.0,54.0,72.0,47.0,180.0,/mnt/d/AllFinalWork/project_sqa/GreyWolfOptimizer/Result_Round1/Collections/Collections-9b/GWO/org_apache_commons_lang3_time_FastDateParser/terminal.log
Compress,Compress-10b,org_apache_commons_lang3_time_FastDateParser,121.0,64.0,20184.0,471.4492887097856,81.0,76.0,100.0,37.0,46.0,54.0,74.0,49.0,205.0,/mnt/d/AllFinalWork/project_sqa/GreyWolfOptimizer/Result_Round1/Compress/Compress-10b/GWO/org_apache_commons_lang3_time_FastDateParser/terminal.log
Compress,Compress-11b,org_apache_commons_lang3_RandomStringUtils,121.0,84.0,30189.0,39.36044385232834,89.0,94.0,100.0,62.0,67.0,100.0,83.0,55.0,81.0,/mnt/d/AllFinalWork/project_sqa/GreyWolfOptimizer/Result_Round1/Compress/Compress-11b/GWO/org_apache_commons_lang3_RandomStringUtils/terminal.log
Compress,Compress-12b,org_apache_commons_lang3_RandomStringUtils,121.0,74.0,35291.0,35.36374379952371,90.0,95.0,100.0,44.0,67.0,100.0,86.0,57.0,82.0,/mnt/d/AllFinalWork/project_sqa/GreyWolfOptimizer/Result_Round1/Compress/Compress-12b/GWO/org_apache_commons_lang3_RandomStringUtils/terminal.log
Compress,Compress-14b,org_apache_commons_compress_archivers_tar_TarUtils,121.0,120.0,48093.0,165.80322580365763,88.0,84.0,100.0,29.0,41.0,100.0,76.0,52.0,108.0,/mnt/d/AllFinalWork/project_sqa/GreyWolfOptimizer/Result_Round1/Compress/Compress-14b/GWO/org_apache_commons_compress_archivers_tar_TarUtils/terminal.log
Compress,Compress-15b,org_apache_commons_compress_archivers_zip_ZipArchiveEntry,124.0,81.0,48735.0,109.49215686225357,92.0,87.0,100.0,65.0,79.0,100.0,85.0,82.0,288.0,/mnt/d/AllFinalWork/project_sqa/GreyWolfOptimizer/Result_Round1/Compress/Compress-15b/GWO/org_apache_commons_compress_archivers_zip_ZipArchiveEntry/terminal.log
Compress,Compress-16b,org_apache_commons_compress_archivers_ArchiveStreamFactory,121.0,66.0,20731.0,45.9845032212204,86.0,86.0,91.0,32.0,33.0,100.0,86.0,22.0,78.0,/mnt/d/AllFinalWork/project_sqa/GreyWolfOptimizer/Result_Round1/Compress/Compress-16b/GWO/org_apache_commons_compress_archivers_ArchiveStreamFactory/terminal.log
Compress,Compress-17b,org_apache_commons_compress_archivers_tar_TarUtils,121.0,121.0,55557.0,802.5909020806072,69.0,63.0,100.0,19.0,46.0,100.0,56.0,62.0,134.0,/mnt/d/AllFinalWork/project_sqa/GreyWolfOptimizer/Result_Round1/Compress/Compress-17b/GWO/org_apache_commons_compress_archivers_tar_TarUtils/terminal.log
Compress,Compress-18b,org_apache_commons_compress_archivers_tar_TarArchiveOutputStream,121.0,105.0,52453.0,365.0303779454868,78.0,76.0,100.0,20.0,60.0,100.0,64.0,51.0,196.0,/mnt/d/AllFinalWork/project_sqa/GreyWolfOptimizer/Result_Round1/Compress/Compress-18b/GWO/org_apache_commons_compress_archivers_tar_TarArchiveOutputStream/terminal.log
Compress,Compress-19b,org_apache_commons_compress_archivers_zip_Zip64ExtendedInformationExtraField,121.0,201.0,95411.0,64.8458684501031,89.0,92.0,100.0,34.0,68.0,100.0,92.0,36.0,140.0,/mnt/d/AllFinalWork/project_sqa/GreyWolfOptimizer/Result_Round1/Compress/Compress-19b/GWO/org_apache_commons_compress_archivers_zip_Zip64ExtendedInformationExtraField/terminal.log
Compress,Compress-1b,org_apache_commons_lang3_math_NumberUtils,121.0,62.0,37208.0,649.9154282450415,85.0,69.0,100.0,59.0,73.0,100.0,69.0,171.0,274.0,/mnt/d/AllFinalWork/project_sqa/GreyWolfOptimizer/Result_Round1/Compress/Compress-1b/GWO/org_apache_commons_lang3_math_NumberUtils/terminal.log
Compress,Compress-20b,org_apache_commons_compress_archivers_cpio_CpioArchiveInputStream,123.0,45.0,24105.0,1342.8298065221625,35.0,36.0,100.0,9.0,6.0,100.0,36.0,27.0,109.0,/mnt/d/AllFinalWork/project_sqa/GreyWolfOptimizer/Result_Round1/Compress/Compress-20b/GWO/org_apache_commons_compress_archivers_cpio_CpioArchiveInputStream/terminal.log
Compress,Compress-21b,org_apache_commons_compress_archivers_sevenz_SevenZOutputFile,121.0,92.0,41074.0,334.6924094391201,87.0,77.0,100.0,18.0,45.0,67.0,77.0,39.0,831.0,/mnt/d/AllFinalWork/project_sqa/GreyWolfOptimizer/Result_Round1/Compress/Compress-21b/GWO/org_apache_commons_compress_archivers_sevenz_SevenZOutputFile/terminal.log
Compress,Compress-22b,org_apache_commons_compress_compressors_bzip2_BZip2CompressorInputStream,121.0,31.0,15801.0,5425.088615881135,4.0,4.0,100.0,0.0,12.0,43.0,4.0,11.0,32.0,/mnt/d/AllFinalWork/project_sqa/GreyWolfOptimizer/Result_Round1/Compress/Compress-22b/GWO/org_apache_commons_compress_compressors_bzip2_BZip2CompressorInputStream/terminal.log
Compress,Compress-23b,org_apache_commons_compress_archivers_sevenz_Coders,122.0,158.0,81420.0,123.2403571400632,76.0,76.0,100.0,16.0,75.0,90.0,76.0,22.0,122.0,/mnt/d/AllFinalWork/project_sqa/GreyWolfOptimizer/Result_Round1/Compress/Compress-23b/GWO/org_apache_commons_compress_archivers_sevenz_Coders/terminal.log
Compress,Compress-24b,org_apache_commons_compress_archivers_tar_TarUtils,121.0,125.0,51088.0,726.3635800201379,76.0,63.0,100.0,25.0,51.0,100.0,60.0,64.0,137.0,/mnt/d/AllFinalWork/project_sqa/GreyWolfOptimizer/Result_Round1/Compress/Compress-24b/GWO/org_apache_commons_compress_archivers_tar_TarUtils/terminal.log
Compress,Compress-25b,org_apache_commons_compress_archivers_zip_ZipArchiveInputStream,122.0,66.0,36800.0,2387.361028446633,18.0,13.0,100.0,4.0,14.0,69.0,13.0,26.0,86.0,/mnt/d/AllFinalWork/project_sqa/GreyWolfOptimizer/Result_Round1/Compress/Compress-25b/GWO/org_apache_commons_compress_archivers_zip_ZipArchiveInputStream/terminal.log
Compress,Compress-26b,org_apache_commons_compress_utils_IOUtils,125.0,50.0,20807.0,13.821428571428571,92.0,100.0,100.0,77.0,67.0,100.0,100.0,30.0,95.0,/mnt/d/AllFinalWork/project_sqa/GreyWolfOptimizer/Result_Round1/Compress/Compress-26b/GWO/org_apache_commons_compress_utils_IOUtils/terminal.log
Compress,Compress-27b,org_apache_commons_compress_archivers_tar_TarUtils,121.0,134.0,55755.0,669.2166522831056,72.0,68.0,100.0,25.0,46.0,100.0,68.0,60.0,129.0,/mnt/d/AllFinalWork/project_sqa/GreyWolfOptimizer/Result_Round1/Compress/Compress-27b/GWO/org_apache_commons_compress_archivers_tar_TarUtils/terminal.log
Compress,Compress-28b,org_apache_commons_compress_archivers_tar_TarArchiveInputStream,121.0,32.0,19777.0,932.0298490426292,45.0,35.0,100.0,10.0,34.0,100.0,35.0,49.0,186.0,/mnt/d/AllFinalWork/project_sqa/GreyWolfOptimizer/Result_Round1/Compress/Compress-28b/GWO/org_apache_commons_compress_archivers_tar_TarArchiveInputStream/terminal.log
Compress,Compress-29b,org_apache_commons_compress_archivers_ArchiveStreamFactory,123.0,77.0,26911.0,156.01879245742663,80.0,79.0,93.0,34.0,56.0,100.0,79.0,38.0,134.0,/mnt/d/AllFinalWork/project_sqa/GreyWolfOptimizer/Result_Round1/Compress/Compress-29b/GWO/org_apache_commons_compress_archivers_ArchiveStreamFactory/terminal.log
Compress,Compress-29b,org_apache_commons_compress_archivers_cpio_CpioArchiveInputStream,121.0,47.0,20950.0,1309.0553985464344,36.0,36.0,100.0,10.0,10.0,100.0,36.0,30.0,103.0,/mnt/d/AllFinalWork/project_sqa/GreyWolfOptimizer/Result_Round1/Compress/Compress-29b/GWO/org_apache_commons_compress_archivers_cpio_CpioArchiveInputStream/terminal.log
Compress,Compress-29b,org_apache_commons_compress_archivers_cpio_CpioArchiveOutputStream,121.0,113.0,45231.0,567.0962995359364,75.0,74.0,100.0,21.0,50.0,100.0,73.0,41.0,161.0,/mnt/d/AllFinalWork/project_sqa/GreyWolfOptimizer/Result_Round1/Compress/Compress-29b/GWO/org_apache_commons_compress_archivers_cpio_CpioArchiveOutputStream/terminal.log
Compress,Compress-29b,org_apache_commons_compress_archivers_dump_DumpArchiveInputStream,125.0,69.0,27305.0,1078.355736790816,7.0,5.0,100.0,3.0,1.0,30.0,4.0,10.0,23.0,/mnt/d/AllFinalWork/project_sqa/GreyWolfOptimizer/Result_Round1/Compress/Compress-29b/GWO/org_apache_commons_compress_archivers_dump_DumpArchiveInputStream/terminal.log
Compress,Compress-29b,org_apache_commons_compress_archivers_tar_TarArchiveInputStream,122.0,56.0,29076.0,899.3601980587315,49.0,38.0,100.0,15.0,36.0,100.0,38.0,59.0,224.0,/mnt/d/AllFinalWork/project_sqa/GreyWolfOptimizer/Result_Round1/Compress/Compress-29b/GWO/org_apache_commons_compress_archivers_tar_TarArchiveInputStream/terminal.log
Compress,Compress-29b,org_apache_commons_compress_archivers_tar_TarArchiveOutputStream,121.0,103.0,50014.0,494.696433983216,79.0,72.0,100.0,20.0,54.0,100.0,64.0,50.0,219.0,/mnt/d/AllFinalWork/project_sqa/GreyWolfOptimizer/Result_Round1/Compress/Compress-29b/GWO/org_apache_commons_compress_archivers_tar_TarArchiveOutputStream/terminal.log
Compress,Compress-29b,org_apache_commons_compress_archivers_zip_ZipArchiveInputStream,121.0,55.0,25316.0,2399.936710884657,18.0,13.0,100.0,4.0,14.0,69.0,13.0,23.0,74.0,/mnt/d/AllFinalWork/project_sqa/GreyWolfOptimizer/Result_Round1/Compress/Compress-29b/GWO/org_apache_commons_compress_archivers_zip_ZipArchiveInputStream/terminal.log
Compress,Compress-2b,org_apache_commons_compress_archivers_ar_ArArchiveInputStream,121.0,63.0,27839.0,236.3364898952646,71.0,51.0,100.0,18.0,29.0,100.0,49.0,29.0,124.0,/mnt/d/AllFinalWork/project_sqa/GreyWolfOptimizer/Result_Round1/Compress/Compress-2b/GWO/org_apache_commons_compress_archivers_ar_ArArchiveInputStream/terminal.log
Compress,Compress-30b,org_apache_commons_compress_compressors_bzip2_BZip2CompressorInputStream,123.0,18.0,8191.0,5302.332060374613,4.0,6.0,100.0,0.0,12.0,43.0,5.0,14.0,36.0,/mnt/d/AllFinalWork/project_sqa/GreyWolfOptimizer/Result_Round1/Compress/Compress-30b/GWO/org_apache_commons_compress_compressors_bzip2_BZip2CompressorInputStream/terminal.log
Compress,Compress-31b,org_apache_commons_compress_archivers_tar_TarUtils,142.0,100.0,35697.0,866.7333599384449,64.0,57.0,100.0,22.0,43.0,100.0,56.0,62.0,130.0,/mnt/d/AllFinalWork/project_sqa/GreyWolfOptimizer/Result_Round1/Compress/Compress-31b/GWO/org_apache_commons_compress_archivers_tar_TarUtils/terminal.log
Compress,Compress-32b,org_apache_commons_compress_archivers_tar_TarArchiveInputStream,125.0,62.0,27540.0,985.8137000231366,47.0,37.0,100.0,16.0,14.0,100.0,36.0,55.0,183.0,/mnt/d/AllFinalWork/project_sqa/GreyWolfOptimizer/Result_Round1/Compress/Compress-32b/GWO/org_apache_commons_compress_archivers_tar_TarArchiveInputStream/terminal.log
Compress,Compress-33b,org_apache_commons_compress_compressors_CompressorStreamFactory,121.0,112.0,35468.0,78.49450509466045,85.0,81.0,92.0,25.0,28.0,100.0,81.0,28.0,89.0,/mnt/d/AllFinalWork/project_sqa/GreyWolfOptimizer/Result_Round1/Compress/Compress-33b/GWO/org_apache_commons_compress_compressors_CompressorStreamFactory/terminal.log
Compress,Compress-33b,org_apache_commons_compress_compressors_deflate_DeflateCompressorInputStream,124.0,149.0,40327.0,35.71666666666667,80.0,78.0,100.0,31.0,25.0,100.0,78.0,23.0,100.0,/mnt/d/AllFinalWork/project_sqa/GreyWolfOptimizer/Result_Round1/Compress/Compress-33b/GWO/org_apache_commons_compress_compressors_deflate_DeflateCompressorInputStream/terminal.log
Compress,Compress-34b,org_apache_commons_compress_archivers_zip_X7875_NewUnix,121.0,779.0,272453.0,22.833333333333332,100.0,100.0,100.0,63.0,44.0,100.0,100.0,24.0,70.0,/mnt/d/AllFinalWork/project_sqa/GreyWolfOptimizer/Result_Round1/Compress/Compress-34b/GWO/org_apache_commons_compress_archivers_zip_X7875_NewUnix/terminal.log
Compress,Compress-35b,org_apache_commons_compress_archivers_tar_TarUtils,122.0,122.0,50109.0,758.1445441241414,67.0,61.0,100.0,17.0,43.0,100.0,55.0,58.0,120.0,/mnt/d/AllFinalWork/project_sqa/GreyWolfOptimizer/Result_Round1/Compress/Compress-35b/GWO/org_apache_commons_compress_archivers_tar_TarUtils/terminal.log
Compress,Compress-36b,org_apache_commons_compress_archivers_sevenz_SevenZFile,124.0,392.0,95540.0,2809.5651464420994,4.0,2.0,100.0,1.0,2.0,30.0,2.0,14.0,38.0,/mnt/d/AllFinalWork/project_sqa/GreyWolfOptimizer/Result_Round1/Compress/Compress-36b/GWO/org_apache_commons_compress_archivers_sevenz_SevenZFile/terminal.log
Compress,Compress-37b,org_apache_commons_compress_archivers_tar_TarArchiveInputStream,122.0,56.0,28122.0,1060.810485490857,46.0,35.0,100.0,12.0,36.0,100.0,35.0,58.0,218.0,/mnt/d/AllFinalWork/project_sqa/GreyWolfOptimizer/Result_Round1/Compress/Compress-37b/GWO/org_apache_commons_compress_archivers_tar_TarArchiveInputStream/terminal.log
Compress,Compress-38b,org_apache_commons_compress_archivers_tar_TarArchiveEntry,121.0,62.0,39447.0,2193.9962402147344,60.0,58.0,100.0,19.0,70.0,100.0,57.0,114.0,318.0,/mnt/d/AllFinalWork/project_sqa/GreyWolfOptimizer/Result_Round1/Compress/Compress-38b/GWO/org_apache_commons_compress_archivers_tar_TarArchiveEntry/terminal.log
Compress,Compress-39b,org_apache_commons_compress_utils_ArchiveUtils,121.0,131.0,82930.0,16.59873054873055,84.0,98.0,100.0,72.0,81.0,100.0,91.0,50.0,102.0,/mnt/d/AllFinalWork/project_sqa/GreyWolfOptimizer/Result_Round1/Compress/Compress-39b/GWO/org_apache_commons_compress_utils_ArchiveUtils/terminal.log
Compress,Compress-3b,org_apache_commons_lang3_math_NumberUtils,121.0,60.0,40107.0,756.4093212026986,85.0,67.0,100.0,53.0,71.0,100.0,67.0,168.0,281.0,/mnt/d/AllFinalWork/project_sqa/GreyWolfOptimizer/Result_Round1/Compress/Compress-3b/GWO/org_apache_commons_lang3_math_NumberUtils/terminal.log
Compress,Compress-40b,org_apache_commons_compress_utils_BitInputStream,125.0,44.0,18196.0,1.6666666666666667,100.0,100.0,100.0,77.0,100.0,100.0,100.0,13.0,63.0,/mnt/d/AllFinalWork/project_sqa/GreyWolfOptimizer/Result_Round1/Compress/Compress-40b/GWO/org_apache_commons_compress_utils_BitInputStream/terminal.log
Compress,Compress-41b,org_apache_commons_compress_archivers_zip_ZipArchiveInputStream,121.0,68.0,35613.0,2455.7429945054946,18.0,13.0,100.0,4.0,12.0,69.0,13.0,26.0,100.0,/mnt/d/AllFinalWork/project_sqa/GreyWolfOptimizer/Result_Round1/Compress/Compress-41b/GWO/org_apache_commons_compress_archivers_zip_ZipArchiveInputStream/terminal.log
Compress,Compress-42b,org_apache_commons_compress_archivers_zip_UnixStat,,,,,100.0,100.0,100.0,100.0,100.0,100.0,100.0,0.0,0.0,/mnt/d/AllFinalWork/project_sqa/GreyWolfOptimizer/Result_Round1/Compress/Compress-42b/GWO/org_apache_commons_compress_archivers_zip_UnixStat/terminal.log
Compress,Compress-42b,org_apache_commons_compress_archivers_zip_ZipArchiveEntry,124.0,76.0,39610.0,105.42763157242811,96.0,90.0,100.0,69.0,79.0,100.0,89.0,93.0,313.0,/mnt/d/AllFinalWork/project_sqa/GreyWolfOptimizer/Result_Round1/Compress/Compress-42b/GWO/org_apache_commons_compress_archivers_zip_ZipArchiveEntry/terminal.log
Compress,Compress-43b,org_apache_commons_compress_archivers_zip_ZipArchiveOutputStream,121.0,516.0,44186.0,3038.1979591836734,12.0,1.0,75.0,0.0,0.0,12.0,1.0,4.0,7.0,/mnt/d/AllFinalWork/project_sqa/GreyWolfOptimizer/Result_Round1/Compress/Compress-43b/GWO/org_apache_commons_compress_archivers_zip_ZipArchiveOutputStream/terminal.log
Compress,Compress-44b,org_apache_commons_compress_utils_ChecksumCalculatingInputStream,123.0,129.0,63947.0,2.076923076923077,100.0,100.0,100.0,98.0,87.0,100.0,100.0,24.0,123.0,/mnt/d/AllFinalWork/project_sqa/GreyWolfOptimizer/Result_Round1/Compress/Compress-44b/GWO/org_apache_commons_compress_utils_ChecksumCalculatingInputStream/terminal.log
Compress,Compress-45b,org_apache_commons_compress_archivers_tar_TarUtils,122.0,141.0,59974.0,742.4130650545801,67.0,65.0,100.0,17.0,38.0,100.0,62.0,60.0,126.0,/mnt/d/AllFinalWork/project_sqa/GreyWolfOptimizer/Result_Round1/Compress/Compress-45b/GWO/org_apache_commons_compress_archivers_tar_TarUtils/terminal.log
Compress,Compress-46b,org_apache_commons_compress_archivers_zip_X5455_ExtendedTimestamp,121.0,98.0,52652.0,61.39090909044343,99.0,93.0,100.0,66.0,74.0,100.0,93.0,69.0,246.0,/mnt/d/AllFinalWork/project_sqa/GreyWolfOptimizer/Result_Round1/Compress/Compress-46b/GWO/org_apache_commons_compress_archivers_zip_X5455_ExtendedTimestamp/terminal.log
Compress,Compress-47b,org_apache_commons_compress_archivers_zip_ZipArchiveInputStream,123.0,35.0,14529.0,2554.474593054912,17.0,12.0,100.0,4.0,11.0,69.0,12.0,22.0,66.0,/mnt/d/AllFinalWork/project_sqa/GreyWolfOptimizer/Result_Round1/Compress/Compress-47b/GWO/org_apache_commons_compress_archivers_zip_ZipArchiveInputStream/terminal.log
Compress,Compress-4b,org_apache_commons_lang3_text_translate_LookupTranslator,121.0,1879.0,680349.0,1.6666666666666665,100.0,100.0,100.0,73.0,67.0,100.0,100.0,9.0,83.0,/mnt/d/AllFinalWork/project_sqa/GreyWolfOptimizer/Result_Round1/Compress/Compress-4b/GWO/org_apache_commons_lang3_text_translate_LookupTranslator/terminal.log
Compress,Compress-5b,org_apache_commons_lang3_LocaleUtils,121.0,519.0,126664.0,119.4619038035743,55.0,55.0,100.0,34.0,10.0,100.0,55.0,23.0,30.0,/mnt/d/AllFinalWork/project_sqa/GreyWolfOptimizer/Result_Round1/Compress/Compress-5b/GWO/org_apache_commons_lang3_LocaleUtils/terminal.log
Compress,Compress-6b,org_apache_commons_lang3_text_translate_CharSequenceTranslator,121.0,1510.0,405828.0,6.257575757575758,93.0,100.0,100.0,50.0,64.0,100.0,100.0,17.0,67.0,/mnt/d/AllFinalWork/project_sqa/GreyWolfOptimizer/Result_Round1/Compress/Compress-6b/GWO/org_apache_commons_lang3_text_translate_CharSequenceTranslator/terminal.log
Compress,Compress-7b,org_apache_commons_lang3_math_NumberUtils,122.0,66.0,40665.0,579.5675800481861,90.0,76.0,100.0,56.0,66.0,100.0,76.0,176.0,283.0,/mnt/d/AllFinalWork/project_sqa/GreyWolfOptimizer/Result_Round1/Compress/Compress-7b/GWO/org_apache_commons_lang3_math_NumberUtils/terminal.log
Compress,Compress-8b,org_apache_commons_lang3_time_FastDatePrinter,124.0,63.0,21118.0,1087.7019805779014,70.0,72.0,100.0,2.0,49.0,34.0,72.0,81.0,330.0,/mnt/d/AllFinalWork/project_sqa/GreyWolfOptimizer/Result_Round1/Compress/Compress-8b/GWO/org_apache_commons_lang3_time_FastDatePrinter/terminal.log
Compress,Compress-9b,org_apache_commons_lang3_time_FastDateParser,121.0,74.0,22578.0,511.5363246901752,70.0,71.0,100.0,38.0,33.0,54.0,71.0,40.0,154.0,/mnt/d/AllFinalWork/project_sqa/GreyWolfOptimizer/Result_Round1/Compress/Compress-9b/GWO/org_apache_commons_lang3_time_FastDateParser/terminal.log
Csv,Csv-10b,org_apache_commons_csv_CSVPrinter,122.0,88.0,56394.0,172.10137574928257,92.0,81.0,100.0,29.0,50.0,100.0,76.0,39.0,231.0,/mnt/d/AllFinalWork/project_sqa/GreyWolfOptimizer/Result_Round1/Csv/Csv-10b/GWO/org_apache_commons_csv_CSVPrinter/terminal.log
Csv,Csv-11b,org_apache_commons_csv_CSVParser,125.0,87.0,36549.0,145.17450980130243,85.0,71.0,100.0,44.0,49.0,100.0,71.0,33.0,136.0,/mnt/d/AllFinalWork/project_sqa/GreyWolfOptimizer/Result_Round1/Csv/Csv-11b/GWO/org_apache_commons_csv_CSVParser/terminal.log
Csv,Csv-12b,org_apache_commons_csv_CSVFormat,121.0,58.0,42084.0,147.515873015873,90.0,87.0,100.0,47.0,88.0,100.0,87.0,139.0,438.0,/mnt/d/AllFinalWork/project_sqa/GreyWolfOptimizer/Result_Round1/Csv/Csv-12b/GWO/org_apache_commons_csv_CSVFormat/terminal.log
Csv,Csv-13b,org_apache_commons_csv_CSVFormat,121.0,55.0,36179.0,169.0314685296059,90.0,89.0,100.0,41.0,88.0,100.0,88.0,191.0,627.0,/mnt/d/AllFinalWork/project_sqa/GreyWolfOptimizer/Result_Round1/Csv/Csv-13b/GWO/org_apache_commons_csv_CSVFormat/terminal.log
Csv,Csv-13b,org_apache_commons_csv_CSVPrinter,122.0,94.0,49742.0,224.23663325271139,88.0,77.0,100.0,35.0,50.0,100.0,73.0,41.0,239.0,/mnt/d/AllFinalWork/project_sqa/GreyWolfOptimizer/Result_Round1/Csv/Csv-13b/GWO/org_apache_commons_csv_CSVPrinter/terminal.log
Csv,Csv-14b,org_apache_commons_csv_CSVFormat,122.0,39.0,25840.0,645.6750065736874,83.0,78.0,100.0,33.0,90.0,100.0,74.0,258.0,877.0,/mnt/d/AllFinalWork/project_sqa/GreyWolfOptimizer/Result_Round1/Csv/Csv-14b/GWO/org_apache_commons_csv_CSVFormat/terminal.log
Csv,Csv-15b,org_apache_commons_csv_CSVFormat,122.0,34.0,21880.0,731.2112096516331,83.0,76.0,100.0,31.0,87.0,100.0,73.0,257.0,834.0,/mnt/d/AllFinalWork/project_sqa/GreyWolfOptimizer/Result_Round1/Csv/Csv-15b/GWO/org_apache_commons_csv_CSVFormat/terminal.log
Csv,Csv-16b,org_apache_commons_csv_CSVParser,122.0,81.0,47249.0,150.79761904672318,84.0,73.0,100.0,48.0,49.0,100.0,73.0,44.0,182.0,/mnt/d/AllFinalWork/project_sqa/GreyWolfOptimizer/Result_Round1/Csv/Csv-16b/GWO/org_apache_commons_csv_CSVParser/terminal.log
Csv,Csv-1b,org_apache_commons_csv_ExtendedBufferedReader,121.0,743.0,213061.0,118.11832298136645,89.0,65.0,100.0,40.0,72.0,100.0,65.0,19.0,67.0,/mnt/d/AllFinalWork/project_sqa/GreyWolfOptimizer/Result_Round1/Csv/Csv-1b/GWO/org_apache_commons_csv_ExtendedBufferedReader/terminal.log
Csv,Csv-2b,org_apache_commons_csv_CSVRecord,121.0,814.0,384078.0,5.7,100.0,100.0,100.0,93.0,83.0,100.0,100.0,33.0,137.0,/mnt/d/AllFinalWork/project_sqa/GreyWolfOptimizer/Result_Round1/Csv/Csv-2b/GWO/org_apache_commons_csv_CSVRecord/terminal.log
Csv,Csv-3b,org_apache_commons_csv_Lexer,121.0,232.0,109597.0,26.166666666666664,97.0,92.0,100.0,70.0,86.0,100.0,92.0,35.0,235.0,/mnt/d/AllFinalWork/project_sqa/GreyWolfOptimizer/Result_Round1/Csv/Csv-3b/GWO/org_apache_commons_csv_Lexer/terminal.log
Csv,Csv-4b,org_apache_commons_csv_CSVParser,122.0,94.0,48799.0,77.9714285663006,91.0,81.0,100.0,49.0,49.0,100.0,81.0,31.0,139.0,/mnt/d/AllFinalWork/project_sqa/GreyWolfOptimizer/Result_Round1/Csv/Csv-4b/GWO/org_apache_commons_csv_CSVParser/terminal.log
Csv,Csv-5b,org_apache_commons_csv_CSVPrinter,121.0,100.0,71013.0,262.76504019545484,87.0,76.0,100.0,36.0,50.0,100.0,70.0,36.0,203.0,/mnt/d/AllFinalWork/project_sqa/GreyWolfOptimizer/Result_Round1/Csv/Csv-5b/GWO/org_apache_commons_csv_CSVPrinter/terminal.log
Csv,Csv-6b,org_apache_commons_csv_CSVRecord,121.0,415.0,207764.0,18.6,97.0,97.0,100.0,52.0,75.0,93.0,97.0,41.0,186.0,/mnt/d/AllFinalWork/project_sqa/GreyWolfOptimizer/Result_Round1/Csv/Csv-6b/GWO/org_apache_commons_csv_CSVRecord/terminal.log
Csv,Csv-7b,org_apache_commons_csv_CSVParser,122.0,120.0,51500.0,96.67777777727963,83.0,73.0,100.0,46.0,51.0,100.0,73.0,32.0,136.0,/mnt/d/AllFinalWork/project_sqa/GreyWolfOptimizer/Result_Round1/Csv/Csv-7b/GWO/org_apache_commons_csv_CSVParser/terminal.log
Csv,Csv-8b,org_apache_commons_csv_CSVFormat,121.0,59.0,47439.0,99.08333333333333,93.0,91.0,100.0,50.0,89.0,100.0,91.0,128.0,416.0,/mnt/d/AllFinalWork/project_sqa/GreyWolfOptimizer/Result_Round1/Csv/Csv-8b/GWO/org_apache_commons_csv_CSVFormat/terminal.log
Csv,Csv-9b,org_apache_commons_csv_CSVRecord,121.0,396.0,204360.0,18.11111111111111,97.0,97.0,100.0,58.0,75.0,93.0,97.0,44.0,200.0,/mnt/d/AllFinalWork/project_sqa/GreyWolfOptimizer/Result_Round1/Csv/Csv-9b/GWO/org_apache_commons_csv_CSVRecord/terminal.log
Gson,Gson-10b,com_google_gson_internal_bind_ReflectiveTypeAdapterFactory,123.0,104.0,33520.0,180.22727272727272,63.0,52.0,100.0,10.0,0.0,100.0,47.0,9.0,38.0,/mnt/d/AllFinalWork/project_sqa/GreyWolfOptimizer/Result_Round1/Gson/Gson-10b/GWO/com_google_gson_internal_bind_ReflectiveTypeAdapterFactory/terminal.log
Gson,Gson-11b,com_google_gson_internal_bind_TypeAdapters,121.0,69.0,44644.0,1247.4463503614827,30.0,31.0,100.0,10.0,50.0,71.0,30.0,28.0,125.0,/mnt/d/AllFinalWork/project_sqa/GreyWolfOptimizer/Result_Round1/Gson/Gson-11b/GWO/com_google_gson_internal_bind_TypeAdapters/terminal.log
Gson,Gson-12b,com_google_gson_internal_bind_JsonTreeReader,121.0,140.0,17212.0,289.3165429449292,78.0,80.0,100.0,33.0,52.0,100.0,79.0,62.0,207.0,/mnt/d/AllFinalWork/project_sqa/GreyWolfOptimizer/Result_Round1/Gson/Gson-12b/GWO/com_google_gson_internal_bind_JsonTreeReader/terminal.log
Gson,Gson-13b,com_google_gson_stream_JsonReader,121.0,37.0,6570.0,3498.7382591214723,41.0,39.0,100.0,3.0,19.0,100.0,37.0,75.0,261.0,/mnt/d/AllFinalWork/project_sqa/GreyWolfOptimizer/Result_Round1/Gson/Gson-13b/GWO/com_google_gson_stream_JsonReader/terminal.log
Gson,Gson-14b,com_google_gson_internal_$Gson$Types,125.0,83.0,31364.0,658.0605590062112,63.0,57.0,100.0,33.0,59.0,57.0,49.0,45.0,156.0,/mnt/d/AllFinalWork/project_sqa/GreyWolfOptimizer/Result_Round1/Gson/Gson-14b/GWO/com_google_gson_internal_$Gson$Types/terminal.log
Gson,Gson-15b,com_google_gson_stream_JsonWriter,121.0,99.0,28481.0,139.27037350706118,94.0,88.0,100.0,55.0,78.0,100.0,78.0,74.0,312.0,/mnt/d/AllFinalWork/project_sqa/GreyWolfOptimizer/Result_Round1/Gson/Gson-15b/GWO/com_google_gson_stream_JsonWriter/terminal.log
Gson,Gson-16b,com_google_gson_internal_$Gson$Types,124.0,92.0,33033.0,621.064874884152,67.0,60.0,100.0,37.0,59.0,57.0,43.0,50.0,173.0,/mnt/d/AllFinalWork/project_sqa/GreyWolfOptimizer/Result_Round1/Gson/Gson-16b/GWO/com_google_gson_internal_$Gson$Types/terminal.log
Gson,Gson-17b,com_google_gson_DefaultDateTypeAdapter,127.0,128.0,32376.0,23.805555555555557,93.0,87.0,100.0,70.0,40.0,100.0,87.0,24.0,87.0,/mnt/d/AllFinalWork/project_sqa/GreyWolfOptimizer/Result_Round1/Gson/Gson-17b/GWO/com_google_gson_DefaultDateTypeAdapter/terminal.log
Gson,Gson-18b,com_google_gson_internal_$Gson$Types,124.0,92.0,32271.0,645.5559139784946,63.0,60.0,100.0,38.0,59.0,57.0,44.0,52.0,170.0,/mnt/d/AllFinalWork/project_sqa/GreyWolfOptimizer/Result_Round1/Gson/Gson-18b/GWO/com_google_gson_internal_$Gson$Types/terminal.log
Gson,Gson-1b,com_google_gson_TypeInfoFactory,121.0,4738.0,218672.0,206.31159420289856,6.0,8.0,100.0,0.0,0.0,100.0,8.0,2.0,10.0,/mnt/d/AllFinalWork/project_sqa/GreyWolfOptimizer/Result_Round1/Gson/Gson-1b/GWO/com_google_gson_TypeInfoFactory/terminal.log
Gson,Gson-2b,com_google_gson_internal_bind_TypeAdapters,122.0,70.0,45007.0,1168.6961977179485,27.0,29.0,100.0,10.0,50.0,71.0,29.0,32.0,135.0,/mnt/d/AllFinalWork/project_sqa/GreyWolfOptimizer/Result_Round1/Gson/Gson-2b/GWO/com_google_gson_internal_bind_TypeAdapters/terminal.log
Gson,Gson-3b,com_google_gson_internal_ConstructorConstructor,122.0,292.0,0.0,320.98648648648646,0.0,0.0,100.0,0.0,0.0,0.0,0.0,0.0,0.0,/mnt/d/AllFinalWork/project_sqa/GreyWolfOptimizer/Result_Round1/Gson/Gson-3b/GWO/com_google_gson_internal_ConstructorConstructor/terminal.log
Gson,Gson-4b,com_google_gson_stream_JsonReader,121.0,41.0,7757.0,3759.4073657637173,36.0,33.0,100.0,3.0,18.0,100.0,32.0,73.0,257.0,/mnt/d/AllFinalWork/project_sqa/GreyWolfOptimizer/Result_Round1/Gson/Gson-4b/GWO/com_google_gson_stream_JsonReader/terminal.log
Gson,Gson-4b,com_google_gson_stream_JsonWriter,121.0,105.0,29870.0,147.10989879085892,94.0,86.0,100.0,53.0,86.0,100.0,77.0,66.0,289.0,/mnt/d/AllFinalWork/project_sqa/GreyWolfOptimizer/Result_Round1/Gson/Gson-4b/GWO/com_google_gson_stream_JsonWriter/terminal.log
Gson,Gson-5b,com_google_gson_internal_bind_util_ISO8601Utils,121.0,106.0,43879.0,180.7087719242545,88.0,74.0,100.0,42.0,36.0,100.0,74.0,20.0,42.0,/mnt/d/AllFinalWork/project_sqa/GreyWolfOptimizer/Result_Round1/Gson/Gson-5b/GWO/com_google_gson_internal_bind_util_ISO8601Utils/terminal.log
Gson,Gson-6b,com_google_gson_internal_bind_JsonAdapterAnnotationTypeAdapterFactory,122.0,382.0,165452.0,10.625,65.0,86.0,100.0,17.0,25.0,100.0,86.0,5.0,24.0,/mnt/d/AllFinalWork/project_sqa/GreyWolfOptimizer/Result_Round1/Gson/Gson-6b/GWO/com_google_gson_internal_bind_JsonAdapterAnnotationTypeAdapterFactory/terminal.log
Gson,Gson-7b,com_google_gson_stream_JsonReader,122.0,40.0,6376.0,3147.686797120627,47.0,44.0,100.0,7.0,29.0,100.0,43.0,81.0,286.0,/mnt/d/AllFinalWork/project_sqa/GreyWolfOptimizer/Result_Round1/Gson/Gson-7b/GWO/com_google_gson_stream_JsonReader/terminal.log
Gson,Gson-8b,com_google_gson_internal_UnsafeAllocator,,,,,,,,,,,,,,/mnt/d/AllFinalWork/project_sqa/GreyWolfOptimizer/Result_Round1/Gson/Gson-8b/GWO/com_google_gson_internal_UnsafeAllocator/terminal.log
Gson,Gson-9b,com_google_gson_internal_bind_JsonTreeWriter,121.0,323.0,86419.0,40.87142857142857,95.0,90.0,100.0,52.0,86.0,100.0,89.0,55.0,195.0,/mnt/d/AllFinalWork/project_sqa/GreyWolfOptimizer/Result_Round1/Gson/Gson-9b/GWO/com_google_gson_internal_bind_JsonTreeWriter/terminal.log
Gson,Gson-9b,com_google_gson_internal_bind_TypeAdapters,121.0,84.0,42401.0,1081.0588935543146,40.0,38.0,100.0,13.0,50.0,71.0,37.0,34.0,159.0,/mnt/d/AllFinalWork/project_sqa/GreyWolfOptimizer/Result_Round1/Gson/Gson-9b/GWO/com_google_gson_internal_bind_TypeAdapters/terminal.log
Gson,Gson-9b,com_google_gson_stream_JsonWriter,121.0,90.0,27555.0,150.24690859478048,94.0,86.0,100.0,44.0,83.0,100.0,76.0,64.0,265.0,/mnt/d/AllFinalWork/project_sqa/GreyWolfOptimizer/Result_Round1/Gson/Gson-9b/GWO/com_google_gson_stream_JsonWriter/terminal.log
JacksonCore,JacksonCore-10b,com_fasterxml_jackson_core_sym_ByteQuadsCanonicalizer,122.0,59.0,32312.0,4389.736012555508,70.0,41.0,100.0,11.0,50.0,100.0,38.0,83.0,252.0,/mnt/d/AllFinalWork/project_sqa/GreyWolfOptimizer/Result_Round1/JacksonCore/JacksonCore-10b/GWO/com_fasterxml_jackson_core_sym_ByteQuadsCanonicalizer/terminal.log
JacksonCore,JacksonCore-11b,com_fasterxml_jackson_core_sym_ByteQuadsCanonicalizer,122.0,58.0,26473.0,5315.98101657991,54.0,33.0,100.0,11.0,49.0,100.0,31.0,82.0,240.0,/mnt/d/AllFinalWork/project_sqa/GreyWolfOptimizer/Result_Round1/JacksonCore/JacksonCore-11b/GWO/com_fasterxml_jackson_core_sym_ByteQuadsCanonicalizer/terminal.log
JacksonCore,JacksonCore-12b,com_fasterxml_jackson_core_json_ReaderBasedJsonParser,122.0,42.0,30190.0,8454.70702866266,32.0,27.0,99.0,4.0,23.0,96.0,26.0,125.0,943.0,/mnt/d/AllFinalWork/project_sqa/GreyWolfOptimizer/Result_Round1/JacksonCore/JacksonCore-12b/GWO/com_fasterxml_jackson_core_json_ReaderBasedJsonParser/terminal.log
JacksonCore,JacksonCore-12b,com_fasterxml_jackson_core_json_UTF8StreamJsonParser,122.0,31.0,24050.0,12180.288547062992,22.0,18.0,100.0,3.0,21.0,95.0,18.0,126.0,1035.0,/mnt/d/AllFinalWork/project_sqa/GreyWolfOptimizer/Result_Round1/JacksonCore/JacksonCore-12b/GWO/com_fasterxml_jackson_core_json_UTF8StreamJsonParser/terminal.log
JacksonCore,JacksonCore-13b,com_fasterxml_jackson_core_json_JsonGeneratorImpl,124.0,157.0,86032.0,45.833333333333336,100.0,100.0,100.0,63.0,53.0,100.0,100.0,21.0,134.0,/mnt/d/AllFinalWork/project_sqa/GreyWolfOptimizer/Result_Round1/JacksonCore/JacksonCore-13b/GWO/com_fasterxml_jackson_core_json_JsonGeneratorImpl/terminal.log
JacksonCore,JacksonCore-14b,com_fasterxml_jackson_core_io_IOContext,121.0,247.0,118251.0,32.02777777777778,100.0,100.0,100.0,43.0,44.0,100.0,100.0,61.0,240.0,/mnt/d/AllFinalWork/project_sqa/GreyWolfOptimizer/Result_Round1/JacksonCore/JacksonCore-14b/GWO/com_fasterxml_jackson_core_io_IOContext/terminal.log
JacksonCore,JacksonCore-15b,com_fasterxml_jackson_core_filter_FilteringParserDelegate,122.0,96.0,42113.0,1635.516644295302,20.0,18.0,100.0,17.0,24.0,98.0,18.0,99.0,580.0,/mnt/d/AllFinalWork/project_sqa/GreyWolfOptimizer/Result_Round1/JacksonCore/JacksonCore-15b/GWO/com_fasterxml_jackson_core_filter_FilteringParserDelegate/terminal.log
JacksonCore,JacksonCore-16b,com_fasterxml_jackson_core_util_JsonParserSequence,121.0,677.0,281445.0,16.5625,100.0,96.0,100.0,86.0,60.0,100.0,96.0,26.0,201.0,/mnt/d/AllFinalWork/project_sqa/GreyWolfOptimizer/Result_Round1/JacksonCore/JacksonCore-16b/GWO/com_fasterxml_jackson_core_util_JsonParserSequence/terminal.log
JacksonCore,JacksonCore-17b,com_fasterxml_jackson_core_json_UTF8JsonGenerator,122.0,63.0,34678.0,8904.59361840842,46.0,42.0,100.0,8.0,29.0,91.0,40.0,122.0,785.0,/mnt/d/AllFinalWork/project_sqa/GreyWolfOptimizer/Result_Round1/JacksonCore/JacksonCore-17b/GWO/com_fasterxml_jackson_core_json_UTF8JsonGenerator/terminal.log
JacksonCore,JacksonCore-18b,com_fasterxml_jackson_core_base_GeneratorBase,121.0,131.0,77892.0,345.5642857142857,76.0,76.0,100.0,33.0,49.0,83.0,76.0,50.0,285.0,/mnt/d/AllFinalWork/project_sqa/GreyWolfOptimizer/Result_Round1/JacksonCore/JacksonCore-18b/GWO/com_fasterxml_jackson_core_base_GeneratorBase/terminal.log
JacksonCore,JacksonCore-18b,com_fasterxml_jackson_core_json_UTF8JsonGenerator,122.0,30.0,18820.0,9745.348320483121,39.0,33.0,100.0,5.0,21.0,91.0,32.0,81.0,487.0,/mnt/d/AllFinalWork/project_sqa/GreyWolfOptimizer/Result_Round1/JacksonCore/JacksonCore-18b/GWO/com_fasterxml_jackson_core_json_UTF8JsonGenerator/terminal.log
JacksonCore,JacksonCore-18b,com_fasterxml_jackson_core_json_WriterBasedJsonGenerator,121.0,70.0,37365.0,6301.000467024774,44.0,41.0,97.0,11.0,29.0,89.0,41.0,82.0,459.0,/mnt/d/AllFinalWork/project_sqa/GreyWolfOptimizer/Result_Round1/JacksonCore/JacksonCore-18b/GWO/com_fasterxml_jackson_core_json_WriterBasedJsonGenerator/terminal.log
JacksonCore,JacksonCore-19b,com_fasterxml_jackson_core_json_ReaderBasedJsonParser,122.0,44.0,38339.0,8876.062158822953,30.0,26.0,100.0,4.0,22.0,96.0,25.0,125.0,947.0,/mnt/d/AllFinalWork/project_sqa/GreyWolfOptimizer/Result_Round1/JacksonCore/JacksonCore-19b/GWO/com_fasterxml_jackson_core_json_ReaderBasedJsonParser/terminal.log
JacksonCore,JacksonCore-19b,com_fasterxml_jackson_core_json_UTF8StreamJsonParser,122.0,34.0,24307.0,11970.660594889843,27.0,22.0,100.0,1.0,16.0,95.0,22.0,134.0,1147.0,/mnt/d/AllFinalWork/project_sqa/GreyWolfOptimizer/Result_Round1/JacksonCore/JacksonCore-19b/GWO/com_fasterxml_jackson_core_json_UTF8StreamJsonParser/terminal.log
JacksonCore,JacksonCore-1b,com_fasterxml_jackson_core_io_NumberInput,121.0,113.0,39083.0,371.92040927425205,81.0,69.0,100.0,42.0,55.0,100.0,66.0,60.0,79.0,/mnt/d/AllFinalWork/project_sqa/GreyWolfOptimizer/Result_Round1/JacksonCore/JacksonCore-1b/GWO/com_fasterxml_jackson_core_io_NumberInput/terminal.log
JacksonCore,JacksonCore-1b,com_fasterxml_jackson_core_util_TextBuffer,122.0,70.0,40865.0,230.8499379785869,94.0,92.0,100.0,,49.0,100.0,92.0,72.0,315.0,/mnt/d/AllFinalWork/project_sqa/GreyWolfOptimizer/Result_Round1/JacksonCore/JacksonCore-1b/GWO/com_fasterxml_jackson_core_util_TextBuffer/terminal.log
JacksonCore,JacksonCore-20b,com_fasterxml_jackson_core_JsonGenerator,122.0,88.0,51959.0,783.7564874253343,46.0,48.0,98.0,29.0,39.0,80.0,48.0,143.0,801.0,/mnt/d/AllFinalWork/project_sqa/GreyWolfOptimizer/Result_Round1/JacksonCore/JacksonCore-20b/GWO/com_fasterxml_jackson_core_JsonGenerator/terminal.log
JacksonCore,JacksonCore-21b,com_fasterxml_jackson_core_filter_FilteringParserDelegate,122.0,96.0,46409.0,1608.9760702431754,23.0,24.0,100.0,19.0,30.0,100.0,24.0,113.0,748.0,/mnt/d/AllFinalWork/project_sqa/GreyWolfOptimizer/Result_Round1/JacksonCore/JacksonCore-21b/GWO/com_fasterxml_jackson_core_filter_FilteringParserDelegate/terminal.log
JacksonCore,JacksonCore-22b,com_fasterxml_jackson_core_filter_FilteringParserDelegate,121.0,95.0,40648.0,1629.9824727783632,24.0,24.0,100.0,18.0,28.0,100.0,23.0,105.0,715.0,/mnt/d/AllFinalWork/project_sqa/GreyWolfOptimizer/Result_Round1/JacksonCore/JacksonCore-22b/GWO/com_fasterxml_jackson_core_filter_FilteringParserDelegate/terminal.log
JacksonCore,JacksonCore-23b,com_fasterxml_jackson_core_util_DefaultPrettyPrinter,121.0,156.0,94855.0,14.55,99.0,100.0,100.0,26.0,50.0,100.0,100.0,53.0,251.0,/mnt/d/AllFinalWork/project_sqa/GreyWolfOptimizer/Result_Round1/JacksonCore/JacksonCore-23b/GWO/com_fasterxml_jackson_core_util_DefaultPrettyPrinter/terminal.log
JacksonCore,JacksonCore-24b,com_fasterxml_jackson_core_base_ParserBase,126.0,98.0,49328.0,8104.079908675799,26.0,18.0,100.0,3.0,22.0,47.0,18.0,40.0,254.0,/mnt/d/AllFinalWork/project_sqa/GreyWolfOptimizer/Result_Round1/JacksonCore/JacksonCore-24b/GWO/com_fasterxml_jackson_core_base_ParserBase/terminal.log
JacksonCore,JacksonCore-24b,com_fasterxml_jackson_core_base_ParserMinimalBase,123.0,57.0,39866.0,1439.0803524687872,33.0,22.0,100.0,27.0,29.0,57.0,22.0,53.0,381.0,/mnt/d/AllFinalWork/project_sqa/GreyWolfOptimizer/Result_Round1/JacksonCore/JacksonCore-24b/GWO/com_fasterxml_jackson_core_base_ParserMinimalBase/terminal.log
JacksonCore,JacksonCore-25b,com_fasterxml_jackson_core_json_ReaderBasedJsonParser,122.0,46.0,31226.0,10273.460517302854,28.0,25.0,100.0,4.0,25.0,94.0,25.0,133.0,1013.0,/mnt/d/AllFinalWork/project_sqa/GreyWolfOptimizer/Result_Round1/JacksonCore/JacksonCore-25b/GWO/com_fasterxml_jackson_core_json_ReaderBasedJsonParser/terminal.log
JacksonCore,JacksonCore-26b,com_fasterxml_jackson_core_json_async_NonBlockingJsonParser,,,,,,,,,,,,,,/mnt/d/AllFinalWork/project_sqa/GreyWolfOptimizer/Result_Round1/JacksonCore/JacksonCore-26b/GWO/com_fasterxml_jackson_core_json_async_NonBlockingJsonParser/terminal.log
JacksonCore,JacksonCore-2b,com_fasterxml_jackson_core_json_ReaderBasedJsonParser,122.0,53.0,29054.0,4939.755091228318,28.0,27.0,100.0,6.0,31.0,98.0,27.0,74.0,533.0,/mnt/d/AllFinalWork/project_sqa/GreyWolfOptimizer/Result_Round1/JacksonCore/JacksonCore-2b/GWO/com_fasterxml_jackson_core_json_ReaderBasedJsonParser/terminal.log
JacksonCore,JacksonCore-2b,com_fasterxml_jackson_core_json_UTF8StreamJsonParser,121.0,32.0,24638.0,8904.324855532146,21.0,19.0,100.0,3.0,26.0,96.0,19.0,112.0,898.0,/mnt/d/AllFinalWork/project_sqa/GreyWolfOptimizer/Result_Round1/JacksonCore/JacksonCore-2b/GWO/com_fasterxml_jackson_core_json_UTF8StreamJsonParser/terminal.log
JacksonCore,JacksonCore-3b,com_fasterxml_jackson_core_json_UTF8StreamJsonParser,121.0,39.0,28727.0,8598.53418007833,24.0,21.0,100.0,3.0,24.0,96.0,20.0,129.0,1078.0,/mnt/d/AllFinalWork/project_sqa/GreyWolfOptimizer/Result_Round1/JacksonCore/JacksonCore-3b/GWO/com_fasterxml_jackson_core_json_UTF8StreamJsonParser/terminal.log
JacksonCore,JacksonCore-4b,com_fasterxml_jackson_core_util_TextBuffer,121.0,84.0,33815.0,154.8997899648255,97.0,95.0,100.0,40.0,52.0,100.0,95.0,80.0,343.0,/mnt/d/AllFinalWork/project_sqa/GreyWolfOptimizer/Result_Round1/JacksonCore/JacksonCore-4b/GWO/com_fasterxml_jackson_core_util_TextBuffer/terminal.log
JacksonCore,JacksonCore-5b,com_fasterxml_jackson_core_JsonPointer,121.0,193.0,37409.0,85.41111111020237,95.0,93.0,100.0,65.0,54.0,100.0,91.0,47.0,76.0,/mnt/d/AllFinalWork/project_sqa/GreyWolfOptimizer/Result_Round1/JacksonCore/JacksonCore-5b/GWO/com_fasterxml_jackson_core_JsonPointer/terminal.log
JacksonCore,JacksonCore-6b,com_fasterxml_jackson_core_JsonPointer,121.0,172.0,38424.0,106.73214285248625,93.0,90.0,100.0,57.0,47.0,100.0,89.0,44.0,73.0,/mnt/d/AllFinalWork/project_sqa/GreyWolfOptimizer/Result_Round1/JacksonCore/JacksonCore-6b/GWO/com_fasterxml_jackson_core_JsonPointer/terminal.log
JacksonCore,JacksonCore-7b,com_fasterxml_jackson_core_json_JsonWriteContext,125.0,342.0,149152.0,51.75,100.0,100.0,100.0,92.0,57.0,100.0,100.0,36.0,135.0,/mnt/d/AllFinalWork/project_sqa/GreyWolfOptimizer/Result_Round1/JacksonCore/JacksonCore-7b/GWO/com_fasterxml_jackson_core_json_JsonWriteContext/terminal.log
JacksonCore,JacksonCore-8b,com_fasterxml_jackson_core_util_TextBuffer,122.0,75.0,38793.0,302.06973873219755,92.0,90.0,100.0,37.0,59.0,100.0,90.0,81.0,340.0,/mnt/d/AllFinalWork/project_sqa/GreyWolfOptimizer/Result_Round1/JacksonCore/JacksonCore-8b/GWO/com_fasterxml_jackson_core_util_TextBuffer/terminal.log
JacksonCore,JacksonCore-9b,com_fasterxml_jackson_core_base_ParserMinimalBase,121.0,71.0,58081.0,1202.5348480237556,36.0,20.0,100.0,26.0,34.0,68.0,20.0,61.0,412.0,/mnt/d/AllFinalWork/project_sqa/GreyWolfOptimizer/Result_Round1/JacksonCore/JacksonCore-9b/GWO/com_fasterxml_jackson_core_base_ParserMinimalBase/terminal.log
JacksonCore,JacksonCore-9b,com_fasterxml_jackson_core_json_ReaderBasedJsonParser,122.0,54.0,38102.0,6607.965566814288,33.0,28.0,100.0,3.0,19.0,93.0,28.0,122.0,913.0,/mnt/d/AllFinalWork/project_sqa/GreyWolfOptimizer/Result_Round1/JacksonCore/JacksonCore-9b/GWO/com_fasterxml_jackson_core_json_ReaderBasedJsonParser/terminal.log
JacksonCore,JacksonCore-9b,com_fasterxml_jackson_core_json_UTF8StreamJsonParser,121.0,32.0,23181.0,10628.08868969445,24.0,20.0,100.0,3.0,19.0,93.0,20.0,134.0,1118.0,/mnt/d/AllFinalWork/project_sqa/GreyWolfOptimizer/Result_Round1/JacksonCore/JacksonCore-9b/GWO/com_fasterxml_jackson_core_json_UTF8StreamJsonParser/terminal.log
JacksonDatabind,JacksonDatabind-100b,com_fasterxml_jackson_databind_node_TreeTraversingParser,121.0,129.0,68159.0,195.50882352941176,86.0,82.0,100.0,55.0,60.0,100.0,82.0,97.0,467.0,/mnt/d/AllFinalWork/project_sqa/GreyWolfOptimizer/Result_Round1/JacksonDatabind/JacksonDatabind-100b/GWO/com_fasterxml_jackson_databind_node_TreeTraversingParser/terminal.log
JacksonDatabind,JacksonDatabind-101b,com_fasterxml_jackson_databind_deser_BeanDeserializer,122.0,408.0,122611.0,1650.1735958485958,2.0,7.0,100.0,0.0,0.0,23.0,5.0,8.0,25.0,/mnt/d/AllFinalWork/project_sqa/GreyWolfOptimizer/Result_Round1/JacksonDatabind/JacksonDatabind-101b/GWO/com_fasterxml_jackson_databind_deser_BeanDeserializer/terminal.log
JacksonDatabind,JacksonDatabind-102b,com_fasterxml_jackson_databind_ser_std_DateTimeSerializerBase,126.0,362.0,170277.0,154.06875,56.0,48.0,100.0,44.0,41.0,67.0,48.0,20.0,122.0,/mnt/d/AllFinalWork/project_sqa/GreyWolfOptimizer/Result_Round1/JacksonDatabind/JacksonDatabind-102b/GWO/com_fasterxml_jackson_databind_ser_std_DateTimeSerializerBase/terminal.log
JacksonDatabind,JacksonDatabind-103b,com_fasterxml_jackson_databind_DatabindContext,,,,,,,,,,,,,,/mnt/d/AllFinalWork/project_sqa/GreyWolfOptimizer/Result_Round1/JacksonDatabind/JacksonDatabind-103b/GWO/com_fasterxml_jackson_databind_DatabindContext/terminal.log
JacksonDatabind,JacksonDatabind-103b,com_fasterxml_jackson_databind_DeserializationContext,121.0,56.0,36951.0,1173.5074619904858,60.0,46.0,100.0,18.0,16.0,91.0,41.0,119.0,675.0,/mnt/d/AllFinalWork/project_sqa/GreyWolfOptimizer/Result_Round1/JacksonDatabind/JacksonDatabind-103b/GWO/com_fasterxml_jackson_databind_DeserializationContext/terminal.log
JacksonDatabind,JacksonDatabind-103b,com_fasterxml_jackson_databind_deser_BasicDeserializerFactory,,,,,,,,,,,,,,/mnt/d/AllFinalWork/project_sqa/GreyWolfOptimizer/Result_Round1/JacksonDatabind/JacksonDatabind-103b/GWO/com_fasterxml_jackson_databind_deser_BasicDeserializerFactory/terminal.log
JacksonDatabind,JacksonDatabind-103b,com_fasterxml_jackson_databind_deser_BeanDeserializerFactory,121.0,125.0,79622.0,605.3774853801169,52.0,47.0,95.0,20.0,9.0,95.0,42.0,30.0,210.0,/mnt/d/AllFinalWork/project_sqa/GreyWolfOptimizer/Result_Round1/JacksonDatabind/JacksonDatabind-103b/GWO/com_fasterxml_jackson_databind_deser_BeanDeserializerFactory/terminal.log
JacksonDatabind,JacksonDatabind-103b,com_fasterxml_jackson_databind_deser_DeserializerCache,,,,,,,,,,,,,,/mnt/d/AllFinalWork/project_sqa/GreyWolfOptimizer/Result_Round1/JacksonDatabind/JacksonDatabind-103b/GWO/com_fasterxml_jackson_databind_deser_DeserializerCache/terminal.log
JacksonDatabind,JacksonDatabind-103b,com_fasterxml_jackson_databind_deser_SettableAnyProperty,121.0,446.0,255581.0,115.54285714285714,54.0,61.0,100.0,13.0,61.0,93.0,61.0,26.0,277.0,/mnt/d/AllFinalWork/project_sqa/GreyWolfOptimizer/Result_Round1/JacksonDatabind/JacksonDatabind-103b/GWO/com_fasterxml_jackson_databind_deser_SettableAnyProperty/terminal.log
JacksonDatabind,JacksonDatabind-103b,com_fasterxml_jackson_databind_deser_SettableBeanProperty,,,,,,,,,,,,,,/mnt/d/AllFinalWork/project_sqa/GreyWolfOptimizer/Result_Round1/JacksonDatabind/JacksonDatabind-103b/GWO/com_fasterxml_jackson_databind_deser_SettableBeanProperty/terminal.log
JacksonDatabind,JacksonDatabind-103b,com_fasterxml_jackson_databind_deser_std_StdDeserializer,121.0,14.0,10526.0,1959.383297053585,34.0,29.0,100.0,10.0,12.0,67.0,29.0,55.0,278.0,/mnt/d/AllFinalWork/project_sqa/GreyWolfOptimizer/Result_Round1/JacksonDatabind/JacksonDatabind-103b/GWO/com_fasterxml_jackson_databind_deser_std_StdDeserializer/terminal.log
JacksonDatabind,JacksonDatabind-103b,com_fasterxml_jackson_databind_deser_std_StdKeyDeserializer,122.0,23.0,10983.0,371.0462294316382,58.0,69.0,100.0,25.0,39.0,86.0,67.0,36.0,139.0,/mnt/d/AllFinalWork/project_sqa/GreyWolfOptimizer/Result_Round1/JacksonDatabind/JacksonDatabind-103b/GWO/com_fasterxml_jackson_databind_deser_std_StdKeyDeserializer/terminal.log
JacksonDatabind,JacksonDatabind-103b,com_fasterxml_jackson_databind_deser_std_StdValueInstantiator,121.0,111.0,63576.0,607.5477987421384,68.0,65.0,100.0,9.0,33.0,100.0,65.0,55.0,232.0,/mnt/d/AllFinalWork/project_sqa/GreyWolfOptimizer/Result_Round1/JacksonDatabind/JacksonDatabind-103b/GWO/com_fasterxml_jackson_databind_deser_std_StdValueInstantiator/terminal.log
JacksonDatabind,JacksonDatabind-103b,com_fasterxml_jackson_databind_introspect_BasicBeanDescription,122.0,102.0,54216.0,787.0490195982826,59.0,46.0,100.0,21.0,15.0,93.0,46.0,53.0,130.0,/mnt/d/AllFinalWork/project_sqa/GreyWolfOptimizer/Result_Round1/JacksonDatabind/JacksonDatabind-103b/GWO/com_fasterxml_jackson_databind_introspect_BasicBeanDescription/terminal.log
JacksonDatabind,JacksonDatabind-103b,com_fasterxml_jackson_databind_JsonMappingException,121.0,135.0,83589.0,66.25113784813183,95.0,90.0,100.0,72.0,51.0,100.0,90.0,58.0,235.0,/mnt/d/AllFinalWork/project_sqa/GreyWolfOptimizer/Result_Round1/JacksonDatabind/JacksonDatabind-103b/GWO/com_fasterxml_jackson_databind_JsonMappingException/terminal.log
JacksonDatabind,JacksonDatabind-103b,com_fasterxml_jackson_databind_SerializerProvider,122.0,50.0,22675.0,674.5027486256872,77.0,61.0,98.0,25.0,25.0,96.0,59.0,115.0,478.0,/mnt/d/AllFinalWork/project_sqa/GreyWolfOptimizer/Result_Round1/JacksonDatabind/JacksonDatabind-103b/GWO/com_fasterxml_jackson_databind_SerializerProvider/terminal.log
JacksonDatabind,JacksonDatabind-103b,com_fasterxml_jackson_databind_ser_DefaultSerializerProvider,121.0,131.0,61204.0,457.0387694900969,46.0,48.0,100.0,15.0,25.0,100.0,48.0,40.0,180.0,/mnt/d/AllFinalWork/project_sqa/GreyWolfOptimizer/Result_Round1/JacksonDatabind/JacksonDatabind-103b/GWO/com_fasterxml_jackson_databind_ser_DefaultSerializerProvider/terminal.log
JacksonDatabind,JacksonDatabind-103b,com_fasterxml_jackson_databind_ser_PropertyBuilder,,,,,,,,,,,,,,/mnt/d/AllFinalWork/project_sqa/GreyWolfOptimizer/Result_Round1/JacksonDatabind/JacksonDatabind-103b/GWO/com_fasterxml_jackson_databind_ser_PropertyBuilder/terminal.log
JacksonDatabind,JacksonDatabind-103b,com_fasterxml_jackson_databind_util_ClassUtil,,,,,,,,,,,,,,/mnt/d/AllFinalWork/project_sqa/GreyWolfOptimizer/Result_Round1/JacksonDatabind/JacksonDatabind-103b/GWO/com_fasterxml_jackson_databind_util_ClassUtil/terminal.log
JacksonDatabind,JacksonDatabind-104b,com_fasterxml_jackson_databind_util_StdDateFormat,121.0,90.0,33690.0,232.5289082450925,82.0,80.0,100.0,29.0,57.0,100.0,79.0,72.0,317.0,/mnt/d/AllFinalWork/project_sqa/GreyWolfOptimizer/Result_Round1/JacksonDatabind/JacksonDatabind-104b/GWO/com_fasterxml_jackson_databind_util_StdDateFormat/terminal.log
JacksonDatabind,JacksonDatabind-105b,com_fasterxml_jackson_databind_deser_std_JdkDeserializers,121.0,5217.0,1134865.0,5.0,93.0,92.0,100.0,100.0,67.0,100.0,92.0,7.0,13.0,/mnt/d/AllFinalWork/project_sqa/GreyWolfOptimizer/Result_Round1/JacksonDatabind/JacksonDatabind-105b/GWO/com_fasterxml_jackson_databind_deser_std_JdkDeserializers/terminal.log
JacksonDatabind,JacksonDatabind-106b,com_fasterxml_jackson_databind_node_TreeTraversingParser,121.0,105.0,54416.0,183.50882352941176,84.0,82.0,100.0,54.0,62.0,100.0,82.0,100.0,494.0,/mnt/d/AllFinalWork/project_sqa/GreyWolfOptimizer/Result_Round1/JacksonDatabind/JacksonDatabind-106b/GWO/com_fasterxml_jackson_databind_node_TreeTraversingParser/terminal.log
JacksonDatabind,JacksonDatabind-107b,com_fasterxml_jackson_databind_jsontype_impl_TypeDeserializerBase,121.0,227.0,136465.0,205.03344481605353,71.0,52.0,100.0,28.0,39.0,100.0,52.0,34.0,267.0,/mnt/d/AllFinalWork/project_sqa/GreyWolfOptimizer/Result_Round1/JacksonDatabind/JacksonDatabind-107b/GWO/com_fasterxml_jackson_databind_jsontype_impl_TypeDeserializerBase/terminal.log
JacksonDatabind,JacksonDatabind-108b,com_fasterxml_jackson_databind_ObjectReader,122.0,51.0,35365.0,1055.0025403028822,74.0,64.0,100.0,15.0,34.0,88.0,63.0,164.0,1053.0,/mnt/d/AllFinalWork/project_sqa/GreyWolfOptimizer/Result_Round1/JacksonDatabind/JacksonDatabind-108b/GWO/com_fasterxml_jackson_databind_ObjectReader/terminal.log
JacksonDatabind,JacksonDatabind-109b,com_fasterxml_jackson_databind_ser_std_NumberSerializer,122.0,708.0,310223.0,31.166666666666664,97.0,90.0,100.0,38.0,46.0,100.0,90.0,16.0,114.0,/mnt/d/AllFinalWork/project_sqa/GreyWolfOptimizer/Result_Round1/JacksonDatabind/JacksonDatabind-109b/GWO/com_fasterxml_jackson_databind_ser_std_NumberSerializer/terminal.log
JacksonDatabind,JacksonDatabind-109b,com_fasterxml_jackson_databind_ser_std_NumberSerializers,125.0,419.0,216690.0,21.0,75.0,84.0,100.0,7.0,100.0,95.0,84.0,14.0,111.0,/mnt/d/AllFinalWork/project_sqa/GreyWolfOptimizer/Result_Round1/JacksonDatabind/JacksonDatabind-109b/GWO/com_fasterxml_jackson_databind_ser_std_NumberSerializers/terminal.log
JacksonDatabind,JacksonDatabind-10b,com_fasterxml_jackson_databind_ser_AnyGetterWriter,,,,,,,,,,,,,,/mnt/d/AllFinalWork/project_sqa/GreyWolfOptimizer/Result_Round1/JacksonDatabind/JacksonDatabind-10b/GWO/com_fasterxml_jackson_databind_ser_AnyGetterWriter/terminal.log
JacksonDatabind,JacksonDatabind-10b,com_fasterxml_jackson_databind_ser_BeanSerializerFactory,,,,,,,,,,,,,,/mnt/d/AllFinalWork/project_sqa/GreyWolfOptimizer/Result_Round1/JacksonDatabind/JacksonDatabind-10b/GWO/com_fasterxml_jackson_databind_ser_BeanSerializerFactory/terminal.log
JacksonDatabind,JacksonDatabind-110b,com_fasterxml_jackson_databind_deser_impl_JavaUtilCollectionsDeserializers,,,,,,,,,,,,,,/mnt/d/AllFinalWork/project_sqa/GreyWolfOptimizer/Result_Round1/JacksonDatabind/JacksonDatabind-110b/GWO/com_fasterxml_jackson_databind_deser_impl_JavaUtilCollectionsDeserializers/terminal.log
JacksonDatabind,JacksonDatabind-111b,com_fasterxml_jackson_databind_deser_CreatorProperty,,,,,,,,,,,,,,/mnt/d/AllFinalWork/project_sqa/GreyWolfOptimizer/Result_Round1/JacksonDatabind/JacksonDatabind-111b/GWO/com_fasterxml_jackson_databind_deser_CreatorProperty/terminal.log
JacksonDatabind,JacksonDatabind-111b,com_fasterxml_jackson_databind_deser_impl_FieldProperty,,,,,,,,,,,,,,/mnt/d/AllFinalWork/project_sqa/GreyWolfOptimizer/Result_Round1/JacksonDatabind/JacksonDatabind-111b/GWO/com_fasterxml_jackson_databind_deser_impl_FieldProperty/terminal.log
JacksonDatabind,JacksonDatabind-111b,com_fasterxml_jackson_databind_deser_impl_MethodProperty,,,,,,,,,,,,,,/mnt/d/AllFinalWork/project_sqa/GreyWolfOptimizer/Result_Round1/JacksonDatabind/JacksonDatabind-111b/GWO/com_fasterxml_jackson_databind_deser_impl_MethodProperty/terminal.log
JacksonDatabind,JacksonDatabind-111b,com_fasterxml_jackson_databind_deser_impl_ObjectIdReferenceProperty,,,,,,,,,,,,,,/mnt/d/AllFinalWork/project_sqa/GreyWolfOptimizer/Result_Round1/JacksonDatabind/JacksonDatabind-111b/GWO/com_fasterxml_jackson_databind_deser_impl_ObjectIdReferenceProperty/terminal.log
JacksonDatabind,JacksonDatabind-111b,com_fasterxml_jackson_databind_deser_impl_ObjectIdValueProperty,,,,,,,,,,,,,,/mnt/d/AllFinalWork/project_sqa/GreyWolfOptimizer/Result_Round1/JacksonDatabind/JacksonDatabind-111b/GWO/com_fasterxml_jackson_databind_deser_impl_ObjectIdValueProperty/terminal.log
JacksonDatabind,JacksonDatabind-111b,com_fasterxml_jackson_databind_deser_impl_SetterlessProperty,,,,,,,,,,,,,,/mnt/d/AllFinalWork/project_sqa/GreyWolfOptimizer/Result_Round1/JacksonDatabind/JacksonDatabind-111b/GWO/com_fasterxml_jackson_databind_deser_impl_SetterlessProperty/terminal.log
JacksonDatabind,JacksonDatabind-111b,com_fasterxml_jackson_databind_deser_std_AtomicReferenceDeserializer,121.0,813.0,413151.0,8.2,100.0,100.0,50.0,0.0,50.0,100.0,100.0,9.0,91.0,/mnt/d/AllFinalWork/project_sqa/GreyWolfOptimizer/Result_Round1/JacksonDatabind/JacksonDatabind-111b/GWO/com_fasterxml_jackson_databind_deser_std_AtomicReferenceDeserializer/terminal.log
JacksonDatabind,JacksonDatabind-112b,com_fasterxml_jackson_databind_deser_std_StringCollectionDeserializer,121.0,109.0,83589.0,215.62244897959184,45.0,52.0,100.0,24.0,45.0,100.0,52.0,20.0,180.0,/mnt/d/AllFinalWork/project_sqa/GreyWolfOptimizer/Result_Round1/JacksonDatabind/JacksonDatabind-112b/GWO/com_fasterxml_jackson_databind_deser_std_StringCollectionDeserializer/terminal.log
JacksonDatabind,JacksonDatabind-11b,com_fasterxml_jackson_databind_type_TypeFactory,121.0,61.0,30610.0,1006.8631295533735,74.0,70.0,100.0,35.0,52.0,98.0,67.0,134.0,663.0,/mnt/d/AllFinalWork/project_sqa/GreyWolfOptimizer/Result_Round1/JacksonDatabind/JacksonDatabind-11b/GWO/com_fasterxml_jackson_databind_type_TypeFactory/terminal.log
JacksonDatabind,JacksonDatabind-12b,com_fasterxml_jackson_databind_deser_std_MapDeserializer,121.0,143.0,91462.0,677.0465340179718,38.0,33.0,100.0,24.0,43.0,84.0,33.0,43.0,416.0,/mnt/d/AllFinalWork/project_sqa/GreyWolfOptimizer/Result_Round1/JacksonDatabind/JacksonDatabind-12b/GWO/com_fasterxml_jackson_databind_deser_std_MapDeserializer/terminal.log
JacksonDatabind,JacksonDatabind-13b,com_fasterxml_jackson_databind_deser_DefaultDeserializationContext,,,,,,,,,,,,,,/mnt/d/AllFinalWork/project_sqa/GreyWolfOptimizer/Result_Round1/JacksonDatabind/JacksonDatabind-13b/GWO/com_fasterxml_jackson_databind_deser_DefaultDeserializationContext/terminal.log
JacksonDatabind,JacksonDatabind-13b,com_fasterxml_jackson_databind_deser_impl_ObjectIdValueProperty,,,,,,,,,,,,,,/mnt/d/AllFinalWork/project_sqa/GreyWolfOptimizer/Result_Round1/JacksonDatabind/JacksonDatabind-13b/GWO/com_fasterxml_jackson_databind_deser_impl_ObjectIdValueProperty/terminal.log
JacksonDatabind,JacksonDatabind-14b,com_fasterxml_jackson_databind_ObjectReader,,,,,,,,,,,,,,/mnt/d/AllFinalWork/project_sqa/GreyWolfOptimizer/Result_Round1/JacksonDatabind/JacksonDatabind-14b/GWO/com_fasterxml_jackson_databind_ObjectReader/terminal.log
JacksonDatabind,JacksonDatabind-15b,com_fasterxml_jackson_databind_JavaType,121.0,124.0,73086.0,177.45192307692307,89.0,85.0,100.0,49.0,70.0,100.0,85.0,108.0,591.0,/mnt/d/AllFinalWork/project_sqa/GreyWolfOptimizer/Result_Round1/JacksonDatabind/JacksonDatabind-15b/GWO/com_fasterxml_jackson_databind_JavaType/terminal.log
JacksonDatabind,JacksonDatabind-15b,com_fasterxml_jackson_databind_ser_BeanSerializerFactory,,,,,,,,,,,,,,/mnt/d/AllFinalWork/project_sqa/GreyWolfOptimizer/Result_Round1/JacksonDatabind/JacksonDatabind-15b/GWO/com_fasterxml_jackson_databind_ser_BeanSerializerFactory/terminal.log
JacksonDatabind,JacksonDatabind-15b,com_fasterxml_jackson_databind_ser_std_BeanSerializerBase,,,,,,,,,,,,,,/mnt/d/AllFinalWork/project_sqa/GreyWolfOptimizer/Result_Round1/JacksonDatabind/JacksonDatabind-15b/GWO/com_fasterxml_jackson_databind_ser_std_BeanSerializerBase/terminal.log
JacksonDatabind,JacksonDatabind-15b,com_fasterxml_jackson_databind_ser_std_StdDelegatingSerializer,,,,,,,,,,,,,,/mnt/d/AllFinalWork/project_sqa/GreyWolfOptimizer/Result_Round1/JacksonDatabind/JacksonDatabind-15b/GWO/com_fasterxml_jackson_databind_ser_std_StdDelegatingSerializer/terminal.log
JacksonDatabind,JacksonDatabind-15b,com_fasterxml_jackson_databind_ser_std_StdSerializer,,,,,,,,,,,,,,/mnt/d/AllFinalWork/project_sqa/GreyWolfOptimizer/Result_Round1/JacksonDatabind/JacksonDatabind-15b/GWO/com_fasterxml_jackson_databind_ser_std_StdSerializer/terminal.log
JacksonDatabind,JacksonDatabind-16b,com_fasterxml_jackson_databind_introspect_AnnotationMap,,,,,,,,,,,,,,/mnt/d/AllFinalWork/project_sqa/GreyWolfOptimizer/Result_Round1/JacksonDatabind/JacksonDatabind-16b/GWO/com_fasterxml_jackson_databind_introspect_AnnotationMap/terminal.log
JacksonDatabind,JacksonDatabind-17b,com_fasterxml_jackson_databind_ObjectMapper,121.0,38.0,22935.0,1332.0045945945944,70.0,62.0,100.0,21.0,24.0,95.0,62.0,234.0,1074.0,/mnt/d/AllFinalWork/project_sqa/GreyWolfOptimizer/Result_Round1/JacksonDatabind/JacksonDatabind-17b/GWO/com_fasterxml_jackson_databind_ObjectMapper/terminal.log
JacksonDatabind,JacksonDatabind-18b,com_fasterxml_jackson_databind_MappingIterator,121.0,105.0,54720.0,49.78846153846154,96.0,93.0,100.0,55.0,58.0,100.0,82.0,46.0,350.0,/mnt/d/AllFinalWork/project_sqa/GreyWolfOptimizer/Result_Round1/JacksonDatabind/JacksonDatabind-18b/GWO/com_fasterxml_jackson_databind_MappingIterator/terminal.log
JacksonDatabind,JacksonDatabind-19b,com_fasterxml_jackson_databind_type_TypeFactory,407.0,50.0,29738.0,1261.3665704665705,68.0,60.0,100.0,34.0,52.0,98.0,57.0,140.0,715.0,/mnt/d/AllFinalWork/project_sqa/GreyWolfOptimizer/Result_Round1/JacksonDatabind/JacksonDatabind-19b/GWO/com_fasterxml_jackson_databind_type_TypeFactory/terminal.log
JacksonDatabind,JacksonDatabind-1b,com_fasterxml_jackson_databind_ser_BeanPropertyWriter,,,,,,,,,,,,,,/mnt/d/AllFinalWork/project_sqa/GreyWolfOptimizer/Result_Round1/JacksonDatabind/JacksonDatabind-1b/GWO/com_fasterxml_jackson_databind_ser_BeanPropertyWriter/terminal.log
JacksonDatabind,JacksonDatabind-20b,com_fasterxml_jackson_databind_node_ObjectNode,,,,,,,,,,,,,,/mnt/d/AllFinalWork/project_sqa/GreyWolfOptimizer/Result_Round1/JacksonDatabind/JacksonDatabind-20b/GWO/com_fasterxml_jackson_databind_node_ObjectNode/terminal.log
JacksonDatabind,JacksonDatabind-21b,com_fasterxml_jackson_databind_introspect_JacksonAnnotationIntrospector,,,,,,,,,,,,,,/mnt/d/AllFinalWork/project_sqa/GreyWolfOptimizer/Result_Round1/JacksonDatabind/JacksonDatabind-21b/GWO/com_fasterxml_jackson_databind_introspect_JacksonAnnotationIntrospector/terminal.log
JacksonDatabind,JacksonDatabind-22b,com_fasterxml_jackson_databind_ser_BasicSerializerFactory,,,,,,,,,,,,,,/mnt/d/AllFinalWork/project_sqa/GreyWolfOptimizer/Result_Round1/JacksonDatabind/JacksonDatabind-22b/GWO/com_fasterxml_jackson_databind_ser_BasicSerializerFactory/terminal.log
JacksonDatabind,JacksonDatabind-22b,com_fasterxml_jackson_databind_ser_BeanSerializerFactory,,,,,,,,,,,,,,/mnt/d/AllFinalWork/project_sqa/GreyWolfOptimizer/Result_Round1/JacksonDatabind/JacksonDatabind-22b/GWO/com_fasterxml_jackson_databind_ser_BeanSerializerFactory/terminal.log
JacksonDatabind,JacksonDatabind-23b,com_fasterxml_jackson_databind_ser_std_NumberSerializers,,,,,,,,,,,,,,/mnt/d/AllFinalWork/project_sqa/GreyWolfOptimizer/Result_Round1/JacksonDatabind/JacksonDatabind-23b/GWO/com_fasterxml_jackson_databind_ser_std_NumberSerializers/terminal.log
JacksonDatabind,JacksonDatabind-24b,com_fasterxml_jackson_databind_cfg_BaseSettings,927.0,1.0,0.0,399.9852941176471,0.0,0.0,100.0,,0.0,0.0,0.0,0.0,0.0,/mnt/d/AllFinalWork/project_sqa/GreyWolfOptimizer/Result_Round1/JacksonDatabind/JacksonDatabind-24b/GWO/com_fasterxml_jackson_databind_cfg_BaseSettings/terminal.log
JacksonDatabind,JacksonDatabind-25b,com_fasterxml_jackson_databind_deser_BasicDeserializerFactory,,,,,,,,,,,,,,/mnt/d/AllFinalWork/project_sqa/GreyWolfOptimizer/Result_Round1/JacksonDatabind/JacksonDatabind-25b/GWO/com_fasterxml_jackson_databind_deser_BasicDeserializerFactory/terminal.log
JacksonDatabind,JacksonDatabind-25b,com_fasterxml_jackson_databind_deser_DeserializerCache,,,,,,,,,,,,,,/mnt/d/AllFinalWork/project_sqa/GreyWolfOptimizer/Result_Round1/JacksonDatabind/JacksonDatabind-25b/GWO/com_fasterxml_jackson_databind_deser_DeserializerCache/terminal.log
JacksonDatabind,JacksonDatabind-25b,com_fasterxml_jackson_databind_jsontype_impl_TypeDeserializerBase,123.0,358.0,238047.0,138.0611111111111,73.0,53.0,100.0,14.0,39.0,100.0,53.0,23.0,200.0,/mnt/d/AllFinalWork/project_sqa/GreyWolfOptimizer/Result_Round1/JacksonDatabind/JacksonDatabind-25b/GWO/com_fasterxml_jackson_databind_jsontype_impl_TypeDeserializerBase/terminal.log
JacksonDatabind,JacksonDatabind-25b,com_fasterxml_jackson_databind_module_SimpleAbstractTypeResolver,121.0,1248.0,315793.0,39.25,100.0,100.0,100.0,50.0,37.0,100.0,100.0,12.0,71.0,/mnt/d/AllFinalWork/project_sqa/GreyWolfOptimizer/Result_Round1/JacksonDatabind/JacksonDatabind-25b/GWO/com_fasterxml_jackson_databind_module_SimpleAbstractTypeResolver/terminal.log
JacksonDatabind,JacksonDatabind-26b,com_fasterxml_jackson_databind_ser_BeanPropertyWriter,,,,,,,,,,,,,,/mnt/d/AllFinalWork/project_sqa/GreyWolfOptimizer/Result_Round1/JacksonDatabind/JacksonDatabind-26b/GWO/com_fasterxml_jackson_databind_ser_BeanPropertyWriter/terminal.log
JacksonDatabind,JacksonDatabind-27b,com_fasterxml_jackson_databind_deser_BeanDeserializer,,,,,,,,,,,,,,/mnt/d/AllFinalWork/project_sqa/GreyWolfOptimizer/Result_Round1/JacksonDatabind/JacksonDatabind-27b/GWO/com_fasterxml_jackson_databind_deser_BeanDeserializer/terminal.log
JacksonDatabind,JacksonDatabind-28b,com_fasterxml_jackson_databind_deser_std_JsonNodeDeserializer,121.0,788.0,301130.0,78.85714285714286,76.0,74.0,100.0,0.0,31.0,100.0,74.0,10.0,38.0,/mnt/d/AllFinalWork/project_sqa/GreyWolfOptimizer/Result_Round1/JacksonDatabind/JacksonDatabind-28b/GWO/com_fasterxml_jackson_databind_deser_std_JsonNodeDeserializer/terminal.log
JacksonDatabind,JacksonDatabind-29b,com_fasterxml_jackson_databind_deser_impl_ExternalTypeHandler,,,,,,,,,,,,,,/mnt/d/AllFinalWork/project_sqa/GreyWolfOptimizer/Result_Round1/JacksonDatabind/JacksonDatabind-29b/GWO/com_fasterxml_jackson_databind_deser_impl_ExternalTypeHandler/terminal.log
JacksonDatabind,JacksonDatabind-2b,com_fasterxml_jackson_databind_util_TokenBuffer,124.0,17.0,11710.0,1199.9127640775937,65.0,57.0,100.0,4.0,41.0,96.0,50.0,137.0,624.0,/mnt/d/AllFinalWork/project_sqa/GreyWolfOptimizer/Result_Round1/JacksonDatabind/JacksonDatabind-2b/GWO/com_fasterxml_jackson_databind_util_TokenBuffer/terminal.log
JacksonDatabind,JacksonDatabind-30b,com_fasterxml_jackson_databind_ObjectMapper,,,,,,,,,,,,,,/mnt/d/AllFinalWork/project_sqa/GreyWolfOptimizer/Result_Round1/JacksonDatabind/JacksonDatabind-30b/GWO/com_fasterxml_jackson_databind_ObjectMapper/terminal.log
JacksonDatabind,JacksonDatabind-30b,com_fasterxml_jackson_databind_util_TokenBuffer,122.0,25.0,13051.0,1358.7581055644407,64.0,51.0,100.0,4.0,39.0,93.0,50.0,142.0,683.0,/mnt/d/AllFinalWork/project_sqa/GreyWolfOptimizer/Result_Round1/JacksonDatabind/JacksonDatabind-30b/GWO/com_fasterxml_jackson_databind_util_TokenBuffer/terminal.log
JacksonDatabind,JacksonDatabind-31b,com_fasterxml_jackson_databind_util_TokenBuffer,,,,,,,,,,,,,,/mnt/d/AllFinalWork/project_sqa/GreyWolfOptimizer/Result_Round1/JacksonDatabind/JacksonDatabind-31b/GWO/com_fasterxml_jackson_databind_util_TokenBuffer/terminal.log
JacksonDatabind,JacksonDatabind-32b,com_fasterxml_jackson_databind_deser_std_UntypedObjectDeserializer,,,,,,,,,,,,,,/mnt/d/AllFinalWork/project_sqa/GreyWolfOptimizer/Result_Round1/JacksonDatabind/JacksonDatabind-32b/GWO/com_fasterxml_jackson_databind_deser_std_UntypedObjectDeserializer/terminal.log
JacksonDatabind,JacksonDatabind-33b,com_fasterxml_jackson_databind_introspect_JacksonAnnotationIntrospector,,,,,,,,,,,,,,/mnt/d/AllFinalWork/project_sqa/GreyWolfOptimizer/Result_Round1/JacksonDatabind/JacksonDatabind-33b/GWO/com_fasterxml_jackson_databind_introspect_JacksonAnnotationIntrospector/terminal.log
JacksonDatabind,JacksonDatabind-34b,com_fasterxml_jackson_databind_ser_std_NumberSerializer,,,,,,,,,,,,,,/mnt/d/AllFinalWork/project_sqa/GreyWolfOptimizer/Result_Round1/JacksonDatabind/JacksonDatabind-34b/GWO/com_fasterxml_jackson_databind_ser_std_NumberSerializer/terminal.log
JacksonDatabind,JacksonDatabind-35b,com_fasterxml_jackson_databind_jsontype_impl_AsWrapperTypeDeserializer,,,,,,,,,,,,,,/mnt/d/AllFinalWork/project_sqa/GreyWolfOptimizer/Result_Round1/JacksonDatabind/JacksonDatabind-35b/GWO/com_fasterxml_jackson_databind_jsontype_impl_AsWrapperTypeDeserializer/terminal.log
JacksonDatabind,JacksonDatabind-36b,com_fasterxml_jackson_databind_util_StdDateFormat,121.0,134.0,57410.0,155.77283544342367,93.0,89.0,100.0,16.0,40.0,100.0,89.0,50.0,201.0,/mnt/d/AllFinalWork/project_sqa/GreyWolfOptimizer/Result_Round1/JacksonDatabind/JacksonDatabind-36b/GWO/com_fasterxml_jackson_databind_util_StdDateFormat/terminal.log
JacksonDatabind,JacksonDatabind-37b,com_fasterxml_jackson_databind_type_SimpleType,121.0,201.0,122528.0,87.73809523809524,97.0,96.0,100.0,69.0,77.0,100.0,96.0,65.0,327.0,/mnt/d/AllFinalWork/project_sqa/GreyWolfOptimizer/Result_Round1/JacksonDatabind/JacksonDatabind-37b/GWO/com_fasterxml_jackson_databind_type_SimpleType/terminal.log
JacksonDatabind,JacksonDatabind-38b,com_fasterxml_jackson_databind_type_CollectionType,121.0,541.0,254428.0,63.083333333333336,100.0,100.0,100.0,52.0,78.0,100.0,100.0,54.0,297.0,/mnt/d/AllFinalWork/project_sqa/GreyWolfOptimizer/Result_Round1/JacksonDatabind/JacksonDatabind-38b/GWO/com_fasterxml_jackson_databind_type_CollectionType/terminal.log
JacksonDatabind,JacksonDatabind-38b,com_fasterxml_jackson_databind_type_MapType,121.0,436.0,244578.0,80.0909090909091,100.0,100.0,100.0,54.0,79.0,100.0,100.0,63.0,362.0,/mnt/d/AllFinalWork/project_sqa/GreyWolfOptimizer/Result_Round1/JacksonDatabind/JacksonDatabind-38b/GWO/com_fasterxml_jackson_databind_type_MapType/terminal.log
JacksonDatabind,JacksonDatabind-38b,com_fasterxml_jackson_databind_type_SimpleType,,,,,,,,,,,,,,/mnt/d/AllFinalWork/project_sqa/GreyWolfOptimizer/Result_Round1/JacksonDatabind/JacksonDatabind-38b/GWO/com_fasterxml_jackson_databind_type_SimpleType/terminal.log
JacksonDatabind,JacksonDatabind-39b,com_fasterxml_jackson_databind_deser_std_NullifyingDeserializer,122.0,1499.0,475525.0,12.1,83.0,57.0,100.0,100.0,50.0,100.0,57.0,4.0,30.0,/mnt/d/AllFinalWork/project_sqa/GreyWolfOptimizer/Result_Round1/JacksonDatabind/JacksonDatabind-39b/GWO/com_fasterxml_jackson_databind_deser_std_NullifyingDeserializer/terminal.log
JacksonDatabind,JacksonDatabind-3b,com_fasterxml_jackson_databind_deser_std_StringArrayDeserializer,121.0,207.0,102311.0,182.55555555555554,42.0,28.0,100.0,0.0,0.0,100.0,28.0,11.0,109.0,/mnt/d/AllFinalWork/project_sqa/GreyWolfOptimizer/Result_Round1/JacksonDatabind/JacksonDatabind-3b/GWO/com_fasterxml_jackson_databind_deser_std_StringArrayDeserializer/terminal.log
JacksonDatabind,JacksonDatabind-40b,com_fasterxml_jackson_databind_deser_std_NumberDeserializers,121.0,114.0,82589.0,579.1390022675737,47.0,46.0,100.0,14.0,100.0,100.0,46.0,36.0,205.0,/mnt/d/AllFinalWork/project_sqa/GreyWolfOptimizer/Result_Round1/JacksonDatabind/JacksonDatabind-40b/GWO/com_fasterxml_jackson_databind_deser_std_NumberDeserializers/terminal.log
JacksonDatabind,JacksonDatabind-41b,com_fasterxml_jackson_databind_type_TypeFactory,121.0,47.0,28332.0,1153.6642103503068,84.0,75.0,100.0,34.0,42.0,98.0,73.0,132.0,695.0,/mnt/d/AllFinalWork/project_sqa/GreyWolfOptimizer/Result_Round1/JacksonDatabind/JacksonDatabind-41b/GWO/com_fasterxml_jackson_databind_type_TypeFactory/terminal.log
JacksonDatabind,JacksonDatabind-42b,com_fasterxml_jackson_databind_deser_std_FromStringDeserializer,121.0,184.0,78594.0,227.7287233427316,58.0,65.0,100.0,37.0,33.0,100.0,65.0,32.0,124.0,/mnt/d/AllFinalWork/project_sqa/GreyWolfOptimizer/Result_Round1/JacksonDatabind/JacksonDatabind-42b/GWO/com_fasterxml_jackson_databind_deser_std_FromStringDeserializer/terminal.log
JacksonDatabind,JacksonDatabind-43b,com_fasterxml_jackson_databind_deser_impl_ObjectIdValueProperty,,,,,,,,,,,,,,/mnt/d/AllFinalWork/project_sqa/GreyWolfOptimizer/Result_Round1/JacksonDatabind/JacksonDatabind-43b/GWO/com_fasterxml_jackson_databind_deser_impl_ObjectIdValueProperty/terminal.log
JacksonDatabind,JacksonDatabind-44b,com_fasterxml_jackson_databind_type_SimpleType,121.0,176.0,91255.0,98.73809523809524,97.0,96.0,100.0,72.0,72.0,100.0,94.0,72.0,359.0,/mnt/d/AllFinalWork/project_sqa/GreyWolfOptimizer/Result_Round1/JacksonDatabind/JacksonDatabind-44b/GWO/com_fasterxml_jackson_databind_type_SimpleType/terminal.log
JacksonDatabind,JacksonDatabind-45b,com_fasterxml_jackson_databind_ser_std_DateTimeSerializerBase,,,,,,,,,,,,,,/mnt/d/AllFinalWork/project_sqa/GreyWolfOptimizer/Result_Round1/JacksonDatabind/JacksonDatabind-45b/GWO/com_fasterxml_jackson_databind_ser_std_DateTimeSerializerBase/terminal.log
JacksonDatabind,JacksonDatabind-46b,com_fasterxml_jackson_databind_type_ReferenceType,121.0,294.0,169581.0,101.16666666666667,100.0,100.0,100.0,70.0,71.0,100.0,100.0,56.0,391.0,/mnt/d/AllFinalWork/project_sqa/GreyWolfOptimizer/Result_Round1/JacksonDatabind/JacksonDatabind-46b/GWO/com_fasterxml_jackson_databind_type_ReferenceType/terminal.log
JacksonDatabind,JacksonDatabind-47b,com_fasterxml_jackson_databind_AnnotationIntrospector,,,,,,,,,,,,,,/mnt/d/AllFinalWork/project_sqa/GreyWolfOptimizer/Result_Round1/JacksonDatabind/JacksonDatabind-47b/GWO/com_fasterxml_jackson_databind_AnnotationIntrospector/terminal.log
JacksonDatabind,JacksonDatabind-48b,com_fasterxml_jackson_databind_DeserializationConfig,,,,,,,,,,,,,,/mnt/d/AllFinalWork/project_sqa/GreyWolfOptimizer/Result_Round1/JacksonDatabind/JacksonDatabind-48b/GWO/com_fasterxml_jackson_databind_DeserializationConfig/terminal.log
JacksonDatabind,JacksonDatabind-48b,com_fasterxml_jackson_databind_SerializationConfig,121.0,69.0,46360.0,794.9483333333334,92.0,76.0,100.0,30.0,43.0,98.0,76.0,115.0,619.0,/mnt/d/AllFinalWork/project_sqa/GreyWolfOptimizer/Result_Round1/JacksonDatabind/JacksonDatabind-48b/GWO/com_fasterxml_jackson_databind_SerializationConfig/terminal.log
JacksonDatabind,JacksonDatabind-49b,com_fasterxml_jackson_databind_ser_impl_WritableObjectId,121.0,88.0,63253.0,8.442857142857143,81.0,86.0,100.0,50.0,75.0,100.0,86.0,11.0,113.0,/mnt/d/AllFinalWork/project_sqa/GreyWolfOptimizer/Result_Round1/JacksonDatabind/JacksonDatabind-49b/GWO/com_fasterxml_jackson_databind_ser_impl_WritableObjectId/terminal.log
JacksonDatabind,JacksonDatabind-4b,com_fasterxml_jackson_databind_deser_std_StringArrayDeserializer,124.0,203.0,73115.0,186.0491452991453,42.0,26.0,92.0,0.0,0.0,100.0,26.0,11.0,110.0,/mnt/d/AllFinalWork/project_sqa/GreyWolfOptimizer/Result_Round1/JacksonDatabind/JacksonDatabind-4b/GWO/com_fasterxml_jackson_databind_deser_std_StringArrayDeserializer/terminal.log
JacksonDatabind,JacksonDatabind-50b,com_fasterxml_jackson_databind_deser_BeanDeserializer,121.0,557.0,155214.0,1467.289089347079,5.0,10.0,100.0,2.0,0.0,25.0,8.0,10.0,27.0,/mnt/d/AllFinalWork/project_sqa/GreyWolfOptimizer/Result_Round1/JacksonDatabind/JacksonDatabind-50b/GWO/com_fasterxml_jackson_databind_deser_BeanDeserializer/terminal.log
JacksonDatabind,JacksonDatabind-51b,com_fasterxml_jackson_databind_jsontype_impl_TypeDeserializerBase,121.0,229.0,119501.0,152.07738095238096,73.0,57.0,100.0,32.0,31.0,100.0,57.0,25.0,179.0,/mnt/d/AllFinalWork/project_sqa/GreyWolfOptimizer/Result_Round1/JacksonDatabind/JacksonDatabind-51b/GWO/com_fasterxml_jackson_databind_jsontype_impl_TypeDeserializerBase/terminal.log
JacksonDatabind,JacksonDatabind-52b,com_fasterxml_jackson_databind_deser_BeanDeserializerBase,121.0,1511.0,475207.0,2989.9982817869413,0.0,0.0,100.0,0.0,0.0,0.0,0.0,0.0,0.0,/mnt/d/AllFinalWork/project_sqa/GreyWolfOptimizer/Result_Round1/JacksonDatabind/JacksonDatabind-52b/GWO/com_fasterxml_jackson_databind_deser_BeanDeserializerBase/terminal.log
JacksonDatabind,JacksonDatabind-52b,com_fasterxml_jackson_databind_deser_impl_ExternalTypeHandler,121.0,2084.0,348504.0,634.4927536231884,10.0,5.0,100.0,0.0,0.0,18.0,5.0,2.0,10.0,/mnt/d/AllFinalWork/project_sqa/GreyWolfOptimizer/Result_Round1/JacksonDatabind/JacksonDatabind-52b/GWO/com_fasterxml_jackson_databind_deser_impl_ExternalTypeHandler/terminal.log
JacksonDatabind,JacksonDatabind-53b,com_fasterxml_jackson_databind_type_TypeBindings,123.0,139.0,64390.0,202.51398596905273,91.0,84.0,100.0,50.0,31.0,100.0,79.0,50.0,161.0,/mnt/d/AllFinalWork/project_sqa/GreyWolfOptimizer/Result_Round1/JacksonDatabind/JacksonDatabind-53b/GWO/com_fasterxml_jackson_databind_type_TypeBindings/terminal.log
JacksonDatabind,JacksonDatabind-53b,com_fasterxml_jackson_databind_type_TypeFactory,122.0,38.0,19159.0,1252.834657431994,81.0,72.0,98.0,34.0,38.0,98.0,70.0,124.0,771.0,/mnt/d/AllFinalWork/project_sqa/GreyWolfOptimizer/Result_Round1/JacksonDatabind/JacksonDatabind-53b/GWO/com_fasterxml_jackson_databind_type_TypeFactory/terminal.log
JacksonDatabind,JacksonDatabind-54b,com_fasterxml_jackson_databind_ser_PropertyBuilder,,,,,,,,,,,,,,/mnt/d/AllFinalWork/project_sqa/GreyWolfOptimizer/Result_Round1/JacksonDatabind/JacksonDatabind-54b/GWO/com_fasterxml_jackson_databind_ser_PropertyBuilder/terminal.log
JacksonDatabind,JacksonDatabind-55b,com_fasterxml_jackson_databind_ser_std_StdKeySerializers,121.0,317.0,195523.0,29.8,93.0,92.0,100.0,68.0,47.0,100.0,90.0,23.0,107.0,/mnt/d/AllFinalWork/project_sqa/GreyWolfOptimizer/Result_Round1/JacksonDatabind/JacksonDatabind-55b/GWO/com_fasterxml_jackson_databind_ser_std_StdKeySerializers/terminal.log
JacksonDatabind,JacksonDatabind-56b,com_fasterxml_jackson_databind_deser_std_FromStringDeserializer,122.0,179.0,75844.0,211.56007751937983,62.0,69.0,100.0,43.0,42.0,100.0,69.0,34.0,132.0,/mnt/d/AllFinalWork/project_sqa/GreyWolfOptimizer/Result_Round1/JacksonDatabind/JacksonDatabind-56b/GWO/com_fasterxml_jackson_databind_deser_std_FromStringDeserializer/terminal.log
JacksonDatabind,JacksonDatabind-57b,com_fasterxml_jackson_databind_ObjectReader,125.0,46.0,23228.0,895.0031042128603,74.0,65.0,99.0,18.0,26.0,91.0,64.0,148.0,1041.0,/mnt/d/AllFinalWork/project_sqa/GreyWolfOptimizer/Result_Round1/JacksonDatabind/JacksonDatabind-57b/GWO/com_fasterxml_jackson_databind_ObjectReader/terminal.log
JacksonDatabind,JacksonDatabind-58b,com_fasterxml_jackson_databind_deser_BeanDeserializerFactory,121.0,156.0,68397.0,587.8789226587595,56.0,46.0,94.0,23.0,9.0,95.0,39.0,28.0,128.0,/mnt/d/AllFinalWork/project_sqa/GreyWolfOptimizer/Result_Round1/JacksonDatabind/JacksonDatabind-58b/GWO/com_fasterxml_jackson_databind_deser_BeanDeserializerFactory/terminal.log
JacksonDatabind,JacksonDatabind-59b,com_fasterxml_jackson_databind_JavaType,121.0,111.0,64534.0,263.25757575757575,97.0,96.0,100.0,56.0,55.0,94.0,96.0,105.0,556.0,/mnt/d/AllFinalWork/project_sqa/GreyWolfOptimizer/Result_Round1/JacksonDatabind/JacksonDatabind-59b/GWO/com_fasterxml_jackson_databind_JavaType/terminal.log
JacksonDatabind,JacksonDatabind-59b,com_fasterxml_jackson_databind_type_CollectionLikeType,121.0,153.0,92178.0,96.57692307692308,100.0,95.0,100.0,73.0,78.0,100.0,95.0,87.0,539.0,/mnt/d/AllFinalWork/project_sqa/GreyWolfOptimizer/Result_Round1/JacksonDatabind/JacksonDatabind-59b/GWO/com_fasterxml_jackson_databind_type_CollectionLikeType/terminal.log
JacksonDatabind,JacksonDatabind-59b,com_fasterxml_jackson_databind_type_MapLikeType,121.0,129.0,85945.0,115.07142857142857,100.0,96.0,100.0,69.0,79.0,100.0,96.0,109.0,659.0,/mnt/d/AllFinalWork/project_sqa/GreyWolfOptimizer/Result_Round1/JacksonDatabind/JacksonDatabind-59b/GWO/com_fasterxml_jackson_databind_type_MapLikeType/terminal.log
JacksonDatabind,JacksonDatabind-59b,com_fasterxml_jackson_databind_type_TypeFactory,122.0,48.0,27244.0,1319.1687191844562,82.0,72.0,98.0,34.0,44.0,98.0,70.0,127.0,833.0,/mnt/d/AllFinalWork/project_sqa/GreyWolfOptimizer/Result_Round1/JacksonDatabind/JacksonDatabind-59b/GWO/com_fasterxml_jackson_databind_type_TypeFactory/terminal.log
JacksonDatabind,JacksonDatabind-5b,com_fasterxml_jackson_databind_introspect_AnnotatedClass,,,,,,,,,,,,,,/mnt/d/AllFinalWork/project_sqa/GreyWolfOptimizer/Result_Round1/JacksonDatabind/JacksonDatabind-5b/GWO/com_fasterxml_jackson_databind_introspect_AnnotatedClass/terminal.log
JacksonDatabind,JacksonDatabind-60b,com_fasterxml_jackson_databind_ser_std_JsonValueSerializer,121.0,2501.0,129840.0,578.3243243243244,0.0,3.0,100.0,0.0,0.0,18.0,0.0,2.0,4.0,/mnt/d/AllFinalWork/project_sqa/GreyWolfOptimizer/Result_Round1/JacksonDatabind/JacksonDatabind-60b/GWO/com_fasterxml_jackson_databind_ser_std_JsonValueSerializer/terminal.log
JacksonDatabind,JacksonDatabind-61b,com_fasterxml_jackson_databind_jsontype_impl_StdTypeResolverBuilder,121.0,300.0,190479.0,31.34090909090909,95.0,94.0,100.0,34.0,71.0,100.0,94.0,41.0,273.0,/mnt/d/AllFinalWork/project_sqa/GreyWolfOptimizer/Result_Round1/JacksonDatabind/JacksonDatabind-61b/GWO/com_fasterxml_jackson_databind_jsontype_impl_StdTypeResolverBuilder/terminal.log
JacksonDatabind,JacksonDatabind-61b,com_fasterxml_jackson_databind_ObjectMapper,122.0,38.0,27931.0,1419.5057430683048,67.0,63.0,100.0,19.0,23.0,87.0,62.0,236.0,1077.0,/mnt/d/AllFinalWork/project_sqa/GreyWolfOptimizer/Result_Round1/JacksonDatabind/JacksonDatabind-61b/GWO/com_fasterxml_jackson_databind_ObjectMapper/terminal.log
JacksonDatabind,JacksonDatabind-62b,com_fasterxml_jackson_databind_deser_std_CollectionDeserializer,121.0,140.0,81531.0,372.15315315315314,44.0,36.0,100.0,16.0,36.0,78.0,36.0,22.0,285.0,/mnt/d/AllFinalWork/project_sqa/GreyWolfOptimizer/Result_Round1/JacksonDatabind/JacksonDatabind-62b/GWO/com_fasterxml_jackson_databind_deser_std_CollectionDeserializer/terminal.log
JacksonDatabind,JacksonDatabind-63b,com_fasterxml_jackson_databind_JsonMappingException,121.0,123.0,75317.0,54.82091706891106,98.0,91.0,100.0,76.0,51.0,100.0,91.0,53.0,205.0,/mnt/d/AllFinalWork/project_sqa/GreyWolfOptimizer/Result_Round1/JacksonDatabind/JacksonDatabind-63b/GWO/com_fasterxml_jackson_databind_JsonMappingException/terminal.log
JacksonDatabind,JacksonDatabind-64b,com_fasterxml_jackson_databind_ser_PropertyBuilder,122.0,1402.0,559008.0,554.989898989899,7.0,0.0,100.0,0.0,0.0,12.0,0.0,2.0,11.0,/mnt/d/AllFinalWork/project_sqa/GreyWolfOptimizer/Result_Round1/JacksonDatabind/JacksonDatabind-64b/GWO/com_fasterxml_jackson_databind_ser_PropertyBuilder/terminal.log
JacksonDatabind,JacksonDatabind-66b,com_fasterxml_jackson_databind_deser_std_StdKeyDeserializer,,,,,,,,,,,,,,/mnt/d/AllFinalWork/project_sqa/GreyWolfOptimizer/Result_Round1/JacksonDatabind/JacksonDatabind-66b/GWO/com_fasterxml_jackson_databind_deser_std_StdKeyDeserializer/terminal.log
JacksonDatabind,JacksonDatabind-67b,com_fasterxml_jackson_databind_deser_BasicDeserializerFactory,121.0,43.0,20989.0,2560.82525888609,49.0,32.0,100.0,15.0,10.0,76.0,32.0,61.0,329.0,/mnt/d/AllFinalWork/project_sqa/GreyWolfOptimizer/Result_Round1/JacksonDatabind/JacksonDatabind-67b/GWO/com_fasterxml_jackson_databind_deser_BasicDeserializerFactory/terminal.log
JacksonDatabind,JacksonDatabind-68b,com_fasterxml_jackson_databind_deser_BeanDeserializerBase,,,,,,,,,,,,,,/mnt/d/AllFinalWork/project_sqa/GreyWolfOptimizer/Result_Round1/JacksonDatabind/JacksonDatabind-68b/GWO/com_fasterxml_jackson_databind_deser_BeanDeserializerBase/terminal.log
JacksonDatabind,JacksonDatabind-69b,com_fasterxml_jackson_databind_deser_impl_CreatorCollector,,,,,,,,,,,,,,/mnt/d/AllFinalWork/project_sqa/GreyWolfOptimizer/Result_Round1/JacksonDatabind/JacksonDatabind-69b/GWO/com_fasterxml_jackson_databind_deser_impl_CreatorCollector/terminal.log
JacksonDatabind,JacksonDatabind-6b,com_fasterxml_jackson_databind_util_StdDateFormat,121.0,97.0,38870.0,129.01033549783548,92.0,90.0,100.0,33.0,28.0,100.0,90.0,42.0,134.0,/mnt/d/AllFinalWork/project_sqa/GreyWolfOptimizer/Result_Round1/JacksonDatabind/JacksonDatabind-6b/GWO/com_fasterxml_jackson_databind_util_StdDateFormat/terminal.log
JacksonDatabind,JacksonDatabind-70b,com_fasterxml_jackson_databind_deser_impl_BeanPropertyMap,121.0,62.0,37924.0,1040.6469348584496,49.0,45.0,100.0,11.0,24.0,100.0,45.0,44.0,222.0,/mnt/d/AllFinalWork/project_sqa/GreyWolfOptimizer/Result_Round1/JacksonDatabind/JacksonDatabind-70b/GWO/com_fasterxml_jackson_databind_deser_impl_BeanPropertyMap/terminal.log
JacksonDatabind,JacksonDatabind-71b,com_fasterxml_jackson_databind_deser_std_StdKeyDeserializer,121.0,29.0,10392.0,373.5799999989611,67.0,75.0,100.0,21.0,45.0,85.0,73.0,40.0,154.0,/mnt/d/AllFinalWork/project_sqa/GreyWolfOptimizer/Result_Round1/JacksonDatabind/JacksonDatabind-71b/GWO/com_fasterxml_jackson_databind_deser_std_StdKeyDeserializer/terminal.log
JacksonDatabind,JacksonDatabind-72b,com_fasterxml_jackson_databind_deser_impl_InnerClassProperty,,,,,,,,,,,,,,/mnt/d/AllFinalWork/project_sqa/GreyWolfOptimizer/Result_Round1/JacksonDatabind/JacksonDatabind-72b/GWO/com_fasterxml_jackson_databind_deser_impl_InnerClassProperty/terminal.log
JacksonDatabind,JacksonDatabind-73b,com_fasterxml_jackson_databind_introspect_POJOPropertiesCollector,121.0,1037.0,0.0,2677.9977578475336,0.0,0.0,100.0,0.0,0.0,0.0,0.0,0.0,0.0,/mnt/d/AllFinalWork/project_sqa/GreyWolfOptimizer/Result_Round1/JacksonDatabind/JacksonDatabind-73b/GWO/com_fasterxml_jackson_databind_introspect_POJOPropertiesCollector/terminal.log
JacksonDatabind,JacksonDatabind-73b,com_fasterxml_jackson_databind_introspect_POJOPropertyBuilder,122.0,135.0,44441.0,3441.497590361446,12.0,11.0,100.0,5.0,0.0,20.0,11.0,26.0,102.0,/mnt/d/AllFinalWork/project_sqa/GreyWolfOptimizer/Result_Round1/JacksonDatabind/JacksonDatabind-73b/GWO/com_fasterxml_jackson_databind_introspect_POJOPropertyBuilder/terminal.log
JacksonDatabind,JacksonDatabind-74b,com_fasterxml_jackson_databind_jsontype_impl_AsPropertyTypeDeserializer,121.0,654.0,328947.0,128.58253968253968,43.0,36.0,100.0,19.0,50.0,100.0,36.0,16.0,149.0,/mnt/d/AllFinalWork/project_sqa/GreyWolfOptimizer/Result_Round1/JacksonDatabind/JacksonDatabind-74b/GWO/com_fasterxml_jackson_databind_jsontype_impl_AsPropertyTypeDeserializer/terminal.log
JacksonDatabind,JacksonDatabind-75b,com_fasterxml_jackson_databind_ser_std_EnumSerializer,121.0,549.0,214372.0,255.14912280701753,18.0,39.0,100.0,15.0,7.0,40.0,35.0,13.0,79.0,/mnt/d/AllFinalWork/project_sqa/GreyWolfOptimizer/Result_Round1/JacksonDatabind/JacksonDatabind-75b/GWO/com_fasterxml_jackson_databind_ser_std_EnumSerializer/terminal.log
JacksonDatabind,JacksonDatabind-76b,com_fasterxml_jackson_databind_deser_BuilderBasedDeserializer,121.0,915.0,148021.0,1207.121875,0.0,3.0,100.0,0.0,0.0,28.0,0.0,7.0,17.0,/mnt/d/AllFinalWork/project_sqa/GreyWolfOptimizer/Result_Round1/JacksonDatabind/JacksonDatabind-76b/GWO/com_fasterxml_jackson_databind_deser_BuilderBasedDeserializer/terminal.log
JacksonDatabind,JacksonDatabind-77b,com_fasterxml_jackson_databind_deser_BeanDeserializerFactory,121.0,145.0,77822.0,660.3829364083934,48.0,40.0,88.0,23.0,9.0,85.0,35.0,26.0,131.0,/mnt/d/AllFinalWork/project_sqa/GreyWolfOptimizer/Result_Round1/JacksonDatabind/JacksonDatabind-77b/GWO/com_fasterxml_jackson_databind_deser_BeanDeserializerFactory/terminal.log
JacksonDatabind,JacksonDatabind-78b,com_fasterxml_jackson_databind_deser_BeanDeserializerFactory,121.0,119.0,67171.0,624.3771221532091,52.0,45.0,84.0,22.0,9.0,90.0,40.0,25.0,130.0,/mnt/d/AllFinalWork/project_sqa/GreyWolfOptimizer/Result_Round1/JacksonDatabind/JacksonDatabind-78b/GWO/com_fasterxml_jackson_databind_deser_BeanDeserializerFactory/terminal.log
JacksonDatabind,JacksonDatabind-79b,com_fasterxml_jackson_databind_introspect_JacksonAnnotationIntrospector,,,,,,,,,,,,,,/mnt/d/AllFinalWork/project_sqa/GreyWolfOptimizer/Result_Round1/JacksonDatabind/JacksonDatabind-79b/GWO/com_fasterxml_jackson_databind_introspect_JacksonAnnotationIntrospector/terminal.log
JacksonDatabind,JacksonDatabind-79b,com_fasterxml_jackson_databind_introspect_ObjectIdInfo,,,,,,,,,,,,,,/mnt/d/AllFinalWork/project_sqa/GreyWolfOptimizer/Result_Round1/JacksonDatabind/JacksonDatabind-79b/GWO/com_fasterxml_jackson_databind_introspect_ObjectIdInfo/terminal.log
JacksonDatabind,JacksonDatabind-79b,com_fasterxml_jackson_databind_ser_std_BeanSerializerBase,121.0,100.0,54762.0,1367.5869875222816,24.0,13.0,100.0,7.0,39.0,88.0,13.0,24.0,236.0,/mnt/d/AllFinalWork/project_sqa/GreyWolfOptimizer/Result_Round1/JacksonDatabind/JacksonDatabind-79b/GWO/com_fasterxml_jackson_databind_ser_std_BeanSerializerBase/terminal.log
JacksonDatabind,JacksonDatabind-7b,com_fasterxml_jackson_databind_util_TokenBuffer,122.0,37.0,27217.0,1181.2387087743057,66.0,57.0,100.0,1.0,46.0,97.0,53.0,129.0,2921.0,/mnt/d/AllFinalWork/project_sqa/GreyWolfOptimizer/Result_Round1/JacksonDatabind/JacksonDatabind-7b/GWO/com_fasterxml_jackson_databind_util_TokenBuffer/terminal.log
JacksonDatabind,JacksonDatabind-80b,com_fasterxml_jackson_databind_jsontype_impl_StdSubtypeResolver,121.0,3347.0,397676.0,463.32456140350877,9.0,8.0,100.0,16.0,0.0,30.0,8.0,3.0,18.0,/mnt/d/AllFinalWork/project_sqa/GreyWolfOptimizer/Result_Round1/JacksonDatabind/JacksonDatabind-80b/GWO/com_fasterxml_jackson_databind_jsontype_impl_StdSubtypeResolver/terminal.log
JacksonDatabind,JacksonDatabind-81b,com_fasterxml_jackson_databind_introspect_JacksonAnnotationIntrospector,,,,,,,,,,,,,,/mnt/d/AllFinalWork/project_sqa/GreyWolfOptimizer/Result_Round1/JacksonDatabind/JacksonDatabind-81b/GWO/com_fasterxml_jackson_databind_introspect_JacksonAnnotationIntrospector/terminal.log
JacksonDatabind,JacksonDatabind-82b,com_fasterxml_jackson_databind_deser_BeanDeserializerFactory,121.0,130.0,87451.0,614.8747411979468,52.0,47.0,85.0,24.0,10.0,90.0,42.0,28.0,154.0,/mnt/d/AllFinalWork/project_sqa/GreyWolfOptimizer/Result_Round1/JacksonDatabind/JacksonDatabind-82b/GWO/com_fasterxml_jackson_databind_deser_BeanDeserializerFactory/terminal.log
JacksonDatabind,JacksonDatabind-83b,com_fasterxml_jackson_databind_deser_std_FromStringDeserializer,121.0,140.0,68598.0,192.06111110738584,64.0,71.0,100.0,61.0,42.0,100.0,71.0,39.0,141.0,/mnt/d/AllFinalWork/project_sqa/GreyWolfOptimizer/Result_Round1/JacksonDatabind/JacksonDatabind-83b/GWO/com_fasterxml_jackson_databind_deser_std_FromStringDeserializer/terminal.log
JacksonDatabind,JacksonDatabind-84b,com_fasterxml_jackson_databind_type_ResolvedRecursiveType,121.0,237.0,120059.0,121.2,97.0,89.0,100.0,54.0,61.0,100.0,89.0,41.0,200.0,/mnt/d/AllFinalWork/project_sqa/GreyWolfOptimizer/Result_Round1/JacksonDatabind/JacksonDatabind-84b/GWO/com_fasterxml_jackson_databind_type_ResolvedRecursiveType/terminal.log
JacksonDatabind,JacksonDatabind-85b,com_fasterxml_jackson_databind_ser_std_DateTimeSerializerBase,125.0,274.0,128699.0,129.62121212121212,51.0,52.0,100.0,51.0,48.0,78.0,52.0,21.0,105.0,/mnt/d/AllFinalWork/project_sqa/GreyWolfOptimizer/Result_Round1/JacksonDatabind/JacksonDatabind-85b/GWO/com_fasterxml_jackson_databind_ser_std_DateTimeSerializerBase/terminal.log
JacksonDatabind,JacksonDatabind-86b,com_fasterxml_jackson_databind_type_ResolvedRecursiveType,124.0,230.0,127956.0,107.66666666666667,100.0,96.0,100.0,60.0,62.0,100.0,96.0,48.0,242.0,/mnt/d/AllFinalWork/project_sqa/GreyWolfOptimizer/Result_Round1/JacksonDatabind/JacksonDatabind-86b/GWO/com_fasterxml_jackson_databind_type_ResolvedRecursiveType/terminal.log
JacksonDatabind,JacksonDatabind-87b,com_fasterxml_jackson_databind_util_StdDateFormat,122.0,110.0,44252.0,210.93460700519526,91.0,86.0,100.0,25.0,43.0,100.0,86.0,62.0,225.0,/mnt/d/AllFinalWork/project_sqa/GreyWolfOptimizer/Result_Round1/JacksonDatabind/JacksonDatabind-87b/GWO/com_fasterxml_jackson_databind_util_StdDateFormat/terminal.log
JacksonDatabind,JacksonDatabind-88b,com_fasterxml_jackson_databind_jsontype_impl_ClassNameIdResolver,121.0,589.0,220303.0,70.34342647262484,73.0,82.0,100.0,45.0,54.0,100.0,82.0,23.0,143.0,/mnt/d/AllFinalWork/project_sqa/GreyWolfOptimizer/Result_Round1/JacksonDatabind/JacksonDatabind-88b/GWO/com_fasterxml_jackson_databind_jsontype_impl_ClassNameIdResolver/terminal.log
JacksonDatabind,JacksonDatabind-8b,com_fasterxml_jackson_databind_deser_impl_CreatorCollector,,,,,,,,,,,,,,/mnt/d/AllFinalWork/project_sqa/GreyWolfOptimizer/Result_Round1/JacksonDatabind/JacksonDatabind-8b/GWO/com_fasterxml_jackson_databind_deser_impl_CreatorCollector/terminal.log
JacksonDatabind,JacksonDatabind-90b,com_fasterxml_jackson_databind_deser_std_StdValueInstantiator,125.0,98.0,45081.0,636.5477987421384,67.0,68.0,100.0,7.0,22.0,100.0,68.0,49.0,216.0,/mnt/d/AllFinalWork/project_sqa/GreyWolfOptimizer/Result_Round1/JacksonDatabind/JacksonDatabind-90b/GWO/com_fasterxml_jackson_databind_deser_std_StdValueInstantiator/terminal.log
JacksonDatabind,JacksonDatabind-90b,com_fasterxml_jackson_databind_deser_ValueInstantiator,,,,,,,,,,,,,,/mnt/d/AllFinalWork/project_sqa/GreyWolfOptimizer/Result_Round1/JacksonDatabind/JacksonDatabind-90b/GWO/com_fasterxml_jackson_databind_deser_ValueInstantiator/terminal.log
JacksonDatabind,JacksonDatabind-91b,com_fasterxml_jackson_databind_deser_DeserializerCache,122.0,172.0,76046.0,296.035682426405,66.0,59.0,100.0,17.0,8.0,100.0,56.0,27.0,140.0,/mnt/d/AllFinalWork/project_sqa/GreyWolfOptimizer/Result_Round1/JacksonDatabind/JacksonDatabind-91b/GWO/com_fasterxml_jackson_databind_deser_DeserializerCache/terminal.log
JacksonDatabind,JacksonDatabind-92b,com_fasterxml_jackson_databind_deser_BeanDeserializerFactory,121.0,140.0,64896.0,634.8828281803794,50.0,44.0,94.0,24.0,8.0,95.0,39.0,28.0,148.0,/mnt/d/AllFinalWork/project_sqa/GreyWolfOptimizer/Result_Round1/JacksonDatabind/JacksonDatabind-92b/GWO/com_fasterxml_jackson_databind_deser_BeanDeserializerFactory/terminal.log
JacksonDatabind,JacksonDatabind-93b,com_fasterxml_jackson_databind_jsontype_impl_SubTypeValidator,,,,,,,,,,,,,,/mnt/d/AllFinalWork/project_sqa/GreyWolfOptimizer/Result_Round1/JacksonDatabind/JacksonDatabind-93b/GWO/com_fasterxml_jackson_databind_jsontype_impl_SubTypeValidator/terminal.log
JacksonDatabind,JacksonDatabind-94b,com_fasterxml_jackson_databind_jsontype_impl_SubTypeValidator,,,,,,,,,,,,,,/mnt/d/AllFinalWork/project_sqa/GreyWolfOptimizer/Result_Round1/JacksonDatabind/JacksonDatabind-94b/GWO/com_fasterxml_jackson_databind_jsontype_impl_SubTypeValidator/terminal.log
JacksonDatabind,JacksonDatabind-95b,com_fasterxml_jackson_databind_type_TypeFactory,121.0,44.0,25552.0,1563.0055852798903,78.0,70.0,98.0,28.0,39.0,97.0,68.0,130.0,911.0,/mnt/d/AllFinalWork/project_sqa/GreyWolfOptimizer/Result_Round1/JacksonDatabind/JacksonDatabind-95b/GWO/com_fasterxml_jackson_databind_type_TypeFactory/terminal.log
JacksonDatabind,JacksonDatabind-95b,com_fasterxml_jackson_databind_type_TypeParser,121.0,619.0,180547.0,44.29999957713531,94.0,97.0,100.0,56.0,62.0,100.0,97.0,38.0,146.0,/mnt/d/AllFinalWork/project_sqa/GreyWolfOptimizer/Result_Round1/JacksonDatabind/JacksonDatabind-95b/GWO/com_fasterxml_jackson_databind_type_TypeParser/terminal.log
JacksonDatabind,JacksonDatabind-96b,com_fasterxml_jackson_databind_deser_BasicDeserializerFactory,121.0,67.0,37221.0,2830.523604364832,43.0,29.0,100.0,10.0,12.0,77.0,29.0,59.0,285.0,/mnt/d/AllFinalWork/project_sqa/GreyWolfOptimizer/Result_Round1/JacksonDatabind/JacksonDatabind-96b/GWO/com_fasterxml_jackson_databind_deser_BasicDeserializerFactory/terminal.log
JacksonDatabind,JacksonDatabind-97b,com_fasterxml_jackson_databind_node_POJONode,121.0,326.0,152849.0,23.80952380952381,95.0,95.0,100.0,81.0,71.0,100.0,95.0,38.0,146.0,/mnt/d/AllFinalWork/project_sqa/GreyWolfOptimizer/Result_Round1/JacksonDatabind/JacksonDatabind-97b/GWO/com_fasterxml_jackson_databind_node_POJONode/terminal.log
JacksonDatabind,JacksonDatabind-98b,com_fasterxml_jackson_databind_deser_impl_ExternalTypeHandler,121.0,449.0,237941.0,592.6358641358642,31.0,17.0,100.0,12.0,43.0,63.0,16.0,12.0,124.0,/mnt/d/AllFinalWork/project_sqa/GreyWolfOptimizer/Result_Round1/JacksonDatabind/JacksonDatabind-98b/GWO/com_fasterxml_jackson_databind_deser_impl_ExternalTypeHandler/terminal.log
JacksonDatabind,JacksonDatabind-99b,com_fasterxml_jackson_databind_type_ReferenceType,124.0,132.0,76284.0,146.07692307692307,100.0,100.0,100.0,64.0,71.0,100.0,100.0,79.0,474.0,/mnt/d/AllFinalWork/project_sqa/GreyWolfOptimizer/Result_Round1/JacksonDatabind/JacksonDatabind-99b/GWO/com_fasterxml_jackson_databind_type_ReferenceType/terminal.log
JacksonDatabind,JacksonDatabind-9b,com_fasterxml_jackson_databind_ser_std_StdKeySerializer,,,,,,,,,,,,,,/mnt/d/AllFinalWork/project_sqa/GreyWolfOptimizer/Result_Round1/JacksonDatabind/JacksonDatabind-9b/GWO/com_fasterxml_jackson_databind_ser_std_StdKeySerializer/terminal.log
JacksonXml,JacksonXml-1b,com_fasterxml_jackson_dataformat_xml_deser_FromXmlParser,124.0,1528.0,123606.0,1794.3297619047619,4.0,1.0,100.0,1.0,0.0,4.0,1.0,3.0,12.0,/mnt/d/AllFinalWork/project_sqa/GreyWolfOptimizer/Result_Round1/JacksonXml/JacksonXml-1b/GWO/com_fasterxml_jackson_dataformat_xml_deser_FromXmlParser/terminal.log
JacksonXml,JacksonXml-2b,com_fasterxml_jackson_dataformat_xml_deser_XmlTokenStream,122.0,413.0,47101.0,1391.7558441558442,4.0,1.0,100.0,0.0,0.0,6.0,1.0,2.0,9.0,/mnt/d/AllFinalWork/project_sqa/GreyWolfOptimizer/Result_Round1/JacksonXml/JacksonXml-2b/GWO/com_fasterxml_jackson_dataformat_xml_deser_XmlTokenStream/terminal.log
JacksonXml,JacksonXml-3b,com_fasterxml_jackson_dataformat_xml_deser_FromXmlParser,124.0,1321.0,108114.0,1817.3297746144722,4.0,1.0,100.0,1.0,0.0,4.0,1.0,3.0,12.0,/mnt/d/AllFinalWork/project_sqa/GreyWolfOptimizer/Result_Round1/JacksonXml/JacksonXml-3b/GWO/com_fasterxml_jackson_dataformat_xml_deser_FromXmlParser/terminal.log
JacksonXml,JacksonXml-4b,com_fasterxml_jackson_dataformat_xml_ser_XmlSerializerProvider,121.0,310.0,146677.0,161.9371021135727,58.0,60.0,100.0,17.0,59.0,100.0,60.0,38.0,369.0,/mnt/d/AllFinalWork/project_sqa/GreyWolfOptimizer/Result_Round1/JacksonXml/JacksonXml-4b/GWO/com_fasterxml_jackson_dataformat_xml_ser_XmlSerializerProvider/terminal.log
JacksonXml,JacksonXml-5b,com_fasterxml_jackson_dataformat_xml_ser_XmlSerializerProvider,121.0,266.0,129145.0,175.5361842105263,61.0,50.0,100.0,8.0,46.0,100.0,50.0,28.0,213.0,/mnt/d/AllFinalWork/project_sqa/GreyWolfOptimizer/Result_Round1/JacksonXml/JacksonXml-5b/GWO/com_fasterxml_jackson_dataformat_xml_ser_XmlSerializerProvider/terminal.log
JacksonXml,JacksonXml-6b,com_fasterxml_jackson_dataformat_xml_ser_ToXmlGenerator,122.0,74.0,46785.0,1464.937164932198,38.0,38.0,100.0,16.0,52.0,97.0,38.0,88.0,753.0,/mnt/d/AllFinalWork/project_sqa/GreyWolfOptimizer/Result_Round1/JacksonXml/JacksonXml-6b/GWO/com_fasterxml_jackson_dataformat_xml_ser_ToXmlGenerator/terminal.log
Jsoup,Jsoup-10b,org_jsoup_nodes_Node,124.0,83.0,34260.0,69.4211469317462,95.0,97.0,100.0,6.0,42.0,94.0,96.0,69.0,1265.0,/mnt/d/AllFinalWork/project_sqa/GreyWolfOptimizer/Result_Round1/Jsoup/Jsoup-10b/GWO/org_jsoup_nodes_Node/terminal.log
Jsoup,Jsoup-11b,org_jsoup_select_Selector,121.0,216.0,75461.0,322.59259167315975,73.0,60.0,100.0,48.0,67.0,100.0,50.0,23.0,64.0,/mnt/d/AllFinalWork/project_sqa/GreyWolfOptimizer/Result_Round1/Jsoup/Jsoup-11b/GWO/org_jsoup_select_Selector/terminal.log
Jsoup,Jsoup-12b,org_jsoup_select_Selector,121.0,188.0,51940.0,331.08245610535977,74.0,61.0,89.0,49.0,67.0,100.0,51.0,24.0,59.0,/mnt/d/AllFinalWork/project_sqa/GreyWolfOptimizer/Result_Round1/Jsoup/Jsoup-12b/GWO/org_jsoup_select_Selector/terminal.log
Jsoup,Jsoup-13b,org_jsoup_nodes_Node,122.0,86.0,33269.0,165.1484593765414,90.0,88.0,100.0,5.0,31.0,95.0,88.0,77.0,1621.0,/mnt/d/AllFinalWork/project_sqa/GreyWolfOptimizer/Result_Round1/Jsoup/Jsoup-13b/GWO/org_jsoup_nodes_Node/terminal.log
Jsoup,Jsoup-14b,org_jsoup_parser_Tokeniser,124.0,218.0,92013.0,81.96929824561403,91.0,80.0,100.0,30.0,69.0,100.0,80.0,48.0,203.0,/mnt/d/AllFinalWork/project_sqa/GreyWolfOptimizer/Result_Round1/Jsoup/Jsoup-14b/GWO/org_jsoup_parser_Tokeniser/terminal.log
Jsoup,Jsoup-14b,org_jsoup_parser_TokeniserState,121.0,15933.0,217522.0,19783.999053926207,0.0,0.0,100.0,0.0,100.0,100.0,0.0,0.0,0.0,/mnt/d/AllFinalWork/project_sqa/GreyWolfOptimizer/Result_Round1/Jsoup/Jsoup-14b/GWO/org_jsoup_parser_TokeniserState/terminal.log
Jsoup,Jsoup-15b,org_jsoup_parser_TreeBuilderState,121.0,4356.0,274250.0,5795.999030067895,0.0,0.0,100.0,0.0,40.0,100.0,0.0,2.0,2.0,/mnt/d/AllFinalWork/project_sqa/GreyWolfOptimizer/Result_Round1/Jsoup/Jsoup-15b/GWO/org_jsoup_parser_TreeBuilderState/terminal.log
Jsoup,Jsoup-16b,org_jsoup_nodes_DocumentType,121.0,4318.0,720834.0,4.333333333333334,100.0,100.0,100.0,73.0,33.0,100.0,100.0,7.0,21.0,/mnt/d/AllFinalWork/project_sqa/GreyWolfOptimizer/Result_Round1/Jsoup/Jsoup-16b/GWO/org_jsoup_nodes_DocumentType/terminal.log
Jsoup,Jsoup-17b,org_jsoup_parser_TreeBuilderState,121.0,4043.0,226330.0,5793.999030067895,0.0,0.0,100.0,0.0,40.0,100.0,0.0,2.0,2.0,/mnt/d/AllFinalWork/project_sqa/GreyWolfOptimizer/Result_Round1/Jsoup/Jsoup-17b/GWO/org_jsoup_parser_TreeBuilderState/terminal.log
Jsoup,Jsoup-18b,org_jsoup_parser_CharacterReader,121.0,141.0,74491.0,15.373333333333333,100.0,100.0,100.0,82.0,82.0,100.0,100.0,83.0,233.0,/mnt/d/AllFinalWork/project_sqa/GreyWolfOptimizer/Result_Round1/Jsoup/Jsoup-18b/GWO/org_jsoup_parser_CharacterReader/terminal.log
Jsoup,Jsoup-19b,org_jsoup_safety_Whitelist,121.0,76.0,46138.0,164.9611106324373,90.0,73.0,100.0,46.0,54.0,100.0,72.0,28.0,76.0,/mnt/d/AllFinalWork/project_sqa/GreyWolfOptimizer/Result_Round1/Jsoup/Jsoup-19b/GWO/org_jsoup_safety_Whitelist/terminal.log
Jsoup,Jsoup-1b,org_jsoup_nodes_Document,122.0,2016.0,389949.0,21.055555555555557,100.0,100.0,88.0,81.0,52.0,100.0,69.0,30.0,72.0,/mnt/d/AllFinalWork/project_sqa/GreyWolfOptimizer/Result_Round1/Jsoup/Jsoup-1b/GWO/org_jsoup_nodes_Document/terminal.log
Jsoup,Jsoup-20b,org_jsoup_helper_DataUtil,126.0,71.0,38013.0,124.42888888888889,81.0,58.0,100.0,40.0,18.0,100.0,58.0,31.0,84.0,/mnt/d/AllFinalWork/project_sqa/GreyWolfOptimizer/Result_Round1/Jsoup/Jsoup-20b/GWO/org_jsoup_helper_DataUtil/terminal.log
Jsoup,Jsoup-21b,org_jsoup_select_CombiningEvaluator,33.0,65.0,23600.0,1.0,100.0,100.0,100.0,61.0,100.0,100.0,100.0,7.0,28.0,/mnt/d/AllFinalWork/project_sqa/GreyWolfOptimizer/Result_Round1/Jsoup/Jsoup-21b/GWO/org_jsoup_select_CombiningEvaluator/terminal.log
Jsoup,Jsoup-21b,org_jsoup_select_QueryParser,124.0,138.0,12739.0,47.15909078895031,94.0,94.0,100.0,63.0,25.0,50.0,78.0,23.0,23.0,/mnt/d/AllFinalWork/project_sqa/GreyWolfOptimizer/Result_Round1/Jsoup/Jsoup-21b/GWO/org_jsoup_select_QueryParser/terminal.log
Jsoup,Jsoup-22b,org_jsoup_nodes_Element,121.0,67.0,24101.0,327.432051224673,96.0,89.0,100.0,,53.0,100.0,79.0,147.0,2798.0,/mnt/d/AllFinalWork/project_sqa/GreyWolfOptimizer/Result_Round1/Jsoup/Jsoup-22b/GWO/org_jsoup_nodes_Element/terminal.log
Jsoup,Jsoup-22b,org_jsoup_nodes_Node,122.0,57.0,18971.0,252.99631333605865,86.0,84.0,100.0,4.0,29.0,95.0,84.0,81.0,1639.0,/mnt/d/AllFinalWork/project_sqa/GreyWolfOptimizer/Result_Round1/Jsoup/Jsoup-22b/GWO/org_jsoup_nodes_Node/terminal.log
Jsoup,Jsoup-22b,org_jsoup_select_Elements,122.0,110.0,51729.0,113.1875,99.0,98.0,100.0,76.0,61.0,100.0,98.0,146.0,456.0,/mnt/d/AllFinalWork/project_sqa/GreyWolfOptimizer/Result_Round1/Jsoup/Jsoup-22b/GWO/org_jsoup_select_Elements/terminal.log
Jsoup,Jsoup-23b,org_jsoup_parser_CharacterReader,121.0,106.0,54931.0,14.038461538461538,100.0,100.0,100.0,84.0,82.0,100.0,100.0,87.0,259.0,/mnt/d/AllFinalWork/project_sqa/GreyWolfOptimizer/Result_Round1/Jsoup/Jsoup-23b/GWO/org_jsoup_parser_CharacterReader/terminal.log
Jsoup,Jsoup-23b,org_jsoup_parser_Tokeniser,121.0,236.0,101838.0,58.37900535810932,96.0,85.0,100.0,39.0,65.0,100.0,85.0,45.0,220.0,/mnt/d/AllFinalWork/project_sqa/GreyWolfOptimizer/Result_Round1/Jsoup/Jsoup-23b/GWO/org_jsoup_parser_Tokeniser/terminal.log
Jsoup,Jsoup-24b,org_jsoup_parser_TokeniserState,122.0,14389.0,197457.0,20069.999056603774,0.0,0.0,100.0,0.0,100.0,100.0,0.0,0.0,0.0,/mnt/d/AllFinalWork/project_sqa/GreyWolfOptimizer/Result_Round1/Jsoup/Jsoup-24b/GWO/org_jsoup_parser_TokeniserState/terminal.log
Jsoup,Jsoup-25b,org_jsoup_parser_Tag,121.0,414.0,197304.0,27.83333333113744,92.0,93.0,100.0,30.0,85.0,100.0,93.0,38.0,84.0,/mnt/d/AllFinalWork/project_sqa/GreyWolfOptimizer/Result_Round1/Jsoup/Jsoup-25b/GWO/org_jsoup_parser_Tag/terminal.log
Jsoup,Jsoup-26b,org_jsoup_safety_Cleaner,121.0,3947.0,668321.0,116.07662835249042,43.0,41.0,88.0,13.0,38.0,100.0,41.0,9.0,34.0,/mnt/d/AllFinalWork/project_sqa/GreyWolfOptimizer/Result_Round1/Jsoup/Jsoup-26b/GWO/org_jsoup_safety_Cleaner/terminal.log
Jsoup,Jsoup-27b,org_jsoup_helper_DataUtil,121.0,66.0,19084.0,146.46428571428572,72.0,54.0,100.0,34.0,18.0,100.0,54.0,33.0,89.0,/mnt/d/AllFinalWork/project_sqa/GreyWolfOptimizer/Result_Round1/Jsoup/Jsoup-27b/GWO/org_jsoup_helper_DataUtil/terminal.log
Jsoup,Jsoup-28b,org_jsoup_nodes_Entities,121.0,941.0,163419.0,108.16657511649336,56.0,69.0,100.0,49.0,72.0,100.0,69.0,19.0,29.0,/mnt/d/AllFinalWork/project_sqa/GreyWolfOptimizer/Result_Round1/Jsoup/Jsoup-28b/GWO/org_jsoup_nodes_Entities/terminal.log
Jsoup,Jsoup-28b,org_jsoup_parser_Parser,121.0,1830.0,547632.0,25.642857142857142,100.0,100.0,100.0,55.0,52.0,100.0,100.0,17.0,38.0,/mnt/d/AllFinalWork/project_sqa/GreyWolfOptimizer/Result_Round1/Jsoup/Jsoup-28b/GWO/org_jsoup_parser_Parser/terminal.log
Jsoup,Jsoup-28b,org_jsoup_parser_Tokeniser,124.0,166.0,88623.0,97.96666666666667,,,,,,,,,,/mnt/d/AllFinalWork/project_sqa/GreyWolfOptimizer/Result_Round1/Jsoup/Jsoup-28b/GWO/org_jsoup_parser_Tokeniser/terminal.log
Jsoup,Jsoup-29b,org_jsoup_nodes_Document,1461.0,59.0,26114.0,94.49358972854162,90.0,87.0,100.0,,54.0,100.0,87.0,33.0,489.0,/mnt/d/AllFinalWork/project_sqa/GreyWolfOptimizer/Result_Round1/Jsoup/Jsoup-29b/GWO/org_jsoup_nodes_Document/terminal.log
Jsoup,Jsoup-2b,org_jsoup_parser_Parser,124.0,228.0,107678.0,166.6629627371683,83.0,70.0,100.0,33.0,33.0,100.0,53.0,13.0,13.0,/mnt/d/AllFinalWork/project_sqa/GreyWolfOptimizer/Result_Round1/Jsoup/Jsoup-2b/GWO/org_jsoup_parser_Parser/terminal.log
Jsoup,Jsoup-30b,org_jsoup_safety_Cleaner,121.0,3888.0,854051.0,117.60837438423646,44.0,44.0,100.0,15.0,38.0,100.0,44.0,9.0,34.0,/mnt/d/AllFinalWork/project_sqa/GreyWolfOptimizer/Result_Round1/Jsoup/Jsoup-30b/GWO/org_jsoup_safety_Cleaner/terminal.log
Jsoup,Jsoup-31b,org_jsoup_parser_Token,121.0,337.0,99528.0,12.166666666666668,100.0,100.0,100.0,64.0,73.0,100.0,100.0,48.0,110.0,/mnt/d/AllFinalWork/project_sqa/GreyWolfOptimizer/Result_Round1/Jsoup/Jsoup-31b/GWO/org_jsoup_parser_Token/terminal.log
Jsoup,Jsoup-31b,org_jsoup_parser_TokeniserState,121.0,14470.0,197631.0,20293.999055712935,0.0,0.0,100.0,0.0,100.0,100.0,0.0,0.0,0.0,/mnt/d/AllFinalWork/project_sqa/GreyWolfOptimizer/Result_Round1/Jsoup/Jsoup-31b/GWO/org_jsoup_parser_TokeniserState/terminal.log
Jsoup,Jsoup-31b,org_jsoup_parser_XmlTreeBuilder,121.0,1301.0,343116.0,12.362499984167517,93.0,94.0,100.0,41.0,62.0,100.0,94.0,23.0,104.0,/mnt/d/AllFinalWork/project_sqa/GreyWolfOptimizer/Result_Round1/Jsoup/Jsoup-31b/GWO/org_jsoup_parser_XmlTreeBuilder/terminal.log
Jsoup,Jsoup-32b,org_jsoup_nodes_Element,122.0,60.0,20653.0,442.9682539567827,93.0,87.0,100.0,12.0,50.0,100.0,78.0,160.0,3297.0,/mnt/d/AllFinalWork/project_sqa/GreyWolfOptimizer/Result_Round1/Jsoup/Jsoup-32b/GWO/org_jsoup_nodes_Element/terminal.log
Jsoup,Jsoup-33b,org_jsoup_parser_HtmlTreeBuilder,125.0,69.0,23338.0,584.4249467504059,74.0,67.0,100.0,44.0,41.0,100.0,66.0,129.0,439.0,/mnt/d/AllFinalWork/project_sqa/GreyWolfOptimizer/Result_Round1/Jsoup/Jsoup-33b/GWO/org_jsoup_parser_HtmlTreeBuilder/terminal.log
Jsoup,Jsoup-34b,org_jsoup_parser_CharacterReader,121.0,78.0,41282.0,28.158333333333335,99.0,99.0,100.0,82.0,80.0,100.0,99.0,115.0,324.0,/mnt/d/AllFinalWork/project_sqa/GreyWolfOptimizer/Result_Round1/Jsoup/Jsoup-34b/GWO/org_jsoup_parser_CharacterReader/terminal.log
Jsoup,Jsoup-35b,org_jsoup_parser_HtmlTreeBuilderState,121.0,3672.0,226381.0,5781.999029126214,0.0,0.0,100.0,0.0,40.0,100.0,0.0,2.0,2.0,/mnt/d/AllFinalWork/project_sqa/GreyWolfOptimizer/Result_Round1/Jsoup/Jsoup-35b/GWO/org_jsoup_parser_HtmlTreeBuilderState/terminal.log
Jsoup,Jsoup-36b,org_jsoup_helper_DataUtil,122.0,70.0,24761.0,200.97562855224504,73.0,60.0,100.0,37.0,17.0,100.0,60.0,39.0,117.0,/mnt/d/AllFinalWork/project_sqa/GreyWolfOptimizer/Result_Round1/Jsoup/Jsoup-36b/GWO/org_jsoup_helper_DataUtil/terminal.log
Jsoup,Jsoup-37b,org_jsoup_nodes_Element,122.0,55.0,20070.0,557.9737630995864,57.0,39.0,37.0,14.0,14.0,53.0,32.0,55.0,157.0,/mnt/d/AllFinalWork/project_sqa/GreyWolfOptimizer/Result_Round1/Jsoup/Jsoup-37b/GWO/org_jsoup_nodes_Element/terminal.log
Jsoup,Jsoup-38b,org_jsoup_parser_HtmlTreeBuilderState,121.0,4293.0,273425.0,5783.999031007752,0.0,0.0,100.0,0.0,40.0,100.0,0.0,2.0,2.0,/mnt/d/AllFinalWork/project_sqa/GreyWolfOptimizer/Result_Round1/Jsoup/Jsoup-38b/GWO/org_jsoup_parser_HtmlTreeBuilderState/terminal.log
Jsoup,Jsoup-39b,org_jsoup_helper_DataUtil,121.0,78.0,32712.0,245.98423711477636,62.0,55.0,100.0,34.0,17.0,100.0,55.0,38.0,108.0,/mnt/d/AllFinalWork/project_sqa/GreyWolfOptimizer/Result_Round1/Jsoup/Jsoup-39b/GWO/org_jsoup_helper_DataUtil/terminal.log
Jsoup,Jsoup-3b,org_jsoup_nodes_Element,836.0,15.0,4488.0,370.6529824490892,90.0,75.0,100.0,,48.0,98.0,68.0,101.0,1888.0,/mnt/d/AllFinalWork/project_sqa/GreyWolfOptimizer/Result_Round1/Jsoup/Jsoup-3b/GWO/org_jsoup_nodes_Element/terminal.log
Jsoup,Jsoup-3b,org_jsoup_parser_Parser,124.0,207.0,101176.0,85.14117638407483,90.0,82.0,100.0,40.0,33.0,100.0,65.0,16.0,16.0,/mnt/d/AllFinalWork/project_sqa/GreyWolfOptimizer/Result_Round1/Jsoup/Jsoup-3b/GWO/org_jsoup_parser_Parser/terminal.log
Jsoup,Jsoup-3b,org_jsoup_parser_Tag,121.0,116.0,62004.0,115.71774176971427,71.0,82.0,100.0,42.0,84.0,100.0,82.0,49.0,125.0,/mnt/d/AllFinalWork/project_sqa/GreyWolfOptimizer/Result_Round1/Jsoup/Jsoup-3b/GWO/org_jsoup_parser_Tag/terminal.log
Jsoup,Jsoup-40b,org_jsoup_nodes_DocumentType,122.0,4039.0,585698.0,5.333333333333334,100.0,100.0,100.0,91.0,33.0,100.0,100.0,6.0,14.0,/mnt/d/AllFinalWork/project_sqa/GreyWolfOptimizer/Result_Round1/Jsoup/Jsoup-40b/GWO/org_jsoup_nodes_DocumentType/terminal.log
Jsoup,Jsoup-41b,org_jsoup_nodes_Element,121.0,63.0,27524.0,596.3018433008101,49.0,36.0,34.0,10.0,11.0,54.0,33.0,53.0,153.0,/mnt/d/AllFinalWork/project_sqa/GreyWolfOptimizer/Result_Round1/Jsoup/Jsoup-41b/GWO/org_jsoup_nodes_Element/terminal.log
Jsoup,Jsoup-42b,org_jsoup_nodes_FormElement,122.0,1739.0,461875.0,113.15833333042295,42.0,43.0,100.0,0.0,60.0,100.0,43.0,15.0,74.0,/mnt/d/AllFinalWork/project_sqa/GreyWolfOptimizer/Result_Round1/Jsoup/Jsoup-42b/GWO/org_jsoup_nodes_FormElement/terminal.log
Jsoup,Jsoup-43b,org_jsoup_nodes_Element,122.0,62.0,28214.0,551.4226508693597,56.0,40.0,47.0,12.0,18.0,68.0,38.0,72.0,229.0,/mnt/d/AllFinalWork/project_sqa/GreyWolfOptimizer/Result_Round1/Jsoup/Jsoup-43b/GWO/org_jsoup_nodes_Element/terminal.log
Jsoup,Jsoup-44b,org_jsoup_parser_TreeBuilder,122.0,1202.0,214755.0,16.076923076923077,100.0,100.0,100.0,76.0,59.0,100.0,100.0,23.0,66.0,/mnt/d/AllFinalWork/project_sqa/GreyWolfOptimizer/Result_Round1/Jsoup/Jsoup-44b/GWO/org_jsoup_parser_TreeBuilder/terminal.log
Jsoup,Jsoup-45b,org_jsoup_parser_HtmlTreeBuilder,121.0,81.0,31567.0,514.6700189924297,81.0,74.0,100.0,48.0,47.0,100.0,72.0,147.0,550.0,/mnt/d/AllFinalWork/project_sqa/GreyWolfOptimizer/Result_Round1/Jsoup/Jsoup-45b/GWO/org_jsoup_parser_HtmlTreeBuilder/terminal.log
Jsoup,Jsoup-46b,org_jsoup_nodes_Entities,121.0,352.0,124428.0,163.20044669174177,56.0,66.0,100.0,50.0,71.0,100.0,66.0,25.0,45.0,/mnt/d/AllFinalWork/project_sqa/GreyWolfOptimizer/Result_Round1/Jsoup/Jsoup-46b/GWO/org_jsoup_nodes_Entities/terminal.log
Jsoup,Jsoup-47b,org_jsoup_nodes_Entities,121.0,410.0,130630.0,164.5295783427668,56.0,64.0,100.0,43.0,76.0,100.0,64.0,26.0,44.0,/mnt/d/AllFinalWork/project_sqa/GreyWolfOptimizer/Result_Round1/Jsoup/Jsoup-47b/GWO/org_jsoup_nodes_Entities/terminal.log
Jsoup,Jsoup-48b,org_jsoup_helper_HttpConnection,121.0,58.0,22916.0,949.5157917416986,57.0,49.0,100.0,11.0,29.0,58.0,46.0,59.0,209.0,/mnt/d/AllFinalWork/project_sqa/GreyWolfOptimizer/Result_Round1/Jsoup/Jsoup-48b/GWO/org_jsoup_helper_HttpConnection/terminal.log
Jsoup,Jsoup-49b,org_jsoup_nodes_Node,124.0,56.0,20678.0,439.5149067744127,85.0,74.0,100.0,17.0,31.0,94.0,73.0,71.0,1460.0,/mnt/d/AllFinalWork/project_sqa/GreyWolfOptimizer/Result_Round1/Jsoup/Jsoup-49b/GWO/org_jsoup_nodes_Node/terminal.log
Jsoup,Jsoup-4b,org_jsoup_nodes_Entities,121.0,1980.0,355201.0,53.53324178316002,86.0,82.0,100.0,57.0,67.0,100.0,82.0,12.0,28.0,/mnt/d/AllFinalWork/project_sqa/GreyWolfOptimizer/Result_Round1/Jsoup/Jsoup-4b/GWO/org_jsoup_nodes_Entities/terminal.log
Jsoup,Jsoup-50b,org_jsoup_helper_DataUtil,121.0,53.0,19989.0,300.4637590923466,70.0,61.0,100.0,36.0,14.0,100.0,61.0,47.0,128.0,/mnt/d/AllFinalWork/project_sqa/GreyWolfOptimizer/Result_Round1/Jsoup/Jsoup-50b/GWO/org_jsoup_helper_DataUtil/terminal.log
Jsoup,Jsoup-51b,org_jsoup_parser_CharacterReader,121.0,74.0,43021.0,92.13821724286255,98.0,96.0,100.0,61.0,81.0,100.0,96.0,119.0,348.0,/mnt/d/AllFinalWork/project_sqa/GreyWolfOptimizer/Result_Round1/Jsoup/Jsoup-51b/GWO/org_jsoup_parser_CharacterReader/terminal.log
Jsoup,Jsoup-52b,org_jsoup_helper_DataUtil,121.0,71.0,29589.0,418.7582254514239,73.0,55.0,100.0,32.0,10.0,100.0,55.0,47.0,125.0,/mnt/d/AllFinalWork/project_sqa/GreyWolfOptimizer/Result_Round1/Jsoup/Jsoup-52b/GWO/org_jsoup_helper_DataUtil/terminal.log
Jsoup,Jsoup-52b,org_jsoup_nodes_XmlDeclaration,121.0,1867.0,471455.0,11.099999879859402,100.0,87.0,89.0,71.0,50.0,100.0,87.0,17.0,54.0,/mnt/d/AllFinalWork/project_sqa/GreyWolfOptimizer/Result_Round1/Jsoup/Jsoup-52b/GWO/org_jsoup_nodes_XmlDeclaration/terminal.log
Jsoup,Jsoup-52b,org_jsoup_parser_XmlTreeBuilder,121.0,932.0,328452.0,63.321428555596086,95.0,83.0,100.0,38.0,35.0,100.0,83.0,23.0,90.0,/mnt/d/AllFinalWork/project_sqa/GreyWolfOptimizer/Result_Round1/Jsoup/Jsoup-52b/GWO/org_jsoup_parser_XmlTreeBuilder/terminal.log
Jsoup,Jsoup-53b,org_jsoup_parser_TokenQueue,121.0,80.0,42510.0,62.22222220638974,98.0,92.0,100.0,65.0,78.0,100.0,92.0,74.0,202.0,/mnt/d/AllFinalWork/project_sqa/GreyWolfOptimizer/Result_Round1/Jsoup/Jsoup-53b/GWO/org_jsoup_parser_TokenQueue/terminal.log
Jsoup,Jsoup-54b,org_jsoup_helper_W3CDom,121.0,851.0,217230.0,9.958333263582345,93.0,100.0,100.0,33.0,40.0,100.0,100.0,18.0,71.0,/mnt/d/AllFinalWork/project_sqa/GreyWolfOptimizer/Result_Round1/Jsoup/Jsoup-54b/GWO/org_jsoup_helper_W3CDom/terminal.log
Jsoup,Jsoup-55b,org_jsoup_parser_TokeniserState,121.0,4243.0,277461.0,19877.999003984063,0.0,0.0,100.0,0.0,40.0,100.0,0.0,2.0,2.0,/mnt/d/AllFinalWork/project_sqa/GreyWolfOptimizer/Result_Round1/Jsoup/Jsoup-55b/GWO/org_jsoup_parser_TokeniserState/terminal.log
Jsoup,Jsoup-56b,org_jsoup_nodes_DocumentType,121.0,1962.0,407376.0,2.166666666666667,100.0,100.0,100.0,98.0,33.0,100.0,100.0,10.0,34.0,/mnt/d/AllFinalWork/project_sqa/GreyWolfOptimizer/Result_Round1/Jsoup/Jsoup-56b/GWO/org_jsoup_nodes_DocumentType/terminal.log
Jsoup,Jsoup-56b,org_jsoup_parser_HtmlTreeBuilderState,121.0,3783.0,236656.0,5840.999036608863,0.0,0.0,100.0,0.0,40.0,100.0,0.0,2.0,2.0,/mnt/d/AllFinalWork/project_sqa/GreyWolfOptimizer/Result_Round1/Jsoup/Jsoup-56b/GWO/org_jsoup_parser_HtmlTreeBuilderState/terminal.log
Jsoup,Jsoup-56b,org_jsoup_parser_Token,121.0,141.0,47492.0,20.166666666666664,100.0,100.0,100.0,56.0,69.0,100.0,100.0,57.0,147.0,/mnt/d/AllFinalWork/project_sqa/GreyWolfOptimizer/Result_Round1/Jsoup/Jsoup-56b/GWO/org_jsoup_parser_Token/terminal.log
Jsoup,Jsoup-56b,org_jsoup_parser_TokeniserState,121.0,4393.0,269933.0,19877.999004975125,0.0,0.0,100.0,0.0,40.0,100.0,0.0,2.0,2.0,/mnt/d/AllFinalWork/project_sqa/GreyWolfOptimizer/Result_Round1/Jsoup/Jsoup-56b/GWO/org_jsoup_parser_TokeniserState/terminal.log
Jsoup,Jsoup-56b,org_jsoup_parser_XmlTreeBuilder,121.0,878.0,292299.0,37.31249920618666,96.0,93.0,100.0,44.0,40.0,100.0,93.0,28.0,120.0,/mnt/d/AllFinalWork/project_sqa/GreyWolfOptimizer/Result_Round1/Jsoup/Jsoup-56b/GWO/org_jsoup_parser_XmlTreeBuilder/terminal.log
Jsoup,Jsoup-57b,org_jsoup_nodes_Attributes,121.0,185.0,95177.0,126.04761900298514,79.0,85.0,100.0,52.0,49.0,91.0,85.0,55.0,172.0,/mnt/d/AllFinalWork/project_sqa/GreyWolfOptimizer/Result_Round1/Jsoup/Jsoup-57b/GWO/org_jsoup_nodes_Attributes/terminal.log
Jsoup,Jsoup-58b,org_jsoup_Jsoup,125.0,297.0,94915.0,79.525,96.0,100.0,97.0,45.0,37.0,100.0,100.0,57.0,124.0,/mnt/d/AllFinalWork/project_sqa/GreyWolfOptimizer/Result_Round1/Jsoup/Jsoup-58b/GWO/org_jsoup_Jsoup/terminal.log
Jsoup,Jsoup-58b,org_jsoup_parser_Parser,121.0,1119.0,327573.0,49.583333333333336,100.0,100.0,100.0,50.0,44.0,100.0,100.0,32.0,67.0,/mnt/d/AllFinalWork/project_sqa/GreyWolfOptimizer/Result_Round1/Jsoup/Jsoup-58b/GWO/org_jsoup_parser_Parser/terminal.log
Jsoup,Jsoup-58b,org_jsoup_safety_Cleaner,121.0,3235.0,663768.0,118.13440860215054,52.0,48.0,100.0,21.0,38.0,60.0,48.0,7.0,27.0,/mnt/d/AllFinalWork/project_sqa/GreyWolfOptimizer/Result_Round1/Jsoup/Jsoup-58b/GWO/org_jsoup_safety_Cleaner/terminal.log
Jsoup,Jsoup-59b,org_jsoup_parser_Token,121.0,155.0,56688.0,19.166666666666664,100.0,100.0,100.0,54.0,69.0,100.0,100.0,60.0,144.0,/mnt/d/AllFinalWork/project_sqa/GreyWolfOptimizer/Result_Round1/Jsoup/Jsoup-59b/GWO/org_jsoup_parser_Token/terminal.log
Jsoup,Jsoup-5b,org_jsoup_parser_Parser,124.0,248.0,117708.0,108.09523797822843,88.0,80.0,100.0,36.0,33.0,100.0,64.0,17.0,17.0,/mnt/d/AllFinalWork/project_sqa/GreyWolfOptimizer/Result_Round1/Jsoup/Jsoup-5b/GWO/org_jsoup_parser_Parser/terminal.log
Jsoup,Jsoup-60b,org_jsoup_parser_TokenQueue,220.0,83.0,43806.0,72.68834584882917,98.0,91.0,100.0,62.0,78.0,100.0,91.0,76.0,207.0,/mnt/d/AllFinalWork/project_sqa/GreyWolfOptimizer/Result_Round1/Jsoup/Jsoup-60b/GWO/org_jsoup_parser_TokenQueue/terminal.log
Jsoup,Jsoup-60b,org_jsoup_select_QueryParser,125.0,76.0,10994.0,153.13218291356378,88.0,86.0,100.0,43.0,25.0,50.0,79.0,35.0,35.0,/mnt/d/AllFinalWork/project_sqa/GreyWolfOptimizer/Result_Round1/Jsoup/Jsoup-60b/GWO/org_jsoup_select_QueryParser/terminal.log
Jsoup,Jsoup-61b,org_jsoup_nodes_Element,123.0,65.0,30842.0,639.7729560918725,53.0,40.0,49.0,13.0,18.0,62.0,36.0,79.0,252.0,/mnt/d/AllFinalWork/project_sqa/GreyWolfOptimizer/Result_Round1/Jsoup/Jsoup-61b/GWO/org_jsoup_nodes_Element/terminal.log
Jsoup,Jsoup-62b,org_jsoup_parser_HtmlTreeBuilderState,121.0,3923.0,235137.0,5840.999036608863,0.0,0.0,100.0,0.0,40.0,100.0,0.0,2.0,2.0,/mnt/d/AllFinalWork/project_sqa/GreyWolfOptimizer/Result_Round1/Jsoup/Jsoup-62b/GWO/org_jsoup_parser_HtmlTreeBuilderState/terminal.log
Jsoup,Jsoup-63b,org_jsoup_parser_HtmlTreeBuilder,121.0,80.0,23577.0,851.2911058868583,69.0,62.0,100.0,36.0,22.0,100.0,62.0,119.0,489.0,/mnt/d/AllFinalWork/project_sqa/GreyWolfOptimizer/Result_Round1/Jsoup/Jsoup-63b/GWO/org_jsoup_parser_HtmlTreeBuilder/terminal.log
Jsoup,Jsoup-63b,org_jsoup_parser_Tokeniser,121.0,145.0,68493.0,190.34455352642715,81.0,71.0,100.0,48.0,58.0,100.0,71.0,55.0,265.0,/mnt/d/AllFinalWork/project_sqa/GreyWolfOptimizer/Result_Round1/Jsoup/Jsoup-63b/GWO/org_jsoup_parser_Tokeniser/terminal.log
Jsoup,Jsoup-64b,org_jsoup_parser_HtmlTreeBuilderState,121.0,2908.0,186324.0,6045.999033816425,0.0,0.0,100.0,0.0,40.0,100.0,0.0,2.0,2.0,/mnt/d/AllFinalWork/project_sqa/GreyWolfOptimizer/Result_Round1/Jsoup/Jsoup-64b/GWO/org_jsoup_parser_HtmlTreeBuilderState/terminal.log
Jsoup,Jsoup-65b,org_jsoup_parser_HtmlTreeBuilder,122.0,81.0,25388.0,871.340520882504,68.0,60.0,100.0,29.0,28.0,100.0,59.0,134.0,594.0,/mnt/d/AllFinalWork/project_sqa/GreyWolfOptimizer/Result_Round1/Jsoup/Jsoup-65b/GWO/org_jsoup_parser_HtmlTreeBuilder/terminal.log
Jsoup,Jsoup-65b,org_jsoup_parser_HtmlTreeBuilderState,121.0,3526.0,221924.0,6046.999034749035,0.0,0.0,100.0,0.0,40.0,100.0,0.0,2.0,2.0,/mnt/d/AllFinalWork/project_sqa/GreyWolfOptimizer/Result_Round1/Jsoup/Jsoup-65b/GWO/org_jsoup_parser_HtmlTreeBuilderState/terminal.log
Jsoup,Jsoup-66b,org_jsoup_nodes_Element,121.0,36.0,17618.0,974.8586065384536,84.0,72.0,100.0,24.0,45.0,99.0,69.0,140.0,2897.0,/mnt/d/AllFinalWork/project_sqa/GreyWolfOptimizer/Result_Round1/Jsoup/Jsoup-66b/GWO/org_jsoup_nodes_Element/terminal.log
Jsoup,Jsoup-67b,org_jsoup_parser_HtmlTreeBuilder,122.0,75.0,20041.0,878.6745395005514,67.0,59.0,100.0,35.0,29.0,100.0,58.0,130.0,537.0,/mnt/d/AllFinalWork/project_sqa/GreyWolfOptimizer/Result_Round1/Jsoup/Jsoup-67b/GWO/org_jsoup_parser_HtmlTreeBuilder/terminal.log
Jsoup,Jsoup-68b,org_jsoup_parser_HtmlTreeBuilder,121.0,80.0,33101.0,864.3868988113812,70.0,60.0,100.0,35.0,33.0,100.0,60.0,136.0,547.0,/mnt/d/AllFinalWork/project_sqa/GreyWolfOptimizer/Result_Round1/Jsoup/Jsoup-68b/GWO/org_jsoup_parser_HtmlTreeBuilder/terminal.log
Jsoup,Jsoup-69b,org_jsoup_nodes_FormElement,121.0,1371.0,368617.0,118.61904761555516,49.0,42.0,100.0,10.0,64.0,100.0,42.0,14.0,78.0,/mnt/d/AllFinalWork/project_sqa/GreyWolfOptimizer/Result_Round1/Jsoup/Jsoup-69b/GWO/org_jsoup_nodes_FormElement/terminal.log
Jsoup,Jsoup-6b,org_jsoup_nodes_Entities,121.0,1717.0,335252.0,53.53324178316002,86.0,82.0,100.0,57.0,67.0,100.0,82.0,12.0,24.0,/mnt/d/AllFinalWork/project_sqa/GreyWolfOptimizer/Result_Round1/Jsoup/Jsoup-6b/GWO/org_jsoup_nodes_Entities/terminal.log
Jsoup,Jsoup-70b,org_jsoup_nodes_Element,122.0,44.0,16833.0,963.6412917635823,86.0,73.0,98.0,31.0,40.0,98.0,67.0,194.0,527.0,/mnt/d/AllFinalWork/project_sqa/GreyWolfOptimizer/Result_Round1/Jsoup/Jsoup-70b/GWO/org_jsoup_nodes_Element/terminal.log
Jsoup,Jsoup-71b,org_jsoup_nodes_PseudoTextElement,,,,,,,,,,,,,,/mnt/d/AllFinalWork/project_sqa/GreyWolfOptimizer/Result_Round1/Jsoup/Jsoup-71b/GWO/org_jsoup_nodes_PseudoTextElement/terminal.log
Jsoup,Jsoup-71b,org_jsoup_select_Evaluator,121.0,71.0,39114.0,260.0416547994628,96.0,81.0,100.0,61.0,100.0,100.0,81.0,101.0,341.0,/mnt/d/AllFinalWork/project_sqa/GreyWolfOptimizer/Result_Round1/Jsoup/Jsoup-71b/GWO/org_jsoup_select_Evaluator/terminal.log
Jsoup,Jsoup-71b,org_jsoup_select_QueryParser,124.0,81.0,8779.0,225.0010135226611,81.0,76.0,100.0,42.0,25.0,50.0,70.0,30.0,30.0,/mnt/d/AllFinalWork/project_sqa/GreyWolfOptimizer/Result_Round1/Jsoup/Jsoup-71b/GWO/org_jsoup_select_QueryParser/terminal.log
Jsoup,Jsoup-72b,org_jsoup_parser_CharacterReader,121.0,71.0,33184.0,119.69667491530414,98.0,94.0,100.0,56.0,84.0,100.0,94.0,142.0,428.0,/mnt/d/AllFinalWork/project_sqa/GreyWolfOptimizer/Result_Round1/Jsoup/Jsoup-72b/GWO/org_jsoup_parser_CharacterReader/terminal.log
Jsoup,Jsoup-73b,org_jsoup_helper_W3CDom,122.0,670.0,169348.0,13.958333323542446,93.0,97.0,100.0,30.0,40.0,100.0,97.0,16.0,64.0,/mnt/d/AllFinalWork/project_sqa/GreyWolfOptimizer/Result_Round1/Jsoup/Jsoup-73b/GWO/org_jsoup_helper_W3CDom/terminal.log
Jsoup,Jsoup-74b,org_jsoup_helper_StringUtil,121.0,132.0,63242.0,56.93972513320401,91.0,93.0,100.0,72.0,67.0,100.0,93.0,55.0,93.0,/mnt/d/AllFinalWork/project_sqa/GreyWolfOptimizer/Result_Round1/Jsoup/Jsoup-74b/GWO/org_jsoup_helper_StringUtil/terminal.log
Jsoup,Jsoup-75b,org_jsoup_nodes_Attributes,121.0,71.0,45145.0,173.15718368925837,83.0,83.0,100.0,48.0,49.0,93.0,81.0,87.0,319.0,/mnt/d/AllFinalWork/project_sqa/GreyWolfOptimizer/Result_Round1/Jsoup/Jsoup-75b/GWO/org_jsoup_nodes_Attributes/terminal.log
Jsoup,Jsoup-76b,org_jsoup_parser_HtmlTreeBuilderState,121.0,3045.0,283696.0,6073.999037536092,0.0,0.0,100.0,0.0,40.0,100.0,0.0,3.0,3.0,/mnt/d/AllFinalWork/project_sqa/GreyWolfOptimizer/Result_Round1/Jsoup/Jsoup-76b/GWO/org_jsoup_parser_HtmlTreeBuilderState/terminal.log
Jsoup,Jsoup-77b,org_jsoup_parser_XmlTreeBuilder,123.0,169.0,52470.0,106.77083333247732,90.0,76.0,100.0,39.0,40.0,100.0,74.0,27.0,124.0,/mnt/d/AllFinalWork/project_sqa/GreyWolfOptimizer/Result_Round1/Jsoup/Jsoup-77b/GWO/org_jsoup_parser_XmlTreeBuilder/terminal.log
Jsoup,Jsoup-78b,org_jsoup_helper_DataUtil,125.0,45.0,16090.0,433.54993693383784,65.0,46.0,100.0,28.0,15.0,100.0,46.0,41.0,115.0,/mnt/d/AllFinalWork/project_sqa/GreyWolfOptimizer/Result_Round1/Jsoup/Jsoup-78b/GWO/org_jsoup_helper_DataUtil/terminal.log
Jsoup,Jsoup-79b,org_jsoup_nodes_LeafNode,121.0,753.0,224691.0,19.071428563478467,100.0,100.0,100.0,50.0,61.0,100.0,100.0,37.0,99.0,/mnt/d/AllFinalWork/project_sqa/GreyWolfOptimizer/Result_Round1/Jsoup/Jsoup-79b/GWO/org_jsoup_nodes_LeafNode/terminal.log
Jsoup,Jsoup-7b,org_jsoup_nodes_Document,123.0,265.0,74313.0,16.066666651618547,100.0,100.0,100.0,81.0,55.0,100.0,100.0,27.0,475.0,/mnt/d/AllFinalWork/project_sqa/GreyWolfOptimizer/Result_Round1/Jsoup/Jsoup-7b/GWO/org_jsoup_nodes_Document/terminal.log
Jsoup,Jsoup-80b,org_jsoup_parser_XmlTreeBuilder,122.0,347.0,127884.0,50.04999975366521,99.0,89.0,100.0,47.0,43.0,100.0,89.0,35.0,137.0,/mnt/d/AllFinalWork/project_sqa/GreyWolfOptimizer/Result_Round1/Jsoup/Jsoup-80b/GWO/org_jsoup_parser_XmlTreeBuilder/terminal.log
Jsoup,Jsoup-81b,org_jsoup_helper_DataUtil,124.0,81.0,39155.0,410.9422619047619,70.0,51.0,100.0,27.0,16.0,100.0,51.0,47.0,128.0,/mnt/d/AllFinalWork/project_sqa/GreyWolfOptimizer/Result_Round1/Jsoup/Jsoup-81b/GWO/org_jsoup_helper_DataUtil/terminal.log
Jsoup,Jsoup-82b,org_jsoup_helper_DataUtil,125.0,49.0,21539.0,410.9121176926055,70.0,46.0,100.0,26.0,23.0,100.0,46.0,35.0,100.0,/mnt/d/AllFinalWork/project_sqa/GreyWolfOptimizer/Result_Round1/Jsoup/Jsoup-82b/GWO/org_jsoup_helper_DataUtil/terminal.log
Jsoup,Jsoup-83b,org_jsoup_parser_CharacterReader,4249.0,67.0,38263.0,125.34069831709765,99.0,93.0,100.0,,79.0,100.0,93.0,95.0,1805.0,/mnt/d/AllFinalWork/project_sqa/GreyWolfOptimizer/Result_Round1/Jsoup/Jsoup-83b/GWO/org_jsoup_parser_CharacterReader/terminal.log
Jsoup,Jsoup-83b,org_jsoup_parser_TokeniserState,121.0,3854.0,248300.0,19869.999019607843,0.0,0.0,100.0,0.0,40.0,100.0,0.0,2.0,2.0,/mnt/d/AllFinalWork/project_sqa/GreyWolfOptimizer/Result_Round1/Jsoup/Jsoup-83b/GWO/org_jsoup_parser_TokeniserState/terminal.log
Jsoup,Jsoup-84b,org_jsoup_helper_W3CDom,121.0,776.0,161468.0,21.513888830409503,89.0,94.0,100.0,28.0,40.0,100.0,94.0,14.0,51.0,/mnt/d/AllFinalWork/project_sqa/GreyWolfOptimizer/Result_Round1/Jsoup/Jsoup-84b/GWO/org_jsoup_helper_W3CDom/terminal.log
Jsoup,Jsoup-85b,org_jsoup_nodes_Attribute,121.0,179.0,107675.0,34.35555551887452,94.0,92.0,100.0,62.0,76.0,100.0,92.0,55.0,147.0,/mnt/d/AllFinalWork/project_sqa/GreyWolfOptimizer/Result_Round1/Jsoup/Jsoup-85b/GWO/org_jsoup_nodes_Attribute/terminal.log
Jsoup,Jsoup-86b,org_jsoup_nodes_Comment,121.0,1393.0,285726.0,9.55263062341087,100.0,100.0,94.0,72.0,59.0,100.0,100.0,30.0,97.0,/mnt/d/AllFinalWork/project_sqa/GreyWolfOptimizer/Result_Round1/Jsoup/Jsoup-86b/GWO/org_jsoup_nodes_Comment/terminal.log
Jsoup,Jsoup-87b,org_jsoup_nodes_Element,124.0,39.0,17310.0,1069.3793620618771,87.0,73.0,100.0,33.0,41.0,99.0,69.0,180.0,489.0,/mnt/d/AllFinalWork/project_sqa/GreyWolfOptimizer/Result_Round1/Jsoup/Jsoup-87b/GWO/org_jsoup_nodes_Element/terminal.log
Jsoup,Jsoup-87b,org_jsoup_parser_HtmlTreeBuilder,121.0,70.0,18490.0,955.4488135445905,66.0,58.0,100.0,25.0,29.0,100.0,57.0,125.0,492.0,/mnt/d/AllFinalWork/project_sqa/GreyWolfOptimizer/Result_Round1/Jsoup/Jsoup-87b/GWO/org_jsoup_parser_HtmlTreeBuilder/terminal.log
Jsoup,Jsoup-87b,org_jsoup_parser_HtmlTreeBuilderState,121.0,2859.0,251479.0,6007.999034749035,0.0,0.0,100.0,0.0,40.0,100.0,0.0,3.0,3.0,/mnt/d/AllFinalWork/project_sqa/GreyWolfOptimizer/Result_Round1/Jsoup/Jsoup-87b/GWO/org_jsoup_parser_HtmlTreeBuilderState/terminal.log
Jsoup,Jsoup-87b,org_jsoup_parser_Tag,121.0,418.0,166503.0,46.916666642166,97.0,87.0,100.0,25.0,88.0,100.0,87.0,44.0,104.0,/mnt/d/AllFinalWork/project_sqa/GreyWolfOptimizer/Result_Round1/Jsoup/Jsoup-87b/GWO/org_jsoup_parser_Tag/terminal.log
Jsoup,Jsoup-88b,org_jsoup_nodes_Attribute,121.0,197.0,98368.0,42.35555552591451,94.0,90.0,100.0,59.0,73.0,100.0,90.0,54.0,140.0,/mnt/d/AllFinalWork/project_sqa/GreyWolfOptimizer/Result_Round1/Jsoup/Jsoup-88b/GWO/org_jsoup_nodes_Attribute/terminal.log
Jsoup,Jsoup-89b,org_jsoup_nodes_Attribute,121.0,228.0,114774.0,38.85555552913686,94.0,92.0,100.0,56.0,70.0,100.0,92.0,52.0,143.0,/mnt/d/AllFinalWork/project_sqa/GreyWolfOptimizer/Result_Round1/Jsoup/Jsoup-89b/GWO/org_jsoup_nodes_Attribute/terminal.log
Jsoup,Jsoup-8b,org_jsoup_nodes_Node,122.0,68.0,21420.0,107.48465471822504,88.0,92.0,100.0,46.0,40.0,94.0,92.0,61.0,169.0,/mnt/d/AllFinalWork/project_sqa/GreyWolfOptimizer/Result_Round1/Jsoup/Jsoup-8b/GWO/org_jsoup_nodes_Node/terminal.log
Jsoup,Jsoup-90b,org_jsoup_helper_HttpConnection,122.0,39.0,16720.0,1541.4833795364111,46.0,40.0,100.0,7.0,35.0,83.0,38.0,77.0,1671.0,/mnt/d/AllFinalWork/project_sqa/GreyWolfOptimizer/Result_Round1/Jsoup/Jsoup-90b/GWO/org_jsoup_helper_HttpConnection/terminal.log
Jsoup,Jsoup-91b,org_jsoup_parser_CharacterReader,122.0,63.0,32790.0,157.29720759116915,98.0,92.0,100.0,52.0,81.0,100.0,92.0,119.0,375.0,/mnt/d/AllFinalWork/project_sqa/GreyWolfOptimizer/Result_Round1/Jsoup/Jsoup-91b/GWO/org_jsoup_parser_CharacterReader/terminal.log
Jsoup,Jsoup-91b,org_jsoup_UncheckedIOException,1.0,0.0,2627.0,1.0,100.0,100.0,100.0,100.0,100.0,100.0,100.0,2.0,6.0,/mnt/d/AllFinalWork/project_sqa/GreyWolfOptimizer/Result_Round1/Jsoup/Jsoup-91b/GWO/org_jsoup_UncheckedIOException/terminal.log
Jsoup,Jsoup-92b,org_jsoup_nodes_Attributes,123.0,75.0,48188.0,178.671794827245,82.0,82.0,100.0,48.0,49.0,93.0,79.0,73.0,243.0,/mnt/d/AllFinalWork/project_sqa/GreyWolfOptimizer/Result_Round1/Jsoup/Jsoup-92b/GWO/org_jsoup_nodes_Attributes/terminal.log
Jsoup,Jsoup-92b,org_jsoup_parser_HtmlTreeBuilder,122.0,76.0,23831.0,858.9479278331053,70.0,61.0,100.0,27.0,26.0,100.0,60.0,129.0,498.0,/mnt/d/AllFinalWork/project_sqa/GreyWolfOptimizer/Result_Round1/Jsoup/Jsoup-92b/GWO/org_jsoup_parser_HtmlTreeBuilder/terminal.log
Jsoup,Jsoup-92b,org_jsoup_parser_ParseSettings,121.0,4070.0,1074959.0,3.25,100.0,100.0,100.0,33.0,75.0,100.0,100.0,12.0,28.0,/mnt/d/AllFinalWork/project_sqa/GreyWolfOptimizer/Result_Round1/Jsoup/Jsoup-92b/GWO/org_jsoup_parser_ParseSettings/terminal.log
Jsoup,Jsoup-92b,org_jsoup_parser_Token,121.0,146.0,61687.0,16.666666666666664,100.0,100.0,100.0,41.0,75.0,100.0,100.0,65.0,160.0,/mnt/d/AllFinalWork/project_sqa/GreyWolfOptimizer/Result_Round1/Jsoup/Jsoup-92b/GWO/org_jsoup_parser_Token/terminal.log
Jsoup,Jsoup-92b,org_jsoup_parser_XmlTreeBuilder,121.0,452.0,176245.0,44.549999995064674,98.0,93.0,100.0,51.0,37.0,100.0,93.0,34.0,124.0,/mnt/d/AllFinalWork/project_sqa/GreyWolfOptimizer/Result_Round1/Jsoup/Jsoup-92b/GWO/org_jsoup_parser_XmlTreeBuilder/terminal.log
Jsoup,Jsoup-93b,org_jsoup_nodes_FormElement,121.0,1310.0,416240.0,124.0565216368066,48.0,41.0,100.0,2.0,60.0,100.0,41.0,17.0,100.0,/mnt/d/AllFinalWork/project_sqa/GreyWolfOptimizer/Result_Round1/Jsoup/Jsoup-93b/GWO/org_jsoup_nodes_FormElement/terminal.log
Jsoup,Jsoup-9b,org_jsoup_nodes_Entities,121.0,1425.0,223337.0,53.63879733871558,79.0,81.0,100.0,56.0,67.0,100.0,81.0,12.0,24.0,/mnt/d/AllFinalWork/project_sqa/GreyWolfOptimizer/Result_Round1/Jsoup/Jsoup-9b/GWO/org_jsoup_nodes_Entities/terminal.log
JxPath,JxPath-10b,org_apache_commons_jxpath_ri_compiler_CoreOperationRelationalExpression,122.0,200.0,79587.0,114.59523809430678,53.0,51.0,100.0,25.0,29.0,100.0,46.0,12.0,70.0,/mnt/d/AllFinalWork/project_sqa/GreyWolfOptimizer/Result_Round1/JxPath/JxPath-10b/GWO/org_apache_commons_jxpath_ri_compiler_CoreOperationRelationalExpression/terminal.log
JxPath,JxPath-11b,org_apache_commons_jxpath_ri_model_dom_DOMAttributeIterator,122.0,2168.0,231307.0,475.18333333333334,11.0,0.0,100.0,0.0,0.0,25.0,0.0,4.0,15.0,/mnt/d/AllFinalWork/project_sqa/GreyWolfOptimizer/Result_Round1/JxPath/JxPath-11b/GWO/org_apache_commons_jxpath_ri_model_dom_DOMAttributeIterator/terminal.log
JxPath,JxPath-11b,org_apache_commons_jxpath_ri_model_jdom_JDOMAttributeIterator,121.0,1641.0,440648.0,21.199999757324463,98.0,94.0,100.0,59.0,65.0,100.0,94.0,14.0,70.0,/mnt/d/AllFinalWork/project_sqa/GreyWolfOptimizer/Result_Round1/JxPath/JxPath-11b/GWO/org_apache_commons_jxpath_ri_model_jdom_JDOMAttributeIterator/terminal.log
JxPath,JxPath-12b,org_apache_commons_jxpath_ri_model_dom_DOMNodePointer,125.0,86.0,30489.0,1706.2157177011138,39.0,33.0,100.0,11.0,27.0,100.0,33.0,65.0,262.0,/mnt/d/AllFinalWork/project_sqa/GreyWolfOptimizer/Result_Round1/JxPath/JxPath-12b/GWO/org_apache_commons_jxpath_ri_model_dom_DOMNodePointer/terminal.log
JxPath,JxPath-13b,org_apache_commons_jxpath_ri_model_dom_DOMNodePointer,124.0,80.0,25307.0,1682.163463136074,41.0,33.0,100.0,10.0,28.0,100.0,33.0,69.0,280.0,/mnt/d/AllFinalWork/project_sqa/GreyWolfOptimizer/Result_Round1/JxPath/JxPath-13b/GWO/org_apache_commons_jxpath_ri_model_dom_DOMNodePointer/terminal.log
JxPath,JxPath-13b,org_apache_commons_jxpath_ri_NamespaceResolver,121.0,1013.0,262158.0,39.542857142857144,83.0,86.0,100.0,46.0,92.0,100.0,86.0,20.0,88.0,/mnt/d/AllFinalWork/project_sqa/GreyWolfOptimizer/Result_Round1/JxPath/JxPath-13b/GWO/org_apache_commons_jxpath_ri_NamespaceResolver/terminal.log
JxPath,JxPath-14b,org_apache_commons_jxpath_ri_compiler_CoreFunction,121.0,65.0,41141.0,1146.5522680054094,46.0,52.0,97.0,16.0,28.0,100.0,52.0,130.0,691.0,/mnt/d/AllFinalWork/project_sqa/GreyWolfOptimizer/Result_Round1/JxPath/JxPath-14b/GWO/org_apache_commons_jxpath_ri_compiler_CoreFunction/terminal.log
JxPath,JxPath-15b,org_apache_commons_jxpath_ri_axes_UnionContext,121.0,2568.0,664602.0,2.2,94.0,100.0,100.0,63.0,80.0,100.0,100.0,9.0,76.0,/mnt/d/AllFinalWork/project_sqa/GreyWolfOptimizer/Result_Round1/JxPath/JxPath-15b/GWO/org_apache_commons_jxpath_ri_axes_UnionContext/terminal.log
JxPath,JxPath-16b,org_apache_commons_jxpath_ri_model_dom_DOMNodePointer,124.0,80.0,26323.0,1697.7960921454705,42.0,37.0,100.0,8.0,27.0,100.0,37.0,66.0,254.0,/mnt/d/AllFinalWork/project_sqa/GreyWolfOptimizer/Result_Round1/JxPath/JxPath-16b/GWO/org_apache_commons_jxpath_ri_model_dom_DOMNodePointer/terminal.log
JxPath,JxPath-16b,org_apache_commons_jxpath_ri_model_jdom_JDOMNodePointer,121.0,73.0,38924.0,1602.554674123617,39.0,33.0,100.0,17.0,33.0,100.0,31.0,55.0,251.0,/mnt/d/AllFinalWork/project_sqa/GreyWolfOptimizer/Result_Round1/JxPath/JxPath-16b/GWO/org_apache_commons_jxpath_ri_model_jdom_JDOMNodePointer/terminal.log
JxPath,JxPath-17b,org_apache_commons_jxpath_ri_model_dom_DOMAttributeIterator,121.0,2587.0,149490.0,475.18333333333334,11.0,0.0,100.0,0.0,0.0,25.0,0.0,4.0,16.0,/mnt/d/AllFinalWork/project_sqa/GreyWolfOptimizer/Result_Round1/JxPath/JxPath-17b/GWO/org_apache_commons_jxpath_ri_model_dom_DOMAttributeIterator/terminal.log
JxPath,JxPath-17b,org_apache_commons_jxpath_ri_model_jdom_JDOMAttributeIterator,121.0,1648.0,478404.0,22.949999998150886,94.0,88.0,100.0,66.0,65.0,100.0,88.0,13.0,78.0,/mnt/d/AllFinalWork/project_sqa/GreyWolfOptimizer/Result_Round1/JxPath/JxPath-17b/GWO/org_apache_commons_jxpath_ri_model_jdom_JDOMAttributeIterator/terminal.log
JxPath,JxPath-18b,org_apache_commons_jxpath_ri_axes_AttributeContext,121.0,2265.0,705980.0,6.2,100.0,100.0,100.0,84.0,62.0,100.0,100.0,12.0,77.0,/mnt/d/AllFinalWork/project_sqa/GreyWolfOptimizer/Result_Round1/JxPath/JxPath-18b/GWO/org_apache_commons_jxpath_ri_axes_AttributeContext/terminal.log
JxPath,JxPath-19b,org_apache_commons_jxpath_ri_model_dom_DOMNodePointer,124.0,82.0,29056.0,1673.670397976829,38.0,34.0,100.0,8.0,28.0,100.0,34.0,70.0,281.0,/mnt/d/AllFinalWork/project_sqa/GreyWolfOptimizer/Result_Round1/JxPath/JxPath-19b/GWO/org_apache_commons_jxpath_ri_model_dom_DOMNodePointer/terminal.log
JxPath,JxPath-19b,org_apache_commons_jxpath_ri_model_jdom_JDOMNodePointer,124.0,86.0,45993.0,1531.7179487143414,38.0,34.0,100.0,15.0,32.0,100.0,33.0,58.0,265.0,/mnt/d/AllFinalWork/project_sqa/GreyWolfOptimizer/Result_Round1/JxPath/JxPath-19b/GWO/org_apache_commons_jxpath_ri_model_jdom_JDOMNodePointer/terminal.log
JxPath,JxPath-1b,org_apache_commons_jxpath_ri_model_dom_DOMNodePointer,121.0,73.0,36013.0,1076.007749729619,70.0,58.0,100.0,30.0,38.0,100.0,56.0,95.0,508.0,/mnt/d/AllFinalWork/project_sqa/GreyWolfOptimizer/Result_Round1/JxPath/JxPath-1b/GWO/org_apache_commons_jxpath_ri_model_dom_DOMNodePointer/terminal.log
JxPath,JxPath-1b,org_apache_commons_jxpath_ri_model_jdom_JDOMNodePointer,121.0,78.0,39281.0,1489.0141173835596,38.0,33.0,100.0,16.0,33.0,100.0,33.0,56.0,245.0,/mnt/d/AllFinalWork/project_sqa/GreyWolfOptimizer/Result_Round1/JxPath/JxPath-1b/GWO/org_apache_commons_jxpath_ri_model_jdom_JDOMNodePointer/terminal.log
JxPath,JxPath-20b,org_apache_commons_jxpath_ri_compiler_CoreOperationRelationalExpression,123.0,218.0,97169.0,47.54285714192582,79.0,77.0,100.0,72.0,29.0,100.0,77.0,15.0,112.0,/mnt/d/AllFinalWork/project_sqa/GreyWolfOptimizer/Result_Round1/JxPath/JxPath-20b/GWO/org_apache_commons_jxpath_ri_compiler_CoreOperationRelationalExpression/terminal.log
JxPath,JxPath-21b,org_apache_commons_jxpath_ri_model_beans_PropertyPointer,121.0,262.0,93343.0,283.47329863049845,71.0,58.0,100.0,31.0,23.0,100.0,53.0,53.0,294.0,/mnt/d/AllFinalWork/project_sqa/GreyWolfOptimizer/Result_Round1/JxPath/JxPath-21b/GWO/org_apache_commons_jxpath_ri_model_beans_PropertyPointer/terminal.log
JxPath,JxPath-22b,org_apache_commons_jxpath_ri_model_dom_DOMNodePointer,124.0,88.0,32666.0,1734.2879785565563,37.0,31.0,100.0,9.0,28.0,100.0,31.0,68.0,276.0,/mnt/d/AllFinalWork/project_sqa/GreyWolfOptimizer/Result_Round1/JxPath/JxPath-22b/GWO/org_apache_commons_jxpath_ri_model_dom_DOMNodePointer/terminal.log
JxPath,JxPath-2b,org_apache_commons_jxpath_ri_compiler_Expression,122.0,171.0,97830.0,9.043478260869566,100.0,95.0,86.0,55.0,83.0,100.0,95.0,37.0,186.0,/mnt/d/AllFinalWork/project_sqa/GreyWolfOptimizer/Result_Round1/JxPath/JxPath-2b/GWO/org_apache_commons_jxpath_ri_compiler_Expression/terminal.log
JxPath,JxPath-3b,org_apache_commons_jxpath_ri_model_beans_NullPropertyPointer,121.0,337.0,151112.0,147.98444444444445,78.0,89.0,100.0,37.0,47.0,100.0,89.0,52.0,325.0,/mnt/d/AllFinalWork/project_sqa/GreyWolfOptimizer/Result_Round1/JxPath/JxPath-3b/GWO/org_apache_commons_jxpath_ri_model_beans_NullPropertyPointer/terminal.log
JxPath,JxPath-4b,org_apache_commons_jxpath_ri_model_dom_DOMNodePointer,124.0,81.0,27178.0,1662.0166664264095,38.0,34.0,100.0,10.0,28.0,100.0,32.0,68.0,282.0,/mnt/d/AllFinalWork/project_sqa/GreyWolfOptimizer/Result_Round1/JxPath/JxPath-4b/GWO/org_apache_commons_jxpath_ri_model_dom_DOMNodePointer/terminal.log
JxPath,JxPath-4b,org_apache_commons_jxpath_ri_model_jdom_JDOMNodePointer,124.0,75.0,36409.0,1399.2638389402048,44.0,37.0,100.0,21.0,38.0,100.0,37.0,58.0,258.0,/mnt/d/AllFinalWork/project_sqa/GreyWolfOptimizer/Result_Round1/JxPath/JxPath-4b/GWO/org_apache_commons_jxpath_ri_model_jdom_JDOMNodePointer/terminal.log
JxPath,JxPath-5b,org_apache_commons_jxpath_ri_model_NodePointer,122.0,98.0,34329.0,743.3449597493706,75.0,61.0,100.0,11.0,43.0,100.0,60.0,122.0,499.0,/mnt/d/AllFinalWork/project_sqa/GreyWolfOptimizer/Result_Round1/JxPath/JxPath-5b/GWO/org_apache_commons_jxpath_ri_model_NodePointer/terminal.log
JxPath,JxPath-6b,org_apache_commons_jxpath_ri_compiler_CoreOperationCompare,122.0,280.0,146636.0,41.858823529411765,92.0,84.0,100.0,75.0,100.0,100.0,84.0,31.0,239.0,/mnt/d/AllFinalWork/project_sqa/GreyWolfOptimizer/Result_Round1/JxPath/JxPath-6b/GWO/org_apache_commons_jxpath_ri_compiler_CoreOperationCompare/terminal.log
JxPath,JxPath-7b,org_apache_commons_jxpath_ri_compiler_CoreOperationGreaterThan,121.0,441.0,115807.0,4.625,83.0,100.0,100.0,100.0,20.0,100.0,100.0,11.0,91.0,/mnt/d/AllFinalWork/project_sqa/GreyWolfOptimizer/Result_Round1/JxPath/JxPath-7b/GWO/org_apache_commons_jxpath_ri_compiler_CoreOperationGreaterThan/terminal.log
JxPath,JxPath-7b,org_apache_commons_jxpath_ri_compiler_CoreOperationGreaterThanOrEqual,122.0,242.0,75572.0,5.642857142857142,83.0,100.0,83.0,100.0,20.0,100.0,100.0,9.0,52.0,/mnt/d/AllFinalWork/project_sqa/GreyWolfOptimizer/Result_Round1/JxPath/JxPath-7b/GWO/org_apache_commons_jxpath_ri_compiler_CoreOperationGreaterThanOrEqual/terminal.log
JxPath,JxPath-7b,org_apache_commons_jxpath_ri_compiler_CoreOperationLessThan,122.0,488.0,104339.0,4.625,83.0,100.0,100.0,90.0,20.0,100.0,100.0,11.0,90.0,/mnt/d/AllFinalWork/project_sqa/GreyWolfOptimizer/Result_Round1/JxPath/JxPath-7b/GWO/org_apache_commons_jxpath_ri_compiler_CoreOperationLessThan/terminal.log
JxPath,JxPath-7b,org_apache_commons_jxpath_ri_compiler_CoreOperationLessThanOrEqual,124.0,208.0,38848.0,4.642857142857142,83.0,100.0,83.0,50.0,20.0,100.0,100.0,9.0,53.0,/mnt/d/AllFinalWork/project_sqa/GreyWolfOptimizer/Result_Round1/JxPath/JxPath-7b/GWO/org_apache_commons_jxpath_ri_compiler_CoreOperationLessThanOrEqual/terminal.log
JxPath,JxPath-7b,org_apache_commons_jxpath_ri_compiler_CoreOperationRelationalExpression,121.0,7997.0,489878.0,4.0,100.0,100.0,100.0,100.0,40.0,100.0,100.0,2.0,12.0,/mnt/d/AllFinalWork/project_sqa/GreyWolfOptimizer/Result_Round1/JxPath/JxPath-7b/GWO/org_apache_commons_jxpath_ri_compiler_CoreOperationRelationalExpression/terminal.log
JxPath,JxPath-8b,org_apache_commons_jxpath_ri_compiler_CoreOperationRelationalExpression,121.0,305.0,128591.0,114.0952380952381,49.0,46.0,100.0,22.0,29.0,100.0,46.0,11.0,88.0,/mnt/d/AllFinalWork/project_sqa/GreyWolfOptimizer/Result_Round1/JxPath/JxPath-8b/GWO/org_apache_commons_jxpath_ri_compiler_CoreOperationRelationalExpression/terminal.log
JxPath,JxPath-9b,org_apache_commons_jxpath_ri_compiler_CoreOperationCompare,121.0,366.0,205190.0,23.392156862745097,89.0,91.0,94.0,75.0,77.0,100.0,91.0,31.0,269.0,/mnt/d/AllFinalWork/project_sqa/GreyWolfOptimizer/Result_Round1/JxPath/JxPath-9b/GWO/org_apache_commons_jxpath_ri_compiler_CoreOperationCompare/terminal.log
JxPath,JxPath-9b,org_apache_commons_jxpath_ri_compiler_CoreOperationEqual,122.0,738.0,121363.0,5.166666666666667,100.0,100.0,80.0,100.0,20.0,100.0,100.0,7.0,46.0,/mnt/d/AllFinalWork/project_sqa/GreyWolfOptimizer/Result_Round1/JxPath/JxPath-9b/GWO/org_apache_commons_jxpath_ri_compiler_CoreOperationEqual/terminal.log
JxPath,JxPath-9b,org_apache_commons_jxpath_ri_compiler_CoreOperationNotEqual,123.0,513.0,108115.0,4.142857142857143,100.0,100.0,83.0,100.0,20.0,100.0,100.0,8.0,68.0,/mnt/d/AllFinalWork/project_sqa/GreyWolfOptimizer/Result_Round1/JxPath/JxPath-9b/GWO/org_apache_commons_jxpath_ri_compiler_CoreOperationNotEqual/terminal.log
Lang,Lang-10b,org_apache_commons_lang3_time_FastDateParser,121.0,71.0,23009.0,536.7875204293019,77.0,73.0,100.0,33.0,49.0,54.0,73.0,37.0,158.0,/mnt/d/AllFinalWork/project_sqa/GreyWolfOptimizer/Result_Round1/Lang/Lang-10b/GWO/org_apache_commons_lang3_time_FastDateParser/terminal.log
Lang,Lang-11b,org_apache_commons_lang3_RandomStringUtils,121.0,95.0,43554.0,58.949489081079356,80.0,89.0,100.0,68.0,67.0,100.0,78.0,55.0,86.0,/mnt/d/AllFinalWork/project_sqa/GreyWolfOptimizer/Result_Round1/Lang/Lang-11b/GWO/org_apache_commons_lang3_RandomStringUtils/terminal.log
Lang,Lang-12b,org_apache_commons_lang3_RandomStringUtils,121.0,66.0,31178.0,38.85820372069903,88.0,93.0,100.0,55.0,67.0,100.0,88.0,59.0,96.0,/mnt/d/AllFinalWork/project_sqa/GreyWolfOptimizer/Result_Round1/Lang/Lang-12b/GWO/org_apache_commons_lang3_RandomStringUtils/terminal.log
Lang,Lang-13b,org_apache_commons_lang3_SerializationUtils,121.0,89.0,31330.0,31.007575757575758,83.0,75.0,100.0,20.0,67.0,100.0,71.0,18.0,54.0,/mnt/d/AllFinalWork/project_sqa/GreyWolfOptimizer/Result_Round1/Lang/Lang-13b/GWO/org_apache_commons_lang3_SerializationUtils/terminal.log
Lang,Lang-14b,org_apache_commons_lang3_StringUtils,123.0,23.0,19784.0,1916.5785101338138,90.0,88.0,100.0,54.0,90.0,100.0,76.0,557.0,720.0,/mnt/d/AllFinalWork/project_sqa/GreyWolfOptimizer/Result_Round1/Lang/Lang-14b/GWO/org_apache_commons_lang3_StringUtils/terminal.log
Lang,Lang-15b,org_apache_commons_lang3_reflect_TypeUtils,121.0,128.0,67189.0,1109.0523719137145,48.0,44.0,100.0,27.0,50.0,93.0,17.0,45.0,175.0,/mnt/d/AllFinalWork/project_sqa/GreyWolfOptimizer/Result_Round1/Lang/Lang-15b/GWO/org_apache_commons_lang3_reflect_TypeUtils/terminal.log
Lang,Lang-16b,org_apache_commons_lang3_math_NumberUtils,121.0,57.0,36076.0,558.9237184956703,90.0,77.0,100.0,55.0,65.0,100.0,77.0,169.0,288.0,/mnt/d/AllFinalWork/project_sqa/GreyWolfOptimizer/Result_Round1/Lang/Lang-16b/GWO/org_apache_commons_lang3_math_NumberUtils/terminal.log
Lang,Lang-17b,org_apache_commons_lang3_text_translate_CharSequenceTranslator,121.0,1246.0,387750.0,6.257575757575758,94.0,100.0,100.0,61.0,64.0,100.0,100.0,18.0,65.0,/mnt/d/AllFinalWork/project_sqa/GreyWolfOptimizer/Result_Round1/Lang/Lang-17b/GWO/org_apache_commons_lang3_text_translate_CharSequenceTranslator/terminal.log
Lang,Lang-19b,org_apache_commons_lang3_text_translate_NumericEntityUnescaper,121.0,1670.0,302173.0,185.09722222222223,15.0,32.0,100.0,10.0,33.0,100.0,32.0,7.0,30.0,/mnt/d/AllFinalWork/project_sqa/GreyWolfOptimizer/Result_Round1/Lang/Lang-19b/GWO/org_apache_commons_lang3_text_translate_NumericEntityUnescaper/terminal.log
Lang,Lang-1b,GWO,,,,,,,,,,,,,,/mnt/d/AllFinalWork/project_sqa/GreyWolfOptimizer/Result_Round1/Lang/Lang-1b/GWO/terminal.log
Lang,Lang-1b,org_apache_commons_lang3_math_NumberUtils,121.0,60.0,33318.0,620.5331148669434,90.0,72.0,100.0,57.0,73.0,100.0,72.0,182.0,277.0,/mnt/d/AllFinalWork/project_sqa/GreyWolfOptimizer/Result_Round1/Lang/Lang-1b/GWO/org_apache_commons_lang3_math_NumberUtils/terminal.log
Lang,Lang-20b,org_apache_commons_lang3_StringUtils,123.0,21.0,18542.0,1934.2570421453852,90.0,88.0,100.0,53.0,87.0,100.0,76.0,544.0,731.0,/mnt/d/AllFinalWork/project_sqa/GreyWolfOptimizer/Result_Round1/Lang/Lang-20b/GWO/org_apache_commons_lang3_StringUtils/terminal.log
Lang,Lang-21b,org_apache_commons_lang3_time_DateUtils,121.0,74.0,20652.0,412.385601733008,93.0,86.0,100.0,50.0,44.0,100.0,81.0,132.0,300.0,/mnt/d/AllFinalWork/project_sqa/GreyWolfOptimizer/Result_Round1/Lang/Lang-21b/GWO/org_apache_commons_lang3_time_DateUtils/terminal.log
Lang,Lang-22b,org_apache_commons_lang3_math_Fraction,121.0,56.0,26261.0,270.6585792571557,95.0,90.0,100.0,54.0,83.0,100.0,89.0,106.0,279.0,/mnt/d/AllFinalWork/project_sqa/GreyWolfOptimizer/Result_Round1/Lang/Lang-22b/GWO/org_apache_commons_lang3_math_Fraction/terminal.log
Lang,Lang-23b,org_apache_commons_lang3_text_ExtendedMessageFormat,121.0,270.0,77058.0,607.5396907216494,43.0,32.0,100.0,5.0,67.0,100.0,32.0,23.0,58.0,/mnt/d/AllFinalWork/project_sqa/GreyWolfOptimizer/Result_Round1/Lang/Lang-23b/GWO/org_apache_commons_lang3_text_ExtendedMessageFormat/terminal.log
Lang,Lang-24b,org_apache_commons_lang3_math_NumberUtils,121.0,63.0,36520.0,563.1297875950523,90.0,75.0,100.0,60.0,68.0,100.0,75.0,177.0,275.0,/mnt/d/AllFinalWork/project_sqa/GreyWolfOptimizer/Result_Round1/Lang/Lang-24b/GWO/org_apache_commons_lang3_math_NumberUtils/terminal.log
Lang,Lang-26b,org_apache_commons_lang3_time_FastDateFormat,121.0,38.0,14305.0,1115.4226110025281,,,,,,,,,,/mnt/d/AllFinalWork/project_sqa/GreyWolfOptimizer/Result_Round1/Lang/Lang-26b/GWO/org_apache_commons_lang3_time_FastDateFormat/terminal.log
Lang,Lang-27b,org_apache_commons_lang3_math_NumberUtils,121.0,64.0,41238.0,602.446674106425,88.0,73.0,100.0,63.0,71.0,100.0,73.0,179.0,290.0,/mnt/d/AllFinalWork/project_sqa/GreyWolfOptimizer/Result_Round1/Lang/Lang-27b/GWO/org_apache_commons_lang3_math_NumberUtils/terminal.log
Lang,Lang-28b,org_apache_commons_lang3_text_translate_NumericEntityUnescaper,121.0,1424.0,371062.0,86.41772714646562,70.0,67.0,100.0,17.0,33.0,100.0,67.0,7.0,34.0,/mnt/d/AllFinalWork/project_sqa/GreyWolfOptimizer/Result_Round1/Lang/Lang-28b/GWO/org_apache_commons_lang3_text_translate_NumericEntityUnescaper/terminal.log
Lang,Lang-29b,org_apache_commons_lang3_SystemUtils,121.0,469.0,218572.0,797.5902248467918,74.0,73.0,100.0,39.0,56.0,100.0,73.0,41.0,51.0,/mnt/d/AllFinalWork/project_sqa/GreyWolfOptimizer/Result_Round1/Lang/Lang-29b/GWO/org_apache_commons_lang3_SystemUtils/terminal.log
Lang,Lang-30b,org_apache_commons_lang3_StringUtils,123.0,24.0,22364.0,1401.5647849090333,91.0,90.0,100.0,58.0,89.0,100.0,78.0,538.0,701.0,/mnt/d/AllFinalWork/project_sqa/GreyWolfOptimizer/Result_Round1/Lang/Lang-30b/GWO/org_apache_commons_lang3_StringUtils/terminal.log
Lang,Lang-31b,org_apache_commons_lang3_StringUtils,122.0,24.0,23430.0,1295.9829249754616,93.0,92.0,93.0,58.0,90.0,100.0,79.0,520.0,670.0,/mnt/d/AllFinalWork/project_sqa/GreyWolfOptimizer/Result_Round1/Lang/Lang-31b/GWO/org_apache_commons_lang3_StringUtils/terminal.log
Lang,Lang-32b,org_apache_commons_lang3_builder_HashCodeBuilder,121.0,77.0,68269.0,126.02857142857142,90.0,86.0,100.0,89.0,54.0,100.0,81.0,63.0,187.0,/mnt/d/AllFinalWork/project_sqa/GreyWolfOptimizer/Result_Round1/Lang/Lang-32b/GWO/org_apache_commons_lang3_builder_HashCodeBuilder/terminal.log
Lang,Lang-33b,org_apache_commons_lang3_ClassUtils,121.0,62.0,38587.0,519.2157891974726,78.0,69.0,100.0,51.0,59.0,100.0,66.0,92.0,174.0,/mnt/d/AllFinalWork/project_sqa/GreyWolfOptimizer/Result_Round1/Lang/Lang-33b/GWO/org_apache_commons_lang3_ClassUtils/terminal.log
Lang,Lang-34b,org_apache_commons_lang3_builder_ToStringStyle,122.0,49.0,41550.0,361.503908045977,85.0,80.0,100.0,70.0,48.0,100.0,80.0,204.0,629.0,/mnt/d/AllFinalWork/project_sqa/GreyWolfOptimizer/Result_Round1/Lang/Lang-34b/GWO/org_apache_commons_lang3_builder_ToStringStyle/terminal.log
Lang,Lang-35b,org_apache_commons_lang3_ArrayUtils,122.0,34.0,38009.0,1063.30968835116,95.0,87.0,100.0,72.0,76.0,100.0,84.0,475.0,1028.0,/mnt/d/AllFinalWork/project_sqa/GreyWolfOptimizer/Result_Round1/Lang/Lang-35b/GWO/org_apache_commons_lang3_ArrayUtils/terminal.log
Lang,Lang-36b,org_apache_commons_lang3_math_NumberUtils,122.0,60.0,34613.0,560.0875647561894,90.0,77.0,100.0,56.0,65.0,100.0,77.0,177.0,284.0,/mnt/d/AllFinalWork/project_sqa/GreyWolfOptimizer/Result_Round1/Lang/Lang-36b/GWO/org_apache_commons_lang3_math_NumberUtils/terminal.log
Lang,Lang-37b,org_apache_commons_lang3_ArrayUtils,122.0,35.0,34642.0,1198.9974016683282,93.0,83.0,100.0,71.0,71.0,100.0,79.0,419.0,947.0,/mnt/d/AllFinalWork/project_sqa/GreyWolfOptimizer/Result_Round1/Lang/Lang-37b/GWO/org_apache_commons_lang3_ArrayUtils/terminal.log
Lang,Lang-38b,org_apache_commons_lang3_time_FastDateFormat,122.0,40.0,13240.0,1119.4623546223042,,,,,,,,,,/mnt/d/AllFinalWork/project_sqa/GreyWolfOptimizer/Result_Round1/Lang/Lang-38b/GWO/org_apache_commons_lang3_time_FastDateFormat/terminal.log
Lang,Lang-39b,org_apache_commons_lang3_StringUtils,123.0,28.0,23784.0,1300.2545195918335,92.0,91.0,100.0,58.0,92.0,100.0,81.0,515.0,662.0,/mnt/d/AllFinalWork/project_sqa/GreyWolfOptimizer/Result_Round1/Lang/Lang-39b/GWO/org_apache_commons_lang3_StringUtils/terminal.log
Lang,Lang-3b,GWO,,,,,,,,,,,,,,/mnt/d/AllFinalWork/project_sqa/GreyWolfOptimizer/Result_Round1/Lang/Lang-3b/GWO/terminal.log
Lang,Lang-3b,org_apache_commons_lang3_math_NumberUtils,122.0,59.0,37660.0,539.367565074108,92.0,75.0,100.0,58.0,73.0,100.0,75.0,175.0,265.0,/mnt/d/AllFinalWork/project_sqa/GreyWolfOptimizer/Result_Round1/Lang/Lang-3b/GWO/org_apache_commons_lang3_math_NumberUtils/terminal.log
Lang,Lang-40b,org_apache_commons_lang_StringUtils,122.0,26.0,23349.0,1244.2767494577874,94.0,91.0,100.0,61.0,92.0,100.0,80.0,495.0,702.0,/mnt/d/AllFinalWork/project_sqa/GreyWolfOptimizer/Result_Round1/Lang/Lang-40b/GWO/org_apache_commons_lang_StringUtils/terminal.log
Lang,Lang-41b,org_apache_commons_lang_ClassUtils,121.0,66.0,40049.0,462.7180948093495,80.0,70.0,100.0,49.0,59.0,100.0,62.0,84.0,156.0,/mnt/d/AllFinalWork/project_sqa/GreyWolfOptimizer/Result_Round1/Lang/Lang-41b/GWO/org_apache_commons_lang_ClassUtils/terminal.log
Lang,Lang-42b,org_apache_commons_lang_Entities,121.0,78.0,51760.0,103.35454544474027,89.0,84.0,71.0,50.0,67.0,100.0,84.0,46.0,149.0,/mnt/d/AllFinalWork/project_sqa/GreyWolfOptimizer/Result_Round1/Lang/Lang-42b/GWO/org_apache_commons_lang_Entities/terminal.log
Lang,Lang-43b,org_apache_commons_lang_text_ExtendedMessageFormat,125.0,6.0,3822.0,636.8043008314437,42.0,29.0,100.0,3.0,67.0,100.0,28.0,19.0,52.0,/mnt/d/AllFinalWork/project_sqa/GreyWolfOptimizer/Result_Round1/Lang/Lang-43b/GWO/org_apache_commons_lang_text_ExtendedMessageFormat/terminal.log
Lang,Lang-44b,org_apache_commons_lang_NumberUtils,121.0,85.0,16624.0,422.63719085286886,84.0,69.0,100.0,48.0,53.0,100.0,69.0,84.0,85.0,/mnt/d/AllFinalWork/project_sqa/GreyWolfOptimizer/Result_Round1/Lang/Lang-44b/GWO/org_apache_commons_lang_NumberUtils/terminal.log
Lang,Lang-45b,org_apache_commons_lang_WordUtils,122.0,107.0,82226.0,15.0,99.0,99.0,100.0,77.0,100.0,100.0,99.0,56.0,75.0,/mnt/d/AllFinalWork/project_sqa/GreyWolfOptimizer/Result_Round1/Lang/Lang-45b/GWO/org_apache_commons_lang_WordUtils/terminal.log
Lang,Lang-46b,org_apache_commons_lang_StringEscapeUtils,121.0,106.0,52621.0,142.99852054632265,71.0,77.0,100.0,55.0,100.0,100.0,74.0,69.0,98.0,/mnt/d/AllFinalWork/project_sqa/GreyWolfOptimizer/Result_Round1/Lang/Lang-46b/GWO/org_apache_commons_lang_StringEscapeUtils/terminal.log
Lang,Lang-47b,org_apache_commons_lang_text_StrBuilder,123.0,40.0,25072.0,1329.5998069016805,95.0,91.0,100.0,14.0,49.0,100.0,86.0,320.0,865.0,/mnt/d/AllFinalWork/project_sqa/GreyWolfOptimizer/Result_Round1/Lang/Lang-47b/GWO/org_apache_commons_lang_text_StrBuilder/terminal.log
Lang,Lang-49b,org_apache_commons_lang_math_Fraction,122.0,54.0,27582.0,288.1257901165531,94.0,90.0,100.0,50.0,84.0,100.0,90.0,111.0,265.0,/mnt/d/AllFinalWork/project_sqa/GreyWolfOptimizer/Result_Round1/Lang/Lang-49b/GWO/org_apache_commons_lang_math_Fraction/terminal.log
Lang,Lang-4b,GWO,,,,,,,,,,,,,,/mnt/d/AllFinalWork/project_sqa/GreyWolfOptimizer/Result_Round1/Lang/Lang-4b/GWO/terminal.log
Lang,Lang-4b,org_apache_commons_lang3_text_translate_LookupTranslator,121.0,1878.0,570068.0,1.6428571428571428,100.0,100.0,100.0,65.0,67.0,100.0,100.0,10.0,102.0,/mnt/d/AllFinalWork/project_sqa/GreyWolfOptimizer/Result_Round1/Lang/Lang-4b/GWO/org_apache_commons_lang3_text_translate_LookupTranslator/terminal.log
Lang,Lang-50b,org_apache_commons_lang_time_FastDateFormat,121.0,48.0,16729.0,1120.3994769238407,,,,,,,,,,/mnt/d/AllFinalWork/project_sqa/GreyWolfOptimizer/Result_Round1/Lang/Lang-50b/GWO/org_apache_commons_lang_time_FastDateFormat/terminal.log
Lang,Lang-51b,org_apache_commons_lang_BooleanUtils,122.0,74.0,49760.0,320.7694441171099,95.0,81.0,100.0,71.0,84.0,100.0,81.0,126.0,205.0,/mnt/d/AllFinalWork/project_sqa/GreyWolfOptimizer/Result_Round1/Lang/Lang-51b/GWO/org_apache_commons_lang_BooleanUtils/terminal.log
Lang,Lang-52b,org_apache_commons_lang_StringEscapeUtils,122.0,150.0,72914.0,92.0078306806328,69.0,82.0,100.0,53.0,100.0,100.0,80.0,53.0,71.0,/mnt/d/AllFinalWork/project_sqa/GreyWolfOptimizer/Result_Round1/Lang/Lang-52b/GWO/org_apache_commons_lang_StringEscapeUtils/terminal.log
Lang,Lang-53b,org_apache_commons_lang_time_DateUtils,121.0,83.0,31731.0,141.18311159175647,97.0,92.0,100.0,52.0,53.0,100.0,90.0,83.0,180.0,/mnt/d/AllFinalWork/project_sqa/GreyWolfOptimizer/Result_Round1/Lang/Lang-53b/GWO/org_apache_commons_lang_time_DateUtils/terminal.log
Lang,Lang-54b,org_apache_commons_lang_LocaleUtils,121.0,187.0,64299.0,113.8999990444635,88.0,80.0,100.0,32.0,10.0,100.0,80.0,14.0,51.0,/mnt/d/AllFinalWork/project_sqa/GreyWolfOptimizer/Result_Round1/Lang/Lang-54b/GWO/org_apache_commons_lang_LocaleUtils/terminal.log
Lang,Lang-55b,org_apache_commons_lang_time_StopWatch,121.0,761.0,86927.0,14.61111111111111,98.0,97.0,100.0,66.0,50.0,100.0,97.0,19.0,65.0,/mnt/d/AllFinalWork/project_sqa/GreyWolfOptimizer/Result_Round1/Lang/Lang-55b/GWO/org_apache_commons_lang_time_StopWatch/terminal.log
Lang,Lang-56b,org_apache_commons_lang_time_FastDateFormat,121.0,35.0,13114.0,1058.8392642487045,,,,,,,,,,/mnt/d/AllFinalWork/project_sqa/GreyWolfOptimizer/Result_Round1/Lang/Lang-56b/GWO/org_apache_commons_lang_time_FastDateFormat/terminal.log
Lang,Lang-57b,org_apache_commons_lang_LocaleUtils,121.0,172.0,47756.0,121.23333237779684,88.0,79.0,100.0,34.0,10.0,100.0,79.0,23.0,111.0,/mnt/d/AllFinalWork/project_sqa/GreyWolfOptimizer/Result_Round1/Lang/Lang-57b/GWO/org_apache_commons_lang_LocaleUtils/terminal.log
Lang,Lang-58b,org_apache_commons_lang_math_NumberUtils,122.0,48.0,33364.0,845.4329272276048,82.0,72.0,100.0,54.0,72.0,100.0,72.0,201.0,340.0,/mnt/d/AllFinalWork/project_sqa/GreyWolfOptimizer/Result_Round1/Lang/Lang-58b/GWO/org_apache_commons_lang_math_NumberUtils/terminal.log
Lang,Lang-59b,org_apache_commons_lang_text_StrBuilder,122.0,36.0,20198.0,1148.2892678634394,93.0,91.0,100.0,38.0,51.0,100.0,88.0,298.0,805.0,/mnt/d/AllFinalWork/project_sqa/GreyWolfOptimizer/Result_Round1/Lang/Lang-59b/GWO/org_apache_commons_lang_text_StrBuilder/terminal.log
Lang,Lang-5b,GWO,,,,,,,,,,,,,,/mnt/d/AllFinalWork/project_sqa/GreyWolfOptimizer/Result_Round1/Lang/Lang-5b/GWO/terminal.log
Lang,Lang-5b,org_apache_commons_lang3_LocaleUtils,121.0,414.0,107486.0,126.09523760123507,55.0,55.0,100.0,31.0,10.0,100.0,55.0,22.0,28.0,/mnt/d/AllFinalWork/project_sqa/GreyWolfOptimizer/Result_Round1/Lang/Lang-5b/GWO/org_apache_commons_lang3_LocaleUtils/terminal.log
Lang,Lang-60b,org_apache_commons_lang_text_StrBuilder,123.0,32.0,19043.0,1248.220879813752,93.0,88.0,100.0,36.0,53.0,100.0,84.0,286.0,785.0,/mnt/d/AllFinalWork/project_sqa/GreyWolfOptimizer/Result_Round1/Lang/Lang-60b/GWO/org_apache_commons_lang_text_StrBuilder/terminal.log
Lang,Lang-61b,org_apache_commons_lang_text_StrBuilder,123.0,31.0,18937.0,1298.8505240201955,92.0,91.0,100.0,19.0,53.0,100.0,86.0,294.0,815.0,/mnt/d/AllFinalWork/project_sqa/GreyWolfOptimizer/Result_Round1/Lang/Lang-61b/GWO/org_apache_commons_lang_text_StrBuilder/terminal.log
Lang,Lang-62b,org_apache_commons_lang_Entities,122.0,38.0,29096.0,292.72358974296884,79.0,71.0,100.0,42.0,75.0,97.0,71.0,40.0,129.0,/mnt/d/AllFinalWork/project_sqa/GreyWolfOptimizer/Result_Round1/Lang/Lang-62b/GWO/org_apache_commons_lang_Entities/terminal.log
Lang,Lang-63b,org_apache_commons_lang_time_DurationFormatUtils,122.0,46.0,31059.0,344.5420711112103,68.0,73.0,100.0,15.0,48.0,100.0,73.0,41.0,79.0,/mnt/d/AllFinalWork/project_sqa/GreyWolfOptimizer/Result_Round1/Lang/Lang-63b/GWO/org_apache_commons_lang_time_DurationFormatUtils/terminal.log
Lang,Lang-64b,org_apache_commons_lang_enums_ValuedEnum,121.0,2776.0,456764.0,12.0,72.0,82.0,67.0,67.0,64.0,100.0,82.0,9.0,20.0,/mnt/d/AllFinalWork/project_sqa/GreyWolfOptimizer/Result_Round1/Lang/Lang-64b/GWO/org_apache_commons_lang_enums_ValuedEnum/terminal.log
Lang,Lang-65b,org_apache_commons_lang_time_DateUtils,121.0,89.0,27884.0,167.60104654249753,95.0,92.0,100.0,59.0,56.0,100.0,88.0,90.0,240.0,/mnt/d/AllFinalWork/project_sqa/GreyWolfOptimizer/Result_Round1/Lang/Lang-65b/GWO/org_apache_commons_lang_time_DateUtils/terminal.log
Lang,Lang-6b,GWO,,,,,,,,,,,,,,/mnt/d/AllFinalWork/project_sqa/GreyWolfOptimizer/Result_Round1/Lang/Lang-6b/GWO/terminal.log
Lang,Lang-6b,org_apache_commons_lang3_text_translate_CharSequenceTranslator,121.0,455.0,139197.0,6.277777777777778,93.0,100.0,100.0,85.0,64.0,100.0,100.0,15.0,55.0,/mnt/d/AllFinalWork/project_sqa/GreyWolfOptimizer/Result_Round1/Lang/Lang-6b/GWO/org_apache_commons_lang3_text_translate_CharSequenceTranslator/terminal.log
Lang,Lang-7b,GWO,,,,,,,,,,,,,,/mnt/d/AllFinalWork/project_sqa/GreyWolfOptimizer/Result_Round1/Lang/Lang-7b/GWO/terminal.log
Lang,Lang-7b,org_apache_commons_lang3_math_NumberUtils,122.0,53.0,34601.0,589.7482545013913,90.0,76.0,100.0,58.0,67.0,100.0,76.0,179.0,296.0,/mnt/d/AllFinalWork/project_sqa/GreyWolfOptimizer/Result_Round1/Lang/Lang-7b/GWO/org_apache_commons_lang3_math_NumberUtils/terminal.log
Lang,Lang-8b,GWO,,,,,,,,,,,,,,/mnt/d/AllFinalWork/project_sqa/GreyWolfOptimizer/Result_Round1/Lang/Lang-8b/GWO/terminal.log
Lang,Lang-8b,org_apache_commons_lang3_time_FastDatePrinter,121.0,63.0,21984.0,937.8305072277449,,,,,,,,,,/mnt/d/AllFinalWork/project_sqa/GreyWolfOptimizer/Result_Round1/Lang/Lang-8b/GWO/org_apache_commons_lang3_time_FastDatePrinter/terminal.log
Lang,Lang-9b,GWO,,,,,,,,,,,,,,/mnt/d/AllFinalWork/project_sqa/GreyWolfOptimizer/Result_Round1/Lang/Lang-9b/GWO/terminal.log
Lang,Lang-9b,org_apache_commons_lang3_time_FastDateParser,122.0,84.0,28285.0,525.6202379986103,69.0,72.0,100.0,34.0,46.0,54.0,71.0,41.0,161.0,/mnt/d/AllFinalWork/project_sqa/GreyWolfOptimizer/Result_Round1/Lang/Lang-9b/GWO/org_apache_commons_lang3_time_FastDateParser/terminal.log
Math,Math-100b,GWO,121.0,181.0,121705.0,11.547619047619047,,,,,,,,,,/mnt/d/AllFinalWork/project_sqa/GreyWolfOptimizer/Result_Round1/Math/Math-100b/GWO/terminal.log
Math,Math-101b,GWO,121.0,122.0,43782.0,53.29901185770751,,,,,,,,,,/mnt/d/AllFinalWork/project_sqa/GreyWolfOptimizer/Result_Round1/Math/Math-101b/GWO/terminal.log
Math,Math-102b,GWO,121.0,152.0,86293.0,88.8859649122807,97.0,89.0,100.0,47.0,27.0,100.0,89.0,49.0,232.0,/mnt/d/AllFinalWork/project_sqa/GreyWolfOptimizer/Result_Round1/Math/Math-102b/GWO/terminal.log
Math,Math-103b,GWO,121.0,841.0,145794.0,2.142857142857143,100.0,100.0,100.0,79.0,90.0,100.0,100.0,25.0,57.0,/mnt/d/AllFinalWork/project_sqa/GreyWolfOptimizer/Result_Round1/Math/Math-103b/GWO/terminal.log
Math,Math-104b,GWO,121.0,137.0,69584.0,4.309523809523809,95.0,100.0,100.0,69.0,87.0,100.0,100.0,38.0,38.0,/mnt/d/AllFinalWork/project_sqa/GreyWolfOptimizer/Result_Round1/Math/Math-104b/GWO/terminal.log
Math,Math-105b,GWO,121.0,191.0,125695.0,15.642857142857142,100.0,100.0,100.0,77.0,76.0,100.0,94.0,52.0,300.0,/mnt/d/AllFinalWork/project_sqa/GreyWolfOptimizer/Result_Round1/Math/Math-105b/GWO/terminal.log
Math,Math-106b,GWO,121.0,142.0,53105.0,40.21111111111111,,,,,,,,,,/mnt/d/AllFinalWork/project_sqa/GreyWolfOptimizer/Result_Round1/Math/Math-106b/GWO/terminal.log
Math,Math-10b,GWO,122.0,29.0,9854.0,935.0044468751265,88.0,80.0,100.0,5.0,43.0,100.0,77.0,85.0,237.0,/mnt/d/AllFinalWork/project_sqa/GreyWolfOptimizer/Result_Round1/Math/Math-10b/GWO/terminal.log
Math,Math-11b,GWO,121.0,620.0,182120.0,28.552631577550386,98.0,100.0,100.0,55.0,23.0,100.0,100.0,26.0,166.0,/mnt/d/AllFinalWork/project_sqa/GreyWolfOptimizer/Result_Round1/Math/Math-11b/GWO/terminal.log
Math,Math-12b,GWO,122.0,483.0,208128.0,12.590906891938289,100.0,100.0,100.0,72.0,60.0,100.0,100.0,27.0,74.0,/mnt/d/AllFinalWork/project_sqa/GreyWolfOptimizer/Result_Round1/Math/Math-12b/GWO/terminal.log
Math,Math-13b,GWO,122.0,3258.0,0.0,780.9876543209876,0.0,0.0,100.0,0.0,0.0,0.0,0.0,0.0,0.0,/mnt/d/AllFinalWork/project_sqa/GreyWolfOptimizer/Result_Round1/Math/Math-13b/GWO/terminal.log
Math,Math-14b,GWO,122.0,1359.0,248505.0,130.51190476190476,65.0,70.0,100.0,7.0,8.0,100.0,70.0,14.0,57.0,/mnt/d/AllFinalWork/project_sqa/GreyWolfOptimizer/Result_Round1/Math/Math-14b/GWO/terminal.log
Math,Math-15b,GWO,123.0,14.0,14553.0,1876.2834554349336,90.0,77.0,100.0,45.0,89.0,95.0,67.0,285.0,288.0,/mnt/d/AllFinalWork/project_sqa/GreyWolfOptimizer/Result_Round1/Math/Math-15b/GWO/terminal.log
Math,Math-16b,GWO,124.0,17.0,17551.0,1635.3562647262368,91.0,81.0,100.0,47.0,89.0,95.0,71.0,279.0,281.0,/mnt/d/AllFinalWork/project_sqa/GreyWolfOptimizer/Result_Round1/Math/Math-16b/GWO/terminal.log
Math,Math-17b,GWO,123.0,36.0,3385.0,6383.335722293898,26.0,21.0,100.0,0.0,0.0,13.0,9.0,10.0,10.0,/mnt/d/AllFinalWork/project_sqa/GreyWolfOptimizer/Result_Round1/Math/Math-17b/GWO/terminal.log
Math,Math-18b,GWO,121.0,114.0,70290.0,2502.5967845659166,39.0,31.0,100.0,2.0,35.0,59.0,29.0,11.0,78.0,/mnt/d/AllFinalWork/project_sqa/GreyWolfOptimizer/Result_Round1/Math/Math-18b/GWO/terminal.log
Math,Math-19b,GWO,124.0,67.0,40049.0,672.6544515832802,83.0,72.0,100.0,5.0,35.0,59.0,67.0,14.0,91.0,/mnt/d/AllFinalWork/project_sqa/GreyWolfOptimizer/Result_Round1/Math/Math-19b/GWO/terminal.log
Math,Math-1b,GWO,122.0,32.0,19885.0,92.41071428524862,97.0,97.0,100.0,62.0,81.0,100.0,95.0,142.0,336.0,/mnt/d/AllFinalWork/project_sqa/GreyWolfOptimizer/Result_Round1/Math/Math-1b/GWO/terminal.log
Math,Math-20b,GWO,122.0,89.0,52497.0,1135.243630511648,68.0,53.0,100.0,1.0,35.0,59.0,49.0,12.0,98.0,/mnt/d/AllFinalWork/project_sqa/GreyWolfOptimizer/Result_Round1/Math/Math-20b/GWO/terminal.log
Math,Math-21b,GWO,121.0,891.0,242890.0,5.7,100.0,100.0,100.0,67.0,40.0,100.0,100.0,8.0,27.0,/mnt/d/AllFinalWork/project_sqa/GreyWolfOptimizer/Result_Round1/Math/Math-21b/GWO/terminal.log
Math,Math-22b,GWO,121.0,190.0,64691.0,17.2,98.0,100.0,100.0,71.0,53.0,100.0,100.0,30.0,73.0,/mnt/d/AllFinalWork/project_sqa/GreyWolfOptimizer/Result_Round1/Math/Math-22b/GWO/terminal.log
Math,Math-23b,GWO,,,,,,,,,,,,,,/mnt/d/AllFinalWork/project_sqa/GreyWolfOptimizer/Result_Round1/Math/Math-23b/GWO/terminal.log
Math,Math-24b,GWO,121.0,318.0,84780.0,89.56666666666666,92.0,83.0,100.0,50.0,86.0,100.0,83.0,13.0,42.0,/mnt/d/AllFinalWork/project_sqa/GreyWolfOptimizer/Result_Round1/Math/Math-24b/GWO/terminal.log
Math,Math-25b,GWO,121.0,166.0,103054.0,12.624999997669791,99.0,97.0,100.0,23.0,50.0,100.0,97.0,12.0,117.0,/mnt/d/AllFinalWork/project_sqa/GreyWolfOptimizer/Result_Round1/Math/Math-25b/GWO/terminal.log
Math,Math-26b,GWO,121.0,62.0,39550.0,107.19215679898831,98.0,96.0,100.0,54.0,86.0,100.0,96.0,86.0,196.0,/mnt/d/AllFinalWork/project_sqa/GreyWolfOptimizer/Result_Round1/Math/Math-26b/GWO/terminal.log
Math,Math-27b,GWO,121.0,52.0,35112.0,91.52549019561276,98.0,97.0,100.0,57.0,85.0,100.0,96.0,81.0,191.0,/mnt/d/AllFinalWork/project_sqa/GreyWolfOptimizer/Result_Round1/Math/Math-27b/GWO/terminal.log
Math,Math-28b,GWO,121.0,606.0,262344.0,4.111111111111111,100.0,100.0,100.0,38.0,50.0,100.0,100.0,12.0,118.0,/mnt/d/AllFinalWork/project_sqa/GreyWolfOptimizer/Result_Round1/Math/Math-28b/GWO/terminal.log
Math,Math-29b,GWO,122.0,32.0,19982.0,111.3537414942401,99.0,98.0,100.0,60.0,67.0,100.0,91.0,141.0,594.0,/mnt/d/AllFinalWork/project_sqa/GreyWolfOptimizer/Result_Round1/Math/Math-29b/GWO/terminal.log
Math,Math-2b,GWO,121.0,125.0,49981.0,13.166666666666666,99.0,100.0,100.0,67.0,63.0,100.0,100.0,35.0,77.0,/mnt/d/AllFinalWork/project_sqa/GreyWolfOptimizer/Result_Round1/Math/Math-2b/GWO/terminal.log
Math,Math-30b,GWO,121.0,1541.0,284468.0,4.7,100.0,100.0,100.0,56.0,50.0,100.0,100.0,9.0,38.0,/mnt/d/AllFinalWork/project_sqa/GreyWolfOptimizer/Result_Round1/Math/Math-30b/GWO/terminal.log
Math,Math-31b,GWO,121.0,3725.0,0.0,505.98333333333335,0.0,0.0,100.0,0.0,0.0,0.0,0.0,0.0,0.0,/mnt/d/AllFinalWork/project_sqa/GreyWolfOptimizer/Result_Round1/Math/Math-31b/GWO/terminal.log
Math,Math-32b,GWO,122.0,226.0,92419.0,102.52772489290814,90.0,84.0,100.0,59.0,67.0,64.0,77.0,20.0,108.0,/mnt/d/AllFinalWork/project_sqa/GreyWolfOptimizer/Result_Round1/Math/Math-32b/GWO/terminal.log
Math,Math-33b,GWO,121.0,73.0,55882.0,133.47222222222223,94.0,89.0,100.0,37.0,54.0,100.0,89.0,60.0,421.0,/mnt/d/AllFinalWork/project_sqa/GreyWolfOptimizer/Result_Round1/Math/Math-33b/GWO/terminal.log
Math,Math-34b,GWO,121.0,642.0,105883.0,42.95833333333333,90.0,90.0,100.0,46.0,33.0,100.0,90.0,25.0,63.0,/mnt/d/AllFinalWork/project_sqa/GreyWolfOptimizer/Result_Round1/Math/Math-34b/GWO/terminal.log
Math,Math-35b,GWO,121.0,559.0,91791.0,6.583333333333334,100.0,100.0,100.0,64.0,60.0,100.0,100.0,20.0,49.0,/mnt/d/AllFinalWork/project_sqa/GreyWolfOptimizer/Result_Round1/Math/Math-35b/GWO/terminal.log
Math,Math-36b,GWO,125.0,26.0,16301.0,81.130897517966,97.0,95.0,100.0,56.0,85.0,100.0,94.0,150.0,362.0,/mnt/d/AllFinalWork/project_sqa/GreyWolfOptimizer/Result_Round1/Math/Math-36b/GWO/terminal.log
Math,Math-37b,GWO,123.0,28.0,24181.0,72.62499387810279,100.0,98.0,100.0,24.0,86.0,100.0,96.0,74.0,1605.0,/mnt/d/AllFinalWork/project_sqa/GreyWolfOptimizer/Result_Round1/Math/Math-37b/GWO/terminal.log
Math,Math-38b,GWO,122.0,932.0,47378.0,4266.499161073825,1.0,0.0,100.0,0.0,0.0,100.0,0.0,2.0,3.0,/mnt/d/AllFinalWork/project_sqa/GreyWolfOptimizer/Result_Round1/Math/Math-38b/GWO/terminal.log
Math,Math-39b,GWO,122.0,197.0,142967.0,9.890476190476189,94.0,96.0,100.0,56.0,83.0,100.0,96.0,17.0,63.0,/mnt/d/AllFinalWork/project_sqa/GreyWolfOptimizer/Result_Round1/Math/Math-39b/GWO/terminal.log
Math,Math-3b,GWO,122.0,61.0,46028.0,117.11492537313433,97.0,95.0,100.0,,70.0,100.0,95.0,173.0,497.0,/mnt/d/AllFinalWork/project_sqa/GreyWolfOptimizer/Result_Round1/Math/Math-3b/GWO/terminal.log
Math,Math-40b,GWO,122.0,173.0,56565.0,12.238095238095237,98.0,97.0,100.0,80.0,83.0,100.0,97.0,26.0,89.0,/mnt/d/AllFinalWork/project_sqa/GreyWolfOptimizer/Result_Round1/Math/Math-40b/GWO/terminal.log
Math,Math-41b,GWO,121.0,133.0,75854.0,42.03030303030303,100.0,90.0,100.0,80.0,80.0,100.0,75.0,71.0,268.0,/mnt/d/AllFinalWork/project_sqa/GreyWolfOptimizer/Result_Round1/Math/Math-41b/GWO/terminal.log
Math,Math-42b,GWO,121.0,69.0,50177.0,133.8026315784814,94.0,89.0,100.0,39.0,58.0,100.0,89.0,65.0,525.0,/mnt/d/AllFinalWork/project_sqa/GreyWolfOptimizer/Result_Round1/Math/Math-42b/GWO/terminal.log
Math,Math-43b,GWO,121.0,86.0,50851.0,37.035714285714285,100.0,98.0,96.0,37.0,68.0,100.0,98.0,95.0,341.0,/mnt/d/AllFinalWork/project_sqa/GreyWolfOptimizer/Result_Round1/Math/Math-43b/GWO/terminal.log
Math,Math-44b,GWO,121.0,90.0,56895.0,113.54751130895757,72.0,75.0,100.0,16.0,32.0,76.0,75.0,31.0,130.0,/mnt/d/AllFinalWork/project_sqa/GreyWolfOptimizer/Result_Round1/Math/Math-44b/GWO/terminal.log
Math,Math-45b,GWO,122.0,11.0,2503.0,432.05952380393586,57.0,52.0,100.0,10.0,25.0,100.0,48.0,25.0,52.0,/mnt/d/AllFinalWork/project_sqa/GreyWolfOptimizer/Result_Round1/Math/Math-45b/GWO/terminal.log
Math,Math-46b,GWO,121.0,27.0,23919.0,75.12498319793671,99.0,98.0,100.0,15.0,86.0,100.0,96.0,71.0,1591.0,/mnt/d/AllFinalWork/project_sqa/GreyWolfOptimizer/Result_Round1/Math/Math-46b/GWO/terminal.log
Math,Math-47b,GWO,122.0,43.0,38237.0,74.00378787878788,99.0,97.0,100.0,67.0,85.0,100.0,97.0,143.0,353.0,/mnt/d/AllFinalWork/project_sqa/GreyWolfOptimizer/Result_Round1/Math/Math-47b/GWO/terminal.log
Math,Math-48b,GWO,122.0,208.0,64494.0,11.8125,96.0,96.0,100.0,91.0,100.0,100.0,96.0,36.0,138.0,/mnt/d/AllFinalWork/project_sqa/GreyWolfOptimizer/Result_Round1/Math/Math-48b/GWO/terminal.log
Math,Math-49b,GWO,122.0,39.0,21310.0,194.45784313725488,96.0,92.0,100.0,63.0,61.0,100.0,87.0,166.0,676.0,/mnt/d/AllFinalWork/project_sqa/GreyWolfOptimizer/Result_Round1/Math/Math-49b/GWO/terminal.log
Math,Math-4b,GWO,121.0,1736.0,497390.0,7.111111111111111,96.0,100.0,100.0,68.0,70.0,100.0,100.0,17.0,86.0,/mnt/d/AllFinalWork/project_sqa/GreyWolfOptimizer/Result_Round1/Math/Math-4b/GWO/terminal.log
Math,Math-50b,GWO,121.0,191.0,62221.0,21.404761904761905,93.0,91.0,100.0,93.0,100.0,100.0,91.0,34.0,142.0,/mnt/d/AllFinalWork/project_sqa/GreyWolfOptimizer/Result_Round1/Math/Math-50b/GWO/terminal.log
Math,Math-51b,GWO,121.0,238.0,77931.0,11.23300873704996,97.0,95.0,100.0,89.0,100.0,100.0,95.0,35.0,139.0,/mnt/d/AllFinalWork/project_sqa/GreyWolfOptimizer/Result_Round1/Math/Math-51b/GWO/terminal.log
Math,Math-52b,GWO,121.0,63.0,38728.0,125.35394553114627,92.0,85.0,100.0,51.0,80.0,100.0,85.0,91.0,281.0,/mnt/d/AllFinalWork/project_sqa/GreyWolfOptimizer/Result_Round1/Math/Math-52b/GWO/terminal.log
Math,Math-53b,GWO,122.0,42.0,33166.0,61.12499097179589,97.0,94.0,100.0,68.0,82.0,100.0,91.0,118.0,294.0,/mnt/d/AllFinalWork/project_sqa/GreyWolfOptimizer/Result_Round1/Math/Math-53b/GWO/terminal.log
Math,Math-54b,GWO,122.0,43.0,2970.0,5988.887056720428,26.0,22.0,100.0,0.0,0.0,15.0,9.0,10.0,10.0,/mnt/d/AllFinalWork/project_sqa/GreyWolfOptimizer/Result_Round1/Math/Math-54b/GWO/terminal.log
Math,Math-55b,GWO,121.0,84.0,53814.0,41.55263154630367,99.0,96.0,94.0,63.0,84.0,100.0,96.0,122.0,290.0,/mnt/d/AllFinalWork/project_sqa/GreyWolfOptimizer/Result_Round1/Math/Math-55b/GWO/terminal.log
Math,Math-56b,GWO,121.0,57.0,24235.0,22.1,100.0,100.0,100.0,52.0,38.0,100.0,100.0,27.0,143.0,/mnt/d/AllFinalWork/project_sqa/GreyWolfOptimizer/Result_Round1/Math/Math-56b/GWO/terminal.log
Math,Math-57b,GWO,121.0,353.0,129455.0,27.267857142857142,97.0,92.0,100.0,27.0,33.0,100.0,92.0,12.0,85.0,/mnt/d/AllFinalWork/project_sqa/GreyWolfOptimizer/Result_Round1/Math/Math-57b/GWO/terminal.log
Math,Math-58b,GWO,121.0,200.0,120558.0,57.54807692307692,87.0,94.0,100.0,39.0,50.0,100.0,94.0,23.0,183.0,/mnt/d/AllFinalWork/project_sqa/GreyWolfOptimizer/Result_Round1/Math/Math-58b/GWO/terminal.log
Math,Math-59b,GWO,123.0,17.0,17711.0,2934.413437929205,79.0,76.0,100.0,42.0,89.0,100.0,64.0,216.0,217.0,/mnt/d/AllFinalWork/project_sqa/GreyWolfOptimizer/Result_Round1/Math/Math-59b/GWO/terminal.log
Math,Math-5b,GWO,122.0,25.0,23605.0,83.57436708709747,100.0,98.0,100.0,72.0,85.0,100.0,96.0,166.0,404.0,/mnt/d/AllFinalWork/project_sqa/GreyWolfOptimizer/Result_Round1/Math/Math-5b/GWO/terminal.log
Math,Math-60b,GWO,121.0,311.0,80398.0,76.5,87.0,84.0,100.0,65.0,87.0,100.0,84.0,33.0,65.0,/mnt/d/AllFinalWork/project_sqa/GreyWolfOptimizer/Result_Round1/Math/Math-60b/GWO/terminal.log
Math,Math-61b,GWO,121.0,870.0,169870.0,11.6,100.0,100.0,100.0,69.0,52.0,100.0,100.0,23.0,44.0,/mnt/d/AllFinalWork/project_sqa/GreyWolfOptimizer/Result_Round1/Math/Math-61b/GWO/terminal.log
Math,Math-62b,GWO,122.0,82.0,48271.0,13.229166666666668,96.0,100.0,93.0,25.0,84.0,100.0,100.0,29.0,165.0,/mnt/d/AllFinalWork/project_sqa/GreyWolfOptimizer/Result_Round1/Math/Math-62b/GWO/terminal.log
Math,Math-63b,GWO,121.0,48.0,25468.0,784.5703103372456,89.0,87.0,100.0,12.0,79.0,100.0,83.0,265.0,396.0,/mnt/d/AllFinalWork/project_sqa/GreyWolfOptimizer/Result_Round1/Math/Math-63b/GWO/terminal.log
Math,Math-64b,GWO,121.0,816.0,79387.0,1754.3300330033003,12.0,3.0,100.0,1.0,0.0,100.0,3.0,8.0,21.0,/mnt/d/AllFinalWork/project_sqa/GreyWolfOptimizer/Result_Round1/Math/Math-64b/GWO/terminal.log
Math,Math-65b,GWO,121.0,125.0,76232.0,277.00326797385617,82.0,80.0,100.0,21.0,52.0,100.0,80.0,42.0,204.0,/mnt/d/AllFinalWork/project_sqa/GreyWolfOptimizer/Result_Round1/Math/Math-65b/GWO/terminal.log
Math,Math-66b,GWO,121.0,403.0,139398.0,7.583333333333333,100.0,98.0,100.0,61.0,67.0,100.0,98.0,20.0,106.0,/mnt/d/AllFinalWork/project_sqa/GreyWolfOptimizer/Result_Round1/Math/Math-66b/GWO/terminal.log
Math,Math-67b,GWO,121.0,182.0,180675.0,9.964646464646464,89.0,98.0,100.0,39.0,86.0,100.0,98.0,47.0,237.0,/mnt/d/AllFinalWork/project_sqa/GreyWolfOptimizer/Result_Round1/Math/Math-67b/GWO/terminal.log
Math,Math-68b,GWO,121.0,591.0,103214.0,1736.329988851728,10.0,2.0,100.0,1.0,0.0,100.0,2.0,7.0,19.0,/mnt/d/AllFinalWork/project_sqa/GreyWolfOptimizer/Result_Round1/Math/Math-68b/GWO/terminal.log
Math,Math-69b,GWO,121.0,398.0,151498.0,16.53448275862069,99.0,100.0,100.0,36.0,60.0,100.0,100.0,40.0,128.0,/mnt/d/AllFinalWork/project_sqa/GreyWolfOptimizer/Result_Round1/Math/Math-69b/GWO/terminal.log
Math,Math-6b,GWO,121.0,2016.0,417782.0,35.583333333333336,90.0,88.0,100.0,8.0,31.0,55.0,88.0,9.0,31.0,/mnt/d/AllFinalWork/project_sqa/GreyWolfOptimizer/Result_Round1/Math/Math-6b/GWO/terminal.log
Math,Math-70b,GWO,121.0,1032.0,331988.0,0.5476190476190477,100.0,100.0,100.0,73.0,100.0,100.0,100.0,33.0,138.0,/mnt/d/AllFinalWork/project_sqa/GreyWolfOptimizer/Result_Round1/Math/Math-70b/GWO/terminal.log
Math,Math-71b,GWO,124.0,210.0,199167.0,10.699999997670927,100.0,97.0,100.0,73.0,87.0,100.0,97.0,21.0,111.0,/mnt/d/AllFinalWork/project_sqa/GreyWolfOptimizer/Result_Round1/Math/Math-71b/GWO/terminal.log
Math,Math-72b,GWO,121.0,181.0,88391.0,40.73245149911817,100.0,98.0,100.0,49.0,100.0,100.0,43.0,35.0,170.0,/mnt/d/AllFinalWork/project_sqa/GreyWolfOptimizer/Result_Round1/Math/Math-72b/GWO/terminal.log
Math,Math-73b,GWO,121.0,187.0,94401.0,40.06131141045959,100.0,98.0,100.0,60.0,100.0,100.0,43.0,41.0,205.0,/mnt/d/AllFinalWork/project_sqa/GreyWolfOptimizer/Result_Round1/Math/Math-73b/GWO/terminal.log
Math,Math-74b,GWO,121.0,148.0,109901.0,159.56060606013355,65.0,50.0,100.0,29.0,67.0,100.0,50.0,16.0,65.0,/mnt/d/AllFinalWork/project_sqa/GreyWolfOptimizer/Result_Round1/Math/Math-74b/GWO/terminal.log
Math,Math-75b,GWO,121.0,131.0,85434.0,55.29347826086956,98.0,93.0,100.0,57.0,66.0,97.0,88.0,80.0,273.0,/mnt/d/AllFinalWork/project_sqa/GreyWolfOptimizer/Result_Round1/Math/Math-75b/GWO/terminal.log
Math,Math-76b,GWO,121.0,219.0,116374.0,54.371794871794876,96.0,92.0,100.0,59.0,44.0,72.0,92.0,45.0,223.0,/mnt/d/AllFinalWork/project_sqa/GreyWolfOptimizer/Result_Round1/Math/Math-76b/GWO/terminal.log
Math,Math-77b,GWO,6522.0,50.0,28971.0,433.49610067352,94.0,92.0,100.0,,44.0,100.0,92.0,173.0,3642.0,/mnt/d/AllFinalWork/project_sqa/GreyWolfOptimizer/Result_Round1/Math/Math-77b/GWO/terminal.log
Math,Math-78b,GWO,124.0,179.0,216950.0,50.55952380952381,88.0,86.0,100.0,59.0,95.0,100.0,86.0,32.0,182.0,/mnt/d/AllFinalWork/project_sqa/GreyWolfOptimizer/Result_Round1/Math/Math-78b/GWO/terminal.log
Math,Math-79b,GWO,124.0,44.0,31000.0,637.071607245212,88.0,87.0,100.0,24.0,81.0,100.0,82.0,230.0,300.0,/mnt/d/AllFinalWork/project_sqa/GreyWolfOptimizer/Result_Round1/Math/Math-79b/GWO/terminal.log
Math,Math-7b,GWO,121.0,122.0,84713.0,53.45192307692308,95.0,91.0,100.0,26.0,40.0,76.0,90.0,35.0,172.0,/mnt/d/AllFinalWork/project_sqa/GreyWolfOptimizer/Result_Round1/Math/Math-7b/GWO/terminal.log
Math,Math-80b,GWO,121.0,58.0,32749.0,1140.5519468092348,83.0,74.0,100.0,16.0,39.0,71.0,74.0,38.0,210.0,/mnt/d/AllFinalWork/project_sqa/GreyWolfOptimizer/Result_Round1/Math/Math-80b/GWO/terminal.log
Math,Math-81b,GWO,121.0,51.0,27921.0,1521.9393889646444,72.0,60.0,100.0,13.0,39.0,71.0,60.0,33.0,212.0,/mnt/d/AllFinalWork/project_sqa/GreyWolfOptimizer/Result_Round1/Math/Math-81b/GWO/terminal.log
Math,Math-82b,GWO,121.0,473.0,208961.0,7.611111111111111,98.0,97.0,100.0,61.0,83.0,100.0,97.0,18.0,156.0,/mnt/d/AllFinalWork/project_sqa/GreyWolfOptimizer/Result_Round1/Math/Math-82b/GWO/terminal.log
Math,Math-83b,GWO,121.0,85.0,53042.0,69.9375,95.0,95.0,100.0,38.0,55.0,100.0,95.0,63.0,471.0,/mnt/d/AllFinalWork/project_sqa/GreyWolfOptimizer/Result_Round1/Math/Math-83b/GWO/terminal.log
Math,Math-84b,GWO,121.0,52.0,21949.0,1.7,100.0,100.0,100.0,17.0,100.0,100.0,100.0,9.0,64.0,/mnt/d/AllFinalWork/project_sqa/GreyWolfOptimizer/Result_Round1/Math/Math-84b/GWO/terminal.log
Math,Math-85b,GWO,121.0,414.0,157027.0,4.821428571428571,92.0,100.0,100.0,66.0,73.0,100.0,100.0,31.0,107.0,/mnt/d/AllFinalWork/project_sqa/GreyWolfOptimizer/Result_Round1/Math/Math-85b/GWO/terminal.log
Math,Math-86b,GWO,121.0,416.0,126325.0,561.5519607843137,42.0,37.0,100.0,16.0,40.0,50.0,37.0,20.0,67.0,/mnt/d/AllFinalWork/project_sqa/GreyWolfOptimizer/Result_Round1/Math/Math-86b/GWO/terminal.log
Math,Math-87b,GWO,121.0,116.0,73956.0,98.62222222222222,94.0,88.0,100.0,41.0,58.0,100.0,88.0,60.0,512.0,/mnt/d/AllFinalWork/project_sqa/GreyWolfOptimizer/Result_Round1/Math/Math-87b/GWO/terminal.log
Math,Math-88b,GWO,121.0,96.0,58288.0,105.97159090256969,93.0,89.0,100.0,40.0,58.0,100.0,89.0,62.0,471.0,/mnt/d/AllFinalWork/project_sqa/GreyWolfOptimizer/Result_Round1/Math/Math-88b/GWO/terminal.log
Math,Math-89b,GWO,121.0,268.0,148593.0,24.566666666666666,100.0,100.0,100.0,70.0,64.0,97.0,100.0,60.0,214.0,/mnt/d/AllFinalWork/project_sqa/GreyWolfOptimizer/Result_Round1/Math/Math-89b/GWO/terminal.log
Math,Math-8b,GWO,121.0,191.0,62303.0,24.57115982646754,95.0,88.0,100.0,69.0,50.0,100.0,88.0,22.0,127.0,/mnt/d/AllFinalWork/project_sqa/GreyWolfOptimizer/Result_Round1/Math/Math-8b/GWO/terminal.log
Math,Math-90b,GWO,121.0,269.0,207764.0,24.583333333333332,100.0,100.0,100.0,65.0,64.0,96.0,100.0,55.0,209.0,/mnt/d/AllFinalWork/project_sqa/GreyWolfOptimizer/Result_Round1/Math/Math-90b/GWO/terminal.log
Math,Math-91b,GWO,121.0,63.0,30773.0,92.18596490948583,97.0,98.0,100.0,57.0,79.0,100.0,98.0,72.0,161.0,/mnt/d/AllFinalWork/project_sqa/GreyWolfOptimizer/Result_Round1/Math/Math-91b/GWO/terminal.log
Math,Math-92b,GWO,122.0,55.0,34613.0,299.37984398793174,87.0,90.0,100.0,66.0,85.0,100.0,84.0,165.0,180.0,/mnt/d/AllFinalWork/project_sqa/GreyWolfOptimizer/Result_Round1/Math/Math-92b/GWO/terminal.log
Math,Math-93b,GWO,121.0,57.0,34518.0,303.57763910320256,87.0,91.0,100.0,64.0,84.0,100.0,87.0,169.0,178.0,/mnt/d/AllFinalWork/project_sqa/GreyWolfOptimizer/Result_Round1/Math/Math-93b/GWO/terminal.log
Math,Math-94b,GWO,122.0,62.0,36685.0,351.6738527027519,85.0,88.0,100.0,66.0,85.0,100.0,83.0,162.0,176.0,/mnt/d/AllFinalWork/project_sqa/GreyWolfOptimizer/Result_Round1/Math/Math-94b/GWO/terminal.log
Math,Math-95b,GWO,121.0,1477.0,220075.0,11.166666666666666,100.0,100.0,100.0,70.0,48.0,100.0,100.0,19.0,36.0,/mnt/d/AllFinalWork/project_sqa/GreyWolfOptimizer/Result_Round1/Math/Math-95b/GWO/terminal.log
Math,Math-96b,GWO,122.0,52.0,45381.0,90.91665718617203,,,,,,,,,,/mnt/d/AllFinalWork/project_sqa/GreyWolfOptimizer/Result_Round1/Math/Math-96b/GWO/terminal.log
Math,Math-97b,GWO,2321.0,103.0,63198.0,33.6,100.0,100.0,100.0,,100.0,100.0,32.0,26.0,402.0,/mnt/d/AllFinalWork/project_sqa/GreyWolfOptimizer/Result_Round1/Math/Math-97b/GWO/terminal.log
Math,Math-98b,GWO,121.0,63.0,47966.0,1332.614862108333,82.0,79.0,100.0,29.0,33.0,100.0,74.0,162.0,596.0,/mnt/d/AllFinalWork/project_sqa/GreyWolfOptimizer/Result_Round1/Math/Math-98b/GWO/terminal.log
Math,Math-99b,GWO,121.0,61.0,37100.0,347.88890471984354,89.0,91.0,100.0,23.0,83.0,100.0,86.0,184.0,193.0,/mnt/d/AllFinalWork/project_sqa/GreyWolfOptimizer/Result_Round1/Math/Math-99b/GWO/terminal.log
Math,Math-9b,GWO,121.0,355.0,157538.0,49.5625,100.0,100.0,100.0,56.0,79.0,100.0,100.0,59.0,229.0,/mnt/d/AllFinalWork/project_sqa/GreyWolfOptimizer/Result_Round1/Math/Math-9b/GWO/terminal.log
Mockito,Mockito-10b,org_mockito_internal_stubbing_defaultanswers_ReturnsDeepStubs,121.0,5966.0,231403.0,102.22297297297297,10.0,10.0,100.0,0.0,0.0,60.0,10.0,3.0,11.0,/mnt/d/AllFinalWork/project_sqa/GreyWolfOptimizer/Result_Round1/Mockito/Mockito-10b/GWO/org_mockito_internal_stubbing_defaultanswers_ReturnsDeepStubs/terminal.log
Mockito,Mockito-11b,org_mockito_internal_creation_DelegatingMethod,121.0,6664.0,126131.0,130.41666666666669,15.0,14.0,100.0,0.0,0.0,10.0,14.0,1.0,1.0,/mnt/d/AllFinalWork/project_sqa/GreyWolfOptimizer/Result_Round1/Mockito/Mockito-11b/GWO/org_mockito_internal_creation_DelegatingMethod/terminal.log
Mockito,Mockito-12b,org_mockito_internal_util_reflection_GenericMaster,121.0,7558.0,303214.0,42.3,33.0,20.0,100.0,0.0,0.0,100.0,20.0,1.0,2.0,/mnt/d/AllFinalWork/project_sqa/GreyWolfOptimizer/Result_Round1/Mockito/Mockito-12b/GWO/org_mockito_internal_util_reflection_GenericMaster/terminal.log
Mockito,Mockito-13b,org_mockito_internal_MockHandler,121.0,1578.0,341826.0,32.61666666666667,70.0,59.0,75.0,40.0,89.0,100.0,59.0,11.0,36.0,/mnt/d/AllFinalWork/project_sqa/GreyWolfOptimizer/Result_Round1/Mockito/Mockito-13b/GWO/org_mockito_internal_MockHandler/terminal.log
Mockito,Mockito-14b,org_mockito_internal_MockHandler,121.0,1382.0,353344.0,7.033333333333333,82.0,85.0,75.0,100.0,89.0,100.0,85.0,10.0,41.0,/mnt/d/AllFinalWork/project_sqa/GreyWolfOptimizer/Result_Round1/Mockito/Mockito-14b/GWO/org_mockito_internal_MockHandler/terminal.log
Mockito,Mockito-14b,org_mockito_internal_MockitoCore,124.0,541.0,79055.0,64.31190476190476,81.0,86.0,100.0,3.0,4.0,100.0,86.0,27.0,89.0,/mnt/d/AllFinalWork/project_sqa/GreyWolfOptimizer/Result_Round1/Mockito/Mockito-14b/GWO/org_mockito_internal_MockitoCore/terminal.log
Mockito,Mockito-15b,org_mockito_internal_configuration_injection_FinalMockCandidateFilter,121.0,3617.0,547107.0,14.19047619047619,45.0,71.0,100.0,0.0,50.0,100.0,71.0,4.0,16.0,/mnt/d/AllFinalWork/project_sqa/GreyWolfOptimizer/Result_Round1/Mockito/Mockito-15b/GWO/org_mockito_internal_configuration_injection_FinalMockCandidateFilter/terminal.log
Mockito,Mockito-16b,org_mockito_internal_MockitoCore,121.0,591.0,107210.0,56.75,89.0,89.0,91.0,0.0,7.0,100.0,86.0,26.0,86.0,/mnt/d/AllFinalWork/project_sqa/GreyWolfOptimizer/Result_Round1/Mockito/Mockito-16b/GWO/org_mockito_internal_MockitoCore/terminal.log
Mockito,Mockito-16b,org_mockito_Mockito,121.0,428.0,58906.0,52.773809523809526,,,,,,,,,,/mnt/d/AllFinalWork/project_sqa/GreyWolfOptimizer/Result_Round1/Mockito/Mockito-16b/GWO/org_mockito_Mockito/terminal.log
Mockito,Mockito-17b,org_mockito_internal_creation_MockSettingsImpl,121.0,1530.0,350429.0,7.833333333333333,100.0,100.0,100.0,71.0,73.0,100.0,100.0,17.0,55.0,/mnt/d/AllFinalWork/project_sqa/GreyWolfOptimizer/Result_Round1/Mockito/Mockito-17b/GWO/org_mockito_internal_creation_MockSettingsImpl/terminal.log
Mockito,Mockito-17b,org_mockito_internal_util_MockUtil,121.0,2053.0,227664.0,66.07619047619048,59.0,59.0,100.0,22.0,11.0,100.0,59.0,10.0,33.0,/mnt/d/AllFinalWork/project_sqa/GreyWolfOptimizer/Result_Round1/Mockito/Mockito-17b/GWO/org_mockito_internal_util_MockUtil/terminal.log
Mockito,Mockito-18b,org_mockito_internal_stubbing_defaultanswers_ReturnsEmptyValues,121.0,4059.0,638027.0,89.45833333333334,48.0,44.0,100.0,55.0,25.0,100.0,44.0,3.0,8.0,/mnt/d/AllFinalWork/project_sqa/GreyWolfOptimizer/Result_Round1/Mockito/Mockito-18b/GWO/org_mockito_internal_stubbing_defaultanswers_ReturnsEmptyValues/terminal.log
Mockito,Mockito-19b,org_mockito_internal_configuration_injection_filter_FinalMockCandidateFilter,121.0,3514.0,502841.0,20.208333333333332,42.0,62.0,100.0,40.0,50.0,100.0,62.0,3.0,14.0,/mnt/d/AllFinalWork/project_sqa/GreyWolfOptimizer/Result_Round1/Mockito/Mockito-19b/GWO/org_mockito_internal_configuration_injection_filter_FinalMockCandidateFilter/terminal.log
Mockito,Mockito-19b,org_mockito_internal_configuration_injection_filter_MockCandidateFilter,,,,,100.0,100.0,100.0,100.0,100.0,100.0,100.0,0.0,0.0,/mnt/d/AllFinalWork/project_sqa/GreyWolfOptimizer/Result_Round1/Mockito/Mockito-19b/GWO/org_mockito_internal_configuration_injection_filter_MockCandidateFilter/terminal.log
Mockito,Mockito-19b,org_mockito_internal_configuration_injection_filter_NameBasedCandidateFilter,121.0,3078.0,502296.0,20.083333333333332,75.0,57.0,100.0,0.0,50.0,100.0,57.0,3.0,11.0,/mnt/d/AllFinalWork/project_sqa/GreyWolfOptimizer/Result_Round1/Mockito/Mockito-19b/GWO/org_mockito_internal_configuration_injection_filter_NameBasedCandidateFilter/terminal.log
Mockito,Mockito-19b,org_mockito_internal_configuration_injection_filter_TypeBasedCandidateFilter,121.0,3673.0,534437.0,14.166666666666666,78.0,60.0,100.0,40.0,50.0,100.0,60.0,2.0,11.0,/mnt/d/AllFinalWork/project_sqa/GreyWolfOptimizer/Result_Round1/Mockito/Mockito-19b/GWO/org_mockito_internal_configuration_injection_filter_TypeBasedCandidateFilter/terminal.log
Mockito,Mockito-19b,org_mockito_internal_configuration_injection_PropertyAndSetterInjection,121.0,5102.0,363981.0,123.46969696969697,16.0,12.0,100.0,0.0,0.0,100.0,12.0,1.0,3.0,/mnt/d/AllFinalWork/project_sqa/GreyWolfOptimizer/Result_Round1/Mockito/Mockito-19b/GWO/org_mockito_internal_configuration_injection_PropertyAndSetterInjection/terminal.log
Mockito,Mockito-1b,org_mockito_internal_invocation_InvocationMatcher,121.0,405.0,190773.0,409.0563063063063,41.0,23.0,82.0,3.0,23.0,100.0,23.0,13.0,67.0,/mnt/d/AllFinalWork/project_sqa/GreyWolfOptimizer/Result_Round1/Mockito/Mockito-1b/GWO/org_mockito_internal_invocation_InvocationMatcher/terminal.log
Mockito,Mockito-20b,org_mockito_internal_creation_bytebuddy_ByteBuddyMockMaker,121.0,2208.0,344906.0,82.6140350877193,55.0,50.0,100.0,10.0,25.0,100.0,50.0,7.0,25.0,/mnt/d/AllFinalWork/project_sqa/GreyWolfOptimizer/Result_Round1/Mockito/Mockito-20b/GWO/org_mockito_internal_creation_bytebuddy_ByteBuddyMockMaker/terminal.log
Mockito,Mockito-21b,org_mockito_internal_creation_instance_ConstructorInstantiator,121.0,5445.0,551135.0,1.3333333333333333,100.0,100.0,100.0,11.0,50.0,100.0,100.0,4.0,12.0,/mnt/d/AllFinalWork/project_sqa/GreyWolfOptimizer/Result_Round1/Mockito/Mockito-21b/GWO/org_mockito_internal_creation_instance_ConstructorInstantiator/terminal.log
Mockito,Mockito-22b,org_mockito_internal_matchers_Equality,121.0,2142.0,208555.0,116.425,69.0,42.0,100.0,18.0,30.0,100.0,42.0,12.0,21.0,/mnt/d/AllFinalWork/project_sqa/GreyWolfOptimizer/Result_Round1/Mockito/Mockito-22b/GWO/org_mockito_internal_matchers_Equality/terminal.log
Mockito,Mockito-23b,org_mockito_internal_stubbing_defaultanswers_ReturnsDeepStubs,121.0,4862.0,183240.0,88.21153846153845,19.0,12.0,100.0,0.0,0.0,100.0,12.0,3.0,7.0,/mnt/d/AllFinalWork/project_sqa/GreyWolfOptimizer/Result_Round1/Mockito/Mockito-23b/GWO/org_mockito_internal_stubbing_defaultanswers_ReturnsDeepStubs/terminal.log
Mockito,Mockito-24b,org_mockito_internal_stubbing_defaultanswers_ReturnsEmptyValues,121.0,3233.0,516508.0,112.45833333333333,48.0,46.0,100.0,65.0,25.0,100.0,46.0,3.0,8.0,/mnt/d/AllFinalWork/project_sqa/GreyWolfOptimizer/Result_Round1/Mockito/Mockito-24b/GWO/org_mockito_internal_stubbing_defaultanswers_ReturnsEmptyValues/terminal.log
Mockito,Mockito-25b,org_mockito_internal_stubbing_defaultanswers_ReturnsDeepStubs,121.0,6611.0,241929.0,56.19444444444444,23.0,18.0,100.0,0.0,0.0,100.0,18.0,3.0,10.0,/mnt/d/AllFinalWork/project_sqa/GreyWolfOptimizer/Result_Round1/Mockito/Mockito-25b/GWO/org_mockito_internal_stubbing_defaultanswers_ReturnsDeepStubs/terminal.log
Mockito,Mockito-26b,org_mockito_internal_util_Primitives,121.0,5851.0,902801.0,11.0,100.0,100.0,100.0,83.0,55.0,100.0,100.0,8.0,16.0,/mnt/d/AllFinalWork/project_sqa/GreyWolfOptimizer/Result_Round1/Mockito/Mockito-26b/GWO/org_mockito_internal_util_Primitives/terminal.log
Mockito,Mockito-27b,org_mockito_internal_util_MockUtil,3386.0,1021.0,219195.0,56.57142857142857,69.0,70.0,100.0,,11.0,100.0,70.0,14.0,169.0,/mnt/d/AllFinalWork/project_sqa/GreyWolfOptimizer/Result_Round1/Mockito/Mockito-27b/GWO/org_mockito_internal_util_MockUtil/terminal.log
Mockito,Mockito-28b,org_mockito_internal_configuration_DefaultInjectionEngine,121.0,3832.0,587542.0,71.45454545454545,28.0,31.0,100.0,8.0,100.0,100.0,31.0,2.0,8.0,/mnt/d/AllFinalWork/project_sqa/GreyWolfOptimizer/Result_Round1/Mockito/Mockito-28b/GWO/org_mockito_internal_configuration_DefaultInjectionEngine/terminal.log
Mockito,Mockito-29b,org_mockito_internal_matchers_Same,3.0,0.0,3711.0,0.25,,,,,,,,,,/mnt/d/AllFinalWork/project_sqa/GreyWolfOptimizer/Result_Round1/Mockito/Mockito-29b/GWO/org_mockito_internal_matchers_Same/terminal.log
Mockito,Mockito-2b,org_mockito_internal_util_Timer,121.0,5491.0,606969.0,3.0,100.0,88.0,100.0,50.0,100.0,100.0,88.0,4.0,13.0,/mnt/d/AllFinalWork/project_sqa/GreyWolfOptimizer/Result_Round1/Mockito/Mockito-2b/GWO/org_mockito_internal_util_Timer/terminal.log
Mockito,Mockito-30b,org_mockito_exceptions_Reporter,121.0,228.0,42107.0,142.95474137651638,84.0,91.0,100.0,0.0,100.0,100.0,91.0,57.0,147.0,/mnt/d/AllFinalWork/project_sqa/GreyWolfOptimizer/Result_Round1/Mockito/Mockito-30b/GWO/org_mockito_exceptions_Reporter/terminal.log
Mockito,Mockito-30b,org_mockito_internal_stubbing_defaultanswers_ReturnsSmartNulls,121.0,6593.0,276587.0,57.44117647058823,16.0,12.0,100.0,0.0,0.0,67.0,12.0,1.0,3.0,/mnt/d/AllFinalWork/project_sqa/GreyWolfOptimizer/Result_Round1/Mockito/Mockito-30b/GWO/org_mockito_internal_stubbing_defaultanswers_ReturnsSmartNulls/terminal.log
Mockito,Mockito-31b,org_mockito_internal_stubbing_defaultanswers_ReturnsSmartNulls,122.0,2709.0,326194.0,49.270833333333336,17.0,12.0,50.0,0.0,0.0,67.0,12.0,1.0,3.0,/mnt/d/AllFinalWork/project_sqa/GreyWolfOptimizer/Result_Round1/Mockito/Mockito-31b/GWO/org_mockito_internal_stubbing_defaultanswers_ReturnsSmartNulls/terminal.log
Mockito,Mockito-32b,org_mockito_internal_configuration_SpyAnnotationEngine,121.0,3450.0,606218.0,60.766666666666666,39.0,50.0,100.0,8.0,50.0,100.0,50.0,5.0,17.0,/mnt/d/AllFinalWork/project_sqa/GreyWolfOptimizer/Result_Round1/Mockito/Mockito-32b/GWO/org_mockito_internal_configuration_SpyAnnotationEngine/terminal.log
Mockito,Mockito-33b,org_mockito_internal_invocation_InvocationMatcher,121.0,341.0,145714.0,240.51879698922158,,,,,,,,,,/mnt/d/AllFinalWork/project_sqa/GreyWolfOptimizer/Result_Round1/Mockito/Mockito-33b/GWO/org_mockito_internal_invocation_InvocationMatcher/terminal.log
Mockito,Mockito-34b,org_mockito_internal_invocation_InvocationMatcher,121.0,655.0,244872.0,223.0382775087021,50.0,31.0,60.0,7.0,16.0,100.0,31.0,13.0,44.0,/mnt/d/AllFinalWork/project_sqa/GreyWolfOptimizer/Result_Round1/Mockito/Mockito-34b/GWO/org_mockito_internal_invocation_InvocationMatcher/terminal.log
Mockito,Mockito-35b,org_mockito_Matchers,121.0,444.0,193170.0,92.0,,,,,,,,,,/mnt/d/AllFinalWork/project_sqa/GreyWolfOptimizer/Result_Round1/Mockito/Mockito-35b/GWO/org_mockito_Matchers/terminal.log
Mockito,Mockito-36b,org_mockito_internal_invocation_Invocation,121.0,1847.0,150559.0,561.3179487179486,9.0,3.0,100.0,0.0,0.0,8.0,3.0,2.0,5.0,/mnt/d/AllFinalWork/project_sqa/GreyWolfOptimizer/Result_Round1/Mockito/Mockito-36b/GWO/org_mockito_internal_invocation_Invocation/terminal.log
Mockito,Mockito-37b,org_mockito_internal_stubbing_answers_AnswersValidator,121.0,2733.0,439491.0,72.24242424242425,63.0,48.0,100.0,36.0,100.0,100.0,48.0,6.0,22.0,/mnt/d/AllFinalWork/project_sqa/GreyWolfOptimizer/Result_Round1/Mockito/Mockito-37b/GWO/org_mockito_internal_stubbing_answers_AnswersValidator/terminal.log
Mockito,Mockito-38b,org_mockito_internal_verification_argumentmatching_ArgumentMatchingTool,121.0,7014.0,400192.0,95.44117647058823,11.0,7.0,100.0,0.0,0.0,100.0,7.0,1.0,3.0,/mnt/d/AllFinalWork/project_sqa/GreyWolfOptimizer/Result_Round1/Mockito/Mockito-38b/GWO/org_mockito_internal_verification_argumentmatching_ArgumentMatchingTool/terminal.log
Mockito,Mockito-3b,org_mockito_internal_invocation_InvocationMatcher,121.0,444.0,231265.0,413.03963963963963,,,,,,,,,,/mnt/d/AllFinalWork/project_sqa/GreyWolfOptimizer/Result_Round1/Mockito/Mockito-3b/GWO/org_mockito_internal_invocation_InvocationMatcher/terminal.log
Mockito,Mockito-4b,org_mockito_exceptions_Reporter,121.0,182.0,30256.0,510.48869047619047,,,,,,,,,,/mnt/d/AllFinalWork/project_sqa/GreyWolfOptimizer/Result_Round1/Mockito/Mockito-4b/GWO/org_mockito_exceptions_Reporter/terminal.log
Mockito,Mockito-5b,org_mockito_internal_verification_VerificationOverTimeImpl,121.0,1331.0,492924.0,23.761904761904763,61.0,78.0,100.0,75.0,100.0,100.0,78.0,16.0,73.0,/mnt/d/AllFinalWork/project_sqa/GreyWolfOptimizer/Result_Round1/Mockito/Mockito-5b/GWO/org_mockito_internal_verification_VerificationOverTimeImpl/terminal.log
Mockito,Mockito-6b,org_mockito_Matchers,121.0,391.0,176259.0,99.0,,,,,,,,,,/mnt/d/AllFinalWork/project_sqa/GreyWolfOptimizer/Result_Round1/Mockito/Mockito-6b/GWO/org_mockito_Matchers/terminal.log
Mockito,Mockito-7b,org_mockito_internal_util_reflection_GenericMetadataSupport,121.0,142.0,37715.0,611.6360078277887,16.0,23.0,83.0,22.0,0.0,45.0,23.0,19.0,69.0,/mnt/d/AllFinalWork/project_sqa/GreyWolfOptimizer/Result_Round1/Mockito/Mockito-7b/GWO/org_mockito_internal_util_reflection_GenericMetadataSupport/terminal.log
Mockito,Mockito-8b,org_mockito_internal_util_reflection_GenericMetadataSupport,121.0,137.0,39560.0,604.6597701149425,16.0,22.0,100.0,23.0,0.0,45.0,22.0,21.0,80.0,/mnt/d/AllFinalWork/project_sqa/GreyWolfOptimizer/Result_Round1/Mockito/Mockito-8b/GWO/org_mockito_internal_util_reflection_GenericMetadataSupport/terminal.log
Mockito,Mockito-9b,org_mockito_internal_stubbing_answers_CallsRealMethods,2.0,2.0,1659.0,0.5,100.0,100.0,100.0,100.0,100.0,100.0,100.0,3.0,8.0,/mnt/d/AllFinalWork/project_sqa/GreyWolfOptimizer/Result_Round1/Mockito/Mockito-9b/GWO/org_mockito_internal_stubbing_answers_CallsRealMethods/terminal.log
Time,Time-10b,GWO,121.0,249.0,99376.0,33.32692307692308,,,,,,,,,,/mnt/d/AllFinalWork/project_sqa/GreyWolfOptimizer/Result_Round1/Time/Time-10b/GWO/terminal.log
Time,Time-11b,GWO,122.0,66.0,27417.0,1085.2713351468735,,,,,,,,,,/mnt/d/AllFinalWork/project_sqa/GreyWolfOptimizer/Result_Round1/Time/Time-11b/GWO/terminal.log
Time,Time-12b,GWO,121.0,72.0,36697.0,354.31388888330093,,,,,,,,,,/mnt/d/AllFinalWork/project_sqa/GreyWolfOptimizer/Result_Round1/Time/Time-12b/GWO/terminal.log
Time,Time-13b,GWO,,,,,,,,,,,,,,/mnt/d/AllFinalWork/project_sqa/GreyWolfOptimizer/Result_Round1/Time/Time-13b/GWO/terminal.log
Time,Time-1b,GWO,121.0,854.0,177386.0,84.69791666666666,,,,,,,,,,/mnt/d/AllFinalWork/project_sqa/GreyWolfOptimizer/Result_Round1/Time/Time-1b/GWO/terminal.log
Time,Time-2b,GWO,,,,,,,,,,,,,,/mnt/d/AllFinalWork/project_sqa/GreyWolfOptimizer/Result_Round1/Time/Time-2b/GWO/terminal.log
Time,Time-3b,GWO,121.0,91.0,39026.0,102.52301587301588,,,,,,,,,,/mnt/d/AllFinalWork/project_sqa/GreyWolfOptimizer/Result_Round1/Time/Time-3b/GWO/terminal.log
Time,Time-4b,GWO,121.0,103.0,54399.0,171.12601692601692,,,,,,,,,,/mnt/d/AllFinalWork/project_sqa/GreyWolfOptimizer/Result_Round1/Time/Time-4b/GWO/terminal.log
Time,Time-5b,GWO,121.0,72.0,45033.0,92.76369863013699,,,,,,,,,,/mnt/d/AllFinalWork/project_sqa/GreyWolfOptimizer/Result_Round1/Time/Time-5b/GWO/terminal.log
Time,Time-6b,GWO,122.0,76.0,29676.0,982.5817528943433,,,,,,,,,,/mnt/d/AllFinalWork/project_sqa/GreyWolfOptimizer/Result_Round1/Time/Time-6b/GWO/terminal.log
Time,Time-7b,GWO,121.0,107.0,59925.0,123.9787439571508,,,,,,,,,,/mnt/d/AllFinalWork/project_sqa/GreyWolfOptimizer/Result_Round1/Time/Time-7b/GWO/terminal.log
Time,Time-8b,GWO,121.0,70.0,27984.0,699.7102934974682,,,,,,,,,,/mnt/d/AllFinalWork/project_sqa/GreyWolfOptimizer/Result_Round1/Time/Time-8b/GWO/terminal.log
Time,Time-9b,GWO,121.0,67.0,31350.0,681.8177077401593,,,,,,,,,,/mnt/d/AllFinalWork/project_sqa/GreyWolfOptimizer/Result_Round1/Time/Time-9b/GWO/terminal.log
