* EvoSuite 1.2.1-SNAPSHOT
* Going to generate test cases for class: org.jsoup.parser.Parser
* Starting Client-0
* Connecting to master process on port 16413
* Analyzing classpath: 
  - /home/user/d4j-workspace/Jsoup-5b/target/classes
  - /home/user/defects4j/framework/projects/Jsoup/lib/junit/junit/4.5/junit-4.5.jar
  - /home/user/d4j-workspace/Jsoup-5b/target/classes
  - /home/user/d4j-workspace/Jsoup-5b/target/test-classes
  - /home/user/defects4j/framework/projects/lib/junit-4.12-hamcrest-1.3.jar
  - /home/user/defects4j/framework/projects/Jsoup/lib/com/google/code/gson/gson/2.7/gson-2.7.jar
  - /home/user/defects4j/framework/projects/Jsoup/lib/commons-lang/commons-lang/2.4/commons-lang-2.4.jar
  - /home/user/defects4j/framework/projects/Jsoup/lib/javax/servlet/javax.servlet-api/3.1.0/javax.servlet-api-3.1.0.jar
  - /home/user/defects4j/framework/projects/Jsoup/lib/junit/junit/4.12/junit-4.12.jar
  - /home/user/defects4j/framework/projects/Jsoup/lib/org/eclipse/jetty/jetty-http/9.2.22.v20170606/jetty-http-9.2.22.v20170606.jar
  - /home/user/defects4j/framework/projects/Jsoup/lib/org/eclipse/jetty/jetty-http/9.2.26.v20180806/jetty-http-9.2.26.v20180806.jar
  - /home/user/defects4j/framework/projects/Jsoup/lib/org/eclipse/jetty/jetty-http/9.2.28.v20190418/jetty-http-9.2.28.v20190418.jar
  - /home/user/defects4j/framework/projects/Jsoup/lib/org/eclipse/jetty/jetty-io/9.2.22.v20170606/jetty-io-9.2.22.v20170606.jar
  - /home/user/defects4j/framework/projects/Jsoup/lib/org/eclipse/jetty/jetty-io/9.2.26.v20180806/jetty-io-9.2.26.v20180806.jar
  - /home/user/defects4j/framework/projects/Jsoup/lib/org/eclipse/jetty/jetty-io/9.2.28.v20190418/jetty-io-9.2.28.v20190418.jar
  - /home/user/defects4j/framework/projects/Jsoup/lib/org/eclipse/jetty/jetty-security/9.2.22.v20170606/jetty-security-9.2.22.v20170606.jar
  - /home/user/defects4j/framework/projects/Jsoup/lib/org/eclipse/jetty/jetty-security/9.2.26.v20180806/jetty-security-9.2.26.v20180806.jar
  - /home/user/defects4j/framework/projects/Jsoup/lib/org/eclipse/jetty/jetty-security/9.2.28.v20190418/jetty-security-9.2.28.v20190418.jar
  - /home/user/defects4j/framework/projects/Jsoup/lib/org/eclipse/jetty/jetty-server/9.2.22.v20170606/jetty-server-9.2.22.v20170606.jar
  - /home/user/defects4j/framework/projects/Jsoup/lib/org/eclipse/jetty/jetty-server/9.2.26.v20180806/jetty-server-9.2.26.v20180806.jar
  - /home/user/defects4j/framework/projects/Jsoup/lib/org/eclipse/jetty/jetty-server/9.2.28.v20190418/jetty-server-9.2.28.v20190418.jar
  - /home/user/defects4j/framework/projects/Jsoup/lib/org/eclipse/jetty/jetty-servlet/9.2.22.v20170606/jetty-servlet-9.2.22.v20170606.jar
  - /home/user/defects4j/framework/projects/Jsoup/lib/org/eclipse/jetty/jetty-servlet/9.2.26.v20180806/jetty-servlet-9.2.26.v20180806.jar
  - /home/user/defects4j/framework/projects/Jsoup/lib/org/eclipse/jetty/jetty-servlet/9.2.28.v20190418/jetty-servlet-9.2.28.v20190418.jar
  - /home/user/defects4j/framework/projects/Jsoup/lib/org/eclipse/jetty/jetty-util/9.2.22.v20170606/jetty-util-9.2.22.v20170606.jar
  - /home/user/defects4j/framework/projects/Jsoup/lib/org/eclipse/jetty/jetty-util/9.2.26.v20180806/jetty-util-9.2.26.v20180806.jar
  - /home/user/defects4j/framework/projects/Jsoup/lib/org/eclipse/jetty/jetty-util/9.2.28.v20190418/jetty-util-9.2.28.v20190418.jar
  - /home/user/defects4j/framework/projects/Jsoup/lib/org/hamcrest/hamcrest-core/1.3/hamcrest-core-1.3.jar
  - /home/user/d4j-workspace/Jsoup-5b/target/classes
  - /home/user/d4j-workspace/Jsoup-5b/target/test-classes
* Finished analyzing classpath
* Generating tests for class org.jsoup.parser.Parser
* Test criteria:
  - Line Coverage
  - Branch Coverage
  - Exception
  - Mutation testing (weak)
  - Method-Output Coverage
  - Top-Level Method Coverage
  - No-Exception Top-Level Method Coverage
  - Context Branch Coverage
* Setting up search algorithm for whole suite generation
========== CUSTOM GWO INITIALIZED ==========
* Total number of test goals: 
  - Line 167
  - Branch 98
  - Exception 0
  - MutationFactory 226
  - Output 9
  - Method 3
  - MethodNoException 3
  - CBranchFitnessFactory 98
[Progress:>                             0%] [Cov:>                                  0%]* Using seed 1789864865207
* Starting evolution
[Progress:>                             0%] [Cov:>                                  2%][Progress:>                             0%] [Cov:=>                                 4%][Progress:>                             0%] [Cov:=====>                             16%][Progress:>                             0%] [Cov:======>                            18%][Progress:>                             0%] [Cov:=======>                           22%][Progress:>                             0%] [Cov:===========>                       33%][Progress:>                             0%] [Cov:===============>                   44%][Progress:>                             0%] [Cov:===============>                   45%][Progress:>                             0%] [Cov:================>                  48%][Progress:>                             0%] [Cov:====================>              59%][Progress:>                             0%] [Cov:=====================>             62%][MASTER] 07:41:07.064 [logback-1] WARN  ClientNodeImpl - Cannot send statistics to master; continuing without statistics
java.rmi.ServerException: RemoteException occurred in server thread; nested exception is: 
	java.rmi.UnmarshalException: error unmarshalling arguments; nested exception is: 
	java.lang.ClassNotFoundException: Class not found: org/jsoup/nodes/DataNode: java.lang.NullPointerException: Class not found org/jsoup/nodes/DataNode
	at java.rmi/sun.rmi.server.UnicastServerRef.dispatch(UnicastServerRef.java:391)
	at java.rmi/sun.rmi.transport.Transport$1.run(Transport.java:200)
	at java.rmi/sun.rmi.transport.Transport$1.run(Transport.java:197)
	at java.base/java.security.AccessController.doPrivileged(Native Method)
	at java.rmi/sun.rmi.transport.Transport.serviceCall(Transport.java:196)
	at java.rmi/sun.rmi.transport.tcp.TCPTransport.handleMessages(TCPTransport.java:562)
	at java.rmi/sun.rmi.transport.tcp.TCPTransport$ConnectionHandler.run0(TCPTransport.java:796)
	at java.rmi/sun.rmi.transport.tcp.TCPTransport$ConnectionHandler.lambda$run$0(TCPTransport.java:677)
	at java.base/java.security.AccessController.doPrivileged(Native Method)
	at java.rmi/sun.rmi.transport.tcp.TCPTransport$ConnectionHandler.run(TCPTransport.java:676)
	at java.base/java.util.concurrent.ThreadPoolExecutor.runWorker(ThreadPoolExecutor.java:1128)
	at java.base/java.util.concurrent.ThreadPoolExecutor$Worker.run(ThreadPoolExecutor.java:628)
	at java.base/java.lang.Thread.run(Thread.java:829)
	at java.rmi/sun.rmi.transport.StreamRemoteCall.exceptionReceivedFromServer(StreamRemoteCall.java:303)
	at java.rmi/sun.rmi.transport.StreamRemoteCall.executeCall(StreamRemoteCall.java:279)
	at java.rmi/sun.rmi.server.UnicastRef.invoke(UnicastRef.java:164)
	at java.rmi/java.rmi.server.RemoteObjectInvocationHandler.invokeRemoteMethod(RemoteObjectInvocationHandler.java:217)
	at java.rmi/java.rmi.server.RemoteObjectInvocationHandler.invoke(RemoteObjectInvocationHandler.java:162)
	at com.sun.proxy.$Proxy7.evosuite_collectStatistics(Unknown Source)
	at org.evosuite.rmi.service.ClientNodeImpl.updateStatistics(ClientNodeImpl.java:251)
	at org.evosuite.statistics.StatisticsSender.sendIndividualToMaster(StatisticsSender.java:62)
	at org.evosuite.statistics.StatisticsListener.lambda$new$0(StatisticsListener.java:76)
	at java.base/java.lang.Thread.run(Thread.java:829)
Caused by: java.rmi.UnmarshalException: error unmarshalling arguments; nested exception is: 
	java.lang.ClassNotFoundException: Class not found: org/jsoup/nodes/DataNode: java.lang.NullPointerException: Class not found org/jsoup/nodes/DataNode
	at java.rmi/sun.rmi.server.UnicastServerRef.dispatch(UnicastServerRef.java:350)
	at java.rmi/sun.rmi.transport.Transport$1.run(Transport.java:200)
	at java.rmi/sun.rmi.transport.Transport$1.run(Transport.java:197)
	at java.base/java.security.AccessController.doPrivileged(Native Method)
	at java.rmi/sun.rmi.transport.Transport.serviceCall(Transport.java:196)
	at java.rmi/sun.rmi.transport.tcp.TCPTransport.handleMessages(TCPTransport.java:562)
	at java.rmi/sun.rmi.transport.tcp.TCPTransport$ConnectionHandler.run0(TCPTransport.java:796)
	at java.rmi/sun.rmi.transport.tcp.TCPTransport$ConnectionHandler.lambda$run$0(TCPTransport.java:677)
	at java.base/java.security.AccessController.doPrivileged(Native Method)
	at java.rmi/sun.rmi.transport.tcp.TCPTransport$ConnectionHandler.run(TCPTransport.java:676)
	at java.base/java.util.concurrent.ThreadPoolExecutor.runWorker(ThreadPoolExecutor.java:1128)
	at java.base/java.util.concurrent.ThreadPoolExecutor$Worker.run(ThreadPoolExecutor.java:628)
	... 1 common frames omitted
Caused by: java.lang.ClassNotFoundException: Class not found: org/jsoup/nodes/DataNode: java.lang.NullPointerException: Class not found org/jsoup/nodes/DataNode
	at org.evosuite.instrumentation.InstrumentingClassLoader.instrumentClass(InstrumentingClassLoader.java:158)
	at org.evosuite.instrumentation.InstrumentingClassLoader.loadClass(InstrumentingClassLoader.java:126)
	at org.evosuite.utils.generic.GenericClassImpl.getClass(GenericClassImpl.java:139)
	at org.evosuite.utils.generic.GenericClassImpl.getClass(GenericClassImpl.java:105)
	at org.evosuite.utils.generic.GenericClassImpl.readObject(GenericClassImpl.java:1671)
	at java.base/jdk.internal.reflect.NativeMethodAccessorImpl.invoke0(Native Method)
	at java.base/jdk.internal.reflect.NativeMethodAccessorImpl.invoke(NativeMethodAccessorImpl.java:62)
	at java.base/jdk.internal.reflect.DelegatingMethodAccessorImpl.invoke(DelegatingMethodAccessorImpl.java:43)
	at java.base/java.lang.reflect.Method.invoke(Method.java:566)
	at java.base/java.io.ObjectStreamClass.invokeReadObject(ObjectStreamClass.java:1046)
	at java.base/java.io.ObjectInputStream.readSerialData(ObjectInputStream.java:2357)
	at java.base/java.io.ObjectInputStream.readOrdinaryObject(ObjectInputStream.java:2228)
	at java.base/java.io.ObjectInputStream.readObject0(ObjectInputStream.java:1687)
	at java.base/java.io.ObjectInputStream.defaultReadFields(ObjectInputStream.java:2496)
	at java.base/java.io.ObjectInputStream.readSerialData(ObjectInputStream.java:2390)
	at java.base/java.io.ObjectInputStream.readOrdinaryObject(ObjectInputStream.java:2228)
	at java.base/java.io.ObjectInputStream.readObject0(ObjectInputStream.java:1687)
	at java.base/java.io.ObjectInputStream.defaultReadFields(ObjectInputStream.java:2496)
	at java.base/java.io.ObjectInputStream.readSerialData(ObjectInputStream.java:2390)
	at java.base/java.io.ObjectInputStream.readOrdinaryObject(ObjectInputStream.java:2228)
	at java.base/java.io.ObjectInputStream.readObject0(ObjectInputStream.java:1687)
	at java.base/java.io.ObjectInputStream.readObject(ObjectInputStream.java:489)
	at java.base/java.io.ObjectInputStream.readObject(ObjectInputStream.java:447)
	at java.base/java.util.ArrayList.readObject(ArrayList.java:929)
	at java.base/jdk.internal.reflect.GeneratedMethodAccessor7.invoke(Unknown Source)
	at java.base/jdk.internal.reflect.DelegatingMethodAccessorImpl.invoke(DelegatingMethodAccessorImpl.java:43)
	at java.base/java.lang.reflect.Method.invoke(Method.java:566)
	at java.base/java.io.ObjectStreamClass.invokeReadObject(ObjectStreamClass.java:1046)
	at java.base/java.io.ObjectInputStream.readSerialData(ObjectInputStream.java:2357)
	at java.base/java.io.ObjectInputStream.readOrdinaryObject(ObjectInputStream.java:2228)
	at java.base/java.io.ObjectInputStream.readObject0(ObjectInputStream.java:1687)
	at java.base/java.io.ObjectInputStream.defaultReadFields(ObjectInputStream.java:2496)
	at java.base/java.io.ObjectInputStream.readSerialData(ObjectInputStream.java:2390)
	at java.base/java.io.ObjectInputStream.readOrdinaryObject(ObjectInputStream.java:2228)
	at java.base/java.io.ObjectInputStream.readObject0(ObjectInputStream.java:1687)
	at java.base/java.io.ObjectInputStream.defaultReadFields(ObjectInputStream.java:2496)
	at java.base/java.io.ObjectInputStream.defaultReadObject(ObjectInputStream.java:625)
	at org.evosuite.testcase.DefaultTestCase.readObject(DefaultTestCase.java:1217)
	at java.base/jdk.internal.reflect.NativeMethodAccessorImpl.invoke0(Native Method)
	at java.base/jdk.internal.reflect.NativeMethodAccessorImpl.invoke(NativeMethodAccessorImpl.java:62)
	at java.base/jdk.internal.reflect.DelegatingMethodAccessorImpl.invoke(DelegatingMethodAccessorImpl.java:43)
	at java.base/java.lang.reflect.Method.invoke(Method.java:566)
	at java.base/java.io.ObjectStreamClass.invokeReadObject(ObjectStreamClass.java:1046)
	at java.base/java.io.ObjectInputStream.readSerialData(ObjectInputStream.java:2357)
	at java.base/java.io.ObjectInputStream.readOrdinaryObject(ObjectInputStream.java:2228)
	at java.base/java.io.ObjectInputStream.readObject0(ObjectInputStream.java:1687)
	at java.base/java.io.ObjectInputStream.defaultReadFields(ObjectInputStream.java:2496)
	at java.base/java.io.ObjectInputStream.readSerialData(ObjectInputStream.java:2390)
	at java.base/java.io.ObjectInputStream.readOrdinaryObject(ObjectInputStream.java:2228)
	at java.base/java.io.ObjectInputStream.readObject0(ObjectInputStream.java:1687)
	at java.base/java.io.ObjectInputStream.readObject(ObjectInputStream.java:489)
	at java.base/java.io.ObjectInputStream.readObject(ObjectInputStream.java:447)
	at java.base/java.util.ArrayList.readObject(ArrayList.java:929)
	at java.base/jdk.internal.reflect.GeneratedMethodAccessor7.invoke(Unknown Source)
	at java.base/jdk.internal.reflect.DelegatingMethodAccessorImpl.invoke(DelegatingMethodAccessorImpl.java:43)
	at java.base/java.lang.reflect.Method.invoke(Method.java:566)
	at java.base/java.io.ObjectStreamClass.invokeReadObject(ObjectStreamClass.java:1046)
	at java.base/java.io.ObjectInputStream.readSerialData(ObjectInputStream.java:2357)
	at java.base/java.io.ObjectInputStream.readOrdinaryObject(ObjectInputStream.java:2228)
	at java.base/java.io.ObjectInputStream.readObject0(ObjectInputStream.java:1687)
	at java.base/java.io.ObjectInputStream.defaultReadFields(ObjectInputStream.java:2496)
	at java.base/java.io.ObjectInputStream.readSerialData(ObjectInputStream.java:2390)
	at java.base/java.io.ObjectInputStream.readOrdinaryObject(ObjectInputStream.java:2228)
	at java.base/java.io.ObjectInputStream.readObject0(ObjectInputStream.java:1687)
	at java.base/java.io.ObjectInputStream.readObject(ObjectInputStream.java:489)
	at java.base/java.io.ObjectInputStream.readObject(ObjectInputStream.java:447)
	at java.rmi/sun.rmi.server.UnicastRef.unmarshalValue(UnicastRef.java:327)
	at java.rmi/sun.rmi.server.UnicastServerRef.dispatch(UnicastServerRef.java:339)
	... 12 common frames omitted
Caused by: java.lang.RuntimeException: Class not found: org/jsoup/nodes/DataNode: java.lang.NullPointerException: Class not found org/jsoup/nodes/DataNode
	at org.evosuite.runtime.util.ComputeClassWriter.getCommonSuperClass(ComputeClassWriter.java:56)
	at org.evosuite.shaded.org.objectweb.asm.SymbolTable.addMergedType(SymbolTable.java:1202)
	at org.evosuite.shaded.org.objectweb.asm.Frame.merge(Frame.java:1299)
	at org.evosuite.shaded.org.objectweb.asm.Frame.merge(Frame.java:1197)
	at org.evosuite.shaded.org.objectweb.asm.MethodWriter.computeAllFrames(MethodWriter.java:1610)
	at org.evosuite.shaded.org.objectweb.asm.MethodWriter.visitMaxs(MethodWriter.java:1546)
	at org.evosuite.shaded.org.objectweb.asm.MethodVisitor.visitMaxs(MethodVisitor.java:773)
	at org.evosuite.shaded.org.objectweb.asm.MethodVisitor.visitMaxs(MethodVisitor.java:773)
	at org.evosuite.shaded.org.objectweb.asm.MethodVisitor.visitMaxs(MethodVisitor.java:773)
	at org.evosuite.runtime.instrumentation.LoopCounterMethodAdapter.visitMaxs(LoopCounterMethodAdapter.java:48)
	at org.evosuite.shaded.org.objectweb.asm.MethodVisitor.visitMaxs(MethodVisitor.java:773)
	at org.evosuite.shaded.org.objectweb.asm.MethodVisitor.visitMaxs(MethodVisitor.java:773)
	at org.evosuite.shaded.org.objectweb.asm.commons.LocalVariablesSorter.visitMaxs(LocalVariablesSorter.java:148)
	at org.evosuite.instrumentation.MethodEntryAdapter.visitMaxs(MethodEntryAdapter.java:115)
	at org.evosuite.shaded.org.objectweb.asm.MethodVisitor.visitMaxs(MethodVisitor.java:773)
	at org.evosuite.instrumentation.LineNumberMethodAdapter.visitMaxs(LineNumberMethodAdapter.java:134)
	at org.evosuite.shaded.org.objectweb.asm.MethodVisitor.visitMaxs(MethodVisitor.java:773)
	at org.evosuite.shaded.org.objectweb.asm.commons.LocalVariablesSorter.visitMaxs(LocalVariablesSorter.java:148)
	at org.evosuite.shaded.org.objectweb.asm.MethodVisitor.visitMaxs(MethodVisitor.java:773)
	at org.evosuite.shaded.org.objectweb.asm.tree.MethodNode.accept(MethodNode.java:769)
	at org.evosuite.shaded.org.objectweb.asm.commons.JSRInlinerAdapter.visitEnd(JSRInlinerAdapter.java:158)
	at org.evosuite.shaded.org.objectweb.asm.tree.MethodNode.accept(MethodNode.java:772)
	at org.evosuite.graphs.cfg.CFGMethodAdapter.visitEnd(CFGMethodAdapter.java:249)
	at org.evosuite.shaded.org.objectweb.asm.MethodVisitor.visitEnd(MethodVisitor.java:783)
	at org.evosuite.shaded.org.objectweb.asm.MethodVisitor.visitEnd(MethodVisitor.java:783)
	at org.evosuite.shaded.org.objectweb.asm.tree.MethodNode.accept(MethodNode.java:772)
	at org.evosuite.shaded.org.objectweb.asm.tree.MethodNode.accept(MethodNode.java:649)
	at org.evosuite.shaded.org.objectweb.asm.tree.ClassNode.accept(ClassNode.java:452)
	at org.evosuite.instrumentation.BytecodeInstrumentation.transformBytes(BytecodeInstrumentation.java:282)
	at org.evosuite.instrumentation.InstrumentingClassLoader.getTransformedBytes(InstrumentingClassLoader.java:135)
	at org.evosuite.instrumentation.InstrumentingClassLoader.instrumentClass(InstrumentingClassLoader.java:149)
	... 79 common frames omitted
Caused by: java.lang.NullPointerException: Class not found org/jsoup/nodes/DataNode
	at org.evosuite.runtime.util.ComputeClassWriter.typeInfo(ComputeClassWriter.java:179)
	at org.evosuite.runtime.util.ComputeClassWriter.getCommonSuperClass(ComputeClassWriter.java:53)
	... 109 common frames omitted
[MASTER] 07:41:07.119 [logback-1] WARN  ClientNodeImpl - Cannot send statistics to master; continuing without statistics
java.rmi.ServerException: RemoteException occurred in server thread; nested exception is: 
	java.rmi.UnmarshalException: error unmarshalling arguments; nested exception is: 
	java.lang.ClassNotFoundException: expect to get instruction without BasicBlock already set
	at java.rmi/sun.rmi.server.UnicastServerRef.dispatch(UnicastServerRef.java:391)
	at java.rmi/sun.rmi.transport.Transport$1.run(Transport.java:200)
	at java.rmi/sun.rmi.transport.Transport$1.run(Transport.java:197)
	at java.base/java.security.AccessController.doPrivileged(Native Method)
	at java.rmi/sun.rmi.transport.Transport.serviceCall(Transport.java:196)
	at java.rmi/sun.rmi.transport.tcp.TCPTransport.handleMessages(TCPTransport.java:562)
	at java.rmi/sun.rmi.transport.tcp.TCPTransport$ConnectionHandler.run0(TCPTransport.java:796)
	at java.rmi/sun.rmi.transport.tcp.TCPTransport$ConnectionHandler.lambda$run$0(TCPTransport.java:677)
	at java.base/java.security.AccessController.doPrivileged(Native Method)
	at java.rmi/sun.rmi.transport.tcp.TCPTransport$ConnectionHandler.run(TCPTransport.java:676)
	at java.base/java.util.concurrent.ThreadPoolExecutor.runWorker(ThreadPoolExecutor.java:1128)
	at java.base/java.util.concurrent.ThreadPoolExecutor$Worker.run(ThreadPoolExecutor.java:628)
	at java.base/java.lang.Thread.run(Thread.java:829)
	at java.rmi/sun.rmi.transport.StreamRemoteCall.exceptionReceivedFromServer(StreamRemoteCall.java:303)
	at java.rmi/sun.rmi.transport.StreamRemoteCall.executeCall(StreamRemoteCall.java:279)
	at java.rmi/sun.rmi.server.UnicastRef.invoke(UnicastRef.java:164)
	at java.rmi/java.rmi.server.RemoteObjectInvocationHandler.invokeRemoteMethod(RemoteObjectInvocationHandler.java:217)
	at java.rmi/java.rmi.server.RemoteObjectInvocationHandler.invoke(RemoteObjectInvocationHandler.java:162)
	at com.sun.proxy.$Proxy7.evosuite_collectStatistics(Unknown Source)
	at org.evosuite.rmi.service.ClientNodeImpl.updateStatistics(ClientNodeImpl.java:251)
	at org.evosuite.statistics.StatisticsSender.sendIndividualToMaster(StatisticsSender.java:62)
	at org.evosuite.statistics.StatisticsListener.lambda$new$0(StatisticsListener.java:76)
	at java.base/java.lang.Thread.run(Thread.java:829)
Caused by: java.rmi.UnmarshalException: error unmarshalling arguments; nested exception is: 
	java.lang.ClassNotFoundException: expect to get instruction without BasicBlock already set
	at java.rmi/sun.rmi.server.UnicastServerRef.dispatch(UnicastServerRef.java:350)
	at java.rmi/sun.rmi.transport.Transport$1.run(Transport.java:200)
	at java.rmi/sun.rmi.transport.Transport$1.run(Transport.java:197)
	at java.base/java.security.AccessController.doPrivileged(Native Method)
	at java.rmi/sun.rmi.transport.Transport.serviceCall(Transport.java:196)
	at java.rmi/sun.rmi.transport.tcp.TCPTransport.handleMessages(TCPTransport.java:562)
	at java.rmi/sun.rmi.transport.tcp.TCPTransport$ConnectionHandler.run0(TCPTransport.java:796)
	at java.rmi/sun.rmi.transport.tcp.TCPTransport$ConnectionHandler.lambda$run$0(TCPTransport.java:677)
	at java.base/java.security.AccessController.doPrivileged(Native Method)
	at java.rmi/sun.rmi.transport.tcp.TCPTransport$ConnectionHandler.run(TCPTransport.java:676)
	at java.base/java.util.concurrent.ThreadPoolExecutor.runWorker(ThreadPoolExecutor.java:1128)
	at java.base/java.util.concurrent.ThreadPoolExecutor$Worker.run(ThreadPoolExecutor.java:628)
	... 1 common frames omitted
Caused by: java.lang.ClassNotFoundException: expect to get instruction without BasicBlock already set
	at org.evosuite.instrumentation.InstrumentingClassLoader.instrumentClass(InstrumentingClassLoader.java:158)
	at org.evosuite.instrumentation.InstrumentingClassLoader.loadClass(InstrumentingClassLoader.java:126)
	at org.evosuite.utils.generic.GenericClassImpl.getClass(GenericClassImpl.java:139)
	at org.evosuite.utils.generic.GenericClassImpl.getClass(GenericClassImpl.java:105)
	at org.evosuite.utils.generic.GenericClassImpl.readObject(GenericClassImpl.java:1671)
	at jdk.internal.reflect.GeneratedMethodAccessor9.invoke(Unknown Source)
	at java.base/jdk.internal.reflect.DelegatingMethodAccessorImpl.invoke(DelegatingMethodAccessorImpl.java:43)
	at java.base/java.lang.reflect.Method.invoke(Method.java:566)
	at java.base/java.io.ObjectStreamClass.invokeReadObject(ObjectStreamClass.java:1046)
	at java.base/java.io.ObjectInputStream.readSerialData(ObjectInputStream.java:2357)
	at java.base/java.io.ObjectInputStream.readOrdinaryObject(ObjectInputStream.java:2228)
	at java.base/java.io.ObjectInputStream.readObject0(ObjectInputStream.java:1687)
	at java.base/java.io.ObjectInputStream.defaultReadFields(ObjectInputStream.java:2496)
	at java.base/java.io.ObjectInputStream.readSerialData(ObjectInputStream.java:2390)
	at java.base/java.io.ObjectInputStream.readOrdinaryObject(ObjectInputStream.java:2228)
	at java.base/java.io.ObjectInputStream.readObject0(ObjectInputStream.java:1687)
	at java.base/java.io.ObjectInputStream.defaultReadFields(ObjectInputStream.java:2496)
	at java.base/java.io.ObjectInputStream.readSerialData(ObjectInputStream.java:2390)
	at java.base/java.io.ObjectInputStream.readOrdinaryObject(ObjectInputStream.java:2228)
	at java.base/java.io.ObjectInputStream.readObject0(ObjectInputStream.java:1687)
	at java.base/java.io.ObjectInputStream.readObject(ObjectInputStream.java:489)
	at java.base/java.io.ObjectInputStream.readObject(ObjectInputStream.java:447)
	at java.base/java.util.ArrayList.readObject(ArrayList.java:929)
	at java.base/jdk.internal.reflect.GeneratedMethodAccessor7.invoke(Unknown Source)
	at java.base/jdk.internal.reflect.DelegatingMethodAccessorImpl.invoke(DelegatingMethodAccessorImpl.java:43)
	at java.base/java.lang.reflect.Method.invoke(Method.java:566)
	at java.base/java.io.ObjectStreamClass.invokeReadObject(ObjectStreamClass.java:1046)
	at java.base/java.io.ObjectInputStream.readSerialData(ObjectInputStream.java:2357)
	at java.base/java.io.ObjectInputStream.readOrdinaryObject(ObjectInputStream.java:2228)
	at java.base/java.io.ObjectInputStream.readObject0(ObjectInputStream.java:1687)
	at java.base/java.io.ObjectInputStream.defaultReadFields(ObjectInputStream.java:2496)
	at java.base/java.io.ObjectInputStream.readSerialData(ObjectInputStream.java:2390)
	at java.base/java.io.ObjectInputStream.readOrdinaryObject(ObjectInputStream.java:2228)
	at java.base/java.io.ObjectInputStream.readObject0(ObjectInputStream.java:1687)
	at java.base/java.io.ObjectInputStream.defaultReadFields(ObjectInputStream.java:2496)
	at java.base/java.io.ObjectInputStream.defaultReadObject(ObjectInputStream.java:625)
	at org.evosuite.testcase.DefaultTestCase.readObject(DefaultTestCase.java:1217)
	at java.base/jdk.internal.reflect.NativeMethodAccessorImpl.invoke0(Native Method)
	at java.base/jdk.internal.reflect.NativeMethodAccessorImpl.invoke(NativeMethodAccessorImpl.java:62)
	at java.base/jdk.internal.reflect.DelegatingMethodAccessorImpl.invoke(DelegatingMethodAccessorImpl.java:43)
	at java.base/java.lang.reflect.Method.invoke(Method.java:566)
	at java.base/java.io.ObjectStreamClass.invokeReadObject(ObjectStreamClass.java:1046)
	at java.base/java.io.ObjectInputStream.readSerialData(ObjectInputStream.java:2357)
	at java.base/java.io.ObjectInputStream.readOrdinaryObject(ObjectInputStream.java:2228)
	at java.base/java.io.ObjectInputStream.readObject0(ObjectInputStream.java:1687)
	at java.base/java.io.ObjectInputStream.defaultReadFields(ObjectInputStream.java:2496)
	at java.base/java.io.ObjectInputStream.readSerialData(ObjectInputStream.java:2390)
	at java.base/java.io.ObjectInputStream.readOrdinaryObject(ObjectInputStream.java:2228)
	at java.base/java.io.ObjectInputStream.readObject0(ObjectInputStream.java:1687)
	at java.base/java.io.ObjectInputStream.readObject(ObjectInputStream.java:489)
	at java.base/java.io.ObjectInputStream.readObject(ObjectInputStream.java:447)
	at java.base/java.util.ArrayList.readObject(ArrayList.java:929)
	at java.base/jdk.internal.reflect.GeneratedMethodAccessor7.invoke(Unknown Source)
	at java.base/jdk.internal.reflect.DelegatingMethodAccessorImpl.invoke(DelegatingMethodAccessorImpl.java:43)
	at java.base/java.lang.reflect.Method.invoke(Method.java:566)
	at java.base/java.io.ObjectStreamClass.invokeReadObject(ObjectStreamClass.java:1046)
	at java.base/java.io.ObjectInputStream.readSerialData(ObjectInputStream.java:2357)
	at java.base/java.io.ObjectInputStream.readOrdinaryObject(ObjectInputStream.java:2228)
	at java.base/java.io.ObjectInputStream.readObject0(ObjectInputStream.java:1687)
	at java.base/java.io.ObjectInputStream.defaultReadFields(ObjectInputStream.java:2496)
	at java.base/java.io.ObjectInputStream.readSerialData(ObjectInputStream.java:2390)
	at java.base/java.io.ObjectInputStream.readOrdinaryObject(ObjectInputStream.java:2228)
	at java.base/java.io.ObjectInputStream.readObject0(ObjectInputStream.java:1687)
	at java.base/java.io.ObjectInputStream.readObject(ObjectInputStream.java:489)
	at java.base/java.io.ObjectInputStream.readObject(ObjectInputStream.java:447)
	at java.rmi/sun.rmi.server.UnicastRef.unmarshalValue(UnicastRef.java:327)
	at java.rmi/sun.rmi.server.UnicastServerRef.dispatch(UnicastServerRef.java:339)
	... 12 common frames omitted
Caused by: java.lang.IllegalArgumentException: expect to get instruction without BasicBlock already set
	at org.evosuite.graphs.cfg.BasicBlock.appendInstruction(BasicBlock.java:225)
	at org.evosuite.graphs.cfg.BasicBlock.setInstructions(BasicBlock.java:206)
	at org.evosuite.graphs.cfg.BasicBlock.<init>(BasicBlock.java:106)
	at org.evosuite.graphs.cfg.RawControlFlowGraph.determineBasicBlockFor(RawControlFlowGraph.java:314)
	at org.evosuite.graphs.cfg.ActualControlFlowGraph.computeNodes(ActualControlFlowGraph.java:295)
	at org.evosuite.graphs.cfg.ActualControlFlowGraph.computeGraph(ActualControlFlowGraph.java:262)
	at org.evosuite.graphs.cfg.ActualControlFlowGraph.<init>(ActualControlFlowGraph.java:97)
	at org.evosuite.graphs.cfg.CFGGenerator.computeActualCFG(CFGGenerator.java:218)
	at org.evosuite.graphs.cfg.CFGGenerator.registerCFGs(CFGGenerator.java:102)
	at org.evosuite.graphs.cfg.CFGMethodAdapter.visitEnd(CFGMethodAdapter.java:219)
	at org.evosuite.shaded.org.objectweb.asm.MethodVisitor.visitEnd(MethodVisitor.java:783)
	at org.evosuite.shaded.org.objectweb.asm.MethodVisitor.visitEnd(MethodVisitor.java:783)
	at org.evosuite.shaded.org.objectweb.asm.MethodVisitor.visitEnd(MethodVisitor.java:783)
	at org.evosuite.shaded.org.objectweb.asm.tree.MethodNode.accept(MethodNode.java:772)
	at org.evosuite.shaded.org.objectweb.asm.tree.MethodNode.accept(MethodNode.java:649)
	at org.evosuite.shaded.org.objectweb.asm.tree.ClassNode.accept(ClassNode.java:452)
	at org.evosuite.instrumentation.BytecodeInstrumentation.transformBytes(BytecodeInstrumentation.java:282)
	at org.evosuite.instrumentation.InstrumentingClassLoader.getTransformedBytes(InstrumentingClassLoader.java:135)
	at org.evosuite.instrumentation.InstrumentingClassLoader.instrumentClass(InstrumentingClassLoader.java:149)
	... 78 common frames omitted
[MASTER] 07:41:07.150 [logback-1] WARN  ClientNodeImpl - Cannot send statistics to master; continuing without statistics
java.rmi.ServerException: RemoteException occurred in server thread; nested exception is: 
	java.rmi.UnmarshalException: error unmarshalling arguments; nested exception is: 
	java.lang.ClassNotFoundException: expect to get instruction without BasicBlock already set
	at java.rmi/sun.rmi.server.UnicastServerRef.dispatch(UnicastServerRef.java:391)
	at java.rmi/sun.rmi.transport.Transport$1.run(Transport.java:200)
	at java.rmi/sun.rmi.transport.Transport$1.run(Transport.java:197)
	at java.base/java.security.AccessController.doPrivileged(Native Method)
	at java.rmi/sun.rmi.transport.Transport.serviceCall(Transport.java:196)
	at java.rmi/sun.rmi.transport.tcp.TCPTransport.handleMessages(TCPTransport.java:562)
	at java.rmi/sun.rmi.transport.tcp.TCPTransport$ConnectionHandler.run0(TCPTransport.java:796)
	at java.rmi/sun.rmi.transport.tcp.TCPTransport$ConnectionHandler.lambda$run$0(TCPTransport.java:677)
	at java.base/java.security.AccessController.doPrivileged(Native Method)
	at java.rmi/sun.rmi.transport.tcp.TCPTransport$ConnectionHandler.run(TCPTransport.java:676)
	at java.base/java.util.concurrent.ThreadPoolExecutor.runWorker(ThreadPoolExecutor.java:1128)
	at java.base/java.util.concurrent.ThreadPoolExecutor$Worker.run(ThreadPoolExecutor.java:628)
	at java.base/java.lang.Thread.run(Thread.java:829)
	at java.rmi/sun.rmi.transport.StreamRemoteCall.exceptionReceivedFromServer(StreamRemoteCall.java:303)
	at java.rmi/sun.rmi.transport.StreamRemoteCall.executeCall(StreamRemoteCall.java:279)
	at java.rmi/sun.rmi.server.UnicastRef.invoke(UnicastRef.java:164)
	at java.rmi/java.rmi.server.RemoteObjectInvocationHandler.invokeRemoteMethod(RemoteObjectInvocationHandler.java:217)
	at java.rmi/java.rmi.server.RemoteObjectInvocationHandler.invoke(RemoteObjectInvocationHandler.java:162)
	at com.sun.proxy.$Proxy7.evosuite_collectStatistics(Unknown Source)
	at org.evosuite.rmi.service.ClientNodeImpl.updateStatistics(ClientNodeImpl.java:251)
	at org.evosuite.statistics.StatisticsSender.sendIndividualToMaster(StatisticsSender.java:62)
	at org.evosuite.statistics.StatisticsListener.lambda$new$0(StatisticsListener.java:76)
	at java.base/java.lang.Thread.run(Thread.java:829)
Caused by: java.rmi.UnmarshalException: error unmarshalling arguments; nested exception is: 
	java.lang.ClassNotFoundException: expect to get instruction without BasicBlock already set
	at java.rmi/sun.rmi.server.UnicastServerRef.dispatch(UnicastServerRef.java:350)
	at java.rmi/sun.rmi.transport.Transport$1.run(Transport.java:200)
	at java.rmi/sun.rmi.transport.Transport$1.run(Transport.java:197)
	at java.base/java.security.AccessController.doPrivileged(Native Method)
	at java.rmi/sun.rmi.transport.Transport.serviceCall(Transport.java:196)
	at java.rmi/sun.rmi.transport.tcp.TCPTransport.handleMessages(TCPTransport.java:562)
	at java.rmi/sun.rmi.transport.tcp.TCPTransport$ConnectionHandler.run0(TCPTransport.java:796)
	at java.rmi/sun.rmi.transport.tcp.TCPTransport$ConnectionHandler.lambda$run$0(TCPTransport.java:677)
	at java.base/java.security.AccessController.doPrivileged(Native Method)
	at java.rmi/sun.rmi.transport.tcp.TCPTransport$ConnectionHandler.run(TCPTransport.java:676)
	at java.base/java.util.concurrent.ThreadPoolExecutor.runWorker(ThreadPoolExecutor.java:1128)
	at java.base/java.util.concurrent.ThreadPoolExecutor$Worker.run(ThreadPoolExecutor.java:628)
	... 1 common frames omitted
Caused by: java.lang.ClassNotFoundException: expect to get instruction without BasicBlock already set
	at org.evosuite.instrumentation.InstrumentingClassLoader.instrumentClass(InstrumentingClassLoader.java:158)
	at org.evosuite.instrumentation.InstrumentingClassLoader.loadClass(InstrumentingClassLoader.java:126)
	at org.evosuite.utils.generic.GenericClassImpl.getClass(GenericClassImpl.java:139)
	at org.evosuite.utils.generic.GenericClassImpl.getClass(GenericClassImpl.java:105)
	at org.evosuite.utils.generic.GenericClassImpl.readObject(GenericClassImpl.java:1671)
	at jdk.internal.reflect.GeneratedMethodAccessor9.invoke(Unknown Source)
	at java.base/jdk.internal.reflect.DelegatingMethodAccessorImpl.invoke(DelegatingMethodAccessorImpl.java:43)
	at java.base/java.lang.reflect.Method.invoke(Method.java:566)
	at java.base/java.io.ObjectStreamClass.invokeReadObject(ObjectStreamClass.java:1046)
	at java.base/java.io.ObjectInputStream.readSerialData(ObjectInputStream.java:2357)
	at java.base/java.io.ObjectInputStream.readOrdinaryObject(ObjectInputStream.java:2228)
	at java.base/java.io.ObjectInputStream.readObject0(ObjectInputStream.java:1687)
	at java.base/java.io.ObjectInputStream.defaultReadFields(ObjectInputStream.java:2496)
	at java.base/java.io.ObjectInputStream.readSerialData(ObjectInputStream.java:2390)
	at java.base/java.io.ObjectInputStream.readOrdinaryObject(ObjectInputStream.java:2228)
	at java.base/java.io.ObjectInputStream.readObject0(ObjectInputStream.java:1687)
	at java.base/java.io.ObjectInputStream.defaultReadFields(ObjectInputStream.java:2496)
	at java.base/java.io.ObjectInputStream.readSerialData(ObjectInputStream.java:2390)
	at java.base/java.io.ObjectInputStream.readOrdinaryObject(ObjectInputStream.java:2228)
	at java.base/java.io.ObjectInputStream.readObject0(ObjectInputStream.java:1687)
	at java.base/java.io.ObjectInputStream.readObject(ObjectInputStream.java:489)
	at java.base/java.io.ObjectInputStream.readObject(ObjectInputStream.java:447)
	at java.base/java.util.ArrayList.readObject(ArrayList.java:929)
	at java.base/jdk.internal.reflect.GeneratedMethodAccessor7.invoke(Unknown Source)
	at java.base/jdk.internal.reflect.DelegatingMethodAccessorImpl.invoke(DelegatingMethodAccessorImpl.java:43)
	at java.base/java.lang.reflect.Method.invoke(Method.java:566)
	at java.base/java.io.ObjectStreamClass.invokeReadObject(ObjectStreamClass.java:1046)
	at java.base/java.io.ObjectInputStream.readSerialData(ObjectInputStream.java:2357)
	at java.base/java.io.ObjectInputStream.readOrdinaryObject(ObjectInputStream.java:2228)
	at java.base/java.io.ObjectInputStream.readObject0(ObjectInputStream.java:1687)
	at java.base/java.io.ObjectInputStream.defaultReadFields(ObjectInputStream.java:2496)
	at java.base/java.io.ObjectInputStream.readSerialData(ObjectInputStream.java:2390)
	at java.base/java.io.ObjectInputStream.readOrdinaryObject(ObjectInputStream.java:2228)
	at java.base/java.io.ObjectInputStream.readObject0(ObjectInputStream.java:1687)
	at java.base/java.io.ObjectInputStream.defaultReadFields(ObjectInputStream.java:2496)
	at java.base/java.io.ObjectInputStream.defaultReadObject(ObjectInputStream.java:625)
	at org.evosuite.testcase.DefaultTestCase.readObject(DefaultTestCase.java:1217)
	at java.base/jdk.internal.reflect.NativeMethodAccessorImpl.invoke0(Native Method)
	at java.base/jdk.internal.reflect.NativeMethodAccessorImpl.invoke(NativeMethodAccessorImpl.java:62)
	at java.base/jdk.internal.reflect.DelegatingMethodAccessorImpl.invoke(DelegatingMethodAccessorImpl.java:43)
	at java.base/java.lang.reflect.Method.invoke(Method.java:566)
	at java.base/java.io.ObjectStreamClass.invokeReadObject(ObjectStreamClass.java:1046)
	at java.base/java.io.ObjectInputStream.readSerialData(ObjectInputStream.java:2357)
	at java.base/java.io.ObjectInputStream.readOrdinaryObject(ObjectInputStream.java:2228)
	at java.base/java.io.ObjectInputStream.readObject0(ObjectInputStream.java:1687)
	at java.base/java.io.ObjectInputStream.defaultReadFields(ObjectInputStream.java:2496)
	at java.base/java.io.ObjectInputStream.readSerialData(ObjectInputStream.java:2390)
	at java.base/java.io.ObjectInputStream.readOrdinaryObject(ObjectInputStream.java:2228)
	at java.base/java.io.ObjectInputStream.readObject0(ObjectInputStream.java:1687)
	at java.base/java.io.ObjectInputStream.readObject(ObjectInputStream.java:489)
	at java.base/java.io.ObjectInputStream.readObject(ObjectInputStream.java:447)
	at java.base/java.util.ArrayList.readObject(ArrayList.java:929)
	at java.base/jdk.internal.reflect.GeneratedMethodAccessor7.invoke(Unknown Source)
	at java.base/jdk.internal.reflect.DelegatingMethodAccessorImpl.invoke(DelegatingMethodAccessorImpl.java:43)
	at java.base/java.lang.reflect.Method.invoke(Method.java:566)
	at java.base/java.io.ObjectStreamClass.invokeReadObject(ObjectStreamClass.java:1046)
	at java.base/java.io.ObjectInputStream.readSerialData(ObjectInputStream.java:2357)
	at java.base/java.io.ObjectInputStream.readOrdinaryObject(ObjectInputStream.java:2228)
	at java.base/java.io.ObjectInputStream.readObject0(ObjectInputStream.java:1687)
	at java.base/java.io.ObjectInputStream.defaultReadFields(ObjectInputStream.java:2496)
	at java.base/java.io.ObjectInputStream.readSerialData(ObjectInputStream.java:2390)
	at java.base/java.io.ObjectInputStream.readOrdinaryObject(ObjectInputStream.java:2228)
	at java.base/java.io.ObjectInputStream.readObject0(ObjectInputStream.java:1687)
	at java.base/java.io.ObjectInputStream.readObject(ObjectInputStream.java:489)
	at java.base/java.io.ObjectInputStream.readObject(ObjectInputStream.java:447)
	at java.rmi/sun.rmi.server.UnicastRef.unmarshalValue(UnicastRef.java:327)
	at java.rmi/sun.rmi.server.UnicastServerRef.dispatch(UnicastServerRef.java:339)
	... 12 common frames omitted
Caused by: java.lang.IllegalArgumentException: expect to get instruction without BasicBlock already set
	at org.evosuite.graphs.cfg.BasicBlock.appendInstruction(BasicBlock.java:225)
	at org.evosuite.graphs.cfg.BasicBlock.setInstructions(BasicBlock.java:206)
	at org.evosuite.graphs.cfg.BasicBlock.<init>(BasicBlock.java:106)
	at org.evosuite.graphs.cfg.RawControlFlowGraph.determineBasicBlockFor(RawControlFlowGraph.java:314)
	at org.evosuite.graphs.cfg.ActualControlFlowGraph.computeNodes(ActualControlFlowGraph.java:295)
	at org.evosuite.graphs.cfg.ActualControlFlowGraph.computeGraph(ActualControlFlowGraph.java:262)
	at org.evosuite.graphs.cfg.ActualControlFlowGraph.<init>(ActualControlFlowGraph.java:97)
	at org.evosuite.graphs.cfg.CFGGenerator.computeActualCFG(CFGGenerator.java:218)
	at org.evosuite.graphs.cfg.CFGGenerator.registerCFGs(CFGGenerator.java:102)
	at org.evosuite.graphs.cfg.CFGMethodAdapter.visitEnd(CFGMethodAdapter.java:219)
	at org.evosuite.shaded.org.objectweb.asm.MethodVisitor.visitEnd(MethodVisitor.java:783)
	at org.evosuite.shaded.org.objectweb.asm.MethodVisitor.visitEnd(MethodVisitor.java:783)
	at org.evosuite.shaded.org.objectweb.asm.MethodVisitor.visitEnd(MethodVisitor.java:783)
	at org.evosuite.shaded.org.objectweb.asm.tree.MethodNode.accept(MethodNode.java:772)
	at org.evosuite.shaded.org.objectweb.asm.tree.MethodNode.accept(MethodNode.java:649)
	at org.evosuite.shaded.org.objectweb.asm.tree.ClassNode.accept(ClassNode.java:452)
	at org.evosuite.instrumentation.BytecodeInstrumentation.transformBytes(BytecodeInstrumentation.java:282)
	at org.evosuite.instrumentation.InstrumentingClassLoader.getTransformedBytes(InstrumentingClassLoader.java:135)
	at org.evosuite.instrumentation.InstrumentingClassLoader.instrumentClass(InstrumentingClassLoader.java:149)
	... 78 common frames omitted
[Progress:>                             0%] [Cov:======================>            63%][MASTER] 07:41:07.233 [logback-1] WARN  ClientNodeImpl - Cannot send statistics to master; continuing without statistics
java.rmi.ServerException: RemoteException occurred in server thread; nested exception is: 
	java.rmi.UnmarshalException: error unmarshalling arguments; nested exception is: 
	java.lang.ClassNotFoundException: expect to get instruction without BasicBlock already set
	at java.rmi/sun.rmi.server.UnicastServerRef.dispatch(UnicastServerRef.java:391)
	at java.rmi/sun.rmi.transport.Transport$1.run(Transport.java:200)
	at java.rmi/sun.rmi.transport.Transport$1.run(Transport.java:197)
	at java.base/java.security.AccessController.doPrivileged(Native Method)
	at java.rmi/sun.rmi.transport.Transport.serviceCall(Transport.java:196)
	at java.rmi/sun.rmi.transport.tcp.TCPTransport.handleMessages(TCPTransport.java:562)
	at java.rmi/sun.rmi.transport.tcp.TCPTransport$ConnectionHandler.run0(TCPTransport.java:796)
	at java.rmi/sun.rmi.transport.tcp.TCPTransport$ConnectionHandler.lambda$run$0(TCPTransport.java:677)
	at java.base/java.security.AccessController.doPrivileged(Native Method)
	at java.rmi/sun.rmi.transport.tcp.TCPTransport$ConnectionHandler.run(TCPTransport.java:676)
	at java.base/java.util.concurrent.ThreadPoolExecutor.runWorker(ThreadPoolExecutor.java:1128)
	at java.base/java.util.concurrent.ThreadPoolExecutor$Worker.run(ThreadPoolExecutor.java:628)
	at java.base/java.lang.Thread.run(Thread.java:829)
	at java.rmi/sun.rmi.transport.StreamRemoteCall.exceptionReceivedFromServer(StreamRemoteCall.java:303)
	at java.rmi/sun.rmi.transport.StreamRemoteCall.executeCall(StreamRemoteCall.java:279)
	at java.rmi/sun.rmi.server.UnicastRef.invoke(UnicastRef.java:164)
	at java.rmi/java.rmi.server.RemoteObjectInvocationHandler.invokeRemoteMethod(RemoteObjectInvocationHandler.java:217)
	at java.rmi/java.rmi.server.RemoteObjectInvocationHandler.invoke(RemoteObjectInvocationHandler.java:162)
	at com.sun.proxy.$Proxy7.evosuite_collectStatistics(Unknown Source)
	at org.evosuite.rmi.service.ClientNodeImpl.updateStatistics(ClientNodeImpl.java:251)
	at org.evosuite.statistics.StatisticsSender.sendIndividualToMaster(StatisticsSender.java:62)
	at org.evosuite.statistics.StatisticsListener.lambda$new$0(StatisticsListener.java:76)
	at java.base/java.lang.Thread.run(Thread.java:829)
Caused by: java.rmi.UnmarshalException: error unmarshalling arguments; nested exception is: 
	java.lang.ClassNotFoundException: expect to get instruction without BasicBlock already set
	at java.rmi/sun.rmi.server.UnicastServerRef.dispatch(UnicastServerRef.java:350)
	at java.rmi/sun.rmi.transport.Transport$1.run(Transport.java:200)
	at java.rmi/sun.rmi.transport.Transport$1.run(Transport.java:197)
	at java.base/java.security.AccessController.doPrivileged(Native Method)
	at java.rmi/sun.rmi.transport.Transport.serviceCall(Transport.java:196)
	at java.rmi/sun.rmi.transport.tcp.TCPTransport.handleMessages(TCPTransport.java:562)
	at java.rmi/sun.rmi.transport.tcp.TCPTransport$ConnectionHandler.run0(TCPTransport.java:796)
	at java.rmi/sun.rmi.transport.tcp.TCPTransport$ConnectionHandler.lambda$run$0(TCPTransport.java:677)
	at java.base/java.security.AccessController.doPrivileged(Native Method)
	at java.rmi/sun.rmi.transport.tcp.TCPTransport$ConnectionHandler.run(TCPTransport.java:676)
	at java.base/java.util.concurrent.ThreadPoolExecutor.runWorker(ThreadPoolExecutor.java:1128)
	at java.base/java.util.concurrent.ThreadPoolExecutor$Worker.run(ThreadPoolExecutor.java:628)
	... 1 common frames omitted
Caused by: java.lang.ClassNotFoundException: expect to get instruction without BasicBlock already set
	at org.evosuite.instrumentation.InstrumentingClassLoader.instrumentClass(InstrumentingClassLoader.java:158)
	at org.evosuite.instrumentation.InstrumentingClassLoader.loadClass(InstrumentingClassLoader.java:126)
	at org.evosuite.utils.generic.GenericClassImpl.getClass(GenericClassImpl.java:139)
	at org.evosuite.utils.generic.GenericClassImpl.getClass(GenericClassImpl.java:105)
	at org.evosuite.utils.generic.GenericClassImpl.readObject(GenericClassImpl.java:1671)
	at jdk.internal.reflect.GeneratedMethodAccessor9.invoke(Unknown Source)
	at java.base/jdk.internal.reflect.DelegatingMethodAccessorImpl.invoke(DelegatingMethodAccessorImpl.java:43)
	at java.base/java.lang.reflect.Method.invoke(Method.java:566)
	at java.base/java.io.ObjectStreamClass.invokeReadObject(ObjectStreamClass.java:1046)
	at java.base/java.io.ObjectInputStream.readSerialData(ObjectInputStream.java:2357)
	at java.base/java.io.ObjectInputStream.readOrdinaryObject(ObjectInputStream.java:2228)
	at java.base/java.io.ObjectInputStream.readObject0(ObjectInputStream.java:1687)
	at java.base/java.io.ObjectInputStream.defaultReadFields(ObjectInputStream.java:2496)
	at java.base/java.io.ObjectInputStream.readSerialData(ObjectInputStream.java:2390)
	at java.base/java.io.ObjectInputStream.readOrdinaryObject(ObjectInputStream.java:2228)
	at java.base/java.io.ObjectInputStream.readObject0(ObjectInputStream.java:1687)
	at java.base/java.io.ObjectInputStream.defaultReadFields(ObjectInputStream.java:2496)
	at java.base/java.io.ObjectInputStream.readSerialData(ObjectInputStream.java:2390)
	at java.base/java.io.ObjectInputStream.readOrdinaryObject(ObjectInputStream.java:2228)
	at java.base/java.io.ObjectInputStream.readObject0(ObjectInputStream.java:1687)
	at java.base/java.io.ObjectInputStream.readObject(ObjectInputStream.java:489)
	at java.base/java.io.ObjectInputStream.readObject(ObjectInputStream.java:447)
	at java.base/java.util.ArrayList.readObject(ArrayList.java:929)
	at java.base/jdk.internal.reflect.GeneratedMethodAccessor7.invoke(Unknown Source)
	at java.base/jdk.internal.reflect.DelegatingMethodAccessorImpl.invoke(DelegatingMethodAccessorImpl.java:43)
	at java.base/java.lang.reflect.Method.invoke(Method.java:566)
	at java.base/java.io.ObjectStreamClass.invokeReadObject(ObjectStreamClass.java:1046)
	at java.base/java.io.ObjectInputStream.readSerialData(ObjectInputStream.java:2357)
	at java.base/java.io.ObjectInputStream.readOrdinaryObject(ObjectInputStream.java:2228)
	at java.base/java.io.ObjectInputStream.readObject0(ObjectInputStream.java:1687)
	at java.base/java.io.ObjectInputStream.defaultReadFields(ObjectInputStream.java:2496)
	at java.base/java.io.ObjectInputStream.readSerialData(ObjectInputStream.java:2390)
	at java.base/java.io.ObjectInputStream.readOrdinaryObject(ObjectInputStream.java:2228)
	at java.base/java.io.ObjectInputStream.readObject0(ObjectInputStream.java:1687)
	at java.base/java.io.ObjectInputStream.defaultReadFields(ObjectInputStream.java:2496)
	at java.base/java.io.ObjectInputStream.defaultReadObject(ObjectInputStream.java:625)
	at org.evosuite.testcase.DefaultTestCase.readObject(DefaultTestCase.java:1217)
	at java.base/jdk.internal.reflect.NativeMethodAccessorImpl.invoke0(Native Method)
	at java.base/jdk.internal.reflect.NativeMethodAccessorImpl.invoke(NativeMethodAccessorImpl.java:62)
	at java.base/jdk.internal.reflect.DelegatingMethodAccessorImpl.invoke(DelegatingMethodAccessorImpl.java:43)
	at java.base/java.lang.reflect.Method.invoke(Method.java:566)
	at java.base/java.io.ObjectStreamClass.invokeReadObject(ObjectStreamClass.java:1046)
	at java.base/java.io.ObjectInputStream.readSerialData(ObjectInputStream.java:2357)
	at java.base/java.io.ObjectInputStream.readOrdinaryObject(ObjectInputStream.java:2228)
	at java.base/java.io.ObjectInputStream.readObject0(ObjectInputStream.java:1687)
	at java.base/java.io.ObjectInputStream.defaultReadFields(ObjectInputStream.java:2496)
	at java.base/java.io.ObjectInputStream.readSerialData(ObjectInputStream.java:2390)
	at java.base/java.io.ObjectInputStream.readOrdinaryObject(ObjectInputStream.java:2228)
	at java.base/java.io.ObjectInputStream.readObject0(ObjectInputStream.java:1687)
	at java.base/java.io.ObjectInputStream.readObject(ObjectInputStream.java:489)
	at java.base/java.io.ObjectInputStream.readObject(ObjectInputStream.java:447)
	at java.base/java.util.ArrayList.readObject(ArrayList.java:929)
	at java.base/jdk.internal.reflect.GeneratedMethodAccessor7.invoke(Unknown Source)
	at java.base/jdk.internal.reflect.DelegatingMethodAccessorImpl.invoke(DelegatingMethodAccessorImpl.java:43)
	at java.base/java.lang.reflect.Method.invoke(Method.java:566)
	at java.base/java.io.ObjectStreamClass.invokeReadObject(ObjectStreamClass.java:1046)
	at java.base/java.io.ObjectInputStream.readSerialData(ObjectInputStream.java:2357)
	at java.base/java.io.ObjectInputStream.readOrdinaryObject(ObjectInputStream.java:2228)
	at java.base/java.io.ObjectInputStream.readObject0(ObjectInputStream.java:1687)
	at java.base/java.io.ObjectInputStream.defaultReadFields(ObjectInputStream.java:2496)
	at java.base/java.io.ObjectInputStream.readSerialData(ObjectInputStream.java:2390)
	at java.base/java.io.ObjectInputStream.readOrdinaryObject(ObjectInputStream.java:2228)
	at java.base/java.io.ObjectInputStream.readObject0(ObjectInputStream.java:1687)
	at java.base/java.io.ObjectInputStream.readObject(ObjectInputStream.java:489)
	at java.base/java.io.ObjectInputStream.readObject(ObjectInputStream.java:447)
	at java.rmi/sun.rmi.server.UnicastRef.unmarshalValue(UnicastRef.java:327)
	at java.rmi/sun.rmi.server.UnicastServerRef.dispatch(UnicastServerRef.java:339)
	... 12 common frames omitted
Caused by: java.lang.IllegalArgumentException: expect to get instruction without BasicBlock already set
	at org.evosuite.graphs.cfg.BasicBlock.appendInstruction(BasicBlock.java:225)
	at org.evosuite.graphs.cfg.BasicBlock.setInstructions(BasicBlock.java:206)
	at org.evosuite.graphs.cfg.BasicBlock.<init>(BasicBlock.java:106)
	at org.evosuite.graphs.cfg.RawControlFlowGraph.determineBasicBlockFor(RawControlFlowGraph.java:314)
	at org.evosuite.graphs.cfg.ActualControlFlowGraph.computeNodes(ActualControlFlowGraph.java:295)
	at org.evosuite.graphs.cfg.ActualControlFlowGraph.computeGraph(ActualControlFlowGraph.java:262)
	at org.evosuite.graphs.cfg.ActualControlFlowGraph.<init>(ActualControlFlowGraph.java:97)
	at org.evosuite.graphs.cfg.CFGGenerator.computeActualCFG(CFGGenerator.java:218)
	at org.evosuite.graphs.cfg.CFGGenerator.registerCFGs(CFGGenerator.java:102)
	at org.evosuite.graphs.cfg.CFGMethodAdapter.visitEnd(CFGMethodAdapter.java:219)
	at org.evosuite.shaded.org.objectweb.asm.MethodVisitor.visitEnd(MethodVisitor.java:783)
	at org.evosuite.shaded.org.objectweb.asm.MethodVisitor.visitEnd(MethodVisitor.java:783)
	at org.evosuite.shaded.org.objectweb.asm.MethodVisitor.visitEnd(MethodVisitor.java:783)
	at org.evosuite.shaded.org.objectweb.asm.tree.MethodNode.accept(MethodNode.java:772)
	at org.evosuite.shaded.org.objectweb.asm.tree.MethodNode.accept(MethodNode.java:649)
	at org.evosuite.shaded.org.objectweb.asm.tree.ClassNode.accept(ClassNode.java:452)
	at org.evosuite.instrumentation.BytecodeInstrumentation.transformBytes(BytecodeInstrumentation.java:282)
	at org.evosuite.instrumentation.InstrumentingClassLoader.getTransformedBytes(InstrumentingClassLoader.java:135)
	at org.evosuite.instrumentation.InstrumentingClassLoader.instrumentClass(InstrumentingClassLoader.java:149)
	... 78 common frames omitted
[MASTER] 07:41:07.314 [logback-1] WARN  ClientNodeImpl - Cannot send statistics to master; continuing without statistics
java.rmi.ServerException: RemoteException occurred in server thread; nested exception is: 
	java.rmi.UnmarshalException: error unmarshalling arguments; nested exception is: 
	java.lang.ClassNotFoundException: expect to get instruction without BasicBlock already set
	at java.rmi/sun.rmi.server.UnicastServerRef.dispatch(UnicastServerRef.java:391)
	at java.rmi/sun.rmi.transport.Transport$1.run(Transport.java:200)
	at java.rmi/sun.rmi.transport.Transport$1.run(Transport.java:197)
	at java.base/java.security.AccessController.doPrivileged(Native Method)
	at java.rmi/sun.rmi.transport.Transport.serviceCall(Transport.java:196)
	at java.rmi/sun.rmi.transport.tcp.TCPTransport.handleMessages(TCPTransport.java:562)
	at java.rmi/sun.rmi.transport.tcp.TCPTransport$ConnectionHandler.run0(TCPTransport.java:796)
	at java.rmi/sun.rmi.transport.tcp.TCPTransport$ConnectionHandler.lambda$run$0(TCPTransport.java:677)
	at java.base/java.security.AccessController.doPrivileged(Native Method)
	at java.rmi/sun.rmi.transport.tcp.TCPTransport$ConnectionHandler.run(TCPTransport.java:676)
	at java.base/java.util.concurrent.ThreadPoolExecutor.runWorker(ThreadPoolExecutor.java:1128)
	at java.base/java.util.concurrent.ThreadPoolExecutor$Worker.run(ThreadPoolExecutor.java:628)
	at java.base/java.lang.Thread.run(Thread.java:829)
	at java.rmi/sun.rmi.transport.StreamRemoteCall.exceptionReceivedFromServer(StreamRemoteCall.java:303)
	at java.rmi/sun.rmi.transport.StreamRemoteCall.executeCall(StreamRemoteCall.java:279)
	at java.rmi/sun.rmi.server.UnicastRef.invoke(UnicastRef.java:164)
	at java.rmi/java.rmi.server.RemoteObjectInvocationHandler.invokeRemoteMethod(RemoteObjectInvocationHandler.java:217)
	at java.rmi/java.rmi.server.RemoteObjectInvocationHandler.invoke(RemoteObjectInvocationHandler.java:162)
	at com.sun.proxy.$Proxy7.evosuite_collectStatistics(Unknown Source)
	at org.evosuite.rmi.service.ClientNodeImpl.updateStatistics(ClientNodeImpl.java:251)
	at org.evosuite.statistics.StatisticsSender.sendIndividualToMaster(StatisticsSender.java:62)
	at org.evosuite.statistics.StatisticsListener.lambda$new$0(StatisticsListener.java:76)
	at java.base/java.lang.Thread.run(Thread.java:829)
Caused by: java.rmi.UnmarshalException: error unmarshalling arguments; nested exception is: 
	java.lang.ClassNotFoundException: expect to get instruction without BasicBlock already set
	at java.rmi/sun.rmi.server.UnicastServerRef.dispatch(UnicastServerRef.java:350)
	at java.rmi/sun.rmi.transport.Transport$1.run(Transport.java:200)
	at java.rmi/sun.rmi.transport.Transport$1.run(Transport.java:197)
	at java.base/java.security.AccessController.doPrivileged(Native Method)
	at java.rmi/sun.rmi.transport.Transport.serviceCall(Transport.java:196)
	at java.rmi/sun.rmi.transport.tcp.TCPTransport.handleMessages(TCPTransport.java:562)
	at java.rmi/sun.rmi.transport.tcp.TCPTransport$ConnectionHandler.run0(TCPTransport.java:796)
	at java.rmi/sun.rmi.transport.tcp.TCPTransport$ConnectionHandler.lambda$run$0(TCPTransport.java:677)
	at java.base/java.security.AccessController.doPrivileged(Native Method)
	at java.rmi/sun.rmi.transport.tcp.TCPTransport$ConnectionHandler.run(TCPTransport.java:676)
	at java.base/java.util.concurrent.ThreadPoolExecutor.runWorker(ThreadPoolExecutor.java:1128)
	at java.base/java.util.concurrent.ThreadPoolExecutor$Worker.run(ThreadPoolExecutor.java:628)
	... 1 common frames omitted
Caused by: java.lang.ClassNotFoundException: expect to get instruction without BasicBlock already set
	at org.evosuite.instrumentation.InstrumentingClassLoader.instrumentClass(InstrumentingClassLoader.java:158)
	at org.evosuite.instrumentation.InstrumentingClassLoader.loadClass(InstrumentingClassLoader.java:126)
	at org.evosuite.utils.generic.GenericClassImpl.getClass(GenericClassImpl.java:139)
	at org.evosuite.utils.generic.GenericClassImpl.getClass(GenericClassImpl.java:105)
	at org.evosuite.utils.generic.GenericClassImpl.readObject(GenericClassImpl.java:1671)
	at jdk.internal.reflect.GeneratedMethodAccessor9.invoke(Unknown Source)
	at java.base/jdk.internal.reflect.DelegatingMethodAccessorImpl.invoke(DelegatingMethodAccessorImpl.java:43)
	at java.base/java.lang.reflect.Method.invoke(Method.java:566)
	at java.base/java.io.ObjectStreamClass.invokeReadObject(ObjectStreamClass.java:1046)
	at java.base/java.io.ObjectInputStream.readSerialData(ObjectInputStream.java:2357)
	at java.base/java.io.ObjectInputStream.readOrdinaryObject(ObjectInputStream.java:2228)
	at java.base/java.io.ObjectInputStream.readObject0(ObjectInputStream.java:1687)
	at java.base/java.io.ObjectInputStream.defaultReadFields(ObjectInputStream.java:2496)
	at java.base/java.io.ObjectInputStream.readSerialData(ObjectInputStream.java:2390)
	at java.base/java.io.ObjectInputStream.readOrdinaryObject(ObjectInputStream.java:2228)
	at java.base/java.io.ObjectInputStream.readObject0(ObjectInputStream.java:1687)
	at java.base/java.io.ObjectInputStream.defaultReadFields(ObjectInputStream.java:2496)
	at java.base/java.io.ObjectInputStream.readSerialData(ObjectInputStream.java:2390)
	at java.base/java.io.ObjectInputStream.readOrdinaryObject(ObjectInputStream.java:2228)
	at java.base/java.io.ObjectInputStream.readObject0(ObjectInputStream.java:1687)
	at java.base/java.io.ObjectInputStream.readObject(ObjectInputStream.java:489)
	at java.base/java.io.ObjectInputStream.readObject(ObjectInputStream.java:447)
	at java.base/java.util.ArrayList.readObject(ArrayList.java:929)
	at java.base/jdk.internal.reflect.GeneratedMethodAccessor7.invoke(Unknown Source)
	at java.base/jdk.internal.reflect.DelegatingMethodAccessorImpl.invoke(DelegatingMethodAccessorImpl.java:43)
	at java.base/java.lang.reflect.Method.invoke(Method.java:566)
	at java.base/java.io.ObjectStreamClass.invokeReadObject(ObjectStreamClass.java:1046)
	at java.base/java.io.ObjectInputStream.readSerialData(ObjectInputStream.java:2357)
	at java.base/java.io.ObjectInputStream.readOrdinaryObject(ObjectInputStream.java:2228)
	at java.base/java.io.ObjectInputStream.readObject0(ObjectInputStream.java:1687)
	at java.base/java.io.ObjectInputStream.defaultReadFields(ObjectInputStream.java:2496)
	at java.base/java.io.ObjectInputStream.readSerialData(ObjectInputStream.java:2390)
	at java.base/java.io.ObjectInputStream.readOrdinaryObject(ObjectInputStream.java:2228)
	at java.base/java.io.ObjectInputStream.readObject0(ObjectInputStream.java:1687)
	at java.base/java.io.ObjectInputStream.defaultReadFields(ObjectInputStream.java:2496)
	at java.base/java.io.ObjectInputStream.defaultReadObject(ObjectInputStream.java:625)
	at org.evosuite.testcase.DefaultTestCase.readObject(DefaultTestCase.java:1217)
	at jdk.internal.reflect.GeneratedMethodAccessor14.invoke(Unknown Source)
	at java.base/jdk.internal.reflect.DelegatingMethodAccessorImpl.invoke(DelegatingMethodAccessorImpl.java:43)
	at java.base/java.lang.reflect.Method.invoke(Method.java:566)
	at java.base/java.io.ObjectStreamClass.invokeReadObject(ObjectStreamClass.java:1046)
	at java.base/java.io.ObjectInputStream.readSerialData(ObjectInputStream.java:2357)
	at java.base/java.io.ObjectInputStream.readOrdinaryObject(ObjectInputStream.java:2228)
	at java.base/java.io.ObjectInputStream.readObject0(ObjectInputStream.java:1687)
	at java.base/java.io.ObjectInputStream.defaultReadFields(ObjectInputStream.java:2496)
	at java.base/java.io.ObjectInputStream.readSerialData(ObjectInputStream.java:2390)
	at java.base/java.io.ObjectInputStream.readOrdinaryObject(ObjectInputStream.java:2228)
	at java.base/java.io.ObjectInputStream.readObject0(ObjectInputStream.java:1687)
	at java.base/java.io.ObjectInputStream.readObject(ObjectInputStream.java:489)
	at java.base/java.io.ObjectInputStream.readObject(ObjectInputStream.java:447)
	at java.base/java.util.ArrayList.readObject(ArrayList.java:929)
	at java.base/jdk.internal.reflect.GeneratedMethodAccessor7.invoke(Unknown Source)
	at java.base/jdk.internal.reflect.DelegatingMethodAccessorImpl.invoke(DelegatingMethodAccessorImpl.java:43)
	at java.base/java.lang.reflect.Method.invoke(Method.java:566)
	at java.base/java.io.ObjectStreamClass.invokeReadObject(ObjectStreamClass.java:1046)
	at java.base/java.io.ObjectInputStream.readSerialData(ObjectInputStream.java:2357)
	at java.base/java.io.ObjectInputStream.readOrdinaryObject(ObjectInputStream.java:2228)
	at java.base/java.io.ObjectInputStream.readObject0(ObjectInputStream.java:1687)
	at java.base/java.io.ObjectInputStream.defaultReadFields(ObjectInputStream.java:2496)
	at java.base/java.io.ObjectInputStream.readSerialData(ObjectInputStream.java:2390)
	at java.base/java.io.ObjectInputStream.readOrdinaryObject(ObjectInputStream.java:2228)
	at java.base/java.io.ObjectInputStream.readObject0(ObjectInputStream.java:1687)
	at java.base/java.io.ObjectInputStream.readObject(ObjectInputStream.java:489)
	at java.base/java.io.ObjectInputStream.readObject(ObjectInputStream.java:447)
	at java.rmi/sun.rmi.server.UnicastRef.unmarshalValue(UnicastRef.java:327)
	at java.rmi/sun.rmi.server.UnicastServerRef.dispatch(UnicastServerRef.java:339)
	... 12 common frames omitted
Caused by: java.lang.IllegalArgumentException: expect to get instruction without BasicBlock already set
	at org.evosuite.graphs.cfg.BasicBlock.appendInstruction(BasicBlock.java:225)
	at org.evosuite.graphs.cfg.BasicBlock.setInstructions(BasicBlock.java:206)
	at org.evosuite.graphs.cfg.BasicBlock.<init>(BasicBlock.java:106)
	at org.evosuite.graphs.cfg.RawControlFlowGraph.determineBasicBlockFor(RawControlFlowGraph.java:314)
	at org.evosuite.graphs.cfg.ActualControlFlowGraph.computeNodes(ActualControlFlowGraph.java:295)
	at org.evosuite.graphs.cfg.ActualControlFlowGraph.computeGraph(ActualControlFlowGraph.java:262)
	at org.evosuite.graphs.cfg.ActualControlFlowGraph.<init>(ActualControlFlowGraph.java:97)
	at org.evosuite.graphs.cfg.CFGGenerator.computeActualCFG(CFGGenerator.java:218)
	at org.evosuite.graphs.cfg.CFGGenerator.registerCFGs(CFGGenerator.java:102)
	at org.evosuite.graphs.cfg.CFGMethodAdapter.visitEnd(CFGMethodAdapter.java:219)
	at org.evosuite.shaded.org.objectweb.asm.MethodVisitor.visitEnd(MethodVisitor.java:783)
	at org.evosuite.shaded.org.objectweb.asm.MethodVisitor.visitEnd(MethodVisitor.java:783)
	at org.evosuite.shaded.org.objectweb.asm.MethodVisitor.visitEnd(MethodVisitor.java:783)
	at org.evosuite.shaded.org.objectweb.asm.tree.MethodNode.accept(MethodNode.java:772)
	at org.evosuite.shaded.org.objectweb.asm.tree.MethodNode.accept(MethodNode.java:649)
	at org.evosuite.shaded.org.objectweb.asm.tree.ClassNode.accept(ClassNode.java:452)
	at org.evosuite.instrumentation.BytecodeInstrumentation.transformBytes(BytecodeInstrumentation.java:282)
	at org.evosuite.instrumentation.InstrumentingClassLoader.getTransformedBytes(InstrumentingClassLoader.java:135)
	at org.evosuite.instrumentation.InstrumentingClassLoader.instrumentClass(InstrumentingClassLoader.java:149)
	... 77 common frames omitted
[Progress:>                             0%] [Cov:======================>            65%][MASTER] 07:41:07.385 [logback-1] WARN  ClientNodeImpl - Cannot send statistics to master; continuing without statistics
java.rmi.ServerException: RemoteException occurred in server thread; nested exception is: 
	java.rmi.UnmarshalException: error unmarshalling arguments; nested exception is: 
	java.lang.ClassNotFoundException: expect to get instruction without BasicBlock already set
	at java.rmi/sun.rmi.server.UnicastServerRef.dispatch(UnicastServerRef.java:391)
	at java.rmi/sun.rmi.transport.Transport$1.run(Transport.java:200)
	at java.rmi/sun.rmi.transport.Transport$1.run(Transport.java:197)
	at java.base/java.security.AccessController.doPrivileged(Native Method)
	at java.rmi/sun.rmi.transport.Transport.serviceCall(Transport.java:196)
	at java.rmi/sun.rmi.transport.tcp.TCPTransport.handleMessages(TCPTransport.java:562)
	at java.rmi/sun.rmi.transport.tcp.TCPTransport$ConnectionHandler.run0(TCPTransport.java:796)
	at java.rmi/sun.rmi.transport.tcp.TCPTransport$ConnectionHandler.lambda$run$0(TCPTransport.java:677)
	at java.base/java.security.AccessController.doPrivileged(Native Method)
	at java.rmi/sun.rmi.transport.tcp.TCPTransport$ConnectionHandler.run(TCPTransport.java:676)
	at java.base/java.util.concurrent.ThreadPoolExecutor.runWorker(ThreadPoolExecutor.java:1128)
	at java.base/java.util.concurrent.ThreadPoolExecutor$Worker.run(ThreadPoolExecutor.java:628)
	at java.base/java.lang.Thread.run(Thread.java:829)
	at java.rmi/sun.rmi.transport.StreamRemoteCall.exceptionReceivedFromServer(StreamRemoteCall.java:303)
	at java.rmi/sun.rmi.transport.StreamRemoteCall.executeCall(StreamRemoteCall.java:279)
	at java.rmi/sun.rmi.server.UnicastRef.invoke(UnicastRef.java:164)
	at java.rmi/java.rmi.server.RemoteObjectInvocationHandler.invokeRemoteMethod(RemoteObjectInvocationHandler.java:217)
	at java.rmi/java.rmi.server.RemoteObjectInvocationHandler.invoke(RemoteObjectInvocationHandler.java:162)
	at com.sun.proxy.$Proxy7.evosuite_collectStatistics(Unknown Source)
	at org.evosuite.rmi.service.ClientNodeImpl.updateStatistics(ClientNodeImpl.java:251)
	at org.evosuite.statistics.StatisticsSender.sendIndividualToMaster(StatisticsSender.java:62)
	at org.evosuite.statistics.StatisticsListener.lambda$new$0(StatisticsListener.java:76)
	at java.base/java.lang.Thread.run(Thread.java:829)
Caused by: java.rmi.UnmarshalException: error unmarshalling arguments; nested exception is: 
	java.lang.ClassNotFoundException: expect to get instruction without BasicBlock already set
	at java.rmi/sun.rmi.server.UnicastServerRef.dispatch(UnicastServerRef.java:350)
	at java.rmi/sun.rmi.transport.Transport$1.run(Transport.java:200)
	at java.rmi/sun.rmi.transport.Transport$1.run(Transport.java:197)
	at java.base/java.security.AccessController.doPrivileged(Native Method)
	at java.rmi/sun.rmi.transport.Transport.serviceCall(Transport.java:196)
	at java.rmi/sun.rmi.transport.tcp.TCPTransport.handleMessages(TCPTransport.java:562)
	at java.rmi/sun.rmi.transport.tcp.TCPTransport$ConnectionHandler.run0(TCPTransport.java:796)
	at java.rmi/sun.rmi.transport.tcp.TCPTransport$ConnectionHandler.lambda$run$0(TCPTransport.java:677)
	at java.base/java.security.AccessController.doPrivileged(Native Method)
	at java.rmi/sun.rmi.transport.tcp.TCPTransport$ConnectionHandler.run(TCPTransport.java:676)
	at java.base/java.util.concurrent.ThreadPoolExecutor.runWorker(ThreadPoolExecutor.java:1128)
	at java.base/java.util.concurrent.ThreadPoolExecutor$Worker.run(ThreadPoolExecutor.java:628)
	... 1 common frames omitted
Caused by: java.lang.ClassNotFoundException: expect to get instruction without BasicBlock already set
	at org.evosuite.instrumentation.InstrumentingClassLoader.instrumentClass(InstrumentingClassLoader.java:158)
	at org.evosuite.instrumentation.InstrumentingClassLoader.loadClass(InstrumentingClassLoader.java:126)
	at org.evosuite.utils.generic.GenericClassImpl.getClass(GenericClassImpl.java:139)
	at org.evosuite.utils.generic.GenericClassImpl.getClass(GenericClassImpl.java:105)
	at org.evosuite.utils.generic.GenericClassImpl.readObject(GenericClassImpl.java:1671)
	at jdk.internal.reflect.GeneratedMethodAccessor9.invoke(Unknown Source)
	at java.base/jdk.internal.reflect.DelegatingMethodAccessorImpl.invoke(DelegatingMethodAccessorImpl.java:43)
	at java.base/java.lang.reflect.Method.invoke(Method.java:566)
	at java.base/java.io.ObjectStreamClass.invokeReadObject(ObjectStreamClass.java:1046)
	at java.base/java.io.ObjectInputStream.readSerialData(ObjectInputStream.java:2357)
	at java.base/java.io.ObjectInputStream.readOrdinaryObject(ObjectInputStream.java:2228)
	at java.base/java.io.ObjectInputStream.readObject0(ObjectInputStream.java:1687)
	at java.base/java.io.ObjectInputStream.defaultReadFields(ObjectInputStream.java:2496)
	at java.base/java.io.ObjectInputStream.readSerialData(ObjectInputStream.java:2390)
	at java.base/java.io.ObjectInputStream.readOrdinaryObject(ObjectInputStream.java:2228)
	at java.base/java.io.ObjectInputStream.readObject0(ObjectInputStream.java:1687)
	at java.base/java.io.ObjectInputStream.defaultReadFields(ObjectInputStream.java:2496)
	at java.base/java.io.ObjectInputStream.readSerialData(ObjectInputStream.java:2390)
	at java.base/java.io.ObjectInputStream.readOrdinaryObject(ObjectInputStream.java:2228)
	at java.base/java.io.ObjectInputStream.readObject0(ObjectInputStream.java:1687)
	at java.base/java.io.ObjectInputStream.readObject(ObjectInputStream.java:489)
	at java.base/java.io.ObjectInputStream.readObject(ObjectInputStream.java:447)
	at java.base/java.util.ArrayList.readObject(ArrayList.java:929)
	at java.base/jdk.internal.reflect.GeneratedMethodAccessor7.invoke(Unknown Source)
	at java.base/jdk.internal.reflect.DelegatingMethodAccessorImpl.invoke(DelegatingMethodAccessorImpl.java:43)
	at java.base/java.lang.reflect.Method.invoke(Method.java:566)
	at java.base/java.io.ObjectStreamClass.invokeReadObject(ObjectStreamClass.java:1046)
	at java.base/java.io.ObjectInputStream.readSerialData(ObjectInputStream.java:2357)
	at java.base/java.io.ObjectInputStream.readOrdinaryObject(ObjectInputStream.java:2228)
	at java.base/java.io.ObjectInputStream.readObject0(ObjectInputStream.java:1687)
	at java.base/java.io.ObjectInputStream.defaultReadFields(ObjectInputStream.java:2496)
	at java.base/java.io.ObjectInputStream.readSerialData(ObjectInputStream.java:2390)
	at java.base/java.io.ObjectInputStream.readOrdinaryObject(ObjectInputStream.java:2228)
	at java.base/java.io.ObjectInputStream.readObject0(ObjectInputStream.java:1687)
	at java.base/java.io.ObjectInputStream.defaultReadFields(ObjectInputStream.java:2496)
	at java.base/java.io.ObjectInputStream.defaultReadObject(ObjectInputStream.java:625)
	at org.evosuite.testcase.DefaultTestCase.readObject(DefaultTestCase.java:1217)
	at jdk.internal.reflect.GeneratedMethodAccessor14.invoke(Unknown Source)
	at java.base/jdk.internal.reflect.DelegatingMethodAccessorImpl.invoke(DelegatingMethodAccessorImpl.java:43)
	at java.base/java.lang.reflect.Method.invoke(Method.java:566)
	at java.base/java.io.ObjectStreamClass.invokeReadObject(ObjectStreamClass.java:1046)
	at java.base/java.io.ObjectInputStream.readSerialData(ObjectInputStream.java:2357)
	at java.base/java.io.ObjectInputStream.readOrdinaryObject(ObjectInputStream.java:2228)
	at java.base/java.io.ObjectInputStream.readObject0(ObjectInputStream.java:1687)
	at java.base/java.io.ObjectInputStream.defaultReadFields(ObjectInputStream.java:2496)
	at java.base/java.io.ObjectInputStream.readSerialData(ObjectInputStream.java:2390)
	at java.base/java.io.ObjectInputStream.readOrdinaryObject(ObjectInputStream.java:2228)
	at java.base/java.io.ObjectInputStream.readObject0(ObjectInputStream.java:1687)
	at java.base/java.io.ObjectInputStream.readObject(ObjectInputStream.java:489)
	at java.base/java.io.ObjectInputStream.readObject(ObjectInputStream.java:447)
	at java.base/java.util.ArrayList.readObject(ArrayList.java:929)
	at java.base/jdk.internal.reflect.GeneratedMethodAccessor7.invoke(Unknown Source)
	at java.base/jdk.internal.reflect.DelegatingMethodAccessorImpl.invoke(DelegatingMethodAccessorImpl.java:43)
	at java.base/java.lang.reflect.Method.invoke(Method.java:566)
	at java.base/java.io.ObjectStreamClass.invokeReadObject(ObjectStreamClass.java:1046)
	at java.base/java.io.ObjectInputStream.readSerialData(ObjectInputStream.java:2357)
	at java.base/java.io.ObjectInputStream.readOrdinaryObject(ObjectInputStream.java:2228)
	at java.base/java.io.ObjectInputStream.readObject0(ObjectInputStream.java:1687)
	at java.base/java.io.ObjectInputStream.defaultReadFields(ObjectInputStream.java:2496)
	at java.base/java.io.ObjectInputStream.readSerialData(ObjectInputStream.java:2390)
	at java.base/java.io.ObjectInputStream.readOrdinaryObject(ObjectInputStream.java:2228)
	at java.base/java.io.ObjectInputStream.readObject0(ObjectInputStream.java:1687)
	at java.base/java.io.ObjectInputStream.readObject(ObjectInputStream.java:489)
	at java.base/java.io.ObjectInputStream.readObject(ObjectInputStream.java:447)
	at java.rmi/sun.rmi.server.UnicastRef.unmarshalValue(UnicastRef.java:327)
	at java.rmi/sun.rmi.server.UnicastServerRef.dispatch(UnicastServerRef.java:339)
	... 12 common frames omitted
Caused by: java.lang.IllegalArgumentException: expect to get instruction without BasicBlock already set
	at org.evosuite.graphs.cfg.BasicBlock.appendInstruction(BasicBlock.java:225)
	at org.evosuite.graphs.cfg.BasicBlock.setInstructions(BasicBlock.java:206)
	at org.evosuite.graphs.cfg.BasicBlock.<init>(BasicBlock.java:106)
	at org.evosuite.graphs.cfg.RawControlFlowGraph.determineBasicBlockFor(RawControlFlowGraph.java:314)
	at org.evosuite.graphs.cfg.ActualControlFlowGraph.computeNodes(ActualControlFlowGraph.java:295)
	at org.evosuite.graphs.cfg.ActualControlFlowGraph.computeGraph(ActualControlFlowGraph.java:262)
	at org.evosuite.graphs.cfg.ActualControlFlowGraph.<init>(ActualControlFlowGraph.java:97)
	at org.evosuite.graphs.cfg.CFGGenerator.computeActualCFG(CFGGenerator.java:218)
	at org.evosuite.graphs.cfg.CFGGenerator.registerCFGs(CFGGenerator.java:102)
	at org.evosuite.graphs.cfg.CFGMethodAdapter.visitEnd(CFGMethodAdapter.java:219)
	at org.evosuite.shaded.org.objectweb.asm.MethodVisitor.visitEnd(MethodVisitor.java:783)
	at org.evosuite.shaded.org.objectweb.asm.MethodVisitor.visitEnd(MethodVisitor.java:783)
	at org.evosuite.shaded.org.objectweb.asm.MethodVisitor.visitEnd(MethodVisitor.java:783)
	at org.evosuite.shaded.org.objectweb.asm.tree.MethodNode.accept(MethodNode.java:772)
	at org.evosuite.shaded.org.objectweb.asm.tree.MethodNode.accept(MethodNode.java:649)
	at org.evosuite.shaded.org.objectweb.asm.tree.ClassNode.accept(ClassNode.java:452)
	at org.evosuite.instrumentation.BytecodeInstrumentation.transformBytes(BytecodeInstrumentation.java:282)
	at org.evosuite.instrumentation.InstrumentingClassLoader.getTransformedBytes(InstrumentingClassLoader.java:135)
	at org.evosuite.instrumentation.InstrumentingClassLoader.instrumentClass(InstrumentingClassLoader.java:149)
	... 77 common frames omitted
[Progress:>                             0%] [Cov:=======================>           68%][MASTER] 07:41:07.439 [logback-1] WARN  ClientNodeImpl - Cannot send statistics to master; continuing without statistics
java.rmi.ServerException: RemoteException occurred in server thread; nested exception is: 
	java.rmi.UnmarshalException: error unmarshalling arguments; nested exception is: 
	java.lang.ClassNotFoundException: expect to get instruction without BasicBlock already set
	at java.rmi/sun.rmi.server.UnicastServerRef.dispatch(UnicastServerRef.java:391)
	at java.rmi/sun.rmi.transport.Transport$1.run(Transport.java:200)
	at java.rmi/sun.rmi.transport.Transport$1.run(Transport.java:197)
	at java.base/java.security.AccessController.doPrivileged(Native Method)
	at java.rmi/sun.rmi.transport.Transport.serviceCall(Transport.java:196)
	at java.rmi/sun.rmi.transport.tcp.TCPTransport.handleMessages(TCPTransport.java:562)
	at java.rmi/sun.rmi.transport.tcp.TCPTransport$ConnectionHandler.run0(TCPTransport.java:796)
	at java.rmi/sun.rmi.transport.tcp.TCPTransport$ConnectionHandler.lambda$run$0(TCPTransport.java:677)
	at java.base/java.security.AccessController.doPrivileged(Native Method)
	at java.rmi/sun.rmi.transport.tcp.TCPTransport$ConnectionHandler.run(TCPTransport.java:676)
	at java.base/java.util.concurrent.ThreadPoolExecutor.runWorker(ThreadPoolExecutor.java:1128)
	at java.base/java.util.concurrent.ThreadPoolExecutor$Worker.run(ThreadPoolExecutor.java:628)
	at java.base/java.lang.Thread.run(Thread.java:829)
	at java.rmi/sun.rmi.transport.StreamRemoteCall.exceptionReceivedFromServer(StreamRemoteCall.java:303)
	at java.rmi/sun.rmi.transport.StreamRemoteCall.executeCall(StreamRemoteCall.java:279)
	at java.rmi/sun.rmi.server.UnicastRef.invoke(UnicastRef.java:164)
	at java.rmi/java.rmi.server.RemoteObjectInvocationHandler.invokeRemoteMethod(RemoteObjectInvocationHandler.java:217)
	at java.rmi/java.rmi.server.RemoteObjectInvocationHandler.invoke(RemoteObjectInvocationHandler.java:162)
	at com.sun.proxy.$Proxy7.evosuite_collectStatistics(Unknown Source)
	at org.evosuite.rmi.service.ClientNodeImpl.updateStatistics(ClientNodeImpl.java:251)
	at org.evosuite.statistics.StatisticsSender.sendIndividualToMaster(StatisticsSender.java:62)
	at org.evosuite.statistics.StatisticsListener.lambda$new$0(StatisticsListener.java:76)
	at java.base/java.lang.Thread.run(Thread.java:829)
Caused by: java.rmi.UnmarshalException: error unmarshalling arguments; nested exception is: 
	java.lang.ClassNotFoundException: expect to get instruction without BasicBlock already set
	at java.rmi/sun.rmi.server.UnicastServerRef.dispatch(UnicastServerRef.java:350)
	at java.rmi/sun.rmi.transport.Transport$1.run(Transport.java:200)
	at java.rmi/sun.rmi.transport.Transport$1.run(Transport.java:197)
	at java.base/java.security.AccessController.doPrivileged(Native Method)
	at java.rmi/sun.rmi.transport.Transport.serviceCall(Transport.java:196)
	at java.rmi/sun.rmi.transport.tcp.TCPTransport.handleMessages(TCPTransport.java:562)
	at java.rmi/sun.rmi.transport.tcp.TCPTransport$ConnectionHandler.run0(TCPTransport.java:796)
	at java.rmi/sun.rmi.transport.tcp.TCPTransport$ConnectionHandler.lambda$run$0(TCPTransport.java:677)
	at java.base/java.security.AccessController.doPrivileged(Native Method)
	at java.rmi/sun.rmi.transport.tcp.TCPTransport$ConnectionHandler.run(TCPTransport.java:676)
	at java.base/java.util.concurrent.ThreadPoolExecutor.runWorker(ThreadPoolExecutor.java:1128)
	at java.base/java.util.concurrent.ThreadPoolExecutor$Worker.run(ThreadPoolExecutor.java:628)
	... 1 common frames omitted
Caused by: java.lang.ClassNotFoundException: expect to get instruction without BasicBlock already set
	at org.evosuite.instrumentation.InstrumentingClassLoader.instrumentClass(InstrumentingClassLoader.java:158)
	at org.evosuite.instrumentation.InstrumentingClassLoader.loadClass(InstrumentingClassLoader.java:126)
	at org.evosuite.utils.generic.GenericClassImpl.getClass(GenericClassImpl.java:139)
	at org.evosuite.utils.generic.GenericClassImpl.getClass(GenericClassImpl.java:105)
	at org.evosuite.utils.generic.GenericClassImpl.readObject(GenericClassImpl.java:1671)
	at jdk.internal.reflect.GeneratedMethodAccessor9.invoke(Unknown Source)
	at java.base/jdk.internal.reflect.DelegatingMethodAccessorImpl.invoke(DelegatingMethodAccessorImpl.java:43)
	at java.base/java.lang.reflect.Method.invoke(Method.java:566)
	at java.base/java.io.ObjectStreamClass.invokeReadObject(ObjectStreamClass.java:1046)
	at java.base/java.io.ObjectInputStream.readSerialData(ObjectInputStream.java:2357)
	at java.base/java.io.ObjectInputStream.readOrdinaryObject(ObjectInputStream.java:2228)
	at java.base/java.io.ObjectInputStream.readObject0(ObjectInputStream.java:1687)
	at java.base/java.io.ObjectInputStream.defaultReadFields(ObjectInputStream.java:2496)
	at java.base/java.io.ObjectInputStream.readSerialData(ObjectInputStream.java:2390)
	at java.base/java.io.ObjectInputStream.readOrdinaryObject(ObjectInputStream.java:2228)
	at java.base/java.io.ObjectInputStream.readObject0(ObjectInputStream.java:1687)
	at java.base/java.io.ObjectInputStream.defaultReadFields(ObjectInputStream.java:2496)
	at java.base/java.io.ObjectInputStream.readSerialData(ObjectInputStream.java:2390)
	at java.base/java.io.ObjectInputStream.readOrdinaryObject(ObjectInputStream.java:2228)
	at java.base/java.io.ObjectInputStream.readObject0(ObjectInputStream.java:1687)
	at java.base/java.io.ObjectInputStream.readObject(ObjectInputStream.java:489)
	at java.base/java.io.ObjectInputStream.readObject(ObjectInputStream.java:447)
	at java.base/java.util.ArrayList.readObject(ArrayList.java:929)
	at java.base/jdk.internal.reflect.GeneratedMethodAccessor7.invoke(Unknown Source)
	at java.base/jdk.internal.reflect.DelegatingMethodAccessorImpl.invoke(DelegatingMethodAccessorImpl.java:43)
	at java.base/java.lang.reflect.Method.invoke(Method.java:566)
	at java.base/java.io.ObjectStreamClass.invokeReadObject(ObjectStreamClass.java:1046)
	at java.base/java.io.ObjectInputStream.readSerialData(ObjectInputStream.java:2357)
	at java.base/java.io.ObjectInputStream.readOrdinaryObject(ObjectInputStream.java:2228)
	at java.base/java.io.ObjectInputStream.readObject0(ObjectInputStream.java:1687)
	at java.base/java.io.ObjectInputStream.defaultReadFields(ObjectInputStream.java:2496)
	at java.base/java.io.ObjectInputStream.readSerialData(ObjectInputStream.java:2390)
	at java.base/java.io.ObjectInputStream.readOrdinaryObject(ObjectInputStream.java:2228)
	at java.base/java.io.ObjectInputStream.readObject0(ObjectInputStream.java:1687)
	at java.base/java.io.ObjectInputStream.defaultReadFields(ObjectInputStream.java:2496)
	at java.base/java.io.ObjectInputStream.defaultReadObject(ObjectInputStream.java:625)
	at org.evosuite.testcase.DefaultTestCase.readObject(DefaultTestCase.java:1217)
	at jdk.internal.reflect.GeneratedMethodAccessor14.invoke(Unknown Source)
	at java.base/jdk.internal.reflect.DelegatingMethodAccessorImpl.invoke(DelegatingMethodAccessorImpl.java:43)
	at java.base/java.lang.reflect.Method.invoke(Method.java:566)
	at java.base/java.io.ObjectStreamClass.invokeReadObject(ObjectStreamClass.java:1046)
	at java.base/java.io.ObjectInputStream.readSerialData(ObjectInputStream.java:2357)
	at java.base/java.io.ObjectInputStream.readOrdinaryObject(ObjectInputStream.java:2228)
	at java.base/java.io.ObjectInputStream.readObject0(ObjectInputStream.java:1687)
	at java.base/java.io.ObjectInputStream.defaultReadFields(ObjectInputStream.java:2496)
	at java.base/java.io.ObjectInputStream.readSerialData(ObjectInputStream.java:2390)
	at java.base/java.io.ObjectInputStream.readOrdinaryObject(ObjectInputStream.java:2228)
	at java.base/java.io.ObjectInputStream.readObject0(ObjectInputStream.java:1687)
	at java.base/java.io.ObjectInputStream.readObject(ObjectInputStream.java:489)
	at java.base/java.io.ObjectInputStream.readObject(ObjectInputStream.java:447)
	at java.base/java.util.ArrayList.readObject(ArrayList.java:929)
	at java.base/jdk.internal.reflect.GeneratedMethodAccessor7.invoke(Unknown Source)
	at java.base/jdk.internal.reflect.DelegatingMethodAccessorImpl.invoke(DelegatingMethodAccessorImpl.java:43)
	at java.base/java.lang.reflect.Method.invoke(Method.java:566)
	at java.base/java.io.ObjectStreamClass.invokeReadObject(ObjectStreamClass.java:1046)
	at java.base/java.io.ObjectInputStream.readSerialData(ObjectInputStream.java:2357)
	at java.base/java.io.ObjectInputStream.readOrdinaryObject(ObjectInputStream.java:2228)
	at java.base/java.io.ObjectInputStream.readObject0(ObjectInputStream.java:1687)
	at java.base/java.io.ObjectInputStream.defaultReadFields(ObjectInputStream.java:2496)
	at java.base/java.io.ObjectInputStream.readSerialData(ObjectInputStream.java:2390)
	at java.base/java.io.ObjectInputStream.readOrdinaryObject(ObjectInputStream.java:2228)
	at java.base/java.io.ObjectInputStream.readObject0(ObjectInputStream.java:1687)
	at java.base/java.io.ObjectInputStream.readObject(ObjectInputStream.java:489)
	at java.base/java.io.ObjectInputStream.readObject(ObjectInputStream.java:447)
	at java.rmi/sun.rmi.server.UnicastRef.unmarshalValue(UnicastRef.java:327)
	at java.rmi/sun.rmi.server.UnicastServerRef.dispatch(UnicastServerRef.java:339)
	... 12 common frames omitted
Caused by: java.lang.IllegalArgumentException: expect to get instruction without BasicBlock already set
	at org.evosuite.graphs.cfg.BasicBlock.appendInstruction(BasicBlock.java:225)
	at org.evosuite.graphs.cfg.BasicBlock.setInstructions(BasicBlock.java:206)
	at org.evosuite.graphs.cfg.BasicBlock.<init>(BasicBlock.java:106)
	at org.evosuite.graphs.cfg.RawControlFlowGraph.determineBasicBlockFor(RawControlFlowGraph.java:314)
	at org.evosuite.graphs.cfg.ActualControlFlowGraph.computeNodes(ActualControlFlowGraph.java:295)
	at org.evosuite.graphs.cfg.ActualControlFlowGraph.computeGraph(ActualControlFlowGraph.java:262)
	at org.evosuite.graphs.cfg.ActualControlFlowGraph.<init>(ActualControlFlowGraph.java:97)
	at org.evosuite.graphs.cfg.CFGGenerator.computeActualCFG(CFGGenerator.java:218)
	at org.evosuite.graphs.cfg.CFGGenerator.registerCFGs(CFGGenerator.java:102)
	at org.evosuite.graphs.cfg.CFGMethodAdapter.visitEnd(CFGMethodAdapter.java:219)
	at org.evosuite.shaded.org.objectweb.asm.MethodVisitor.visitEnd(MethodVisitor.java:783)
	at org.evosuite.shaded.org.objectweb.asm.MethodVisitor.visitEnd(MethodVisitor.java:783)
	at org.evosuite.shaded.org.objectweb.asm.MethodVisitor.visitEnd(MethodVisitor.java:783)
	at org.evosuite.shaded.org.objectweb.asm.tree.MethodNode.accept(MethodNode.java:772)
	at org.evosuite.shaded.org.objectweb.asm.tree.MethodNode.accept(MethodNode.java:649)
	at org.evosuite.shaded.org.objectweb.asm.tree.ClassNode.accept(ClassNode.java:452)
	at org.evosuite.instrumentation.BytecodeInstrumentation.transformBytes(BytecodeInstrumentation.java:282)
	at org.evosuite.instrumentation.InstrumentingClassLoader.getTransformedBytes(InstrumentingClassLoader.java:135)
	at org.evosuite.instrumentation.InstrumentingClassLoader.instrumentClass(InstrumentingClassLoader.java:149)
	... 77 common frames omitted
[Progress:>                             0%] [Cov:=======================>           68%]========== GWO EVOLVE iteration=0 population=50 ==========
[MASTER] 07:41:07.863 [logback-1] WARN  ClientNodeImpl - Cannot send statistics to master; continuing without statistics
java.rmi.ServerException: RemoteException occurred in server thread; nested exception is: 
	java.rmi.UnmarshalException: error unmarshalling arguments; nested exception is: 
	java.lang.ClassNotFoundException: expect to get instruction without BasicBlock already set
	at java.rmi/sun.rmi.server.UnicastServerRef.dispatch(UnicastServerRef.java:391)
	at java.rmi/sun.rmi.transport.Transport$1.run(Transport.java:200)
	at java.rmi/sun.rmi.transport.Transport$1.run(Transport.java:197)
	at java.base/java.security.AccessController.doPrivileged(Native Method)
	at java.rmi/sun.rmi.transport.Transport.serviceCall(Transport.java:196)
	at java.rmi/sun.rmi.transport.tcp.TCPTransport.handleMessages(TCPTransport.java:562)
	at java.rmi/sun.rmi.transport.tcp.TCPTransport$ConnectionHandler.run0(TCPTransport.java:796)
	at java.rmi/sun.rmi.transport.tcp.TCPTransport$ConnectionHandler.lambda$run$0(TCPTransport.java:677)
	at java.base/java.security.AccessController.doPrivileged(Native Method)
	at java.rmi/sun.rmi.transport.tcp.TCPTransport$ConnectionHandler.run(TCPTransport.java:676)
	at java.base/java.util.concurrent.ThreadPoolExecutor.runWorker(ThreadPoolExecutor.java:1128)
	at java.base/java.util.concurrent.ThreadPoolExecutor$Worker.run(ThreadPoolExecutor.java:628)
	at java.base/java.lang.Thread.run(Thread.java:829)
	at java.rmi/sun.rmi.transport.StreamRemoteCall.exceptionReceivedFromServer(StreamRemoteCall.java:303)
	at java.rmi/sun.rmi.transport.StreamRemoteCall.executeCall(StreamRemoteCall.java:279)
	at java.rmi/sun.rmi.server.UnicastRef.invoke(UnicastRef.java:164)
	at java.rmi/java.rmi.server.RemoteObjectInvocationHandler.invokeRemoteMethod(RemoteObjectInvocationHandler.java:217)
	at java.rmi/java.rmi.server.RemoteObjectInvocationHandler.invoke(RemoteObjectInvocationHandler.java:162)
	at com.sun.proxy.$Proxy7.evosuite_collectStatistics(Unknown Source)
	at org.evosuite.rmi.service.ClientNodeImpl.updateStatistics(ClientNodeImpl.java:251)
	at org.evosuite.statistics.StatisticsSender.sendIndividualToMaster(StatisticsSender.java:62)
	at org.evosuite.statistics.StatisticsListener.lambda$new$0(StatisticsListener.java:76)
	at java.base/java.lang.Thread.run(Thread.java:829)
Caused by: java.rmi.UnmarshalException: error unmarshalling arguments; nested exception is: 
	java.lang.ClassNotFoundException: expect to get instruction without BasicBlock already set
	at java.rmi/sun.rmi.server.UnicastServerRef.dispatch(UnicastServerRef.java:350)
	at java.rmi/sun.rmi.transport.Transport$1.run(Transport.java:200)
	at java.rmi/sun.rmi.transport.Transport$1.run(Transport.java:197)
	at java.base/java.security.AccessController.doPrivileged(Native Method)
	at java.rmi/sun.rmi.transport.Transport.serviceCall(Transport.java:196)
	at java.rmi/sun.rmi.transport.tcp.TCPTransport.handleMessages(TCPTransport.java:562)
	at java.rmi/sun.rmi.transport.tcp.TCPTransport$ConnectionHandler.run0(TCPTransport.java:796)
	at java.rmi/sun.rmi.transport.tcp.TCPTransport$ConnectionHandler.lambda$run$0(TCPTransport.java:677)
	at java.base/java.security.AccessController.doPrivileged(Native Method)
	at java.rmi/sun.rmi.transport.tcp.TCPTransport$ConnectionHandler.run(TCPTransport.java:676)
	at java.base/java.util.concurrent.ThreadPoolExecutor.runWorker(ThreadPoolExecutor.java:1128)
	at java.base/java.util.concurrent.ThreadPoolExecutor$Worker.run(ThreadPoolExecutor.java:628)
	... 1 common frames omitted
Caused by: java.lang.ClassNotFoundException: expect to get instruction without BasicBlock already set
	at org.evosuite.instrumentation.InstrumentingClassLoader.instrumentClass(InstrumentingClassLoader.java:158)
	at org.evosuite.instrumentation.InstrumentingClassLoader.loadClass(InstrumentingClassLoader.java:126)
	at org.evosuite.utils.generic.GenericClassImpl.getClass(GenericClassImpl.java:139)
	at org.evosuite.utils.generic.GenericClassImpl.getClass(GenericClassImpl.java:105)
	at org.evosuite.utils.generic.GenericClassImpl.readObject(GenericClassImpl.java:1671)
	at jdk.internal.reflect.GeneratedMethodAccessor9.invoke(Unknown Source)
	at java.base/jdk.internal.reflect.DelegatingMethodAccessorImpl.invoke(DelegatingMethodAccessorImpl.java:43)
	at java.base/java.lang.reflect.Method.invoke(Method.java:566)
	at java.base/java.io.ObjectStreamClass.invokeReadObject(ObjectStreamClass.java:1046)
	at java.base/java.io.ObjectInputStream.readSerialData(ObjectInputStream.java:2357)
	at java.base/java.io.ObjectInputStream.readOrdinaryObject(ObjectInputStream.java:2228)
	at java.base/java.io.ObjectInputStream.readObject0(ObjectInputStream.java:1687)
	at java.base/java.io.ObjectInputStream.defaultReadFields(ObjectInputStream.java:2496)
	at java.base/java.io.ObjectInputStream.readSerialData(ObjectInputStream.java:2390)
	at java.base/java.io.ObjectInputStream.readOrdinaryObject(ObjectInputStream.java:2228)
	at java.base/java.io.ObjectInputStream.readObject0(ObjectInputStream.java:1687)
	at java.base/java.io.ObjectInputStream.defaultReadFields(ObjectInputStream.java:2496)
	at java.base/java.io.ObjectInputStream.readSerialData(ObjectInputStream.java:2390)
	at java.base/java.io.ObjectInputStream.readOrdinaryObject(ObjectInputStream.java:2228)
	at java.base/java.io.ObjectInputStream.readObject0(ObjectInputStream.java:1687)
	at java.base/java.io.ObjectInputStream.readObject(ObjectInputStream.java:489)
	at java.base/java.io.ObjectInputStream.readObject(ObjectInputStream.java:447)
	at java.base/java.util.ArrayList.readObject(ArrayList.java:929)
	at java.base/jdk.internal.reflect.GeneratedMethodAccessor7.invoke(Unknown Source)
	at java.base/jdk.internal.reflect.DelegatingMethodAccessorImpl.invoke(DelegatingMethodAccessorImpl.java:43)
	at java.base/java.lang.reflect.Method.invoke(Method.java:566)
	at java.base/java.io.ObjectStreamClass.invokeReadObject(ObjectStreamClass.java:1046)
	at java.base/java.io.ObjectInputStream.readSerialData(ObjectInputStream.java:2357)
	at java.base/java.io.ObjectInputStream.readOrdinaryObject(ObjectInputStream.java:2228)
	at java.base/java.io.ObjectInputStream.readObject0(ObjectInputStream.java:1687)
	at java.base/java.io.ObjectInputStream.defaultReadFields(ObjectInputStream.java:2496)
	at java.base/java.io.ObjectInputStream.readSerialData(ObjectInputStream.java:2390)
	at java.base/java.io.ObjectInputStream.readOrdinaryObject(ObjectInputStream.java:2228)
	at java.base/java.io.ObjectInputStream.readObject0(ObjectInputStream.java:1687)
	at java.base/java.io.ObjectInputStream.defaultReadFields(ObjectInputStream.java:2496)
	at java.base/java.io.ObjectInputStream.defaultReadObject(ObjectInputStream.java:625)
	at org.evosuite.testcase.DefaultTestCase.readObject(DefaultTestCase.java:1217)
	at jdk.internal.reflect.GeneratedMethodAccessor14.invoke(Unknown Source)
	at java.base/jdk.internal.reflect.DelegatingMethodAccessorImpl.invoke(DelegatingMethodAccessorImpl.java:43)
	at java.base/java.lang.reflect.Method.invoke(Method.java:566)
	at java.base/java.io.ObjectStreamClass.invokeReadObject(ObjectStreamClass.java:1046)
	at java.base/java.io.ObjectInputStream.readSerialData(ObjectInputStream.java:2357)
	at java.base/java.io.ObjectInputStream.readOrdinaryObject(ObjectInputStream.java:2228)
	at java.base/java.io.ObjectInputStream.readObject0(ObjectInputStream.java:1687)
	at java.base/java.io.ObjectInputStream.defaultReadFields(ObjectInputStream.java:2496)
	at java.base/java.io.ObjectInputStream.readSerialData(ObjectInputStream.java:2390)
	at java.base/java.io.ObjectInputStream.readOrdinaryObject(ObjectInputStream.java:2228)
	at java.base/java.io.ObjectInputStream.readObject0(ObjectInputStream.java:1687)
	at java.base/java.io.ObjectInputStream.readObject(ObjectInputStream.java:489)
	at java.base/java.io.ObjectInputStream.readObject(ObjectInputStream.java:447)
	at java.base/java.util.ArrayList.readObject(ArrayList.java:929)
	at java.base/jdk.internal.reflect.GeneratedMethodAccessor7.invoke(Unknown Source)
	at java.base/jdk.internal.reflect.DelegatingMethodAccessorImpl.invoke(DelegatingMethodAccessorImpl.java:43)
	at java.base/java.lang.reflect.Method.invoke(Method.java:566)
	at java.base/java.io.ObjectStreamClass.invokeReadObject(ObjectStreamClass.java:1046)
	at java.base/java.io.ObjectInputStream.readSerialData(ObjectInputStream.java:2357)
	at java.base/java.io.ObjectInputStream.readOrdinaryObject(ObjectInputStream.java:2228)
	at java.base/java.io.ObjectInputStream.readObject0(ObjectInputStream.java:1687)
	at java.base/java.io.ObjectInputStream.defaultReadFields(ObjectInputStream.java:2496)
	at java.base/java.io.ObjectInputStream.readSerialData(ObjectInputStream.java:2390)
	at java.base/java.io.ObjectInputStream.readOrdinaryObject(ObjectInputStream.java:2228)
	at java.base/java.io.ObjectInputStream.readObject0(ObjectInputStream.java:1687)
	at java.base/java.io.ObjectInputStream.readObject(ObjectInputStream.java:489)
	at java.base/java.io.ObjectInputStream.readObject(ObjectInputStream.java:447)
	at java.rmi/sun.rmi.server.UnicastRef.unmarshalValue(UnicastRef.java:327)
	at java.rmi/sun.rmi.server.UnicastServerRef.dispatch(UnicastServerRef.java:339)
	... 12 common frames omitted
Caused by: java.lang.IllegalArgumentException: expect to get instruction without BasicBlock already set
	at org.evosuite.graphs.cfg.BasicBlock.appendInstruction(BasicBlock.java:225)
	at org.evosuite.graphs.cfg.BasicBlock.setInstructions(BasicBlock.java:206)
	at org.evosuite.graphs.cfg.BasicBlock.<init>(BasicBlock.java:106)
	at org.evosuite.graphs.cfg.RawControlFlowGraph.determineBasicBlockFor(RawControlFlowGraph.java:314)
	at org.evosuite.graphs.cfg.ActualControlFlowGraph.computeNodes(ActualControlFlowGraph.java:295)
	at org.evosuite.graphs.cfg.ActualControlFlowGraph.computeGraph(ActualControlFlowGraph.java:262)
	at org.evosuite.graphs.cfg.ActualControlFlowGraph.<init>(ActualControlFlowGraph.java:97)
	at org.evosuite.graphs.cfg.CFGGenerator.computeActualCFG(CFGGenerator.java:218)
	at org.evosuite.graphs.cfg.CFGGenerator.registerCFGs(CFGGenerator.java:102)
	at org.evosuite.graphs.cfg.CFGMethodAdapter.visitEnd(CFGMethodAdapter.java:219)
	at org.evosuite.shaded.org.objectweb.asm.MethodVisitor.visitEnd(MethodVisitor.java:783)
	at org.evosuite.shaded.org.objectweb.asm.MethodVisitor.visitEnd(MethodVisitor.java:783)
	at org.evosuite.shaded.org.objectweb.asm.MethodVisitor.visitEnd(MethodVisitor.java:783)
	at org.evosuite.shaded.org.objectweb.asm.tree.MethodNode.accept(MethodNode.java:772)
	at org.evosuite.shaded.org.objectweb.asm.tree.MethodNode.accept(MethodNode.java:649)
	at org.evosuite.shaded.org.objectweb.asm.tree.ClassNode.accept(ClassNode.java:452)
	at org.evosuite.instrumentation.BytecodeInstrumentation.transformBytes(BytecodeInstrumentation.java:282)
	at org.evosuite.instrumentation.InstrumentingClassLoader.getTransformedBytes(InstrumentingClassLoader.java:135)
	at org.evosuite.instrumentation.InstrumentingClassLoader.instrumentClass(InstrumentingClassLoader.java:149)
	... 77 common frames omitted
[Progress:>                             0%] [Cov:=======================>           68%]GWO iteration=1 bestFitness=266.98148148086057 population=50 a=1.98
========== GWO EVOLVE iteration=1 population=50 ==========
[MASTER] 07:41:08.387 [logback-1] WARN  ClientNodeImpl - Cannot send statistics to master; continuing without statistics
java.rmi.ServerException: RemoteException occurred in server thread; nested exception is: 
	java.rmi.UnmarshalException: error unmarshalling arguments; nested exception is: 
	java.lang.ClassNotFoundException: expect to get instruction without BasicBlock already set
	at java.rmi/sun.rmi.server.UnicastServerRef.dispatch(UnicastServerRef.java:391)
	at java.rmi/sun.rmi.transport.Transport$1.run(Transport.java:200)
	at java.rmi/sun.rmi.transport.Transport$1.run(Transport.java:197)
	at java.base/java.security.AccessController.doPrivileged(Native Method)
	at java.rmi/sun.rmi.transport.Transport.serviceCall(Transport.java:196)
	at java.rmi/sun.rmi.transport.tcp.TCPTransport.handleMessages(TCPTransport.java:562)
	at java.rmi/sun.rmi.transport.tcp.TCPTransport$ConnectionHandler.run0(TCPTransport.java:796)
	at java.rmi/sun.rmi.transport.tcp.TCPTransport$ConnectionHandler.lambda$run$0(TCPTransport.java:677)
	at java.base/java.security.AccessController.doPrivileged(Native Method)
	at java.rmi/sun.rmi.transport.tcp.TCPTransport$ConnectionHandler.run(TCPTransport.java:676)
	at java.base/java.util.concurrent.ThreadPoolExecutor.runWorker(ThreadPoolExecutor.java:1128)
	at java.base/java.util.concurrent.ThreadPoolExecutor$Worker.run(ThreadPoolExecutor.java:628)
	at java.base/java.lang.Thread.run(Thread.java:829)
	at java.rmi/sun.rmi.transport.StreamRemoteCall.exceptionReceivedFromServer(StreamRemoteCall.java:303)
	at java.rmi/sun.rmi.transport.StreamRemoteCall.executeCall(StreamRemoteCall.java:279)
	at java.rmi/sun.rmi.server.UnicastRef.invoke(UnicastRef.java:164)
	at java.rmi/java.rmi.server.RemoteObjectInvocationHandler.invokeRemoteMethod(RemoteObjectInvocationHandler.java:217)
	at java.rmi/java.rmi.server.RemoteObjectInvocationHandler.invoke(RemoteObjectInvocationHandler.java:162)
	at com.sun.proxy.$Proxy7.evosuite_collectStatistics(Unknown Source)
	at org.evosuite.rmi.service.ClientNodeImpl.updateStatistics(ClientNodeImpl.java:251)
	at org.evosuite.statistics.StatisticsSender.sendIndividualToMaster(StatisticsSender.java:62)
	at org.evosuite.statistics.StatisticsListener.lambda$new$0(StatisticsListener.java:76)
	at java.base/java.lang.Thread.run(Thread.java:829)
Caused by: java.rmi.UnmarshalException: error unmarshalling arguments; nested exception is: 
	java.lang.ClassNotFoundException: expect to get instruction without BasicBlock already set
	at java.rmi/sun.rmi.server.UnicastServerRef.dispatch(UnicastServerRef.java:350)
	at java.rmi/sun.rmi.transport.Transport$1.run(Transport.java:200)
	at java.rmi/sun.rmi.transport.Transport$1.run(Transport.java:197)
	at java.base/java.security.AccessController.doPrivileged(Native Method)
	at java.rmi/sun.rmi.transport.Transport.serviceCall(Transport.java:196)
	at java.rmi/sun.rmi.transport.tcp.TCPTransport.handleMessages(TCPTransport.java:562)
	at java.rmi/sun.rmi.transport.tcp.TCPTransport$ConnectionHandler.run0(TCPTransport.java:796)
	at java.rmi/sun.rmi.transport.tcp.TCPTransport$ConnectionHandler.lambda$run$0(TCPTransport.java:677)
	at java.base/java.security.AccessController.doPrivileged(Native Method)
	at java.rmi/sun.rmi.transport.tcp.TCPTransport$ConnectionHandler.run(TCPTransport.java:676)
	at java.base/java.util.concurrent.ThreadPoolExecutor.runWorker(ThreadPoolExecutor.java:1128)
	at java.base/java.util.concurrent.ThreadPoolExecutor$Worker.run(ThreadPoolExecutor.java:628)
	... 1 common frames omitted
Caused by: java.lang.ClassNotFoundException: expect to get instruction without BasicBlock already set
	at org.evosuite.instrumentation.InstrumentingClassLoader.instrumentClass(InstrumentingClassLoader.java:158)
	at org.evosuite.instrumentation.InstrumentingClassLoader.loadClass(InstrumentingClassLoader.java:126)
	at org.evosuite.utils.generic.GenericClassImpl.getClass(GenericClassImpl.java:139)
	at org.evosuite.utils.generic.GenericClassImpl.getClass(GenericClassImpl.java:105)
	at org.evosuite.utils.generic.GenericClassImpl.readObject(GenericClassImpl.java:1671)
	at jdk.internal.reflect.GeneratedMethodAccessor9.invoke(Unknown Source)
	at java.base/jdk.internal.reflect.DelegatingMethodAccessorImpl.invoke(DelegatingMethodAccessorImpl.java:43)
	at java.base/java.lang.reflect.Method.invoke(Method.java:566)
	at java.base/java.io.ObjectStreamClass.invokeReadObject(ObjectStreamClass.java:1046)
	at java.base/java.io.ObjectInputStream.readSerialData(ObjectInputStream.java:2357)
	at java.base/java.io.ObjectInputStream.readOrdinaryObject(ObjectInputStream.java:2228)
	at java.base/java.io.ObjectInputStream.readObject0(ObjectInputStream.java:1687)
	at java.base/java.io.ObjectInputStream.defaultReadFields(ObjectInputStream.java:2496)
	at java.base/java.io.ObjectInputStream.readSerialData(ObjectInputStream.java:2390)
	at java.base/java.io.ObjectInputStream.readOrdinaryObject(ObjectInputStream.java:2228)
	at java.base/java.io.ObjectInputStream.readObject0(ObjectInputStream.java:1687)
	at java.base/java.io.ObjectInputStream.defaultReadFields(ObjectInputStream.java:2496)
	at java.base/java.io.ObjectInputStream.readSerialData(ObjectInputStream.java:2390)
	at java.base/java.io.ObjectInputStream.readOrdinaryObject(ObjectInputStream.java:2228)
	at java.base/java.io.ObjectInputStream.readObject0(ObjectInputStream.java:1687)
	at java.base/java.io.ObjectInputStream.readObject(ObjectInputStream.java:489)
	at java.base/java.io.ObjectInputStream.readObject(ObjectInputStream.java:447)
	at java.base/java.util.ArrayList.readObject(ArrayList.java:929)
	at java.base/jdk.internal.reflect.GeneratedMethodAccessor7.invoke(Unknown Source)
	at java.base/jdk.internal.reflect.DelegatingMethodAccessorImpl.invoke(DelegatingMethodAccessorImpl.java:43)
	at java.base/java.lang.reflect.Method.invoke(Method.java:566)
	at java.base/java.io.ObjectStreamClass.invokeReadObject(ObjectStreamClass.java:1046)
	at java.base/java.io.ObjectInputStream.readSerialData(ObjectInputStream.java:2357)
	at java.base/java.io.ObjectInputStream.readOrdinaryObject(ObjectInputStream.java:2228)
	at java.base/java.io.ObjectInputStream.readObject0(ObjectInputStream.java:1687)
	at java.base/java.io.ObjectInputStream.defaultReadFields(ObjectInputStream.java:2496)
	at java.base/java.io.ObjectInputStream.readSerialData(ObjectInputStream.java:2390)
	at java.base/java.io.ObjectInputStream.readOrdinaryObject(ObjectInputStream.java:2228)
	at java.base/java.io.ObjectInputStream.readObject0(ObjectInputStream.java:1687)
	at java.base/java.io.ObjectInputStream.defaultReadFields(ObjectInputStream.java:2496)
	at java.base/java.io.ObjectInputStream.defaultReadObject(ObjectInputStream.java:625)
	at org.evosuite.testcase.DefaultTestCase.readObject(DefaultTestCase.java:1217)
	at jdk.internal.reflect.GeneratedMethodAccessor14.invoke(Unknown Source)
	at java.base/jdk.internal.reflect.DelegatingMethodAccessorImpl.invoke(DelegatingMethodAccessorImpl.java:43)
	at java.base/java.lang.reflect.Method.invoke(Method.java:566)
	at java.base/java.io.ObjectStreamClass.invokeReadObject(ObjectStreamClass.java:1046)
	at java.base/java.io.ObjectInputStream.readSerialData(ObjectInputStream.java:2357)
	at java.base/java.io.ObjectInputStream.readOrdinaryObject(ObjectInputStream.java:2228)
	at java.base/java.io.ObjectInputStream.readObject0(ObjectInputStream.java:1687)
	at java.base/java.io.ObjectInputStream.defaultReadFields(ObjectInputStream.java:2496)
	at java.base/java.io.ObjectInputStream.readSerialData(ObjectInputStream.java:2390)
	at java.base/java.io.ObjectInputStream.readOrdinaryObject(ObjectInputStream.java:2228)
	at java.base/java.io.ObjectInputStream.readObject0(ObjectInputStream.java:1687)
	at java.base/java.io.ObjectInputStream.readObject(ObjectInputStream.java:489)
	at java.base/java.io.ObjectInputStream.readObject(ObjectInputStream.java:447)
	at java.base/java.util.ArrayList.readObject(ArrayList.java:929)
	at java.base/jdk.internal.reflect.GeneratedMethodAccessor7.invoke(Unknown Source)
	at java.base/jdk.internal.reflect.DelegatingMethodAccessorImpl.invoke(DelegatingMethodAccessorImpl.java:43)
	at java.base/java.lang.reflect.Method.invoke(Method.java:566)
	at java.base/java.io.ObjectStreamClass.invokeReadObject(ObjectStreamClass.java:1046)
	at java.base/java.io.ObjectInputStream.readSerialData(ObjectInputStream.java:2357)
	at java.base/java.io.ObjectInputStream.readOrdinaryObject(ObjectInputStream.java:2228)
	at java.base/java.io.ObjectInputStream.readObject0(ObjectInputStream.java:1687)
	at java.base/java.io.ObjectInputStream.defaultReadFields(ObjectInputStream.java:2496)
	at java.base/java.io.ObjectInputStream.readSerialData(ObjectInputStream.java:2390)
	at java.base/java.io.ObjectInputStream.readOrdinaryObject(ObjectInputStream.java:2228)
	at java.base/java.io.ObjectInputStream.readObject0(ObjectInputStream.java:1687)
	at java.base/java.io.ObjectInputStream.readObject(ObjectInputStream.java:489)
	at java.base/java.io.ObjectInputStream.readObject(ObjectInputStream.java:447)
	at java.rmi/sun.rmi.server.UnicastRef.unmarshalValue(UnicastRef.java:327)
	at java.rmi/sun.rmi.server.UnicastServerRef.dispatch(UnicastServerRef.java:339)
	... 12 common frames omitted
Caused by: java.lang.IllegalArgumentException: expect to get instruction without BasicBlock already set
	at org.evosuite.graphs.cfg.BasicBlock.appendInstruction(BasicBlock.java:225)
	at org.evosuite.graphs.cfg.BasicBlock.setInstructions(BasicBlock.java:206)
	at org.evosuite.graphs.cfg.BasicBlock.<init>(BasicBlock.java:106)
	at org.evosuite.graphs.cfg.RawControlFlowGraph.determineBasicBlockFor(RawControlFlowGraph.java:314)
	at org.evosuite.graphs.cfg.ActualControlFlowGraph.computeNodes(ActualControlFlowGraph.java:295)
	at org.evosuite.graphs.cfg.ActualControlFlowGraph.computeGraph(ActualControlFlowGraph.java:262)
	at org.evosuite.graphs.cfg.ActualControlFlowGraph.<init>(ActualControlFlowGraph.java:97)
	at org.evosuite.graphs.cfg.CFGGenerator.computeActualCFG(CFGGenerator.java:218)
	at org.evosuite.graphs.cfg.CFGGenerator.registerCFGs(CFGGenerator.java:102)
	at org.evosuite.graphs.cfg.CFGMethodAdapter.visitEnd(CFGMethodAdapter.java:219)
	at org.evosuite.shaded.org.objectweb.asm.MethodVisitor.visitEnd(MethodVisitor.java:783)
	at org.evosuite.shaded.org.objectweb.asm.MethodVisitor.visitEnd(MethodVisitor.java:783)
	at org.evosuite.shaded.org.objectweb.asm.MethodVisitor.visitEnd(MethodVisitor.java:783)
	at org.evosuite.shaded.org.objectweb.asm.tree.MethodNode.accept(MethodNode.java:772)
	at org.evosuite.shaded.org.objectweb.asm.tree.MethodNode.accept(MethodNode.java:649)
	at org.evosuite.shaded.org.objectweb.asm.tree.ClassNode.accept(ClassNode.java:452)
	at org.evosuite.instrumentation.BytecodeInstrumentation.transformBytes(BytecodeInstrumentation.java:282)
	at org.evosuite.instrumentation.InstrumentingClassLoader.getTransformedBytes(InstrumentingClassLoader.java:135)
	at org.evosuite.instrumentation.InstrumentingClassLoader.instrumentClass(InstrumentingClassLoader.java:149)
	... 77 common frames omitted
[Progress:>                             0%] [Cov:=======================>           68%]GWO iteration=2 bestFitness=256.9811320726957 population=50 a=1.96
========== GWO EVOLVE iteration=2 population=50 ==========
[Progress:>                             1%] [Cov:=======================>           68%][MASTER] 07:41:08.623 [logback-1] WARN  ClientNodeImpl - Cannot send statistics to master; continuing without statistics
java.rmi.ServerException: RemoteException occurred in server thread; nested exception is: 
	java.rmi.UnmarshalException: error unmarshalling arguments; nested exception is: 
	java.lang.ClassNotFoundException: expect to get instruction without BasicBlock already set
	at java.rmi/sun.rmi.server.UnicastServerRef.dispatch(UnicastServerRef.java:391)
	at java.rmi/sun.rmi.transport.Transport$1.run(Transport.java:200)
	at java.rmi/sun.rmi.transport.Transport$1.run(Transport.java:197)
	at java.base/java.security.AccessController.doPrivileged(Native Method)
	at java.rmi/sun.rmi.transport.Transport.serviceCall(Transport.java:196)
	at java.rmi/sun.rmi.transport.tcp.TCPTransport.handleMessages(TCPTransport.java:562)
	at java.rmi/sun.rmi.transport.tcp.TCPTransport$ConnectionHandler.run0(TCPTransport.java:796)
	at java.rmi/sun.rmi.transport.tcp.TCPTransport$ConnectionHandler.lambda$run$0(TCPTransport.java:677)
	at java.base/java.security.AccessController.doPrivileged(Native Method)
	at java.rmi/sun.rmi.transport.tcp.TCPTransport$ConnectionHandler.run(TCPTransport.java:676)
	at java.base/java.util.concurrent.ThreadPoolExecutor.runWorker(ThreadPoolExecutor.java:1128)
	at java.base/java.util.concurrent.ThreadPoolExecutor$Worker.run(ThreadPoolExecutor.java:628)
	at java.base/java.lang.Thread.run(Thread.java:829)
	at java.rmi/sun.rmi.transport.StreamRemoteCall.exceptionReceivedFromServer(StreamRemoteCall.java:303)
	at java.rmi/sun.rmi.transport.StreamRemoteCall.executeCall(StreamRemoteCall.java:279)
	at java.rmi/sun.rmi.server.UnicastRef.invoke(UnicastRef.java:164)
	at java.rmi/java.rmi.server.RemoteObjectInvocationHandler.invokeRemoteMethod(RemoteObjectInvocationHandler.java:217)
	at java.rmi/java.rmi.server.RemoteObjectInvocationHandler.invoke(RemoteObjectInvocationHandler.java:162)
	at com.sun.proxy.$Proxy7.evosuite_collectStatistics(Unknown Source)
	at org.evosuite.rmi.service.ClientNodeImpl.updateStatistics(ClientNodeImpl.java:251)
	at org.evosuite.statistics.StatisticsSender.sendIndividualToMaster(StatisticsSender.java:62)
	at org.evosuite.statistics.StatisticsListener.lambda$new$0(StatisticsListener.java:76)
	at java.base/java.lang.Thread.run(Thread.java:829)
Caused by: java.rmi.UnmarshalException: error unmarshalling arguments; nested exception is: 
	java.lang.ClassNotFoundException: expect to get instruction without BasicBlock already set
	at java.rmi/sun.rmi.server.UnicastServerRef.dispatch(UnicastServerRef.java:350)
	at java.rmi/sun.rmi.transport.Transport$1.run(Transport.java:200)
	at java.rmi/sun.rmi.transport.Transport$1.run(Transport.java:197)
	at java.base/java.security.AccessController.doPrivileged(Native Method)
	at java.rmi/sun.rmi.transport.Transport.serviceCall(Transport.java:196)
	at java.rmi/sun.rmi.transport.tcp.TCPTransport.handleMessages(TCPTransport.java:562)
	at java.rmi/sun.rmi.transport.tcp.TCPTransport$ConnectionHandler.run0(TCPTransport.java:796)
	at java.rmi/sun.rmi.transport.tcp.TCPTransport$ConnectionHandler.lambda$run$0(TCPTransport.java:677)
	at java.base/java.security.AccessController.doPrivileged(Native Method)
	at java.rmi/sun.rmi.transport.tcp.TCPTransport$ConnectionHandler.run(TCPTransport.java:676)
	at java.base/java.util.concurrent.ThreadPoolExecutor.runWorker(ThreadPoolExecutor.java:1128)
	at java.base/java.util.concurrent.ThreadPoolExecutor$Worker.run(ThreadPoolExecutor.java:628)
	... 1 common frames omitted
Caused by: java.lang.ClassNotFoundException: expect to get instruction without BasicBlock already set
	at org.evosuite.instrumentation.InstrumentingClassLoader.instrumentClass(InstrumentingClassLoader.java:158)
	at org.evosuite.instrumentation.InstrumentingClassLoader.loadClass(InstrumentingClassLoader.java:126)
	at org.evosuite.utils.generic.GenericClassImpl.getClass(GenericClassImpl.java:139)
	at org.evosuite.utils.generic.GenericClassImpl.getClass(GenericClassImpl.java:105)
	at org.evosuite.utils.generic.GenericClassImpl.readObject(GenericClassImpl.java:1671)
	at jdk.internal.reflect.GeneratedMethodAccessor9.invoke(Unknown Source)
	at java.base/jdk.internal.reflect.DelegatingMethodAccessorImpl.invoke(DelegatingMethodAccessorImpl.java:43)
	at java.base/java.lang.reflect.Method.invoke(Method.java:566)
	at java.base/java.io.ObjectStreamClass.invokeReadObject(ObjectStreamClass.java:1046)
	at java.base/java.io.ObjectInputStream.readSerialData(ObjectInputStream.java:2357)
	at java.base/java.io.ObjectInputStream.readOrdinaryObject(ObjectInputStream.java:2228)
	at java.base/java.io.ObjectInputStream.readObject0(ObjectInputStream.java:1687)
	at java.base/java.io.ObjectInputStream.defaultReadFields(ObjectInputStream.java:2496)
	at java.base/java.io.ObjectInputStream.readSerialData(ObjectInputStream.java:2390)
	at java.base/java.io.ObjectInputStream.readOrdinaryObject(ObjectInputStream.java:2228)
	at java.base/java.io.ObjectInputStream.readObject0(ObjectInputStream.java:1687)
	at java.base/java.io.ObjectInputStream.defaultReadFields(ObjectInputStream.java:2496)
	at java.base/java.io.ObjectInputStream.readSerialData(ObjectInputStream.java:2390)
	at java.base/java.io.ObjectInputStream.readOrdinaryObject(ObjectInputStream.java:2228)
	at java.base/java.io.ObjectInputStream.readObject0(ObjectInputStream.java:1687)
	at java.base/java.io.ObjectInputStream.readObject(ObjectInputStream.java:489)
	at java.base/java.io.ObjectInputStream.readObject(ObjectInputStream.java:447)
	at java.base/java.util.ArrayList.readObject(ArrayList.java:929)
	at java.base/jdk.internal.reflect.GeneratedMethodAccessor7.invoke(Unknown Source)
	at java.base/jdk.internal.reflect.DelegatingMethodAccessorImpl.invoke(DelegatingMethodAccessorImpl.java:43)
	at java.base/java.lang.reflect.Method.invoke(Method.java:566)
	at java.base/java.io.ObjectStreamClass.invokeReadObject(ObjectStreamClass.java:1046)
	at java.base/java.io.ObjectInputStream.readSerialData(ObjectInputStream.java:2357)
	at java.base/java.io.ObjectInputStream.readOrdinaryObject(ObjectInputStream.java:2228)
	at java.base/java.io.ObjectInputStream.readObject0(ObjectInputStream.java:1687)
	at java.base/java.io.ObjectInputStream.defaultReadFields(ObjectInputStream.java:2496)
	at java.base/java.io.ObjectInputStream.readSerialData(ObjectInputStream.java:2390)
	at java.base/java.io.ObjectInputStream.readOrdinaryObject(ObjectInputStream.java:2228)
	at java.base/java.io.ObjectInputStream.readObject0(ObjectInputStream.java:1687)
	at java.base/java.io.ObjectInputStream.defaultReadFields(ObjectInputStream.java:2496)
	at java.base/java.io.ObjectInputStream.defaultReadObject(ObjectInputStream.java:625)
	at org.evosuite.testcase.DefaultTestCase.readObject(DefaultTestCase.java:1217)
	at jdk.internal.reflect.GeneratedMethodAccessor14.invoke(Unknown Source)
	at java.base/jdk.internal.reflect.DelegatingMethodAccessorImpl.invoke(DelegatingMethodAccessorImpl.java:43)
	at java.base/java.lang.reflect.Method.invoke(Method.java:566)
	at java.base/java.io.ObjectStreamClass.invokeReadObject(ObjectStreamClass.java:1046)
	at java.base/java.io.ObjectInputStream.readSerialData(ObjectInputStream.java:2357)
	at java.base/java.io.ObjectInputStream.readOrdinaryObject(ObjectInputStream.java:2228)
	at java.base/java.io.ObjectInputStream.readObject0(ObjectInputStream.java:1687)
	at java.base/java.io.ObjectInputStream.defaultReadFields(ObjectInputStream.java:2496)
	at java.base/java.io.ObjectInputStream.readSerialData(ObjectInputStream.java:2390)
	at java.base/java.io.ObjectInputStream.readOrdinaryObject(ObjectInputStream.java:2228)
	at java.base/java.io.ObjectInputStream.readObject0(ObjectInputStream.java:1687)
	at java.base/java.io.ObjectInputStream.readObject(ObjectInputStream.java:489)
	at java.base/java.io.ObjectInputStream.readObject(ObjectInputStream.java:447)
	at java.base/java.util.ArrayList.readObject(ArrayList.java:929)
	at java.base/jdk.internal.reflect.GeneratedMethodAccessor7.invoke(Unknown Source)
	at java.base/jdk.internal.reflect.DelegatingMethodAccessorImpl.invoke(DelegatingMethodAccessorImpl.java:43)
	at java.base/java.lang.reflect.Method.invoke(Method.java:566)
	at java.base/java.io.ObjectStreamClass.invokeReadObject(ObjectStreamClass.java:1046)
	at java.base/java.io.ObjectInputStream.readSerialData(ObjectInputStream.java:2357)
	at java.base/java.io.ObjectInputStream.readOrdinaryObject(ObjectInputStream.java:2228)
	at java.base/java.io.ObjectInputStream.readObject0(ObjectInputStream.java:1687)
	at java.base/java.io.ObjectInputStream.defaultReadFields(ObjectInputStream.java:2496)
	at java.base/java.io.ObjectInputStream.readSerialData(ObjectInputStream.java:2390)
	at java.base/java.io.ObjectInputStream.readOrdinaryObject(ObjectInputStream.java:2228)
	at java.base/java.io.ObjectInputStream.readObject0(ObjectInputStream.java:1687)
	at java.base/java.io.ObjectInputStream.readObject(ObjectInputStream.java:489)
	at java.base/java.io.ObjectInputStream.readObject(ObjectInputStream.java:447)
	at java.rmi/sun.rmi.server.UnicastRef.unmarshalValue(UnicastRef.java:327)
	at java.rmi/sun.rmi.server.UnicastServerRef.dispatch(UnicastServerRef.java:339)
	... 12 common frames omitted
Caused by: java.lang.IllegalArgumentException: expect to get instruction without BasicBlock already set
	at org.evosuite.graphs.cfg.BasicBlock.appendInstruction(BasicBlock.java:225)
	at org.evosuite.graphs.cfg.BasicBlock.setInstructions(BasicBlock.java:206)
	at org.evosuite.graphs.cfg.BasicBlock.<init>(BasicBlock.java:106)
	at org.evosuite.graphs.cfg.RawControlFlowGraph.determineBasicBlockFor(RawControlFlowGraph.java:314)
	at org.evosuite.graphs.cfg.ActualControlFlowGraph.computeNodes(ActualControlFlowGraph.java:295)
	at org.evosuite.graphs.cfg.ActualControlFlowGraph.computeGraph(ActualControlFlowGraph.java:262)
	at org.evosuite.graphs.cfg.ActualControlFlowGraph.<init>(ActualControlFlowGraph.java:97)
	at org.evosuite.graphs.cfg.CFGGenerator.computeActualCFG(CFGGenerator.java:218)
	at org.evosuite.graphs.cfg.CFGGenerator.registerCFGs(CFGGenerator.java:102)
	at org.evosuite.graphs.cfg.CFGMethodAdapter.visitEnd(CFGMethodAdapter.java:219)
	at org.evosuite.shaded.org.objectweb.asm.MethodVisitor.visitEnd(MethodVisitor.java:783)
	at org.evosuite.shaded.org.objectweb.asm.MethodVisitor.visitEnd(MethodVisitor.java:783)
	at org.evosuite.shaded.org.objectweb.asm.MethodVisitor.visitEnd(MethodVisitor.java:783)
	at org.evosuite.shaded.org.objectweb.asm.tree.MethodNode.accept(MethodNode.java:772)
	at org.evosuite.shaded.org.objectweb.asm.tree.MethodNode.accept(MethodNode.java:649)
	at org.evosuite.shaded.org.objectweb.asm.tree.ClassNode.accept(ClassNode.java:452)
	at org.evosuite.instrumentation.BytecodeInstrumentation.transformBytes(BytecodeInstrumentation.java:282)
	at org.evosuite.instrumentation.InstrumentingClassLoader.getTransformedBytes(InstrumentingClassLoader.java:135)
	at org.evosuite.instrumentation.InstrumentingClassLoader.instrumentClass(InstrumentingClassLoader.java:149)
	... 77 common frames omitted
[Progress:>                             1%] [Cov:========================>          69%][Progress:>                             1%] [Cov:========================>          70%][MASTER] 07:41:08.908 [logback-1] WARN  ClientNodeImpl - Cannot send statistics to master; continuing without statistics
java.rmi.ServerException: RemoteException occurred in server thread; nested exception is: 
	java.rmi.UnmarshalException: error unmarshalling arguments; nested exception is: 
	java.lang.ClassNotFoundException: expect to get instruction without BasicBlock already set
	at java.rmi/sun.rmi.server.UnicastServerRef.dispatch(UnicastServerRef.java:391)
	at java.rmi/sun.rmi.transport.Transport$1.run(Transport.java:200)
	at java.rmi/sun.rmi.transport.Transport$1.run(Transport.java:197)
	at java.base/java.security.AccessController.doPrivileged(Native Method)
	at java.rmi/sun.rmi.transport.Transport.serviceCall(Transport.java:196)
	at java.rmi/sun.rmi.transport.tcp.TCPTransport.handleMessages(TCPTransport.java:562)
	at java.rmi/sun.rmi.transport.tcp.TCPTransport$ConnectionHandler.run0(TCPTransport.java:796)
	at java.rmi/sun.rmi.transport.tcp.TCPTransport$ConnectionHandler.lambda$run$0(TCPTransport.java:677)
	at java.base/java.security.AccessController.doPrivileged(Native Method)
	at java.rmi/sun.rmi.transport.tcp.TCPTransport$ConnectionHandler.run(TCPTransport.java:676)
	at java.base/java.util.concurrent.ThreadPoolExecutor.runWorker(ThreadPoolExecutor.java:1128)
	at java.base/java.util.concurrent.ThreadPoolExecutor$Worker.run(ThreadPoolExecutor.java:628)
	at java.base/java.lang.Thread.run(Thread.java:829)
	at java.rmi/sun.rmi.transport.StreamRemoteCall.exceptionReceivedFromServer(StreamRemoteCall.java:303)
	at java.rmi/sun.rmi.transport.StreamRemoteCall.executeCall(StreamRemoteCall.java:279)
	at java.rmi/sun.rmi.server.UnicastRef.invoke(UnicastRef.java:164)
	at java.rmi/java.rmi.server.RemoteObjectInvocationHandler.invokeRemoteMethod(RemoteObjectInvocationHandler.java:217)
	at java.rmi/java.rmi.server.RemoteObjectInvocationHandler.invoke(RemoteObjectInvocationHandler.java:162)
	at com.sun.proxy.$Proxy7.evosuite_collectStatistics(Unknown Source)
	at org.evosuite.rmi.service.ClientNodeImpl.updateStatistics(ClientNodeImpl.java:251)
	at org.evosuite.statistics.StatisticsSender.sendIndividualToMaster(StatisticsSender.java:62)
	at org.evosuite.statistics.StatisticsListener.lambda$new$0(StatisticsListener.java:76)
	at java.base/java.lang.Thread.run(Thread.java:829)
Caused by: java.rmi.UnmarshalException: error unmarshalling arguments; nested exception is: 
	java.lang.ClassNotFoundException: expect to get instruction without BasicBlock already set
	at java.rmi/sun.rmi.server.UnicastServerRef.dispatch(UnicastServerRef.java:350)
	at java.rmi/sun.rmi.transport.Transport$1.run(Transport.java:200)
	at java.rmi/sun.rmi.transport.Transport$1.run(Transport.java:197)
	at java.base/java.security.AccessController.doPrivileged(Native Method)
	at java.rmi/sun.rmi.transport.Transport.serviceCall(Transport.java:196)
	at java.rmi/sun.rmi.transport.tcp.TCPTransport.handleMessages(TCPTransport.java:562)
	at java.rmi/sun.rmi.transport.tcp.TCPTransport$ConnectionHandler.run0(TCPTransport.java:796)
	at java.rmi/sun.rmi.transport.tcp.TCPTransport$ConnectionHandler.lambda$run$0(TCPTransport.java:677)
	at java.base/java.security.AccessController.doPrivileged(Native Method)
	at java.rmi/sun.rmi.transport.tcp.TCPTransport$ConnectionHandler.run(TCPTransport.java:676)
	at java.base/java.util.concurrent.ThreadPoolExecutor.runWorker(ThreadPoolExecutor.java:1128)
	at java.base/java.util.concurrent.ThreadPoolExecutor$Worker.run(ThreadPoolExecutor.java:628)
	... 1 common frames omitted
Caused by: java.lang.ClassNotFoundException: expect to get instruction without BasicBlock already set
	at org.evosuite.instrumentation.InstrumentingClassLoader.instrumentClass(InstrumentingClassLoader.java:158)
	at org.evosuite.instrumentation.InstrumentingClassLoader.loadClass(InstrumentingClassLoader.java:126)
	at org.evosuite.utils.generic.GenericClassImpl.getClass(GenericClassImpl.java:139)
	at org.evosuite.utils.generic.GenericClassImpl.getClass(GenericClassImpl.java:105)
	at org.evosuite.utils.generic.GenericClassImpl.readObject(GenericClassImpl.java:1671)
	at jdk.internal.reflect.GeneratedMethodAccessor9.invoke(Unknown Source)
	at java.base/jdk.internal.reflect.DelegatingMethodAccessorImpl.invoke(DelegatingMethodAccessorImpl.java:43)
	at java.base/java.lang.reflect.Method.invoke(Method.java:566)
	at java.base/java.io.ObjectStreamClass.invokeReadObject(ObjectStreamClass.java:1046)
	at java.base/java.io.ObjectInputStream.readSerialData(ObjectInputStream.java:2357)
	at java.base/java.io.ObjectInputStream.readOrdinaryObject(ObjectInputStream.java:2228)
	at java.base/java.io.ObjectInputStream.readObject0(ObjectInputStream.java:1687)
	at java.base/java.io.ObjectInputStream.defaultReadFields(ObjectInputStream.java:2496)
	at java.base/java.io.ObjectInputStream.readSerialData(ObjectInputStream.java:2390)
	at java.base/java.io.ObjectInputStream.readOrdinaryObject(ObjectInputStream.java:2228)
	at java.base/java.io.ObjectInputStream.readObject0(ObjectInputStream.java:1687)
	at java.base/java.io.ObjectInputStream.defaultReadFields(ObjectInputStream.java:2496)
	at java.base/java.io.ObjectInputStream.readSerialData(ObjectInputStream.java:2390)
	at java.base/java.io.ObjectInputStream.readOrdinaryObject(ObjectInputStream.java:2228)
	at java.base/java.io.ObjectInputStream.readObject0(ObjectInputStream.java:1687)
	at java.base/java.io.ObjectInputStream.readObject(ObjectInputStream.java:489)
	at java.base/java.io.ObjectInputStream.readObject(ObjectInputStream.java:447)
	at java.base/java.util.ArrayList.readObject(ArrayList.java:929)
	at java.base/jdk.internal.reflect.GeneratedMethodAccessor7.invoke(Unknown Source)
	at java.base/jdk.internal.reflect.DelegatingMethodAccessorImpl.invoke(DelegatingMethodAccessorImpl.java:43)
	at java.base/java.lang.reflect.Method.invoke(Method.java:566)
	at java.base/java.io.ObjectStreamClass.invokeReadObject(ObjectStreamClass.java:1046)
	at java.base/java.io.ObjectInputStream.readSerialData(ObjectInputStream.java:2357)
	at java.base/java.io.ObjectInputStream.readOrdinaryObject(ObjectInputStream.java:2228)
	at java.base/java.io.ObjectInputStream.readObject0(ObjectInputStream.java:1687)
	at java.base/java.io.ObjectInputStream.defaultReadFields(ObjectInputStream.java:2496)
	at java.base/java.io.ObjectInputStream.readSerialData(ObjectInputStream.java:2390)
	at java.base/java.io.ObjectInputStream.readOrdinaryObject(ObjectInputStream.java:2228)
	at java.base/java.io.ObjectInputStream.readObject0(ObjectInputStream.java:1687)
	at java.base/java.io.ObjectInputStream.defaultReadFields(ObjectInputStream.java:2496)
	at java.base/java.io.ObjectInputStream.defaultReadObject(ObjectInputStream.java:625)
	at org.evosuite.testcase.DefaultTestCase.readObject(DefaultTestCase.java:1217)
	at jdk.internal.reflect.GeneratedMethodAccessor14.invoke(Unknown Source)
	at java.base/jdk.internal.reflect.DelegatingMethodAccessorImpl.invoke(DelegatingMethodAccessorImpl.java:43)
	at java.base/java.lang.reflect.Method.invoke(Method.java:566)
	at java.base/java.io.ObjectStreamClass.invokeReadObject(ObjectStreamClass.java:1046)
	at java.base/java.io.ObjectInputStream.readSerialData(ObjectInputStream.java:2357)
	at java.base/java.io.ObjectInputStream.readOrdinaryObject(ObjectInputStream.java:2228)
	at java.base/java.io.ObjectInputStream.readObject0(ObjectInputStream.java:1687)
	at java.base/java.io.ObjectInputStream.defaultReadFields(ObjectInputStream.java:2496)
	at java.base/java.io.ObjectInputStream.readSerialData(ObjectInputStream.java:2390)
	at java.base/java.io.ObjectInputStream.readOrdinaryObject(ObjectInputStream.java:2228)
	at java.base/java.io.ObjectInputStream.readObject0(ObjectInputStream.java:1687)
	at java.base/java.io.ObjectInputStream.readObject(ObjectInputStream.java:489)
	at java.base/java.io.ObjectInputStream.readObject(ObjectInputStream.java:447)
	at java.base/java.util.ArrayList.readObject(ArrayList.java:929)
	at java.base/jdk.internal.reflect.GeneratedMethodAccessor7.invoke(Unknown Source)
	at java.base/jdk.internal.reflect.DelegatingMethodAccessorImpl.invoke(DelegatingMethodAccessorImpl.java:43)
	at java.base/java.lang.reflect.Method.invoke(Method.java:566)
	at java.base/java.io.ObjectStreamClass.invokeReadObject(ObjectStreamClass.java:1046)
	at java.base/java.io.ObjectInputStream.readSerialData(ObjectInputStream.java:2357)
	at java.base/java.io.ObjectInputStream.readOrdinaryObject(ObjectInputStream.java:2228)
	at java.base/java.io.ObjectInputStream.readObject0(ObjectInputStream.java:1687)
	at java.base/java.io.ObjectInputStream.defaultReadFields(ObjectInputStream.java:2496)
	at java.base/java.io.ObjectInputStream.readSerialData(ObjectInputStream.java:2390)
	at java.base/java.io.ObjectInputStream.readOrdinaryObject(ObjectInputStream.java:2228)
	at java.base/java.io.ObjectInputStream.readObject0(ObjectInputStream.java:1687)
	at java.base/java.io.ObjectInputStream.readObject(ObjectInputStream.java:489)
	at java.base/java.io.ObjectInputStream.readObject(ObjectInputStream.java:447)
	at java.rmi/sun.rmi.server.UnicastRef.unmarshalValue(UnicastRef.java:327)
	at java.rmi/sun.rmi.server.UnicastServerRef.dispatch(UnicastServerRef.java:339)
	... 12 common frames omitted
Caused by: java.lang.IllegalArgumentException: expect to get instruction without BasicBlock already set
	at org.evosuite.graphs.cfg.BasicBlock.appendInstruction(BasicBlock.java:225)
	at org.evosuite.graphs.cfg.BasicBlock.setInstructions(BasicBlock.java:206)
	at org.evosuite.graphs.cfg.BasicBlock.<init>(BasicBlock.java:106)
	at org.evosuite.graphs.cfg.RawControlFlowGraph.determineBasicBlockFor(RawControlFlowGraph.java:314)
	at org.evosuite.graphs.cfg.ActualControlFlowGraph.computeNodes(ActualControlFlowGraph.java:295)
	at org.evosuite.graphs.cfg.ActualControlFlowGraph.computeGraph(ActualControlFlowGraph.java:262)
	at org.evosuite.graphs.cfg.ActualControlFlowGraph.<init>(ActualControlFlowGraph.java:97)
	at org.evosuite.graphs.cfg.CFGGenerator.computeActualCFG(CFGGenerator.java:218)
	at org.evosuite.graphs.cfg.CFGGenerator.registerCFGs(CFGGenerator.java:102)
	at org.evosuite.graphs.cfg.CFGMethodAdapter.visitEnd(CFGMethodAdapter.java:219)
	at org.evosuite.shaded.org.objectweb.asm.MethodVisitor.visitEnd(MethodVisitor.java:783)
	at org.evosuite.shaded.org.objectweb.asm.MethodVisitor.visitEnd(MethodVisitor.java:783)
	at org.evosuite.shaded.org.objectweb.asm.MethodVisitor.visitEnd(MethodVisitor.java:783)
	at org.evosuite.shaded.org.objectweb.asm.tree.MethodNode.accept(MethodNode.java:772)
	at org.evosuite.shaded.org.objectweb.asm.tree.MethodNode.accept(MethodNode.java:649)
	at org.evosuite.shaded.org.objectweb.asm.tree.ClassNode.accept(ClassNode.java:452)
	at org.evosuite.instrumentation.BytecodeInstrumentation.transformBytes(BytecodeInstrumentation.java:282)
	at org.evosuite.instrumentation.InstrumentingClassLoader.getTransformedBytes(InstrumentingClassLoader.java:135)
	at org.evosuite.instrumentation.InstrumentingClassLoader.instrumentClass(InstrumentingClassLoader.java:149)
	... 77 common frames omitted
[Progress:>                             1%] [Cov:========================>          70%]GWO iteration=3 bestFitness=244.97777777501273 population=50 a=1.94
========== GWO EVOLVE iteration=3 population=50 ==========
[Progress:>                             1%] [Cov:========================>          70%]GWO iteration=4 bestFitness=244.97777777501273 population=50 a=1.92
========== GWO EVOLVE iteration=4 population=50 ==========
[MASTER] 07:41:09.229 [logback-1] WARN  ClientNodeImpl - Cannot send statistics to master; continuing without statistics
java.rmi.ServerException: RemoteException occurred in server thread; nested exception is: 
	java.rmi.UnmarshalException: error unmarshalling arguments; nested exception is: 
	java.lang.ClassNotFoundException: expect to get instruction without BasicBlock already set
	at java.rmi/sun.rmi.server.UnicastServerRef.dispatch(UnicastServerRef.java:391)
	at java.rmi/sun.rmi.transport.Transport$1.run(Transport.java:200)
	at java.rmi/sun.rmi.transport.Transport$1.run(Transport.java:197)
	at java.base/java.security.AccessController.doPrivileged(Native Method)
	at java.rmi/sun.rmi.transport.Transport.serviceCall(Transport.java:196)
	at java.rmi/sun.rmi.transport.tcp.TCPTransport.handleMessages(TCPTransport.java:562)
	at java.rmi/sun.rmi.transport.tcp.TCPTransport$ConnectionHandler.run0(TCPTransport.java:796)
	at java.rmi/sun.rmi.transport.tcp.TCPTransport$ConnectionHandler.lambda$run$0(TCPTransport.java:677)
	at java.base/java.security.AccessController.doPrivileged(Native Method)
	at java.rmi/sun.rmi.transport.tcp.TCPTransport$ConnectionHandler.run(TCPTransport.java:676)
	at java.base/java.util.concurrent.ThreadPoolExecutor.runWorker(ThreadPoolExecutor.java:1128)
	at java.base/java.util.concurrent.ThreadPoolExecutor$Worker.run(ThreadPoolExecutor.java:628)
	at java.base/java.lang.Thread.run(Thread.java:829)
	at java.rmi/sun.rmi.transport.StreamRemoteCall.exceptionReceivedFromServer(StreamRemoteCall.java:303)
	at java.rmi/sun.rmi.transport.StreamRemoteCall.executeCall(StreamRemoteCall.java:279)
	at java.rmi/sun.rmi.server.UnicastRef.invoke(UnicastRef.java:164)
	at java.rmi/java.rmi.server.RemoteObjectInvocationHandler.invokeRemoteMethod(RemoteObjectInvocationHandler.java:217)
	at java.rmi/java.rmi.server.RemoteObjectInvocationHandler.invoke(RemoteObjectInvocationHandler.java:162)
	at com.sun.proxy.$Proxy7.evosuite_collectStatistics(Unknown Source)
	at org.evosuite.rmi.service.ClientNodeImpl.updateStatistics(ClientNodeImpl.java:251)
	at org.evosuite.statistics.StatisticsSender.sendIndividualToMaster(StatisticsSender.java:62)
	at org.evosuite.statistics.StatisticsListener.lambda$new$0(StatisticsListener.java:76)
	at java.base/java.lang.Thread.run(Thread.java:829)
Caused by: java.rmi.UnmarshalException: error unmarshalling arguments; nested exception is: 
	java.lang.ClassNotFoundException: expect to get instruction without BasicBlock already set
	at java.rmi/sun.rmi.server.UnicastServerRef.dispatch(UnicastServerRef.java:350)
	at java.rmi/sun.rmi.transport.Transport$1.run(Transport.java:200)
	at java.rmi/sun.rmi.transport.Transport$1.run(Transport.java:197)
	at java.base/java.security.AccessController.doPrivileged(Native Method)
	at java.rmi/sun.rmi.transport.Transport.serviceCall(Transport.java:196)
	at java.rmi/sun.rmi.transport.tcp.TCPTransport.handleMessages(TCPTransport.java:562)
	at java.rmi/sun.rmi.transport.tcp.TCPTransport$ConnectionHandler.run0(TCPTransport.java:796)
	at java.rmi/sun.rmi.transport.tcp.TCPTransport$ConnectionHandler.lambda$run$0(TCPTransport.java:677)
	at java.base/java.security.AccessController.doPrivileged(Native Method)
	at java.rmi/sun.rmi.transport.tcp.TCPTransport$ConnectionHandler.run(TCPTransport.java:676)
	at java.base/java.util.concurrent.ThreadPoolExecutor.runWorker(ThreadPoolExecutor.java:1128)
	at java.base/java.util.concurrent.ThreadPoolExecutor$Worker.run(ThreadPoolExecutor.java:628)
	... 1 common frames omitted
Caused by: java.lang.ClassNotFoundException: expect to get instruction without BasicBlock already set
	at org.evosuite.instrumentation.InstrumentingClassLoader.instrumentClass(InstrumentingClassLoader.java:158)
	at org.evosuite.instrumentation.InstrumentingClassLoader.loadClass(InstrumentingClassLoader.java:126)
	at org.evosuite.utils.generic.GenericClassImpl.getClass(GenericClassImpl.java:139)
	at org.evosuite.utils.generic.GenericClassImpl.getClass(GenericClassImpl.java:105)
	at org.evosuite.utils.generic.GenericClassImpl.readObject(GenericClassImpl.java:1671)
	at jdk.internal.reflect.GeneratedMethodAccessor9.invoke(Unknown Source)
	at java.base/jdk.internal.reflect.DelegatingMethodAccessorImpl.invoke(DelegatingMethodAccessorImpl.java:43)
	at java.base/java.lang.reflect.Method.invoke(Method.java:566)
	at java.base/java.io.ObjectStreamClass.invokeReadObject(ObjectStreamClass.java:1046)
	at java.base/java.io.ObjectInputStream.readSerialData(ObjectInputStream.java:2357)
	at java.base/java.io.ObjectInputStream.readOrdinaryObject(ObjectInputStream.java:2228)
	at java.base/java.io.ObjectInputStream.readObject0(ObjectInputStream.java:1687)
	at java.base/java.io.ObjectInputStream.defaultReadFields(ObjectInputStream.java:2496)
	at java.base/java.io.ObjectInputStream.readSerialData(ObjectInputStream.java:2390)
	at java.base/java.io.ObjectInputStream.readOrdinaryObject(ObjectInputStream.java:2228)
	at java.base/java.io.ObjectInputStream.readObject0(ObjectInputStream.java:1687)
	at java.base/java.io.ObjectInputStream.defaultReadFields(ObjectInputStream.java:2496)
	at java.base/java.io.ObjectInputStream.readSerialData(ObjectInputStream.java:2390)
	at java.base/java.io.ObjectInputStream.readOrdinaryObject(ObjectInputStream.java:2228)
	at java.base/java.io.ObjectInputStream.readObject0(ObjectInputStream.java:1687)
	at java.base/java.io.ObjectInputStream.readObject(ObjectInputStream.java:489)
	at java.base/java.io.ObjectInputStream.readObject(ObjectInputStream.java:447)
	at java.base/java.util.ArrayList.readObject(ArrayList.java:929)
	at java.base/jdk.internal.reflect.GeneratedMethodAccessor7.invoke(Unknown Source)
	at java.base/jdk.internal.reflect.DelegatingMethodAccessorImpl.invoke(DelegatingMethodAccessorImpl.java:43)
	at java.base/java.lang.reflect.Method.invoke(Method.java:566)
	at java.base/java.io.ObjectStreamClass.invokeReadObject(ObjectStreamClass.java:1046)
	at java.base/java.io.ObjectInputStream.readSerialData(ObjectInputStream.java:2357)
	at java.base/java.io.ObjectInputStream.readOrdinaryObject(ObjectInputStream.java:2228)
	at java.base/java.io.ObjectInputStream.readObject0(ObjectInputStream.java:1687)
	at java.base/java.io.ObjectInputStream.defaultReadFields(ObjectInputStream.java:2496)
	at java.base/java.io.ObjectInputStream.readSerialData(ObjectInputStream.java:2390)
	at java.base/java.io.ObjectInputStream.readOrdinaryObject(ObjectInputStream.java:2228)
	at java.base/java.io.ObjectInputStream.readObject0(ObjectInputStream.java:1687)
	at java.base/java.io.ObjectInputStream.defaultReadFields(ObjectInputStream.java:2496)
	at java.base/java.io.ObjectInputStream.defaultReadObject(ObjectInputStream.java:625)
	at org.evosuite.testcase.DefaultTestCase.readObject(DefaultTestCase.java:1217)
	at jdk.internal.reflect.GeneratedMethodAccessor14.invoke(Unknown Source)
	at java.base/jdk.internal.reflect.DelegatingMethodAccessorImpl.invoke(DelegatingMethodAccessorImpl.java:43)
	at java.base/java.lang.reflect.Method.invoke(Method.java:566)
	at java.base/java.io.ObjectStreamClass.invokeReadObject(ObjectStreamClass.java:1046)
	at java.base/java.io.ObjectInputStream.readSerialData(ObjectInputStream.java:2357)
	at java.base/java.io.ObjectInputStream.readOrdinaryObject(ObjectInputStream.java:2228)
	at java.base/java.io.ObjectInputStream.readObject0(ObjectInputStream.java:1687)
	at java.base/java.io.ObjectInputStream.defaultReadFields(ObjectInputStream.java:2496)
	at java.base/java.io.ObjectInputStream.readSerialData(ObjectInputStream.java:2390)
	at java.base/java.io.ObjectInputStream.readOrdinaryObject(ObjectInputStream.java:2228)
	at java.base/java.io.ObjectInputStream.readObject0(ObjectInputStream.java:1687)
	at java.base/java.io.ObjectInputStream.readObject(ObjectInputStream.java:489)
	at java.base/java.io.ObjectInputStream.readObject(ObjectInputStream.java:447)
	at java.base/java.util.ArrayList.readObject(ArrayList.java:929)
	at java.base/jdk.internal.reflect.GeneratedMethodAccessor7.invoke(Unknown Source)
	at java.base/jdk.internal.reflect.DelegatingMethodAccessorImpl.invoke(DelegatingMethodAccessorImpl.java:43)
	at java.base/java.lang.reflect.Method.invoke(Method.java:566)
	at java.base/java.io.ObjectStreamClass.invokeReadObject(ObjectStreamClass.java:1046)
	at java.base/java.io.ObjectInputStream.readSerialData(ObjectInputStream.java:2357)
	at java.base/java.io.ObjectInputStream.readOrdinaryObject(ObjectInputStream.java:2228)
	at java.base/java.io.ObjectInputStream.readObject0(ObjectInputStream.java:1687)
	at java.base/java.io.ObjectInputStream.defaultReadFields(ObjectInputStream.java:2496)
	at java.base/java.io.ObjectInputStream.readSerialData(ObjectInputStream.java:2390)
	at java.base/java.io.ObjectInputStream.readOrdinaryObject(ObjectInputStream.java:2228)
	at java.base/java.io.ObjectInputStream.readObject0(ObjectInputStream.java:1687)
	at java.base/java.io.ObjectInputStream.readObject(ObjectInputStream.java:489)
	at java.base/java.io.ObjectInputStream.readObject(ObjectInputStream.java:447)
	at java.rmi/sun.rmi.server.UnicastRef.unmarshalValue(UnicastRef.java:327)
	at java.rmi/sun.rmi.server.UnicastServerRef.dispatch(UnicastServerRef.java:339)
	... 12 common frames omitted
Caused by: java.lang.IllegalArgumentException: expect to get instruction without BasicBlock already set
	at org.evosuite.graphs.cfg.BasicBlock.appendInstruction(BasicBlock.java:225)
	at org.evosuite.graphs.cfg.BasicBlock.setInstructions(BasicBlock.java:206)
	at org.evosuite.graphs.cfg.BasicBlock.<init>(BasicBlock.java:106)
	at org.evosuite.graphs.cfg.RawControlFlowGraph.determineBasicBlockFor(RawControlFlowGraph.java:314)
	at org.evosuite.graphs.cfg.ActualControlFlowGraph.computeNodes(ActualControlFlowGraph.java:295)
	at org.evosuite.graphs.cfg.ActualControlFlowGraph.computeGraph(ActualControlFlowGraph.java:262)
	at org.evosuite.graphs.cfg.ActualControlFlowGraph.<init>(ActualControlFlowGraph.java:97)
	at org.evosuite.graphs.cfg.CFGGenerator.computeActualCFG(CFGGenerator.java:218)
	at org.evosuite.graphs.cfg.CFGGenerator.registerCFGs(CFGGenerator.java:102)
	at org.evosuite.graphs.cfg.CFGMethodAdapter.visitEnd(CFGMethodAdapter.java:219)
	at org.evosuite.shaded.org.objectweb.asm.MethodVisitor.visitEnd(MethodVisitor.java:783)
	at org.evosuite.shaded.org.objectweb.asm.MethodVisitor.visitEnd(MethodVisitor.java:783)
	at org.evosuite.shaded.org.objectweb.asm.MethodVisitor.visitEnd(MethodVisitor.java:783)
	at org.evosuite.shaded.org.objectweb.asm.tree.MethodNode.accept(MethodNode.java:772)
	at org.evosuite.shaded.org.objectweb.asm.tree.MethodNode.accept(MethodNode.java:649)
	at org.evosuite.shaded.org.objectweb.asm.tree.ClassNode.accept(ClassNode.java:452)
	at org.evosuite.instrumentation.BytecodeInstrumentation.transformBytes(BytecodeInstrumentation.java:282)
	at org.evosuite.instrumentation.InstrumentingClassLoader.getTransformedBytes(InstrumentingClassLoader.java:135)
	at org.evosuite.instrumentation.InstrumentingClassLoader.instrumentClass(InstrumentingClassLoader.java:149)
	... 77 common frames omitted
[Progress:>                             1%] [Cov:========================>          71%][Progress:>                             2%] [Cov:================>                  48%][Progress:>                             2%] [Cov:========================>          70%][Progress:>                             2%] [Cov:========================>          71%]GWO iteration=5 bestFitness=239.97777777432148 population=50 a=1.9
[MASTER] 07:41:09.700 [logback-1] WARN  ClientNodeImpl - Cannot send statistics to master; continuing without statistics
java.rmi.ServerException: RemoteException occurred in server thread; nested exception is: 
	java.rmi.UnmarshalException: error unmarshalling arguments; nested exception is: 
	java.lang.ClassNotFoundException: expect to get instruction without BasicBlock already set
	at java.rmi/sun.rmi.server.UnicastServerRef.dispatch(UnicastServerRef.java:391)
	at java.rmi/sun.rmi.transport.Transport$1.run(Transport.java:200)
	at java.rmi/sun.rmi.transport.Transport$1.run(Transport.java:197)
	at java.base/java.security.AccessController.doPrivileged(Native Method)
	at java.rmi/sun.rmi.transport.Transport.serviceCall(Transport.java:196)
	at java.rmi/sun.rmi.transport.tcp.TCPTransport.handleMessages(TCPTransport.java:562)
	at java.rmi/sun.rmi.transport.tcp.TCPTransport$ConnectionHandler.run0(TCPTransport.java:796)
	at java.rmi/sun.rmi.transport.tcp.TCPTransport$ConnectionHandler.lambda$run$0(TCPTransport.java:677)
	at java.base/java.security.AccessController.doPrivileged(Native Method)
	at java.rmi/sun.rmi.transport.tcp.TCPTransport$ConnectionHandler.run(TCPTransport.java:676)
	at java.base/java.util.concurrent.ThreadPoolExecutor.runWorker(ThreadPoolExecutor.java:1128)
	at java.base/java.util.concurrent.ThreadPoolExecutor$Worker.run(ThreadPoolExecutor.java:628)
	at java.base/java.lang.Thread.run(Thread.java:829)
	at java.rmi/sun.rmi.transport.StreamRemoteCall.exceptionReceivedFromServer(StreamRemoteCall.java:303)
	at java.rmi/sun.rmi.transport.StreamRemoteCall.executeCall(StreamRemoteCall.java:279)
	at java.rmi/sun.rmi.server.UnicastRef.invoke(UnicastRef.java:164)
	at java.rmi/java.rmi.server.RemoteObjectInvocationHandler.invokeRemoteMethod(RemoteObjectInvocationHandler.java:217)
	at java.rmi/java.rmi.server.RemoteObjectInvocationHandler.invoke(RemoteObjectInvocationHandler.java:162)
	at com.sun.proxy.$Proxy7.evosuite_collectStatistics(Unknown Source)
	at org.evosuite.rmi.service.ClientNodeImpl.updateStatistics(ClientNodeImpl.java:251)
	at org.evosuite.statistics.StatisticsSender.sendIndividualToMaster(StatisticsSender.java:62)
	at org.evosuite.statistics.StatisticsListener.lambda$new$0(StatisticsListener.java:76)
	at java.base/java.lang.Thread.run(Thread.java:829)
Caused by: java.rmi.UnmarshalException: error unmarshalling arguments; nested exception is: 
	java.lang.ClassNotFoundException: expect to get instruction without BasicBlock already set
	at java.rmi/sun.rmi.server.UnicastServerRef.dispatch(UnicastServerRef.java:350)
	at java.rmi/sun.rmi.transport.Transport$1.run(Transport.java:200)
	at java.rmi/sun.rmi.transport.Transport$1.run(Transport.java:197)
	at java.base/java.security.AccessController.doPrivileged(Native Method)
	at java.rmi/sun.rmi.transport.Transport.serviceCall(Transport.java:196)
	at java.rmi/sun.rmi.transport.tcp.TCPTransport.handleMessages(TCPTransport.java:562)
	at java.rmi/sun.rmi.transport.tcp.TCPTransport$ConnectionHandler.run0(TCPTransport.java:796)
	at java.rmi/sun.rmi.transport.tcp.TCPTransport$ConnectionHandler.lambda$run$0(TCPTransport.java:677)
	at java.base/java.security.AccessController.doPrivileged(Native Method)
	at java.rmi/sun.rmi.transport.tcp.TCPTransport$ConnectionHandler.run(TCPTransport.java:676)
	at java.base/java.util.concurrent.ThreadPoolExecutor.runWorker(ThreadPoolExecutor.java:1128)
	at java.base/java.util.concurrent.ThreadPoolExecutor$Worker.run(ThreadPoolExecutor.java:628)
	... 1 common frames omitted
Caused by: java.lang.ClassNotFoundException: expect to get instruction without BasicBlock already set
	at org.evosuite.instrumentation.InstrumentingClassLoader.instrumentClass(InstrumentingClassLoader.java:158)
	at org.evosuite.instrumentation.InstrumentingClassLoader.loadClass(InstrumentingClassLoader.java:126)
	at org.evosuite.utils.generic.GenericClassImpl.getClass(GenericClassImpl.java:139)
	at org.evosuite.utils.generic.GenericClassImpl.getClass(GenericClassImpl.java:105)
	at org.evosuite.utils.generic.GenericClassImpl.readObject(GenericClassImpl.java:1671)
	at jdk.internal.reflect.GeneratedMethodAccessor9.invoke(Unknown Source)
	at java.base/jdk.internal.reflect.DelegatingMethodAccessorImpl.invoke(DelegatingMethodAccessorImpl.java:43)
	at java.base/java.lang.reflect.Method.invoke(Method.java:566)
	at java.base/java.io.ObjectStreamClass.invokeReadObject(ObjectStreamClass.java:1046)
	at java.base/java.io.ObjectInputStream.readSerialData(ObjectInputStream.java:2357)
	at java.base/java.io.ObjectInputStream.readOrdinaryObject(ObjectInputStream.java:2228)
	at java.base/java.io.ObjectInputStream.readObject0(ObjectInputStream.java:1687)
	at java.base/java.io.ObjectInputStream.defaultReadFields(ObjectInputStream.java:2496)
	at java.base/java.io.ObjectInputStream.readSerialData(ObjectInputStream.java:2390)
	at java.base/java.io.ObjectInputStream.readOrdinaryObject(ObjectInputStream.java:2228)
	at java.base/java.io.ObjectInputStream.readObject0(ObjectInputStream.java:1687)
	at java.base/java.io.ObjectInputStream.defaultReadFields(ObjectInputStream.java:2496)
	at java.base/java.io.ObjectInputStream.readSerialData(ObjectInputStream.java:2390)
	at java.base/java.io.ObjectInputStream.readOrdinaryObject(ObjectInputStream.java:2228)
	at java.base/java.io.ObjectInputStream.readObject0(ObjectInputStream.java:1687)
	at java.base/java.io.ObjectInputStream.readObject(ObjectInputStream.java:489)
	at java.base/java.io.ObjectInputStream.readObject(ObjectInputStream.java:447)
	at java.base/java.util.ArrayList.readObject(ArrayList.java:929)
	at java.base/jdk.internal.reflect.GeneratedMethodAccessor7.invoke(Unknown Source)
	at java.base/jdk.internal.reflect.DelegatingMethodAccessorImpl.invoke(DelegatingMethodAccessorImpl.java:43)
	at java.base/java.lang.reflect.Method.invoke(Method.java:566)
	at java.base/java.io.ObjectStreamClass.invokeReadObject(ObjectStreamClass.java:1046)
	at java.base/java.io.ObjectInputStream.readSerialData(ObjectInputStream.java:2357)
	at java.base/java.io.ObjectInputStream.readOrdinaryObject(ObjectInputStream.java:2228)
	at java.base/java.io.ObjectInputStream.readObject0(ObjectInputStream.java:1687)
	at java.base/java.io.ObjectInputStream.defaultReadFields(ObjectInputStream.java:2496)
	at java.base/java.io.ObjectInputStream.readSerialData(ObjectInputStream.java:2390)
	at java.base/java.io.ObjectInputStream.readOrdinaryObject(ObjectInputStream.java:2228)
	at java.base/java.io.ObjectInputStream.readObject0(ObjectInputStream.java:1687)
	at java.base/java.io.ObjectInputStream.defaultReadFields(ObjectInputStream.java:2496)
	at java.base/java.io.ObjectInputStream.defaultReadObject(ObjectInputStream.java:625)
	at org.evosuite.testcase.DefaultTestCase.readObject(DefaultTestCase.java:1217)
	at jdk.internal.reflect.GeneratedMethodAccessor14.invoke(Unknown Source)
	at java.base/jdk.internal.reflect.DelegatingMethodAccessorImpl.invoke(DelegatingMethodAccessorImpl.java:43)
	at java.base/java.lang.reflect.Method.invoke(Method.java:566)
	at java.base/java.io.ObjectStreamClass.invokeReadObject(ObjectStreamClass.java:1046)
	at java.base/java.io.ObjectInputStream.readSerialData(ObjectInputStream.java:2357)
	at java.base/java.io.ObjectInputStream.readOrdinaryObject(ObjectInputStream.java:2228)
	at java.base/java.io.ObjectInputStream.readObject0(ObjectInputStream.java:1687)
	at java.base/java.io.ObjectInputStream.defaultReadFields(ObjectInputStream.java:2496)
	at java.base/java.io.ObjectInputStream.readSerialData(ObjectInputStream.java:2390)
	at java.base/java.io.ObjectInputStream.readOrdinaryObject(ObjectInputStream.java:2228)
	at java.base/java.io.ObjectInputStream.readObject0(ObjectInputStream.java:1687)
	at java.base/java.io.ObjectInputStream.readObject(ObjectInputStream.java:489)
	at java.base/java.io.ObjectInputStream.readObject(ObjectInputStream.java:447)
	at java.base/java.util.ArrayList.readObject(ArrayList.java:929)
	at java.base/jdk.internal.reflect.GeneratedMethodAccessor7.invoke(Unknown Source)
	at java.base/jdk.internal.reflect.DelegatingMethodAccessorImpl.invoke(DelegatingMethodAccessorImpl.java:43)
	at java.base/java.lang.reflect.Method.invoke(Method.java:566)
	at java.base/java.io.ObjectStreamClass.invokeReadObject(ObjectStreamClass.java:1046)
	at java.base/java.io.ObjectInputStream.readSerialData(ObjectInputStream.java:2357)
	at java.base/java.io.ObjectInputStream.readOrdinaryObject(ObjectInputStream.java:2228)
	at java.base/java.io.ObjectInputStream.readObject0(ObjectInputStream.java:1687)
	at java.base/java.io.ObjectInputStream.defaultReadFields(ObjectInputStream.java:2496)
	at java.base/java.io.ObjectInputStream.readSerialData(ObjectInputStream.java:2390)
	at java.base/java.io.ObjectInputStream.readOrdinaryObject(ObjectInputStream.java:2228)
	at java.base/java.io.ObjectInputStream.readObject0(ObjectInputStream.java:1687)
	at java.base/java.io.ObjectInputStream.readObject(ObjectInputStream.java:489)
	at java.base/java.io.ObjectInputStream.readObject(ObjectInputStream.java:447)
	at java.rmi/sun.rmi.server.UnicastRef.unmarshalValue(UnicastRef.java:327)
	at java.rmi/sun.rmi.server.UnicastServerRef.dispatch(UnicastServerRef.java:339)
	... 12 common frames omitted
Caused by: java.lang.IllegalArgumentException: expect to get instruction without BasicBlock already set
	at org.evosuite.graphs.cfg.BasicBlock.appendInstruction(BasicBlock.java:225)
	at org.evosuite.graphs.cfg.BasicBlock.setInstructions(BasicBlock.java:206)
	at org.evosuite.graphs.cfg.BasicBlock.<init>(BasicBlock.java:106)
	at org.evosuite.graphs.cfg.RawControlFlowGraph.determineBasicBlockFor(RawControlFlowGraph.java:314)
	at org.evosuite.graphs.cfg.ActualControlFlowGraph.computeNodes(ActualControlFlowGraph.java:295)
	at org.evosuite.graphs.cfg.ActualControlFlowGraph.computeGraph(ActualControlFlowGraph.java:262)
	at org.evosuite.graphs.cfg.ActualControlFlowGraph.<init>(ActualControlFlowGraph.java:97)
	at org.evosuite.graphs.cfg.CFGGenerator.computeActualCFG(CFGGenerator.java:218)
	at org.evosuite.graphs.cfg.CFGGenerator.registerCFGs(CFGGenerator.java:102)
	at org.evosuite.graphs.cfg.CFGMethodAdapter.visitEnd(CFGMethodAdapter.java:219)
	at org.evosuite.shaded.org.objectweb.asm.MethodVisitor.visitEnd(MethodVisitor.java:783)
	at org.evosuite.shaded.org.objectweb.asm.MethodVisitor.visitEnd(MethodVisitor.java:783)
	at org.evosuite.shaded.org.objectweb.asm.MethodVisitor.visitEnd(MethodVisitor.java:783)
	at org.evosuite.shaded.org.objectweb.asm.tree.MethodNode.accept(MethodNode.java:772)
	at org.evosuite.shaded.org.objectweb.asm.tree.MethodNode.accept(MethodNode.java:649)
	at org.evosuite.shaded.org.objectweb.asm.tree.ClassNode.accept(ClassNode.java:452)
	at org.evosuite.instrumentation.BytecodeInstrumentation.transformBytes(BytecodeInstrumentation.java:282)
	at org.evosuite.instrumentation.InstrumentingClassLoader.getTransformedBytes(InstrumentingClassLoader.java:135)
	at org.evosuite.instrumentation.InstrumentingClassLoader.instrumentClass(InstrumentingClassLoader.java:149)
	... 77 common frames omitted
[Progress:>                             2%] [Cov:========================>          71%][MASTER] 07:41:10.142 [logback-1] WARN  ClientNodeImpl - Cannot send statistics to master; continuing without statistics
java.rmi.ServerException: RemoteException occurred in server thread; nested exception is: 
	java.rmi.UnmarshalException: error unmarshalling arguments; nested exception is: 
	java.lang.ClassNotFoundException: expect to get instruction without BasicBlock already set
	at java.rmi/sun.rmi.server.UnicastServerRef.dispatch(UnicastServerRef.java:391)
	at java.rmi/sun.rmi.transport.Transport$1.run(Transport.java:200)
	at java.rmi/sun.rmi.transport.Transport$1.run(Transport.java:197)
	at java.base/java.security.AccessController.doPrivileged(Native Method)
	at java.rmi/sun.rmi.transport.Transport.serviceCall(Transport.java:196)
	at java.rmi/sun.rmi.transport.tcp.TCPTransport.handleMessages(TCPTransport.java:562)
	at java.rmi/sun.rmi.transport.tcp.TCPTransport$ConnectionHandler.run0(TCPTransport.java:796)
	at java.rmi/sun.rmi.transport.tcp.TCPTransport$ConnectionHandler.lambda$run$0(TCPTransport.java:677)
	at java.base/java.security.AccessController.doPrivileged(Native Method)
	at java.rmi/sun.rmi.transport.tcp.TCPTransport$ConnectionHandler.run(TCPTransport.java:676)
	at java.base/java.util.concurrent.ThreadPoolExecutor.runWorker(ThreadPoolExecutor.java:1128)
	at java.base/java.util.concurrent.ThreadPoolExecutor$Worker.run(ThreadPoolExecutor.java:628)
	at java.base/java.lang.Thread.run(Thread.java:829)
	at java.rmi/sun.rmi.transport.StreamRemoteCall.exceptionReceivedFromServer(StreamRemoteCall.java:303)
	at java.rmi/sun.rmi.transport.StreamRemoteCall.executeCall(StreamRemoteCall.java:279)
	at java.rmi/sun.rmi.server.UnicastRef.invoke(UnicastRef.java:164)
	at java.rmi/java.rmi.server.RemoteObjectInvocationHandler.invokeRemoteMethod(RemoteObjectInvocationHandler.java:217)
	at java.rmi/java.rmi.server.RemoteObjectInvocationHandler.invoke(RemoteObjectInvocationHandler.java:162)
	at com.sun.proxy.$Proxy7.evosuite_collectStatistics(Unknown Source)
	at org.evosuite.rmi.service.ClientNodeImpl.updateStatistics(ClientNodeImpl.java:251)
	at org.evosuite.statistics.StatisticsSender.sendIndividualToMaster(StatisticsSender.java:62)
	at org.evosuite.statistics.StatisticsListener.lambda$new$0(StatisticsListener.java:76)
	at java.base/java.lang.Thread.run(Thread.java:829)
Caused by: java.rmi.UnmarshalException: error unmarshalling arguments; nested exception is: 
	java.lang.ClassNotFoundException: expect to get instruction without BasicBlock already set
	at java.rmi/sun.rmi.server.UnicastServerRef.dispatch(UnicastServerRef.java:350)
	at java.rmi/sun.rmi.transport.Transport$1.run(Transport.java:200)
	at java.rmi/sun.rmi.transport.Transport$1.run(Transport.java:197)
	at java.base/java.security.AccessController.doPrivileged(Native Method)
	at java.rmi/sun.rmi.transport.Transport.serviceCall(Transport.java:196)
	at java.rmi/sun.rmi.transport.tcp.TCPTransport.handleMessages(TCPTransport.java:562)
	at java.rmi/sun.rmi.transport.tcp.TCPTransport$ConnectionHandler.run0(TCPTransport.java:796)
	at java.rmi/sun.rmi.transport.tcp.TCPTransport$ConnectionHandler.lambda$run$0(TCPTransport.java:677)
	at java.base/java.security.AccessController.doPrivileged(Native Method)
	at java.rmi/sun.rmi.transport.tcp.TCPTransport$ConnectionHandler.run(TCPTransport.java:676)
	at java.base/java.util.concurrent.ThreadPoolExecutor.runWorker(ThreadPoolExecutor.java:1128)
	at java.base/java.util.concurrent.ThreadPoolExecutor$Worker.run(ThreadPoolExecutor.java:628)
	... 1 common frames omitted
Caused by: java.lang.ClassNotFoundException: expect to get instruction without BasicBlock already set
	at org.evosuite.instrumentation.InstrumentingClassLoader.instrumentClass(InstrumentingClassLoader.java:158)
	at org.evosuite.instrumentation.InstrumentingClassLoader.loadClass(InstrumentingClassLoader.java:126)
	at org.evosuite.utils.generic.GenericClassImpl.getClass(GenericClassImpl.java:139)
	at org.evosuite.utils.generic.GenericClassImpl.getClass(GenericClassImpl.java:105)
	at org.evosuite.utils.generic.GenericClassImpl.readObject(GenericClassImpl.java:1671)
	at jdk.internal.reflect.GeneratedMethodAccessor9.invoke(Unknown Source)
	at java.base/jdk.internal.reflect.DelegatingMethodAccessorImpl.invoke(DelegatingMethodAccessorImpl.java:43)
	at java.base/java.lang.reflect.Method.invoke(Method.java:566)
	at java.base/java.io.ObjectStreamClass.invokeReadObject(ObjectStreamClass.java:1046)
	at java.base/java.io.ObjectInputStream.readSerialData(ObjectInputStream.java:2357)
	at java.base/java.io.ObjectInputStream.readOrdinaryObject(ObjectInputStream.java:2228)
	at java.base/java.io.ObjectInputStream.readObject0(ObjectInputStream.java:1687)
	at java.base/java.io.ObjectInputStream.defaultReadFields(ObjectInputStream.java:2496)
	at java.base/java.io.ObjectInputStream.readSerialData(ObjectInputStream.java:2390)
	at java.base/java.io.ObjectInputStream.readOrdinaryObject(ObjectInputStream.java:2228)
	at java.base/java.io.ObjectInputStream.readObject0(ObjectInputStream.java:1687)
	at java.base/java.io.ObjectInputStream.defaultReadFields(ObjectInputStream.java:2496)
	at java.base/java.io.ObjectInputStream.readSerialData(ObjectInputStream.java:2390)
	at java.base/java.io.ObjectInputStream.readOrdinaryObject(ObjectInputStream.java:2228)
	at java.base/java.io.ObjectInputStream.readObject0(ObjectInputStream.java:1687)
	at java.base/java.io.ObjectInputStream.readObject(ObjectInputStream.java:489)
	at java.base/java.io.ObjectInputStream.readObject(ObjectInputStream.java:447)
	at java.base/java.util.ArrayList.readObject(ArrayList.java:929)
	at java.base/jdk.internal.reflect.GeneratedMethodAccessor7.invoke(Unknown Source)
	at java.base/jdk.internal.reflect.DelegatingMethodAccessorImpl.invoke(DelegatingMethodAccessorImpl.java:43)
	at java.base/java.lang.reflect.Method.invoke(Method.java:566)
	at java.base/java.io.ObjectStreamClass.invokeReadObject(ObjectStreamClass.java:1046)
	at java.base/java.io.ObjectInputStream.readSerialData(ObjectInputStream.java:2357)
	at java.base/java.io.ObjectInputStream.readOrdinaryObject(ObjectInputStream.java:2228)
	at java.base/java.io.ObjectInputStream.readObject0(ObjectInputStream.java:1687)
	at java.base/java.io.ObjectInputStream.defaultReadFields(ObjectInputStream.java:2496)
	at java.base/java.io.ObjectInputStream.readSerialData(ObjectInputStream.java:2390)
	at java.base/java.io.ObjectInputStream.readOrdinaryObject(ObjectInputStream.java:2228)
	at java.base/java.io.ObjectInputStream.readObject0(ObjectInputStream.java:1687)
	at java.base/java.io.ObjectInputStream.defaultReadFields(ObjectInputStream.java:2496)
	at java.base/java.io.ObjectInputStream.defaultReadObject(ObjectInputStream.java:625)
	at org.evosuite.testcase.DefaultTestCase.readObject(DefaultTestCase.java:1217)
	at jdk.internal.reflect.GeneratedMethodAccessor14.invoke(Unknown Source)
	at java.base/jdk.internal.reflect.DelegatingMethodAccessorImpl.invoke(DelegatingMethodAccessorImpl.java:43)
	at java.base/java.lang.reflect.Method.invoke(Method.java:566)
	at java.base/java.io.ObjectStreamClass.invokeReadObject(ObjectStreamClass.java:1046)
	at java.base/java.io.ObjectInputStream.readSerialData(ObjectInputStream.java:2357)
	at java.base/java.io.ObjectInputStream.readOrdinaryObject(ObjectInputStream.java:2228)
	at java.base/java.io.ObjectInputStream.readObject0(ObjectInputStream.java:1687)
	at java.base/java.io.ObjectInputStream.defaultReadFields(ObjectInputStream.java:2496)
	at java.base/java.io.ObjectInputStream.readSerialData(ObjectInputStream.java:2390)
	at java.base/java.io.ObjectInputStream.readOrdinaryObject(ObjectInputStream.java:2228)
	at java.base/java.io.ObjectInputStream.readObject0(ObjectInputStream.java:1687)
	at java.base/java.io.ObjectInputStream.readObject(ObjectInputStream.java:489)
	at java.base/java.io.ObjectInputStream.readObject(ObjectInputStream.java:447)
	at java.base/java.util.ArrayList.readObject(ArrayList.java:929)
	at java.base/jdk.internal.reflect.GeneratedMethodAccessor7.invoke(Unknown Source)
	at java.base/jdk.internal.reflect.DelegatingMethodAccessorImpl.invoke(DelegatingMethodAccessorImpl.java:43)
	at java.base/java.lang.reflect.Method.invoke(Method.java:566)
	at java.base/java.io.ObjectStreamClass.invokeReadObject(ObjectStreamClass.java:1046)
	at java.base/java.io.ObjectInputStream.readSerialData(ObjectInputStream.java:2357)
	at java.base/java.io.ObjectInputStream.readOrdinaryObject(ObjectInputStream.java:2228)
	at java.base/java.io.ObjectInputStream.readObject0(ObjectInputStream.java:1687)
	at java.base/java.io.ObjectInputStream.defaultReadFields(ObjectInputStream.java:2496)
	at java.base/java.io.ObjectInputStream.readSerialData(ObjectInputStream.java:2390)
	at java.base/java.io.ObjectInputStream.readOrdinaryObject(ObjectInputStream.java:2228)
	at java.base/java.io.ObjectInputStream.readObject0(ObjectInputStream.java:1687)
	at java.base/java.io.ObjectInputStream.readObject(ObjectInputStream.java:489)
	at java.base/java.io.ObjectInputStream.readObject(ObjectInputStream.java:447)
	at java.rmi/sun.rmi.server.UnicastRef.unmarshalValue(UnicastRef.java:327)
	at java.rmi/sun.rmi.server.UnicastServerRef.dispatch(UnicastServerRef.java:339)
	... 12 common frames omitted
Caused by: java.lang.IllegalArgumentException: expect to get instruction without BasicBlock already set
	at org.evosuite.graphs.cfg.BasicBlock.appendInstruction(BasicBlock.java:225)
	at org.evosuite.graphs.cfg.BasicBlock.setInstructions(BasicBlock.java:206)
	at org.evosuite.graphs.cfg.BasicBlock.<init>(BasicBlock.java:106)
	at org.evosuite.graphs.cfg.RawControlFlowGraph.determineBasicBlockFor(RawControlFlowGraph.java:314)
	at org.evosuite.graphs.cfg.ActualControlFlowGraph.computeNodes(ActualControlFlowGraph.java:295)
	at org.evosuite.graphs.cfg.ActualControlFlowGraph.computeGraph(ActualControlFlowGraph.java:262)
	at org.evosuite.graphs.cfg.ActualControlFlowGraph.<init>(ActualControlFlowGraph.java:97)
	at org.evosuite.graphs.cfg.CFGGenerator.computeActualCFG(CFGGenerator.java:218)
	at org.evosuite.graphs.cfg.CFGGenerator.registerCFGs(CFGGenerator.java:102)
	at org.evosuite.graphs.cfg.CFGMethodAdapter.visitEnd(CFGMethodAdapter.java:219)
	at org.evosuite.shaded.org.objectweb.asm.MethodVisitor.visitEnd(MethodVisitor.java:783)
	at org.evosuite.shaded.org.objectweb.asm.MethodVisitor.visitEnd(MethodVisitor.java:783)
	at org.evosuite.shaded.org.objectweb.asm.MethodVisitor.visitEnd(MethodVisitor.java:783)
	at org.evosuite.shaded.org.objectweb.asm.tree.MethodNode.accept(MethodNode.java:772)
	at org.evosuite.shaded.org.objectweb.asm.tree.MethodNode.accept(MethodNode.java:649)
	at org.evosuite.shaded.org.objectweb.asm.tree.ClassNode.accept(ClassNode.java:452)
	at org.evosuite.instrumentation.BytecodeInstrumentation.transformBytes(BytecodeInstrumentation.java:282)
	at org.evosuite.instrumentation.InstrumentingClassLoader.getTransformedBytes(InstrumentingClassLoader.java:135)
	at org.evosuite.instrumentation.InstrumentingClassLoader.instrumentClass(InstrumentingClassLoader.java:149)
	... 77 common frames omitted
[Progress:>                             2%] [Cov:========================>          71%][Progress:>                             3%] [Cov:========================>          71%][Progress:>                             3%] [Cov:========================>          71%][MASTER] 07:41:10.805 [logback-1] WARN  ClientNodeImpl - Cannot send statistics to master; continuing without statistics
java.rmi.ServerException: RemoteException occurred in server thread; nested exception is: 
	java.rmi.UnmarshalException: error unmarshalling arguments; nested exception is: 
	java.lang.ClassNotFoundException: expect to get instruction without BasicBlock already set
	at java.rmi/sun.rmi.server.UnicastServerRef.dispatch(UnicastServerRef.java:391)
	at java.rmi/sun.rmi.transport.Transport$1.run(Transport.java:200)
	at java.rmi/sun.rmi.transport.Transport$1.run(Transport.java:197)
	at java.base/java.security.AccessController.doPrivileged(Native Method)
	at java.rmi/sun.rmi.transport.Transport.serviceCall(Transport.java:196)
	at java.rmi/sun.rmi.transport.tcp.TCPTransport.handleMessages(TCPTransport.java:562)
	at java.rmi/sun.rmi.transport.tcp.TCPTransport$ConnectionHandler.run0(TCPTransport.java:796)
	at java.rmi/sun.rmi.transport.tcp.TCPTransport$ConnectionHandler.lambda$run$0(TCPTransport.java:677)
	at java.base/java.security.AccessController.doPrivileged(Native Method)
	at java.rmi/sun.rmi.transport.tcp.TCPTransport$ConnectionHandler.run(TCPTransport.java:676)
	at java.base/java.util.concurrent.ThreadPoolExecutor.runWorker(ThreadPoolExecutor.java:1128)
	at java.base/java.util.concurrent.ThreadPoolExecutor$Worker.run(ThreadPoolExecutor.java:628)
	at java.base/java.lang.Thread.run(Thread.java:829)
	at java.rmi/sun.rmi.transport.StreamRemoteCall.exceptionReceivedFromServer(StreamRemoteCall.java:303)
	at java.rmi/sun.rmi.transport.StreamRemoteCall.executeCall(StreamRemoteCall.java:279)
	at java.rmi/sun.rmi.server.UnicastRef.invoke(UnicastRef.java:164)
	at java.rmi/java.rmi.server.RemoteObjectInvocationHandler.invokeRemoteMethod(RemoteObjectInvocationHandler.java:217)
	at java.rmi/java.rmi.server.RemoteObjectInvocationHandler.invoke(RemoteObjectInvocationHandler.java:162)
	at com.sun.proxy.$Proxy7.evosuite_collectStatistics(Unknown Source)
	at org.evosuite.rmi.service.ClientNodeImpl.updateStatistics(ClientNodeImpl.java:251)
	at org.evosuite.statistics.StatisticsSender.sendIndividualToMaster(StatisticsSender.java:62)
	at org.evosuite.statistics.StatisticsListener.lambda$new$0(StatisticsListener.java:76)
	at java.base/java.lang.Thread.run(Thread.java:829)
Caused by: java.rmi.UnmarshalException: error unmarshalling arguments; nested exception is: 
	java.lang.ClassNotFoundException: expect to get instruction without BasicBlock already set
	at java.rmi/sun.rmi.server.UnicastServerRef.dispatch(UnicastServerRef.java:350)
	at java.rmi/sun.rmi.transport.Transport$1.run(Transport.java:200)
	at java.rmi/sun.rmi.transport.Transport$1.run(Transport.java:197)
	at java.base/java.security.AccessController.doPrivileged(Native Method)
	at java.rmi/sun.rmi.transport.Transport.serviceCall(Transport.java:196)
	at java.rmi/sun.rmi.transport.tcp.TCPTransport.handleMessages(TCPTransport.java:562)
	at java.rmi/sun.rmi.transport.tcp.TCPTransport$ConnectionHandler.run0(TCPTransport.java:796)
	at java.rmi/sun.rmi.transport.tcp.TCPTransport$ConnectionHandler.lambda$run$0(TCPTransport.java:677)
	at java.base/java.security.AccessController.doPrivileged(Native Method)
	at java.rmi/sun.rmi.transport.tcp.TCPTransport$ConnectionHandler.run(TCPTransport.java:676)
	at java.base/java.util.concurrent.ThreadPoolExecutor.runWorker(ThreadPoolExecutor.java:1128)
	at java.base/java.util.concurrent.ThreadPoolExecutor$Worker.run(ThreadPoolExecutor.java:628)
	... 1 common frames omitted
Caused by: java.lang.ClassNotFoundException: expect to get instruction without BasicBlock already set
	at org.evosuite.instrumentation.InstrumentingClassLoader.instrumentClass(InstrumentingClassLoader.java:158)
	at org.evosuite.instrumentation.InstrumentingClassLoader.loadClass(InstrumentingClassLoader.java:126)
	at org.evosuite.utils.generic.GenericClassImpl.getClass(GenericClassImpl.java:139)
	at org.evosuite.utils.generic.GenericClassImpl.getClass(GenericClassImpl.java:105)
	at org.evosuite.utils.generic.GenericClassImpl.readObject(GenericClassImpl.java:1671)
	at jdk.internal.reflect.GeneratedMethodAccessor9.invoke(Unknown Source)
	at java.base/jdk.internal.reflect.DelegatingMethodAccessorImpl.invoke(DelegatingMethodAccessorImpl.java:43)
	at java.base/java.lang.reflect.Method.invoke(Method.java:566)
	at java.base/java.io.ObjectStreamClass.invokeReadObject(ObjectStreamClass.java:1046)
	at java.base/java.io.ObjectInputStream.readSerialData(ObjectInputStream.java:2357)
	at java.base/java.io.ObjectInputStream.readOrdinaryObject(ObjectInputStream.java:2228)
	at java.base/java.io.ObjectInputStream.readObject0(ObjectInputStream.java:1687)
	at java.base/java.io.ObjectInputStream.defaultReadFields(ObjectInputStream.java:2496)
	at java.base/java.io.ObjectInputStream.readSerialData(ObjectInputStream.java:2390)
	at java.base/java.io.ObjectInputStream.readOrdinaryObject(ObjectInputStream.java:2228)
	at java.base/java.io.ObjectInputStream.readObject0(ObjectInputStream.java:1687)
	at java.base/java.io.ObjectInputStream.defaultReadFields(ObjectInputStream.java:2496)
	at java.base/java.io.ObjectInputStream.readSerialData(ObjectInputStream.java:2390)
	at java.base/java.io.ObjectInputStream.readOrdinaryObject(ObjectInputStream.java:2228)
	at java.base/java.io.ObjectInputStream.readObject0(ObjectInputStream.java:1687)
	at java.base/java.io.ObjectInputStream.readObject(ObjectInputStream.java:489)
	at java.base/java.io.ObjectInputStream.readObject(ObjectInputStream.java:447)
	at java.base/java.util.ArrayList.readObject(ArrayList.java:929)
	at java.base/jdk.internal.reflect.GeneratedMethodAccessor7.invoke(Unknown Source)
	at java.base/jdk.internal.reflect.DelegatingMethodAccessorImpl.invoke(DelegatingMethodAccessorImpl.java:43)
	at java.base/java.lang.reflect.Method.invoke(Method.java:566)
	at java.base/java.io.ObjectStreamClass.invokeReadObject(ObjectStreamClass.java:1046)
	at java.base/java.io.ObjectInputStream.readSerialData(ObjectInputStream.java:2357)
	at java.base/java.io.ObjectInputStream.readOrdinaryObject(ObjectInputStream.java:2228)
	at java.base/java.io.ObjectInputStream.readObject0(ObjectInputStream.java:1687)
	at java.base/java.io.ObjectInputStream.defaultReadFields(ObjectInputStream.java:2496)
	at java.base/java.io.ObjectInputStream.readSerialData(ObjectInputStream.java:2390)
	at java.base/java.io.ObjectInputStream.readOrdinaryObject(ObjectInputStream.java:2228)
	at java.base/java.io.ObjectInputStream.readObject0(ObjectInputStream.java:1687)
	at java.base/java.io.ObjectInputStream.defaultReadFields(ObjectInputStream.java:2496)
	at java.base/java.io.ObjectInputStream.defaultReadObject(ObjectInputStream.java:625)
	at org.evosuite.testcase.DefaultTestCase.readObject(DefaultTestCase.java:1217)
	at jdk.internal.reflect.GeneratedMethodAccessor14.invoke(Unknown Source)
	at java.base/jdk.internal.reflect.DelegatingMethodAccessorImpl.invoke(DelegatingMethodAccessorImpl.java:43)
	at java.base/java.lang.reflect.Method.invoke(Method.java:566)
	at java.base/java.io.ObjectStreamClass.invokeReadObject(ObjectStreamClass.java:1046)
	at java.base/java.io.ObjectInputStream.readSerialData(ObjectInputStream.java:2357)
	at java.base/java.io.ObjectInputStream.readOrdinaryObject(ObjectInputStream.java:2228)
	at java.base/java.io.ObjectInputStream.readObject0(ObjectInputStream.java:1687)
	at java.base/java.io.ObjectInputStream.defaultReadFields(ObjectInputStream.java:2496)
	at java.base/java.io.ObjectInputStream.readSerialData(ObjectInputStream.java:2390)
	at java.base/java.io.ObjectInputStream.readOrdinaryObject(ObjectInputStream.java:2228)
	at java.base/java.io.ObjectInputStream.readObject0(ObjectInputStream.java:1687)
	at java.base/java.io.ObjectInputStream.readObject(ObjectInputStream.java:489)
	at java.base/java.io.ObjectInputStream.readObject(ObjectInputStream.java:447)
	at java.base/java.util.ArrayList.readObject(ArrayList.java:929)
	at java.base/jdk.internal.reflect.GeneratedMethodAccessor7.invoke(Unknown Source)
	at java.base/jdk.internal.reflect.DelegatingMethodAccessorImpl.invoke(DelegatingMethodAccessorImpl.java:43)
	at java.base/java.lang.reflect.Method.invoke(Method.java:566)
	at java.base/java.io.ObjectStreamClass.invokeReadObject(ObjectStreamClass.java:1046)
	at java.base/java.io.ObjectInputStream.readSerialData(ObjectInputStream.java:2357)
	at java.base/java.io.ObjectInputStream.readOrdinaryObject(ObjectInputStream.java:2228)
	at java.base/java.io.ObjectInputStream.readObject0(ObjectInputStream.java:1687)
	at java.base/java.io.ObjectInputStream.defaultReadFields(ObjectInputStream.java:2496)
	at java.base/java.io.ObjectInputStream.readSerialData(ObjectInputStream.java:2390)
	at java.base/java.io.ObjectInputStream.readOrdinaryObject(ObjectInputStream.java:2228)
	at java.base/java.io.ObjectInputStream.readObject0(ObjectInputStream.java:1687)
	at java.base/java.io.ObjectInputStream.readObject(ObjectInputStream.java:489)
	at java.base/java.io.ObjectInputStream.readObject(ObjectInputStream.java:447)
	at java.rmi/sun.rmi.server.UnicastRef.unmarshalValue(UnicastRef.java:327)
	at java.rmi/sun.rmi.server.UnicastServerRef.dispatch(UnicastServerRef.java:339)
	... 12 common frames omitted
Caused by: java.lang.IllegalArgumentException: expect to get instruction without BasicBlock already set
	at org.evosuite.graphs.cfg.BasicBlock.appendInstruction(BasicBlock.java:225)
	at org.evosuite.graphs.cfg.BasicBlock.setInstructions(BasicBlock.java:206)
	at org.evosuite.graphs.cfg.BasicBlock.<init>(BasicBlock.java:106)
	at org.evosuite.graphs.cfg.RawControlFlowGraph.determineBasicBlockFor(RawControlFlowGraph.java:314)
	at org.evosuite.graphs.cfg.ActualControlFlowGraph.computeNodes(ActualControlFlowGraph.java:295)
	at org.evosuite.graphs.cfg.ActualControlFlowGraph.computeGraph(ActualControlFlowGraph.java:262)
	at org.evosuite.graphs.cfg.ActualControlFlowGraph.<init>(ActualControlFlowGraph.java:97)
	at org.evosuite.graphs.cfg.CFGGenerator.computeActualCFG(CFGGenerator.java:218)
	at org.evosuite.graphs.cfg.CFGGenerator.registerCFGs(CFGGenerator.java:102)
	at org.evosuite.graphs.cfg.CFGMethodAdapter.visitEnd(CFGMethodAdapter.java:219)
	at org.evosuite.shaded.org.objectweb.asm.MethodVisitor.visitEnd(MethodVisitor.java:783)
	at org.evosuite.shaded.org.objectweb.asm.MethodVisitor.visitEnd(MethodVisitor.java:783)
	at org.evosuite.shaded.org.objectweb.asm.MethodVisitor.visitEnd(MethodVisitor.java:783)
	at org.evosuite.shaded.org.objectweb.asm.tree.MethodNode.accept(MethodNode.java:772)
	at org.evosuite.shaded.org.objectweb.asm.tree.MethodNode.accept(MethodNode.java:649)
	at org.evosuite.shaded.org.objectweb.asm.tree.ClassNode.accept(ClassNode.java:452)
	at org.evosuite.instrumentation.BytecodeInstrumentation.transformBytes(BytecodeInstrumentation.java:282)
	at org.evosuite.instrumentation.InstrumentingClassLoader.getTransformedBytes(InstrumentingClassLoader.java:135)
	at org.evosuite.instrumentation.InstrumentingClassLoader.instrumentClass(InstrumentingClassLoader.java:149)
	... 77 common frames omitted
[Progress:>                             3%] [Cov:========================>          71%][Progress:>                             3%] [Cov:========================>          71%][MASTER] 07:41:11.473 [logback-1] WARN  ClientNodeImpl - Cannot send statistics to master; continuing without statistics
java.rmi.ServerException: RemoteException occurred in server thread; nested exception is: 
	java.rmi.UnmarshalException: error unmarshalling arguments; nested exception is: 
	java.lang.ClassNotFoundException: expect to get instruction without BasicBlock already set
	at java.rmi/sun.rmi.server.UnicastServerRef.dispatch(UnicastServerRef.java:391)
	at java.rmi/sun.rmi.transport.Transport$1.run(Transport.java:200)
	at java.rmi/sun.rmi.transport.Transport$1.run(Transport.java:197)
	at java.base/java.security.AccessController.doPrivileged(Native Method)
	at java.rmi/sun.rmi.transport.Transport.serviceCall(Transport.java:196)
	at java.rmi/sun.rmi.transport.tcp.TCPTransport.handleMessages(TCPTransport.java:562)
	at java.rmi/sun.rmi.transport.tcp.TCPTransport$ConnectionHandler.run0(TCPTransport.java:796)
	at java.rmi/sun.rmi.transport.tcp.TCPTransport$ConnectionHandler.lambda$run$0(TCPTransport.java:677)
	at java.base/java.security.AccessController.doPrivileged(Native Method)
	at java.rmi/sun.rmi.transport.tcp.TCPTransport$ConnectionHandler.run(TCPTransport.java:676)
	at java.base/java.util.concurrent.ThreadPoolExecutor.runWorker(ThreadPoolExecutor.java:1128)
	at java.base/java.util.concurrent.ThreadPoolExecutor$Worker.run(ThreadPoolExecutor.java:628)
	at java.base/java.lang.Thread.run(Thread.java:829)
	at java.rmi/sun.rmi.transport.StreamRemoteCall.exceptionReceivedFromServer(StreamRemoteCall.java:303)
	at java.rmi/sun.rmi.transport.StreamRemoteCall.executeCall(StreamRemoteCall.java:279)
	at java.rmi/sun.rmi.server.UnicastRef.invoke(UnicastRef.java:164)
	at java.rmi/java.rmi.server.RemoteObjectInvocationHandler.invokeRemoteMethod(RemoteObjectInvocationHandler.java:217)
	at java.rmi/java.rmi.server.RemoteObjectInvocationHandler.invoke(RemoteObjectInvocationHandler.java:162)
	at com.sun.proxy.$Proxy7.evosuite_collectStatistics(Unknown Source)
	at org.evosuite.rmi.service.ClientNodeImpl.updateStatistics(ClientNodeImpl.java:251)
	at org.evosuite.statistics.StatisticsSender.sendIndividualToMaster(StatisticsSender.java:62)
	at org.evosuite.statistics.StatisticsListener.lambda$new$0(StatisticsListener.java:76)
	at java.base/java.lang.Thread.run(Thread.java:829)
Caused by: java.rmi.UnmarshalException: error unmarshalling arguments; nested exception is: 
	java.lang.ClassNotFoundException: expect to get instruction without BasicBlock already set
	at java.rmi/sun.rmi.server.UnicastServerRef.dispatch(UnicastServerRef.java:350)
	at java.rmi/sun.rmi.transport.Transport$1.run(Transport.java:200)
	at java.rmi/sun.rmi.transport.Transport$1.run(Transport.java:197)
	at java.base/java.security.AccessController.doPrivileged(Native Method)
	at java.rmi/sun.rmi.transport.Transport.serviceCall(Transport.java:196)
	at java.rmi/sun.rmi.transport.tcp.TCPTransport.handleMessages(TCPTransport.java:562)
	at java.rmi/sun.rmi.transport.tcp.TCPTransport$ConnectionHandler.run0(TCPTransport.java:796)
	at java.rmi/sun.rmi.transport.tcp.TCPTransport$ConnectionHandler.lambda$run$0(TCPTransport.java:677)
	at java.base/java.security.AccessController.doPrivileged(Native Method)
	at java.rmi/sun.rmi.transport.tcp.TCPTransport$ConnectionHandler.run(TCPTransport.java:676)
	at java.base/java.util.concurrent.ThreadPoolExecutor.runWorker(ThreadPoolExecutor.java:1128)
	at java.base/java.util.concurrent.ThreadPoolExecutor$Worker.run(ThreadPoolExecutor.java:628)
	... 1 common frames omitted
Caused by: java.lang.ClassNotFoundException: expect to get instruction without BasicBlock already set
	at org.evosuite.instrumentation.InstrumentingClassLoader.instrumentClass(InstrumentingClassLoader.java:158)
	at org.evosuite.instrumentation.InstrumentingClassLoader.loadClass(InstrumentingClassLoader.java:126)
	at org.evosuite.utils.generic.GenericClassImpl.getClass(GenericClassImpl.java:139)
	at org.evosuite.utils.generic.GenericClassImpl.getClass(GenericClassImpl.java:105)
	at org.evosuite.utils.generic.GenericClassImpl.readObject(GenericClassImpl.java:1671)
	at jdk.internal.reflect.GeneratedMethodAccessor9.invoke(Unknown Source)
	at java.base/jdk.internal.reflect.DelegatingMethodAccessorImpl.invoke(DelegatingMethodAccessorImpl.java:43)
	at java.base/java.lang.reflect.Method.invoke(Method.java:566)
	at java.base/java.io.ObjectStreamClass.invokeReadObject(ObjectStreamClass.java:1046)
	at java.base/java.io.ObjectInputStream.readSerialData(ObjectInputStream.java:2357)
	at java.base/java.io.ObjectInputStream.readOrdinaryObject(ObjectInputStream.java:2228)
	at java.base/java.io.ObjectInputStream.readObject0(ObjectInputStream.java:1687)
	at java.base/java.io.ObjectInputStream.defaultReadFields(ObjectInputStream.java:2496)
	at java.base/java.io.ObjectInputStream.readSerialData(ObjectInputStream.java:2390)
	at java.base/java.io.ObjectInputStream.readOrdinaryObject(ObjectInputStream.java:2228)
	at java.base/java.io.ObjectInputStream.readObject0(ObjectInputStream.java:1687)
	at java.base/java.io.ObjectInputStream.defaultReadFields(ObjectInputStream.java:2496)
	at java.base/java.io.ObjectInputStream.readSerialData(ObjectInputStream.java:2390)
	at java.base/java.io.ObjectInputStream.readOrdinaryObject(ObjectInputStream.java:2228)
	at java.base/java.io.ObjectInputStream.readObject0(ObjectInputStream.java:1687)
	at java.base/java.io.ObjectInputStream.readObject(ObjectInputStream.java:489)
	at java.base/java.io.ObjectInputStream.readObject(ObjectInputStream.java:447)
	at java.base/java.util.ArrayList.readObject(ArrayList.java:929)
	at java.base/jdk.internal.reflect.GeneratedMethodAccessor7.invoke(Unknown Source)
	at java.base/jdk.internal.reflect.DelegatingMethodAccessorImpl.invoke(DelegatingMethodAccessorImpl.java:43)
	at java.base/java.lang.reflect.Method.invoke(Method.java:566)
	at java.base/java.io.ObjectStreamClass.invokeReadObject(ObjectStreamClass.java:1046)
	at java.base/java.io.ObjectInputStream.readSerialData(ObjectInputStream.java:2357)
	at java.base/java.io.ObjectInputStream.readOrdinaryObject(ObjectInputStream.java:2228)
	at java.base/java.io.ObjectInputStream.readObject0(ObjectInputStream.java:1687)
	at java.base/java.io.ObjectInputStream.defaultReadFields(ObjectInputStream.java:2496)
	at java.base/java.io.ObjectInputStream.readSerialData(ObjectInputStream.java:2390)
	at java.base/java.io.ObjectInputStream.readOrdinaryObject(ObjectInputStream.java:2228)
	at java.base/java.io.ObjectInputStream.readObject0(ObjectInputStream.java:1687)
	at java.base/java.io.ObjectInputStream.defaultReadFields(ObjectInputStream.java:2496)
	at java.base/java.io.ObjectInputStream.defaultReadObject(ObjectInputStream.java:625)
	at org.evosuite.testcase.DefaultTestCase.readObject(DefaultTestCase.java:1217)
	at jdk.internal.reflect.GeneratedMethodAccessor14.invoke(Unknown Source)
	at java.base/jdk.internal.reflect.DelegatingMethodAccessorImpl.invoke(DelegatingMethodAccessorImpl.java:43)
	at java.base/java.lang.reflect.Method.invoke(Method.java:566)
	at java.base/java.io.ObjectStreamClass.invokeReadObject(ObjectStreamClass.java:1046)
	at java.base/java.io.ObjectInputStream.readSerialData(ObjectInputStream.java:2357)
	at java.base/java.io.ObjectInputStream.readOrdinaryObject(ObjectInputStream.java:2228)
	at java.base/java.io.ObjectInputStream.readObject0(ObjectInputStream.java:1687)
	at java.base/java.io.ObjectInputStream.defaultReadFields(ObjectInputStream.java:2496)
	at java.base/java.io.ObjectInputStream.readSerialData(ObjectInputStream.java:2390)
	at java.base/java.io.ObjectInputStream.readOrdinaryObject(ObjectInputStream.java:2228)
	at java.base/java.io.ObjectInputStream.readObject0(ObjectInputStream.java:1687)
	at java.base/java.io.ObjectInputStream.readObject(ObjectInputStream.java:489)
	at java.base/java.io.ObjectInputStream.readObject(ObjectInputStream.java:447)
	at java.base/java.util.ArrayList.readObject(ArrayList.java:929)
	at java.base/jdk.internal.reflect.GeneratedMethodAccessor7.invoke(Unknown Source)
	at java.base/jdk.internal.reflect.DelegatingMethodAccessorImpl.invoke(DelegatingMethodAccessorImpl.java:43)
	at java.base/java.lang.reflect.Method.invoke(Method.java:566)
	at java.base/java.io.ObjectStreamClass.invokeReadObject(ObjectStreamClass.java:1046)
	at java.base/java.io.ObjectInputStream.readSerialData(ObjectInputStream.java:2357)
	at java.base/java.io.ObjectInputStream.readOrdinaryObject(ObjectInputStream.java:2228)
	at java.base/java.io.ObjectInputStream.readObject0(ObjectInputStream.java:1687)
	at java.base/java.io.ObjectInputStream.defaultReadFields(ObjectInputStream.java:2496)
	at java.base/java.io.ObjectInputStream.readSerialData(ObjectInputStream.java:2390)
	at java.base/java.io.ObjectInputStream.readOrdinaryObject(ObjectInputStream.java:2228)
	at java.base/java.io.ObjectInputStream.readObject0(ObjectInputStream.java:1687)
	at java.base/java.io.ObjectInputStream.readObject(ObjectInputStream.java:489)
	at java.base/java.io.ObjectInputStream.readObject(ObjectInputStream.java:447)
	at java.rmi/sun.rmi.server.UnicastRef.unmarshalValue(UnicastRef.java:327)
	at java.rmi/sun.rmi.server.UnicastServerRef.dispatch(UnicastServerRef.java:339)
	... 12 common frames omitted
Caused by: java.lang.IllegalArgumentException: expect to get instruction without BasicBlock already set
	at org.evosuite.graphs.cfg.BasicBlock.appendInstruction(BasicBlock.java:225)
	at org.evosuite.graphs.cfg.BasicBlock.setInstructions(BasicBlock.java:206)
	at org.evosuite.graphs.cfg.BasicBlock.<init>(BasicBlock.java:106)
	at org.evosuite.graphs.cfg.RawControlFlowGraph.determineBasicBlockFor(RawControlFlowGraph.java:314)
	at org.evosuite.graphs.cfg.ActualControlFlowGraph.computeNodes(ActualControlFlowGraph.java:295)
	at org.evosuite.graphs.cfg.ActualControlFlowGraph.computeGraph(ActualControlFlowGraph.java:262)
	at org.evosuite.graphs.cfg.ActualControlFlowGraph.<init>(ActualControlFlowGraph.java:97)
	at org.evosuite.graphs.cfg.CFGGenerator.computeActualCFG(CFGGenerator.java:218)
	at org.evosuite.graphs.cfg.CFGGenerator.registerCFGs(CFGGenerator.java:102)
	at org.evosuite.graphs.cfg.CFGMethodAdapter.visitEnd(CFGMethodAdapter.java:219)
	at org.evosuite.shaded.org.objectweb.asm.MethodVisitor.visitEnd(MethodVisitor.java:783)
	at org.evosuite.shaded.org.objectweb.asm.MethodVisitor.visitEnd(MethodVisitor.java:783)
	at org.evosuite.shaded.org.objectweb.asm.MethodVisitor.visitEnd(MethodVisitor.java:783)
	at org.evosuite.shaded.org.objectweb.asm.tree.MethodNode.accept(MethodNode.java:772)
	at org.evosuite.shaded.org.objectweb.asm.tree.MethodNode.accept(MethodNode.java:649)
	at org.evosuite.shaded.org.objectweb.asm.tree.ClassNode.accept(ClassNode.java:452)
	at org.evosuite.instrumentation.BytecodeInstrumentation.transformBytes(BytecodeInstrumentation.java:282)
	at org.evosuite.instrumentation.InstrumentingClassLoader.getTransformedBytes(InstrumentingClassLoader.java:135)
	at org.evosuite.instrumentation.InstrumentingClassLoader.instrumentClass(InstrumentingClassLoader.java:149)
	... 77 common frames omitted
[Progress:=>                            4%] [Cov:========================>          71%][Progress:=>                            4%] [Cov:========================>          71%][Progress:=>                            4%] [Cov:========================>          71%][MASTER] 07:41:12.168 [logback-1] WARN  ClientNodeImpl - Cannot send statistics to master; continuing without statistics
java.rmi.ServerException: RemoteException occurred in server thread; nested exception is: 
	java.rmi.UnmarshalException: error unmarshalling arguments; nested exception is: 
	java.lang.ClassNotFoundException: expect to get instruction without BasicBlock already set
	at java.rmi/sun.rmi.server.UnicastServerRef.dispatch(UnicastServerRef.java:391)
	at java.rmi/sun.rmi.transport.Transport$1.run(Transport.java:200)
	at java.rmi/sun.rmi.transport.Transport$1.run(Transport.java:197)
	at java.base/java.security.AccessController.doPrivileged(Native Method)
	at java.rmi/sun.rmi.transport.Transport.serviceCall(Transport.java:196)
	at java.rmi/sun.rmi.transport.tcp.TCPTransport.handleMessages(TCPTransport.java:562)
	at java.rmi/sun.rmi.transport.tcp.TCPTransport$ConnectionHandler.run0(TCPTransport.java:796)
	at java.rmi/sun.rmi.transport.tcp.TCPTransport$ConnectionHandler.lambda$run$0(TCPTransport.java:677)
	at java.base/java.security.AccessController.doPrivileged(Native Method)
	at java.rmi/sun.rmi.transport.tcp.TCPTransport$ConnectionHandler.run(TCPTransport.java:676)
	at java.base/java.util.concurrent.ThreadPoolExecutor.runWorker(ThreadPoolExecutor.java:1128)
	at java.base/java.util.concurrent.ThreadPoolExecutor$Worker.run(ThreadPoolExecutor.java:628)
	at java.base/java.lang.Thread.run(Thread.java:829)
	at java.rmi/sun.rmi.transport.StreamRemoteCall.exceptionReceivedFromServer(StreamRemoteCall.java:303)
	at java.rmi/sun.rmi.transport.StreamRemoteCall.executeCall(StreamRemoteCall.java:279)
	at java.rmi/sun.rmi.server.UnicastRef.invoke(UnicastRef.java:164)
	at java.rmi/java.rmi.server.RemoteObjectInvocationHandler.invokeRemoteMethod(RemoteObjectInvocationHandler.java:217)
	at java.rmi/java.rmi.server.RemoteObjectInvocationHandler.invoke(RemoteObjectInvocationHandler.java:162)
	at com.sun.proxy.$Proxy7.evosuite_collectStatistics(Unknown Source)
	at org.evosuite.rmi.service.ClientNodeImpl.updateStatistics(ClientNodeImpl.java:251)
	at org.evosuite.statistics.StatisticsSender.sendIndividualToMaster(StatisticsSender.java:62)
	at org.evosuite.statistics.StatisticsListener.lambda$new$0(StatisticsListener.java:76)
	at java.base/java.lang.Thread.run(Thread.java:829)
Caused by: java.rmi.UnmarshalException: error unmarshalling arguments; nested exception is: 
	java.lang.ClassNotFoundException: expect to get instruction without BasicBlock already set
	at java.rmi/sun.rmi.server.UnicastServerRef.dispatch(UnicastServerRef.java:350)
	at java.rmi/sun.rmi.transport.Transport$1.run(Transport.java:200)
	at java.rmi/sun.rmi.transport.Transport$1.run(Transport.java:197)
	at java.base/java.security.AccessController.doPrivileged(Native Method)
	at java.rmi/sun.rmi.transport.Transport.serviceCall(Transport.java:196)
	at java.rmi/sun.rmi.transport.tcp.TCPTransport.handleMessages(TCPTransport.java:562)
	at java.rmi/sun.rmi.transport.tcp.TCPTransport$ConnectionHandler.run0(TCPTransport.java:796)
	at java.rmi/sun.rmi.transport.tcp.TCPTransport$ConnectionHandler.lambda$run$0(TCPTransport.java:677)
	at java.base/java.security.AccessController.doPrivileged(Native Method)
	at java.rmi/sun.rmi.transport.tcp.TCPTransport$ConnectionHandler.run(TCPTransport.java:676)
	at java.base/java.util.concurrent.ThreadPoolExecutor.runWorker(ThreadPoolExecutor.java:1128)
	at java.base/java.util.concurrent.ThreadPoolExecutor$Worker.run(ThreadPoolExecutor.java:628)
	... 1 common frames omitted
Caused by: java.lang.ClassNotFoundException: expect to get instruction without BasicBlock already set
	at org.evosuite.instrumentation.InstrumentingClassLoader.instrumentClass(InstrumentingClassLoader.java:158)
	at org.evosuite.instrumentation.InstrumentingClassLoader.loadClass(InstrumentingClassLoader.java:126)
	at org.evosuite.utils.generic.GenericClassImpl.getClass(GenericClassImpl.java:139)
	at org.evosuite.utils.generic.GenericClassImpl.getClass(GenericClassImpl.java:105)
	at org.evosuite.utils.generic.GenericClassImpl.readObject(GenericClassImpl.java:1671)
	at jdk.internal.reflect.GeneratedMethodAccessor9.invoke(Unknown Source)
	at java.base/jdk.internal.reflect.DelegatingMethodAccessorImpl.invoke(DelegatingMethodAccessorImpl.java:43)
	at java.base/java.lang.reflect.Method.invoke(Method.java:566)
	at java.base/java.io.ObjectStreamClass.invokeReadObject(ObjectStreamClass.java:1046)
	at java.base/java.io.ObjectInputStream.readSerialData(ObjectInputStream.java:2357)
	at java.base/java.io.ObjectInputStream.readOrdinaryObject(ObjectInputStream.java:2228)
	at java.base/java.io.ObjectInputStream.readObject0(ObjectInputStream.java:1687)
	at java.base/java.io.ObjectInputStream.defaultReadFields(ObjectInputStream.java:2496)
	at java.base/java.io.ObjectInputStream.readSerialData(ObjectInputStream.java:2390)
	at java.base/java.io.ObjectInputStream.readOrdinaryObject(ObjectInputStream.java:2228)
	at java.base/java.io.ObjectInputStream.readObject0(ObjectInputStream.java:1687)
	at java.base/java.io.ObjectInputStream.defaultReadFields(ObjectInputStream.java:2496)
	at java.base/java.io.ObjectInputStream.readSerialData(ObjectInputStream.java:2390)
	at java.base/java.io.ObjectInputStream.readOrdinaryObject(ObjectInputStream.java:2228)
	at java.base/java.io.ObjectInputStream.readObject0(ObjectInputStream.java:1687)
	at java.base/java.io.ObjectInputStream.readObject(ObjectInputStream.java:489)
	at java.base/java.io.ObjectInputStream.readObject(ObjectInputStream.java:447)
	at java.base/java.util.ArrayList.readObject(ArrayList.java:929)
	at java.base/jdk.internal.reflect.GeneratedMethodAccessor7.invoke(Unknown Source)
	at java.base/jdk.internal.reflect.DelegatingMethodAccessorImpl.invoke(DelegatingMethodAccessorImpl.java:43)
	at java.base/java.lang.reflect.Method.invoke(Method.java:566)
	at java.base/java.io.ObjectStreamClass.invokeReadObject(ObjectStreamClass.java:1046)
	at java.base/java.io.ObjectInputStream.readSerialData(ObjectInputStream.java:2357)
	at java.base/java.io.ObjectInputStream.readOrdinaryObject(ObjectInputStream.java:2228)
	at java.base/java.io.ObjectInputStream.readObject0(ObjectInputStream.java:1687)
	at java.base/java.io.ObjectInputStream.defaultReadFields(ObjectInputStream.java:2496)
	at java.base/java.io.ObjectInputStream.readSerialData(ObjectInputStream.java:2390)
	at java.base/java.io.ObjectInputStream.readOrdinaryObject(ObjectInputStream.java:2228)
	at java.base/java.io.ObjectInputStream.readObject0(ObjectInputStream.java:1687)
	at java.base/java.io.ObjectInputStream.defaultReadFields(ObjectInputStream.java:2496)
	at java.base/java.io.ObjectInputStream.defaultReadObject(ObjectInputStream.java:625)
	at org.evosuite.testcase.DefaultTestCase.readObject(DefaultTestCase.java:1217)
	at jdk.internal.reflect.GeneratedMethodAccessor14.invoke(Unknown Source)
	at java.base/jdk.internal.reflect.DelegatingMethodAccessorImpl.invoke(DelegatingMethodAccessorImpl.java:43)
	at java.base/java.lang.reflect.Method.invoke(Method.java:566)
	at java.base/java.io.ObjectStreamClass.invokeReadObject(ObjectStreamClass.java:1046)
	at java.base/java.io.ObjectInputStream.readSerialData(ObjectInputStream.java:2357)
	at java.base/java.io.ObjectInputStream.readOrdinaryObject(ObjectInputStream.java:2228)
	at java.base/java.io.ObjectInputStream.readObject0(ObjectInputStream.java:1687)
	at java.base/java.io.ObjectInputStream.defaultReadFields(ObjectInputStream.java:2496)
	at java.base/java.io.ObjectInputStream.readSerialData(ObjectInputStream.java:2390)
	at java.base/java.io.ObjectInputStream.readOrdinaryObject(ObjectInputStream.java:2228)
	at java.base/java.io.ObjectInputStream.readObject0(ObjectInputStream.java:1687)
	at java.base/java.io.ObjectInputStream.readObject(ObjectInputStream.java:489)
	at java.base/java.io.ObjectInputStream.readObject(ObjectInputStream.java:447)
	at java.base/java.util.ArrayList.readObject(ArrayList.java:929)
	at java.base/jdk.internal.reflect.GeneratedMethodAccessor7.invoke(Unknown Source)
	at java.base/jdk.internal.reflect.DelegatingMethodAccessorImpl.invoke(DelegatingMethodAccessorImpl.java:43)
	at java.base/java.lang.reflect.Method.invoke(Method.java:566)
	at java.base/java.io.ObjectStreamClass.invokeReadObject(ObjectStreamClass.java:1046)
	at java.base/java.io.ObjectInputStream.readSerialData(ObjectInputStream.java:2357)
	at java.base/java.io.ObjectInputStream.readOrdinaryObject(ObjectInputStream.java:2228)
	at java.base/java.io.ObjectInputStream.readObject0(ObjectInputStream.java:1687)
	at java.base/java.io.ObjectInputStream.defaultReadFields(ObjectInputStream.java:2496)
	at java.base/java.io.ObjectInputStream.readSerialData(ObjectInputStream.java:2390)
	at java.base/java.io.ObjectInputStream.readOrdinaryObject(ObjectInputStream.java:2228)
	at java.base/java.io.ObjectInputStream.readObject0(ObjectInputStream.java:1687)
	at java.base/java.io.ObjectInputStream.readObject(ObjectInputStream.java:489)
	at java.base/java.io.ObjectInputStream.readObject(ObjectInputStream.java:447)
	at java.rmi/sun.rmi.server.UnicastRef.unmarshalValue(UnicastRef.java:327)
	at java.rmi/sun.rmi.server.UnicastServerRef.dispatch(UnicastServerRef.java:339)
	... 12 common frames omitted
Caused by: java.lang.IllegalArgumentException: expect to get instruction without BasicBlock already set
	at org.evosuite.graphs.cfg.BasicBlock.appendInstruction(BasicBlock.java:225)
	at org.evosuite.graphs.cfg.BasicBlock.setInstructions(BasicBlock.java:206)
	at org.evosuite.graphs.cfg.BasicBlock.<init>(BasicBlock.java:106)
	at org.evosuite.graphs.cfg.RawControlFlowGraph.determineBasicBlockFor(RawControlFlowGraph.java:314)
	at org.evosuite.graphs.cfg.ActualControlFlowGraph.computeNodes(ActualControlFlowGraph.java:295)
	at org.evosuite.graphs.cfg.ActualControlFlowGraph.computeGraph(ActualControlFlowGraph.java:262)
	at org.evosuite.graphs.cfg.ActualControlFlowGraph.<init>(ActualControlFlowGraph.java:97)
	at org.evosuite.graphs.cfg.CFGGenerator.computeActualCFG(CFGGenerator.java:218)
	at org.evosuite.graphs.cfg.CFGGenerator.registerCFGs(CFGGenerator.java:102)
	at org.evosuite.graphs.cfg.CFGMethodAdapter.visitEnd(CFGMethodAdapter.java:219)
	at org.evosuite.shaded.org.objectweb.asm.MethodVisitor.visitEnd(MethodVisitor.java:783)
	at org.evosuite.shaded.org.objectweb.asm.MethodVisitor.visitEnd(MethodVisitor.java:783)
	at org.evosuite.shaded.org.objectweb.asm.MethodVisitor.visitEnd(MethodVisitor.java:783)
	at org.evosuite.shaded.org.objectweb.asm.tree.MethodNode.accept(MethodNode.java:772)
	at org.evosuite.shaded.org.objectweb.asm.tree.MethodNode.accept(MethodNode.java:649)
	at org.evosuite.shaded.org.objectweb.asm.tree.ClassNode.accept(ClassNode.java:452)
	at org.evosuite.instrumentation.BytecodeInstrumentation.transformBytes(BytecodeInstrumentation.java:282)
	at org.evosuite.instrumentation.InstrumentingClassLoader.getTransformedBytes(InstrumentingClassLoader.java:135)
	at org.evosuite.instrumentation.InstrumentingClassLoader.instrumentClass(InstrumentingClassLoader.java:149)
	... 77 common frames omitted
[Progress:=>                            4%] [Cov:========================>          71%][Progress:=>                            5%] [Cov:========================>          71%][Progress:=>                            5%] [Cov:========================>          71%][MASTER] 07:41:12.970 [logback-1] WARN  ClientNodeImpl - Cannot send statistics to master; continuing without statistics
java.rmi.ServerException: RemoteException occurred in server thread; nested exception is: 
	java.rmi.UnmarshalException: error unmarshalling arguments; nested exception is: 
	java.lang.ClassNotFoundException: expect to get instruction without BasicBlock already set
	at java.rmi/sun.rmi.server.UnicastServerRef.dispatch(UnicastServerRef.java:391)
	at java.rmi/sun.rmi.transport.Transport$1.run(Transport.java:200)
	at java.rmi/sun.rmi.transport.Transport$1.run(Transport.java:197)
	at java.base/java.security.AccessController.doPrivileged(Native Method)
	at java.rmi/sun.rmi.transport.Transport.serviceCall(Transport.java:196)
	at java.rmi/sun.rmi.transport.tcp.TCPTransport.handleMessages(TCPTransport.java:562)
	at java.rmi/sun.rmi.transport.tcp.TCPTransport$ConnectionHandler.run0(TCPTransport.java:796)
	at java.rmi/sun.rmi.transport.tcp.TCPTransport$ConnectionHandler.lambda$run$0(TCPTransport.java:677)
	at java.base/java.security.AccessController.doPrivileged(Native Method)
	at java.rmi/sun.rmi.transport.tcp.TCPTransport$ConnectionHandler.run(TCPTransport.java:676)
	at java.base/java.util.concurrent.ThreadPoolExecutor.runWorker(ThreadPoolExecutor.java:1128)
	at java.base/java.util.concurrent.ThreadPoolExecutor$Worker.run(ThreadPoolExecutor.java:628)
	at java.base/java.lang.Thread.run(Thread.java:829)
	at java.rmi/sun.rmi.transport.StreamRemoteCall.exceptionReceivedFromServer(StreamRemoteCall.java:303)
	at java.rmi/sun.rmi.transport.StreamRemoteCall.executeCall(StreamRemoteCall.java:279)
	at java.rmi/sun.rmi.server.UnicastRef.invoke(UnicastRef.java:164)
	at java.rmi/java.rmi.server.RemoteObjectInvocationHandler.invokeRemoteMethod(RemoteObjectInvocationHandler.java:217)
	at java.rmi/java.rmi.server.RemoteObjectInvocationHandler.invoke(RemoteObjectInvocationHandler.java:162)
	at com.sun.proxy.$Proxy7.evosuite_collectStatistics(Unknown Source)
	at org.evosuite.rmi.service.ClientNodeImpl.updateStatistics(ClientNodeImpl.java:251)
	at org.evosuite.statistics.StatisticsSender.sendIndividualToMaster(StatisticsSender.java:62)
	at org.evosuite.statistics.StatisticsListener.lambda$new$0(StatisticsListener.java:76)
	at java.base/java.lang.Thread.run(Thread.java:829)
Caused by: java.rmi.UnmarshalException: error unmarshalling arguments; nested exception is: 
	java.lang.ClassNotFoundException: expect to get instruction without BasicBlock already set
	at java.rmi/sun.rmi.server.UnicastServerRef.dispatch(UnicastServerRef.java:350)
	at java.rmi/sun.rmi.transport.Transport$1.run(Transport.java:200)
	at java.rmi/sun.rmi.transport.Transport$1.run(Transport.java:197)
	at java.base/java.security.AccessController.doPrivileged(Native Method)
	at java.rmi/sun.rmi.transport.Transport.serviceCall(Transport.java:196)
	at java.rmi/sun.rmi.transport.tcp.TCPTransport.handleMessages(TCPTransport.java:562)
	at java.rmi/sun.rmi.transport.tcp.TCPTransport$ConnectionHandler.run0(TCPTransport.java:796)
	at java.rmi/sun.rmi.transport.tcp.TCPTransport$ConnectionHandler.lambda$run$0(TCPTransport.java:677)
	at java.base/java.security.AccessController.doPrivileged(Native Method)
	at java.rmi/sun.rmi.transport.tcp.TCPTransport$ConnectionHandler.run(TCPTransport.java:676)
	at java.base/java.util.concurrent.ThreadPoolExecutor.runWorker(ThreadPoolExecutor.java:1128)
	at java.base/java.util.concurrent.ThreadPoolExecutor$Worker.run(ThreadPoolExecutor.java:628)
	... 1 common frames omitted
Caused by: java.lang.ClassNotFoundException: expect to get instruction without BasicBlock already set
	at org.evosuite.instrumentation.InstrumentingClassLoader.instrumentClass(InstrumentingClassLoader.java:158)
	at org.evosuite.instrumentation.InstrumentingClassLoader.loadClass(InstrumentingClassLoader.java:126)
	at org.evosuite.utils.generic.GenericClassImpl.getClass(GenericClassImpl.java:139)
	at org.evosuite.utils.generic.GenericClassImpl.getClass(GenericClassImpl.java:105)
	at org.evosuite.utils.generic.GenericClassImpl.readObject(GenericClassImpl.java:1671)
	at jdk.internal.reflect.GeneratedMethodAccessor9.invoke(Unknown Source)
	at java.base/jdk.internal.reflect.DelegatingMethodAccessorImpl.invoke(DelegatingMethodAccessorImpl.java:43)
	at java.base/java.lang.reflect.Method.invoke(Method.java:566)
	at java.base/java.io.ObjectStreamClass.invokeReadObject(ObjectStreamClass.java:1046)
	at java.base/java.io.ObjectInputStream.readSerialData(ObjectInputStream.java:2357)
	at java.base/java.io.ObjectInputStream.readOrdinaryObject(ObjectInputStream.java:2228)
	at java.base/java.io.ObjectInputStream.readObject0(ObjectInputStream.java:1687)
	at java.base/java.io.ObjectInputStream.defaultReadFields(ObjectInputStream.java:2496)
	at java.base/java.io.ObjectInputStream.readSerialData(ObjectInputStream.java:2390)
	at java.base/java.io.ObjectInputStream.readOrdinaryObject(ObjectInputStream.java:2228)
	at java.base/java.io.ObjectInputStream.readObject0(ObjectInputStream.java:1687)
	at java.base/java.io.ObjectInputStream.defaultReadFields(ObjectInputStream.java:2496)
	at java.base/java.io.ObjectInputStream.readSerialData(ObjectInputStream.java:2390)
	at java.base/java.io.ObjectInputStream.readOrdinaryObject(ObjectInputStream.java:2228)
	at java.base/java.io.ObjectInputStream.readObject0(ObjectInputStream.java:1687)
	at java.base/java.io.ObjectInputStream.readObject(ObjectInputStream.java:489)
	at java.base/java.io.ObjectInputStream.readObject(ObjectInputStream.java:447)
	at java.base/java.util.ArrayList.readObject(ArrayList.java:929)
	at java.base/jdk.internal.reflect.GeneratedMethodAccessor7.invoke(Unknown Source)
	at java.base/jdk.internal.reflect.DelegatingMethodAccessorImpl.invoke(DelegatingMethodAccessorImpl.java:43)
	at java.base/java.lang.reflect.Method.invoke(Method.java:566)
	at java.base/java.io.ObjectStreamClass.invokeReadObject(ObjectStreamClass.java:1046)
	at java.base/java.io.ObjectInputStream.readSerialData(ObjectInputStream.java:2357)
	at java.base/java.io.ObjectInputStream.readOrdinaryObject(ObjectInputStream.java:2228)
	at java.base/java.io.ObjectInputStream.readObject0(ObjectInputStream.java:1687)
	at java.base/java.io.ObjectInputStream.defaultReadFields(ObjectInputStream.java:2496)
	at java.base/java.io.ObjectInputStream.readSerialData(ObjectInputStream.java:2390)
	at java.base/java.io.ObjectInputStream.readOrdinaryObject(ObjectInputStream.java:2228)
	at java.base/java.io.ObjectInputStream.readObject0(ObjectInputStream.java:1687)
	at java.base/java.io.ObjectInputStream.defaultReadFields(ObjectInputStream.java:2496)
	at java.base/java.io.ObjectInputStream.defaultReadObject(ObjectInputStream.java:625)
	at org.evosuite.testcase.DefaultTestCase.readObject(DefaultTestCase.java:1217)
	at jdk.internal.reflect.GeneratedMethodAccessor14.invoke(Unknown Source)
	at java.base/jdk.internal.reflect.DelegatingMethodAccessorImpl.invoke(DelegatingMethodAccessorImpl.java:43)
	at java.base/java.lang.reflect.Method.invoke(Method.java:566)
	at java.base/java.io.ObjectStreamClass.invokeReadObject(ObjectStreamClass.java:1046)
	at java.base/java.io.ObjectInputStream.readSerialData(ObjectInputStream.java:2357)
	at java.base/java.io.ObjectInputStream.readOrdinaryObject(ObjectInputStream.java:2228)
	at java.base/java.io.ObjectInputStream.readObject0(ObjectInputStream.java:1687)
	at java.base/java.io.ObjectInputStream.defaultReadFields(ObjectInputStream.java:2496)
	at java.base/java.io.ObjectInputStream.readSerialData(ObjectInputStream.java:2390)
	at java.base/java.io.ObjectInputStream.readOrdinaryObject(ObjectInputStream.java:2228)
	at java.base/java.io.ObjectInputStream.readObject0(ObjectInputStream.java:1687)
	at java.base/java.io.ObjectInputStream.readObject(ObjectInputStream.java:489)
	at java.base/java.io.ObjectInputStream.readObject(ObjectInputStream.java:447)
	at java.base/java.util.ArrayList.readObject(ArrayList.java:929)
	at java.base/jdk.internal.reflect.GeneratedMethodAccessor7.invoke(Unknown Source)
	at java.base/jdk.internal.reflect.DelegatingMethodAccessorImpl.invoke(DelegatingMethodAccessorImpl.java:43)
	at java.base/java.lang.reflect.Method.invoke(Method.java:566)
	at java.base/java.io.ObjectStreamClass.invokeReadObject(ObjectStreamClass.java:1046)
	at java.base/java.io.ObjectInputStream.readSerialData(ObjectInputStream.java:2357)
	at java.base/java.io.ObjectInputStream.readOrdinaryObject(ObjectInputStream.java:2228)
	at java.base/java.io.ObjectInputStream.readObject0(ObjectInputStream.java:1687)
	at java.base/java.io.ObjectInputStream.defaultReadFields(ObjectInputStream.java:2496)
	at java.base/java.io.ObjectInputStream.readSerialData(ObjectInputStream.java:2390)
	at java.base/java.io.ObjectInputStream.readOrdinaryObject(ObjectInputStream.java:2228)
	at java.base/java.io.ObjectInputStream.readObject0(ObjectInputStream.java:1687)
	at java.base/java.io.ObjectInputStream.readObject(ObjectInputStream.java:489)
	at java.base/java.io.ObjectInputStream.readObject(ObjectInputStream.java:447)
	at java.rmi/sun.rmi.server.UnicastRef.unmarshalValue(UnicastRef.java:327)
	at java.rmi/sun.rmi.server.UnicastServerRef.dispatch(UnicastServerRef.java:339)
	... 12 common frames omitted
Caused by: java.lang.IllegalArgumentException: expect to get instruction without BasicBlock already set
	at org.evosuite.graphs.cfg.BasicBlock.appendInstruction(BasicBlock.java:225)
	at org.evosuite.graphs.cfg.BasicBlock.setInstructions(BasicBlock.java:206)
	at org.evosuite.graphs.cfg.BasicBlock.<init>(BasicBlock.java:106)
	at org.evosuite.graphs.cfg.RawControlFlowGraph.determineBasicBlockFor(RawControlFlowGraph.java:314)
	at org.evosuite.graphs.cfg.ActualControlFlowGraph.computeNodes(ActualControlFlowGraph.java:295)
	at org.evosuite.graphs.cfg.ActualControlFlowGraph.computeGraph(ActualControlFlowGraph.java:262)
	at org.evosuite.graphs.cfg.ActualControlFlowGraph.<init>(ActualControlFlowGraph.java:97)
	at org.evosuite.graphs.cfg.CFGGenerator.computeActualCFG(CFGGenerator.java:218)
	at org.evosuite.graphs.cfg.CFGGenerator.registerCFGs(CFGGenerator.java:102)
	at org.evosuite.graphs.cfg.CFGMethodAdapter.visitEnd(CFGMethodAdapter.java:219)
	at org.evosuite.shaded.org.objectweb.asm.MethodVisitor.visitEnd(MethodVisitor.java:783)
	at org.evosuite.shaded.org.objectweb.asm.MethodVisitor.visitEnd(MethodVisitor.java:783)
	at org.evosuite.shaded.org.objectweb.asm.MethodVisitor.visitEnd(MethodVisitor.java:783)
	at org.evosuite.shaded.org.objectweb.asm.tree.MethodNode.accept(MethodNode.java:772)
	at org.evosuite.shaded.org.objectweb.asm.tree.MethodNode.accept(MethodNode.java:649)
	at org.evosuite.shaded.org.objectweb.asm.tree.ClassNode.accept(ClassNode.java:452)
	at org.evosuite.instrumentation.BytecodeInstrumentation.transformBytes(BytecodeInstrumentation.java:282)
	at org.evosuite.instrumentation.InstrumentingClassLoader.getTransformedBytes(InstrumentingClassLoader.java:135)
	at org.evosuite.instrumentation.InstrumentingClassLoader.instrumentClass(InstrumentingClassLoader.java:149)
	... 77 common frames omitted
[Progress:=>                            5%] [Cov:========================>          71%][Progress:=>                            5%] [Cov:=========================>         72%][Progress:=>                            5%] [Cov:=========================>         72%][Progress:=>                            5%] [Cov:=========================>         72%][Progress:=>                            5%] [Cov:=========================>         73%][MASTER] 07:41:14.149 [logback-1] WARN  ClientNodeImpl - Cannot send statistics to master; continuing without statistics
java.rmi.ServerException: RemoteException occurred in server thread; nested exception is: 
	java.rmi.UnmarshalException: error unmarshalling arguments; nested exception is: 
	java.lang.ClassNotFoundException: expect to get instruction without BasicBlock already set
	at java.rmi/sun.rmi.server.UnicastServerRef.dispatch(UnicastServerRef.java:391)
	at java.rmi/sun.rmi.transport.Transport$1.run(Transport.java:200)
	at java.rmi/sun.rmi.transport.Transport$1.run(Transport.java:197)
	at java.base/java.security.AccessController.doPrivileged(Native Method)
	at java.rmi/sun.rmi.transport.Transport.serviceCall(Transport.java:196)
	at java.rmi/sun.rmi.transport.tcp.TCPTransport.handleMessages(TCPTransport.java:562)
	at java.rmi/sun.rmi.transport.tcp.TCPTransport$ConnectionHandler.run0(TCPTransport.java:796)
	at java.rmi/sun.rmi.transport.tcp.TCPTransport$ConnectionHandler.lambda$run$0(TCPTransport.java:677)
	at java.base/java.security.AccessController.doPrivileged(Native Method)
	at java.rmi/sun.rmi.transport.tcp.TCPTransport$ConnectionHandler.run(TCPTransport.java:676)
	at java.base/java.util.concurrent.ThreadPoolExecutor.runWorker(ThreadPoolExecutor.java:1128)
	at java.base/java.util.concurrent.ThreadPoolExecutor$Worker.run(ThreadPoolExecutor.java:628)
	at java.base/java.lang.Thread.run(Thread.java:829)
	at java.rmi/sun.rmi.transport.StreamRemoteCall.exceptionReceivedFromServer(StreamRemoteCall.java:303)
	at java.rmi/sun.rmi.transport.StreamRemoteCall.executeCall(StreamRemoteCall.java:279)
	at java.rmi/sun.rmi.server.UnicastRef.invoke(UnicastRef.java:164)
	at java.rmi/java.rmi.server.RemoteObjectInvocationHandler.invokeRemoteMethod(RemoteObjectInvocationHandler.java:217)
	at java.rmi/java.rmi.server.RemoteObjectInvocationHandler.invoke(RemoteObjectInvocationHandler.java:162)
	at com.sun.proxy.$Proxy7.evosuite_collectStatistics(Unknown Source)
	at org.evosuite.rmi.service.ClientNodeImpl.updateStatistics(ClientNodeImpl.java:251)
	at org.evosuite.statistics.StatisticsSender.sendIndividualToMaster(StatisticsSender.java:62)
	at org.evosuite.statistics.StatisticsListener.lambda$new$0(StatisticsListener.java:76)
	at java.base/java.lang.Thread.run(Thread.java:829)
Caused by: java.rmi.UnmarshalException: error unmarshalling arguments; nested exception is: 
	java.lang.ClassNotFoundException: expect to get instruction without BasicBlock already set
	at java.rmi/sun.rmi.server.UnicastServerRef.dispatch(UnicastServerRef.java:350)
	at java.rmi/sun.rmi.transport.Transport$1.run(Transport.java:200)
	at java.rmi/sun.rmi.transport.Transport$1.run(Transport.java:197)
	at java.base/java.security.AccessController.doPrivileged(Native Method)
	at java.rmi/sun.rmi.transport.Transport.serviceCall(Transport.java:196)
	at java.rmi/sun.rmi.transport.tcp.TCPTransport.handleMessages(TCPTransport.java:562)
	at java.rmi/sun.rmi.transport.tcp.TCPTransport$ConnectionHandler.run0(TCPTransport.java:796)
	at java.rmi/sun.rmi.transport.tcp.TCPTransport$ConnectionHandler.lambda$run$0(TCPTransport.java:677)
	at java.base/java.security.AccessController.doPrivileged(Native Method)
	at java.rmi/sun.rmi.transport.tcp.TCPTransport$ConnectionHandler.run(TCPTransport.java:676)
	at java.base/java.util.concurrent.ThreadPoolExecutor.runWorker(ThreadPoolExecutor.java:1128)
	at java.base/java.util.concurrent.ThreadPoolExecutor$Worker.run(ThreadPoolExecutor.java:628)
	... 1 common frames omitted
Caused by: java.lang.ClassNotFoundException: expect to get instruction without BasicBlock already set
	at org.evosuite.instrumentation.InstrumentingClassLoader.instrumentClass(InstrumentingClassLoader.java:158)
	at org.evosuite.instrumentation.InstrumentingClassLoader.loadClass(InstrumentingClassLoader.java:126)
	at org.evosuite.utils.generic.GenericClassImpl.getClass(GenericClassImpl.java:139)
	at org.evosuite.utils.generic.GenericClassImpl.getClass(GenericClassImpl.java:105)
	at org.evosuite.utils.generic.GenericClassImpl.readObject(GenericClassImpl.java:1671)
	at jdk.internal.reflect.GeneratedMethodAccessor9.invoke(Unknown Source)
	at java.base/jdk.internal.reflect.DelegatingMethodAccessorImpl.invoke(DelegatingMethodAccessorImpl.java:43)
	at java.base/java.lang.reflect.Method.invoke(Method.java:566)
	at java.base/java.io.ObjectStreamClass.invokeReadObject(ObjectStreamClass.java:1046)
	at java.base/java.io.ObjectInputStream.readSerialData(ObjectInputStream.java:2357)
	at java.base/java.io.ObjectInputStream.readOrdinaryObject(ObjectInputStream.java:2228)
	at java.base/java.io.ObjectInputStream.readObject0(ObjectInputStream.java:1687)
	at java.base/java.io.ObjectInputStream.defaultReadFields(ObjectInputStream.java:2496)
	at java.base/java.io.ObjectInputStream.readSerialData(ObjectInputStream.java:2390)
	at java.base/java.io.ObjectInputStream.readOrdinaryObject(ObjectInputStream.java:2228)
	at java.base/java.io.ObjectInputStream.readObject0(ObjectInputStream.java:1687)
	at java.base/java.io.ObjectInputStream.defaultReadFields(ObjectInputStream.java:2496)
	at java.base/java.io.ObjectInputStream.readSerialData(ObjectInputStream.java:2390)
	at java.base/java.io.ObjectInputStream.readOrdinaryObject(ObjectInputStream.java:2228)
	at java.base/java.io.ObjectInputStream.readObject0(ObjectInputStream.java:1687)
	at java.base/java.io.ObjectInputStream.readObject(ObjectInputStream.java:489)
	at java.base/java.io.ObjectInputStream.readObject(ObjectInputStream.java:447)
	at java.base/java.util.ArrayList.readObject(ArrayList.java:929)
	at java.base/jdk.internal.reflect.GeneratedMethodAccessor7.invoke(Unknown Source)
	at java.base/jdk.internal.reflect.DelegatingMethodAccessorImpl.invoke(DelegatingMethodAccessorImpl.java:43)
	at java.base/java.lang.reflect.Method.invoke(Method.java:566)
	at java.base/java.io.ObjectStreamClass.invokeReadObject(ObjectStreamClass.java:1046)
	at java.base/java.io.ObjectInputStream.readSerialData(ObjectInputStream.java:2357)
	at java.base/java.io.ObjectInputStream.readOrdinaryObject(ObjectInputStream.java:2228)
	at java.base/java.io.ObjectInputStream.readObject0(ObjectInputStream.java:1687)
	at java.base/java.io.ObjectInputStream.defaultReadFields(ObjectInputStream.java:2496)
	at java.base/java.io.ObjectInputStream.readSerialData(ObjectInputStream.java:2390)
	at java.base/java.io.ObjectInputStream.readOrdinaryObject(ObjectInputStream.java:2228)
	at java.base/java.io.ObjectInputStream.readObject0(ObjectInputStream.java:1687)
	at java.base/java.io.ObjectInputStream.defaultReadFields(ObjectInputStream.java:2496)
	at java.base/java.io.ObjectInputStream.defaultReadObject(ObjectInputStream.java:625)
	at org.evosuite.testcase.DefaultTestCase.readObject(DefaultTestCase.java:1217)
	at jdk.internal.reflect.GeneratedMethodAccessor14.invoke(Unknown Source)
	at java.base/jdk.internal.reflect.DelegatingMethodAccessorImpl.invoke(DelegatingMethodAccessorImpl.java:43)
	at java.base/java.lang.reflect.Method.invoke(Method.java:566)
	at java.base/java.io.ObjectStreamClass.invokeReadObject(ObjectStreamClass.java:1046)
	at java.base/java.io.ObjectInputStream.readSerialData(ObjectInputStream.java:2357)
	at java.base/java.io.ObjectInputStream.readOrdinaryObject(ObjectInputStream.java:2228)
	at java.base/java.io.ObjectInputStream.readObject0(ObjectInputStream.java:1687)
	at java.base/java.io.ObjectInputStream.defaultReadFields(ObjectInputStream.java:2496)
	at java.base/java.io.ObjectInputStream.readSerialData(ObjectInputStream.java:2390)
	at java.base/java.io.ObjectInputStream.readOrdinaryObject(ObjectInputStream.java:2228)
	at java.base/java.io.ObjectInputStream.readObject0(ObjectInputStream.java:1687)
	at java.base/java.io.ObjectInputStream.readObject(ObjectInputStream.java:489)
	at java.base/java.io.ObjectInputStream.readObject(ObjectInputStream.java:447)
	at java.base/java.util.ArrayList.readObject(ArrayList.java:929)
	at java.base/jdk.internal.reflect.GeneratedMethodAccessor7.invoke(Unknown Source)
	at java.base/jdk.internal.reflect.DelegatingMethodAccessorImpl.invoke(DelegatingMethodAccessorImpl.java:43)
	at java.base/java.lang.reflect.Method.invoke(Method.java:566)
	at java.base/java.io.ObjectStreamClass.invokeReadObject(ObjectStreamClass.java:1046)
	at java.base/java.io.ObjectInputStream.readSerialData(ObjectInputStream.java:2357)
	at java.base/java.io.ObjectInputStream.readOrdinaryObject(ObjectInputStream.java:2228)
	at java.base/java.io.ObjectInputStream.readObject0(ObjectInputStream.java:1687)
	at java.base/java.io.ObjectInputStream.defaultReadFields(ObjectInputStream.java:2496)
	at java.base/java.io.ObjectInputStream.readSerialData(ObjectInputStream.java:2390)
	at java.base/java.io.ObjectInputStream.readOrdinaryObject(ObjectInputStream.java:2228)
	at java.base/java.io.ObjectInputStream.readObject0(ObjectInputStream.java:1687)
	at java.base/java.io.ObjectInputStream.readObject(ObjectInputStream.java:489)
	at java.base/java.io.ObjectInputStream.readObject(ObjectInputStream.java:447)
	at java.rmi/sun.rmi.server.UnicastRef.unmarshalValue(UnicastRef.java:327)
	at java.rmi/sun.rmi.server.UnicastServerRef.dispatch(UnicastServerRef.java:339)
	... 12 common frames omitted
Caused by: java.lang.IllegalArgumentException: expect to get instruction without BasicBlock already set
	at org.evosuite.graphs.cfg.BasicBlock.appendInstruction(BasicBlock.java:225)
	at org.evosuite.graphs.cfg.BasicBlock.setInstructions(BasicBlock.java:206)
	at org.evosuite.graphs.cfg.BasicBlock.<init>(BasicBlock.java:106)
	at org.evosuite.graphs.cfg.RawControlFlowGraph.determineBasicBlockFor(RawControlFlowGraph.java:314)
	at org.evosuite.graphs.cfg.ActualControlFlowGraph.computeNodes(ActualControlFlowGraph.java:295)
	at org.evosuite.graphs.cfg.ActualControlFlowGraph.computeGraph(ActualControlFlowGraph.java:262)
	at org.evosuite.graphs.cfg.ActualControlFlowGraph.<init>(ActualControlFlowGraph.java:97)
	at org.evosuite.graphs.cfg.CFGGenerator.computeActualCFG(CFGGenerator.java:218)
	at org.evosuite.graphs.cfg.CFGGenerator.registerCFGs(CFGGenerator.java:102)
	at org.evosuite.graphs.cfg.CFGMethodAdapter.visitEnd(CFGMethodAdapter.java:219)
	at org.evosuite.shaded.org.objectweb.asm.MethodVisitor.visitEnd(MethodVisitor.java:783)
	at org.evosuite.shaded.org.objectweb.asm.MethodVisitor.visitEnd(MethodVisitor.java:783)
	at org.evosuite.shaded.org.objectweb.asm.MethodVisitor.visitEnd(MethodVisitor.java:783)
	at org.evosuite.shaded.org.objectweb.asm.tree.MethodNode.accept(MethodNode.java:772)
	at org.evosuite.shaded.org.objectweb.asm.tree.MethodNode.accept(MethodNode.java:649)
	at org.evosuite.shaded.org.objectweb.asm.tree.ClassNode.accept(ClassNode.java:452)
	at org.evosuite.instrumentation.BytecodeInstrumentation.transformBytes(BytecodeInstrumentation.java:282)
	at org.evosuite.instrumentation.InstrumentingClassLoader.getTransformedBytes(InstrumentingClassLoader.java:135)
	at org.evosuite.instrumentation.InstrumentingClassLoader.instrumentClass(InstrumentingClassLoader.java:149)
	... 77 common frames omitted
[Progress:=>                            5%] [Cov:=========================>         73%][Progress:=>                            6%] [Cov:=========================>         72%][Progress:=>                            6%] [Cov:=========================>         73%][Progress:=>                            6%] [Cov:=========================>         73%][Progress:=>                            6%] [Cov:=========================>         73%]GWO iteration=20 bestFitness=213.9736842013748 population=50 a=1.6
========== GWO EVOLVE iteration=20 population=50 ==========
[MASTER] 07:41:15.388 [logback-1] WARN  ClientNodeImpl - Cannot send statistics to master; continuing without statistics
java.rmi.ServerException: RemoteException occurred in server thread; nested exception is: 
	java.rmi.UnmarshalException: error unmarshalling arguments; nested exception is: 
	java.lang.ClassNotFoundException: expect to get instruction without BasicBlock already set
	at java.rmi/sun.rmi.server.UnicastServerRef.dispatch(UnicastServerRef.java:391)
	at java.rmi/sun.rmi.transport.Transport$1.run(Transport.java:200)
	at java.rmi/sun.rmi.transport.Transport$1.run(Transport.java:197)
	at java.base/java.security.AccessController.doPrivileged(Native Method)
	at java.rmi/sun.rmi.transport.Transport.serviceCall(Transport.java:196)
	at java.rmi/sun.rmi.transport.tcp.TCPTransport.handleMessages(TCPTransport.java:562)
	at java.rmi/sun.rmi.transport.tcp.TCPTransport$ConnectionHandler.run0(TCPTransport.java:796)
	at java.rmi/sun.rmi.transport.tcp.TCPTransport$ConnectionHandler.lambda$run$0(TCPTransport.java:677)
	at java.base/java.security.AccessController.doPrivileged(Native Method)
	at java.rmi/sun.rmi.transport.tcp.TCPTransport$ConnectionHandler.run(TCPTransport.java:676)
	at java.base/java.util.concurrent.ThreadPoolExecutor.runWorker(ThreadPoolExecutor.java:1128)
	at java.base/java.util.concurrent.ThreadPoolExecutor$Worker.run(ThreadPoolExecutor.java:628)
	at java.base/java.lang.Thread.run(Thread.java:829)
	at java.rmi/sun.rmi.transport.StreamRemoteCall.exceptionReceivedFromServer(StreamRemoteCall.java:303)
	at java.rmi/sun.rmi.transport.StreamRemoteCall.executeCall(StreamRemoteCall.java:279)
	at java.rmi/sun.rmi.server.UnicastRef.invoke(UnicastRef.java:164)
	at java.rmi/java.rmi.server.RemoteObjectInvocationHandler.invokeRemoteMethod(RemoteObjectInvocationHandler.java:217)
	at java.rmi/java.rmi.server.RemoteObjectInvocationHandler.invoke(RemoteObjectInvocationHandler.java:162)
	at com.sun.proxy.$Proxy7.evosuite_collectStatistics(Unknown Source)
	at org.evosuite.rmi.service.ClientNodeImpl.updateStatistics(ClientNodeImpl.java:251)
	at org.evosuite.statistics.StatisticsSender.sendIndividualToMaster(StatisticsSender.java:62)
	at org.evosuite.statistics.StatisticsListener.lambda$new$0(StatisticsListener.java:76)
	at java.base/java.lang.Thread.run(Thread.java:829)
Caused by: java.rmi.UnmarshalException: error unmarshalling arguments; nested exception is: 
	java.lang.ClassNotFoundException: expect to get instruction without BasicBlock already set
	at java.rmi/sun.rmi.server.UnicastServerRef.dispatch(UnicastServerRef.java:350)
	at java.rmi/sun.rmi.transport.Transport$1.run(Transport.java:200)
	at java.rmi/sun.rmi.transport.Transport$1.run(Transport.java:197)
	at java.base/java.security.AccessController.doPrivileged(Native Method)
	at java.rmi/sun.rmi.transport.Transport.serviceCall(Transport.java:196)
	at java.rmi/sun.rmi.transport.tcp.TCPTransport.handleMessages(TCPTransport.java:562)
	at java.rmi/sun.rmi.transport.tcp.TCPTransport$ConnectionHandler.run0(TCPTransport.java:796)
	at java.rmi/sun.rmi.transport.tcp.TCPTransport$ConnectionHandler.lambda$run$0(TCPTransport.java:677)
	at java.base/java.security.AccessController.doPrivileged(Native Method)
	at java.rmi/sun.rmi.transport.tcp.TCPTransport$ConnectionHandler.run(TCPTransport.java:676)
	at java.base/java.util.concurrent.ThreadPoolExecutor.runWorker(ThreadPoolExecutor.java:1128)
	at java.base/java.util.concurrent.ThreadPoolExecutor$Worker.run(ThreadPoolExecutor.java:628)
	... 1 common frames omitted
Caused by: java.lang.ClassNotFoundException: expect to get instruction without BasicBlock already set
	at org.evosuite.instrumentation.InstrumentingClassLoader.instrumentClass(InstrumentingClassLoader.java:158)
	at org.evosuite.instrumentation.InstrumentingClassLoader.loadClass(InstrumentingClassLoader.java:126)
	at org.evosuite.utils.generic.GenericClassImpl.getClass(GenericClassImpl.java:139)
	at org.evosuite.utils.generic.GenericClassImpl.getClass(GenericClassImpl.java:105)
	at org.evosuite.utils.generic.GenericClassImpl.readObject(GenericClassImpl.java:1671)
	at jdk.internal.reflect.GeneratedMethodAccessor9.invoke(Unknown Source)
	at java.base/jdk.internal.reflect.DelegatingMethodAccessorImpl.invoke(DelegatingMethodAccessorImpl.java:43)
	at java.base/java.lang.reflect.Method.invoke(Method.java:566)
	at java.base/java.io.ObjectStreamClass.invokeReadObject(ObjectStreamClass.java:1046)
	at java.base/java.io.ObjectInputStream.readSerialData(ObjectInputStream.java:2357)
	at java.base/java.io.ObjectInputStream.readOrdinaryObject(ObjectInputStream.java:2228)
	at java.base/java.io.ObjectInputStream.readObject0(ObjectInputStream.java:1687)
	at java.base/java.io.ObjectInputStream.defaultReadFields(ObjectInputStream.java:2496)
	at java.base/java.io.ObjectInputStream.readSerialData(ObjectInputStream.java:2390)
	at java.base/java.io.ObjectInputStream.readOrdinaryObject(ObjectInputStream.java:2228)
	at java.base/java.io.ObjectInputStream.readObject0(ObjectInputStream.java:1687)
	at java.base/java.io.ObjectInputStream.defaultReadFields(ObjectInputStream.java:2496)
	at java.base/java.io.ObjectInputStream.readSerialData(ObjectInputStream.java:2390)
	at java.base/java.io.ObjectInputStream.readOrdinaryObject(ObjectInputStream.java:2228)
	at java.base/java.io.ObjectInputStream.readObject0(ObjectInputStream.java:1687)
	at java.base/java.io.ObjectInputStream.readObject(ObjectInputStream.java:489)
	at java.base/java.io.ObjectInputStream.readObject(ObjectInputStream.java:447)
	at java.base/java.util.ArrayList.readObject(ArrayList.java:929)
	at java.base/jdk.internal.reflect.GeneratedMethodAccessor7.invoke(Unknown Source)
	at java.base/jdk.internal.reflect.DelegatingMethodAccessorImpl.invoke(DelegatingMethodAccessorImpl.java:43)
	at java.base/java.lang.reflect.Method.invoke(Method.java:566)
	at java.base/java.io.ObjectStreamClass.invokeReadObject(ObjectStreamClass.java:1046)
	at java.base/java.io.ObjectInputStream.readSerialData(ObjectInputStream.java:2357)
	at java.base/java.io.ObjectInputStream.readOrdinaryObject(ObjectInputStream.java:2228)
	at java.base/java.io.ObjectInputStream.readObject0(ObjectInputStream.java:1687)
	at java.base/java.io.ObjectInputStream.defaultReadFields(ObjectInputStream.java:2496)
	at java.base/java.io.ObjectInputStream.readSerialData(ObjectInputStream.java:2390)
	at java.base/java.io.ObjectInputStream.readOrdinaryObject(ObjectInputStream.java:2228)
	at java.base/java.io.ObjectInputStream.readObject0(ObjectInputStream.java:1687)
	at java.base/java.io.ObjectInputStream.defaultReadFields(ObjectInputStream.java:2496)
	at java.base/java.io.ObjectInputStream.defaultReadObject(ObjectInputStream.java:625)
	at org.evosuite.testcase.DefaultTestCase.readObject(DefaultTestCase.java:1217)
	at jdk.internal.reflect.GeneratedMethodAccessor14.invoke(Unknown Source)
	at java.base/jdk.internal.reflect.DelegatingMethodAccessorImpl.invoke(DelegatingMethodAccessorImpl.java:43)
	at java.base/java.lang.reflect.Method.invoke(Method.java:566)
	at java.base/java.io.ObjectStreamClass.invokeReadObject(ObjectStreamClass.java:1046)
	at java.base/java.io.ObjectInputStream.readSerialData(ObjectInputStream.java:2357)
	at java.base/java.io.ObjectInputStream.readOrdinaryObject(ObjectInputStream.java:2228)
	at java.base/java.io.ObjectInputStream.readObject0(ObjectInputStream.java:1687)
	at java.base/java.io.ObjectInputStream.defaultReadFields(ObjectInputStream.java:2496)
	at java.base/java.io.ObjectInputStream.readSerialData(ObjectInputStream.java:2390)
	at java.base/java.io.ObjectInputStream.readOrdinaryObject(ObjectInputStream.java:2228)
	at java.base/java.io.ObjectInputStream.readObject0(ObjectInputStream.java:1687)
	at java.base/java.io.ObjectInputStream.readObject(ObjectInputStream.java:489)
	at java.base/java.io.ObjectInputStream.readObject(ObjectInputStream.java:447)
	at java.base/java.util.ArrayList.readObject(ArrayList.java:929)
	at java.base/jdk.internal.reflect.GeneratedMethodAccessor7.invoke(Unknown Source)
	at java.base/jdk.internal.reflect.DelegatingMethodAccessorImpl.invoke(DelegatingMethodAccessorImpl.java:43)
	at java.base/java.lang.reflect.Method.invoke(Method.java:566)
	at java.base/java.io.ObjectStreamClass.invokeReadObject(ObjectStreamClass.java:1046)
	at java.base/java.io.ObjectInputStream.readSerialData(ObjectInputStream.java:2357)
	at java.base/java.io.ObjectInputStream.readOrdinaryObject(ObjectInputStream.java:2228)
	at java.base/java.io.ObjectInputStream.readObject0(ObjectInputStream.java:1687)
	at java.base/java.io.ObjectInputStream.defaultReadFields(ObjectInputStream.java:2496)
	at java.base/java.io.ObjectInputStream.readSerialData(ObjectInputStream.java:2390)
	at java.base/java.io.ObjectInputStream.readOrdinaryObject(ObjectInputStream.java:2228)
	at java.base/java.io.ObjectInputStream.readObject0(ObjectInputStream.java:1687)
	at java.base/java.io.ObjectInputStream.readObject(ObjectInputStream.java:489)
	at java.base/java.io.ObjectInputStream.readObject(ObjectInputStream.java:447)
	at java.rmi/sun.rmi.server.UnicastRef.unmarshalValue(UnicastRef.java:327)
	at java.rmi/sun.rmi.server.UnicastServerRef.dispatch(UnicastServerRef.java:339)
	... 12 common frames omitted
Caused by: java.lang.IllegalArgumentException: expect to get instruction without BasicBlock already set
	at org.evosuite.graphs.cfg.BasicBlock.appendInstruction(BasicBlock.java:225)
	at org.evosuite.graphs.cfg.BasicBlock.setInstructions(BasicBlock.java:206)
	at org.evosuite.graphs.cfg.BasicBlock.<init>(BasicBlock.java:106)
	at org.evosuite.graphs.cfg.RawControlFlowGraph.determineBasicBlockFor(RawControlFlowGraph.java:314)
	at org.evosuite.graphs.cfg.ActualControlFlowGraph.computeNodes(ActualControlFlowGraph.java:295)
	at org.evosuite.graphs.cfg.ActualControlFlowGraph.computeGraph(ActualControlFlowGraph.java:262)
	at org.evosuite.graphs.cfg.ActualControlFlowGraph.<init>(ActualControlFlowGraph.java:97)
	at org.evosuite.graphs.cfg.CFGGenerator.computeActualCFG(CFGGenerator.java:218)
	at org.evosuite.graphs.cfg.CFGGenerator.registerCFGs(CFGGenerator.java:102)
	at org.evosuite.graphs.cfg.CFGMethodAdapter.visitEnd(CFGMethodAdapter.java:219)
	at org.evosuite.shaded.org.objectweb.asm.MethodVisitor.visitEnd(MethodVisitor.java:783)
	at org.evosuite.shaded.org.objectweb.asm.MethodVisitor.visitEnd(MethodVisitor.java:783)
	at org.evosuite.shaded.org.objectweb.asm.MethodVisitor.visitEnd(MethodVisitor.java:783)
	at org.evosuite.shaded.org.objectweb.asm.tree.MethodNode.accept(MethodNode.java:772)
	at org.evosuite.shaded.org.objectweb.asm.tree.MethodNode.accept(MethodNode.java:649)
	at org.evosuite.shaded.org.objectweb.asm.tree.ClassNode.accept(ClassNode.java:452)
	at org.evosuite.instrumentation.BytecodeInstrumentation.transformBytes(BytecodeInstrumentation.java:282)
	at org.evosuite.instrumentation.InstrumentingClassLoader.getTransformedBytes(InstrumentingClassLoader.java:135)
	at org.evosuite.instrumentation.InstrumentingClassLoader.instrumentClass(InstrumentingClassLoader.java:149)
	... 77 common frames omitted
[Progress:==>                           7%] [Cov:=========================>         73%][Progress:==>                           7%] [Cov:=========================>         73%][Progress:==>                           7%] [Cov:=========================>         73%][Progress:==>                           8%] [Cov:=========================>         72%][Progress:==>                           8%] [Cov:=========================>         73%][Progress:==>                           8%] [Cov:=========================>         73%][MASTER] 07:41:16.717 [logback-1] WARN  ClientNodeImpl - Cannot send statistics to master; continuing without statistics
java.rmi.ServerException: RemoteException occurred in server thread; nested exception is: 
	java.rmi.UnmarshalException: error unmarshalling arguments; nested exception is: 
	java.lang.ClassNotFoundException: expect to get instruction without BasicBlock already set
	at java.rmi/sun.rmi.server.UnicastServerRef.dispatch(UnicastServerRef.java:391)
	at java.rmi/sun.rmi.transport.Transport$1.run(Transport.java:200)
	at java.rmi/sun.rmi.transport.Transport$1.run(Transport.java:197)
	at java.base/java.security.AccessController.doPrivileged(Native Method)
	at java.rmi/sun.rmi.transport.Transport.serviceCall(Transport.java:196)
	at java.rmi/sun.rmi.transport.tcp.TCPTransport.handleMessages(TCPTransport.java:562)
	at java.rmi/sun.rmi.transport.tcp.TCPTransport$ConnectionHandler.run0(TCPTransport.java:796)
	at java.rmi/sun.rmi.transport.tcp.TCPTransport$ConnectionHandler.lambda$run$0(TCPTransport.java:677)
	at java.base/java.security.AccessController.doPrivileged(Native Method)
	at java.rmi/sun.rmi.transport.tcp.TCPTransport$ConnectionHandler.run(TCPTransport.java:676)
	at java.base/java.util.concurrent.ThreadPoolExecutor.runWorker(ThreadPoolExecutor.java:1128)
	at java.base/java.util.concurrent.ThreadPoolExecutor$Worker.run(ThreadPoolExecutor.java:628)
	at java.base/java.lang.Thread.run(Thread.java:829)
	at java.rmi/sun.rmi.transport.StreamRemoteCall.exceptionReceivedFromServer(StreamRemoteCall.java:303)
	at java.rmi/sun.rmi.transport.StreamRemoteCall.executeCall(StreamRemoteCall.java:279)
	at java.rmi/sun.rmi.server.UnicastRef.invoke(UnicastRef.java:164)
	at java.rmi/java.rmi.server.RemoteObjectInvocationHandler.invokeRemoteMethod(RemoteObjectInvocationHandler.java:217)
	at java.rmi/java.rmi.server.RemoteObjectInvocationHandler.invoke(RemoteObjectInvocationHandler.java:162)
	at com.sun.proxy.$Proxy7.evosuite_collectStatistics(Unknown Source)
	at org.evosuite.rmi.service.ClientNodeImpl.updateStatistics(ClientNodeImpl.java:251)
	at org.evosuite.statistics.StatisticsSender.sendIndividualToMaster(StatisticsSender.java:62)
	at org.evosuite.statistics.StatisticsListener.lambda$new$0(StatisticsListener.java:76)
	at java.base/java.lang.Thread.run(Thread.java:829)
Caused by: java.rmi.UnmarshalException: error unmarshalling arguments; nested exception is: 
	java.lang.ClassNotFoundException: expect to get instruction without BasicBlock already set
	at java.rmi/sun.rmi.server.UnicastServerRef.dispatch(UnicastServerRef.java:350)
	at java.rmi/sun.rmi.transport.Transport$1.run(Transport.java:200)
	at java.rmi/sun.rmi.transport.Transport$1.run(Transport.java:197)
	at java.base/java.security.AccessController.doPrivileged(Native Method)
	at java.rmi/sun.rmi.transport.Transport.serviceCall(Transport.java:196)
	at java.rmi/sun.rmi.transport.tcp.TCPTransport.handleMessages(TCPTransport.java:562)
	at java.rmi/sun.rmi.transport.tcp.TCPTransport$ConnectionHandler.run0(TCPTransport.java:796)
	at java.rmi/sun.rmi.transport.tcp.TCPTransport$ConnectionHandler.lambda$run$0(TCPTransport.java:677)
	at java.base/java.security.AccessController.doPrivileged(Native Method)
	at java.rmi/sun.rmi.transport.tcp.TCPTransport$ConnectionHandler.run(TCPTransport.java:676)
	at java.base/java.util.concurrent.ThreadPoolExecutor.runWorker(ThreadPoolExecutor.java:1128)
	at java.base/java.util.concurrent.ThreadPoolExecutor$Worker.run(ThreadPoolExecutor.java:628)
	... 1 common frames omitted
Caused by: java.lang.ClassNotFoundException: expect to get instruction without BasicBlock already set
	at org.evosuite.instrumentation.InstrumentingClassLoader.instrumentClass(InstrumentingClassLoader.java:158)
	at org.evosuite.instrumentation.InstrumentingClassLoader.loadClass(InstrumentingClassLoader.java:126)
	at org.evosuite.utils.generic.GenericClassImpl.getClass(GenericClassImpl.java:139)
	at org.evosuite.utils.generic.GenericClassImpl.getClass(GenericClassImpl.java:105)
	at org.evosuite.utils.generic.GenericClassImpl.readObject(GenericClassImpl.java:1671)
	at jdk.internal.reflect.GeneratedMethodAccessor9.invoke(Unknown Source)
	at java.base/jdk.internal.reflect.DelegatingMethodAccessorImpl.invoke(DelegatingMethodAccessorImpl.java:43)
	at java.base/java.lang.reflect.Method.invoke(Method.java:566)
	at java.base/java.io.ObjectStreamClass.invokeReadObject(ObjectStreamClass.java:1046)
	at java.base/java.io.ObjectInputStream.readSerialData(ObjectInputStream.java:2357)
	at java.base/java.io.ObjectInputStream.readOrdinaryObject(ObjectInputStream.java:2228)
	at java.base/java.io.ObjectInputStream.readObject0(ObjectInputStream.java:1687)
	at java.base/java.io.ObjectInputStream.defaultReadFields(ObjectInputStream.java:2496)
	at java.base/java.io.ObjectInputStream.readSerialData(ObjectInputStream.java:2390)
	at java.base/java.io.ObjectInputStream.readOrdinaryObject(ObjectInputStream.java:2228)
	at java.base/java.io.ObjectInputStream.readObject0(ObjectInputStream.java:1687)
	at java.base/java.io.ObjectInputStream.defaultReadFields(ObjectInputStream.java:2496)
	at java.base/java.io.ObjectInputStream.readSerialData(ObjectInputStream.java:2390)
	at java.base/java.io.ObjectInputStream.readOrdinaryObject(ObjectInputStream.java:2228)
	at java.base/java.io.ObjectInputStream.readObject0(ObjectInputStream.java:1687)
	at java.base/java.io.ObjectInputStream.readObject(ObjectInputStream.java:489)
	at java.base/java.io.ObjectInputStream.readObject(ObjectInputStream.java:447)
	at java.base/java.util.ArrayList.readObject(ArrayList.java:929)
	at java.base/jdk.internal.reflect.GeneratedMethodAccessor7.invoke(Unknown Source)
	at java.base/jdk.internal.reflect.DelegatingMethodAccessorImpl.invoke(DelegatingMethodAccessorImpl.java:43)
	at java.base/java.lang.reflect.Method.invoke(Method.java:566)
	at java.base/java.io.ObjectStreamClass.invokeReadObject(ObjectStreamClass.java:1046)
	at java.base/java.io.ObjectInputStream.readSerialData(ObjectInputStream.java:2357)
	at java.base/java.io.ObjectInputStream.readOrdinaryObject(ObjectInputStream.java:2228)
	at java.base/java.io.ObjectInputStream.readObject0(ObjectInputStream.java:1687)
	at java.base/java.io.ObjectInputStream.defaultReadFields(ObjectInputStream.java:2496)
	at java.base/java.io.ObjectInputStream.readSerialData(ObjectInputStream.java:2390)
	at java.base/java.io.ObjectInputStream.readOrdinaryObject(ObjectInputStream.java:2228)
	at java.base/java.io.ObjectInputStream.readObject0(ObjectInputStream.java:1687)
	at java.base/java.io.ObjectInputStream.defaultReadFields(ObjectInputStream.java:2496)
	at java.base/java.io.ObjectInputStream.defaultReadObject(ObjectInputStream.java:625)
	at org.evosuite.testcase.DefaultTestCase.readObject(DefaultTestCase.java:1217)
	at jdk.internal.reflect.GeneratedMethodAccessor14.invoke(Unknown Source)
	at java.base/jdk.internal.reflect.DelegatingMethodAccessorImpl.invoke(DelegatingMethodAccessorImpl.java:43)
	at java.base/java.lang.reflect.Method.invoke(Method.java:566)
	at java.base/java.io.ObjectStreamClass.invokeReadObject(ObjectStreamClass.java:1046)
	at java.base/java.io.ObjectInputStream.readSerialData(ObjectInputStream.java:2357)
	at java.base/java.io.ObjectInputStream.readOrdinaryObject(ObjectInputStream.java:2228)
	at java.base/java.io.ObjectInputStream.readObject0(ObjectInputStream.java:1687)
	at java.base/java.io.ObjectInputStream.defaultReadFields(ObjectInputStream.java:2496)
	at java.base/java.io.ObjectInputStream.readSerialData(ObjectInputStream.java:2390)
	at java.base/java.io.ObjectInputStream.readOrdinaryObject(ObjectInputStream.java:2228)
	at java.base/java.io.ObjectInputStream.readObject0(ObjectInputStream.java:1687)
	at java.base/java.io.ObjectInputStream.readObject(ObjectInputStream.java:489)
	at java.base/java.io.ObjectInputStream.readObject(ObjectInputStream.java:447)
	at java.base/java.util.ArrayList.readObject(ArrayList.java:929)
	at java.base/jdk.internal.reflect.GeneratedMethodAccessor7.invoke(Unknown Source)
	at java.base/jdk.internal.reflect.DelegatingMethodAccessorImpl.invoke(DelegatingMethodAccessorImpl.java:43)
	at java.base/java.lang.reflect.Method.invoke(Method.java:566)
	at java.base/java.io.ObjectStreamClass.invokeReadObject(ObjectStreamClass.java:1046)
	at java.base/java.io.ObjectInputStream.readSerialData(ObjectInputStream.java:2357)
	at java.base/java.io.ObjectInputStream.readOrdinaryObject(ObjectInputStream.java:2228)
	at java.base/java.io.ObjectInputStream.readObject0(ObjectInputStream.java:1687)
	at java.base/java.io.ObjectInputStream.defaultReadFields(ObjectInputStream.java:2496)
	at java.base/java.io.ObjectInputStream.readSerialData(ObjectInputStream.java:2390)
	at java.base/java.io.ObjectInputStream.readOrdinaryObject(ObjectInputStream.java:2228)
	at java.base/java.io.ObjectInputStream.readObject0(ObjectInputStream.java:1687)
	at java.base/java.io.ObjectInputStream.readObject(ObjectInputStream.java:489)
	at java.base/java.io.ObjectInputStream.readObject(ObjectInputStream.java:447)
	at java.rmi/sun.rmi.server.UnicastRef.unmarshalValue(UnicastRef.java:327)
	at java.rmi/sun.rmi.server.UnicastServerRef.dispatch(UnicastServerRef.java:339)
	... 12 common frames omitted
Caused by: java.lang.IllegalArgumentException: expect to get instruction without BasicBlock already set
	at org.evosuite.graphs.cfg.BasicBlock.appendInstruction(BasicBlock.java:225)
	at org.evosuite.graphs.cfg.BasicBlock.setInstructions(BasicBlock.java:206)
	at org.evosuite.graphs.cfg.BasicBlock.<init>(BasicBlock.java:106)
	at org.evosuite.graphs.cfg.RawControlFlowGraph.determineBasicBlockFor(RawControlFlowGraph.java:314)
	at org.evosuite.graphs.cfg.ActualControlFlowGraph.computeNodes(ActualControlFlowGraph.java:295)
	at org.evosuite.graphs.cfg.ActualControlFlowGraph.computeGraph(ActualControlFlowGraph.java:262)
	at org.evosuite.graphs.cfg.ActualControlFlowGraph.<init>(ActualControlFlowGraph.java:97)
	at org.evosuite.graphs.cfg.CFGGenerator.computeActualCFG(CFGGenerator.java:218)
	at org.evosuite.graphs.cfg.CFGGenerator.registerCFGs(CFGGenerator.java:102)
	at org.evosuite.graphs.cfg.CFGMethodAdapter.visitEnd(CFGMethodAdapter.java:219)
	at org.evosuite.shaded.org.objectweb.asm.MethodVisitor.visitEnd(MethodVisitor.java:783)
	at org.evosuite.shaded.org.objectweb.asm.MethodVisitor.visitEnd(MethodVisitor.java:783)
	at org.evosuite.shaded.org.objectweb.asm.MethodVisitor.visitEnd(MethodVisitor.java:783)
	at org.evosuite.shaded.org.objectweb.asm.tree.MethodNode.accept(MethodNode.java:772)
	at org.evosuite.shaded.org.objectweb.asm.tree.MethodNode.accept(MethodNode.java:649)
	at org.evosuite.shaded.org.objectweb.asm.tree.ClassNode.accept(ClassNode.java:452)
	at org.evosuite.instrumentation.BytecodeInstrumentation.transformBytes(BytecodeInstrumentation.java:282)
	at org.evosuite.instrumentation.InstrumentingClassLoader.getTransformedBytes(InstrumentingClassLoader.java:135)
	at org.evosuite.instrumentation.InstrumentingClassLoader.instrumentClass(InstrumentingClassLoader.java:149)
	... 77 common frames omitted
[Progress:==>                           8%] [Cov:=========================>         73%][Progress:==>                           8%] [Cov:=========================>         73%][Progress:==>                           9%] [Cov:=========================>         72%][Progress:==>                           9%] [Cov:=========================>         73%][Progress:==>                           9%] [Cov:=========================>         74%][Progress:==>                           9%] [Cov:==========================>        75%][Progress:==>                           9%] [Cov:==========================>        75%][MASTER] 07:41:18.186 [logback-1] WARN  ClientNodeImpl - Cannot send statistics to master; continuing without statistics
java.rmi.ServerException: RemoteException occurred in server thread; nested exception is: 
	java.rmi.UnmarshalException: error unmarshalling arguments; nested exception is: 
	java.lang.ClassNotFoundException: expect to get instruction without BasicBlock already set
	at java.rmi/sun.rmi.server.UnicastServerRef.dispatch(UnicastServerRef.java:391)
	at java.rmi/sun.rmi.transport.Transport$1.run(Transport.java:200)
	at java.rmi/sun.rmi.transport.Transport$1.run(Transport.java:197)
	at java.base/java.security.AccessController.doPrivileged(Native Method)
	at java.rmi/sun.rmi.transport.Transport.serviceCall(Transport.java:196)
	at java.rmi/sun.rmi.transport.tcp.TCPTransport.handleMessages(TCPTransport.java:562)
	at java.rmi/sun.rmi.transport.tcp.TCPTransport$ConnectionHandler.run0(TCPTransport.java:796)
	at java.rmi/sun.rmi.transport.tcp.TCPTransport$ConnectionHandler.lambda$run$0(TCPTransport.java:677)
	at java.base/java.security.AccessController.doPrivileged(Native Method)
	at java.rmi/sun.rmi.transport.tcp.TCPTransport$ConnectionHandler.run(TCPTransport.java:676)
	at java.base/java.util.concurrent.ThreadPoolExecutor.runWorker(ThreadPoolExecutor.java:1128)
	at java.base/java.util.concurrent.ThreadPoolExecutor$Worker.run(ThreadPoolExecutor.java:628)
	at java.base/java.lang.Thread.run(Thread.java:829)
	at java.rmi/sun.rmi.transport.StreamRemoteCall.exceptionReceivedFromServer(StreamRemoteCall.java:303)
	at java.rmi/sun.rmi.transport.StreamRemoteCall.executeCall(StreamRemoteCall.java:279)
	at java.rmi/sun.rmi.server.UnicastRef.invoke(UnicastRef.java:164)
	at java.rmi/java.rmi.server.RemoteObjectInvocationHandler.invokeRemoteMethod(RemoteObjectInvocationHandler.java:217)
	at java.rmi/java.rmi.server.RemoteObjectInvocationHandler.invoke(RemoteObjectInvocationHandler.java:162)
	at com.sun.proxy.$Proxy7.evosuite_collectStatistics(Unknown Source)
	at org.evosuite.rmi.service.ClientNodeImpl.updateStatistics(ClientNodeImpl.java:251)
	at org.evosuite.statistics.StatisticsSender.sendIndividualToMaster(StatisticsSender.java:62)
	at org.evosuite.statistics.StatisticsListener.lambda$new$0(StatisticsListener.java:76)
	at java.base/java.lang.Thread.run(Thread.java:829)
Caused by: java.rmi.UnmarshalException: error unmarshalling arguments; nested exception is: 
	java.lang.ClassNotFoundException: expect to get instruction without BasicBlock already set
	at java.rmi/sun.rmi.server.UnicastServerRef.dispatch(UnicastServerRef.java:350)
	at java.rmi/sun.rmi.transport.Transport$1.run(Transport.java:200)
	at java.rmi/sun.rmi.transport.Transport$1.run(Transport.java:197)
	at java.base/java.security.AccessController.doPrivileged(Native Method)
	at java.rmi/sun.rmi.transport.Transport.serviceCall(Transport.java:196)
	at java.rmi/sun.rmi.transport.tcp.TCPTransport.handleMessages(TCPTransport.java:562)
	at java.rmi/sun.rmi.transport.tcp.TCPTransport$ConnectionHandler.run0(TCPTransport.java:796)
	at java.rmi/sun.rmi.transport.tcp.TCPTransport$ConnectionHandler.lambda$run$0(TCPTransport.java:677)
	at java.base/java.security.AccessController.doPrivileged(Native Method)
	at java.rmi/sun.rmi.transport.tcp.TCPTransport$ConnectionHandler.run(TCPTransport.java:676)
	at java.base/java.util.concurrent.ThreadPoolExecutor.runWorker(ThreadPoolExecutor.java:1128)
	at java.base/java.util.concurrent.ThreadPoolExecutor$Worker.run(ThreadPoolExecutor.java:628)
	... 1 common frames omitted
Caused by: java.lang.ClassNotFoundException: expect to get instruction without BasicBlock already set
	at org.evosuite.instrumentation.InstrumentingClassLoader.instrumentClass(InstrumentingClassLoader.java:158)
	at org.evosuite.instrumentation.InstrumentingClassLoader.loadClass(InstrumentingClassLoader.java:126)
	at org.evosuite.utils.generic.GenericClassImpl.getClass(GenericClassImpl.java:139)
	at org.evosuite.utils.generic.GenericClassImpl.getClass(GenericClassImpl.java:105)
	at org.evosuite.utils.generic.GenericClassImpl.readObject(GenericClassImpl.java:1671)
	at jdk.internal.reflect.GeneratedMethodAccessor9.invoke(Unknown Source)
	at java.base/jdk.internal.reflect.DelegatingMethodAccessorImpl.invoke(DelegatingMethodAccessorImpl.java:43)
	at java.base/java.lang.reflect.Method.invoke(Method.java:566)
	at java.base/java.io.ObjectStreamClass.invokeReadObject(ObjectStreamClass.java:1046)
	at java.base/java.io.ObjectInputStream.readSerialData(ObjectInputStream.java:2357)
	at java.base/java.io.ObjectInputStream.readOrdinaryObject(ObjectInputStream.java:2228)
	at java.base/java.io.ObjectInputStream.readObject0(ObjectInputStream.java:1687)
	at java.base/java.io.ObjectInputStream.defaultReadFields(ObjectInputStream.java:2496)
	at java.base/java.io.ObjectInputStream.readSerialData(ObjectInputStream.java:2390)
	at java.base/java.io.ObjectInputStream.readOrdinaryObject(ObjectInputStream.java:2228)
	at java.base/java.io.ObjectInputStream.readObject0(ObjectInputStream.java:1687)
	at java.base/java.io.ObjectInputStream.defaultReadFields(ObjectInputStream.java:2496)
	at java.base/java.io.ObjectInputStream.readSerialData(ObjectInputStream.java:2390)
	at java.base/java.io.ObjectInputStream.readOrdinaryObject(ObjectInputStream.java:2228)
	at java.base/java.io.ObjectInputStream.readObject0(ObjectInputStream.java:1687)
	at java.base/java.io.ObjectInputStream.readObject(ObjectInputStream.java:489)
	at java.base/java.io.ObjectInputStream.readObject(ObjectInputStream.java:447)
	at java.base/java.util.ArrayList.readObject(ArrayList.java:929)
	at java.base/jdk.internal.reflect.GeneratedMethodAccessor7.invoke(Unknown Source)
	at java.base/jdk.internal.reflect.DelegatingMethodAccessorImpl.invoke(DelegatingMethodAccessorImpl.java:43)
	at java.base/java.lang.reflect.Method.invoke(Method.java:566)
	at java.base/java.io.ObjectStreamClass.invokeReadObject(ObjectStreamClass.java:1046)
	at java.base/java.io.ObjectInputStream.readSerialData(ObjectInputStream.java:2357)
	at java.base/java.io.ObjectInputStream.readOrdinaryObject(ObjectInputStream.java:2228)
	at java.base/java.io.ObjectInputStream.readObject0(ObjectInputStream.java:1687)
	at java.base/java.io.ObjectInputStream.defaultReadFields(ObjectInputStream.java:2496)
	at java.base/java.io.ObjectInputStream.readSerialData(ObjectInputStream.java:2390)
	at java.base/java.io.ObjectInputStream.readOrdinaryObject(ObjectInputStream.java:2228)
	at java.base/java.io.ObjectInputStream.readObject0(ObjectInputStream.java:1687)
	at java.base/java.io.ObjectInputStream.defaultReadFields(ObjectInputStream.java:2496)
	at java.base/java.io.ObjectInputStream.defaultReadObject(ObjectInputStream.java:625)
	at org.evosuite.testcase.DefaultTestCase.readObject(DefaultTestCase.java:1217)
	at jdk.internal.reflect.GeneratedMethodAccessor14.invoke(Unknown Source)
	at java.base/jdk.internal.reflect.DelegatingMethodAccessorImpl.invoke(DelegatingMethodAccessorImpl.java:43)
	at java.base/java.lang.reflect.Method.invoke(Method.java:566)
	at java.base/java.io.ObjectStreamClass.invokeReadObject(ObjectStreamClass.java:1046)
	at java.base/java.io.ObjectInputStream.readSerialData(ObjectInputStream.java:2357)
	at java.base/java.io.ObjectInputStream.readOrdinaryObject(ObjectInputStream.java:2228)
	at java.base/java.io.ObjectInputStream.readObject0(ObjectInputStream.java:1687)
	at java.base/java.io.ObjectInputStream.defaultReadFields(ObjectInputStream.java:2496)
	at java.base/java.io.ObjectInputStream.readSerialData(ObjectInputStream.java:2390)
	at java.base/java.io.ObjectInputStream.readOrdinaryObject(ObjectInputStream.java:2228)
	at java.base/java.io.ObjectInputStream.readObject0(ObjectInputStream.java:1687)
	at java.base/java.io.ObjectInputStream.readObject(ObjectInputStream.java:489)
	at java.base/java.io.ObjectInputStream.readObject(ObjectInputStream.java:447)
	at java.base/java.util.ArrayList.readObject(ArrayList.java:929)
	at java.base/jdk.internal.reflect.GeneratedMethodAccessor7.invoke(Unknown Source)
	at java.base/jdk.internal.reflect.DelegatingMethodAccessorImpl.invoke(DelegatingMethodAccessorImpl.java:43)
	at java.base/java.lang.reflect.Method.invoke(Method.java:566)
	at java.base/java.io.ObjectStreamClass.invokeReadObject(ObjectStreamClass.java:1046)
	at java.base/java.io.ObjectInputStream.readSerialData(ObjectInputStream.java:2357)
	at java.base/java.io.ObjectInputStream.readOrdinaryObject(ObjectInputStream.java:2228)
	at java.base/java.io.ObjectInputStream.readObject0(ObjectInputStream.java:1687)
	at java.base/java.io.ObjectInputStream.defaultReadFields(ObjectInputStream.java:2496)
	at java.base/java.io.ObjectInputStream.readSerialData(ObjectInputStream.java:2390)
	at java.base/java.io.ObjectInputStream.readOrdinaryObject(ObjectInputStream.java:2228)
	at java.base/java.io.ObjectInputStream.readObject0(ObjectInputStream.java:1687)
	at java.base/java.io.ObjectInputStream.readObject(ObjectInputStream.java:489)
	at java.base/java.io.ObjectInputStream.readObject(ObjectInputStream.java:447)
	at java.rmi/sun.rmi.server.UnicastRef.unmarshalValue(UnicastRef.java:327)
	at java.rmi/sun.rmi.server.UnicastServerRef.dispatch(UnicastServerRef.java:339)
	... 12 common frames omitted
Caused by: java.lang.IllegalArgumentException: expect to get instruction without BasicBlock already set
	at org.evosuite.graphs.cfg.BasicBlock.appendInstruction(BasicBlock.java:225)
	at org.evosuite.graphs.cfg.BasicBlock.setInstructions(BasicBlock.java:206)
	at org.evosuite.graphs.cfg.BasicBlock.<init>(BasicBlock.java:106)
	at org.evosuite.graphs.cfg.RawControlFlowGraph.determineBasicBlockFor(RawControlFlowGraph.java:314)
	at org.evosuite.graphs.cfg.ActualControlFlowGraph.computeNodes(ActualControlFlowGraph.java:295)
	at org.evosuite.graphs.cfg.ActualControlFlowGraph.computeGraph(ActualControlFlowGraph.java:262)
	at org.evosuite.graphs.cfg.ActualControlFlowGraph.<init>(ActualControlFlowGraph.java:97)
	at org.evosuite.graphs.cfg.CFGGenerator.computeActualCFG(CFGGenerator.java:218)
	at org.evosuite.graphs.cfg.CFGGenerator.registerCFGs(CFGGenerator.java:102)
	at org.evosuite.graphs.cfg.CFGMethodAdapter.visitEnd(CFGMethodAdapter.java:219)
	at org.evosuite.shaded.org.objectweb.asm.MethodVisitor.visitEnd(MethodVisitor.java:783)
	at org.evosuite.shaded.org.objectweb.asm.MethodVisitor.visitEnd(MethodVisitor.java:783)
	at org.evosuite.shaded.org.objectweb.asm.MethodVisitor.visitEnd(MethodVisitor.java:783)
	at org.evosuite.shaded.org.objectweb.asm.tree.MethodNode.accept(MethodNode.java:772)
	at org.evosuite.shaded.org.objectweb.asm.tree.MethodNode.accept(MethodNode.java:649)
	at org.evosuite.shaded.org.objectweb.asm.tree.ClassNode.accept(ClassNode.java:452)
	at org.evosuite.instrumentation.BytecodeInstrumentation.transformBytes(BytecodeInstrumentation.java:282)
	at org.evosuite.instrumentation.InstrumentingClassLoader.getTransformedBytes(InstrumentingClassLoader.java:135)
	at org.evosuite.instrumentation.InstrumentingClassLoader.instrumentClass(InstrumentingClassLoader.java:149)
	... 77 common frames omitted
[Progress:==>                           9%] [Cov:==========================>        75%][Progress:===>                          10%] [Cov:==========================>        75%][Progress:===>                          10%] [Cov:==========================>        75%][Progress:===>                          10%] [Cov:==========================>        75%][Progress:===>                          10%] [Cov:==========================>        75%][MASTER] 07:41:19.798 [logback-1] WARN  ClientNodeImpl - Cannot send statistics to master; continuing without statistics
java.rmi.ServerException: RemoteException occurred in server thread; nested exception is: 
	java.rmi.UnmarshalException: error unmarshalling arguments; nested exception is: 
	java.lang.ClassNotFoundException: expect to get instruction without BasicBlock already set
	at java.rmi/sun.rmi.server.UnicastServerRef.dispatch(UnicastServerRef.java:391)
	at java.rmi/sun.rmi.transport.Transport$1.run(Transport.java:200)
	at java.rmi/sun.rmi.transport.Transport$1.run(Transport.java:197)
	at java.base/java.security.AccessController.doPrivileged(Native Method)
	at java.rmi/sun.rmi.transport.Transport.serviceCall(Transport.java:196)
	at java.rmi/sun.rmi.transport.tcp.TCPTransport.handleMessages(TCPTransport.java:562)
	at java.rmi/sun.rmi.transport.tcp.TCPTransport$ConnectionHandler.run0(TCPTransport.java:796)
	at java.rmi/sun.rmi.transport.tcp.TCPTransport$ConnectionHandler.lambda$run$0(TCPTransport.java:677)
	at java.base/java.security.AccessController.doPrivileged(Native Method)
	at java.rmi/sun.rmi.transport.tcp.TCPTransport$ConnectionHandler.run(TCPTransport.java:676)
	at java.base/java.util.concurrent.ThreadPoolExecutor.runWorker(ThreadPoolExecutor.java:1128)
	at java.base/java.util.concurrent.ThreadPoolExecutor$Worker.run(ThreadPoolExecutor.java:628)
	at java.base/java.lang.Thread.run(Thread.java:829)
	at java.rmi/sun.rmi.transport.StreamRemoteCall.exceptionReceivedFromServer(StreamRemoteCall.java:303)
	at java.rmi/sun.rmi.transport.StreamRemoteCall.executeCall(StreamRemoteCall.java:279)
	at java.rmi/sun.rmi.server.UnicastRef.invoke(UnicastRef.java:164)
	at java.rmi/java.rmi.server.RemoteObjectInvocationHandler.invokeRemoteMethod(RemoteObjectInvocationHandler.java:217)
	at java.rmi/java.rmi.server.RemoteObjectInvocationHandler.invoke(RemoteObjectInvocationHandler.java:162)
	at com.sun.proxy.$Proxy7.evosuite_collectStatistics(Unknown Source)
	at org.evosuite.rmi.service.ClientNodeImpl.updateStatistics(ClientNodeImpl.java:251)
	at org.evosuite.statistics.StatisticsSender.sendIndividualToMaster(StatisticsSender.java:62)
	at org.evosuite.statistics.StatisticsListener.lambda$new$0(StatisticsListener.java:76)
	at java.base/java.lang.Thread.run(Thread.java:829)
Caused by: java.rmi.UnmarshalException: error unmarshalling arguments; nested exception is: 
	java.lang.ClassNotFoundException: expect to get instruction without BasicBlock already set
	at java.rmi/sun.rmi.server.UnicastServerRef.dispatch(UnicastServerRef.java:350)
	at java.rmi/sun.rmi.transport.Transport$1.run(Transport.java:200)
	at java.rmi/sun.rmi.transport.Transport$1.run(Transport.java:197)
	at java.base/java.security.AccessController.doPrivileged(Native Method)
	at java.rmi/sun.rmi.transport.Transport.serviceCall(Transport.java:196)
	at java.rmi/sun.rmi.transport.tcp.TCPTransport.handleMessages(TCPTransport.java:562)
	at java.rmi/sun.rmi.transport.tcp.TCPTransport$ConnectionHandler.run0(TCPTransport.java:796)
	at java.rmi/sun.rmi.transport.tcp.TCPTransport$ConnectionHandler.lambda$run$0(TCPTransport.java:677)
	at java.base/java.security.AccessController.doPrivileged(Native Method)
	at java.rmi/sun.rmi.transport.tcp.TCPTransport$ConnectionHandler.run(TCPTransport.java:676)
	at java.base/java.util.concurrent.ThreadPoolExecutor.runWorker(ThreadPoolExecutor.java:1128)
	at java.base/java.util.concurrent.ThreadPoolExecutor$Worker.run(ThreadPoolExecutor.java:628)
	... 1 common frames omitted
Caused by: java.lang.ClassNotFoundException: expect to get instruction without BasicBlock already set
	at org.evosuite.instrumentation.InstrumentingClassLoader.instrumentClass(InstrumentingClassLoader.java:158)
	at org.evosuite.instrumentation.InstrumentingClassLoader.loadClass(InstrumentingClassLoader.java:126)
	at org.evosuite.utils.generic.GenericClassImpl.getClass(GenericClassImpl.java:139)
	at org.evosuite.utils.generic.GenericClassImpl.getClass(GenericClassImpl.java:105)
	at org.evosuite.utils.generic.GenericClassImpl.readObject(GenericClassImpl.java:1671)
	at jdk.internal.reflect.GeneratedMethodAccessor9.invoke(Unknown Source)
	at java.base/jdk.internal.reflect.DelegatingMethodAccessorImpl.invoke(DelegatingMethodAccessorImpl.java:43)
	at java.base/java.lang.reflect.Method.invoke(Method.java:566)
	at java.base/java.io.ObjectStreamClass.invokeReadObject(ObjectStreamClass.java:1046)
	at java.base/java.io.ObjectInputStream.readSerialData(ObjectInputStream.java:2357)
	at java.base/java.io.ObjectInputStream.readOrdinaryObject(ObjectInputStream.java:2228)
	at java.base/java.io.ObjectInputStream.readObject0(ObjectInputStream.java:1687)
	at java.base/java.io.ObjectInputStream.defaultReadFields(ObjectInputStream.java:2496)
	at java.base/java.io.ObjectInputStream.readSerialData(ObjectInputStream.java:2390)
	at java.base/java.io.ObjectInputStream.readOrdinaryObject(ObjectInputStream.java:2228)
	at java.base/java.io.ObjectInputStream.readObject0(ObjectInputStream.java:1687)
	at java.base/java.io.ObjectInputStream.defaultReadFields(ObjectInputStream.java:2496)
	at java.base/java.io.ObjectInputStream.readSerialData(ObjectInputStream.java:2390)
	at java.base/java.io.ObjectInputStream.readOrdinaryObject(ObjectInputStream.java:2228)
	at java.base/java.io.ObjectInputStream.readObject0(ObjectInputStream.java:1687)
	at java.base/java.io.ObjectInputStream.readObject(ObjectInputStream.java:489)
	at java.base/java.io.ObjectInputStream.readObject(ObjectInputStream.java:447)
	at java.base/java.util.ArrayList.readObject(ArrayList.java:929)
	at java.base/jdk.internal.reflect.GeneratedMethodAccessor7.invoke(Unknown Source)
	at java.base/jdk.internal.reflect.DelegatingMethodAccessorImpl.invoke(DelegatingMethodAccessorImpl.java:43)
	at java.base/java.lang.reflect.Method.invoke(Method.java:566)
	at java.base/java.io.ObjectStreamClass.invokeReadObject(ObjectStreamClass.java:1046)
	at java.base/java.io.ObjectInputStream.readSerialData(ObjectInputStream.java:2357)
	at java.base/java.io.ObjectInputStream.readOrdinaryObject(ObjectInputStream.java:2228)
	at java.base/java.io.ObjectInputStream.readObject0(ObjectInputStream.java:1687)
	at java.base/java.io.ObjectInputStream.defaultReadFields(ObjectInputStream.java:2496)
	at java.base/java.io.ObjectInputStream.readSerialData(ObjectInputStream.java:2390)
	at java.base/java.io.ObjectInputStream.readOrdinaryObject(ObjectInputStream.java:2228)
	at java.base/java.io.ObjectInputStream.readObject0(ObjectInputStream.java:1687)
	at java.base/java.io.ObjectInputStream.defaultReadFields(ObjectInputStream.java:2496)
	at java.base/java.io.ObjectInputStream.defaultReadObject(ObjectInputStream.java:625)
	at org.evosuite.testcase.DefaultTestCase.readObject(DefaultTestCase.java:1217)
	at jdk.internal.reflect.GeneratedMethodAccessor14.invoke(Unknown Source)
	at java.base/jdk.internal.reflect.DelegatingMethodAccessorImpl.invoke(DelegatingMethodAccessorImpl.java:43)
	at java.base/java.lang.reflect.Method.invoke(Method.java:566)
	at java.base/java.io.ObjectStreamClass.invokeReadObject(ObjectStreamClass.java:1046)
	at java.base/java.io.ObjectInputStream.readSerialData(ObjectInputStream.java:2357)
	at java.base/java.io.ObjectInputStream.readOrdinaryObject(ObjectInputStream.java:2228)
	at java.base/java.io.ObjectInputStream.readObject0(ObjectInputStream.java:1687)
	at java.base/java.io.ObjectInputStream.defaultReadFields(ObjectInputStream.java:2496)
	at java.base/java.io.ObjectInputStream.readSerialData(ObjectInputStream.java:2390)
	at java.base/java.io.ObjectInputStream.readOrdinaryObject(ObjectInputStream.java:2228)
	at java.base/java.io.ObjectInputStream.readObject0(ObjectInputStream.java:1687)
	at java.base/java.io.ObjectInputStream.readObject(ObjectInputStream.java:489)
	at java.base/java.io.ObjectInputStream.readObject(ObjectInputStream.java:447)
	at java.base/java.util.ArrayList.readObject(ArrayList.java:929)
	at java.base/jdk.internal.reflect.GeneratedMethodAccessor7.invoke(Unknown Source)
	at java.base/jdk.internal.reflect.DelegatingMethodAccessorImpl.invoke(DelegatingMethodAccessorImpl.java:43)
	at java.base/java.lang.reflect.Method.invoke(Method.java:566)
	at java.base/java.io.ObjectStreamClass.invokeReadObject(ObjectStreamClass.java:1046)
	at java.base/java.io.ObjectInputStream.readSerialData(ObjectInputStream.java:2357)
	at java.base/java.io.ObjectInputStream.readOrdinaryObject(ObjectInputStream.java:2228)
	at java.base/java.io.ObjectInputStream.readObject0(ObjectInputStream.java:1687)
	at java.base/java.io.ObjectInputStream.defaultReadFields(ObjectInputStream.java:2496)
	at java.base/java.io.ObjectInputStream.readSerialData(ObjectInputStream.java:2390)
	at java.base/java.io.ObjectInputStream.readOrdinaryObject(ObjectInputStream.java:2228)
	at java.base/java.io.ObjectInputStream.readObject0(ObjectInputStream.java:1687)
	at java.base/java.io.ObjectInputStream.readObject(ObjectInputStream.java:489)
	at java.base/java.io.ObjectInputStream.readObject(ObjectInputStream.java:447)
	at java.rmi/sun.rmi.server.UnicastRef.unmarshalValue(UnicastRef.java:327)
	at java.rmi/sun.rmi.server.UnicastServerRef.dispatch(UnicastServerRef.java:339)
	... 12 common frames omitted
Caused by: java.lang.IllegalArgumentException: expect to get instruction without BasicBlock already set
	at org.evosuite.graphs.cfg.BasicBlock.appendInstruction(BasicBlock.java:225)
	at org.evosuite.graphs.cfg.BasicBlock.setInstructions(BasicBlock.java:206)
	at org.evosuite.graphs.cfg.BasicBlock.<init>(BasicBlock.java:106)
	at org.evosuite.graphs.cfg.RawControlFlowGraph.determineBasicBlockFor(RawControlFlowGraph.java:314)
	at org.evosuite.graphs.cfg.ActualControlFlowGraph.computeNodes(ActualControlFlowGraph.java:295)
	at org.evosuite.graphs.cfg.ActualControlFlowGraph.computeGraph(ActualControlFlowGraph.java:262)
	at org.evosuite.graphs.cfg.ActualControlFlowGraph.<init>(ActualControlFlowGraph.java:97)
	at org.evosuite.graphs.cfg.CFGGenerator.computeActualCFG(CFGGenerator.java:218)
	at org.evosuite.graphs.cfg.CFGGenerator.registerCFGs(CFGGenerator.java:102)
	at org.evosuite.graphs.cfg.CFGMethodAdapter.visitEnd(CFGMethodAdapter.java:219)
	at org.evosuite.shaded.org.objectweb.asm.MethodVisitor.visitEnd(MethodVisitor.java:783)
	at org.evosuite.shaded.org.objectweb.asm.MethodVisitor.visitEnd(MethodVisitor.java:783)
	at org.evosuite.shaded.org.objectweb.asm.MethodVisitor.visitEnd(MethodVisitor.java:783)
	at org.evosuite.shaded.org.objectweb.asm.tree.MethodNode.accept(MethodNode.java:772)
	at org.evosuite.shaded.org.objectweb.asm.tree.MethodNode.accept(MethodNode.java:649)
	at org.evosuite.shaded.org.objectweb.asm.tree.ClassNode.accept(ClassNode.java:452)
	at org.evosuite.instrumentation.BytecodeInstrumentation.transformBytes(BytecodeInstrumentation.java:282)
	at org.evosuite.instrumentation.InstrumentingClassLoader.getTransformedBytes(InstrumentingClassLoader.java:135)
	at org.evosuite.instrumentation.InstrumentingClassLoader.instrumentClass(InstrumentingClassLoader.java:149)
	... 77 common frames omitted
[Progress:===>                          10%] [Cov:==========================>        75%][Progress:===>                          11%] [Cov:==========================>        75%][Progress:===>                          11%] [Cov:==========================>        75%][Progress:===>                          11%] [Cov:==========================>        75%][Progress:===>                          12%] [Cov:==========================>        75%][MASTER] 07:41:21.676 [logback-1] WARN  ClientNodeImpl - Cannot send statistics to master; continuing without statistics
java.rmi.ServerException: RemoteException occurred in server thread; nested exception is: 
	java.rmi.UnmarshalException: error unmarshalling arguments; nested exception is: 
	java.lang.ClassNotFoundException: expect to get instruction without BasicBlock already set
	at java.rmi/sun.rmi.server.UnicastServerRef.dispatch(UnicastServerRef.java:391)
	at java.rmi/sun.rmi.transport.Transport$1.run(Transport.java:200)
	at java.rmi/sun.rmi.transport.Transport$1.run(Transport.java:197)
	at java.base/java.security.AccessController.doPrivileged(Native Method)
	at java.rmi/sun.rmi.transport.Transport.serviceCall(Transport.java:196)
	at java.rmi/sun.rmi.transport.tcp.TCPTransport.handleMessages(TCPTransport.java:562)
	at java.rmi/sun.rmi.transport.tcp.TCPTransport$ConnectionHandler.run0(TCPTransport.java:796)
	at java.rmi/sun.rmi.transport.tcp.TCPTransport$ConnectionHandler.lambda$run$0(TCPTransport.java:677)
	at java.base/java.security.AccessController.doPrivileged(Native Method)
	at java.rmi/sun.rmi.transport.tcp.TCPTransport$ConnectionHandler.run(TCPTransport.java:676)
	at java.base/java.util.concurrent.ThreadPoolExecutor.runWorker(ThreadPoolExecutor.java:1128)
	at java.base/java.util.concurrent.ThreadPoolExecutor$Worker.run(ThreadPoolExecutor.java:628)
	at java.base/java.lang.Thread.run(Thread.java:829)
	at java.rmi/sun.rmi.transport.StreamRemoteCall.exceptionReceivedFromServer(StreamRemoteCall.java:303)
	at java.rmi/sun.rmi.transport.StreamRemoteCall.executeCall(StreamRemoteCall.java:279)
	at java.rmi/sun.rmi.server.UnicastRef.invoke(UnicastRef.java:164)
	at java.rmi/java.rmi.server.RemoteObjectInvocationHandler.invokeRemoteMethod(RemoteObjectInvocationHandler.java:217)
	at java.rmi/java.rmi.server.RemoteObjectInvocationHandler.invoke(RemoteObjectInvocationHandler.java:162)
	at com.sun.proxy.$Proxy7.evosuite_collectStatistics(Unknown Source)
	at org.evosuite.rmi.service.ClientNodeImpl.updateStatistics(ClientNodeImpl.java:251)
	at org.evosuite.statistics.StatisticsSender.sendIndividualToMaster(StatisticsSender.java:62)
	at org.evosuite.statistics.StatisticsListener.lambda$new$0(StatisticsListener.java:76)
	at java.base/java.lang.Thread.run(Thread.java:829)
Caused by: java.rmi.UnmarshalException: error unmarshalling arguments; nested exception is: 
	java.lang.ClassNotFoundException: expect to get instruction without BasicBlock already set
	at java.rmi/sun.rmi.server.UnicastServerRef.dispatch(UnicastServerRef.java:350)
	at java.rmi/sun.rmi.transport.Transport$1.run(Transport.java:200)
	at java.rmi/sun.rmi.transport.Transport$1.run(Transport.java:197)
	at java.base/java.security.AccessController.doPrivileged(Native Method)
	at java.rmi/sun.rmi.transport.Transport.serviceCall(Transport.java:196)
	at java.rmi/sun.rmi.transport.tcp.TCPTransport.handleMessages(TCPTransport.java:562)
	at java.rmi/sun.rmi.transport.tcp.TCPTransport$ConnectionHandler.run0(TCPTransport.java:796)
	at java.rmi/sun.rmi.transport.tcp.TCPTransport$ConnectionHandler.lambda$run$0(TCPTransport.java:677)
	at java.base/java.security.AccessController.doPrivileged(Native Method)
	at java.rmi/sun.rmi.transport.tcp.TCPTransport$ConnectionHandler.run(TCPTransport.java:676)
	at java.base/java.util.concurrent.ThreadPoolExecutor.runWorker(ThreadPoolExecutor.java:1128)
	at java.base/java.util.concurrent.ThreadPoolExecutor$Worker.run(ThreadPoolExecutor.java:628)
	... 1 common frames omitted
Caused by: java.lang.ClassNotFoundException: expect to get instruction without BasicBlock already set
	at org.evosuite.instrumentation.InstrumentingClassLoader.instrumentClass(InstrumentingClassLoader.java:158)
	at org.evosuite.instrumentation.InstrumentingClassLoader.loadClass(InstrumentingClassLoader.java:126)
	at org.evosuite.utils.generic.GenericClassImpl.getClass(GenericClassImpl.java:139)
	at org.evosuite.utils.generic.GenericClassImpl.getClass(GenericClassImpl.java:105)
	at org.evosuite.utils.generic.GenericClassImpl.readObject(GenericClassImpl.java:1671)
	at jdk.internal.reflect.GeneratedMethodAccessor9.invoke(Unknown Source)
	at java.base/jdk.internal.reflect.DelegatingMethodAccessorImpl.invoke(DelegatingMethodAccessorImpl.java:43)
	at java.base/java.lang.reflect.Method.invoke(Method.java:566)
	at java.base/java.io.ObjectStreamClass.invokeReadObject(ObjectStreamClass.java:1046)
	at java.base/java.io.ObjectInputStream.readSerialData(ObjectInputStream.java:2357)
	at java.base/java.io.ObjectInputStream.readOrdinaryObject(ObjectInputStream.java:2228)
	at java.base/java.io.ObjectInputStream.readObject0(ObjectInputStream.java:1687)
	at java.base/java.io.ObjectInputStream.defaultReadFields(ObjectInputStream.java:2496)
	at java.base/java.io.ObjectInputStream.readSerialData(ObjectInputStream.java:2390)
	at java.base/java.io.ObjectInputStream.readOrdinaryObject(ObjectInputStream.java:2228)
	at java.base/java.io.ObjectInputStream.readObject0(ObjectInputStream.java:1687)
	at java.base/java.io.ObjectInputStream.defaultReadFields(ObjectInputStream.java:2496)
	at java.base/java.io.ObjectInputStream.readSerialData(ObjectInputStream.java:2390)
	at java.base/java.io.ObjectInputStream.readOrdinaryObject(ObjectInputStream.java:2228)
	at java.base/java.io.ObjectInputStream.readObject0(ObjectInputStream.java:1687)
	at java.base/java.io.ObjectInputStream.readObject(ObjectInputStream.java:489)
	at java.base/java.io.ObjectInputStream.readObject(ObjectInputStream.java:447)
	at java.base/java.util.ArrayList.readObject(ArrayList.java:929)
	at java.base/jdk.internal.reflect.GeneratedMethodAccessor7.invoke(Unknown Source)
	at java.base/jdk.internal.reflect.DelegatingMethodAccessorImpl.invoke(DelegatingMethodAccessorImpl.java:43)
	at java.base/java.lang.reflect.Method.invoke(Method.java:566)
	at java.base/java.io.ObjectStreamClass.invokeReadObject(ObjectStreamClass.java:1046)
	at java.base/java.io.ObjectInputStream.readSerialData(ObjectInputStream.java:2357)
	at java.base/java.io.ObjectInputStream.readOrdinaryObject(ObjectInputStream.java:2228)
	at java.base/java.io.ObjectInputStream.readObject0(ObjectInputStream.java:1687)
	at java.base/java.io.ObjectInputStream.defaultReadFields(ObjectInputStream.java:2496)
	at java.base/java.io.ObjectInputStream.readSerialData(ObjectInputStream.java:2390)
	at java.base/java.io.ObjectInputStream.readOrdinaryObject(ObjectInputStream.java:2228)
	at java.base/java.io.ObjectInputStream.readObject0(ObjectInputStream.java:1687)
	at java.base/java.io.ObjectInputStream.defaultReadFields(ObjectInputStream.java:2496)
	at java.base/java.io.ObjectInputStream.defaultReadObject(ObjectInputStream.java:625)
	at org.evosuite.testcase.DefaultTestCase.readObject(DefaultTestCase.java:1217)
	at jdk.internal.reflect.GeneratedMethodAccessor14.invoke(Unknown Source)
	at java.base/jdk.internal.reflect.DelegatingMethodAccessorImpl.invoke(DelegatingMethodAccessorImpl.java:43)
	at java.base/java.lang.reflect.Method.invoke(Method.java:566)
	at java.base/java.io.ObjectStreamClass.invokeReadObject(ObjectStreamClass.java:1046)
	at java.base/java.io.ObjectInputStream.readSerialData(ObjectInputStream.java:2357)
	at java.base/java.io.ObjectInputStream.readOrdinaryObject(ObjectInputStream.java:2228)
	at java.base/java.io.ObjectInputStream.readObject0(ObjectInputStream.java:1687)
	at java.base/java.io.ObjectInputStream.defaultReadFields(ObjectInputStream.java:2496)
	at java.base/java.io.ObjectInputStream.readSerialData(ObjectInputStream.java:2390)
	at java.base/java.io.ObjectInputStream.readOrdinaryObject(ObjectInputStream.java:2228)
	at java.base/java.io.ObjectInputStream.readObject0(ObjectInputStream.java:1687)
	at java.base/java.io.ObjectInputStream.readObject(ObjectInputStream.java:489)
	at java.base/java.io.ObjectInputStream.readObject(ObjectInputStream.java:447)
	at java.base/java.util.ArrayList.readObject(ArrayList.java:929)
	at java.base/jdk.internal.reflect.GeneratedMethodAccessor7.invoke(Unknown Source)
	at java.base/jdk.internal.reflect.DelegatingMethodAccessorImpl.invoke(DelegatingMethodAccessorImpl.java:43)
	at java.base/java.lang.reflect.Method.invoke(Method.java:566)
	at java.base/java.io.ObjectStreamClass.invokeReadObject(ObjectStreamClass.java:1046)
	at java.base/java.io.ObjectInputStream.readSerialData(ObjectInputStream.java:2357)
	at java.base/java.io.ObjectInputStream.readOrdinaryObject(ObjectInputStream.java:2228)
	at java.base/java.io.ObjectInputStream.readObject0(ObjectInputStream.java:1687)
	at java.base/java.io.ObjectInputStream.defaultReadFields(ObjectInputStream.java:2496)
	at java.base/java.io.ObjectInputStream.readSerialData(ObjectInputStream.java:2390)
	at java.base/java.io.ObjectInputStream.readOrdinaryObject(ObjectInputStream.java:2228)
	at java.base/java.io.ObjectInputStream.readObject0(ObjectInputStream.java:1687)
	at java.base/java.io.ObjectInputStream.readObject(ObjectInputStream.java:489)
	at java.base/java.io.ObjectInputStream.readObject(ObjectInputStream.java:447)
	at java.rmi/sun.rmi.server.UnicastRef.unmarshalValue(UnicastRef.java:327)
	at java.rmi/sun.rmi.server.UnicastServerRef.dispatch(UnicastServerRef.java:339)
	... 12 common frames omitted
Caused by: java.lang.IllegalArgumentException: expect to get instruction without BasicBlock already set
	at org.evosuite.graphs.cfg.BasicBlock.appendInstruction(BasicBlock.java:225)
	at org.evosuite.graphs.cfg.BasicBlock.setInstructions(BasicBlock.java:206)
	at org.evosuite.graphs.cfg.BasicBlock.<init>(BasicBlock.java:106)
	at org.evosuite.graphs.cfg.RawControlFlowGraph.determineBasicBlockFor(RawControlFlowGraph.java:314)
	at org.evosuite.graphs.cfg.ActualControlFlowGraph.computeNodes(ActualControlFlowGraph.java:295)
	at org.evosuite.graphs.cfg.ActualControlFlowGraph.computeGraph(ActualControlFlowGraph.java:262)
	at org.evosuite.graphs.cfg.ActualControlFlowGraph.<init>(ActualControlFlowGraph.java:97)
	at org.evosuite.graphs.cfg.CFGGenerator.computeActualCFG(CFGGenerator.java:218)
	at org.evosuite.graphs.cfg.CFGGenerator.registerCFGs(CFGGenerator.java:102)
	at org.evosuite.graphs.cfg.CFGMethodAdapter.visitEnd(CFGMethodAdapter.java:219)
	at org.evosuite.shaded.org.objectweb.asm.MethodVisitor.visitEnd(MethodVisitor.java:783)
	at org.evosuite.shaded.org.objectweb.asm.MethodVisitor.visitEnd(MethodVisitor.java:783)
	at org.evosuite.shaded.org.objectweb.asm.MethodVisitor.visitEnd(MethodVisitor.java:783)
	at org.evosuite.shaded.org.objectweb.asm.tree.MethodNode.accept(MethodNode.java:772)
	at org.evosuite.shaded.org.objectweb.asm.tree.MethodNode.accept(MethodNode.java:649)
	at org.evosuite.shaded.org.objectweb.asm.tree.ClassNode.accept(ClassNode.java:452)
	at org.evosuite.instrumentation.BytecodeInstrumentation.transformBytes(BytecodeInstrumentation.java:282)
	at org.evosuite.instrumentation.InstrumentingClassLoader.getTransformedBytes(InstrumentingClassLoader.java:135)
	at org.evosuite.instrumentation.InstrumentingClassLoader.instrumentClass(InstrumentingClassLoader.java:149)
	... 77 common frames omitted
[Progress:===>                          12%] [Cov:==========================>        75%][Progress:===>                          12%] [Cov:==========================>        75%][Progress:===>                          13%] [Cov:==========================>        75%][Progress:===>                          13%] [Cov:==========================>        75%][Progress:===>                          13%] [Cov:==========================>        75%][Progress:====>                         14%] [Cov:==========================>        75%][MASTER] 07:41:24.268 [logback-1] WARN  ClientNodeImpl - Cannot send statistics to master; continuing without statistics
java.rmi.ServerException: RemoteException occurred in server thread; nested exception is: 
	java.rmi.UnmarshalException: error unmarshalling arguments; nested exception is: 
	java.lang.ClassNotFoundException: expect to get instruction without BasicBlock already set
	at java.rmi/sun.rmi.server.UnicastServerRef.dispatch(UnicastServerRef.java:391)
	at java.rmi/sun.rmi.transport.Transport$1.run(Transport.java:200)
	at java.rmi/sun.rmi.transport.Transport$1.run(Transport.java:197)
	at java.base/java.security.AccessController.doPrivileged(Native Method)
	at java.rmi/sun.rmi.transport.Transport.serviceCall(Transport.java:196)
	at java.rmi/sun.rmi.transport.tcp.TCPTransport.handleMessages(TCPTransport.java:562)
	at java.rmi/sun.rmi.transport.tcp.TCPTransport$ConnectionHandler.run0(TCPTransport.java:796)
	at java.rmi/sun.rmi.transport.tcp.TCPTransport$ConnectionHandler.lambda$run$0(TCPTransport.java:677)
	at java.base/java.security.AccessController.doPrivileged(Native Method)
	at java.rmi/sun.rmi.transport.tcp.TCPTransport$ConnectionHandler.run(TCPTransport.java:676)
	at java.base/java.util.concurrent.ThreadPoolExecutor.runWorker(ThreadPoolExecutor.java:1128)
	at java.base/java.util.concurrent.ThreadPoolExecutor$Worker.run(ThreadPoolExecutor.java:628)
	at java.base/java.lang.Thread.run(Thread.java:829)
	at java.rmi/sun.rmi.transport.StreamRemoteCall.exceptionReceivedFromServer(StreamRemoteCall.java:303)
	at java.rmi/sun.rmi.transport.StreamRemoteCall.executeCall(StreamRemoteCall.java:279)
	at java.rmi/sun.rmi.server.UnicastRef.invoke(UnicastRef.java:164)
	at java.rmi/java.rmi.server.RemoteObjectInvocationHandler.invokeRemoteMethod(RemoteObjectInvocationHandler.java:217)
	at java.rmi/java.rmi.server.RemoteObjectInvocationHandler.invoke(RemoteObjectInvocationHandler.java:162)
	at com.sun.proxy.$Proxy7.evosuite_collectStatistics(Unknown Source)
	at org.evosuite.rmi.service.ClientNodeImpl.updateStatistics(ClientNodeImpl.java:251)
	at org.evosuite.statistics.StatisticsSender.sendIndividualToMaster(StatisticsSender.java:62)
	at org.evosuite.statistics.StatisticsListener.lambda$new$0(StatisticsListener.java:76)
	at java.base/java.lang.Thread.run(Thread.java:829)
Caused by: java.rmi.UnmarshalException: error unmarshalling arguments; nested exception is: 
	java.lang.ClassNotFoundException: expect to get instruction without BasicBlock already set
	at java.rmi/sun.rmi.server.UnicastServerRef.dispatch(UnicastServerRef.java:350)
	at java.rmi/sun.rmi.transport.Transport$1.run(Transport.java:200)
	at java.rmi/sun.rmi.transport.Transport$1.run(Transport.java:197)
	at java.base/java.security.AccessController.doPrivileged(Native Method)
	at java.rmi/sun.rmi.transport.Transport.serviceCall(Transport.java:196)
	at java.rmi/sun.rmi.transport.tcp.TCPTransport.handleMessages(TCPTransport.java:562)
	at java.rmi/sun.rmi.transport.tcp.TCPTransport$ConnectionHandler.run0(TCPTransport.java:796)
	at java.rmi/sun.rmi.transport.tcp.TCPTransport$ConnectionHandler.lambda$run$0(TCPTransport.java:677)
	at java.base/java.security.AccessController.doPrivileged(Native Method)
	at java.rmi/sun.rmi.transport.tcp.TCPTransport$ConnectionHandler.run(TCPTransport.java:676)
	at java.base/java.util.concurrent.ThreadPoolExecutor.runWorker(ThreadPoolExecutor.java:1128)
	at java.base/java.util.concurrent.ThreadPoolExecutor$Worker.run(ThreadPoolExecutor.java:628)
	... 1 common frames omitted
Caused by: java.lang.ClassNotFoundException: expect to get instruction without BasicBlock already set
	at org.evosuite.instrumentation.InstrumentingClassLoader.instrumentClass(InstrumentingClassLoader.java:158)
	at org.evosuite.instrumentation.InstrumentingClassLoader.loadClass(InstrumentingClassLoader.java:126)
	at org.evosuite.utils.generic.GenericClassImpl.getClass(GenericClassImpl.java:139)
	at org.evosuite.utils.generic.GenericClassImpl.getClass(GenericClassImpl.java:105)
	at org.evosuite.utils.generic.GenericClassImpl.readObject(GenericClassImpl.java:1671)
	at jdk.internal.reflect.GeneratedMethodAccessor9.invoke(Unknown Source)
	at java.base/jdk.internal.reflect.DelegatingMethodAccessorImpl.invoke(DelegatingMethodAccessorImpl.java:43)
	at java.base/java.lang.reflect.Method.invoke(Method.java:566)
	at java.base/java.io.ObjectStreamClass.invokeReadObject(ObjectStreamClass.java:1046)
	at java.base/java.io.ObjectInputStream.readSerialData(ObjectInputStream.java:2357)
	at java.base/java.io.ObjectInputStream.readOrdinaryObject(ObjectInputStream.java:2228)
	at java.base/java.io.ObjectInputStream.readObject0(ObjectInputStream.java:1687)
	at java.base/java.io.ObjectInputStream.defaultReadFields(ObjectInputStream.java:2496)
	at java.base/java.io.ObjectInputStream.readSerialData(ObjectInputStream.java:2390)
	at java.base/java.io.ObjectInputStream.readOrdinaryObject(ObjectInputStream.java:2228)
	at java.base/java.io.ObjectInputStream.readObject0(ObjectInputStream.java:1687)
	at java.base/java.io.ObjectInputStream.defaultReadFields(ObjectInputStream.java:2496)
	at java.base/java.io.ObjectInputStream.readSerialData(ObjectInputStream.java:2390)
	at java.base/java.io.ObjectInputStream.readOrdinaryObject(ObjectInputStream.java:2228)
	at java.base/java.io.ObjectInputStream.readObject0(ObjectInputStream.java:1687)
	at java.base/java.io.ObjectInputStream.readObject(ObjectInputStream.java:489)
	at java.base/java.io.ObjectInputStream.readObject(ObjectInputStream.java:447)
	at java.base/java.util.ArrayList.readObject(ArrayList.java:929)
	at java.base/jdk.internal.reflect.GeneratedMethodAccessor7.invoke(Unknown Source)
	at java.base/jdk.internal.reflect.DelegatingMethodAccessorImpl.invoke(DelegatingMethodAccessorImpl.java:43)
	at java.base/java.lang.reflect.Method.invoke(Method.java:566)
	at java.base/java.io.ObjectStreamClass.invokeReadObject(ObjectStreamClass.java:1046)
	at java.base/java.io.ObjectInputStream.readSerialData(ObjectInputStream.java:2357)
	at java.base/java.io.ObjectInputStream.readOrdinaryObject(ObjectInputStream.java:2228)
	at java.base/java.io.ObjectInputStream.readObject0(ObjectInputStream.java:1687)
	at java.base/java.io.ObjectInputStream.defaultReadFields(ObjectInputStream.java:2496)
	at java.base/java.io.ObjectInputStream.readSerialData(ObjectInputStream.java:2390)
	at java.base/java.io.ObjectInputStream.readOrdinaryObject(ObjectInputStream.java:2228)
	at java.base/java.io.ObjectInputStream.readObject0(ObjectInputStream.java:1687)
	at java.base/java.io.ObjectInputStream.defaultReadFields(ObjectInputStream.java:2496)
	at java.base/java.io.ObjectInputStream.defaultReadObject(ObjectInputStream.java:625)
	at org.evosuite.testcase.DefaultTestCase.readObject(DefaultTestCase.java:1217)
	at jdk.internal.reflect.GeneratedMethodAccessor14.invoke(Unknown Source)
	at java.base/jdk.internal.reflect.DelegatingMethodAccessorImpl.invoke(DelegatingMethodAccessorImpl.java:43)
	at java.base/java.lang.reflect.Method.invoke(Method.java:566)
	at java.base/java.io.ObjectStreamClass.invokeReadObject(ObjectStreamClass.java:1046)
	at java.base/java.io.ObjectInputStream.readSerialData(ObjectInputStream.java:2357)
	at java.base/java.io.ObjectInputStream.readOrdinaryObject(ObjectInputStream.java:2228)
	at java.base/java.io.ObjectInputStream.readObject0(ObjectInputStream.java:1687)
	at java.base/java.io.ObjectInputStream.defaultReadFields(ObjectInputStream.java:2496)
	at java.base/java.io.ObjectInputStream.readSerialData(ObjectInputStream.java:2390)
	at java.base/java.io.ObjectInputStream.readOrdinaryObject(ObjectInputStream.java:2228)
	at java.base/java.io.ObjectInputStream.readObject0(ObjectInputStream.java:1687)
	at java.base/java.io.ObjectInputStream.readObject(ObjectInputStream.java:489)
	at java.base/java.io.ObjectInputStream.readObject(ObjectInputStream.java:447)
	at java.base/java.util.ArrayList.readObject(ArrayList.java:929)
	at java.base/jdk.internal.reflect.GeneratedMethodAccessor7.invoke(Unknown Source)
	at java.base/jdk.internal.reflect.DelegatingMethodAccessorImpl.invoke(DelegatingMethodAccessorImpl.java:43)
	at java.base/java.lang.reflect.Method.invoke(Method.java:566)
	at java.base/java.io.ObjectStreamClass.invokeReadObject(ObjectStreamClass.java:1046)
	at java.base/java.io.ObjectInputStream.readSerialData(ObjectInputStream.java:2357)
	at java.base/java.io.ObjectInputStream.readOrdinaryObject(ObjectInputStream.java:2228)
	at java.base/java.io.ObjectInputStream.readObject0(ObjectInputStream.java:1687)
	at java.base/java.io.ObjectInputStream.defaultReadFields(ObjectInputStream.java:2496)
	at java.base/java.io.ObjectInputStream.readSerialData(ObjectInputStream.java:2390)
	at java.base/java.io.ObjectInputStream.readOrdinaryObject(ObjectInputStream.java:2228)
	at java.base/java.io.ObjectInputStream.readObject0(ObjectInputStream.java:1687)
	at java.base/java.io.ObjectInputStream.readObject(ObjectInputStream.java:489)
	at java.base/java.io.ObjectInputStream.readObject(ObjectInputStream.java:447)
	at java.rmi/sun.rmi.server.UnicastRef.unmarshalValue(UnicastRef.java:327)
	at java.rmi/sun.rmi.server.UnicastServerRef.dispatch(UnicastServerRef.java:339)
	... 12 common frames omitted
Caused by: java.lang.IllegalArgumentException: expect to get instruction without BasicBlock already set
	at org.evosuite.graphs.cfg.BasicBlock.appendInstruction(BasicBlock.java:225)
	at org.evosuite.graphs.cfg.BasicBlock.setInstructions(BasicBlock.java:206)
	at org.evosuite.graphs.cfg.BasicBlock.<init>(BasicBlock.java:106)
	at org.evosuite.graphs.cfg.RawControlFlowGraph.determineBasicBlockFor(RawControlFlowGraph.java:314)
	at org.evosuite.graphs.cfg.ActualControlFlowGraph.computeNodes(ActualControlFlowGraph.java:295)
	at org.evosuite.graphs.cfg.ActualControlFlowGraph.computeGraph(ActualControlFlowGraph.java:262)
	at org.evosuite.graphs.cfg.ActualControlFlowGraph.<init>(ActualControlFlowGraph.java:97)
	at org.evosuite.graphs.cfg.CFGGenerator.computeActualCFG(CFGGenerator.java:218)
	at org.evosuite.graphs.cfg.CFGGenerator.registerCFGs(CFGGenerator.java:102)
	at org.evosuite.graphs.cfg.CFGMethodAdapter.visitEnd(CFGMethodAdapter.java:219)
	at org.evosuite.shaded.org.objectweb.asm.MethodVisitor.visitEnd(MethodVisitor.java:783)
	at org.evosuite.shaded.org.objectweb.asm.MethodVisitor.visitEnd(MethodVisitor.java:783)
	at org.evosuite.shaded.org.objectweb.asm.MethodVisitor.visitEnd(MethodVisitor.java:783)
	at org.evosuite.shaded.org.objectweb.asm.tree.MethodNode.accept(MethodNode.java:772)
	at org.evosuite.shaded.org.objectweb.asm.tree.MethodNode.accept(MethodNode.java:649)
	at org.evosuite.shaded.org.objectweb.asm.tree.ClassNode.accept(ClassNode.java:452)
	at org.evosuite.instrumentation.BytecodeInstrumentation.transformBytes(BytecodeInstrumentation.java:282)
	at org.evosuite.instrumentation.InstrumentingClassLoader.getTransformedBytes(InstrumentingClassLoader.java:135)
	at org.evosuite.instrumentation.InstrumentingClassLoader.instrumentClass(InstrumentingClassLoader.java:149)
	... 77 common frames omitted
[Progress:====>                         15%] [Cov:==========================>        75%][Progress:====>                         15%] [Cov:==========================>        75%][Progress:====>                         15%] [Cov:==========================>        75%][Progress:====>                         15%] [Cov:==========================>        75%]GWO iteration=40 bestFitness=182.96774192540104 population=50 a=1.2
========== GWO EVOLVE iteration=40 population=50 ==========
[MASTER] 07:41:25.964 [logback-1] WARN  ClientNodeImpl - Cannot send statistics to master; continuing without statistics
java.rmi.ServerException: RemoteException occurred in server thread; nested exception is: 
	java.rmi.UnmarshalException: error unmarshalling arguments; nested exception is: 
	java.lang.ClassNotFoundException: expect to get instruction without BasicBlock already set
	at java.rmi/sun.rmi.server.UnicastServerRef.dispatch(UnicastServerRef.java:391)
	at java.rmi/sun.rmi.transport.Transport$1.run(Transport.java:200)
	at java.rmi/sun.rmi.transport.Transport$1.run(Transport.java:197)
	at java.base/java.security.AccessController.doPrivileged(Native Method)
	at java.rmi/sun.rmi.transport.Transport.serviceCall(Transport.java:196)
	at java.rmi/sun.rmi.transport.tcp.TCPTransport.handleMessages(TCPTransport.java:562)
	at java.rmi/sun.rmi.transport.tcp.TCPTransport$ConnectionHandler.run0(TCPTransport.java:796)
	at java.rmi/sun.rmi.transport.tcp.TCPTransport$ConnectionHandler.lambda$run$0(TCPTransport.java:677)
	at java.base/java.security.AccessController.doPrivileged(Native Method)
	at java.rmi/sun.rmi.transport.tcp.TCPTransport$ConnectionHandler.run(TCPTransport.java:676)
	at java.base/java.util.concurrent.ThreadPoolExecutor.runWorker(ThreadPoolExecutor.java:1128)
	at java.base/java.util.concurrent.ThreadPoolExecutor$Worker.run(ThreadPoolExecutor.java:628)
	at java.base/java.lang.Thread.run(Thread.java:829)
	at java.rmi/sun.rmi.transport.StreamRemoteCall.exceptionReceivedFromServer(StreamRemoteCall.java:303)
	at java.rmi/sun.rmi.transport.StreamRemoteCall.executeCall(StreamRemoteCall.java:279)
	at java.rmi/sun.rmi.server.UnicastRef.invoke(UnicastRef.java:164)
	at java.rmi/java.rmi.server.RemoteObjectInvocationHandler.invokeRemoteMethod(RemoteObjectInvocationHandler.java:217)
	at java.rmi/java.rmi.server.RemoteObjectInvocationHandler.invoke(RemoteObjectInvocationHandler.java:162)
	at com.sun.proxy.$Proxy7.evosuite_collectStatistics(Unknown Source)
	at org.evosuite.rmi.service.ClientNodeImpl.updateStatistics(ClientNodeImpl.java:251)
	at org.evosuite.statistics.StatisticsSender.sendIndividualToMaster(StatisticsSender.java:62)
	at org.evosuite.statistics.StatisticsListener.lambda$new$0(StatisticsListener.java:76)
	at java.base/java.lang.Thread.run(Thread.java:829)
Caused by: java.rmi.UnmarshalException: error unmarshalling arguments; nested exception is: 
	java.lang.ClassNotFoundException: expect to get instruction without BasicBlock already set
	at java.rmi/sun.rmi.server.UnicastServerRef.dispatch(UnicastServerRef.java:350)
	at java.rmi/sun.rmi.transport.Transport$1.run(Transport.java:200)
	at java.rmi/sun.rmi.transport.Transport$1.run(Transport.java:197)
	at java.base/java.security.AccessController.doPrivileged(Native Method)
	at java.rmi/sun.rmi.transport.Transport.serviceCall(Transport.java:196)
	at java.rmi/sun.rmi.transport.tcp.TCPTransport.handleMessages(TCPTransport.java:562)
	at java.rmi/sun.rmi.transport.tcp.TCPTransport$ConnectionHandler.run0(TCPTransport.java:796)
	at java.rmi/sun.rmi.transport.tcp.TCPTransport$ConnectionHandler.lambda$run$0(TCPTransport.java:677)
	at java.base/java.security.AccessController.doPrivileged(Native Method)
	at java.rmi/sun.rmi.transport.tcp.TCPTransport$ConnectionHandler.run(TCPTransport.java:676)
	at java.base/java.util.concurrent.ThreadPoolExecutor.runWorker(ThreadPoolExecutor.java:1128)
	at java.base/java.util.concurrent.ThreadPoolExecutor$Worker.run(ThreadPoolExecutor.java:628)
	... 1 common frames omitted
Caused by: java.lang.ClassNotFoundException: expect to get instruction without BasicBlock already set
	at org.evosuite.instrumentation.InstrumentingClassLoader.instrumentClass(InstrumentingClassLoader.java:158)
	at org.evosuite.instrumentation.InstrumentingClassLoader.loadClass(InstrumentingClassLoader.java:126)
	at org.evosuite.utils.generic.GenericClassImpl.getClass(GenericClassImpl.java:139)
	at org.evosuite.utils.generic.GenericClassImpl.getClass(GenericClassImpl.java:105)
	at org.evosuite.utils.generic.GenericClassImpl.readObject(GenericClassImpl.java:1671)
	at jdk.internal.reflect.GeneratedMethodAccessor9.invoke(Unknown Source)
	at java.base/jdk.internal.reflect.DelegatingMethodAccessorImpl.invoke(DelegatingMethodAccessorImpl.java:43)
	at java.base/java.lang.reflect.Method.invoke(Method.java:566)
	at java.base/java.io.ObjectStreamClass.invokeReadObject(ObjectStreamClass.java:1046)
	at java.base/java.io.ObjectInputStream.readSerialData(ObjectInputStream.java:2357)
	at java.base/java.io.ObjectInputStream.readOrdinaryObject(ObjectInputStream.java:2228)
	at java.base/java.io.ObjectInputStream.readObject0(ObjectInputStream.java:1687)
	at java.base/java.io.ObjectInputStream.defaultReadFields(ObjectInputStream.java:2496)
	at java.base/java.io.ObjectInputStream.readSerialData(ObjectInputStream.java:2390)
	at java.base/java.io.ObjectInputStream.readOrdinaryObject(ObjectInputStream.java:2228)
	at java.base/java.io.ObjectInputStream.readObject0(ObjectInputStream.java:1687)
	at java.base/java.io.ObjectInputStream.defaultReadFields(ObjectInputStream.java:2496)
	at java.base/java.io.ObjectInputStream.readSerialData(ObjectInputStream.java:2390)
	at java.base/java.io.ObjectInputStream.readOrdinaryObject(ObjectInputStream.java:2228)
	at java.base/java.io.ObjectInputStream.readObject0(ObjectInputStream.java:1687)
	at java.base/java.io.ObjectInputStream.readObject(ObjectInputStream.java:489)
	at java.base/java.io.ObjectInputStream.readObject(ObjectInputStream.java:447)
	at java.base/java.util.ArrayList.readObject(ArrayList.java:929)
	at java.base/jdk.internal.reflect.GeneratedMethodAccessor7.invoke(Unknown Source)
	at java.base/jdk.internal.reflect.DelegatingMethodAccessorImpl.invoke(DelegatingMethodAccessorImpl.java:43)
	at java.base/java.lang.reflect.Method.invoke(Method.java:566)
	at java.base/java.io.ObjectStreamClass.invokeReadObject(ObjectStreamClass.java:1046)
	at java.base/java.io.ObjectInputStream.readSerialData(ObjectInputStream.java:2357)
	at java.base/java.io.ObjectInputStream.readOrdinaryObject(ObjectInputStream.java:2228)
	at java.base/java.io.ObjectInputStream.readObject0(ObjectInputStream.java:1687)
	at java.base/java.io.ObjectInputStream.defaultReadFields(ObjectInputStream.java:2496)
	at java.base/java.io.ObjectInputStream.readSerialData(ObjectInputStream.java:2390)
	at java.base/java.io.ObjectInputStream.readOrdinaryObject(ObjectInputStream.java:2228)
	at java.base/java.io.ObjectInputStream.readObject0(ObjectInputStream.java:1687)
	at java.base/java.io.ObjectInputStream.defaultReadFields(ObjectInputStream.java:2496)
	at java.base/java.io.ObjectInputStream.defaultReadObject(ObjectInputStream.java:625)
	at org.evosuite.testcase.DefaultTestCase.readObject(DefaultTestCase.java:1217)
	at jdk.internal.reflect.GeneratedMethodAccessor14.invoke(Unknown Source)
	at java.base/jdk.internal.reflect.DelegatingMethodAccessorImpl.invoke(DelegatingMethodAccessorImpl.java:43)
	at java.base/java.lang.reflect.Method.invoke(Method.java:566)
	at java.base/java.io.ObjectStreamClass.invokeReadObject(ObjectStreamClass.java:1046)
	at java.base/java.io.ObjectInputStream.readSerialData(ObjectInputStream.java:2357)
	at java.base/java.io.ObjectInputStream.readOrdinaryObject(ObjectInputStream.java:2228)
	at java.base/java.io.ObjectInputStream.readObject0(ObjectInputStream.java:1687)
	at java.base/java.io.ObjectInputStream.defaultReadFields(ObjectInputStream.java:2496)
	at java.base/java.io.ObjectInputStream.readSerialData(ObjectInputStream.java:2390)
	at java.base/java.io.ObjectInputStream.readOrdinaryObject(ObjectInputStream.java:2228)
	at java.base/java.io.ObjectInputStream.readObject0(ObjectInputStream.java:1687)
	at java.base/java.io.ObjectInputStream.readObject(ObjectInputStream.java:489)
	at java.base/java.io.ObjectInputStream.readObject(ObjectInputStream.java:447)
	at java.base/java.util.ArrayList.readObject(ArrayList.java:929)
	at java.base/jdk.internal.reflect.GeneratedMethodAccessor7.invoke(Unknown Source)
	at java.base/jdk.internal.reflect.DelegatingMethodAccessorImpl.invoke(DelegatingMethodAccessorImpl.java:43)
	at java.base/java.lang.reflect.Method.invoke(Method.java:566)
	at java.base/java.io.ObjectStreamClass.invokeReadObject(ObjectStreamClass.java:1046)
	at java.base/java.io.ObjectInputStream.readSerialData(ObjectInputStream.java:2357)
	at java.base/java.io.ObjectInputStream.readOrdinaryObject(ObjectInputStream.java:2228)
	at java.base/java.io.ObjectInputStream.readObject0(ObjectInputStream.java:1687)
	at java.base/java.io.ObjectInputStream.defaultReadFields(ObjectInputStream.java:2496)
	at java.base/java.io.ObjectInputStream.readSerialData(ObjectInputStream.java:2390)
	at java.base/java.io.ObjectInputStream.readOrdinaryObject(ObjectInputStream.java:2228)
	at java.base/java.io.ObjectInputStream.readObject0(ObjectInputStream.java:1687)
	at java.base/java.io.ObjectInputStream.readObject(ObjectInputStream.java:489)
	at java.base/java.io.ObjectInputStream.readObject(ObjectInputStream.java:447)
	at java.rmi/sun.rmi.server.UnicastRef.unmarshalValue(UnicastRef.java:327)
	at java.rmi/sun.rmi.server.UnicastServerRef.dispatch(UnicastServerRef.java:339)
	... 12 common frames omitted
Caused by: java.lang.IllegalArgumentException: expect to get instruction without BasicBlock already set
	at org.evosuite.graphs.cfg.BasicBlock.appendInstruction(BasicBlock.java:225)
	at org.evosuite.graphs.cfg.BasicBlock.setInstructions(BasicBlock.java:206)
	at org.evosuite.graphs.cfg.BasicBlock.<init>(BasicBlock.java:106)
	at org.evosuite.graphs.cfg.RawControlFlowGraph.determineBasicBlockFor(RawControlFlowGraph.java:314)
	at org.evosuite.graphs.cfg.ActualControlFlowGraph.computeNodes(ActualControlFlowGraph.java:295)
	at org.evosuite.graphs.cfg.ActualControlFlowGraph.computeGraph(ActualControlFlowGraph.java:262)
	at org.evosuite.graphs.cfg.ActualControlFlowGraph.<init>(ActualControlFlowGraph.java:97)
	at org.evosuite.graphs.cfg.CFGGenerator.computeActualCFG(CFGGenerator.java:218)
	at org.evosuite.graphs.cfg.CFGGenerator.registerCFGs(CFGGenerator.java:102)
	at org.evosuite.graphs.cfg.CFGMethodAdapter.visitEnd(CFGMethodAdapter.java:219)
	at org.evosuite.shaded.org.objectweb.asm.MethodVisitor.visitEnd(MethodVisitor.java:783)
	at org.evosuite.shaded.org.objectweb.asm.MethodVisitor.visitEnd(MethodVisitor.java:783)
	at org.evosuite.shaded.org.objectweb.asm.MethodVisitor.visitEnd(MethodVisitor.java:783)
	at org.evosuite.shaded.org.objectweb.asm.tree.MethodNode.accept(MethodNode.java:772)
	at org.evosuite.shaded.org.objectweb.asm.tree.MethodNode.accept(MethodNode.java:649)
	at org.evosuite.shaded.org.objectweb.asm.tree.ClassNode.accept(ClassNode.java:452)
	at org.evosuite.instrumentation.BytecodeInstrumentation.transformBytes(BytecodeInstrumentation.java:282)
	at org.evosuite.instrumentation.InstrumentingClassLoader.getTransformedBytes(InstrumentingClassLoader.java:135)
	at org.evosuite.instrumentation.InstrumentingClassLoader.instrumentClass(InstrumentingClassLoader.java:149)
	... 77 common frames omitted
[Progress:====>                         15%] [Cov:==========================>        75%][Progress:====>                         16%] [Cov:==========================>        75%][Progress:====>                         16%] [Cov:==========================>        75%][Progress:====>                         16%] [Cov:==========================>        75%][Progress:=====>                        17%] [Cov:==========================>        75%][Progress:=====>                        17%] [Cov:==========================>        75%][MASTER] 07:41:27.831 [logback-1] WARN  ClientNodeImpl - Cannot send statistics to master; continuing without statistics
java.rmi.ServerException: RemoteException occurred in server thread; nested exception is: 
	java.rmi.UnmarshalException: error unmarshalling arguments; nested exception is: 
	java.lang.ClassNotFoundException: expect to get instruction without BasicBlock already set
	at java.rmi/sun.rmi.server.UnicastServerRef.dispatch(UnicastServerRef.java:391)
	at java.rmi/sun.rmi.transport.Transport$1.run(Transport.java:200)
	at java.rmi/sun.rmi.transport.Transport$1.run(Transport.java:197)
	at java.base/java.security.AccessController.doPrivileged(Native Method)
	at java.rmi/sun.rmi.transport.Transport.serviceCall(Transport.java:196)
	at java.rmi/sun.rmi.transport.tcp.TCPTransport.handleMessages(TCPTransport.java:562)
	at java.rmi/sun.rmi.transport.tcp.TCPTransport$ConnectionHandler.run0(TCPTransport.java:796)
	at java.rmi/sun.rmi.transport.tcp.TCPTransport$ConnectionHandler.lambda$run$0(TCPTransport.java:677)
	at java.base/java.security.AccessController.doPrivileged(Native Method)
	at java.rmi/sun.rmi.transport.tcp.TCPTransport$ConnectionHandler.run(TCPTransport.java:676)
	at java.base/java.util.concurrent.ThreadPoolExecutor.runWorker(ThreadPoolExecutor.java:1128)
	at java.base/java.util.concurrent.ThreadPoolExecutor$Worker.run(ThreadPoolExecutor.java:628)
	at java.base/java.lang.Thread.run(Thread.java:829)
	at java.rmi/sun.rmi.transport.StreamRemoteCall.exceptionReceivedFromServer(StreamRemoteCall.java:303)
	at java.rmi/sun.rmi.transport.StreamRemoteCall.executeCall(StreamRemoteCall.java:279)
	at java.rmi/sun.rmi.server.UnicastRef.invoke(UnicastRef.java:164)
	at java.rmi/java.rmi.server.RemoteObjectInvocationHandler.invokeRemoteMethod(RemoteObjectInvocationHandler.java:217)
	at java.rmi/java.rmi.server.RemoteObjectInvocationHandler.invoke(RemoteObjectInvocationHandler.java:162)
	at com.sun.proxy.$Proxy7.evosuite_collectStatistics(Unknown Source)
	at org.evosuite.rmi.service.ClientNodeImpl.updateStatistics(ClientNodeImpl.java:251)
	at org.evosuite.statistics.StatisticsSender.sendIndividualToMaster(StatisticsSender.java:62)
	at org.evosuite.statistics.StatisticsListener.lambda$new$0(StatisticsListener.java:76)
	at java.base/java.lang.Thread.run(Thread.java:829)
Caused by: java.rmi.UnmarshalException: error unmarshalling arguments; nested exception is: 
	java.lang.ClassNotFoundException: expect to get instruction without BasicBlock already set
	at java.rmi/sun.rmi.server.UnicastServerRef.dispatch(UnicastServerRef.java:350)
	at java.rmi/sun.rmi.transport.Transport$1.run(Transport.java:200)
	at java.rmi/sun.rmi.transport.Transport$1.run(Transport.java:197)
	at java.base/java.security.AccessController.doPrivileged(Native Method)
	at java.rmi/sun.rmi.transport.Transport.serviceCall(Transport.java:196)
	at java.rmi/sun.rmi.transport.tcp.TCPTransport.handleMessages(TCPTransport.java:562)
	at java.rmi/sun.rmi.transport.tcp.TCPTransport$ConnectionHandler.run0(TCPTransport.java:796)
	at java.rmi/sun.rmi.transport.tcp.TCPTransport$ConnectionHandler.lambda$run$0(TCPTransport.java:677)
	at java.base/java.security.AccessController.doPrivileged(Native Method)
	at java.rmi/sun.rmi.transport.tcp.TCPTransport$ConnectionHandler.run(TCPTransport.java:676)
	at java.base/java.util.concurrent.ThreadPoolExecutor.runWorker(ThreadPoolExecutor.java:1128)
	at java.base/java.util.concurrent.ThreadPoolExecutor$Worker.run(ThreadPoolExecutor.java:628)
	... 1 common frames omitted
Caused by: java.lang.ClassNotFoundException: expect to get instruction without BasicBlock already set
	at org.evosuite.instrumentation.InstrumentingClassLoader.instrumentClass(InstrumentingClassLoader.java:158)
	at org.evosuite.instrumentation.InstrumentingClassLoader.loadClass(InstrumentingClassLoader.java:126)
	at org.evosuite.utils.generic.GenericClassImpl.getClass(GenericClassImpl.java:139)
	at org.evosuite.utils.generic.GenericClassImpl.getClass(GenericClassImpl.java:105)
	at org.evosuite.utils.generic.GenericClassImpl.readObject(GenericClassImpl.java:1671)
	at jdk.internal.reflect.GeneratedMethodAccessor9.invoke(Unknown Source)
	at java.base/jdk.internal.reflect.DelegatingMethodAccessorImpl.invoke(DelegatingMethodAccessorImpl.java:43)
	at java.base/java.lang.reflect.Method.invoke(Method.java:566)
	at java.base/java.io.ObjectStreamClass.invokeReadObject(ObjectStreamClass.java:1046)
	at java.base/java.io.ObjectInputStream.readSerialData(ObjectInputStream.java:2357)
	at java.base/java.io.ObjectInputStream.readOrdinaryObject(ObjectInputStream.java:2228)
	at java.base/java.io.ObjectInputStream.readObject0(ObjectInputStream.java:1687)
	at java.base/java.io.ObjectInputStream.defaultReadFields(ObjectInputStream.java:2496)
	at java.base/java.io.ObjectInputStream.readSerialData(ObjectInputStream.java:2390)
	at java.base/java.io.ObjectInputStream.readOrdinaryObject(ObjectInputStream.java:2228)
	at java.base/java.io.ObjectInputStream.readObject0(ObjectInputStream.java:1687)
	at java.base/java.io.ObjectInputStream.defaultReadFields(ObjectInputStream.java:2496)
	at java.base/java.io.ObjectInputStream.readSerialData(ObjectInputStream.java:2390)
	at java.base/java.io.ObjectInputStream.readOrdinaryObject(ObjectInputStream.java:2228)
	at java.base/java.io.ObjectInputStream.readObject0(ObjectInputStream.java:1687)
	at java.base/java.io.ObjectInputStream.readObject(ObjectInputStream.java:489)
	at java.base/java.io.ObjectInputStream.readObject(ObjectInputStream.java:447)
	at java.base/java.util.ArrayList.readObject(ArrayList.java:929)
	at java.base/jdk.internal.reflect.GeneratedMethodAccessor7.invoke(Unknown Source)
	at java.base/jdk.internal.reflect.DelegatingMethodAccessorImpl.invoke(DelegatingMethodAccessorImpl.java:43)
	at java.base/java.lang.reflect.Method.invoke(Method.java:566)
	at java.base/java.io.ObjectStreamClass.invokeReadObject(ObjectStreamClass.java:1046)
	at java.base/java.io.ObjectInputStream.readSerialData(ObjectInputStream.java:2357)
	at java.base/java.io.ObjectInputStream.readOrdinaryObject(ObjectInputStream.java:2228)
	at java.base/java.io.ObjectInputStream.readObject0(ObjectInputStream.java:1687)
	at java.base/java.io.ObjectInputStream.defaultReadFields(ObjectInputStream.java:2496)
	at java.base/java.io.ObjectInputStream.readSerialData(ObjectInputStream.java:2390)
	at java.base/java.io.ObjectInputStream.readOrdinaryObject(ObjectInputStream.java:2228)
	at java.base/java.io.ObjectInputStream.readObject0(ObjectInputStream.java:1687)
	at java.base/java.io.ObjectInputStream.defaultReadFields(ObjectInputStream.java:2496)
	at java.base/java.io.ObjectInputStream.defaultReadObject(ObjectInputStream.java:625)
	at org.evosuite.testcase.DefaultTestCase.readObject(DefaultTestCase.java:1217)
	at jdk.internal.reflect.GeneratedMethodAccessor14.invoke(Unknown Source)
	at java.base/jdk.internal.reflect.DelegatingMethodAccessorImpl.invoke(DelegatingMethodAccessorImpl.java:43)
	at java.base/java.lang.reflect.Method.invoke(Method.java:566)
	at java.base/java.io.ObjectStreamClass.invokeReadObject(ObjectStreamClass.java:1046)
	at java.base/java.io.ObjectInputStream.readSerialData(ObjectInputStream.java:2357)
	at java.base/java.io.ObjectInputStream.readOrdinaryObject(ObjectInputStream.java:2228)
	at java.base/java.io.ObjectInputStream.readObject0(ObjectInputStream.java:1687)
	at java.base/java.io.ObjectInputStream.defaultReadFields(ObjectInputStream.java:2496)
	at java.base/java.io.ObjectInputStream.readSerialData(ObjectInputStream.java:2390)
	at java.base/java.io.ObjectInputStream.readOrdinaryObject(ObjectInputStream.java:2228)
	at java.base/java.io.ObjectInputStream.readObject0(ObjectInputStream.java:1687)
	at java.base/java.io.ObjectInputStream.readObject(ObjectInputStream.java:489)
	at java.base/java.io.ObjectInputStream.readObject(ObjectInputStream.java:447)
	at java.base/java.util.ArrayList.readObject(ArrayList.java:929)
	at java.base/jdk.internal.reflect.GeneratedMethodAccessor7.invoke(Unknown Source)
	at java.base/jdk.internal.reflect.DelegatingMethodAccessorImpl.invoke(DelegatingMethodAccessorImpl.java:43)
	at java.base/java.lang.reflect.Method.invoke(Method.java:566)
	at java.base/java.io.ObjectStreamClass.invokeReadObject(ObjectStreamClass.java:1046)
	at java.base/java.io.ObjectInputStream.readSerialData(ObjectInputStream.java:2357)
	at java.base/java.io.ObjectInputStream.readOrdinaryObject(ObjectInputStream.java:2228)
	at java.base/java.io.ObjectInputStream.readObject0(ObjectInputStream.java:1687)
	at java.base/java.io.ObjectInputStream.defaultReadFields(ObjectInputStream.java:2496)
	at java.base/java.io.ObjectInputStream.readSerialData(ObjectInputStream.java:2390)
	at java.base/java.io.ObjectInputStream.readOrdinaryObject(ObjectInputStream.java:2228)
	at java.base/java.io.ObjectInputStream.readObject0(ObjectInputStream.java:1687)
	at java.base/java.io.ObjectInputStream.readObject(ObjectInputStream.java:489)
	at java.base/java.io.ObjectInputStream.readObject(ObjectInputStream.java:447)
	at java.rmi/sun.rmi.server.UnicastRef.unmarshalValue(UnicastRef.java:327)
	at java.rmi/sun.rmi.server.UnicastServerRef.dispatch(UnicastServerRef.java:339)
	... 12 common frames omitted
Caused by: java.lang.IllegalArgumentException: expect to get instruction without BasicBlock already set
	at org.evosuite.graphs.cfg.BasicBlock.appendInstruction(BasicBlock.java:225)
	at org.evosuite.graphs.cfg.BasicBlock.setInstructions(BasicBlock.java:206)
	at org.evosuite.graphs.cfg.BasicBlock.<init>(BasicBlock.java:106)
	at org.evosuite.graphs.cfg.RawControlFlowGraph.determineBasicBlockFor(RawControlFlowGraph.java:314)
	at org.evosuite.graphs.cfg.ActualControlFlowGraph.computeNodes(ActualControlFlowGraph.java:295)
	at org.evosuite.graphs.cfg.ActualControlFlowGraph.computeGraph(ActualControlFlowGraph.java:262)
	at org.evosuite.graphs.cfg.ActualControlFlowGraph.<init>(ActualControlFlowGraph.java:97)
	at org.evosuite.graphs.cfg.CFGGenerator.computeActualCFG(CFGGenerator.java:218)
	at org.evosuite.graphs.cfg.CFGGenerator.registerCFGs(CFGGenerator.java:102)
	at org.evosuite.graphs.cfg.CFGMethodAdapter.visitEnd(CFGMethodAdapter.java:219)
	at org.evosuite.shaded.org.objectweb.asm.MethodVisitor.visitEnd(MethodVisitor.java:783)
	at org.evosuite.shaded.org.objectweb.asm.MethodVisitor.visitEnd(MethodVisitor.java:783)
	at org.evosuite.shaded.org.objectweb.asm.MethodVisitor.visitEnd(MethodVisitor.java:783)
	at org.evosuite.shaded.org.objectweb.asm.tree.MethodNode.accept(MethodNode.java:772)
	at org.evosuite.shaded.org.objectweb.asm.tree.MethodNode.accept(MethodNode.java:649)
	at org.evosuite.shaded.org.objectweb.asm.tree.ClassNode.accept(ClassNode.java:452)
	at org.evosuite.instrumentation.BytecodeInstrumentation.transformBytes(BytecodeInstrumentation.java:282)
	at org.evosuite.instrumentation.InstrumentingClassLoader.getTransformedBytes(InstrumentingClassLoader.java:135)
	at org.evosuite.instrumentation.InstrumentingClassLoader.instrumentClass(InstrumentingClassLoader.java:149)
	... 77 common frames omitted
[Progress:=====>                        17%] [Cov:==========================>        75%][Progress:=====>                        18%] [Cov:==========================>        75%][Progress:=====>                        18%] [Cov:==========================>        75%][Progress:=====>                        18%] [Cov:==========================>        75%][Progress:=====>                        19%] [Cov:==========================>        75%][Progress:=====>                        19%] [Cov:==========================>        75%][MASTER] 07:41:29.760 [logback-1] WARN  ClientNodeImpl - Cannot send statistics to master; continuing without statistics
java.rmi.ServerException: RemoteException occurred in server thread; nested exception is: 
	java.rmi.UnmarshalException: error unmarshalling arguments; nested exception is: 
	java.lang.ClassNotFoundException: expect to get instruction without BasicBlock already set
	at java.rmi/sun.rmi.server.UnicastServerRef.dispatch(UnicastServerRef.java:391)
	at java.rmi/sun.rmi.transport.Transport$1.run(Transport.java:200)
	at java.rmi/sun.rmi.transport.Transport$1.run(Transport.java:197)
	at java.base/java.security.AccessController.doPrivileged(Native Method)
	at java.rmi/sun.rmi.transport.Transport.serviceCall(Transport.java:196)
	at java.rmi/sun.rmi.transport.tcp.TCPTransport.handleMessages(TCPTransport.java:562)
	at java.rmi/sun.rmi.transport.tcp.TCPTransport$ConnectionHandler.run0(TCPTransport.java:796)
	at java.rmi/sun.rmi.transport.tcp.TCPTransport$ConnectionHandler.lambda$run$0(TCPTransport.java:677)
	at java.base/java.security.AccessController.doPrivileged(Native Method)
	at java.rmi/sun.rmi.transport.tcp.TCPTransport$ConnectionHandler.run(TCPTransport.java:676)
	at java.base/java.util.concurrent.ThreadPoolExecutor.runWorker(ThreadPoolExecutor.java:1128)
	at java.base/java.util.concurrent.ThreadPoolExecutor$Worker.run(ThreadPoolExecutor.java:628)
	at java.base/java.lang.Thread.run(Thread.java:829)
	at java.rmi/sun.rmi.transport.StreamRemoteCall.exceptionReceivedFromServer(StreamRemoteCall.java:303)
	at java.rmi/sun.rmi.transport.StreamRemoteCall.executeCall(StreamRemoteCall.java:279)
	at java.rmi/sun.rmi.server.UnicastRef.invoke(UnicastRef.java:164)
	at java.rmi/java.rmi.server.RemoteObjectInvocationHandler.invokeRemoteMethod(RemoteObjectInvocationHandler.java:217)
	at java.rmi/java.rmi.server.RemoteObjectInvocationHandler.invoke(RemoteObjectInvocationHandler.java:162)
	at com.sun.proxy.$Proxy7.evosuite_collectStatistics(Unknown Source)
	at org.evosuite.rmi.service.ClientNodeImpl.updateStatistics(ClientNodeImpl.java:251)
	at org.evosuite.statistics.StatisticsSender.sendIndividualToMaster(StatisticsSender.java:62)
	at org.evosuite.statistics.StatisticsListener.lambda$new$0(StatisticsListener.java:76)
	at java.base/java.lang.Thread.run(Thread.java:829)
Caused by: java.rmi.UnmarshalException: error unmarshalling arguments; nested exception is: 
	java.lang.ClassNotFoundException: expect to get instruction without BasicBlock already set
	at java.rmi/sun.rmi.server.UnicastServerRef.dispatch(UnicastServerRef.java:350)
	at java.rmi/sun.rmi.transport.Transport$1.run(Transport.java:200)
	at java.rmi/sun.rmi.transport.Transport$1.run(Transport.java:197)
	at java.base/java.security.AccessController.doPrivileged(Native Method)
	at java.rmi/sun.rmi.transport.Transport.serviceCall(Transport.java:196)
	at java.rmi/sun.rmi.transport.tcp.TCPTransport.handleMessages(TCPTransport.java:562)
	at java.rmi/sun.rmi.transport.tcp.TCPTransport$ConnectionHandler.run0(TCPTransport.java:796)
	at java.rmi/sun.rmi.transport.tcp.TCPTransport$ConnectionHandler.lambda$run$0(TCPTransport.java:677)
	at java.base/java.security.AccessController.doPrivileged(Native Method)
	at java.rmi/sun.rmi.transport.tcp.TCPTransport$ConnectionHandler.run(TCPTransport.java:676)
	at java.base/java.util.concurrent.ThreadPoolExecutor.runWorker(ThreadPoolExecutor.java:1128)
	at java.base/java.util.concurrent.ThreadPoolExecutor$Worker.run(ThreadPoolExecutor.java:628)
	... 1 common frames omitted
Caused by: java.lang.ClassNotFoundException: expect to get instruction without BasicBlock already set
	at org.evosuite.instrumentation.InstrumentingClassLoader.instrumentClass(InstrumentingClassLoader.java:158)
	at org.evosuite.instrumentation.InstrumentingClassLoader.loadClass(InstrumentingClassLoader.java:126)
	at org.evosuite.utils.generic.GenericClassImpl.getClass(GenericClassImpl.java:139)
	at org.evosuite.utils.generic.GenericClassImpl.getClass(GenericClassImpl.java:105)
	at org.evosuite.utils.generic.GenericClassImpl.readObject(GenericClassImpl.java:1671)
	at jdk.internal.reflect.GeneratedMethodAccessor9.invoke(Unknown Source)
	at java.base/jdk.internal.reflect.DelegatingMethodAccessorImpl.invoke(DelegatingMethodAccessorImpl.java:43)
	at java.base/java.lang.reflect.Method.invoke(Method.java:566)
	at java.base/java.io.ObjectStreamClass.invokeReadObject(ObjectStreamClass.java:1046)
	at java.base/java.io.ObjectInputStream.readSerialData(ObjectInputStream.java:2357)
	at java.base/java.io.ObjectInputStream.readOrdinaryObject(ObjectInputStream.java:2228)
	at java.base/java.io.ObjectInputStream.readObject0(ObjectInputStream.java:1687)
	at java.base/java.io.ObjectInputStream.defaultReadFields(ObjectInputStream.java:2496)
	at java.base/java.io.ObjectInputStream.readSerialData(ObjectInputStream.java:2390)
	at java.base/java.io.ObjectInputStream.readOrdinaryObject(ObjectInputStream.java:2228)
	at java.base/java.io.ObjectInputStream.readObject0(ObjectInputStream.java:1687)
	at java.base/java.io.ObjectInputStream.defaultReadFields(ObjectInputStream.java:2496)
	at java.base/java.io.ObjectInputStream.readSerialData(ObjectInputStream.java:2390)
	at java.base/java.io.ObjectInputStream.readOrdinaryObject(ObjectInputStream.java:2228)
	at java.base/java.io.ObjectInputStream.readObject0(ObjectInputStream.java:1687)
	at java.base/java.io.ObjectInputStream.readObject(ObjectInputStream.java:489)
	at java.base/java.io.ObjectInputStream.readObject(ObjectInputStream.java:447)
	at java.base/java.util.ArrayList.readObject(ArrayList.java:929)
	at java.base/jdk.internal.reflect.GeneratedMethodAccessor7.invoke(Unknown Source)
	at java.base/jdk.internal.reflect.DelegatingMethodAccessorImpl.invoke(DelegatingMethodAccessorImpl.java:43)
	at java.base/java.lang.reflect.Method.invoke(Method.java:566)
	at java.base/java.io.ObjectStreamClass.invokeReadObject(ObjectStreamClass.java:1046)
	at java.base/java.io.ObjectInputStream.readSerialData(ObjectInputStream.java:2357)
	at java.base/java.io.ObjectInputStream.readOrdinaryObject(ObjectInputStream.java:2228)
	at java.base/java.io.ObjectInputStream.readObject0(ObjectInputStream.java:1687)
	at java.base/java.io.ObjectInputStream.defaultReadFields(ObjectInputStream.java:2496)
	at java.base/java.io.ObjectInputStream.readSerialData(ObjectInputStream.java:2390)
	at java.base/java.io.ObjectInputStream.readOrdinaryObject(ObjectInputStream.java:2228)
	at java.base/java.io.ObjectInputStream.readObject0(ObjectInputStream.java:1687)
	at java.base/java.io.ObjectInputStream.defaultReadFields(ObjectInputStream.java:2496)
	at java.base/java.io.ObjectInputStream.defaultReadObject(ObjectInputStream.java:625)
	at org.evosuite.testcase.DefaultTestCase.readObject(DefaultTestCase.java:1217)
	at jdk.internal.reflect.GeneratedMethodAccessor14.invoke(Unknown Source)
	at java.base/jdk.internal.reflect.DelegatingMethodAccessorImpl.invoke(DelegatingMethodAccessorImpl.java:43)
	at java.base/java.lang.reflect.Method.invoke(Method.java:566)
	at java.base/java.io.ObjectStreamClass.invokeReadObject(ObjectStreamClass.java:1046)
	at java.base/java.io.ObjectInputStream.readSerialData(ObjectInputStream.java:2357)
	at java.base/java.io.ObjectInputStream.readOrdinaryObject(ObjectInputStream.java:2228)
	at java.base/java.io.ObjectInputStream.readObject0(ObjectInputStream.java:1687)
	at java.base/java.io.ObjectInputStream.defaultReadFields(ObjectInputStream.java:2496)
	at java.base/java.io.ObjectInputStream.readSerialData(ObjectInputStream.java:2390)
	at java.base/java.io.ObjectInputStream.readOrdinaryObject(ObjectInputStream.java:2228)
	at java.base/java.io.ObjectInputStream.readObject0(ObjectInputStream.java:1687)
	at java.base/java.io.ObjectInputStream.readObject(ObjectInputStream.java:489)
	at java.base/java.io.ObjectInputStream.readObject(ObjectInputStream.java:447)
	at java.base/java.util.ArrayList.readObject(ArrayList.java:929)
	at java.base/jdk.internal.reflect.GeneratedMethodAccessor7.invoke(Unknown Source)
	at java.base/jdk.internal.reflect.DelegatingMethodAccessorImpl.invoke(DelegatingMethodAccessorImpl.java:43)
	at java.base/java.lang.reflect.Method.invoke(Method.java:566)
	at java.base/java.io.ObjectStreamClass.invokeReadObject(ObjectStreamClass.java:1046)
	at java.base/java.io.ObjectInputStream.readSerialData(ObjectInputStream.java:2357)
	at java.base/java.io.ObjectInputStream.readOrdinaryObject(ObjectInputStream.java:2228)
	at java.base/java.io.ObjectInputStream.readObject0(ObjectInputStream.java:1687)
	at java.base/java.io.ObjectInputStream.defaultReadFields(ObjectInputStream.java:2496)
	at java.base/java.io.ObjectInputStream.readSerialData(ObjectInputStream.java:2390)
	at java.base/java.io.ObjectInputStream.readOrdinaryObject(ObjectInputStream.java:2228)
	at java.base/java.io.ObjectInputStream.readObject0(ObjectInputStream.java:1687)
	at java.base/java.io.ObjectInputStream.readObject(ObjectInputStream.java:489)
	at java.base/java.io.ObjectInputStream.readObject(ObjectInputStream.java:447)
	at java.rmi/sun.rmi.server.UnicastRef.unmarshalValue(UnicastRef.java:327)
	at java.rmi/sun.rmi.server.UnicastServerRef.dispatch(UnicastServerRef.java:339)
	... 12 common frames omitted
Caused by: java.lang.IllegalArgumentException: expect to get instruction without BasicBlock already set
	at org.evosuite.graphs.cfg.BasicBlock.appendInstruction(BasicBlock.java:225)
	at org.evosuite.graphs.cfg.BasicBlock.setInstructions(BasicBlock.java:206)
	at org.evosuite.graphs.cfg.BasicBlock.<init>(BasicBlock.java:106)
	at org.evosuite.graphs.cfg.RawControlFlowGraph.determineBasicBlockFor(RawControlFlowGraph.java:314)
	at org.evosuite.graphs.cfg.ActualControlFlowGraph.computeNodes(ActualControlFlowGraph.java:295)
	at org.evosuite.graphs.cfg.ActualControlFlowGraph.computeGraph(ActualControlFlowGraph.java:262)
	at org.evosuite.graphs.cfg.ActualControlFlowGraph.<init>(ActualControlFlowGraph.java:97)
	at org.evosuite.graphs.cfg.CFGGenerator.computeActualCFG(CFGGenerator.java:218)
	at org.evosuite.graphs.cfg.CFGGenerator.registerCFGs(CFGGenerator.java:102)
	at org.evosuite.graphs.cfg.CFGMethodAdapter.visitEnd(CFGMethodAdapter.java:219)
	at org.evosuite.shaded.org.objectweb.asm.MethodVisitor.visitEnd(MethodVisitor.java:783)
	at org.evosuite.shaded.org.objectweb.asm.MethodVisitor.visitEnd(MethodVisitor.java:783)
	at org.evosuite.shaded.org.objectweb.asm.MethodVisitor.visitEnd(MethodVisitor.java:783)
	at org.evosuite.shaded.org.objectweb.asm.tree.MethodNode.accept(MethodNode.java:772)
	at org.evosuite.shaded.org.objectweb.asm.tree.MethodNode.accept(MethodNode.java:649)
	at org.evosuite.shaded.org.objectweb.asm.tree.ClassNode.accept(ClassNode.java:452)
	at org.evosuite.instrumentation.BytecodeInstrumentation.transformBytes(BytecodeInstrumentation.java:282)
	at org.evosuite.instrumentation.InstrumentingClassLoader.getTransformedBytes(InstrumentingClassLoader.java:135)
	at org.evosuite.instrumentation.InstrumentingClassLoader.instrumentClass(InstrumentingClassLoader.java:149)
	... 77 common frames omitted
[Progress:=====>                        19%] [Cov:==========================>        75%][Progress:======>                       20%] [Cov:==========================>        75%][Progress:======>                       20%] [Cov:==========================>        75%][Progress:======>                       20%] [Cov:==========================>        75%][Progress:======>                       20%] [Cov:==========================>        75%][MASTER] 07:41:31.830 [logback-1] WARN  ClientNodeImpl - Cannot send statistics to master; continuing without statistics
java.rmi.ServerException: RemoteException occurred in server thread; nested exception is: 
	java.rmi.UnmarshalException: error unmarshalling arguments; nested exception is: 
	java.lang.ClassNotFoundException: expect to get instruction without BasicBlock already set
	at java.rmi/sun.rmi.server.UnicastServerRef.dispatch(UnicastServerRef.java:391)
	at java.rmi/sun.rmi.transport.Transport$1.run(Transport.java:200)
	at java.rmi/sun.rmi.transport.Transport$1.run(Transport.java:197)
	at java.base/java.security.AccessController.doPrivileged(Native Method)
	at java.rmi/sun.rmi.transport.Transport.serviceCall(Transport.java:196)
	at java.rmi/sun.rmi.transport.tcp.TCPTransport.handleMessages(TCPTransport.java:562)
	at java.rmi/sun.rmi.transport.tcp.TCPTransport$ConnectionHandler.run0(TCPTransport.java:796)
	at java.rmi/sun.rmi.transport.tcp.TCPTransport$ConnectionHandler.lambda$run$0(TCPTransport.java:677)
	at java.base/java.security.AccessController.doPrivileged(Native Method)
	at java.rmi/sun.rmi.transport.tcp.TCPTransport$ConnectionHandler.run(TCPTransport.java:676)
	at java.base/java.util.concurrent.ThreadPoolExecutor.runWorker(ThreadPoolExecutor.java:1128)
	at java.base/java.util.concurrent.ThreadPoolExecutor$Worker.run(ThreadPoolExecutor.java:628)
	at java.base/java.lang.Thread.run(Thread.java:829)
	at java.rmi/sun.rmi.transport.StreamRemoteCall.exceptionReceivedFromServer(StreamRemoteCall.java:303)
	at java.rmi/sun.rmi.transport.StreamRemoteCall.executeCall(StreamRemoteCall.java:279)
	at java.rmi/sun.rmi.server.UnicastRef.invoke(UnicastRef.java:164)
	at java.rmi/java.rmi.server.RemoteObjectInvocationHandler.invokeRemoteMethod(RemoteObjectInvocationHandler.java:217)
	at java.rmi/java.rmi.server.RemoteObjectInvocationHandler.invoke(RemoteObjectInvocationHandler.java:162)
	at com.sun.proxy.$Proxy7.evosuite_collectStatistics(Unknown Source)
	at org.evosuite.rmi.service.ClientNodeImpl.updateStatistics(ClientNodeImpl.java:251)
	at org.evosuite.statistics.StatisticsSender.sendIndividualToMaster(StatisticsSender.java:62)
	at org.evosuite.statistics.StatisticsListener.lambda$new$0(StatisticsListener.java:76)
	at java.base/java.lang.Thread.run(Thread.java:829)
Caused by: java.rmi.UnmarshalException: error unmarshalling arguments; nested exception is: 
	java.lang.ClassNotFoundException: expect to get instruction without BasicBlock already set
	at java.rmi/sun.rmi.server.UnicastServerRef.dispatch(UnicastServerRef.java:350)
	at java.rmi/sun.rmi.transport.Transport$1.run(Transport.java:200)
	at java.rmi/sun.rmi.transport.Transport$1.run(Transport.java:197)
	at java.base/java.security.AccessController.doPrivileged(Native Method)
	at java.rmi/sun.rmi.transport.Transport.serviceCall(Transport.java:196)
	at java.rmi/sun.rmi.transport.tcp.TCPTransport.handleMessages(TCPTransport.java:562)
	at java.rmi/sun.rmi.transport.tcp.TCPTransport$ConnectionHandler.run0(TCPTransport.java:796)
	at java.rmi/sun.rmi.transport.tcp.TCPTransport$ConnectionHandler.lambda$run$0(TCPTransport.java:677)
	at java.base/java.security.AccessController.doPrivileged(Native Method)
	at java.rmi/sun.rmi.transport.tcp.TCPTransport$ConnectionHandler.run(TCPTransport.java:676)
	at java.base/java.util.concurrent.ThreadPoolExecutor.runWorker(ThreadPoolExecutor.java:1128)
	at java.base/java.util.concurrent.ThreadPoolExecutor$Worker.run(ThreadPoolExecutor.java:628)
	... 1 common frames omitted
Caused by: java.lang.ClassNotFoundException: expect to get instruction without BasicBlock already set
	at org.evosuite.instrumentation.InstrumentingClassLoader.instrumentClass(InstrumentingClassLoader.java:158)
	at org.evosuite.instrumentation.InstrumentingClassLoader.loadClass(InstrumentingClassLoader.java:126)
	at org.evosuite.utils.generic.GenericClassImpl.getClass(GenericClassImpl.java:139)
	at org.evosuite.utils.generic.GenericClassImpl.getClass(GenericClassImpl.java:105)
	at org.evosuite.utils.generic.GenericClassImpl.readObject(GenericClassImpl.java:1671)
	at jdk.internal.reflect.GeneratedMethodAccessor9.invoke(Unknown Source)
	at java.base/jdk.internal.reflect.DelegatingMethodAccessorImpl.invoke(DelegatingMethodAccessorImpl.java:43)
	at java.base/java.lang.reflect.Method.invoke(Method.java:566)
	at java.base/java.io.ObjectStreamClass.invokeReadObject(ObjectStreamClass.java:1046)
	at java.base/java.io.ObjectInputStream.readSerialData(ObjectInputStream.java:2357)
	at java.base/java.io.ObjectInputStream.readOrdinaryObject(ObjectInputStream.java:2228)
	at java.base/java.io.ObjectInputStream.readObject0(ObjectInputStream.java:1687)
	at java.base/java.io.ObjectInputStream.defaultReadFields(ObjectInputStream.java:2496)
	at java.base/java.io.ObjectInputStream.readSerialData(ObjectInputStream.java:2390)
	at java.base/java.io.ObjectInputStream.readOrdinaryObject(ObjectInputStream.java:2228)
	at java.base/java.io.ObjectInputStream.readObject0(ObjectInputStream.java:1687)
	at java.base/java.io.ObjectInputStream.defaultReadFields(ObjectInputStream.java:2496)
	at java.base/java.io.ObjectInputStream.readSerialData(ObjectInputStream.java:2390)
	at java.base/java.io.ObjectInputStream.readOrdinaryObject(ObjectInputStream.java:2228)
	at java.base/java.io.ObjectInputStream.readObject0(ObjectInputStream.java:1687)
	at java.base/java.io.ObjectInputStream.readObject(ObjectInputStream.java:489)
	at java.base/java.io.ObjectInputStream.readObject(ObjectInputStream.java:447)
	at java.base/java.util.ArrayList.readObject(ArrayList.java:929)
	at java.base/jdk.internal.reflect.GeneratedMethodAccessor7.invoke(Unknown Source)
	at java.base/jdk.internal.reflect.DelegatingMethodAccessorImpl.invoke(DelegatingMethodAccessorImpl.java:43)
	at java.base/java.lang.reflect.Method.invoke(Method.java:566)
	at java.base/java.io.ObjectStreamClass.invokeReadObject(ObjectStreamClass.java:1046)
	at java.base/java.io.ObjectInputStream.readSerialData(ObjectInputStream.java:2357)
	at java.base/java.io.ObjectInputStream.readOrdinaryObject(ObjectInputStream.java:2228)
	at java.base/java.io.ObjectInputStream.readObject0(ObjectInputStream.java:1687)
	at java.base/java.io.ObjectInputStream.defaultReadFields(ObjectInputStream.java:2496)
	at java.base/java.io.ObjectInputStream.readSerialData(ObjectInputStream.java:2390)
	at java.base/java.io.ObjectInputStream.readOrdinaryObject(ObjectInputStream.java:2228)
	at java.base/java.io.ObjectInputStream.readObject0(ObjectInputStream.java:1687)
	at java.base/java.io.ObjectInputStream.defaultReadFields(ObjectInputStream.java:2496)
	at java.base/java.io.ObjectInputStream.defaultReadObject(ObjectInputStream.java:625)
	at org.evosuite.testcase.DefaultTestCase.readObject(DefaultTestCase.java:1217)
	at jdk.internal.reflect.GeneratedMethodAccessor14.invoke(Unknown Source)
	at java.base/jdk.internal.reflect.DelegatingMethodAccessorImpl.invoke(DelegatingMethodAccessorImpl.java:43)
	at java.base/java.lang.reflect.Method.invoke(Method.java:566)
	at java.base/java.io.ObjectStreamClass.invokeReadObject(ObjectStreamClass.java:1046)
	at java.base/java.io.ObjectInputStream.readSerialData(ObjectInputStream.java:2357)
	at java.base/java.io.ObjectInputStream.readOrdinaryObject(ObjectInputStream.java:2228)
	at java.base/java.io.ObjectInputStream.readObject0(ObjectInputStream.java:1687)
	at java.base/java.io.ObjectInputStream.defaultReadFields(ObjectInputStream.java:2496)
	at java.base/java.io.ObjectInputStream.readSerialData(ObjectInputStream.java:2390)
	at java.base/java.io.ObjectInputStream.readOrdinaryObject(ObjectInputStream.java:2228)
	at java.base/java.io.ObjectInputStream.readObject0(ObjectInputStream.java:1687)
	at java.base/java.io.ObjectInputStream.readObject(ObjectInputStream.java:489)
	at java.base/java.io.ObjectInputStream.readObject(ObjectInputStream.java:447)
	at java.base/java.util.ArrayList.readObject(ArrayList.java:929)
	at java.base/jdk.internal.reflect.GeneratedMethodAccessor7.invoke(Unknown Source)
	at java.base/jdk.internal.reflect.DelegatingMethodAccessorImpl.invoke(DelegatingMethodAccessorImpl.java:43)
	at java.base/java.lang.reflect.Method.invoke(Method.java:566)
	at java.base/java.io.ObjectStreamClass.invokeReadObject(ObjectStreamClass.java:1046)
	at java.base/java.io.ObjectInputStream.readSerialData(ObjectInputStream.java:2357)
	at java.base/java.io.ObjectInputStream.readOrdinaryObject(ObjectInputStream.java:2228)
	at java.base/java.io.ObjectInputStream.readObject0(ObjectInputStream.java:1687)
	at java.base/java.io.ObjectInputStream.defaultReadFields(ObjectInputStream.java:2496)
	at java.base/java.io.ObjectInputStream.readSerialData(ObjectInputStream.java:2390)
	at java.base/java.io.ObjectInputStream.readOrdinaryObject(ObjectInputStream.java:2228)
	at java.base/java.io.ObjectInputStream.readObject0(ObjectInputStream.java:1687)
	at java.base/java.io.ObjectInputStream.readObject(ObjectInputStream.java:489)
	at java.base/java.io.ObjectInputStream.readObject(ObjectInputStream.java:447)
	at java.rmi/sun.rmi.server.UnicastRef.unmarshalValue(UnicastRef.java:327)
	at java.rmi/sun.rmi.server.UnicastServerRef.dispatch(UnicastServerRef.java:339)
	... 12 common frames omitted
Caused by: java.lang.IllegalArgumentException: expect to get instruction without BasicBlock already set
	at org.evosuite.graphs.cfg.BasicBlock.appendInstruction(BasicBlock.java:225)
	at org.evosuite.graphs.cfg.BasicBlock.setInstructions(BasicBlock.java:206)
	at org.evosuite.graphs.cfg.BasicBlock.<init>(BasicBlock.java:106)
	at org.evosuite.graphs.cfg.RawControlFlowGraph.determineBasicBlockFor(RawControlFlowGraph.java:314)
	at org.evosuite.graphs.cfg.ActualControlFlowGraph.computeNodes(ActualControlFlowGraph.java:295)
	at org.evosuite.graphs.cfg.ActualControlFlowGraph.computeGraph(ActualControlFlowGraph.java:262)
	at org.evosuite.graphs.cfg.ActualControlFlowGraph.<init>(ActualControlFlowGraph.java:97)
	at org.evosuite.graphs.cfg.CFGGenerator.computeActualCFG(CFGGenerator.java:218)
	at org.evosuite.graphs.cfg.CFGGenerator.registerCFGs(CFGGenerator.java:102)
	at org.evosuite.graphs.cfg.CFGMethodAdapter.visitEnd(CFGMethodAdapter.java:219)
	at org.evosuite.shaded.org.objectweb.asm.MethodVisitor.visitEnd(MethodVisitor.java:783)
	at org.evosuite.shaded.org.objectweb.asm.MethodVisitor.visitEnd(MethodVisitor.java:783)
	at org.evosuite.shaded.org.objectweb.asm.MethodVisitor.visitEnd(MethodVisitor.java:783)
	at org.evosuite.shaded.org.objectweb.asm.tree.MethodNode.accept(MethodNode.java:772)
	at org.evosuite.shaded.org.objectweb.asm.tree.MethodNode.accept(MethodNode.java:649)
	at org.evosuite.shaded.org.objectweb.asm.tree.ClassNode.accept(ClassNode.java:452)
	at org.evosuite.instrumentation.BytecodeInstrumentation.transformBytes(BytecodeInstrumentation.java:282)
	at org.evosuite.instrumentation.InstrumentingClassLoader.getTransformedBytes(InstrumentingClassLoader.java:135)
	at org.evosuite.instrumentation.InstrumentingClassLoader.instrumentClass(InstrumentingClassLoader.java:149)
	... 77 common frames omitted
[Progress:======>                       20%] [Cov:==========================>        75%][Progress:======>                       21%] [Cov:==========================>        75%][Progress:======>                       21%] [Cov:==========================>        75%][Progress:======>                       21%] [Cov:==========================>        75%][Progress:======>                       21%] [Cov:==========================>        75%][Progress:======>                       22%] [Cov:==========================>        75%][MASTER] 07:41:33.802 [logback-1] WARN  ClientNodeImpl - Cannot send statistics to master; continuing without statistics
java.rmi.ServerException: RemoteException occurred in server thread; nested exception is: 
	java.rmi.UnmarshalException: error unmarshalling arguments; nested exception is: 
	java.lang.ClassNotFoundException: expect to get instruction without BasicBlock already set
	at java.rmi/sun.rmi.server.UnicastServerRef.dispatch(UnicastServerRef.java:391)
	at java.rmi/sun.rmi.transport.Transport$1.run(Transport.java:200)
	at java.rmi/sun.rmi.transport.Transport$1.run(Transport.java:197)
	at java.base/java.security.AccessController.doPrivileged(Native Method)
	at java.rmi/sun.rmi.transport.Transport.serviceCall(Transport.java:196)
	at java.rmi/sun.rmi.transport.tcp.TCPTransport.handleMessages(TCPTransport.java:562)
	at java.rmi/sun.rmi.transport.tcp.TCPTransport$ConnectionHandler.run0(TCPTransport.java:796)
	at java.rmi/sun.rmi.transport.tcp.TCPTransport$ConnectionHandler.lambda$run$0(TCPTransport.java:677)
	at java.base/java.security.AccessController.doPrivileged(Native Method)
	at java.rmi/sun.rmi.transport.tcp.TCPTransport$ConnectionHandler.run(TCPTransport.java:676)
	at java.base/java.util.concurrent.ThreadPoolExecutor.runWorker(ThreadPoolExecutor.java:1128)
	at java.base/java.util.concurrent.ThreadPoolExecutor$Worker.run(ThreadPoolExecutor.java:628)
	at java.base/java.lang.Thread.run(Thread.java:829)
	at java.rmi/sun.rmi.transport.StreamRemoteCall.exceptionReceivedFromServer(StreamRemoteCall.java:303)
	at java.rmi/sun.rmi.transport.StreamRemoteCall.executeCall(StreamRemoteCall.java:279)
	at java.rmi/sun.rmi.server.UnicastRef.invoke(UnicastRef.java:164)
	at java.rmi/java.rmi.server.RemoteObjectInvocationHandler.invokeRemoteMethod(RemoteObjectInvocationHandler.java:217)
	at java.rmi/java.rmi.server.RemoteObjectInvocationHandler.invoke(RemoteObjectInvocationHandler.java:162)
	at com.sun.proxy.$Proxy7.evosuite_collectStatistics(Unknown Source)
	at org.evosuite.rmi.service.ClientNodeImpl.updateStatistics(ClientNodeImpl.java:251)
	at org.evosuite.statistics.StatisticsSender.sendIndividualToMaster(StatisticsSender.java:62)
	at org.evosuite.statistics.StatisticsListener.lambda$new$0(StatisticsListener.java:76)
	at java.base/java.lang.Thread.run(Thread.java:829)
Caused by: java.rmi.UnmarshalException: error unmarshalling arguments; nested exception is: 
	java.lang.ClassNotFoundException: expect to get instruction without BasicBlock already set
	at java.rmi/sun.rmi.server.UnicastServerRef.dispatch(UnicastServerRef.java:350)
	at java.rmi/sun.rmi.transport.Transport$1.run(Transport.java:200)
	at java.rmi/sun.rmi.transport.Transport$1.run(Transport.java:197)
	at java.base/java.security.AccessController.doPrivileged(Native Method)
	at java.rmi/sun.rmi.transport.Transport.serviceCall(Transport.java:196)
	at java.rmi/sun.rmi.transport.tcp.TCPTransport.handleMessages(TCPTransport.java:562)
	at java.rmi/sun.rmi.transport.tcp.TCPTransport$ConnectionHandler.run0(TCPTransport.java:796)
	at java.rmi/sun.rmi.transport.tcp.TCPTransport$ConnectionHandler.lambda$run$0(TCPTransport.java:677)
	at java.base/java.security.AccessController.doPrivileged(Native Method)
	at java.rmi/sun.rmi.transport.tcp.TCPTransport$ConnectionHandler.run(TCPTransport.java:676)
	at java.base/java.util.concurrent.ThreadPoolExecutor.runWorker(ThreadPoolExecutor.java:1128)
	at java.base/java.util.concurrent.ThreadPoolExecutor$Worker.run(ThreadPoolExecutor.java:628)
	... 1 common frames omitted
Caused by: java.lang.ClassNotFoundException: expect to get instruction without BasicBlock already set
	at org.evosuite.instrumentation.InstrumentingClassLoader.instrumentClass(InstrumentingClassLoader.java:158)
	at org.evosuite.instrumentation.InstrumentingClassLoader.loadClass(InstrumentingClassLoader.java:126)
	at org.evosuite.utils.generic.GenericClassImpl.getClass(GenericClassImpl.java:139)
	at org.evosuite.utils.generic.GenericClassImpl.getClass(GenericClassImpl.java:105)
	at org.evosuite.utils.generic.GenericClassImpl.readObject(GenericClassImpl.java:1671)
	at jdk.internal.reflect.GeneratedMethodAccessor9.invoke(Unknown Source)
	at java.base/jdk.internal.reflect.DelegatingMethodAccessorImpl.invoke(DelegatingMethodAccessorImpl.java:43)
	at java.base/java.lang.reflect.Method.invoke(Method.java:566)
	at java.base/java.io.ObjectStreamClass.invokeReadObject(ObjectStreamClass.java:1046)
	at java.base/java.io.ObjectInputStream.readSerialData(ObjectInputStream.java:2357)
	at java.base/java.io.ObjectInputStream.readOrdinaryObject(ObjectInputStream.java:2228)
	at java.base/java.io.ObjectInputStream.readObject0(ObjectInputStream.java:1687)
	at java.base/java.io.ObjectInputStream.defaultReadFields(ObjectInputStream.java:2496)
	at java.base/java.io.ObjectInputStream.readSerialData(ObjectInputStream.java:2390)
	at java.base/java.io.ObjectInputStream.readOrdinaryObject(ObjectInputStream.java:2228)
	at java.base/java.io.ObjectInputStream.readObject0(ObjectInputStream.java:1687)
	at java.base/java.io.ObjectInputStream.defaultReadFields(ObjectInputStream.java:2496)
	at java.base/java.io.ObjectInputStream.readSerialData(ObjectInputStream.java:2390)
	at java.base/java.io.ObjectInputStream.readOrdinaryObject(ObjectInputStream.java:2228)
	at java.base/java.io.ObjectInputStream.readObject0(ObjectInputStream.java:1687)
	at java.base/java.io.ObjectInputStream.readObject(ObjectInputStream.java:489)
	at java.base/java.io.ObjectInputStream.readObject(ObjectInputStream.java:447)
	at java.base/java.util.ArrayList.readObject(ArrayList.java:929)
	at java.base/jdk.internal.reflect.GeneratedMethodAccessor7.invoke(Unknown Source)
	at java.base/jdk.internal.reflect.DelegatingMethodAccessorImpl.invoke(DelegatingMethodAccessorImpl.java:43)
	at java.base/java.lang.reflect.Method.invoke(Method.java:566)
	at java.base/java.io.ObjectStreamClass.invokeReadObject(ObjectStreamClass.java:1046)
	at java.base/java.io.ObjectInputStream.readSerialData(ObjectInputStream.java:2357)
	at java.base/java.io.ObjectInputStream.readOrdinaryObject(ObjectInputStream.java:2228)
	at java.base/java.io.ObjectInputStream.readObject0(ObjectInputStream.java:1687)
	at java.base/java.io.ObjectInputStream.defaultReadFields(ObjectInputStream.java:2496)
	at java.base/java.io.ObjectInputStream.readSerialData(ObjectInputStream.java:2390)
	at java.base/java.io.ObjectInputStream.readOrdinaryObject(ObjectInputStream.java:2228)
	at java.base/java.io.ObjectInputStream.readObject0(ObjectInputStream.java:1687)
	at java.base/java.io.ObjectInputStream.defaultReadFields(ObjectInputStream.java:2496)
	at java.base/java.io.ObjectInputStream.defaultReadObject(ObjectInputStream.java:625)
	at org.evosuite.testcase.DefaultTestCase.readObject(DefaultTestCase.java:1217)
	at jdk.internal.reflect.GeneratedMethodAccessor14.invoke(Unknown Source)
	at java.base/jdk.internal.reflect.DelegatingMethodAccessorImpl.invoke(DelegatingMethodAccessorImpl.java:43)
	at java.base/java.lang.reflect.Method.invoke(Method.java:566)
	at java.base/java.io.ObjectStreamClass.invokeReadObject(ObjectStreamClass.java:1046)
	at java.base/java.io.ObjectInputStream.readSerialData(ObjectInputStream.java:2357)
	at java.base/java.io.ObjectInputStream.readOrdinaryObject(ObjectInputStream.java:2228)
	at java.base/java.io.ObjectInputStream.readObject0(ObjectInputStream.java:1687)
	at java.base/java.io.ObjectInputStream.defaultReadFields(ObjectInputStream.java:2496)
	at java.base/java.io.ObjectInputStream.readSerialData(ObjectInputStream.java:2390)
	at java.base/java.io.ObjectInputStream.readOrdinaryObject(ObjectInputStream.java:2228)
	at java.base/java.io.ObjectInputStream.readObject0(ObjectInputStream.java:1687)
	at java.base/java.io.ObjectInputStream.readObject(ObjectInputStream.java:489)
	at java.base/java.io.ObjectInputStream.readObject(ObjectInputStream.java:447)
	at java.base/java.util.ArrayList.readObject(ArrayList.java:929)
	at java.base/jdk.internal.reflect.GeneratedMethodAccessor7.invoke(Unknown Source)
	at java.base/jdk.internal.reflect.DelegatingMethodAccessorImpl.invoke(DelegatingMethodAccessorImpl.java:43)
	at java.base/java.lang.reflect.Method.invoke(Method.java:566)
	at java.base/java.io.ObjectStreamClass.invokeReadObject(ObjectStreamClass.java:1046)
	at java.base/java.io.ObjectInputStream.readSerialData(ObjectInputStream.java:2357)
	at java.base/java.io.ObjectInputStream.readOrdinaryObject(ObjectInputStream.java:2228)
	at java.base/java.io.ObjectInputStream.readObject0(ObjectInputStream.java:1687)
	at java.base/java.io.ObjectInputStream.defaultReadFields(ObjectInputStream.java:2496)
	at java.base/java.io.ObjectInputStream.readSerialData(ObjectInputStream.java:2390)
	at java.base/java.io.ObjectInputStream.readOrdinaryObject(ObjectInputStream.java:2228)
	at java.base/java.io.ObjectInputStream.readObject0(ObjectInputStream.java:1687)
	at java.base/java.io.ObjectInputStream.readObject(ObjectInputStream.java:489)
	at java.base/java.io.ObjectInputStream.readObject(ObjectInputStream.java:447)
	at java.rmi/sun.rmi.server.UnicastRef.unmarshalValue(UnicastRef.java:327)
	at java.rmi/sun.rmi.server.UnicastServerRef.dispatch(UnicastServerRef.java:339)
	... 12 common frames omitted
Caused by: java.lang.IllegalArgumentException: expect to get instruction without BasicBlock already set
	at org.evosuite.graphs.cfg.BasicBlock.appendInstruction(BasicBlock.java:225)
	at org.evosuite.graphs.cfg.BasicBlock.setInstructions(BasicBlock.java:206)
	at org.evosuite.graphs.cfg.BasicBlock.<init>(BasicBlock.java:106)
	at org.evosuite.graphs.cfg.RawControlFlowGraph.determineBasicBlockFor(RawControlFlowGraph.java:314)
	at org.evosuite.graphs.cfg.ActualControlFlowGraph.computeNodes(ActualControlFlowGraph.java:295)
	at org.evosuite.graphs.cfg.ActualControlFlowGraph.computeGraph(ActualControlFlowGraph.java:262)
	at org.evosuite.graphs.cfg.ActualControlFlowGraph.<init>(ActualControlFlowGraph.java:97)
	at org.evosuite.graphs.cfg.CFGGenerator.computeActualCFG(CFGGenerator.java:218)
	at org.evosuite.graphs.cfg.CFGGenerator.registerCFGs(CFGGenerator.java:102)
	at org.evosuite.graphs.cfg.CFGMethodAdapter.visitEnd(CFGMethodAdapter.java:219)
	at org.evosuite.shaded.org.objectweb.asm.MethodVisitor.visitEnd(MethodVisitor.java:783)
	at org.evosuite.shaded.org.objectweb.asm.MethodVisitor.visitEnd(MethodVisitor.java:783)
	at org.evosuite.shaded.org.objectweb.asm.MethodVisitor.visitEnd(MethodVisitor.java:783)
	at org.evosuite.shaded.org.objectweb.asm.tree.MethodNode.accept(MethodNode.java:772)
	at org.evosuite.shaded.org.objectweb.asm.tree.MethodNode.accept(MethodNode.java:649)
	at org.evosuite.shaded.org.objectweb.asm.tree.ClassNode.accept(ClassNode.java:452)
	at org.evosuite.instrumentation.BytecodeInstrumentation.transformBytes(BytecodeInstrumentation.java:282)
	at org.evosuite.instrumentation.InstrumentingClassLoader.getTransformedBytes(InstrumentingClassLoader.java:135)
	at org.evosuite.instrumentation.InstrumentingClassLoader.instrumentClass(InstrumentingClassLoader.java:149)
	... 77 common frames omitted
[Progress:======>                       22%] [Cov:==========================>        75%][Progress:======>                       22%] [Cov:==========================>        76%][Progress:======>                       22%] [Cov:==========================>        76%][Progress:======>                       23%] [Cov:==========================>        75%][Progress:======>                       23%] [Cov:==========================>        76%][Progress:======>                       23%] [Cov:==========================>        76%][Progress:======>                       23%] [Cov:==========================>        76%]GWO iteration=60 bestFitness=180.96774189123119 population=50 a=0.8
========== GWO EVOLVE iteration=60 population=50 ==========
[Progress:=======>                      24%] [Cov:==========================>        76%][Progress:=======>                      24%] [Cov:==========================>        76%][MASTER] 07:41:36.007 [logback-1] WARN  ClientNodeImpl - Cannot send statistics to master; continuing without statistics
java.rmi.ServerException: RemoteException occurred in server thread; nested exception is: 
	java.rmi.UnmarshalException: error unmarshalling arguments; nested exception is: 
	java.lang.ClassNotFoundException: expect to get instruction without BasicBlock already set
	at java.rmi/sun.rmi.server.UnicastServerRef.dispatch(UnicastServerRef.java:391)
	at java.rmi/sun.rmi.transport.Transport$1.run(Transport.java:200)
	at java.rmi/sun.rmi.transport.Transport$1.run(Transport.java:197)
	at java.base/java.security.AccessController.doPrivileged(Native Method)
	at java.rmi/sun.rmi.transport.Transport.serviceCall(Transport.java:196)
	at java.rmi/sun.rmi.transport.tcp.TCPTransport.handleMessages(TCPTransport.java:562)
	at java.rmi/sun.rmi.transport.tcp.TCPTransport$ConnectionHandler.run0(TCPTransport.java:796)
	at java.rmi/sun.rmi.transport.tcp.TCPTransport$ConnectionHandler.lambda$run$0(TCPTransport.java:677)
	at java.base/java.security.AccessController.doPrivileged(Native Method)
	at java.rmi/sun.rmi.transport.tcp.TCPTransport$ConnectionHandler.run(TCPTransport.java:676)
	at java.base/java.util.concurrent.ThreadPoolExecutor.runWorker(ThreadPoolExecutor.java:1128)
	at java.base/java.util.concurrent.ThreadPoolExecutor$Worker.run(ThreadPoolExecutor.java:628)
	at java.base/java.lang.Thread.run(Thread.java:829)
	at java.rmi/sun.rmi.transport.StreamRemoteCall.exceptionReceivedFromServer(StreamRemoteCall.java:303)
	at java.rmi/sun.rmi.transport.StreamRemoteCall.executeCall(StreamRemoteCall.java:279)
	at java.rmi/sun.rmi.server.UnicastRef.invoke(UnicastRef.java:164)
	at java.rmi/java.rmi.server.RemoteObjectInvocationHandler.invokeRemoteMethod(RemoteObjectInvocationHandler.java:217)
	at java.rmi/java.rmi.server.RemoteObjectInvocationHandler.invoke(RemoteObjectInvocationHandler.java:162)
	at com.sun.proxy.$Proxy7.evosuite_collectStatistics(Unknown Source)
	at org.evosuite.rmi.service.ClientNodeImpl.updateStatistics(ClientNodeImpl.java:251)
	at org.evosuite.statistics.StatisticsSender.sendIndividualToMaster(StatisticsSender.java:62)
	at org.evosuite.statistics.StatisticsListener.lambda$new$0(StatisticsListener.java:76)
	at java.base/java.lang.Thread.run(Thread.java:829)
Caused by: java.rmi.UnmarshalException: error unmarshalling arguments; nested exception is: 
	java.lang.ClassNotFoundException: expect to get instruction without BasicBlock already set
	at java.rmi/sun.rmi.server.UnicastServerRef.dispatch(UnicastServerRef.java:350)
	at java.rmi/sun.rmi.transport.Transport$1.run(Transport.java:200)
	at java.rmi/sun.rmi.transport.Transport$1.run(Transport.java:197)
	at java.base/java.security.AccessController.doPrivileged(Native Method)
	at java.rmi/sun.rmi.transport.Transport.serviceCall(Transport.java:196)
	at java.rmi/sun.rmi.transport.tcp.TCPTransport.handleMessages(TCPTransport.java:562)
	at java.rmi/sun.rmi.transport.tcp.TCPTransport$ConnectionHandler.run0(TCPTransport.java:796)
	at java.rmi/sun.rmi.transport.tcp.TCPTransport$ConnectionHandler.lambda$run$0(TCPTransport.java:677)
	at java.base/java.security.AccessController.doPrivileged(Native Method)
	at java.rmi/sun.rmi.transport.tcp.TCPTransport$ConnectionHandler.run(TCPTransport.java:676)
	at java.base/java.util.concurrent.ThreadPoolExecutor.runWorker(ThreadPoolExecutor.java:1128)
	at java.base/java.util.concurrent.ThreadPoolExecutor$Worker.run(ThreadPoolExecutor.java:628)
	... 1 common frames omitted
Caused by: java.lang.ClassNotFoundException: expect to get instruction without BasicBlock already set
	at org.evosuite.instrumentation.InstrumentingClassLoader.instrumentClass(InstrumentingClassLoader.java:158)
	at org.evosuite.instrumentation.InstrumentingClassLoader.loadClass(InstrumentingClassLoader.java:126)
	at org.evosuite.utils.generic.GenericClassImpl.getClass(GenericClassImpl.java:139)
	at org.evosuite.utils.generic.GenericClassImpl.getClass(GenericClassImpl.java:105)
	at org.evosuite.utils.generic.GenericClassImpl.readObject(GenericClassImpl.java:1671)
	at jdk.internal.reflect.GeneratedMethodAccessor9.invoke(Unknown Source)
	at java.base/jdk.internal.reflect.DelegatingMethodAccessorImpl.invoke(DelegatingMethodAccessorImpl.java:43)
	at java.base/java.lang.reflect.Method.invoke(Method.java:566)
	at java.base/java.io.ObjectStreamClass.invokeReadObject(ObjectStreamClass.java:1046)
	at java.base/java.io.ObjectInputStream.readSerialData(ObjectInputStream.java:2357)
	at java.base/java.io.ObjectInputStream.readOrdinaryObject(ObjectInputStream.java:2228)
	at java.base/java.io.ObjectInputStream.readObject0(ObjectInputStream.java:1687)
	at java.base/java.io.ObjectInputStream.defaultReadFields(ObjectInputStream.java:2496)
	at java.base/java.io.ObjectInputStream.readSerialData(ObjectInputStream.java:2390)
	at java.base/java.io.ObjectInputStream.readOrdinaryObject(ObjectInputStream.java:2228)
	at java.base/java.io.ObjectInputStream.readObject0(ObjectInputStream.java:1687)
	at java.base/java.io.ObjectInputStream.defaultReadFields(ObjectInputStream.java:2496)
	at java.base/java.io.ObjectInputStream.readSerialData(ObjectInputStream.java:2390)
	at java.base/java.io.ObjectInputStream.readOrdinaryObject(ObjectInputStream.java:2228)
	at java.base/java.io.ObjectInputStream.readObject0(ObjectInputStream.java:1687)
	at java.base/java.io.ObjectInputStream.readObject(ObjectInputStream.java:489)
	at java.base/java.io.ObjectInputStream.readObject(ObjectInputStream.java:447)
	at java.base/java.util.ArrayList.readObject(ArrayList.java:929)
	at java.base/jdk.internal.reflect.GeneratedMethodAccessor7.invoke(Unknown Source)
	at java.base/jdk.internal.reflect.DelegatingMethodAccessorImpl.invoke(DelegatingMethodAccessorImpl.java:43)
	at java.base/java.lang.reflect.Method.invoke(Method.java:566)
	at java.base/java.io.ObjectStreamClass.invokeReadObject(ObjectStreamClass.java:1046)
	at java.base/java.io.ObjectInputStream.readSerialData(ObjectInputStream.java:2357)
	at java.base/java.io.ObjectInputStream.readOrdinaryObject(ObjectInputStream.java:2228)
	at java.base/java.io.ObjectInputStream.readObject0(ObjectInputStream.java:1687)
	at java.base/java.io.ObjectInputStream.defaultReadFields(ObjectInputStream.java:2496)
	at java.base/java.io.ObjectInputStream.readSerialData(ObjectInputStream.java:2390)
	at java.base/java.io.ObjectInputStream.readOrdinaryObject(ObjectInputStream.java:2228)
	at java.base/java.io.ObjectInputStream.readObject0(ObjectInputStream.java:1687)
	at java.base/java.io.ObjectInputStream.defaultReadFields(ObjectInputStream.java:2496)
	at java.base/java.io.ObjectInputStream.defaultReadObject(ObjectInputStream.java:625)
	at org.evosuite.testcase.DefaultTestCase.readObject(DefaultTestCase.java:1217)
	at jdk.internal.reflect.GeneratedMethodAccessor14.invoke(Unknown Source)
	at java.base/jdk.internal.reflect.DelegatingMethodAccessorImpl.invoke(DelegatingMethodAccessorImpl.java:43)
	at java.base/java.lang.reflect.Method.invoke(Method.java:566)
	at java.base/java.io.ObjectStreamClass.invokeReadObject(ObjectStreamClass.java:1046)
	at java.base/java.io.ObjectInputStream.readSerialData(ObjectInputStream.java:2357)
	at java.base/java.io.ObjectInputStream.readOrdinaryObject(ObjectInputStream.java:2228)
	at java.base/java.io.ObjectInputStream.readObject0(ObjectInputStream.java:1687)
	at java.base/java.io.ObjectInputStream.defaultReadFields(ObjectInputStream.java:2496)
	at java.base/java.io.ObjectInputStream.readSerialData(ObjectInputStream.java:2390)
	at java.base/java.io.ObjectInputStream.readOrdinaryObject(ObjectInputStream.java:2228)
	at java.base/java.io.ObjectInputStream.readObject0(ObjectInputStream.java:1687)
	at java.base/java.io.ObjectInputStream.readObject(ObjectInputStream.java:489)
	at java.base/java.io.ObjectInputStream.readObject(ObjectInputStream.java:447)
	at java.base/java.util.ArrayList.readObject(ArrayList.java:929)
	at java.base/jdk.internal.reflect.GeneratedMethodAccessor7.invoke(Unknown Source)
	at java.base/jdk.internal.reflect.DelegatingMethodAccessorImpl.invoke(DelegatingMethodAccessorImpl.java:43)
	at java.base/java.lang.reflect.Method.invoke(Method.java:566)
	at java.base/java.io.ObjectStreamClass.invokeReadObject(ObjectStreamClass.java:1046)
	at java.base/java.io.ObjectInputStream.readSerialData(ObjectInputStream.java:2357)
	at java.base/java.io.ObjectInputStream.readOrdinaryObject(ObjectInputStream.java:2228)
	at java.base/java.io.ObjectInputStream.readObject0(ObjectInputStream.java:1687)
	at java.base/java.io.ObjectInputStream.defaultReadFields(ObjectInputStream.java:2496)
	at java.base/java.io.ObjectInputStream.readSerialData(ObjectInputStream.java:2390)
	at java.base/java.io.ObjectInputStream.readOrdinaryObject(ObjectInputStream.java:2228)
	at java.base/java.io.ObjectInputStream.readObject0(ObjectInputStream.java:1687)
	at java.base/java.io.ObjectInputStream.readObject(ObjectInputStream.java:489)
	at java.base/java.io.ObjectInputStream.readObject(ObjectInputStream.java:447)
	at java.rmi/sun.rmi.server.UnicastRef.unmarshalValue(UnicastRef.java:327)
	at java.rmi/sun.rmi.server.UnicastServerRef.dispatch(UnicastServerRef.java:339)
	... 12 common frames omitted
Caused by: java.lang.IllegalArgumentException: expect to get instruction without BasicBlock already set
	at org.evosuite.graphs.cfg.BasicBlock.appendInstruction(BasicBlock.java:225)
	at org.evosuite.graphs.cfg.BasicBlock.setInstructions(BasicBlock.java:206)
	at org.evosuite.graphs.cfg.BasicBlock.<init>(BasicBlock.java:106)
	at org.evosuite.graphs.cfg.RawControlFlowGraph.determineBasicBlockFor(RawControlFlowGraph.java:314)
	at org.evosuite.graphs.cfg.ActualControlFlowGraph.computeNodes(ActualControlFlowGraph.java:295)
	at org.evosuite.graphs.cfg.ActualControlFlowGraph.computeGraph(ActualControlFlowGraph.java:262)
	at org.evosuite.graphs.cfg.ActualControlFlowGraph.<init>(ActualControlFlowGraph.java:97)
	at org.evosuite.graphs.cfg.CFGGenerator.computeActualCFG(CFGGenerator.java:218)
	at org.evosuite.graphs.cfg.CFGGenerator.registerCFGs(CFGGenerator.java:102)
	at org.evosuite.graphs.cfg.CFGMethodAdapter.visitEnd(CFGMethodAdapter.java:219)
	at org.evosuite.shaded.org.objectweb.asm.MethodVisitor.visitEnd(MethodVisitor.java:783)
	at org.evosuite.shaded.org.objectweb.asm.MethodVisitor.visitEnd(MethodVisitor.java:783)
	at org.evosuite.shaded.org.objectweb.asm.MethodVisitor.visitEnd(MethodVisitor.java:783)
	at org.evosuite.shaded.org.objectweb.asm.tree.MethodNode.accept(MethodNode.java:772)
	at org.evosuite.shaded.org.objectweb.asm.tree.MethodNode.accept(MethodNode.java:649)
	at org.evosuite.shaded.org.objectweb.asm.tree.ClassNode.accept(ClassNode.java:452)
	at org.evosuite.instrumentation.BytecodeInstrumentation.transformBytes(BytecodeInstrumentation.java:282)
	at org.evosuite.instrumentation.InstrumentingClassLoader.getTransformedBytes(InstrumentingClassLoader.java:135)
	at org.evosuite.instrumentation.InstrumentingClassLoader.instrumentClass(InstrumentingClassLoader.java:149)
	... 77 common frames omitted
[Progress:=======>                      24%] [Cov:==========================>        76%][Progress:=======>                      25%] [Cov:==========================>        76%][Progress:=======>                      25%] [Cov:==========================>        76%][Progress:=======>                      25%] [Cov:==========================>        76%][Progress:=======>                      25%] [Cov:==========================>        76%][MASTER] 07:41:38.422 [logback-1] WARN  ClientNodeImpl - Cannot send statistics to master; continuing without statistics
java.rmi.ServerException: RemoteException occurred in server thread; nested exception is: 
	java.rmi.UnmarshalException: error unmarshalling arguments; nested exception is: 
	java.lang.ClassNotFoundException: expect to get instruction without BasicBlock already set
	at java.rmi/sun.rmi.server.UnicastServerRef.dispatch(UnicastServerRef.java:391)
	at java.rmi/sun.rmi.transport.Transport$1.run(Transport.java:200)
	at java.rmi/sun.rmi.transport.Transport$1.run(Transport.java:197)
	at java.base/java.security.AccessController.doPrivileged(Native Method)
	at java.rmi/sun.rmi.transport.Transport.serviceCall(Transport.java:196)
	at java.rmi/sun.rmi.transport.tcp.TCPTransport.handleMessages(TCPTransport.java:562)
	at java.rmi/sun.rmi.transport.tcp.TCPTransport$ConnectionHandler.run0(TCPTransport.java:796)
	at java.rmi/sun.rmi.transport.tcp.TCPTransport$ConnectionHandler.lambda$run$0(TCPTransport.java:677)
	at java.base/java.security.AccessController.doPrivileged(Native Method)
	at java.rmi/sun.rmi.transport.tcp.TCPTransport$ConnectionHandler.run(TCPTransport.java:676)
	at java.base/java.util.concurrent.ThreadPoolExecutor.runWorker(ThreadPoolExecutor.java:1128)
	at java.base/java.util.concurrent.ThreadPoolExecutor$Worker.run(ThreadPoolExecutor.java:628)
	at java.base/java.lang.Thread.run(Thread.java:829)
	at java.rmi/sun.rmi.transport.StreamRemoteCall.exceptionReceivedFromServer(StreamRemoteCall.java:303)
	at java.rmi/sun.rmi.transport.StreamRemoteCall.executeCall(StreamRemoteCall.java:279)
	at java.rmi/sun.rmi.server.UnicastRef.invoke(UnicastRef.java:164)
	at java.rmi/java.rmi.server.RemoteObjectInvocationHandler.invokeRemoteMethod(RemoteObjectInvocationHandler.java:217)
	at java.rmi/java.rmi.server.RemoteObjectInvocationHandler.invoke(RemoteObjectInvocationHandler.java:162)
	at com.sun.proxy.$Proxy7.evosuite_collectStatistics(Unknown Source)
	at org.evosuite.rmi.service.ClientNodeImpl.updateStatistics(ClientNodeImpl.java:251)
	at org.evosuite.statistics.StatisticsSender.sendIndividualToMaster(StatisticsSender.java:62)
	at org.evosuite.statistics.StatisticsListener.lambda$new$0(StatisticsListener.java:76)
	at java.base/java.lang.Thread.run(Thread.java:829)
Caused by: java.rmi.UnmarshalException: error unmarshalling arguments; nested exception is: 
	java.lang.ClassNotFoundException: expect to get instruction without BasicBlock already set
	at java.rmi/sun.rmi.server.UnicastServerRef.dispatch(UnicastServerRef.java:350)
	at java.rmi/sun.rmi.transport.Transport$1.run(Transport.java:200)
	at java.rmi/sun.rmi.transport.Transport$1.run(Transport.java:197)
	at java.base/java.security.AccessController.doPrivileged(Native Method)
	at java.rmi/sun.rmi.transport.Transport.serviceCall(Transport.java:196)
	at java.rmi/sun.rmi.transport.tcp.TCPTransport.handleMessages(TCPTransport.java:562)
	at java.rmi/sun.rmi.transport.tcp.TCPTransport$ConnectionHandler.run0(TCPTransport.java:796)
	at java.rmi/sun.rmi.transport.tcp.TCPTransport$ConnectionHandler.lambda$run$0(TCPTransport.java:677)
	at java.base/java.security.AccessController.doPrivileged(Native Method)
	at java.rmi/sun.rmi.transport.tcp.TCPTransport$ConnectionHandler.run(TCPTransport.java:676)
	at java.base/java.util.concurrent.ThreadPoolExecutor.runWorker(ThreadPoolExecutor.java:1128)
	at java.base/java.util.concurrent.ThreadPoolExecutor$Worker.run(ThreadPoolExecutor.java:628)
	... 1 common frames omitted
Caused by: java.lang.ClassNotFoundException: expect to get instruction without BasicBlock already set
	at org.evosuite.instrumentation.InstrumentingClassLoader.instrumentClass(InstrumentingClassLoader.java:158)
	at org.evosuite.instrumentation.InstrumentingClassLoader.loadClass(InstrumentingClassLoader.java:126)
	at org.evosuite.utils.generic.GenericClassImpl.getClass(GenericClassImpl.java:139)
	at org.evosuite.utils.generic.GenericClassImpl.getClass(GenericClassImpl.java:105)
	at org.evosuite.utils.generic.GenericClassImpl.readObject(GenericClassImpl.java:1671)
	at jdk.internal.reflect.GeneratedMethodAccessor9.invoke(Unknown Source)
	at java.base/jdk.internal.reflect.DelegatingMethodAccessorImpl.invoke(DelegatingMethodAccessorImpl.java:43)
	at java.base/java.lang.reflect.Method.invoke(Method.java:566)
	at java.base/java.io.ObjectStreamClass.invokeReadObject(ObjectStreamClass.java:1046)
	at java.base/java.io.ObjectInputStream.readSerialData(ObjectInputStream.java:2357)
	at java.base/java.io.ObjectInputStream.readOrdinaryObject(ObjectInputStream.java:2228)
	at java.base/java.io.ObjectInputStream.readObject0(ObjectInputStream.java:1687)
	at java.base/java.io.ObjectInputStream.defaultReadFields(ObjectInputStream.java:2496)
	at java.base/java.io.ObjectInputStream.readSerialData(ObjectInputStream.java:2390)
	at java.base/java.io.ObjectInputStream.readOrdinaryObject(ObjectInputStream.java:2228)
	at java.base/java.io.ObjectInputStream.readObject0(ObjectInputStream.java:1687)
	at java.base/java.io.ObjectInputStream.defaultReadFields(ObjectInputStream.java:2496)
	at java.base/java.io.ObjectInputStream.readSerialData(ObjectInputStream.java:2390)
	at java.base/java.io.ObjectInputStream.readOrdinaryObject(ObjectInputStream.java:2228)
	at java.base/java.io.ObjectInputStream.readObject0(ObjectInputStream.java:1687)
	at java.base/java.io.ObjectInputStream.readObject(ObjectInputStream.java:489)
	at java.base/java.io.ObjectInputStream.readObject(ObjectInputStream.java:447)
	at java.base/java.util.ArrayList.readObject(ArrayList.java:929)
	at java.base/jdk.internal.reflect.GeneratedMethodAccessor7.invoke(Unknown Source)
	at java.base/jdk.internal.reflect.DelegatingMethodAccessorImpl.invoke(DelegatingMethodAccessorImpl.java:43)
	at java.base/java.lang.reflect.Method.invoke(Method.java:566)
	at java.base/java.io.ObjectStreamClass.invokeReadObject(ObjectStreamClass.java:1046)
	at java.base/java.io.ObjectInputStream.readSerialData(ObjectInputStream.java:2357)
	at java.base/java.io.ObjectInputStream.readOrdinaryObject(ObjectInputStream.java:2228)
	at java.base/java.io.ObjectInputStream.readObject0(ObjectInputStream.java:1687)
	at java.base/java.io.ObjectInputStream.defaultReadFields(ObjectInputStream.java:2496)
	at java.base/java.io.ObjectInputStream.readSerialData(ObjectInputStream.java:2390)
	at java.base/java.io.ObjectInputStream.readOrdinaryObject(ObjectInputStream.java:2228)
	at java.base/java.io.ObjectInputStream.readObject0(ObjectInputStream.java:1687)
	at java.base/java.io.ObjectInputStream.defaultReadFields(ObjectInputStream.java:2496)
	at java.base/java.io.ObjectInputStream.defaultReadObject(ObjectInputStream.java:625)
	at org.evosuite.testcase.DefaultTestCase.readObject(DefaultTestCase.java:1217)
	at jdk.internal.reflect.GeneratedMethodAccessor14.invoke(Unknown Source)
	at java.base/jdk.internal.reflect.DelegatingMethodAccessorImpl.invoke(DelegatingMethodAccessorImpl.java:43)
	at java.base/java.lang.reflect.Method.invoke(Method.java:566)
	at java.base/java.io.ObjectStreamClass.invokeReadObject(ObjectStreamClass.java:1046)
	at java.base/java.io.ObjectInputStream.readSerialData(ObjectInputStream.java:2357)
	at java.base/java.io.ObjectInputStream.readOrdinaryObject(ObjectInputStream.java:2228)
	at java.base/java.io.ObjectInputStream.readObject0(ObjectInputStream.java:1687)
	at java.base/java.io.ObjectInputStream.defaultReadFields(ObjectInputStream.java:2496)
	at java.base/java.io.ObjectInputStream.readSerialData(ObjectInputStream.java:2390)
	at java.base/java.io.ObjectInputStream.readOrdinaryObject(ObjectInputStream.java:2228)
	at java.base/java.io.ObjectInputStream.readObject0(ObjectInputStream.java:1687)
	at java.base/java.io.ObjectInputStream.readObject(ObjectInputStream.java:489)
	at java.base/java.io.ObjectInputStream.readObject(ObjectInputStream.java:447)
	at java.base/java.util.ArrayList.readObject(ArrayList.java:929)
	at java.base/jdk.internal.reflect.GeneratedMethodAccessor7.invoke(Unknown Source)
	at java.base/jdk.internal.reflect.DelegatingMethodAccessorImpl.invoke(DelegatingMethodAccessorImpl.java:43)
	at java.base/java.lang.reflect.Method.invoke(Method.java:566)
	at java.base/java.io.ObjectStreamClass.invokeReadObject(ObjectStreamClass.java:1046)
	at java.base/java.io.ObjectInputStream.readSerialData(ObjectInputStream.java:2357)
	at java.base/java.io.ObjectInputStream.readOrdinaryObject(ObjectInputStream.java:2228)
	at java.base/java.io.ObjectInputStream.readObject0(ObjectInputStream.java:1687)
	at java.base/java.io.ObjectInputStream.defaultReadFields(ObjectInputStream.java:2496)
	at java.base/java.io.ObjectInputStream.readSerialData(ObjectInputStream.java:2390)
	at java.base/java.io.ObjectInputStream.readOrdinaryObject(ObjectInputStream.java:2228)
	at java.base/java.io.ObjectInputStream.readObject0(ObjectInputStream.java:1687)
	at java.base/java.io.ObjectInputStream.readObject(ObjectInputStream.java:489)
	at java.base/java.io.ObjectInputStream.readObject(ObjectInputStream.java:447)
	at java.rmi/sun.rmi.server.UnicastRef.unmarshalValue(UnicastRef.java:327)
	at java.rmi/sun.rmi.server.UnicastServerRef.dispatch(UnicastServerRef.java:339)
	... 12 common frames omitted
Caused by: java.lang.IllegalArgumentException: expect to get instruction without BasicBlock already set
	at org.evosuite.graphs.cfg.BasicBlock.appendInstruction(BasicBlock.java:225)
	at org.evosuite.graphs.cfg.BasicBlock.setInstructions(BasicBlock.java:206)
	at org.evosuite.graphs.cfg.BasicBlock.<init>(BasicBlock.java:106)
	at org.evosuite.graphs.cfg.RawControlFlowGraph.determineBasicBlockFor(RawControlFlowGraph.java:314)
	at org.evosuite.graphs.cfg.ActualControlFlowGraph.computeNodes(ActualControlFlowGraph.java:295)
	at org.evosuite.graphs.cfg.ActualControlFlowGraph.computeGraph(ActualControlFlowGraph.java:262)
	at org.evosuite.graphs.cfg.ActualControlFlowGraph.<init>(ActualControlFlowGraph.java:97)
	at org.evosuite.graphs.cfg.CFGGenerator.computeActualCFG(CFGGenerator.java:218)
	at org.evosuite.graphs.cfg.CFGGenerator.registerCFGs(CFGGenerator.java:102)
	at org.evosuite.graphs.cfg.CFGMethodAdapter.visitEnd(CFGMethodAdapter.java:219)
	at org.evosuite.shaded.org.objectweb.asm.MethodVisitor.visitEnd(MethodVisitor.java:783)
	at org.evosuite.shaded.org.objectweb.asm.MethodVisitor.visitEnd(MethodVisitor.java:783)
	at org.evosuite.shaded.org.objectweb.asm.MethodVisitor.visitEnd(MethodVisitor.java:783)
	at org.evosuite.shaded.org.objectweb.asm.tree.MethodNode.accept(MethodNode.java:772)
	at org.evosuite.shaded.org.objectweb.asm.tree.MethodNode.accept(MethodNode.java:649)
	at org.evosuite.shaded.org.objectweb.asm.tree.ClassNode.accept(ClassNode.java:452)
	at org.evosuite.instrumentation.BytecodeInstrumentation.transformBytes(BytecodeInstrumentation.java:282)
	at org.evosuite.instrumentation.InstrumentingClassLoader.getTransformedBytes(InstrumentingClassLoader.java:135)
	at org.evosuite.instrumentation.InstrumentingClassLoader.instrumentClass(InstrumentingClassLoader.java:149)
	... 77 common frames omitted
[Progress:=======>                      26%] [Cov:==========================>        76%][Progress:=======>                      26%] [Cov:==========================>        76%][Progress:=======>                      26%] [Cov:==========================>        76%][Progress:========>                     27%] [Cov:==========================>        76%][Progress:========>                     27%] [Cov:==========================>        76%][Progress:========>                     27%] [Cov:==========================>        76%][Progress:========>                     28%] [Cov:==========================>        76%][Progress:========>                     28%] [Cov:==========================>        76%][MASTER] 07:41:40.840 [logback-1] WARN  ClientNodeImpl - Cannot send statistics to master; continuing without statistics
java.rmi.ServerException: RemoteException occurred in server thread; nested exception is: 
	java.rmi.UnmarshalException: error unmarshalling arguments; nested exception is: 
	java.lang.ClassNotFoundException: expect to get instruction without BasicBlock already set
	at java.rmi/sun.rmi.server.UnicastServerRef.dispatch(UnicastServerRef.java:391)
	at java.rmi/sun.rmi.transport.Transport$1.run(Transport.java:200)
	at java.rmi/sun.rmi.transport.Transport$1.run(Transport.java:197)
	at java.base/java.security.AccessController.doPrivileged(Native Method)
	at java.rmi/sun.rmi.transport.Transport.serviceCall(Transport.java:196)
	at java.rmi/sun.rmi.transport.tcp.TCPTransport.handleMessages(TCPTransport.java:562)
	at java.rmi/sun.rmi.transport.tcp.TCPTransport$ConnectionHandler.run0(TCPTransport.java:796)
	at java.rmi/sun.rmi.transport.tcp.TCPTransport$ConnectionHandler.lambda$run$0(TCPTransport.java:677)
	at java.base/java.security.AccessController.doPrivileged(Native Method)
	at java.rmi/sun.rmi.transport.tcp.TCPTransport$ConnectionHandler.run(TCPTransport.java:676)
	at java.base/java.util.concurrent.ThreadPoolExecutor.runWorker(ThreadPoolExecutor.java:1128)
	at java.base/java.util.concurrent.ThreadPoolExecutor$Worker.run(ThreadPoolExecutor.java:628)
	at java.base/java.lang.Thread.run(Thread.java:829)
	at java.rmi/sun.rmi.transport.StreamRemoteCall.exceptionReceivedFromServer(StreamRemoteCall.java:303)
	at java.rmi/sun.rmi.transport.StreamRemoteCall.executeCall(StreamRemoteCall.java:279)
	at java.rmi/sun.rmi.server.UnicastRef.invoke(UnicastRef.java:164)
	at java.rmi/java.rmi.server.RemoteObjectInvocationHandler.invokeRemoteMethod(RemoteObjectInvocationHandler.java:217)
	at java.rmi/java.rmi.server.RemoteObjectInvocationHandler.invoke(RemoteObjectInvocationHandler.java:162)
	at com.sun.proxy.$Proxy7.evosuite_collectStatistics(Unknown Source)
	at org.evosuite.rmi.service.ClientNodeImpl.updateStatistics(ClientNodeImpl.java:251)
	at org.evosuite.statistics.StatisticsSender.sendIndividualToMaster(StatisticsSender.java:62)
	at org.evosuite.statistics.StatisticsListener.lambda$new$0(StatisticsListener.java:76)
	at java.base/java.lang.Thread.run(Thread.java:829)
Caused by: java.rmi.UnmarshalException: error unmarshalling arguments; nested exception is: 
	java.lang.ClassNotFoundException: expect to get instruction without BasicBlock already set
	at java.rmi/sun.rmi.server.UnicastServerRef.dispatch(UnicastServerRef.java:350)
	at java.rmi/sun.rmi.transport.Transport$1.run(Transport.java:200)
	at java.rmi/sun.rmi.transport.Transport$1.run(Transport.java:197)
	at java.base/java.security.AccessController.doPrivileged(Native Method)
	at java.rmi/sun.rmi.transport.Transport.serviceCall(Transport.java:196)
	at java.rmi/sun.rmi.transport.tcp.TCPTransport.handleMessages(TCPTransport.java:562)
	at java.rmi/sun.rmi.transport.tcp.TCPTransport$ConnectionHandler.run0(TCPTransport.java:796)
	at java.rmi/sun.rmi.transport.tcp.TCPTransport$ConnectionHandler.lambda$run$0(TCPTransport.java:677)
	at java.base/java.security.AccessController.doPrivileged(Native Method)
	at java.rmi/sun.rmi.transport.tcp.TCPTransport$ConnectionHandler.run(TCPTransport.java:676)
	at java.base/java.util.concurrent.ThreadPoolExecutor.runWorker(ThreadPoolExecutor.java:1128)
	at java.base/java.util.concurrent.ThreadPoolExecutor$Worker.run(ThreadPoolExecutor.java:628)
	... 1 common frames omitted
Caused by: java.lang.ClassNotFoundException: expect to get instruction without BasicBlock already set
	at org.evosuite.instrumentation.InstrumentingClassLoader.instrumentClass(InstrumentingClassLoader.java:158)
	at org.evosuite.instrumentation.InstrumentingClassLoader.loadClass(InstrumentingClassLoader.java:126)
	at org.evosuite.utils.generic.GenericClassImpl.getClass(GenericClassImpl.java:139)
	at org.evosuite.utils.generic.GenericClassImpl.getClass(GenericClassImpl.java:105)
	at org.evosuite.utils.generic.GenericClassImpl.readObject(GenericClassImpl.java:1671)
	at jdk.internal.reflect.GeneratedMethodAccessor9.invoke(Unknown Source)
	at java.base/jdk.internal.reflect.DelegatingMethodAccessorImpl.invoke(DelegatingMethodAccessorImpl.java:43)
	at java.base/java.lang.reflect.Method.invoke(Method.java:566)
	at java.base/java.io.ObjectStreamClass.invokeReadObject(ObjectStreamClass.java:1046)
	at java.base/java.io.ObjectInputStream.readSerialData(ObjectInputStream.java:2357)
	at java.base/java.io.ObjectInputStream.readOrdinaryObject(ObjectInputStream.java:2228)
	at java.base/java.io.ObjectInputStream.readObject0(ObjectInputStream.java:1687)
	at java.base/java.io.ObjectInputStream.defaultReadFields(ObjectInputStream.java:2496)
	at java.base/java.io.ObjectInputStream.readSerialData(ObjectInputStream.java:2390)
	at java.base/java.io.ObjectInputStream.readOrdinaryObject(ObjectInputStream.java:2228)
	at java.base/java.io.ObjectInputStream.readObject0(ObjectInputStream.java:1687)
	at java.base/java.io.ObjectInputStream.defaultReadFields(ObjectInputStream.java:2496)
	at java.base/java.io.ObjectInputStream.readSerialData(ObjectInputStream.java:2390)
	at java.base/java.io.ObjectInputStream.readOrdinaryObject(ObjectInputStream.java:2228)
	at java.base/java.io.ObjectInputStream.readObject0(ObjectInputStream.java:1687)
	at java.base/java.io.ObjectInputStream.readObject(ObjectInputStream.java:489)
	at java.base/java.io.ObjectInputStream.readObject(ObjectInputStream.java:447)
	at java.base/java.util.ArrayList.readObject(ArrayList.java:929)
	at java.base/jdk.internal.reflect.GeneratedMethodAccessor7.invoke(Unknown Source)
	at java.base/jdk.internal.reflect.DelegatingMethodAccessorImpl.invoke(DelegatingMethodAccessorImpl.java:43)
	at java.base/java.lang.reflect.Method.invoke(Method.java:566)
	at java.base/java.io.ObjectStreamClass.invokeReadObject(ObjectStreamClass.java:1046)
	at java.base/java.io.ObjectInputStream.readSerialData(ObjectInputStream.java:2357)
	at java.base/java.io.ObjectInputStream.readOrdinaryObject(ObjectInputStream.java:2228)
	at java.base/java.io.ObjectInputStream.readObject0(ObjectInputStream.java:1687)
	at java.base/java.io.ObjectInputStream.defaultReadFields(ObjectInputStream.java:2496)
	at java.base/java.io.ObjectInputStream.readSerialData(ObjectInputStream.java:2390)
	at java.base/java.io.ObjectInputStream.readOrdinaryObject(ObjectInputStream.java:2228)
	at java.base/java.io.ObjectInputStream.readObject0(ObjectInputStream.java:1687)
	at java.base/java.io.ObjectInputStream.defaultReadFields(ObjectInputStream.java:2496)
	at java.base/java.io.ObjectInputStream.defaultReadObject(ObjectInputStream.java:625)
	at org.evosuite.testcase.DefaultTestCase.readObject(DefaultTestCase.java:1217)
	at jdk.internal.reflect.GeneratedMethodAccessor14.invoke(Unknown Source)
	at java.base/jdk.internal.reflect.DelegatingMethodAccessorImpl.invoke(DelegatingMethodAccessorImpl.java:43)
	at java.base/java.lang.reflect.Method.invoke(Method.java:566)
	at java.base/java.io.ObjectStreamClass.invokeReadObject(ObjectStreamClass.java:1046)
	at java.base/java.io.ObjectInputStream.readSerialData(ObjectInputStream.java:2357)
	at java.base/java.io.ObjectInputStream.readOrdinaryObject(ObjectInputStream.java:2228)
	at java.base/java.io.ObjectInputStream.readObject0(ObjectInputStream.java:1687)
	at java.base/java.io.ObjectInputStream.defaultReadFields(ObjectInputStream.java:2496)
	at java.base/java.io.ObjectInputStream.readSerialData(ObjectInputStream.java:2390)
	at java.base/java.io.ObjectInputStream.readOrdinaryObject(ObjectInputStream.java:2228)
	at java.base/java.io.ObjectInputStream.readObject0(ObjectInputStream.java:1687)
	at java.base/java.io.ObjectInputStream.readObject(ObjectInputStream.java:489)
	at java.base/java.io.ObjectInputStream.readObject(ObjectInputStream.java:447)
	at java.base/java.util.ArrayList.readObject(ArrayList.java:929)
	at java.base/jdk.internal.reflect.GeneratedMethodAccessor7.invoke(Unknown Source)
	at java.base/jdk.internal.reflect.DelegatingMethodAccessorImpl.invoke(DelegatingMethodAccessorImpl.java:43)
	at java.base/java.lang.reflect.Method.invoke(Method.java:566)
	at java.base/java.io.ObjectStreamClass.invokeReadObject(ObjectStreamClass.java:1046)
	at java.base/java.io.ObjectInputStream.readSerialData(ObjectInputStream.java:2357)
	at java.base/java.io.ObjectInputStream.readOrdinaryObject(ObjectInputStream.java:2228)
	at java.base/java.io.ObjectInputStream.readObject0(ObjectInputStream.java:1687)
	at java.base/java.io.ObjectInputStream.defaultReadFields(ObjectInputStream.java:2496)
	at java.base/java.io.ObjectInputStream.readSerialData(ObjectInputStream.java:2390)
	at java.base/java.io.ObjectInputStream.readOrdinaryObject(ObjectInputStream.java:2228)
	at java.base/java.io.ObjectInputStream.readObject0(ObjectInputStream.java:1687)
	at java.base/java.io.ObjectInputStream.readObject(ObjectInputStream.java:489)
	at java.base/java.io.ObjectInputStream.readObject(ObjectInputStream.java:447)
	at java.rmi/sun.rmi.server.UnicastRef.unmarshalValue(UnicastRef.java:327)
	at java.rmi/sun.rmi.server.UnicastServerRef.dispatch(UnicastServerRef.java:339)
	... 12 common frames omitted
Caused by: java.lang.IllegalArgumentException: expect to get instruction without BasicBlock already set
	at org.evosuite.graphs.cfg.BasicBlock.appendInstruction(BasicBlock.java:225)
	at org.evosuite.graphs.cfg.BasicBlock.setInstructions(BasicBlock.java:206)
	at org.evosuite.graphs.cfg.BasicBlock.<init>(BasicBlock.java:106)
	at org.evosuite.graphs.cfg.RawControlFlowGraph.determineBasicBlockFor(RawControlFlowGraph.java:314)
	at org.evosuite.graphs.cfg.ActualControlFlowGraph.computeNodes(ActualControlFlowGraph.java:295)
	at org.evosuite.graphs.cfg.ActualControlFlowGraph.computeGraph(ActualControlFlowGraph.java:262)
	at org.evosuite.graphs.cfg.ActualControlFlowGraph.<init>(ActualControlFlowGraph.java:97)
	at org.evosuite.graphs.cfg.CFGGenerator.computeActualCFG(CFGGenerator.java:218)
	at org.evosuite.graphs.cfg.CFGGenerator.registerCFGs(CFGGenerator.java:102)
	at org.evosuite.graphs.cfg.CFGMethodAdapter.visitEnd(CFGMethodAdapter.java:219)
	at org.evosuite.shaded.org.objectweb.asm.MethodVisitor.visitEnd(MethodVisitor.java:783)
	at org.evosuite.shaded.org.objectweb.asm.MethodVisitor.visitEnd(MethodVisitor.java:783)
	at org.evosuite.shaded.org.objectweb.asm.MethodVisitor.visitEnd(MethodVisitor.java:783)
	at org.evosuite.shaded.org.objectweb.asm.tree.MethodNode.accept(MethodNode.java:772)
	at org.evosuite.shaded.org.objectweb.asm.tree.MethodNode.accept(MethodNode.java:649)
	at org.evosuite.shaded.org.objectweb.asm.tree.ClassNode.accept(ClassNode.java:452)
	at org.evosuite.instrumentation.BytecodeInstrumentation.transformBytes(BytecodeInstrumentation.java:282)
	at org.evosuite.instrumentation.InstrumentingClassLoader.getTransformedBytes(InstrumentingClassLoader.java:135)
	at org.evosuite.instrumentation.InstrumentingClassLoader.instrumentClass(InstrumentingClassLoader.java:149)
	... 77 common frames omitted
[Progress:========>                     28%] [Cov:==========================>        76%][Progress:========>                     29%] [Cov:==========================>        76%][Progress:========>                     29%] [Cov:==========================>        76%][Progress:=========>                    30%] [Cov:==========================>        76%][Progress:=========>                    30%] [Cov:==========================>        76%][Progress:=========>                    30%] [Cov:==========================>        76%][MASTER] 07:41:43.477 [logback-1] WARN  ClientNodeImpl - Cannot send statistics to master; continuing without statistics
java.rmi.ServerException: RemoteException occurred in server thread; nested exception is: 
	java.rmi.UnmarshalException: error unmarshalling arguments; nested exception is: 
	java.lang.ClassNotFoundException: expect to get instruction without BasicBlock already set
	at java.rmi/sun.rmi.server.UnicastServerRef.dispatch(UnicastServerRef.java:391)
	at java.rmi/sun.rmi.transport.Transport$1.run(Transport.java:200)
	at java.rmi/sun.rmi.transport.Transport$1.run(Transport.java:197)
	at java.base/java.security.AccessController.doPrivileged(Native Method)
	at java.rmi/sun.rmi.transport.Transport.serviceCall(Transport.java:196)
	at java.rmi/sun.rmi.transport.tcp.TCPTransport.handleMessages(TCPTransport.java:562)
	at java.rmi/sun.rmi.transport.tcp.TCPTransport$ConnectionHandler.run0(TCPTransport.java:796)
	at java.rmi/sun.rmi.transport.tcp.TCPTransport$ConnectionHandler.lambda$run$0(TCPTransport.java:677)
	at java.base/java.security.AccessController.doPrivileged(Native Method)
	at java.rmi/sun.rmi.transport.tcp.TCPTransport$ConnectionHandler.run(TCPTransport.java:676)
	at java.base/java.util.concurrent.ThreadPoolExecutor.runWorker(ThreadPoolExecutor.java:1128)
	at java.base/java.util.concurrent.ThreadPoolExecutor$Worker.run(ThreadPoolExecutor.java:628)
	at java.base/java.lang.Thread.run(Thread.java:829)
	at java.rmi/sun.rmi.transport.StreamRemoteCall.exceptionReceivedFromServer(StreamRemoteCall.java:303)
	at java.rmi/sun.rmi.transport.StreamRemoteCall.executeCall(StreamRemoteCall.java:279)
	at java.rmi/sun.rmi.server.UnicastRef.invoke(UnicastRef.java:164)
	at java.rmi/java.rmi.server.RemoteObjectInvocationHandler.invokeRemoteMethod(RemoteObjectInvocationHandler.java:217)
	at java.rmi/java.rmi.server.RemoteObjectInvocationHandler.invoke(RemoteObjectInvocationHandler.java:162)
	at com.sun.proxy.$Proxy7.evosuite_collectStatistics(Unknown Source)
	at org.evosuite.rmi.service.ClientNodeImpl.updateStatistics(ClientNodeImpl.java:251)
	at org.evosuite.statistics.StatisticsSender.sendIndividualToMaster(StatisticsSender.java:62)
	at org.evosuite.statistics.StatisticsListener.lambda$new$0(StatisticsListener.java:76)
	at java.base/java.lang.Thread.run(Thread.java:829)
Caused by: java.rmi.UnmarshalException: error unmarshalling arguments; nested exception is: 
	java.lang.ClassNotFoundException: expect to get instruction without BasicBlock already set
	at java.rmi/sun.rmi.server.UnicastServerRef.dispatch(UnicastServerRef.java:350)
	at java.rmi/sun.rmi.transport.Transport$1.run(Transport.java:200)
	at java.rmi/sun.rmi.transport.Transport$1.run(Transport.java:197)
	at java.base/java.security.AccessController.doPrivileged(Native Method)
	at java.rmi/sun.rmi.transport.Transport.serviceCall(Transport.java:196)
	at java.rmi/sun.rmi.transport.tcp.TCPTransport.handleMessages(TCPTransport.java:562)
	at java.rmi/sun.rmi.transport.tcp.TCPTransport$ConnectionHandler.run0(TCPTransport.java:796)
	at java.rmi/sun.rmi.transport.tcp.TCPTransport$ConnectionHandler.lambda$run$0(TCPTransport.java:677)
	at java.base/java.security.AccessController.doPrivileged(Native Method)
	at java.rmi/sun.rmi.transport.tcp.TCPTransport$ConnectionHandler.run(TCPTransport.java:676)
	at java.base/java.util.concurrent.ThreadPoolExecutor.runWorker(ThreadPoolExecutor.java:1128)
	at java.base/java.util.concurrent.ThreadPoolExecutor$Worker.run(ThreadPoolExecutor.java:628)
	... 1 common frames omitted
Caused by: java.lang.ClassNotFoundException: expect to get instruction without BasicBlock already set
	at org.evosuite.instrumentation.InstrumentingClassLoader.instrumentClass(InstrumentingClassLoader.java:158)
	at org.evosuite.instrumentation.InstrumentingClassLoader.loadClass(InstrumentingClassLoader.java:126)
	at org.evosuite.utils.generic.GenericClassImpl.getClass(GenericClassImpl.java:139)
	at org.evosuite.utils.generic.GenericClassImpl.getClass(GenericClassImpl.java:105)
	at org.evosuite.utils.generic.GenericClassImpl.readObject(GenericClassImpl.java:1671)
	at jdk.internal.reflect.GeneratedMethodAccessor9.invoke(Unknown Source)
	at java.base/jdk.internal.reflect.DelegatingMethodAccessorImpl.invoke(DelegatingMethodAccessorImpl.java:43)
	at java.base/java.lang.reflect.Method.invoke(Method.java:566)
	at java.base/java.io.ObjectStreamClass.invokeReadObject(ObjectStreamClass.java:1046)
	at java.base/java.io.ObjectInputStream.readSerialData(ObjectInputStream.java:2357)
	at java.base/java.io.ObjectInputStream.readOrdinaryObject(ObjectInputStream.java:2228)
	at java.base/java.io.ObjectInputStream.readObject0(ObjectInputStream.java:1687)
	at java.base/java.io.ObjectInputStream.defaultReadFields(ObjectInputStream.java:2496)
	at java.base/java.io.ObjectInputStream.readSerialData(ObjectInputStream.java:2390)
	at java.base/java.io.ObjectInputStream.readOrdinaryObject(ObjectInputStream.java:2228)
	at java.base/java.io.ObjectInputStream.readObject0(ObjectInputStream.java:1687)
	at java.base/java.io.ObjectInputStream.defaultReadFields(ObjectInputStream.java:2496)
	at java.base/java.io.ObjectInputStream.readSerialData(ObjectInputStream.java:2390)
	at java.base/java.io.ObjectInputStream.readOrdinaryObject(ObjectInputStream.java:2228)
	at java.base/java.io.ObjectInputStream.readObject0(ObjectInputStream.java:1687)
	at java.base/java.io.ObjectInputStream.readObject(ObjectInputStream.java:489)
	at java.base/java.io.ObjectInputStream.readObject(ObjectInputStream.java:447)
	at java.base/java.util.ArrayList.readObject(ArrayList.java:929)
	at java.base/jdk.internal.reflect.GeneratedMethodAccessor7.invoke(Unknown Source)
	at java.base/jdk.internal.reflect.DelegatingMethodAccessorImpl.invoke(DelegatingMethodAccessorImpl.java:43)
	at java.base/java.lang.reflect.Method.invoke(Method.java:566)
	at java.base/java.io.ObjectStreamClass.invokeReadObject(ObjectStreamClass.java:1046)
	at java.base/java.io.ObjectInputStream.readSerialData(ObjectInputStream.java:2357)
	at java.base/java.io.ObjectInputStream.readOrdinaryObject(ObjectInputStream.java:2228)
	at java.base/java.io.ObjectInputStream.readObject0(ObjectInputStream.java:1687)
	at java.base/java.io.ObjectInputStream.defaultReadFields(ObjectInputStream.java:2496)
	at java.base/java.io.ObjectInputStream.readSerialData(ObjectInputStream.java:2390)
	at java.base/java.io.ObjectInputStream.readOrdinaryObject(ObjectInputStream.java:2228)
	at java.base/java.io.ObjectInputStream.readObject0(ObjectInputStream.java:1687)
	at java.base/java.io.ObjectInputStream.defaultReadFields(ObjectInputStream.java:2496)
	at java.base/java.io.ObjectInputStream.defaultReadObject(ObjectInputStream.java:625)
	at org.evosuite.testcase.DefaultTestCase.readObject(DefaultTestCase.java:1217)
	at jdk.internal.reflect.GeneratedMethodAccessor14.invoke(Unknown Source)
	at java.base/jdk.internal.reflect.DelegatingMethodAccessorImpl.invoke(DelegatingMethodAccessorImpl.java:43)
	at java.base/java.lang.reflect.Method.invoke(Method.java:566)
	at java.base/java.io.ObjectStreamClass.invokeReadObject(ObjectStreamClass.java:1046)
	at java.base/java.io.ObjectInputStream.readSerialData(ObjectInputStream.java:2357)
	at java.base/java.io.ObjectInputStream.readOrdinaryObject(ObjectInputStream.java:2228)
	at java.base/java.io.ObjectInputStream.readObject0(ObjectInputStream.java:1687)
	at java.base/java.io.ObjectInputStream.defaultReadFields(ObjectInputStream.java:2496)
	at java.base/java.io.ObjectInputStream.readSerialData(ObjectInputStream.java:2390)
	at java.base/java.io.ObjectInputStream.readOrdinaryObject(ObjectInputStream.java:2228)
	at java.base/java.io.ObjectInputStream.readObject0(ObjectInputStream.java:1687)
	at java.base/java.io.ObjectInputStream.readObject(ObjectInputStream.java:489)
	at java.base/java.io.ObjectInputStream.readObject(ObjectInputStream.java:447)
	at java.base/java.util.ArrayList.readObject(ArrayList.java:929)
	at java.base/jdk.internal.reflect.GeneratedMethodAccessor7.invoke(Unknown Source)
	at java.base/jdk.internal.reflect.DelegatingMethodAccessorImpl.invoke(DelegatingMethodAccessorImpl.java:43)
	at java.base/java.lang.reflect.Method.invoke(Method.java:566)
	at java.base/java.io.ObjectStreamClass.invokeReadObject(ObjectStreamClass.java:1046)
	at java.base/java.io.ObjectInputStream.readSerialData(ObjectInputStream.java:2357)
	at java.base/java.io.ObjectInputStream.readOrdinaryObject(ObjectInputStream.java:2228)
	at java.base/java.io.ObjectInputStream.readObject0(ObjectInputStream.java:1687)
	at java.base/java.io.ObjectInputStream.defaultReadFields(ObjectInputStream.java:2496)
	at java.base/java.io.ObjectInputStream.readSerialData(ObjectInputStream.java:2390)
	at java.base/java.io.ObjectInputStream.readOrdinaryObject(ObjectInputStream.java:2228)
	at java.base/java.io.ObjectInputStream.readObject0(ObjectInputStream.java:1687)
	at java.base/java.io.ObjectInputStream.readObject(ObjectInputStream.java:489)
	at java.base/java.io.ObjectInputStream.readObject(ObjectInputStream.java:447)
	at java.rmi/sun.rmi.server.UnicastRef.unmarshalValue(UnicastRef.java:327)
	at java.rmi/sun.rmi.server.UnicastServerRef.dispatch(UnicastServerRef.java:339)
	... 12 common frames omitted
Caused by: java.lang.IllegalArgumentException: expect to get instruction without BasicBlock already set
	at org.evosuite.graphs.cfg.BasicBlock.appendInstruction(BasicBlock.java:225)
	at org.evosuite.graphs.cfg.BasicBlock.setInstructions(BasicBlock.java:206)
	at org.evosuite.graphs.cfg.BasicBlock.<init>(BasicBlock.java:106)
	at org.evosuite.graphs.cfg.RawControlFlowGraph.determineBasicBlockFor(RawControlFlowGraph.java:314)
	at org.evosuite.graphs.cfg.ActualControlFlowGraph.computeNodes(ActualControlFlowGraph.java:295)
	at org.evosuite.graphs.cfg.ActualControlFlowGraph.computeGraph(ActualControlFlowGraph.java:262)
	at org.evosuite.graphs.cfg.ActualControlFlowGraph.<init>(ActualControlFlowGraph.java:97)
	at org.evosuite.graphs.cfg.CFGGenerator.computeActualCFG(CFGGenerator.java:218)
	at org.evosuite.graphs.cfg.CFGGenerator.registerCFGs(CFGGenerator.java:102)
	at org.evosuite.graphs.cfg.CFGMethodAdapter.visitEnd(CFGMethodAdapter.java:219)
	at org.evosuite.shaded.org.objectweb.asm.MethodVisitor.visitEnd(MethodVisitor.java:783)
	at org.evosuite.shaded.org.objectweb.asm.MethodVisitor.visitEnd(MethodVisitor.java:783)
	at org.evosuite.shaded.org.objectweb.asm.MethodVisitor.visitEnd(MethodVisitor.java:783)
	at org.evosuite.shaded.org.objectweb.asm.tree.MethodNode.accept(MethodNode.java:772)
	at org.evosuite.shaded.org.objectweb.asm.tree.MethodNode.accept(MethodNode.java:649)
	at org.evosuite.shaded.org.objectweb.asm.tree.ClassNode.accept(ClassNode.java:452)
	at org.evosuite.instrumentation.BytecodeInstrumentation.transformBytes(BytecodeInstrumentation.java:282)
	at org.evosuite.instrumentation.InstrumentingClassLoader.getTransformedBytes(InstrumentingClassLoader.java:135)
	at org.evosuite.instrumentation.InstrumentingClassLoader.instrumentClass(InstrumentingClassLoader.java:149)
	... 77 common frames omitted
[Progress:=========>                    30%] [Cov:==========================>        76%][Progress:=========>                    30%] [Cov:==========================>        76%][Progress:=========>                    31%] [Cov:==========================>        76%][Progress:=========>                    31%] [Cov:==========================>        76%][Progress:=========>                    31%] [Cov:==========================>        76%][Progress:=========>                    32%] [Cov:==========================>        76%][Progress:=========>                    32%] [Cov:==========================>        76%][MASTER] 07:41:46.343 [logback-1] WARN  ClientNodeImpl - Cannot send statistics to master; continuing without statistics
java.rmi.ServerException: RemoteException occurred in server thread; nested exception is: 
	java.rmi.UnmarshalException: error unmarshalling arguments; nested exception is: 
	java.lang.ClassNotFoundException: expect to get instruction without BasicBlock already set
	at java.rmi/sun.rmi.server.UnicastServerRef.dispatch(UnicastServerRef.java:391)
	at java.rmi/sun.rmi.transport.Transport$1.run(Transport.java:200)
	at java.rmi/sun.rmi.transport.Transport$1.run(Transport.java:197)
	at java.base/java.security.AccessController.doPrivileged(Native Method)
	at java.rmi/sun.rmi.transport.Transport.serviceCall(Transport.java:196)
	at java.rmi/sun.rmi.transport.tcp.TCPTransport.handleMessages(TCPTransport.java:562)
	at java.rmi/sun.rmi.transport.tcp.TCPTransport$ConnectionHandler.run0(TCPTransport.java:796)
	at java.rmi/sun.rmi.transport.tcp.TCPTransport$ConnectionHandler.lambda$run$0(TCPTransport.java:677)
	at java.base/java.security.AccessController.doPrivileged(Native Method)
	at java.rmi/sun.rmi.transport.tcp.TCPTransport$ConnectionHandler.run(TCPTransport.java:676)
	at java.base/java.util.concurrent.ThreadPoolExecutor.runWorker(ThreadPoolExecutor.java:1128)
	at java.base/java.util.concurrent.ThreadPoolExecutor$Worker.run(ThreadPoolExecutor.java:628)
	at java.base/java.lang.Thread.run(Thread.java:829)
	at java.rmi/sun.rmi.transport.StreamRemoteCall.exceptionReceivedFromServer(StreamRemoteCall.java:303)
	at java.rmi/sun.rmi.transport.StreamRemoteCall.executeCall(StreamRemoteCall.java:279)
	at java.rmi/sun.rmi.server.UnicastRef.invoke(UnicastRef.java:164)
	at java.rmi/java.rmi.server.RemoteObjectInvocationHandler.invokeRemoteMethod(RemoteObjectInvocationHandler.java:217)
	at java.rmi/java.rmi.server.RemoteObjectInvocationHandler.invoke(RemoteObjectInvocationHandler.java:162)
	at com.sun.proxy.$Proxy7.evosuite_collectStatistics(Unknown Source)
	at org.evosuite.rmi.service.ClientNodeImpl.updateStatistics(ClientNodeImpl.java:251)
	at org.evosuite.statistics.StatisticsSender.sendIndividualToMaster(StatisticsSender.java:62)
	at org.evosuite.statistics.StatisticsListener.lambda$new$0(StatisticsListener.java:76)
	at java.base/java.lang.Thread.run(Thread.java:829)
Caused by: java.rmi.UnmarshalException: error unmarshalling arguments; nested exception is: 
	java.lang.ClassNotFoundException: expect to get instruction without BasicBlock already set
	at java.rmi/sun.rmi.server.UnicastServerRef.dispatch(UnicastServerRef.java:350)
	at java.rmi/sun.rmi.transport.Transport$1.run(Transport.java:200)
	at java.rmi/sun.rmi.transport.Transport$1.run(Transport.java:197)
	at java.base/java.security.AccessController.doPrivileged(Native Method)
	at java.rmi/sun.rmi.transport.Transport.serviceCall(Transport.java:196)
	at java.rmi/sun.rmi.transport.tcp.TCPTransport.handleMessages(TCPTransport.java:562)
	at java.rmi/sun.rmi.transport.tcp.TCPTransport$ConnectionHandler.run0(TCPTransport.java:796)
	at java.rmi/sun.rmi.transport.tcp.TCPTransport$ConnectionHandler.lambda$run$0(TCPTransport.java:677)
	at java.base/java.security.AccessController.doPrivileged(Native Method)
	at java.rmi/sun.rmi.transport.tcp.TCPTransport$ConnectionHandler.run(TCPTransport.java:676)
	at java.base/java.util.concurrent.ThreadPoolExecutor.runWorker(ThreadPoolExecutor.java:1128)
	at java.base/java.util.concurrent.ThreadPoolExecutor$Worker.run(ThreadPoolExecutor.java:628)
	... 1 common frames omitted
Caused by: java.lang.ClassNotFoundException: expect to get instruction without BasicBlock already set
	at org.evosuite.instrumentation.InstrumentingClassLoader.instrumentClass(InstrumentingClassLoader.java:158)
	at org.evosuite.instrumentation.InstrumentingClassLoader.loadClass(InstrumentingClassLoader.java:126)
	at org.evosuite.utils.generic.GenericClassImpl.getClass(GenericClassImpl.java:139)
	at org.evosuite.utils.generic.GenericClassImpl.getClass(GenericClassImpl.java:105)
	at org.evosuite.utils.generic.GenericClassImpl.readObject(GenericClassImpl.java:1671)
	at jdk.internal.reflect.GeneratedMethodAccessor9.invoke(Unknown Source)
	at java.base/jdk.internal.reflect.DelegatingMethodAccessorImpl.invoke(DelegatingMethodAccessorImpl.java:43)
	at java.base/java.lang.reflect.Method.invoke(Method.java:566)
	at java.base/java.io.ObjectStreamClass.invokeReadObject(ObjectStreamClass.java:1046)
	at java.base/java.io.ObjectInputStream.readSerialData(ObjectInputStream.java:2357)
	at java.base/java.io.ObjectInputStream.readOrdinaryObject(ObjectInputStream.java:2228)
	at java.base/java.io.ObjectInputStream.readObject0(ObjectInputStream.java:1687)
	at java.base/java.io.ObjectInputStream.defaultReadFields(ObjectInputStream.java:2496)
	at java.base/java.io.ObjectInputStream.readSerialData(ObjectInputStream.java:2390)
	at java.base/java.io.ObjectInputStream.readOrdinaryObject(ObjectInputStream.java:2228)
	at java.base/java.io.ObjectInputStream.readObject0(ObjectInputStream.java:1687)
	at java.base/java.io.ObjectInputStream.defaultReadFields(ObjectInputStream.java:2496)
	at java.base/java.io.ObjectInputStream.readSerialData(ObjectInputStream.java:2390)
	at java.base/java.io.ObjectInputStream.readOrdinaryObject(ObjectInputStream.java:2228)
	at java.base/java.io.ObjectInputStream.readObject0(ObjectInputStream.java:1687)
	at java.base/java.io.ObjectInputStream.readObject(ObjectInputStream.java:489)
	at java.base/java.io.ObjectInputStream.readObject(ObjectInputStream.java:447)
	at java.base/java.util.ArrayList.readObject(ArrayList.java:929)
	at java.base/jdk.internal.reflect.GeneratedMethodAccessor7.invoke(Unknown Source)
	at java.base/jdk.internal.reflect.DelegatingMethodAccessorImpl.invoke(DelegatingMethodAccessorImpl.java:43)
	at java.base/java.lang.reflect.Method.invoke(Method.java:566)
	at java.base/java.io.ObjectStreamClass.invokeReadObject(ObjectStreamClass.java:1046)
	at java.base/java.io.ObjectInputStream.readSerialData(ObjectInputStream.java:2357)
	at java.base/java.io.ObjectInputStream.readOrdinaryObject(ObjectInputStream.java:2228)
	at java.base/java.io.ObjectInputStream.readObject0(ObjectInputStream.java:1687)
	at java.base/java.io.ObjectInputStream.defaultReadFields(ObjectInputStream.java:2496)
	at java.base/java.io.ObjectInputStream.readSerialData(ObjectInputStream.java:2390)
	at java.base/java.io.ObjectInputStream.readOrdinaryObject(ObjectInputStream.java:2228)
	at java.base/java.io.ObjectInputStream.readObject0(ObjectInputStream.java:1687)
	at java.base/java.io.ObjectInputStream.defaultReadFields(ObjectInputStream.java:2496)
	at java.base/java.io.ObjectInputStream.defaultReadObject(ObjectInputStream.java:625)
	at org.evosuite.testcase.DefaultTestCase.readObject(DefaultTestCase.java:1217)
	at jdk.internal.reflect.GeneratedMethodAccessor14.invoke(Unknown Source)
	at java.base/jdk.internal.reflect.DelegatingMethodAccessorImpl.invoke(DelegatingMethodAccessorImpl.java:43)
	at java.base/java.lang.reflect.Method.invoke(Method.java:566)
	at java.base/java.io.ObjectStreamClass.invokeReadObject(ObjectStreamClass.java:1046)
	at java.base/java.io.ObjectInputStream.readSerialData(ObjectInputStream.java:2357)
	at java.base/java.io.ObjectInputStream.readOrdinaryObject(ObjectInputStream.java:2228)
	at java.base/java.io.ObjectInputStream.readObject0(ObjectInputStream.java:1687)
	at java.base/java.io.ObjectInputStream.defaultReadFields(ObjectInputStream.java:2496)
	at java.base/java.io.ObjectInputStream.readSerialData(ObjectInputStream.java:2390)
	at java.base/java.io.ObjectInputStream.readOrdinaryObject(ObjectInputStream.java:2228)
	at java.base/java.io.ObjectInputStream.readObject0(ObjectInputStream.java:1687)
	at java.base/java.io.ObjectInputStream.readObject(ObjectInputStream.java:489)
	at java.base/java.io.ObjectInputStream.readObject(ObjectInputStream.java:447)
	at java.base/java.util.ArrayList.readObject(ArrayList.java:929)
	at java.base/jdk.internal.reflect.GeneratedMethodAccessor7.invoke(Unknown Source)
	at java.base/jdk.internal.reflect.DelegatingMethodAccessorImpl.invoke(DelegatingMethodAccessorImpl.java:43)
	at java.base/java.lang.reflect.Method.invoke(Method.java:566)
	at java.base/java.io.ObjectStreamClass.invokeReadObject(ObjectStreamClass.java:1046)
	at java.base/java.io.ObjectInputStream.readSerialData(ObjectInputStream.java:2357)
	at java.base/java.io.ObjectInputStream.readOrdinaryObject(ObjectInputStream.java:2228)
	at java.base/java.io.ObjectInputStream.readObject0(ObjectInputStream.java:1687)
	at java.base/java.io.ObjectInputStream.defaultReadFields(ObjectInputStream.java:2496)
	at java.base/java.io.ObjectInputStream.readSerialData(ObjectInputStream.java:2390)
	at java.base/java.io.ObjectInputStream.readOrdinaryObject(ObjectInputStream.java:2228)
	at java.base/java.io.ObjectInputStream.readObject0(ObjectInputStream.java:1687)
	at java.base/java.io.ObjectInputStream.readObject(ObjectInputStream.java:489)
	at java.base/java.io.ObjectInputStream.readObject(ObjectInputStream.java:447)
	at java.rmi/sun.rmi.server.UnicastRef.unmarshalValue(UnicastRef.java:327)
	at java.rmi/sun.rmi.server.UnicastServerRef.dispatch(UnicastServerRef.java:339)
	... 12 common frames omitted
Caused by: java.lang.IllegalArgumentException: expect to get instruction without BasicBlock already set
	at org.evosuite.graphs.cfg.BasicBlock.appendInstruction(BasicBlock.java:225)
	at org.evosuite.graphs.cfg.BasicBlock.setInstructions(BasicBlock.java:206)
	at org.evosuite.graphs.cfg.BasicBlock.<init>(BasicBlock.java:106)
	at org.evosuite.graphs.cfg.RawControlFlowGraph.determineBasicBlockFor(RawControlFlowGraph.java:314)
	at org.evosuite.graphs.cfg.ActualControlFlowGraph.computeNodes(ActualControlFlowGraph.java:295)
	at org.evosuite.graphs.cfg.ActualControlFlowGraph.computeGraph(ActualControlFlowGraph.java:262)
	at org.evosuite.graphs.cfg.ActualControlFlowGraph.<init>(ActualControlFlowGraph.java:97)
	at org.evosuite.graphs.cfg.CFGGenerator.computeActualCFG(CFGGenerator.java:218)
	at org.evosuite.graphs.cfg.CFGGenerator.registerCFGs(CFGGenerator.java:102)
	at org.evosuite.graphs.cfg.CFGMethodAdapter.visitEnd(CFGMethodAdapter.java:219)
	at org.evosuite.shaded.org.objectweb.asm.MethodVisitor.visitEnd(MethodVisitor.java:783)
	at org.evosuite.shaded.org.objectweb.asm.MethodVisitor.visitEnd(MethodVisitor.java:783)
	at org.evosuite.shaded.org.objectweb.asm.MethodVisitor.visitEnd(MethodVisitor.java:783)
	at org.evosuite.shaded.org.objectweb.asm.tree.MethodNode.accept(MethodNode.java:772)
	at org.evosuite.shaded.org.objectweb.asm.tree.MethodNode.accept(MethodNode.java:649)
	at org.evosuite.shaded.org.objectweb.asm.tree.ClassNode.accept(ClassNode.java:452)
	at org.evosuite.instrumentation.BytecodeInstrumentation.transformBytes(BytecodeInstrumentation.java:282)
	at org.evosuite.instrumentation.InstrumentingClassLoader.getTransformedBytes(InstrumentingClassLoader.java:135)
	at org.evosuite.instrumentation.InstrumentingClassLoader.instrumentClass(InstrumentingClassLoader.java:149)
	... 77 common frames omitted
[Progress:=========>                    33%] [Cov:==========================>        76%][Progress:=========>                    33%] [Cov:==========================>        76%]GWO iteration=80 bestFitness=180.9677418184742 population=50 a=0.3999999999999999
========== GWO EVOLVE iteration=80 population=50 ==========
[Progress:=========>                    33%] [Cov:==========================>        76%][Progress:==========>                   34%] [Cov:==========================>        75%][Progress:==========>                   34%] [Cov:==========================>        76%][Progress:==========>                   34%] [Cov:==========================>        76%][Progress:==========>                   34%] [Cov:==========================>        76%][Progress:==========>                   35%] [Cov:==========================>        76%][Progress:==========>                   35%] [Cov:==========================>        76%][MASTER] 07:41:49.323 [logback-1] WARN  ClientNodeImpl - Cannot send statistics to master; continuing without statistics
java.rmi.ServerException: RemoteException occurred in server thread; nested exception is: 
	java.rmi.UnmarshalException: error unmarshalling arguments; nested exception is: 
	java.lang.ClassNotFoundException: expect to get instruction without BasicBlock already set
	at java.rmi/sun.rmi.server.UnicastServerRef.dispatch(UnicastServerRef.java:391)
	at java.rmi/sun.rmi.transport.Transport$1.run(Transport.java:200)
	at java.rmi/sun.rmi.transport.Transport$1.run(Transport.java:197)
	at java.base/java.security.AccessController.doPrivileged(Native Method)
	at java.rmi/sun.rmi.transport.Transport.serviceCall(Transport.java:196)
	at java.rmi/sun.rmi.transport.tcp.TCPTransport.handleMessages(TCPTransport.java:562)
	at java.rmi/sun.rmi.transport.tcp.TCPTransport$ConnectionHandler.run0(TCPTransport.java:796)
	at java.rmi/sun.rmi.transport.tcp.TCPTransport$ConnectionHandler.lambda$run$0(TCPTransport.java:677)
	at java.base/java.security.AccessController.doPrivileged(Native Method)
	at java.rmi/sun.rmi.transport.tcp.TCPTransport$ConnectionHandler.run(TCPTransport.java:676)
	at java.base/java.util.concurrent.ThreadPoolExecutor.runWorker(ThreadPoolExecutor.java:1128)
	at java.base/java.util.concurrent.ThreadPoolExecutor$Worker.run(ThreadPoolExecutor.java:628)
	at java.base/java.lang.Thread.run(Thread.java:829)
	at java.rmi/sun.rmi.transport.StreamRemoteCall.exceptionReceivedFromServer(StreamRemoteCall.java:303)
	at java.rmi/sun.rmi.transport.StreamRemoteCall.executeCall(StreamRemoteCall.java:279)
	at java.rmi/sun.rmi.server.UnicastRef.invoke(UnicastRef.java:164)
	at java.rmi/java.rmi.server.RemoteObjectInvocationHandler.invokeRemoteMethod(RemoteObjectInvocationHandler.java:217)
	at java.rmi/java.rmi.server.RemoteObjectInvocationHandler.invoke(RemoteObjectInvocationHandler.java:162)
	at com.sun.proxy.$Proxy7.evosuite_collectStatistics(Unknown Source)
	at org.evosuite.rmi.service.ClientNodeImpl.updateStatistics(ClientNodeImpl.java:251)
	at org.evosuite.statistics.StatisticsSender.sendIndividualToMaster(StatisticsSender.java:62)
	at org.evosuite.statistics.StatisticsListener.lambda$new$0(StatisticsListener.java:76)
	at java.base/java.lang.Thread.run(Thread.java:829)
Caused by: java.rmi.UnmarshalException: error unmarshalling arguments; nested exception is: 
	java.lang.ClassNotFoundException: expect to get instruction without BasicBlock already set
	at java.rmi/sun.rmi.server.UnicastServerRef.dispatch(UnicastServerRef.java:350)
	at java.rmi/sun.rmi.transport.Transport$1.run(Transport.java:200)
	at java.rmi/sun.rmi.transport.Transport$1.run(Transport.java:197)
	at java.base/java.security.AccessController.doPrivileged(Native Method)
	at java.rmi/sun.rmi.transport.Transport.serviceCall(Transport.java:196)
	at java.rmi/sun.rmi.transport.tcp.TCPTransport.handleMessages(TCPTransport.java:562)
	at java.rmi/sun.rmi.transport.tcp.TCPTransport$ConnectionHandler.run0(TCPTransport.java:796)
	at java.rmi/sun.rmi.transport.tcp.TCPTransport$ConnectionHandler.lambda$run$0(TCPTransport.java:677)
	at java.base/java.security.AccessController.doPrivileged(Native Method)
	at java.rmi/sun.rmi.transport.tcp.TCPTransport$ConnectionHandler.run(TCPTransport.java:676)
	at java.base/java.util.concurrent.ThreadPoolExecutor.runWorker(ThreadPoolExecutor.java:1128)
	at java.base/java.util.concurrent.ThreadPoolExecutor$Worker.run(ThreadPoolExecutor.java:628)
	... 1 common frames omitted
Caused by: java.lang.ClassNotFoundException: expect to get instruction without BasicBlock already set
	at org.evosuite.instrumentation.InstrumentingClassLoader.instrumentClass(InstrumentingClassLoader.java:158)
	at org.evosuite.instrumentation.InstrumentingClassLoader.loadClass(InstrumentingClassLoader.java:126)
	at org.evosuite.utils.generic.GenericClassImpl.getClass(GenericClassImpl.java:139)
	at org.evosuite.utils.generic.GenericClassImpl.getClass(GenericClassImpl.java:105)
	at org.evosuite.utils.generic.GenericClassImpl.readObject(GenericClassImpl.java:1671)
	at jdk.internal.reflect.GeneratedMethodAccessor9.invoke(Unknown Source)
	at java.base/jdk.internal.reflect.DelegatingMethodAccessorImpl.invoke(DelegatingMethodAccessorImpl.java:43)
	at java.base/java.lang.reflect.Method.invoke(Method.java:566)
	at java.base/java.io.ObjectStreamClass.invokeReadObject(ObjectStreamClass.java:1046)
	at java.base/java.io.ObjectInputStream.readSerialData(ObjectInputStream.java:2357)
	at java.base/java.io.ObjectInputStream.readOrdinaryObject(ObjectInputStream.java:2228)
	at java.base/java.io.ObjectInputStream.readObject0(ObjectInputStream.java:1687)
	at java.base/java.io.ObjectInputStream.defaultReadFields(ObjectInputStream.java:2496)
	at java.base/java.io.ObjectInputStream.readSerialData(ObjectInputStream.java:2390)
	at java.base/java.io.ObjectInputStream.readOrdinaryObject(ObjectInputStream.java:2228)
	at java.base/java.io.ObjectInputStream.readObject0(ObjectInputStream.java:1687)
	at java.base/java.io.ObjectInputStream.defaultReadFields(ObjectInputStream.java:2496)
	at java.base/java.io.ObjectInputStream.readSerialData(ObjectInputStream.java:2390)
	at java.base/java.io.ObjectInputStream.readOrdinaryObject(ObjectInputStream.java:2228)
	at java.base/java.io.ObjectInputStream.readObject0(ObjectInputStream.java:1687)
	at java.base/java.io.ObjectInputStream.readObject(ObjectInputStream.java:489)
	at java.base/java.io.ObjectInputStream.readObject(ObjectInputStream.java:447)
	at java.base/java.util.ArrayList.readObject(ArrayList.java:929)
	at java.base/jdk.internal.reflect.GeneratedMethodAccessor7.invoke(Unknown Source)
	at java.base/jdk.internal.reflect.DelegatingMethodAccessorImpl.invoke(DelegatingMethodAccessorImpl.java:43)
	at java.base/java.lang.reflect.Method.invoke(Method.java:566)
	at java.base/java.io.ObjectStreamClass.invokeReadObject(ObjectStreamClass.java:1046)
	at java.base/java.io.ObjectInputStream.readSerialData(ObjectInputStream.java:2357)
	at java.base/java.io.ObjectInputStream.readOrdinaryObject(ObjectInputStream.java:2228)
	at java.base/java.io.ObjectInputStream.readObject0(ObjectInputStream.java:1687)
	at java.base/java.io.ObjectInputStream.defaultReadFields(ObjectInputStream.java:2496)
	at java.base/java.io.ObjectInputStream.readSerialData(ObjectInputStream.java:2390)
	at java.base/java.io.ObjectInputStream.readOrdinaryObject(ObjectInputStream.java:2228)
	at java.base/java.io.ObjectInputStream.readObject0(ObjectInputStream.java:1687)
	at java.base/java.io.ObjectInputStream.defaultReadFields(ObjectInputStream.java:2496)
	at java.base/java.io.ObjectInputStream.defaultReadObject(ObjectInputStream.java:625)
	at org.evosuite.testcase.DefaultTestCase.readObject(DefaultTestCase.java:1217)
	at jdk.internal.reflect.GeneratedMethodAccessor14.invoke(Unknown Source)
	at java.base/jdk.internal.reflect.DelegatingMethodAccessorImpl.invoke(DelegatingMethodAccessorImpl.java:43)
	at java.base/java.lang.reflect.Method.invoke(Method.java:566)
	at java.base/java.io.ObjectStreamClass.invokeReadObject(ObjectStreamClass.java:1046)
	at java.base/java.io.ObjectInputStream.readSerialData(ObjectInputStream.java:2357)
	at java.base/java.io.ObjectInputStream.readOrdinaryObject(ObjectInputStream.java:2228)
	at java.base/java.io.ObjectInputStream.readObject0(ObjectInputStream.java:1687)
	at java.base/java.io.ObjectInputStream.defaultReadFields(ObjectInputStream.java:2496)
	at java.base/java.io.ObjectInputStream.readSerialData(ObjectInputStream.java:2390)
	at java.base/java.io.ObjectInputStream.readOrdinaryObject(ObjectInputStream.java:2228)
	at java.base/java.io.ObjectInputStream.readObject0(ObjectInputStream.java:1687)
	at java.base/java.io.ObjectInputStream.readObject(ObjectInputStream.java:489)
	at java.base/java.io.ObjectInputStream.readObject(ObjectInputStream.java:447)
	at java.base/java.util.ArrayList.readObject(ArrayList.java:929)
	at java.base/jdk.internal.reflect.GeneratedMethodAccessor7.invoke(Unknown Source)
	at java.base/jdk.internal.reflect.DelegatingMethodAccessorImpl.invoke(DelegatingMethodAccessorImpl.java:43)
	at java.base/java.lang.reflect.Method.invoke(Method.java:566)
	at java.base/java.io.ObjectStreamClass.invokeReadObject(ObjectStreamClass.java:1046)
	at java.base/java.io.ObjectInputStream.readSerialData(ObjectInputStream.java:2357)
	at java.base/java.io.ObjectInputStream.readOrdinaryObject(ObjectInputStream.java:2228)
	at java.base/java.io.ObjectInputStream.readObject0(ObjectInputStream.java:1687)
	at java.base/java.io.ObjectInputStream.defaultReadFields(ObjectInputStream.java:2496)
	at java.base/java.io.ObjectInputStream.readSerialData(ObjectInputStream.java:2390)
	at java.base/java.io.ObjectInputStream.readOrdinaryObject(ObjectInputStream.java:2228)
	at java.base/java.io.ObjectInputStream.readObject0(ObjectInputStream.java:1687)
	at java.base/java.io.ObjectInputStream.readObject(ObjectInputStream.java:489)
	at java.base/java.io.ObjectInputStream.readObject(ObjectInputStream.java:447)
	at java.rmi/sun.rmi.server.UnicastRef.unmarshalValue(UnicastRef.java:327)
	at java.rmi/sun.rmi.server.UnicastServerRef.dispatch(UnicastServerRef.java:339)
	... 12 common frames omitted
Caused by: java.lang.IllegalArgumentException: expect to get instruction without BasicBlock already set
	at org.evosuite.graphs.cfg.BasicBlock.appendInstruction(BasicBlock.java:225)
	at org.evosuite.graphs.cfg.BasicBlock.setInstructions(BasicBlock.java:206)
	at org.evosuite.graphs.cfg.BasicBlock.<init>(BasicBlock.java:106)
	at org.evosuite.graphs.cfg.RawControlFlowGraph.determineBasicBlockFor(RawControlFlowGraph.java:314)
	at org.evosuite.graphs.cfg.ActualControlFlowGraph.computeNodes(ActualControlFlowGraph.java:295)
	at org.evosuite.graphs.cfg.ActualControlFlowGraph.computeGraph(ActualControlFlowGraph.java:262)
	at org.evosuite.graphs.cfg.ActualControlFlowGraph.<init>(ActualControlFlowGraph.java:97)
	at org.evosuite.graphs.cfg.CFGGenerator.computeActualCFG(CFGGenerator.java:218)
	at org.evosuite.graphs.cfg.CFGGenerator.registerCFGs(CFGGenerator.java:102)
	at org.evosuite.graphs.cfg.CFGMethodAdapter.visitEnd(CFGMethodAdapter.java:219)
	at org.evosuite.shaded.org.objectweb.asm.MethodVisitor.visitEnd(MethodVisitor.java:783)
	at org.evosuite.shaded.org.objectweb.asm.MethodVisitor.visitEnd(MethodVisitor.java:783)
	at org.evosuite.shaded.org.objectweb.asm.MethodVisitor.visitEnd(MethodVisitor.java:783)
	at org.evosuite.shaded.org.objectweb.asm.tree.MethodNode.accept(MethodNode.java:772)
	at org.evosuite.shaded.org.objectweb.asm.tree.MethodNode.accept(MethodNode.java:649)
	at org.evosuite.shaded.org.objectweb.asm.tree.ClassNode.accept(ClassNode.java:452)
	at org.evosuite.instrumentation.BytecodeInstrumentation.transformBytes(BytecodeInstrumentation.java:282)
	at org.evosuite.instrumentation.InstrumentingClassLoader.getTransformedBytes(InstrumentingClassLoader.java:135)
	at org.evosuite.instrumentation.InstrumentingClassLoader.instrumentClass(InstrumentingClassLoader.java:149)
	... 77 common frames omitted
[Progress:==========>                   35%] [Cov:==========================>        76%][Progress:==========>                   35%] [Cov:==========================>        76%][Progress:==========>                   35%] [Cov:==========================>        76%][Progress:==========>                   36%] [Cov:==========================>        76%][Progress:==========>                   36%] [Cov:==========================>        76%][Progress:==========>                   36%] [Cov:==========================>        76%][Progress:===========>                  37%] [Cov:==========================>        76%][Progress:===========>                  37%] [Cov:==========================>        76%][MASTER] 07:41:52.395 [logback-1] WARN  ClientNodeImpl - Cannot send statistics to master; continuing without statistics
java.rmi.ServerException: RemoteException occurred in server thread; nested exception is: 
	java.rmi.UnmarshalException: error unmarshalling arguments; nested exception is: 
	java.lang.ClassNotFoundException: expect to get instruction without BasicBlock already set
	at java.rmi/sun.rmi.server.UnicastServerRef.dispatch(UnicastServerRef.java:391)
	at java.rmi/sun.rmi.transport.Transport$1.run(Transport.java:200)
	at java.rmi/sun.rmi.transport.Transport$1.run(Transport.java:197)
	at java.base/java.security.AccessController.doPrivileged(Native Method)
	at java.rmi/sun.rmi.transport.Transport.serviceCall(Transport.java:196)
	at java.rmi/sun.rmi.transport.tcp.TCPTransport.handleMessages(TCPTransport.java:562)
	at java.rmi/sun.rmi.transport.tcp.TCPTransport$ConnectionHandler.run0(TCPTransport.java:796)
	at java.rmi/sun.rmi.transport.tcp.TCPTransport$ConnectionHandler.lambda$run$0(TCPTransport.java:677)
	at java.base/java.security.AccessController.doPrivileged(Native Method)
	at java.rmi/sun.rmi.transport.tcp.TCPTransport$ConnectionHandler.run(TCPTransport.java:676)
	at java.base/java.util.concurrent.ThreadPoolExecutor.runWorker(ThreadPoolExecutor.java:1128)
	at java.base/java.util.concurrent.ThreadPoolExecutor$Worker.run(ThreadPoolExecutor.java:628)
	at java.base/java.lang.Thread.run(Thread.java:829)
	at java.rmi/sun.rmi.transport.StreamRemoteCall.exceptionReceivedFromServer(StreamRemoteCall.java:303)
	at java.rmi/sun.rmi.transport.StreamRemoteCall.executeCall(StreamRemoteCall.java:279)
	at java.rmi/sun.rmi.server.UnicastRef.invoke(UnicastRef.java:164)
	at java.rmi/java.rmi.server.RemoteObjectInvocationHandler.invokeRemoteMethod(RemoteObjectInvocationHandler.java:217)
	at java.rmi/java.rmi.server.RemoteObjectInvocationHandler.invoke(RemoteObjectInvocationHandler.java:162)
	at com.sun.proxy.$Proxy7.evosuite_collectStatistics(Unknown Source)
	at org.evosuite.rmi.service.ClientNodeImpl.updateStatistics(ClientNodeImpl.java:251)
	at org.evosuite.statistics.StatisticsSender.sendIndividualToMaster(StatisticsSender.java:62)
	at org.evosuite.statistics.StatisticsListener.lambda$new$0(StatisticsListener.java:76)
	at java.base/java.lang.Thread.run(Thread.java:829)
Caused by: java.rmi.UnmarshalException: error unmarshalling arguments; nested exception is: 
	java.lang.ClassNotFoundException: expect to get instruction without BasicBlock already set
	at java.rmi/sun.rmi.server.UnicastServerRef.dispatch(UnicastServerRef.java:350)
	at java.rmi/sun.rmi.transport.Transport$1.run(Transport.java:200)
	at java.rmi/sun.rmi.transport.Transport$1.run(Transport.java:197)
	at java.base/java.security.AccessController.doPrivileged(Native Method)
	at java.rmi/sun.rmi.transport.Transport.serviceCall(Transport.java:196)
	at java.rmi/sun.rmi.transport.tcp.TCPTransport.handleMessages(TCPTransport.java:562)
	at java.rmi/sun.rmi.transport.tcp.TCPTransport$ConnectionHandler.run0(TCPTransport.java:796)
	at java.rmi/sun.rmi.transport.tcp.TCPTransport$ConnectionHandler.lambda$run$0(TCPTransport.java:677)
	at java.base/java.security.AccessController.doPrivileged(Native Method)
	at java.rmi/sun.rmi.transport.tcp.TCPTransport$ConnectionHandler.run(TCPTransport.java:676)
	at java.base/java.util.concurrent.ThreadPoolExecutor.runWorker(ThreadPoolExecutor.java:1128)
	at java.base/java.util.concurrent.ThreadPoolExecutor$Worker.run(ThreadPoolExecutor.java:628)
	... 1 common frames omitted
Caused by: java.lang.ClassNotFoundException: expect to get instruction without BasicBlock already set
	at org.evosuite.instrumentation.InstrumentingClassLoader.instrumentClass(InstrumentingClassLoader.java:158)
	at org.evosuite.instrumentation.InstrumentingClassLoader.loadClass(InstrumentingClassLoader.java:126)
	at org.evosuite.utils.generic.GenericClassImpl.getClass(GenericClassImpl.java:139)
	at org.evosuite.utils.generic.GenericClassImpl.getClass(GenericClassImpl.java:105)
	at org.evosuite.utils.generic.GenericClassImpl.readObject(GenericClassImpl.java:1671)
	at jdk.internal.reflect.GeneratedMethodAccessor9.invoke(Unknown Source)
	at java.base/jdk.internal.reflect.DelegatingMethodAccessorImpl.invoke(DelegatingMethodAccessorImpl.java:43)
	at java.base/java.lang.reflect.Method.invoke(Method.java:566)
	at java.base/java.io.ObjectStreamClass.invokeReadObject(ObjectStreamClass.java:1046)
	at java.base/java.io.ObjectInputStream.readSerialData(ObjectInputStream.java:2357)
	at java.base/java.io.ObjectInputStream.readOrdinaryObject(ObjectInputStream.java:2228)
	at java.base/java.io.ObjectInputStream.readObject0(ObjectInputStream.java:1687)
	at java.base/java.io.ObjectInputStream.defaultReadFields(ObjectInputStream.java:2496)
	at java.base/java.io.ObjectInputStream.readSerialData(ObjectInputStream.java:2390)
	at java.base/java.io.ObjectInputStream.readOrdinaryObject(ObjectInputStream.java:2228)
	at java.base/java.io.ObjectInputStream.readObject0(ObjectInputStream.java:1687)
	at java.base/java.io.ObjectInputStream.defaultReadFields(ObjectInputStream.java:2496)
	at java.base/java.io.ObjectInputStream.readSerialData(ObjectInputStream.java:2390)
	at java.base/java.io.ObjectInputStream.readOrdinaryObject(ObjectInputStream.java:2228)
	at java.base/java.io.ObjectInputStream.readObject0(ObjectInputStream.java:1687)
	at java.base/java.io.ObjectInputStream.readObject(ObjectInputStream.java:489)
	at java.base/java.io.ObjectInputStream.readObject(ObjectInputStream.java:447)
	at java.base/java.util.ArrayList.readObject(ArrayList.java:929)
	at java.base/jdk.internal.reflect.GeneratedMethodAccessor7.invoke(Unknown Source)
	at java.base/jdk.internal.reflect.DelegatingMethodAccessorImpl.invoke(DelegatingMethodAccessorImpl.java:43)
	at java.base/java.lang.reflect.Method.invoke(Method.java:566)
	at java.base/java.io.ObjectStreamClass.invokeReadObject(ObjectStreamClass.java:1046)
	at java.base/java.io.ObjectInputStream.readSerialData(ObjectInputStream.java:2357)
	at java.base/java.io.ObjectInputStream.readOrdinaryObject(ObjectInputStream.java:2228)
	at java.base/java.io.ObjectInputStream.readObject0(ObjectInputStream.java:1687)
	at java.base/java.io.ObjectInputStream.defaultReadFields(ObjectInputStream.java:2496)
	at java.base/java.io.ObjectInputStream.readSerialData(ObjectInputStream.java:2390)
	at java.base/java.io.ObjectInputStream.readOrdinaryObject(ObjectInputStream.java:2228)
	at java.base/java.io.ObjectInputStream.readObject0(ObjectInputStream.java:1687)
	at java.base/java.io.ObjectInputStream.defaultReadFields(ObjectInputStream.java:2496)
	at java.base/java.io.ObjectInputStream.defaultReadObject(ObjectInputStream.java:625)
	at org.evosuite.testcase.DefaultTestCase.readObject(DefaultTestCase.java:1217)
	at jdk.internal.reflect.GeneratedMethodAccessor14.invoke(Unknown Source)
	at java.base/jdk.internal.reflect.DelegatingMethodAccessorImpl.invoke(DelegatingMethodAccessorImpl.java:43)
	at java.base/java.lang.reflect.Method.invoke(Method.java:566)
	at java.base/java.io.ObjectStreamClass.invokeReadObject(ObjectStreamClass.java:1046)
	at java.base/java.io.ObjectInputStream.readSerialData(ObjectInputStream.java:2357)
	at java.base/java.io.ObjectInputStream.readOrdinaryObject(ObjectInputStream.java:2228)
	at java.base/java.io.ObjectInputStream.readObject0(ObjectInputStream.java:1687)
	at java.base/java.io.ObjectInputStream.defaultReadFields(ObjectInputStream.java:2496)
	at java.base/java.io.ObjectInputStream.readSerialData(ObjectInputStream.java:2390)
	at java.base/java.io.ObjectInputStream.readOrdinaryObject(ObjectInputStream.java:2228)
	at java.base/java.io.ObjectInputStream.readObject0(ObjectInputStream.java:1687)
	at java.base/java.io.ObjectInputStream.readObject(ObjectInputStream.java:489)
	at java.base/java.io.ObjectInputStream.readObject(ObjectInputStream.java:447)
	at java.base/java.util.ArrayList.readObject(ArrayList.java:929)
	at java.base/jdk.internal.reflect.GeneratedMethodAccessor7.invoke(Unknown Source)
	at java.base/jdk.internal.reflect.DelegatingMethodAccessorImpl.invoke(DelegatingMethodAccessorImpl.java:43)
	at java.base/java.lang.reflect.Method.invoke(Method.java:566)
	at java.base/java.io.ObjectStreamClass.invokeReadObject(ObjectStreamClass.java:1046)
	at java.base/java.io.ObjectInputStream.readSerialData(ObjectInputStream.java:2357)
	at java.base/java.io.ObjectInputStream.readOrdinaryObject(ObjectInputStream.java:2228)
	at java.base/java.io.ObjectInputStream.readObject0(ObjectInputStream.java:1687)
	at java.base/java.io.ObjectInputStream.defaultReadFields(ObjectInputStream.java:2496)
	at java.base/java.io.ObjectInputStream.readSerialData(ObjectInputStream.java:2390)
	at java.base/java.io.ObjectInputStream.readOrdinaryObject(ObjectInputStream.java:2228)
	at java.base/java.io.ObjectInputStream.readObject0(ObjectInputStream.java:1687)
	at java.base/java.io.ObjectInputStream.readObject(ObjectInputStream.java:489)
	at java.base/java.io.ObjectInputStream.readObject(ObjectInputStream.java:447)
	at java.rmi/sun.rmi.server.UnicastRef.unmarshalValue(UnicastRef.java:327)
	at java.rmi/sun.rmi.server.UnicastServerRef.dispatch(UnicastServerRef.java:339)
	... 12 common frames omitted
Caused by: java.lang.IllegalArgumentException: expect to get instruction without BasicBlock already set
	at org.evosuite.graphs.cfg.BasicBlock.appendInstruction(BasicBlock.java:225)
	at org.evosuite.graphs.cfg.BasicBlock.setInstructions(BasicBlock.java:206)
	at org.evosuite.graphs.cfg.BasicBlock.<init>(BasicBlock.java:106)
	at org.evosuite.graphs.cfg.RawControlFlowGraph.determineBasicBlockFor(RawControlFlowGraph.java:314)
	at org.evosuite.graphs.cfg.ActualControlFlowGraph.computeNodes(ActualControlFlowGraph.java:295)
	at org.evosuite.graphs.cfg.ActualControlFlowGraph.computeGraph(ActualControlFlowGraph.java:262)
	at org.evosuite.graphs.cfg.ActualControlFlowGraph.<init>(ActualControlFlowGraph.java:97)
	at org.evosuite.graphs.cfg.CFGGenerator.computeActualCFG(CFGGenerator.java:218)
	at org.evosuite.graphs.cfg.CFGGenerator.registerCFGs(CFGGenerator.java:102)
	at org.evosuite.graphs.cfg.CFGMethodAdapter.visitEnd(CFGMethodAdapter.java:219)
	at org.evosuite.shaded.org.objectweb.asm.MethodVisitor.visitEnd(MethodVisitor.java:783)
	at org.evosuite.shaded.org.objectweb.asm.MethodVisitor.visitEnd(MethodVisitor.java:783)
	at org.evosuite.shaded.org.objectweb.asm.MethodVisitor.visitEnd(MethodVisitor.java:783)
	at org.evosuite.shaded.org.objectweb.asm.tree.MethodNode.accept(MethodNode.java:772)
	at org.evosuite.shaded.org.objectweb.asm.tree.MethodNode.accept(MethodNode.java:649)
	at org.evosuite.shaded.org.objectweb.asm.tree.ClassNode.accept(ClassNode.java:452)
	at org.evosuite.instrumentation.BytecodeInstrumentation.transformBytes(BytecodeInstrumentation.java:282)
	at org.evosuite.instrumentation.InstrumentingClassLoader.getTransformedBytes(InstrumentingClassLoader.java:135)
	at org.evosuite.instrumentation.InstrumentingClassLoader.instrumentClass(InstrumentingClassLoader.java:149)
	... 77 common frames omitted
[Progress:===========>                  38%] [Cov:==========================>        75%][Progress:===========>                  38%] [Cov:==========================>        76%][Progress:===========>                  38%] [Cov:==========================>        76%][Progress:===========>                  38%] [Cov:==========================>        76%][Progress:===========>                  39%] [Cov:==========================>        76%][Progress:===========>                  39%] [Cov:==========================>        76%][Progress:===========>                  39%] [Cov:==========================>        76%][Progress:============>                 40%] [Cov:==========================>        76%][Progress:============>                 40%] [Cov:==========================>        76%][Progress:============>                 40%] [Cov:==========================>        76%][Progress:============>                 40%] [Cov:==========================>        76%][MASTER] 07:41:56.220 [logback-1] WARN  ClientNodeImpl - Cannot send statistics to master; continuing without statistics
java.rmi.ServerException: RemoteException occurred in server thread; nested exception is: 
	java.rmi.UnmarshalException: error unmarshalling arguments; nested exception is: 
	java.lang.ClassNotFoundException: expect to get instruction without BasicBlock already set
	at java.rmi/sun.rmi.server.UnicastServerRef.dispatch(UnicastServerRef.java:391)
	at java.rmi/sun.rmi.transport.Transport$1.run(Transport.java:200)
	at java.rmi/sun.rmi.transport.Transport$1.run(Transport.java:197)
	at java.base/java.security.AccessController.doPrivileged(Native Method)
	at java.rmi/sun.rmi.transport.Transport.serviceCall(Transport.java:196)
	at java.rmi/sun.rmi.transport.tcp.TCPTransport.handleMessages(TCPTransport.java:562)
	at java.rmi/sun.rmi.transport.tcp.TCPTransport$ConnectionHandler.run0(TCPTransport.java:796)
	at java.rmi/sun.rmi.transport.tcp.TCPTransport$ConnectionHandler.lambda$run$0(TCPTransport.java:677)
	at java.base/java.security.AccessController.doPrivileged(Native Method)
	at java.rmi/sun.rmi.transport.tcp.TCPTransport$ConnectionHandler.run(TCPTransport.java:676)
	at java.base/java.util.concurrent.ThreadPoolExecutor.runWorker(ThreadPoolExecutor.java:1128)
	at java.base/java.util.concurrent.ThreadPoolExecutor$Worker.run(ThreadPoolExecutor.java:628)
	at java.base/java.lang.Thread.run(Thread.java:829)
	at java.rmi/sun.rmi.transport.StreamRemoteCall.exceptionReceivedFromServer(StreamRemoteCall.java:303)
	at java.rmi/sun.rmi.transport.StreamRemoteCall.executeCall(StreamRemoteCall.java:279)
	at java.rmi/sun.rmi.server.UnicastRef.invoke(UnicastRef.java:164)
	at java.rmi/java.rmi.server.RemoteObjectInvocationHandler.invokeRemoteMethod(RemoteObjectInvocationHandler.java:217)
	at java.rmi/java.rmi.server.RemoteObjectInvocationHandler.invoke(RemoteObjectInvocationHandler.java:162)
	at com.sun.proxy.$Proxy7.evosuite_collectStatistics(Unknown Source)
	at org.evosuite.rmi.service.ClientNodeImpl.updateStatistics(ClientNodeImpl.java:251)
	at org.evosuite.statistics.StatisticsSender.sendIndividualToMaster(StatisticsSender.java:62)
	at org.evosuite.statistics.StatisticsListener.lambda$new$0(StatisticsListener.java:76)
	at java.base/java.lang.Thread.run(Thread.java:829)
Caused by: java.rmi.UnmarshalException: error unmarshalling arguments; nested exception is: 
	java.lang.ClassNotFoundException: expect to get instruction without BasicBlock already set
	at java.rmi/sun.rmi.server.UnicastServerRef.dispatch(UnicastServerRef.java:350)
	at java.rmi/sun.rmi.transport.Transport$1.run(Transport.java:200)
	at java.rmi/sun.rmi.transport.Transport$1.run(Transport.java:197)
	at java.base/java.security.AccessController.doPrivileged(Native Method)
	at java.rmi/sun.rmi.transport.Transport.serviceCall(Transport.java:196)
	at java.rmi/sun.rmi.transport.tcp.TCPTransport.handleMessages(TCPTransport.java:562)
	at java.rmi/sun.rmi.transport.tcp.TCPTransport$ConnectionHandler.run0(TCPTransport.java:796)
	at java.rmi/sun.rmi.transport.tcp.TCPTransport$ConnectionHandler.lambda$run$0(TCPTransport.java:677)
	at java.base/java.security.AccessController.doPrivileged(Native Method)
	at java.rmi/sun.rmi.transport.tcp.TCPTransport$ConnectionHandler.run(TCPTransport.java:676)
	at java.base/java.util.concurrent.ThreadPoolExecutor.runWorker(ThreadPoolExecutor.java:1128)
	at java.base/java.util.concurrent.ThreadPoolExecutor$Worker.run(ThreadPoolExecutor.java:628)
	... 1 common frames omitted
Caused by: java.lang.ClassNotFoundException: expect to get instruction without BasicBlock already set
	at org.evosuite.instrumentation.InstrumentingClassLoader.instrumentClass(InstrumentingClassLoader.java:158)
	at org.evosuite.instrumentation.InstrumentingClassLoader.loadClass(InstrumentingClassLoader.java:126)
	at org.evosuite.utils.generic.GenericClassImpl.getClass(GenericClassImpl.java:139)
	at org.evosuite.utils.generic.GenericClassImpl.getClass(GenericClassImpl.java:105)
	at org.evosuite.utils.generic.GenericClassImpl.readObject(GenericClassImpl.java:1671)
	at jdk.internal.reflect.GeneratedMethodAccessor9.invoke(Unknown Source)
	at java.base/jdk.internal.reflect.DelegatingMethodAccessorImpl.invoke(DelegatingMethodAccessorImpl.java:43)
	at java.base/java.lang.reflect.Method.invoke(Method.java:566)
	at java.base/java.io.ObjectStreamClass.invokeReadObject(ObjectStreamClass.java:1046)
	at java.base/java.io.ObjectInputStream.readSerialData(ObjectInputStream.java:2357)
	at java.base/java.io.ObjectInputStream.readOrdinaryObject(ObjectInputStream.java:2228)
	at java.base/java.io.ObjectInputStream.readObject0(ObjectInputStream.java:1687)
	at java.base/java.io.ObjectInputStream.defaultReadFields(ObjectInputStream.java:2496)
	at java.base/java.io.ObjectInputStream.readSerialData(ObjectInputStream.java:2390)
	at java.base/java.io.ObjectInputStream.readOrdinaryObject(ObjectInputStream.java:2228)
	at java.base/java.io.ObjectInputStream.readObject0(ObjectInputStream.java:1687)
	at java.base/java.io.ObjectInputStream.defaultReadFields(ObjectInputStream.java:2496)
	at java.base/java.io.ObjectInputStream.readSerialData(ObjectInputStream.java:2390)
	at java.base/java.io.ObjectInputStream.readOrdinaryObject(ObjectInputStream.java:2228)
	at java.base/java.io.ObjectInputStream.readObject0(ObjectInputStream.java:1687)
	at java.base/java.io.ObjectInputStream.readObject(ObjectInputStream.java:489)
	at java.base/java.io.ObjectInputStream.readObject(ObjectInputStream.java:447)
	at java.base/java.util.ArrayList.readObject(ArrayList.java:929)
	at java.base/jdk.internal.reflect.GeneratedMethodAccessor7.invoke(Unknown Source)
	at java.base/jdk.internal.reflect.DelegatingMethodAccessorImpl.invoke(DelegatingMethodAccessorImpl.java:43)
	at java.base/java.lang.reflect.Method.invoke(Method.java:566)
	at java.base/java.io.ObjectStreamClass.invokeReadObject(ObjectStreamClass.java:1046)
	at java.base/java.io.ObjectInputStream.readSerialData(ObjectInputStream.java:2357)
	at java.base/java.io.ObjectInputStream.readOrdinaryObject(ObjectInputStream.java:2228)
	at java.base/java.io.ObjectInputStream.readObject0(ObjectInputStream.java:1687)
	at java.base/java.io.ObjectInputStream.defaultReadFields(ObjectInputStream.java:2496)
	at java.base/java.io.ObjectInputStream.readSerialData(ObjectInputStream.java:2390)
	at java.base/java.io.ObjectInputStream.readOrdinaryObject(ObjectInputStream.java:2228)
	at java.base/java.io.ObjectInputStream.readObject0(ObjectInputStream.java:1687)
	at java.base/java.io.ObjectInputStream.defaultReadFields(ObjectInputStream.java:2496)
	at java.base/java.io.ObjectInputStream.defaultReadObject(ObjectInputStream.java:625)
	at org.evosuite.testcase.DefaultTestCase.readObject(DefaultTestCase.java:1217)
	at jdk.internal.reflect.GeneratedMethodAccessor14.invoke(Unknown Source)
	at java.base/jdk.internal.reflect.DelegatingMethodAccessorImpl.invoke(DelegatingMethodAccessorImpl.java:43)
	at java.base/java.lang.reflect.Method.invoke(Method.java:566)
	at java.base/java.io.ObjectStreamClass.invokeReadObject(ObjectStreamClass.java:1046)
	at java.base/java.io.ObjectInputStream.readSerialData(ObjectInputStream.java:2357)
	at java.base/java.io.ObjectInputStream.readOrdinaryObject(ObjectInputStream.java:2228)
	at java.base/java.io.ObjectInputStream.readObject0(ObjectInputStream.java:1687)
	at java.base/java.io.ObjectInputStream.defaultReadFields(ObjectInputStream.java:2496)
	at java.base/java.io.ObjectInputStream.readSerialData(ObjectInputStream.java:2390)
	at java.base/java.io.ObjectInputStream.readOrdinaryObject(ObjectInputStream.java:2228)
	at java.base/java.io.ObjectInputStream.readObject0(ObjectInputStream.java:1687)
	at java.base/java.io.ObjectInputStream.readObject(ObjectInputStream.java:489)
	at java.base/java.io.ObjectInputStream.readObject(ObjectInputStream.java:447)
	at java.base/java.util.ArrayList.readObject(ArrayList.java:929)
	at java.base/jdk.internal.reflect.GeneratedMethodAccessor7.invoke(Unknown Source)
	at java.base/jdk.internal.reflect.DelegatingMethodAccessorImpl.invoke(DelegatingMethodAccessorImpl.java:43)
	at java.base/java.lang.reflect.Method.invoke(Method.java:566)
	at java.base/java.io.ObjectStreamClass.invokeReadObject(ObjectStreamClass.java:1046)
	at java.base/java.io.ObjectInputStream.readSerialData(ObjectInputStream.java:2357)
	at java.base/java.io.ObjectInputStream.readOrdinaryObject(ObjectInputStream.java:2228)
	at java.base/java.io.ObjectInputStream.readObject0(ObjectInputStream.java:1687)
	at java.base/java.io.ObjectInputStream.defaultReadFields(ObjectInputStream.java:2496)
	at java.base/java.io.ObjectInputStream.readSerialData(ObjectInputStream.java:2390)
	at java.base/java.io.ObjectInputStream.readOrdinaryObject(ObjectInputStream.java:2228)
	at java.base/java.io.ObjectInputStream.readObject0(ObjectInputStream.java:1687)
	at java.base/java.io.ObjectInputStream.readObject(ObjectInputStream.java:489)
	at java.base/java.io.ObjectInputStream.readObject(ObjectInputStream.java:447)
	at java.rmi/sun.rmi.server.UnicastRef.unmarshalValue(UnicastRef.java:327)
	at java.rmi/sun.rmi.server.UnicastServerRef.dispatch(UnicastServerRef.java:339)
	... 12 common frames omitted
Caused by: java.lang.IllegalArgumentException: expect to get instruction without BasicBlock already set
	at org.evosuite.graphs.cfg.BasicBlock.appendInstruction(BasicBlock.java:225)
	at org.evosuite.graphs.cfg.BasicBlock.setInstructions(BasicBlock.java:206)
	at org.evosuite.graphs.cfg.BasicBlock.<init>(BasicBlock.java:106)
	at org.evosuite.graphs.cfg.RawControlFlowGraph.determineBasicBlockFor(RawControlFlowGraph.java:314)
	at org.evosuite.graphs.cfg.ActualControlFlowGraph.computeNodes(ActualControlFlowGraph.java:295)
	at org.evosuite.graphs.cfg.ActualControlFlowGraph.computeGraph(ActualControlFlowGraph.java:262)
	at org.evosuite.graphs.cfg.ActualControlFlowGraph.<init>(ActualControlFlowGraph.java:97)
	at org.evosuite.graphs.cfg.CFGGenerator.computeActualCFG(CFGGenerator.java:218)
	at org.evosuite.graphs.cfg.CFGGenerator.registerCFGs(CFGGenerator.java:102)
	at org.evosuite.graphs.cfg.CFGMethodAdapter.visitEnd(CFGMethodAdapter.java:219)
	at org.evosuite.shaded.org.objectweb.asm.MethodVisitor.visitEnd(MethodVisitor.java:783)
	at org.evosuite.shaded.org.objectweb.asm.MethodVisitor.visitEnd(MethodVisitor.java:783)
	at org.evosuite.shaded.org.objectweb.asm.MethodVisitor.visitEnd(MethodVisitor.java:783)
	at org.evosuite.shaded.org.objectweb.asm.tree.MethodNode.accept(MethodNode.java:772)
	at org.evosuite.shaded.org.objectweb.asm.tree.MethodNode.accept(MethodNode.java:649)
	at org.evosuite.shaded.org.objectweb.asm.tree.ClassNode.accept(ClassNode.java:452)
	at org.evosuite.instrumentation.BytecodeInstrumentation.transformBytes(BytecodeInstrumentation.java:282)
	at org.evosuite.instrumentation.InstrumentingClassLoader.getTransformedBytes(InstrumentingClassLoader.java:135)
	at org.evosuite.instrumentation.InstrumentingClassLoader.instrumentClass(InstrumentingClassLoader.java:149)
	... 77 common frames omitted
[Progress:============>                 40%] [Cov:==========================>        76%][Progress:============>                 41%] [Cov:==========================>        76%][Progress:============>                 42%] [Cov:==========================>        76%][Progress:============>                 42%] [Cov:==========================>        76%][Progress:============>                 42%] [Cov:==========================>        76%]GWO iteration=100 bestFitness=180.9677418184742 population=50 a=0.0
========== GWO EVOLVE iteration=100 population=50 ==========
[Progress:============>                 43%] [Cov:==========================>        76%][Progress:============>                 43%] [Cov:==========================>        76%][Progress:============>                 43%] [Cov:==========================>        76%][Progress:=============>                44%] [Cov:==========================>        76%][Progress:=============>                44%] [Cov:==========================>        76%][Progress:=============>                44%] [Cov:==========================>        76%][Progress:=============>                45%] [Cov:==========================>        76%][Progress:=============>                45%] [Cov:==========================>        76%][MASTER] 07:42:01.061 [logback-1] WARN  ClientNodeImpl - Cannot send statistics to master; continuing without statistics
java.rmi.ServerException: RemoteException occurred in server thread; nested exception is: 
	java.rmi.UnmarshalException: error unmarshalling arguments; nested exception is: 
	java.lang.ClassNotFoundException: expect to get instruction without BasicBlock already set
	at java.rmi/sun.rmi.server.UnicastServerRef.dispatch(UnicastServerRef.java:391)
	at java.rmi/sun.rmi.transport.Transport$1.run(Transport.java:200)
	at java.rmi/sun.rmi.transport.Transport$1.run(Transport.java:197)
	at java.base/java.security.AccessController.doPrivileged(Native Method)
	at java.rmi/sun.rmi.transport.Transport.serviceCall(Transport.java:196)
	at java.rmi/sun.rmi.transport.tcp.TCPTransport.handleMessages(TCPTransport.java:562)
	at java.rmi/sun.rmi.transport.tcp.TCPTransport$ConnectionHandler.run0(TCPTransport.java:796)
	at java.rmi/sun.rmi.transport.tcp.TCPTransport$ConnectionHandler.lambda$run$0(TCPTransport.java:677)
	at java.base/java.security.AccessController.doPrivileged(Native Method)
	at java.rmi/sun.rmi.transport.tcp.TCPTransport$ConnectionHandler.run(TCPTransport.java:676)
	at java.base/java.util.concurrent.ThreadPoolExecutor.runWorker(ThreadPoolExecutor.java:1128)
	at java.base/java.util.concurrent.ThreadPoolExecutor$Worker.run(ThreadPoolExecutor.java:628)
	at java.base/java.lang.Thread.run(Thread.java:829)
	at java.rmi/sun.rmi.transport.StreamRemoteCall.exceptionReceivedFromServer(StreamRemoteCall.java:303)
	at java.rmi/sun.rmi.transport.StreamRemoteCall.executeCall(StreamRemoteCall.java:279)
	at java.rmi/sun.rmi.server.UnicastRef.invoke(UnicastRef.java:164)
	at java.rmi/java.rmi.server.RemoteObjectInvocationHandler.invokeRemoteMethod(RemoteObjectInvocationHandler.java:217)
	at java.rmi/java.rmi.server.RemoteObjectInvocationHandler.invoke(RemoteObjectInvocationHandler.java:162)
	at com.sun.proxy.$Proxy7.evosuite_collectStatistics(Unknown Source)
	at org.evosuite.rmi.service.ClientNodeImpl.updateStatistics(ClientNodeImpl.java:251)
	at org.evosuite.statistics.StatisticsSender.sendIndividualToMaster(StatisticsSender.java:62)
	at org.evosuite.statistics.StatisticsListener.lambda$new$0(StatisticsListener.java:76)
	at java.base/java.lang.Thread.run(Thread.java:829)
Caused by: java.rmi.UnmarshalException: error unmarshalling arguments; nested exception is: 
	java.lang.ClassNotFoundException: expect to get instruction without BasicBlock already set
	at java.rmi/sun.rmi.server.UnicastServerRef.dispatch(UnicastServerRef.java:350)
	at java.rmi/sun.rmi.transport.Transport$1.run(Transport.java:200)
	at java.rmi/sun.rmi.transport.Transport$1.run(Transport.java:197)
	at java.base/java.security.AccessController.doPrivileged(Native Method)
	at java.rmi/sun.rmi.transport.Transport.serviceCall(Transport.java:196)
	at java.rmi/sun.rmi.transport.tcp.TCPTransport.handleMessages(TCPTransport.java:562)
	at java.rmi/sun.rmi.transport.tcp.TCPTransport$ConnectionHandler.run0(TCPTransport.java:796)
	at java.rmi/sun.rmi.transport.tcp.TCPTransport$ConnectionHandler.lambda$run$0(TCPTransport.java:677)
	at java.base/java.security.AccessController.doPrivileged(Native Method)
	at java.rmi/sun.rmi.transport.tcp.TCPTransport$ConnectionHandler.run(TCPTransport.java:676)
	at java.base/java.util.concurrent.ThreadPoolExecutor.runWorker(ThreadPoolExecutor.java:1128)
	at java.base/java.util.concurrent.ThreadPoolExecutor$Worker.run(ThreadPoolExecutor.java:628)
	... 1 common frames omitted
Caused by: java.lang.ClassNotFoundException: expect to get instruction without BasicBlock already set
	at org.evosuite.instrumentation.InstrumentingClassLoader.instrumentClass(InstrumentingClassLoader.java:158)
	at org.evosuite.instrumentation.InstrumentingClassLoader.loadClass(InstrumentingClassLoader.java:126)
	at org.evosuite.utils.generic.GenericClassImpl.getClass(GenericClassImpl.java:139)
	at org.evosuite.utils.generic.GenericClassImpl.getClass(GenericClassImpl.java:105)
	at org.evosuite.utils.generic.GenericClassImpl.readObject(GenericClassImpl.java:1671)
	at jdk.internal.reflect.GeneratedMethodAccessor9.invoke(Unknown Source)
	at java.base/jdk.internal.reflect.DelegatingMethodAccessorImpl.invoke(DelegatingMethodAccessorImpl.java:43)
	at java.base/java.lang.reflect.Method.invoke(Method.java:566)
	at java.base/java.io.ObjectStreamClass.invokeReadObject(ObjectStreamClass.java:1046)
	at java.base/java.io.ObjectInputStream.readSerialData(ObjectInputStream.java:2357)
	at java.base/java.io.ObjectInputStream.readOrdinaryObject(ObjectInputStream.java:2228)
	at java.base/java.io.ObjectInputStream.readObject0(ObjectInputStream.java:1687)
	at java.base/java.io.ObjectInputStream.defaultReadFields(ObjectInputStream.java:2496)
	at java.base/java.io.ObjectInputStream.readSerialData(ObjectInputStream.java:2390)
	at java.base/java.io.ObjectInputStream.readOrdinaryObject(ObjectInputStream.java:2228)
	at java.base/java.io.ObjectInputStream.readObject0(ObjectInputStream.java:1687)
	at java.base/java.io.ObjectInputStream.defaultReadFields(ObjectInputStream.java:2496)
	at java.base/java.io.ObjectInputStream.readSerialData(ObjectInputStream.java:2390)
	at java.base/java.io.ObjectInputStream.readOrdinaryObject(ObjectInputStream.java:2228)
	at java.base/java.io.ObjectInputStream.readObject0(ObjectInputStream.java:1687)
	at java.base/java.io.ObjectInputStream.readObject(ObjectInputStream.java:489)
	at java.base/java.io.ObjectInputStream.readObject(ObjectInputStream.java:447)
	at java.base/java.util.ArrayList.readObject(ArrayList.java:929)
	at java.base/jdk.internal.reflect.GeneratedMethodAccessor7.invoke(Unknown Source)
	at java.base/jdk.internal.reflect.DelegatingMethodAccessorImpl.invoke(DelegatingMethodAccessorImpl.java:43)
	at java.base/java.lang.reflect.Method.invoke(Method.java:566)
	at java.base/java.io.ObjectStreamClass.invokeReadObject(ObjectStreamClass.java:1046)
	at java.base/java.io.ObjectInputStream.readSerialData(ObjectInputStream.java:2357)
	at java.base/java.io.ObjectInputStream.readOrdinaryObject(ObjectInputStream.java:2228)
	at java.base/java.io.ObjectInputStream.readObject0(ObjectInputStream.java:1687)
	at java.base/java.io.ObjectInputStream.defaultReadFields(ObjectInputStream.java:2496)
	at java.base/java.io.ObjectInputStream.readSerialData(ObjectInputStream.java:2390)
	at java.base/java.io.ObjectInputStream.readOrdinaryObject(ObjectInputStream.java:2228)
	at java.base/java.io.ObjectInputStream.readObject0(ObjectInputStream.java:1687)
	at java.base/java.io.ObjectInputStream.defaultReadFields(ObjectInputStream.java:2496)
	at java.base/java.io.ObjectInputStream.defaultReadObject(ObjectInputStream.java:625)
	at org.evosuite.testcase.DefaultTestCase.readObject(DefaultTestCase.java:1217)
	at jdk.internal.reflect.GeneratedMethodAccessor14.invoke(Unknown Source)
	at java.base/jdk.internal.reflect.DelegatingMethodAccessorImpl.invoke(DelegatingMethodAccessorImpl.java:43)
	at java.base/java.lang.reflect.Method.invoke(Method.java:566)
	at java.base/java.io.ObjectStreamClass.invokeReadObject(ObjectStreamClass.java:1046)
	at java.base/java.io.ObjectInputStream.readSerialData(ObjectInputStream.java:2357)
	at java.base/java.io.ObjectInputStream.readOrdinaryObject(ObjectInputStream.java:2228)
	at java.base/java.io.ObjectInputStream.readObject0(ObjectInputStream.java:1687)
	at java.base/java.io.ObjectInputStream.defaultReadFields(ObjectInputStream.java:2496)
	at java.base/java.io.ObjectInputStream.readSerialData(ObjectInputStream.java:2390)
	at java.base/java.io.ObjectInputStream.readOrdinaryObject(ObjectInputStream.java:2228)
	at java.base/java.io.ObjectInputStream.readObject0(ObjectInputStream.java:1687)
	at java.base/java.io.ObjectInputStream.readObject(ObjectInputStream.java:489)
	at java.base/java.io.ObjectInputStream.readObject(ObjectInputStream.java:447)
	at java.base/java.util.ArrayList.readObject(ArrayList.java:929)
	at java.base/jdk.internal.reflect.GeneratedMethodAccessor7.invoke(Unknown Source)
	at java.base/jdk.internal.reflect.DelegatingMethodAccessorImpl.invoke(DelegatingMethodAccessorImpl.java:43)
	at java.base/java.lang.reflect.Method.invoke(Method.java:566)
	at java.base/java.io.ObjectStreamClass.invokeReadObject(ObjectStreamClass.java:1046)
	at java.base/java.io.ObjectInputStream.readSerialData(ObjectInputStream.java:2357)
	at java.base/java.io.ObjectInputStream.readOrdinaryObject(ObjectInputStream.java:2228)
	at java.base/java.io.ObjectInputStream.readObject0(ObjectInputStream.java:1687)
	at java.base/java.io.ObjectInputStream.defaultReadFields(ObjectInputStream.java:2496)
	at java.base/java.io.ObjectInputStream.readSerialData(ObjectInputStream.java:2390)
	at java.base/java.io.ObjectInputStream.readOrdinaryObject(ObjectInputStream.java:2228)
	at java.base/java.io.ObjectInputStream.readObject0(ObjectInputStream.java:1687)
	at java.base/java.io.ObjectInputStream.readObject(ObjectInputStream.java:489)
	at java.base/java.io.ObjectInputStream.readObject(ObjectInputStream.java:447)
	at java.rmi/sun.rmi.server.UnicastRef.unmarshalValue(UnicastRef.java:327)
	at java.rmi/sun.rmi.server.UnicastServerRef.dispatch(UnicastServerRef.java:339)
	... 12 common frames omitted
Caused by: java.lang.IllegalArgumentException: expect to get instruction without BasicBlock already set
	at org.evosuite.graphs.cfg.BasicBlock.appendInstruction(BasicBlock.java:225)
	at org.evosuite.graphs.cfg.BasicBlock.setInstructions(BasicBlock.java:206)
	at org.evosuite.graphs.cfg.BasicBlock.<init>(BasicBlock.java:106)
	at org.evosuite.graphs.cfg.RawControlFlowGraph.determineBasicBlockFor(RawControlFlowGraph.java:314)
	at org.evosuite.graphs.cfg.ActualControlFlowGraph.computeNodes(ActualControlFlowGraph.java:295)
	at org.evosuite.graphs.cfg.ActualControlFlowGraph.computeGraph(ActualControlFlowGraph.java:262)
	at org.evosuite.graphs.cfg.ActualControlFlowGraph.<init>(ActualControlFlowGraph.java:97)
	at org.evosuite.graphs.cfg.CFGGenerator.computeActualCFG(CFGGenerator.java:218)
	at org.evosuite.graphs.cfg.CFGGenerator.registerCFGs(CFGGenerator.java:102)
	at org.evosuite.graphs.cfg.CFGMethodAdapter.visitEnd(CFGMethodAdapter.java:219)
	at org.evosuite.shaded.org.objectweb.asm.MethodVisitor.visitEnd(MethodVisitor.java:783)
	at org.evosuite.shaded.org.objectweb.asm.MethodVisitor.visitEnd(MethodVisitor.java:783)
	at org.evosuite.shaded.org.objectweb.asm.MethodVisitor.visitEnd(MethodVisitor.java:783)
	at org.evosuite.shaded.org.objectweb.asm.tree.MethodNode.accept(MethodNode.java:772)
	at org.evosuite.shaded.org.objectweb.asm.tree.MethodNode.accept(MethodNode.java:649)
	at org.evosuite.shaded.org.objectweb.asm.tree.ClassNode.accept(ClassNode.java:452)
	at org.evosuite.instrumentation.BytecodeInstrumentation.transformBytes(BytecodeInstrumentation.java:282)
	at org.evosuite.instrumentation.InstrumentingClassLoader.getTransformedBytes(InstrumentingClassLoader.java:135)
	at org.evosuite.instrumentation.InstrumentingClassLoader.instrumentClass(InstrumentingClassLoader.java:149)
	... 77 common frames omitted
[Progress:=============>                45%] [Cov:==========================>        76%][Progress:=============>                45%] [Cov:==========================>        76%][Progress:=============>                45%] [Cov:==========================>        76%][Progress:=============>                46%] [Cov:==========================>        76%][Progress:=============>                46%] [Cov:==========================>        76%][Progress:=============>                46%] [Cov:==========================>        76%][Progress:==============>               47%] [Cov:==========================>        76%][Progress:==============>               47%] [Cov:==========================>        76%][Progress:==============>               47%] [Cov:==========================>        76%][Progress:==============>               48%] [Cov:==========================>        76%][Progress:==============>               48%] [Cov:==========================>        76%][MASTER] 07:42:05.235 [logback-1] WARN  ClientNodeImpl - Cannot send statistics to master; continuing without statistics
java.rmi.ServerException: RemoteException occurred in server thread; nested exception is: 
	java.rmi.UnmarshalException: error unmarshalling arguments; nested exception is: 
	java.lang.ClassNotFoundException: expect to get instruction without BasicBlock already set
	at java.rmi/sun.rmi.server.UnicastServerRef.dispatch(UnicastServerRef.java:391)
	at java.rmi/sun.rmi.transport.Transport$1.run(Transport.java:200)
	at java.rmi/sun.rmi.transport.Transport$1.run(Transport.java:197)
	at java.base/java.security.AccessController.doPrivileged(Native Method)
	at java.rmi/sun.rmi.transport.Transport.serviceCall(Transport.java:196)
	at java.rmi/sun.rmi.transport.tcp.TCPTransport.handleMessages(TCPTransport.java:562)
	at java.rmi/sun.rmi.transport.tcp.TCPTransport$ConnectionHandler.run0(TCPTransport.java:796)
	at java.rmi/sun.rmi.transport.tcp.TCPTransport$ConnectionHandler.lambda$run$0(TCPTransport.java:677)
	at java.base/java.security.AccessController.doPrivileged(Native Method)
	at java.rmi/sun.rmi.transport.tcp.TCPTransport$ConnectionHandler.run(TCPTransport.java:676)
	at java.base/java.util.concurrent.ThreadPoolExecutor.runWorker(ThreadPoolExecutor.java:1128)
	at java.base/java.util.concurrent.ThreadPoolExecutor$Worker.run(ThreadPoolExecutor.java:628)
	at java.base/java.lang.Thread.run(Thread.java:829)
	at java.rmi/sun.rmi.transport.StreamRemoteCall.exceptionReceivedFromServer(StreamRemoteCall.java:303)
	at java.rmi/sun.rmi.transport.StreamRemoteCall.executeCall(StreamRemoteCall.java:279)
	at java.rmi/sun.rmi.server.UnicastRef.invoke(UnicastRef.java:164)
	at java.rmi/java.rmi.server.RemoteObjectInvocationHandler.invokeRemoteMethod(RemoteObjectInvocationHandler.java:217)
	at java.rmi/java.rmi.server.RemoteObjectInvocationHandler.invoke(RemoteObjectInvocationHandler.java:162)
	at com.sun.proxy.$Proxy7.evosuite_collectStatistics(Unknown Source)
	at org.evosuite.rmi.service.ClientNodeImpl.updateStatistics(ClientNodeImpl.java:251)
	at org.evosuite.statistics.StatisticsSender.sendIndividualToMaster(StatisticsSender.java:62)
	at org.evosuite.statistics.StatisticsListener.lambda$new$0(StatisticsListener.java:76)
	at java.base/java.lang.Thread.run(Thread.java:829)
Caused by: java.rmi.UnmarshalException: error unmarshalling arguments; nested exception is: 
	java.lang.ClassNotFoundException: expect to get instruction without BasicBlock already set
	at java.rmi/sun.rmi.server.UnicastServerRef.dispatch(UnicastServerRef.java:350)
	at java.rmi/sun.rmi.transport.Transport$1.run(Transport.java:200)
	at java.rmi/sun.rmi.transport.Transport$1.run(Transport.java:197)
	at java.base/java.security.AccessController.doPrivileged(Native Method)
	at java.rmi/sun.rmi.transport.Transport.serviceCall(Transport.java:196)
	at java.rmi/sun.rmi.transport.tcp.TCPTransport.handleMessages(TCPTransport.java:562)
	at java.rmi/sun.rmi.transport.tcp.TCPTransport$ConnectionHandler.run0(TCPTransport.java:796)
	at java.rmi/sun.rmi.transport.tcp.TCPTransport$ConnectionHandler.lambda$run$0(TCPTransport.java:677)
	at java.base/java.security.AccessController.doPrivileged(Native Method)
	at java.rmi/sun.rmi.transport.tcp.TCPTransport$ConnectionHandler.run(TCPTransport.java:676)
	at java.base/java.util.concurrent.ThreadPoolExecutor.runWorker(ThreadPoolExecutor.java:1128)
	at java.base/java.util.concurrent.ThreadPoolExecutor$Worker.run(ThreadPoolExecutor.java:628)
	... 1 common frames omitted
Caused by: java.lang.ClassNotFoundException: expect to get instruction without BasicBlock already set
	at org.evosuite.instrumentation.InstrumentingClassLoader.instrumentClass(InstrumentingClassLoader.java:158)
	at org.evosuite.instrumentation.InstrumentingClassLoader.loadClass(InstrumentingClassLoader.java:126)
	at org.evosuite.utils.generic.GenericClassImpl.getClass(GenericClassImpl.java:139)
	at org.evosuite.utils.generic.GenericClassImpl.getClass(GenericClassImpl.java:105)
	at org.evosuite.utils.generic.GenericClassImpl.readObject(GenericClassImpl.java:1671)
	at jdk.internal.reflect.GeneratedMethodAccessor9.invoke(Unknown Source)
	at java.base/jdk.internal.reflect.DelegatingMethodAccessorImpl.invoke(DelegatingMethodAccessorImpl.java:43)
	at java.base/java.lang.reflect.Method.invoke(Method.java:566)
	at java.base/java.io.ObjectStreamClass.invokeReadObject(ObjectStreamClass.java:1046)
	at java.base/java.io.ObjectInputStream.readSerialData(ObjectInputStream.java:2357)
	at java.base/java.io.ObjectInputStream.readOrdinaryObject(ObjectInputStream.java:2228)
	at java.base/java.io.ObjectInputStream.readObject0(ObjectInputStream.java:1687)
	at java.base/java.io.ObjectInputStream.defaultReadFields(ObjectInputStream.java:2496)
	at java.base/java.io.ObjectInputStream.readSerialData(ObjectInputStream.java:2390)
	at java.base/java.io.ObjectInputStream.readOrdinaryObject(ObjectInputStream.java:2228)
	at java.base/java.io.ObjectInputStream.readObject0(ObjectInputStream.java:1687)
	at java.base/java.io.ObjectInputStream.defaultReadFields(ObjectInputStream.java:2496)
	at java.base/java.io.ObjectInputStream.readSerialData(ObjectInputStream.java:2390)
	at java.base/java.io.ObjectInputStream.readOrdinaryObject(ObjectInputStream.java:2228)
	at java.base/java.io.ObjectInputStream.readObject0(ObjectInputStream.java:1687)
	at java.base/java.io.ObjectInputStream.readObject(ObjectInputStream.java:489)
	at java.base/java.io.ObjectInputStream.readObject(ObjectInputStream.java:447)
	at java.base/java.util.ArrayList.readObject(ArrayList.java:929)
	at java.base/jdk.internal.reflect.GeneratedMethodAccessor7.invoke(Unknown Source)
	at java.base/jdk.internal.reflect.DelegatingMethodAccessorImpl.invoke(DelegatingMethodAccessorImpl.java:43)
	at java.base/java.lang.reflect.Method.invoke(Method.java:566)
	at java.base/java.io.ObjectStreamClass.invokeReadObject(ObjectStreamClass.java:1046)
	at java.base/java.io.ObjectInputStream.readSerialData(ObjectInputStream.java:2357)
	at java.base/java.io.ObjectInputStream.readOrdinaryObject(ObjectInputStream.java:2228)
	at java.base/java.io.ObjectInputStream.readObject0(ObjectInputStream.java:1687)
	at java.base/java.io.ObjectInputStream.defaultReadFields(ObjectInputStream.java:2496)
	at java.base/java.io.ObjectInputStream.readSerialData(ObjectInputStream.java:2390)
	at java.base/java.io.ObjectInputStream.readOrdinaryObject(ObjectInputStream.java:2228)
	at java.base/java.io.ObjectInputStream.readObject0(ObjectInputStream.java:1687)
	at java.base/java.io.ObjectInputStream.defaultReadFields(ObjectInputStream.java:2496)
	at java.base/java.io.ObjectInputStream.defaultReadObject(ObjectInputStream.java:625)
	at org.evosuite.testcase.DefaultTestCase.readObject(DefaultTestCase.java:1217)
	at jdk.internal.reflect.GeneratedMethodAccessor14.invoke(Unknown Source)
	at java.base/jdk.internal.reflect.DelegatingMethodAccessorImpl.invoke(DelegatingMethodAccessorImpl.java:43)
	at java.base/java.lang.reflect.Method.invoke(Method.java:566)
	at java.base/java.io.ObjectStreamClass.invokeReadObject(ObjectStreamClass.java:1046)
	at java.base/java.io.ObjectInputStream.readSerialData(ObjectInputStream.java:2357)
	at java.base/java.io.ObjectInputStream.readOrdinaryObject(ObjectInputStream.java:2228)
	at java.base/java.io.ObjectInputStream.readObject0(ObjectInputStream.java:1687)
	at java.base/java.io.ObjectInputStream.defaultReadFields(ObjectInputStream.java:2496)
	at java.base/java.io.ObjectInputStream.readSerialData(ObjectInputStream.java:2390)
	at java.base/java.io.ObjectInputStream.readOrdinaryObject(ObjectInputStream.java:2228)
	at java.base/java.io.ObjectInputStream.readObject0(ObjectInputStream.java:1687)
	at java.base/java.io.ObjectInputStream.readObject(ObjectInputStream.java:489)
	at java.base/java.io.ObjectInputStream.readObject(ObjectInputStream.java:447)
	at java.base/java.util.ArrayList.readObject(ArrayList.java:929)
	at java.base/jdk.internal.reflect.GeneratedMethodAccessor7.invoke(Unknown Source)
	at java.base/jdk.internal.reflect.DelegatingMethodAccessorImpl.invoke(DelegatingMethodAccessorImpl.java:43)
	at java.base/java.lang.reflect.Method.invoke(Method.java:566)
	at java.base/java.io.ObjectStreamClass.invokeReadObject(ObjectStreamClass.java:1046)
	at java.base/java.io.ObjectInputStream.readSerialData(ObjectInputStream.java:2357)
	at java.base/java.io.ObjectInputStream.readOrdinaryObject(ObjectInputStream.java:2228)
	at java.base/java.io.ObjectInputStream.readObject0(ObjectInputStream.java:1687)
	at java.base/java.io.ObjectInputStream.defaultReadFields(ObjectInputStream.java:2496)
	at java.base/java.io.ObjectInputStream.readSerialData(ObjectInputStream.java:2390)
	at java.base/java.io.ObjectInputStream.readOrdinaryObject(ObjectInputStream.java:2228)
	at java.base/java.io.ObjectInputStream.readObject0(ObjectInputStream.java:1687)
	at java.base/java.io.ObjectInputStream.readObject(ObjectInputStream.java:489)
	at java.base/java.io.ObjectInputStream.readObject(ObjectInputStream.java:447)
	at java.rmi/sun.rmi.server.UnicastRef.unmarshalValue(UnicastRef.java:327)
	at java.rmi/sun.rmi.server.UnicastServerRef.dispatch(UnicastServerRef.java:339)
	... 12 common frames omitted
Caused by: java.lang.IllegalArgumentException: expect to get instruction without BasicBlock already set
	at org.evosuite.graphs.cfg.BasicBlock.appendInstruction(BasicBlock.java:225)
	at org.evosuite.graphs.cfg.BasicBlock.setInstructions(BasicBlock.java:206)
	at org.evosuite.graphs.cfg.BasicBlock.<init>(BasicBlock.java:106)
	at org.evosuite.graphs.cfg.RawControlFlowGraph.determineBasicBlockFor(RawControlFlowGraph.java:314)
	at org.evosuite.graphs.cfg.ActualControlFlowGraph.computeNodes(ActualControlFlowGraph.java:295)
	at org.evosuite.graphs.cfg.ActualControlFlowGraph.computeGraph(ActualControlFlowGraph.java:262)
	at org.evosuite.graphs.cfg.ActualControlFlowGraph.<init>(ActualControlFlowGraph.java:97)
	at org.evosuite.graphs.cfg.CFGGenerator.computeActualCFG(CFGGenerator.java:218)
	at org.evosuite.graphs.cfg.CFGGenerator.registerCFGs(CFGGenerator.java:102)
	at org.evosuite.graphs.cfg.CFGMethodAdapter.visitEnd(CFGMethodAdapter.java:219)
	at org.evosuite.shaded.org.objectweb.asm.MethodVisitor.visitEnd(MethodVisitor.java:783)
	at org.evosuite.shaded.org.objectweb.asm.MethodVisitor.visitEnd(MethodVisitor.java:783)
	at org.evosuite.shaded.org.objectweb.asm.MethodVisitor.visitEnd(MethodVisitor.java:783)
	at org.evosuite.shaded.org.objectweb.asm.tree.MethodNode.accept(MethodNode.java:772)
	at org.evosuite.shaded.org.objectweb.asm.tree.MethodNode.accept(MethodNode.java:649)
	at org.evosuite.shaded.org.objectweb.asm.tree.ClassNode.accept(ClassNode.java:452)
	at org.evosuite.instrumentation.BytecodeInstrumentation.transformBytes(BytecodeInstrumentation.java:282)
	at org.evosuite.instrumentation.InstrumentingClassLoader.getTransformedBytes(InstrumentingClassLoader.java:135)
	at org.evosuite.instrumentation.InstrumentingClassLoader.instrumentClass(InstrumentingClassLoader.java:149)
	... 77 common frames omitted
[Progress:==============>               48%] [Cov:==========================>        76%][Progress:==============>               49%] [Cov:==========================>        76%][Progress:==============>               49%] [Cov:==========================>        76%][Progress:==============>               49%] [Cov:==========================>        76%][Progress:===============>              50%] [Cov:==========================>        76%][Progress:===============>              50%] [Cov:==========================>        76%][Progress:===============>              50%] [Cov:==========================>        76%][Progress:===============>              50%] [Cov:==========================>        76%][Progress:===============>              50%] [Cov:==========================>        76%]GWO iteration=120 bestFitness=180.9677418184742 population=50 a=0.0
========== GWO EVOLVE iteration=120 population=50 ==========
[Progress:===============>              51%] [Cov:==========================>        76%][Progress:===============>              51%] [Cov:==========================>        76%][Progress:===============>              51%] [Cov:==========================>        76%][MASTER] 07:42:09.341 [logback-1] WARN  ClientNodeImpl - Cannot send statistics to master; continuing without statistics
java.rmi.ServerException: RemoteException occurred in server thread; nested exception is: 
	java.rmi.UnmarshalException: error unmarshalling arguments; nested exception is: 
	java.lang.ClassNotFoundException: expect to get instruction without BasicBlock already set
	at java.rmi/sun.rmi.server.UnicastServerRef.dispatch(UnicastServerRef.java:391)
	at java.rmi/sun.rmi.transport.Transport$1.run(Transport.java:200)
	at java.rmi/sun.rmi.transport.Transport$1.run(Transport.java:197)
	at java.base/java.security.AccessController.doPrivileged(Native Method)
	at java.rmi/sun.rmi.transport.Transport.serviceCall(Transport.java:196)
	at java.rmi/sun.rmi.transport.tcp.TCPTransport.handleMessages(TCPTransport.java:562)
	at java.rmi/sun.rmi.transport.tcp.TCPTransport$ConnectionHandler.run0(TCPTransport.java:796)
	at java.rmi/sun.rmi.transport.tcp.TCPTransport$ConnectionHandler.lambda$run$0(TCPTransport.java:677)
	at java.base/java.security.AccessController.doPrivileged(Native Method)
	at java.rmi/sun.rmi.transport.tcp.TCPTransport$ConnectionHandler.run(TCPTransport.java:676)
	at java.base/java.util.concurrent.ThreadPoolExecutor.runWorker(ThreadPoolExecutor.java:1128)
	at java.base/java.util.concurrent.ThreadPoolExecutor$Worker.run(ThreadPoolExecutor.java:628)
	at java.base/java.lang.Thread.run(Thread.java:829)
	at java.rmi/sun.rmi.transport.StreamRemoteCall.exceptionReceivedFromServer(StreamRemoteCall.java:303)
	at java.rmi/sun.rmi.transport.StreamRemoteCall.executeCall(StreamRemoteCall.java:279)
	at java.rmi/sun.rmi.server.UnicastRef.invoke(UnicastRef.java:164)
	at java.rmi/java.rmi.server.RemoteObjectInvocationHandler.invokeRemoteMethod(RemoteObjectInvocationHandler.java:217)
	at java.rmi/java.rmi.server.RemoteObjectInvocationHandler.invoke(RemoteObjectInvocationHandler.java:162)
	at com.sun.proxy.$Proxy7.evosuite_collectStatistics(Unknown Source)
	at org.evosuite.rmi.service.ClientNodeImpl.updateStatistics(ClientNodeImpl.java:251)
	at org.evosuite.statistics.StatisticsSender.sendIndividualToMaster(StatisticsSender.java:62)
	at org.evosuite.statistics.StatisticsListener.lambda$new$0(StatisticsListener.java:76)
	at java.base/java.lang.Thread.run(Thread.java:829)
Caused by: java.rmi.UnmarshalException: error unmarshalling arguments; nested exception is: 
	java.lang.ClassNotFoundException: expect to get instruction without BasicBlock already set
	at java.rmi/sun.rmi.server.UnicastServerRef.dispatch(UnicastServerRef.java:350)
	at java.rmi/sun.rmi.transport.Transport$1.run(Transport.java:200)
	at java.rmi/sun.rmi.transport.Transport$1.run(Transport.java:197)
	at java.base/java.security.AccessController.doPrivileged(Native Method)
	at java.rmi/sun.rmi.transport.Transport.serviceCall(Transport.java:196)
	at java.rmi/sun.rmi.transport.tcp.TCPTransport.handleMessages(TCPTransport.java:562)
	at java.rmi/sun.rmi.transport.tcp.TCPTransport$ConnectionHandler.run0(TCPTransport.java:796)
	at java.rmi/sun.rmi.transport.tcp.TCPTransport$ConnectionHandler.lambda$run$0(TCPTransport.java:677)
	at java.base/java.security.AccessController.doPrivileged(Native Method)
	at java.rmi/sun.rmi.transport.tcp.TCPTransport$ConnectionHandler.run(TCPTransport.java:676)
	at java.base/java.util.concurrent.ThreadPoolExecutor.runWorker(ThreadPoolExecutor.java:1128)
	at java.base/java.util.concurrent.ThreadPoolExecutor$Worker.run(ThreadPoolExecutor.java:628)
	... 1 common frames omitted
Caused by: java.lang.ClassNotFoundException: expect to get instruction without BasicBlock already set
	at org.evosuite.instrumentation.InstrumentingClassLoader.instrumentClass(InstrumentingClassLoader.java:158)
	at org.evosuite.instrumentation.InstrumentingClassLoader.loadClass(InstrumentingClassLoader.java:126)
	at org.evosuite.utils.generic.GenericClassImpl.getClass(GenericClassImpl.java:139)
	at org.evosuite.utils.generic.GenericClassImpl.getClass(GenericClassImpl.java:105)
	at org.evosuite.utils.generic.GenericClassImpl.readObject(GenericClassImpl.java:1671)
	at jdk.internal.reflect.GeneratedMethodAccessor9.invoke(Unknown Source)
	at java.base/jdk.internal.reflect.DelegatingMethodAccessorImpl.invoke(DelegatingMethodAccessorImpl.java:43)
	at java.base/java.lang.reflect.Method.invoke(Method.java:566)
	at java.base/java.io.ObjectStreamClass.invokeReadObject(ObjectStreamClass.java:1046)
	at java.base/java.io.ObjectInputStream.readSerialData(ObjectInputStream.java:2357)
	at java.base/java.io.ObjectInputStream.readOrdinaryObject(ObjectInputStream.java:2228)
	at java.base/java.io.ObjectInputStream.readObject0(ObjectInputStream.java:1687)
	at java.base/java.io.ObjectInputStream.defaultReadFields(ObjectInputStream.java:2496)
	at java.base/java.io.ObjectInputStream.readSerialData(ObjectInputStream.java:2390)
	at java.base/java.io.ObjectInputStream.readOrdinaryObject(ObjectInputStream.java:2228)
	at java.base/java.io.ObjectInputStream.readObject0(ObjectInputStream.java:1687)
	at java.base/java.io.ObjectInputStream.defaultReadFields(ObjectInputStream.java:2496)
	at java.base/java.io.ObjectInputStream.readSerialData(ObjectInputStream.java:2390)
	at java.base/java.io.ObjectInputStream.readOrdinaryObject(ObjectInputStream.java:2228)
	at java.base/java.io.ObjectInputStream.readObject0(ObjectInputStream.java:1687)
	at java.base/java.io.ObjectInputStream.readObject(ObjectInputStream.java:489)
	at java.base/java.io.ObjectInputStream.readObject(ObjectInputStream.java:447)
	at java.base/java.util.ArrayList.readObject(ArrayList.java:929)
	at java.base/jdk.internal.reflect.GeneratedMethodAccessor7.invoke(Unknown Source)
	at java.base/jdk.internal.reflect.DelegatingMethodAccessorImpl.invoke(DelegatingMethodAccessorImpl.java:43)
	at java.base/java.lang.reflect.Method.invoke(Method.java:566)
	at java.base/java.io.ObjectStreamClass.invokeReadObject(ObjectStreamClass.java:1046)
	at java.base/java.io.ObjectInputStream.readSerialData(ObjectInputStream.java:2357)
	at java.base/java.io.ObjectInputStream.readOrdinaryObject(ObjectInputStream.java:2228)
	at java.base/java.io.ObjectInputStream.readObject0(ObjectInputStream.java:1687)
	at java.base/java.io.ObjectInputStream.defaultReadFields(ObjectInputStream.java:2496)
	at java.base/java.io.ObjectInputStream.readSerialData(ObjectInputStream.java:2390)
	at java.base/java.io.ObjectInputStream.readOrdinaryObject(ObjectInputStream.java:2228)
	at java.base/java.io.ObjectInputStream.readObject0(ObjectInputStream.java:1687)
	at java.base/java.io.ObjectInputStream.defaultReadFields(ObjectInputStream.java:2496)
	at java.base/java.io.ObjectInputStream.defaultReadObject(ObjectInputStream.java:625)
	at org.evosuite.testcase.DefaultTestCase.readObject(DefaultTestCase.java:1217)
	at jdk.internal.reflect.GeneratedMethodAccessor14.invoke(Unknown Source)
	at java.base/jdk.internal.reflect.DelegatingMethodAccessorImpl.invoke(DelegatingMethodAccessorImpl.java:43)
	at java.base/java.lang.reflect.Method.invoke(Method.java:566)
	at java.base/java.io.ObjectStreamClass.invokeReadObject(ObjectStreamClass.java:1046)
	at java.base/java.io.ObjectInputStream.readSerialData(ObjectInputStream.java:2357)
	at java.base/java.io.ObjectInputStream.readOrdinaryObject(ObjectInputStream.java:2228)
	at java.base/java.io.ObjectInputStream.readObject0(ObjectInputStream.java:1687)
	at java.base/java.io.ObjectInputStream.defaultReadFields(ObjectInputStream.java:2496)
	at java.base/java.io.ObjectInputStream.readSerialData(ObjectInputStream.java:2390)
	at java.base/java.io.ObjectInputStream.readOrdinaryObject(ObjectInputStream.java:2228)
	at java.base/java.io.ObjectInputStream.readObject0(ObjectInputStream.java:1687)
	at java.base/java.io.ObjectInputStream.readObject(ObjectInputStream.java:489)
	at java.base/java.io.ObjectInputStream.readObject(ObjectInputStream.java:447)
	at java.base/java.util.ArrayList.readObject(ArrayList.java:929)
	at java.base/jdk.internal.reflect.GeneratedMethodAccessor7.invoke(Unknown Source)
	at java.base/jdk.internal.reflect.DelegatingMethodAccessorImpl.invoke(DelegatingMethodAccessorImpl.java:43)
	at java.base/java.lang.reflect.Method.invoke(Method.java:566)
	at java.base/java.io.ObjectStreamClass.invokeReadObject(ObjectStreamClass.java:1046)
	at java.base/java.io.ObjectInputStream.readSerialData(ObjectInputStream.java:2357)
	at java.base/java.io.ObjectInputStream.readOrdinaryObject(ObjectInputStream.java:2228)
	at java.base/java.io.ObjectInputStream.readObject0(ObjectInputStream.java:1687)
	at java.base/java.io.ObjectInputStream.defaultReadFields(ObjectInputStream.java:2496)
	at java.base/java.io.ObjectInputStream.readSerialData(ObjectInputStream.java:2390)
	at java.base/java.io.ObjectInputStream.readOrdinaryObject(ObjectInputStream.java:2228)
	at java.base/java.io.ObjectInputStream.readObject0(ObjectInputStream.java:1687)
	at java.base/java.io.ObjectInputStream.readObject(ObjectInputStream.java:489)
	at java.base/java.io.ObjectInputStream.readObject(ObjectInputStream.java:447)
	at java.rmi/sun.rmi.server.UnicastRef.unmarshalValue(UnicastRef.java:327)
	at java.rmi/sun.rmi.server.UnicastServerRef.dispatch(UnicastServerRef.java:339)
	... 12 common frames omitted
Caused by: java.lang.IllegalArgumentException: expect to get instruction without BasicBlock already set
	at org.evosuite.graphs.cfg.BasicBlock.appendInstruction(BasicBlock.java:225)
	at org.evosuite.graphs.cfg.BasicBlock.setInstructions(BasicBlock.java:206)
	at org.evosuite.graphs.cfg.BasicBlock.<init>(BasicBlock.java:106)
	at org.evosuite.graphs.cfg.RawControlFlowGraph.determineBasicBlockFor(RawControlFlowGraph.java:314)
	at org.evosuite.graphs.cfg.ActualControlFlowGraph.computeNodes(ActualControlFlowGraph.java:295)
	at org.evosuite.graphs.cfg.ActualControlFlowGraph.computeGraph(ActualControlFlowGraph.java:262)
	at org.evosuite.graphs.cfg.ActualControlFlowGraph.<init>(ActualControlFlowGraph.java:97)
	at org.evosuite.graphs.cfg.CFGGenerator.computeActualCFG(CFGGenerator.java:218)
	at org.evosuite.graphs.cfg.CFGGenerator.registerCFGs(CFGGenerator.java:102)
	at org.evosuite.graphs.cfg.CFGMethodAdapter.visitEnd(CFGMethodAdapter.java:219)
	at org.evosuite.shaded.org.objectweb.asm.MethodVisitor.visitEnd(MethodVisitor.java:783)
	at org.evosuite.shaded.org.objectweb.asm.MethodVisitor.visitEnd(MethodVisitor.java:783)
	at org.evosuite.shaded.org.objectweb.asm.MethodVisitor.visitEnd(MethodVisitor.java:783)
	at org.evosuite.shaded.org.objectweb.asm.tree.MethodNode.accept(MethodNode.java:772)
	at org.evosuite.shaded.org.objectweb.asm.tree.MethodNode.accept(MethodNode.java:649)
	at org.evosuite.shaded.org.objectweb.asm.tree.ClassNode.accept(ClassNode.java:452)
	at org.evosuite.instrumentation.BytecodeInstrumentation.transformBytes(BytecodeInstrumentation.java:282)
	at org.evosuite.instrumentation.InstrumentingClassLoader.getTransformedBytes(InstrumentingClassLoader.java:135)
	at org.evosuite.instrumentation.InstrumentingClassLoader.instrumentClass(InstrumentingClassLoader.java:149)
	... 77 common frames omitted
[Progress:===============>              52%] [Cov:==========================>        76%][Progress:===============>              52%] [Cov:==========================>        76%][Progress:===============>              52%] [Cov:==========================>        76%][Progress:===============>              52%] [Cov:==========================>        76%][Progress:===============>              53%] [Cov:==========================>        76%][Progress:===============>              53%] [Cov:==========================>        76%][Progress:===============>              53%] [Cov:==========================>        76%][Progress:================>             54%] [Cov:==========================>        76%][Progress:================>             54%] [Cov:==========================>        76%][Progress:================>             54%] [Cov:==========================>        76%][Progress:================>             55%] [Cov:==========================>        76%][Progress:================>             55%] [Cov:==========================>        76%][Progress:================>             55%] [Cov:==========================>        76%][Progress:================>             55%] [Cov:==========================>        76%][MASTER] 07:42:13.883 [logback-1] WARN  ClientNodeImpl - Cannot send statistics to master; continuing without statistics
java.rmi.ServerException: RemoteException occurred in server thread; nested exception is: 
	java.rmi.UnmarshalException: error unmarshalling arguments; nested exception is: 
	java.lang.ClassNotFoundException: expect to get instruction without BasicBlock already set
	at java.rmi/sun.rmi.server.UnicastServerRef.dispatch(UnicastServerRef.java:391)
	at java.rmi/sun.rmi.transport.Transport$1.run(Transport.java:200)
	at java.rmi/sun.rmi.transport.Transport$1.run(Transport.java:197)
	at java.base/java.security.AccessController.doPrivileged(Native Method)
	at java.rmi/sun.rmi.transport.Transport.serviceCall(Transport.java:196)
	at java.rmi/sun.rmi.transport.tcp.TCPTransport.handleMessages(TCPTransport.java:562)
	at java.rmi/sun.rmi.transport.tcp.TCPTransport$ConnectionHandler.run0(TCPTransport.java:796)
	at java.rmi/sun.rmi.transport.tcp.TCPTransport$ConnectionHandler.lambda$run$0(TCPTransport.java:677)
	at java.base/java.security.AccessController.doPrivileged(Native Method)
	at java.rmi/sun.rmi.transport.tcp.TCPTransport$ConnectionHandler.run(TCPTransport.java:676)
	at java.base/java.util.concurrent.ThreadPoolExecutor.runWorker(ThreadPoolExecutor.java:1128)
	at java.base/java.util.concurrent.ThreadPoolExecutor$Worker.run(ThreadPoolExecutor.java:628)
	at java.base/java.lang.Thread.run(Thread.java:829)
	at java.rmi/sun.rmi.transport.StreamRemoteCall.exceptionReceivedFromServer(StreamRemoteCall.java:303)
	at java.rmi/sun.rmi.transport.StreamRemoteCall.executeCall(StreamRemoteCall.java:279)
	at java.rmi/sun.rmi.server.UnicastRef.invoke(UnicastRef.java:164)
	at java.rmi/java.rmi.server.RemoteObjectInvocationHandler.invokeRemoteMethod(RemoteObjectInvocationHandler.java:217)
	at java.rmi/java.rmi.server.RemoteObjectInvocationHandler.invoke(RemoteObjectInvocationHandler.java:162)
	at com.sun.proxy.$Proxy7.evosuite_collectStatistics(Unknown Source)
	at org.evosuite.rmi.service.ClientNodeImpl.updateStatistics(ClientNodeImpl.java:251)
	at org.evosuite.statistics.StatisticsSender.sendIndividualToMaster(StatisticsSender.java:62)
	at org.evosuite.statistics.StatisticsListener.lambda$new$0(StatisticsListener.java:76)
	at java.base/java.lang.Thread.run(Thread.java:829)
Caused by: java.rmi.UnmarshalException: error unmarshalling arguments; nested exception is: 
	java.lang.ClassNotFoundException: expect to get instruction without BasicBlock already set
	at java.rmi/sun.rmi.server.UnicastServerRef.dispatch(UnicastServerRef.java:350)
	at java.rmi/sun.rmi.transport.Transport$1.run(Transport.java:200)
	at java.rmi/sun.rmi.transport.Transport$1.run(Transport.java:197)
	at java.base/java.security.AccessController.doPrivileged(Native Method)
	at java.rmi/sun.rmi.transport.Transport.serviceCall(Transport.java:196)
	at java.rmi/sun.rmi.transport.tcp.TCPTransport.handleMessages(TCPTransport.java:562)
	at java.rmi/sun.rmi.transport.tcp.TCPTransport$ConnectionHandler.run0(TCPTransport.java:796)
	at java.rmi/sun.rmi.transport.tcp.TCPTransport$ConnectionHandler.lambda$run$0(TCPTransport.java:677)
	at java.base/java.security.AccessController.doPrivileged(Native Method)
	at java.rmi/sun.rmi.transport.tcp.TCPTransport$ConnectionHandler.run(TCPTransport.java:676)
	at java.base/java.util.concurrent.ThreadPoolExecutor.runWorker(ThreadPoolExecutor.java:1128)
	at java.base/java.util.concurrent.ThreadPoolExecutor$Worker.run(ThreadPoolExecutor.java:628)
	... 1 common frames omitted
Caused by: java.lang.ClassNotFoundException: expect to get instruction without BasicBlock already set
	at org.evosuite.instrumentation.InstrumentingClassLoader.instrumentClass(InstrumentingClassLoader.java:158)
	at org.evosuite.instrumentation.InstrumentingClassLoader.loadClass(InstrumentingClassLoader.java:126)
	at org.evosuite.utils.generic.GenericClassImpl.getClass(GenericClassImpl.java:139)
	at org.evosuite.utils.generic.GenericClassImpl.getClass(GenericClassImpl.java:105)
	at org.evosuite.utils.generic.GenericClassImpl.readObject(GenericClassImpl.java:1671)
	at jdk.internal.reflect.GeneratedMethodAccessor9.invoke(Unknown Source)
	at java.base/jdk.internal.reflect.DelegatingMethodAccessorImpl.invoke(DelegatingMethodAccessorImpl.java:43)
	at java.base/java.lang.reflect.Method.invoke(Method.java:566)
	at java.base/java.io.ObjectStreamClass.invokeReadObject(ObjectStreamClass.java:1046)
	at java.base/java.io.ObjectInputStream.readSerialData(ObjectInputStream.java:2357)
	at java.base/java.io.ObjectInputStream.readOrdinaryObject(ObjectInputStream.java:2228)
	at java.base/java.io.ObjectInputStream.readObject0(ObjectInputStream.java:1687)
	at java.base/java.io.ObjectInputStream.defaultReadFields(ObjectInputStream.java:2496)
	at java.base/java.io.ObjectInputStream.readSerialData(ObjectInputStream.java:2390)
	at java.base/java.io.ObjectInputStream.readOrdinaryObject(ObjectInputStream.java:2228)
	at java.base/java.io.ObjectInputStream.readObject0(ObjectInputStream.java:1687)
	at java.base/java.io.ObjectInputStream.defaultReadFields(ObjectInputStream.java:2496)
	at java.base/java.io.ObjectInputStream.readSerialData(ObjectInputStream.java:2390)
	at java.base/java.io.ObjectInputStream.readOrdinaryObject(ObjectInputStream.java:2228)
	at java.base/java.io.ObjectInputStream.readObject0(ObjectInputStream.java:1687)
	at java.base/java.io.ObjectInputStream.readObject(ObjectInputStream.java:489)
	at java.base/java.io.ObjectInputStream.readObject(ObjectInputStream.java:447)
	at java.base/java.util.ArrayList.readObject(ArrayList.java:929)
	at java.base/jdk.internal.reflect.GeneratedMethodAccessor7.invoke(Unknown Source)
	at java.base/jdk.internal.reflect.DelegatingMethodAccessorImpl.invoke(DelegatingMethodAccessorImpl.java:43)
	at java.base/java.lang.reflect.Method.invoke(Method.java:566)
	at java.base/java.io.ObjectStreamClass.invokeReadObject(ObjectStreamClass.java:1046)
	at java.base/java.io.ObjectInputStream.readSerialData(ObjectInputStream.java:2357)
	at java.base/java.io.ObjectInputStream.readOrdinaryObject(ObjectInputStream.java:2228)
	at java.base/java.io.ObjectInputStream.readObject0(ObjectInputStream.java:1687)
	at java.base/java.io.ObjectInputStream.defaultReadFields(ObjectInputStream.java:2496)
	at java.base/java.io.ObjectInputStream.readSerialData(ObjectInputStream.java:2390)
	at java.base/java.io.ObjectInputStream.readOrdinaryObject(ObjectInputStream.java:2228)
	at java.base/java.io.ObjectInputStream.readObject0(ObjectInputStream.java:1687)
	at java.base/java.io.ObjectInputStream.defaultReadFields(ObjectInputStream.java:2496)
	at java.base/java.io.ObjectInputStream.defaultReadObject(ObjectInputStream.java:625)
	at org.evosuite.testcase.DefaultTestCase.readObject(DefaultTestCase.java:1217)
	at jdk.internal.reflect.GeneratedMethodAccessor14.invoke(Unknown Source)
	at java.base/jdk.internal.reflect.DelegatingMethodAccessorImpl.invoke(DelegatingMethodAccessorImpl.java:43)
	at java.base/java.lang.reflect.Method.invoke(Method.java:566)
	at java.base/java.io.ObjectStreamClass.invokeReadObject(ObjectStreamClass.java:1046)
	at java.base/java.io.ObjectInputStream.readSerialData(ObjectInputStream.java:2357)
	at java.base/java.io.ObjectInputStream.readOrdinaryObject(ObjectInputStream.java:2228)
	at java.base/java.io.ObjectInputStream.readObject0(ObjectInputStream.java:1687)
	at java.base/java.io.ObjectInputStream.defaultReadFields(ObjectInputStream.java:2496)
	at java.base/java.io.ObjectInputStream.readSerialData(ObjectInputStream.java:2390)
	at java.base/java.io.ObjectInputStream.readOrdinaryObject(ObjectInputStream.java:2228)
	at java.base/java.io.ObjectInputStream.readObject0(ObjectInputStream.java:1687)
	at java.base/java.io.ObjectInputStream.readObject(ObjectInputStream.java:489)
	at java.base/java.io.ObjectInputStream.readObject(ObjectInputStream.java:447)
	at java.base/java.util.ArrayList.readObject(ArrayList.java:929)
	at java.base/jdk.internal.reflect.GeneratedMethodAccessor7.invoke(Unknown Source)
	at java.base/jdk.internal.reflect.DelegatingMethodAccessorImpl.invoke(DelegatingMethodAccessorImpl.java:43)
	at java.base/java.lang.reflect.Method.invoke(Method.java:566)
	at java.base/java.io.ObjectStreamClass.invokeReadObject(ObjectStreamClass.java:1046)
	at java.base/java.io.ObjectInputStream.readSerialData(ObjectInputStream.java:2357)
	at java.base/java.io.ObjectInputStream.readOrdinaryObject(ObjectInputStream.java:2228)
	at java.base/java.io.ObjectInputStream.readObject0(ObjectInputStream.java:1687)
	at java.base/java.io.ObjectInputStream.defaultReadFields(ObjectInputStream.java:2496)
	at java.base/java.io.ObjectInputStream.readSerialData(ObjectInputStream.java:2390)
	at java.base/java.io.ObjectInputStream.readOrdinaryObject(ObjectInputStream.java:2228)
	at java.base/java.io.ObjectInputStream.readObject0(ObjectInputStream.java:1687)
	at java.base/java.io.ObjectInputStream.readObject(ObjectInputStream.java:489)
	at java.base/java.io.ObjectInputStream.readObject(ObjectInputStream.java:447)
	at java.rmi/sun.rmi.server.UnicastRef.unmarshalValue(UnicastRef.java:327)
	at java.rmi/sun.rmi.server.UnicastServerRef.dispatch(UnicastServerRef.java:339)
	... 12 common frames omitted
Caused by: java.lang.IllegalArgumentException: expect to get instruction without BasicBlock already set
	at org.evosuite.graphs.cfg.BasicBlock.appendInstruction(BasicBlock.java:225)
	at org.evosuite.graphs.cfg.BasicBlock.setInstructions(BasicBlock.java:206)
	at org.evosuite.graphs.cfg.BasicBlock.<init>(BasicBlock.java:106)
	at org.evosuite.graphs.cfg.RawControlFlowGraph.determineBasicBlockFor(RawControlFlowGraph.java:314)
	at org.evosuite.graphs.cfg.ActualControlFlowGraph.computeNodes(ActualControlFlowGraph.java:295)
	at org.evosuite.graphs.cfg.ActualControlFlowGraph.computeGraph(ActualControlFlowGraph.java:262)
	at org.evosuite.graphs.cfg.ActualControlFlowGraph.<init>(ActualControlFlowGraph.java:97)
	at org.evosuite.graphs.cfg.CFGGenerator.computeActualCFG(CFGGenerator.java:218)
	at org.evosuite.graphs.cfg.CFGGenerator.registerCFGs(CFGGenerator.java:102)
	at org.evosuite.graphs.cfg.CFGMethodAdapter.visitEnd(CFGMethodAdapter.java:219)
	at org.evosuite.shaded.org.objectweb.asm.MethodVisitor.visitEnd(MethodVisitor.java:783)
	at org.evosuite.shaded.org.objectweb.asm.MethodVisitor.visitEnd(MethodVisitor.java:783)
	at org.evosuite.shaded.org.objectweb.asm.MethodVisitor.visitEnd(MethodVisitor.java:783)
	at org.evosuite.shaded.org.objectweb.asm.tree.MethodNode.accept(MethodNode.java:772)
	at org.evosuite.shaded.org.objectweb.asm.tree.MethodNode.accept(MethodNode.java:649)
	at org.evosuite.shaded.org.objectweb.asm.tree.ClassNode.accept(ClassNode.java:452)
	at org.evosuite.instrumentation.BytecodeInstrumentation.transformBytes(BytecodeInstrumentation.java:282)
	at org.evosuite.instrumentation.InstrumentingClassLoader.getTransformedBytes(InstrumentingClassLoader.java:135)
	at org.evosuite.instrumentation.InstrumentingClassLoader.instrumentClass(InstrumentingClassLoader.java:149)
	... 77 common frames omitted
[Progress:================>             55%] [Cov:==========================>        76%][Progress:================>             55%] [Cov:==========================>        76%][Progress:================>             56%] [Cov:==========================>        76%][Progress:================>             56%] [Cov:==========================>        76%][Progress:================>             56%] [Cov:==========================>        76%][Progress:=================>            57%] [Cov:==========================>        76%][Progress:=================>            57%] [Cov:==========================>        76%][Progress:=================>            57%] [Cov:==========================>        76%][Progress:=================>            58%] [Cov:==========================>        76%][Progress:=================>            58%] [Cov:==========================>        76%][Progress:=================>            58%] [Cov:==========================>        76%]GWO iteration=140 bestFitness=180.9677418184742 population=50 a=0.0
========== GWO EVOLVE iteration=140 population=50 ==========
[Progress:=================>            58%] [Cov:==========================>        76%][Progress:=================>            59%] [Cov:==========================>        76%][Progress:=================>            59%] [Cov:==========================>        76%][Progress:=================>            59%] [Cov:==========================>        76%][Progress:==================>           60%] [Cov:==========================>        76%][MASTER] 07:42:18.618 [logback-1] WARN  ClientNodeImpl - Cannot send statistics to master; continuing without statistics
java.rmi.ServerException: RemoteException occurred in server thread; nested exception is: 
	java.rmi.UnmarshalException: error unmarshalling arguments; nested exception is: 
	java.lang.ClassNotFoundException: expect to get instruction without BasicBlock already set
	at java.rmi/sun.rmi.server.UnicastServerRef.dispatch(UnicastServerRef.java:391)
	at java.rmi/sun.rmi.transport.Transport$1.run(Transport.java:200)
	at java.rmi/sun.rmi.transport.Transport$1.run(Transport.java:197)
	at java.base/java.security.AccessController.doPrivileged(Native Method)
	at java.rmi/sun.rmi.transport.Transport.serviceCall(Transport.java:196)
	at java.rmi/sun.rmi.transport.tcp.TCPTransport.handleMessages(TCPTransport.java:562)
	at java.rmi/sun.rmi.transport.tcp.TCPTransport$ConnectionHandler.run0(TCPTransport.java:796)
	at java.rmi/sun.rmi.transport.tcp.TCPTransport$ConnectionHandler.lambda$run$0(TCPTransport.java:677)
	at java.base/java.security.AccessController.doPrivileged(Native Method)
	at java.rmi/sun.rmi.transport.tcp.TCPTransport$ConnectionHandler.run(TCPTransport.java:676)
	at java.base/java.util.concurrent.ThreadPoolExecutor.runWorker(ThreadPoolExecutor.java:1128)
	at java.base/java.util.concurrent.ThreadPoolExecutor$Worker.run(ThreadPoolExecutor.java:628)
	at java.base/java.lang.Thread.run(Thread.java:829)
	at java.rmi/sun.rmi.transport.StreamRemoteCall.exceptionReceivedFromServer(StreamRemoteCall.java:303)
	at java.rmi/sun.rmi.transport.StreamRemoteCall.executeCall(StreamRemoteCall.java:279)
	at java.rmi/sun.rmi.server.UnicastRef.invoke(UnicastRef.java:164)
	at java.rmi/java.rmi.server.RemoteObjectInvocationHandler.invokeRemoteMethod(RemoteObjectInvocationHandler.java:217)
	at java.rmi/java.rmi.server.RemoteObjectInvocationHandler.invoke(RemoteObjectInvocationHandler.java:162)
	at com.sun.proxy.$Proxy7.evosuite_collectStatistics(Unknown Source)
	at org.evosuite.rmi.service.ClientNodeImpl.updateStatistics(ClientNodeImpl.java:251)
	at org.evosuite.statistics.StatisticsSender.sendIndividualToMaster(StatisticsSender.java:62)
	at org.evosuite.statistics.StatisticsListener.lambda$new$0(StatisticsListener.java:76)
	at java.base/java.lang.Thread.run(Thread.java:829)
Caused by: java.rmi.UnmarshalException: error unmarshalling arguments; nested exception is: 
	java.lang.ClassNotFoundException: expect to get instruction without BasicBlock already set
	at java.rmi/sun.rmi.server.UnicastServerRef.dispatch(UnicastServerRef.java:350)
	at java.rmi/sun.rmi.transport.Transport$1.run(Transport.java:200)
	at java.rmi/sun.rmi.transport.Transport$1.run(Transport.java:197)
	at java.base/java.security.AccessController.doPrivileged(Native Method)
	at java.rmi/sun.rmi.transport.Transport.serviceCall(Transport.java:196)
	at java.rmi/sun.rmi.transport.tcp.TCPTransport.handleMessages(TCPTransport.java:562)
	at java.rmi/sun.rmi.transport.tcp.TCPTransport$ConnectionHandler.run0(TCPTransport.java:796)
	at java.rmi/sun.rmi.transport.tcp.TCPTransport$ConnectionHandler.lambda$run$0(TCPTransport.java:677)
	at java.base/java.security.AccessController.doPrivileged(Native Method)
	at java.rmi/sun.rmi.transport.tcp.TCPTransport$ConnectionHandler.run(TCPTransport.java:676)
	at java.base/java.util.concurrent.ThreadPoolExecutor.runWorker(ThreadPoolExecutor.java:1128)
	at java.base/java.util.concurrent.ThreadPoolExecutor$Worker.run(ThreadPoolExecutor.java:628)
	... 1 common frames omitted
Caused by: java.lang.ClassNotFoundException: expect to get instruction without BasicBlock already set
	at org.evosuite.instrumentation.InstrumentingClassLoader.instrumentClass(InstrumentingClassLoader.java:158)
	at org.evosuite.instrumentation.InstrumentingClassLoader.loadClass(InstrumentingClassLoader.java:126)
	at org.evosuite.utils.generic.GenericClassImpl.getClass(GenericClassImpl.java:139)
	at org.evosuite.utils.generic.GenericClassImpl.getClass(GenericClassImpl.java:105)
	at org.evosuite.utils.generic.GenericClassImpl.readObject(GenericClassImpl.java:1671)
	at jdk.internal.reflect.GeneratedMethodAccessor9.invoke(Unknown Source)
	at java.base/jdk.internal.reflect.DelegatingMethodAccessorImpl.invoke(DelegatingMethodAccessorImpl.java:43)
	at java.base/java.lang.reflect.Method.invoke(Method.java:566)
	at java.base/java.io.ObjectStreamClass.invokeReadObject(ObjectStreamClass.java:1046)
	at java.base/java.io.ObjectInputStream.readSerialData(ObjectInputStream.java:2357)
	at java.base/java.io.ObjectInputStream.readOrdinaryObject(ObjectInputStream.java:2228)
	at java.base/java.io.ObjectInputStream.readObject0(ObjectInputStream.java:1687)
	at java.base/java.io.ObjectInputStream.defaultReadFields(ObjectInputStream.java:2496)
	at java.base/java.io.ObjectInputStream.readSerialData(ObjectInputStream.java:2390)
	at java.base/java.io.ObjectInputStream.readOrdinaryObject(ObjectInputStream.java:2228)
	at java.base/java.io.ObjectInputStream.readObject0(ObjectInputStream.java:1687)
	at java.base/java.io.ObjectInputStream.defaultReadFields(ObjectInputStream.java:2496)
	at java.base/java.io.ObjectInputStream.readSerialData(ObjectInputStream.java:2390)
	at java.base/java.io.ObjectInputStream.readOrdinaryObject(ObjectInputStream.java:2228)
	at java.base/java.io.ObjectInputStream.readObject0(ObjectInputStream.java:1687)
	at java.base/java.io.ObjectInputStream.readObject(ObjectInputStream.java:489)
	at java.base/java.io.ObjectInputStream.readObject(ObjectInputStream.java:447)
	at java.base/java.util.ArrayList.readObject(ArrayList.java:929)
	at java.base/jdk.internal.reflect.GeneratedMethodAccessor7.invoke(Unknown Source)
	at java.base/jdk.internal.reflect.DelegatingMethodAccessorImpl.invoke(DelegatingMethodAccessorImpl.java:43)
	at java.base/java.lang.reflect.Method.invoke(Method.java:566)
	at java.base/java.io.ObjectStreamClass.invokeReadObject(ObjectStreamClass.java:1046)
	at java.base/java.io.ObjectInputStream.readSerialData(ObjectInputStream.java:2357)
	at java.base/java.io.ObjectInputStream.readOrdinaryObject(ObjectInputStream.java:2228)
	at java.base/java.io.ObjectInputStream.readObject0(ObjectInputStream.java:1687)
	at java.base/java.io.ObjectInputStream.defaultReadFields(ObjectInputStream.java:2496)
	at java.base/java.io.ObjectInputStream.readSerialData(ObjectInputStream.java:2390)
	at java.base/java.io.ObjectInputStream.readOrdinaryObject(ObjectInputStream.java:2228)
	at java.base/java.io.ObjectInputStream.readObject0(ObjectInputStream.java:1687)
	at java.base/java.io.ObjectInputStream.defaultReadFields(ObjectInputStream.java:2496)
	at java.base/java.io.ObjectInputStream.defaultReadObject(ObjectInputStream.java:625)
	at org.evosuite.testcase.DefaultTestCase.readObject(DefaultTestCase.java:1217)
	at jdk.internal.reflect.GeneratedMethodAccessor14.invoke(Unknown Source)
	at java.base/jdk.internal.reflect.DelegatingMethodAccessorImpl.invoke(DelegatingMethodAccessorImpl.java:43)
	at java.base/java.lang.reflect.Method.invoke(Method.java:566)
	at java.base/java.io.ObjectStreamClass.invokeReadObject(ObjectStreamClass.java:1046)
	at java.base/java.io.ObjectInputStream.readSerialData(ObjectInputStream.java:2357)
	at java.base/java.io.ObjectInputStream.readOrdinaryObject(ObjectInputStream.java:2228)
	at java.base/java.io.ObjectInputStream.readObject0(ObjectInputStream.java:1687)
	at java.base/java.io.ObjectInputStream.defaultReadFields(ObjectInputStream.java:2496)
	at java.base/java.io.ObjectInputStream.readSerialData(ObjectInputStream.java:2390)
	at java.base/java.io.ObjectInputStream.readOrdinaryObject(ObjectInputStream.java:2228)
	at java.base/java.io.ObjectInputStream.readObject0(ObjectInputStream.java:1687)
	at java.base/java.io.ObjectInputStream.readObject(ObjectInputStream.java:489)
	at java.base/java.io.ObjectInputStream.readObject(ObjectInputStream.java:447)
	at java.base/java.util.ArrayList.readObject(ArrayList.java:929)
	at java.base/jdk.internal.reflect.GeneratedMethodAccessor7.invoke(Unknown Source)
	at java.base/jdk.internal.reflect.DelegatingMethodAccessorImpl.invoke(DelegatingMethodAccessorImpl.java:43)
	at java.base/java.lang.reflect.Method.invoke(Method.java:566)
	at java.base/java.io.ObjectStreamClass.invokeReadObject(ObjectStreamClass.java:1046)
	at java.base/java.io.ObjectInputStream.readSerialData(ObjectInputStream.java:2357)
	at java.base/java.io.ObjectInputStream.readOrdinaryObject(ObjectInputStream.java:2228)
	at java.base/java.io.ObjectInputStream.readObject0(ObjectInputStream.java:1687)
	at java.base/java.io.ObjectInputStream.defaultReadFields(ObjectInputStream.java:2496)
	at java.base/java.io.ObjectInputStream.readSerialData(ObjectInputStream.java:2390)
	at java.base/java.io.ObjectInputStream.readOrdinaryObject(ObjectInputStream.java:2228)
	at java.base/java.io.ObjectInputStream.readObject0(ObjectInputStream.java:1687)
	at java.base/java.io.ObjectInputStream.readObject(ObjectInputStream.java:489)
	at java.base/java.io.ObjectInputStream.readObject(ObjectInputStream.java:447)
	at java.rmi/sun.rmi.server.UnicastRef.unmarshalValue(UnicastRef.java:327)
	at java.rmi/sun.rmi.server.UnicastServerRef.dispatch(UnicastServerRef.java:339)
	... 12 common frames omitted
Caused by: java.lang.IllegalArgumentException: expect to get instruction without BasicBlock already set
	at org.evosuite.graphs.cfg.BasicBlock.appendInstruction(BasicBlock.java:225)
	at org.evosuite.graphs.cfg.BasicBlock.setInstructions(BasicBlock.java:206)
	at org.evosuite.graphs.cfg.BasicBlock.<init>(BasicBlock.java:106)
	at org.evosuite.graphs.cfg.RawControlFlowGraph.determineBasicBlockFor(RawControlFlowGraph.java:314)
	at org.evosuite.graphs.cfg.ActualControlFlowGraph.computeNodes(ActualControlFlowGraph.java:295)
	at org.evosuite.graphs.cfg.ActualControlFlowGraph.computeGraph(ActualControlFlowGraph.java:262)
	at org.evosuite.graphs.cfg.ActualControlFlowGraph.<init>(ActualControlFlowGraph.java:97)
	at org.evosuite.graphs.cfg.CFGGenerator.computeActualCFG(CFGGenerator.java:218)
	at org.evosuite.graphs.cfg.CFGGenerator.registerCFGs(CFGGenerator.java:102)
	at org.evosuite.graphs.cfg.CFGMethodAdapter.visitEnd(CFGMethodAdapter.java:219)
	at org.evosuite.shaded.org.objectweb.asm.MethodVisitor.visitEnd(MethodVisitor.java:783)
	at org.evosuite.shaded.org.objectweb.asm.MethodVisitor.visitEnd(MethodVisitor.java:783)
	at org.evosuite.shaded.org.objectweb.asm.MethodVisitor.visitEnd(MethodVisitor.java:783)
	at org.evosuite.shaded.org.objectweb.asm.tree.MethodNode.accept(MethodNode.java:772)
	at org.evosuite.shaded.org.objectweb.asm.tree.MethodNode.accept(MethodNode.java:649)
	at org.evosuite.shaded.org.objectweb.asm.tree.ClassNode.accept(ClassNode.java:452)
	at org.evosuite.instrumentation.BytecodeInstrumentation.transformBytes(BytecodeInstrumentation.java:282)
	at org.evosuite.instrumentation.InstrumentingClassLoader.getTransformedBytes(InstrumentingClassLoader.java:135)
	at org.evosuite.instrumentation.InstrumentingClassLoader.instrumentClass(InstrumentingClassLoader.java:149)
	... 77 common frames omitted
[Progress:==================>           60%] [Cov:==========================>        76%][Progress:==================>           60%] [Cov:==========================>        76%][Progress:==================>           60%] [Cov:==========================>        76%][Progress:==================>           60%] [Cov:==========================>        76%][Progress:==================>           60%] [Cov:==========================>        76%][Progress:==================>           61%] [Cov:==========================>        76%][Progress:==================>           61%] [Cov:==========================>        76%][Progress:==================>           61%] [Cov:==========================>        76%][Progress:==================>           62%] [Cov:==========================>        76%][Progress:==================>           62%] [Cov:==========================>        76%][Progress:==================>           62%] [Cov:==========================>        76%][Progress:==================>           62%] [Cov:==========================>        76%][Progress:==================>           63%] [Cov:==========================>        76%][Progress:==================>           63%] [Cov:==========================>        76%][Progress:==================>           63%] [Cov:==========================>        76%][MASTER] 07:42:23.477 [logback-1] WARN  ClientNodeImpl - Cannot send statistics to master; continuing without statistics
java.rmi.ServerException: RemoteException occurred in server thread; nested exception is: 
	java.rmi.UnmarshalException: error unmarshalling arguments; nested exception is: 
	java.lang.ClassNotFoundException: expect to get instruction without BasicBlock already set
	at java.rmi/sun.rmi.server.UnicastServerRef.dispatch(UnicastServerRef.java:391)
	at java.rmi/sun.rmi.transport.Transport$1.run(Transport.java:200)
	at java.rmi/sun.rmi.transport.Transport$1.run(Transport.java:197)
	at java.base/java.security.AccessController.doPrivileged(Native Method)
	at java.rmi/sun.rmi.transport.Transport.serviceCall(Transport.java:196)
	at java.rmi/sun.rmi.transport.tcp.TCPTransport.handleMessages(TCPTransport.java:562)
	at java.rmi/sun.rmi.transport.tcp.TCPTransport$ConnectionHandler.run0(TCPTransport.java:796)
	at java.rmi/sun.rmi.transport.tcp.TCPTransport$ConnectionHandler.lambda$run$0(TCPTransport.java:677)
	at java.base/java.security.AccessController.doPrivileged(Native Method)
	at java.rmi/sun.rmi.transport.tcp.TCPTransport$ConnectionHandler.run(TCPTransport.java:676)
	at java.base/java.util.concurrent.ThreadPoolExecutor.runWorker(ThreadPoolExecutor.java:1128)
	at java.base/java.util.concurrent.ThreadPoolExecutor$Worker.run(ThreadPoolExecutor.java:628)
	at java.base/java.lang.Thread.run(Thread.java:829)
	at java.rmi/sun.rmi.transport.StreamRemoteCall.exceptionReceivedFromServer(StreamRemoteCall.java:303)
	at java.rmi/sun.rmi.transport.StreamRemoteCall.executeCall(StreamRemoteCall.java:279)
	at java.rmi/sun.rmi.server.UnicastRef.invoke(UnicastRef.java:164)
	at java.rmi/java.rmi.server.RemoteObjectInvocationHandler.invokeRemoteMethod(RemoteObjectInvocationHandler.java:217)
	at java.rmi/java.rmi.server.RemoteObjectInvocationHandler.invoke(RemoteObjectInvocationHandler.java:162)
	at com.sun.proxy.$Proxy7.evosuite_collectStatistics(Unknown Source)
	at org.evosuite.rmi.service.ClientNodeImpl.updateStatistics(ClientNodeImpl.java:251)
	at org.evosuite.statistics.StatisticsSender.sendIndividualToMaster(StatisticsSender.java:62)
	at org.evosuite.statistics.StatisticsListener.lambda$new$0(StatisticsListener.java:76)
	at java.base/java.lang.Thread.run(Thread.java:829)
Caused by: java.rmi.UnmarshalException: error unmarshalling arguments; nested exception is: 
	java.lang.ClassNotFoundException: expect to get instruction without BasicBlock already set
	at java.rmi/sun.rmi.server.UnicastServerRef.dispatch(UnicastServerRef.java:350)
	at java.rmi/sun.rmi.transport.Transport$1.run(Transport.java:200)
	at java.rmi/sun.rmi.transport.Transport$1.run(Transport.java:197)
	at java.base/java.security.AccessController.doPrivileged(Native Method)
	at java.rmi/sun.rmi.transport.Transport.serviceCall(Transport.java:196)
	at java.rmi/sun.rmi.transport.tcp.TCPTransport.handleMessages(TCPTransport.java:562)
	at java.rmi/sun.rmi.transport.tcp.TCPTransport$ConnectionHandler.run0(TCPTransport.java:796)
	at java.rmi/sun.rmi.transport.tcp.TCPTransport$ConnectionHandler.lambda$run$0(TCPTransport.java:677)
	at java.base/java.security.AccessController.doPrivileged(Native Method)
	at java.rmi/sun.rmi.transport.tcp.TCPTransport$ConnectionHandler.run(TCPTransport.java:676)
	at java.base/java.util.concurrent.ThreadPoolExecutor.runWorker(ThreadPoolExecutor.java:1128)
	at java.base/java.util.concurrent.ThreadPoolExecutor$Worker.run(ThreadPoolExecutor.java:628)
	... 1 common frames omitted
Caused by: java.lang.ClassNotFoundException: expect to get instruction without BasicBlock already set
	at org.evosuite.instrumentation.InstrumentingClassLoader.instrumentClass(InstrumentingClassLoader.java:158)
	at org.evosuite.instrumentation.InstrumentingClassLoader.loadClass(InstrumentingClassLoader.java:126)
	at org.evosuite.utils.generic.GenericClassImpl.getClass(GenericClassImpl.java:139)
	at org.evosuite.utils.generic.GenericClassImpl.getClass(GenericClassImpl.java:105)
	at org.evosuite.utils.generic.GenericClassImpl.readObject(GenericClassImpl.java:1671)
	at jdk.internal.reflect.GeneratedMethodAccessor9.invoke(Unknown Source)
	at java.base/jdk.internal.reflect.DelegatingMethodAccessorImpl.invoke(DelegatingMethodAccessorImpl.java:43)
	at java.base/java.lang.reflect.Method.invoke(Method.java:566)
	at java.base/java.io.ObjectStreamClass.invokeReadObject(ObjectStreamClass.java:1046)
	at java.base/java.io.ObjectInputStream.readSerialData(ObjectInputStream.java:2357)
	at java.base/java.io.ObjectInputStream.readOrdinaryObject(ObjectInputStream.java:2228)
	at java.base/java.io.ObjectInputStream.readObject0(ObjectInputStream.java:1687)
	at java.base/java.io.ObjectInputStream.defaultReadFields(ObjectInputStream.java:2496)
	at java.base/java.io.ObjectInputStream.readSerialData(ObjectInputStream.java:2390)
	at java.base/java.io.ObjectInputStream.readOrdinaryObject(ObjectInputStream.java:2228)
	at java.base/java.io.ObjectInputStream.readObject0(ObjectInputStream.java:1687)
	at java.base/java.io.ObjectInputStream.defaultReadFields(ObjectInputStream.java:2496)
	at java.base/java.io.ObjectInputStream.readSerialData(ObjectInputStream.java:2390)
	at java.base/java.io.ObjectInputStream.readOrdinaryObject(ObjectInputStream.java:2228)
	at java.base/java.io.ObjectInputStream.readObject0(ObjectInputStream.java:1687)
	at java.base/java.io.ObjectInputStream.readObject(ObjectInputStream.java:489)
	at java.base/java.io.ObjectInputStream.readObject(ObjectInputStream.java:447)
	at java.base/java.util.ArrayList.readObject(ArrayList.java:929)
	at java.base/jdk.internal.reflect.GeneratedMethodAccessor7.invoke(Unknown Source)
	at java.base/jdk.internal.reflect.DelegatingMethodAccessorImpl.invoke(DelegatingMethodAccessorImpl.java:43)
	at java.base/java.lang.reflect.Method.invoke(Method.java:566)
	at java.base/java.io.ObjectStreamClass.invokeReadObject(ObjectStreamClass.java:1046)
	at java.base/java.io.ObjectInputStream.readSerialData(ObjectInputStream.java:2357)
	at java.base/java.io.ObjectInputStream.readOrdinaryObject(ObjectInputStream.java:2228)
	at java.base/java.io.ObjectInputStream.readObject0(ObjectInputStream.java:1687)
	at java.base/java.io.ObjectInputStream.defaultReadFields(ObjectInputStream.java:2496)
	at java.base/java.io.ObjectInputStream.readSerialData(ObjectInputStream.java:2390)
	at java.base/java.io.ObjectInputStream.readOrdinaryObject(ObjectInputStream.java:2228)
	at java.base/java.io.ObjectInputStream.readObject0(ObjectInputStream.java:1687)
	at java.base/java.io.ObjectInputStream.defaultReadFields(ObjectInputStream.java:2496)
	at java.base/java.io.ObjectInputStream.defaultReadObject(ObjectInputStream.java:625)
	at org.evosuite.testcase.DefaultTestCase.readObject(DefaultTestCase.java:1217)
	at jdk.internal.reflect.GeneratedMethodAccessor14.invoke(Unknown Source)
	at java.base/jdk.internal.reflect.DelegatingMethodAccessorImpl.invoke(DelegatingMethodAccessorImpl.java:43)
	at java.base/java.lang.reflect.Method.invoke(Method.java:566)
	at java.base/java.io.ObjectStreamClass.invokeReadObject(ObjectStreamClass.java:1046)
	at java.base/java.io.ObjectInputStream.readSerialData(ObjectInputStream.java:2357)
	at java.base/java.io.ObjectInputStream.readOrdinaryObject(ObjectInputStream.java:2228)
	at java.base/java.io.ObjectInputStream.readObject0(ObjectInputStream.java:1687)
	at java.base/java.io.ObjectInputStream.defaultReadFields(ObjectInputStream.java:2496)
	at java.base/java.io.ObjectInputStream.readSerialData(ObjectInputStream.java:2390)
	at java.base/java.io.ObjectInputStream.readOrdinaryObject(ObjectInputStream.java:2228)
	at java.base/java.io.ObjectInputStream.readObject0(ObjectInputStream.java:1687)
	at java.base/java.io.ObjectInputStream.readObject(ObjectInputStream.java:489)
	at java.base/java.io.ObjectInputStream.readObject(ObjectInputStream.java:447)
	at java.base/java.util.ArrayList.readObject(ArrayList.java:929)
	at java.base/jdk.internal.reflect.GeneratedMethodAccessor7.invoke(Unknown Source)
	at java.base/jdk.internal.reflect.DelegatingMethodAccessorImpl.invoke(DelegatingMethodAccessorImpl.java:43)
	at java.base/java.lang.reflect.Method.invoke(Method.java:566)
	at java.base/java.io.ObjectStreamClass.invokeReadObject(ObjectStreamClass.java:1046)
	at java.base/java.io.ObjectInputStream.readSerialData(ObjectInputStream.java:2357)
	at java.base/java.io.ObjectInputStream.readOrdinaryObject(ObjectInputStream.java:2228)
	at java.base/java.io.ObjectInputStream.readObject0(ObjectInputStream.java:1687)
	at java.base/java.io.ObjectInputStream.defaultReadFields(ObjectInputStream.java:2496)
	at java.base/java.io.ObjectInputStream.readSerialData(ObjectInputStream.java:2390)
	at java.base/java.io.ObjectInputStream.readOrdinaryObject(ObjectInputStream.java:2228)
	at java.base/java.io.ObjectInputStream.readObject0(ObjectInputStream.java:1687)
	at java.base/java.io.ObjectInputStream.readObject(ObjectInputStream.java:489)
	at java.base/java.io.ObjectInputStream.readObject(ObjectInputStream.java:447)
	at java.rmi/sun.rmi.server.UnicastRef.unmarshalValue(UnicastRef.java:327)
	at java.rmi/sun.rmi.server.UnicastServerRef.dispatch(UnicastServerRef.java:339)
	... 12 common frames omitted
Caused by: java.lang.IllegalArgumentException: expect to get instruction without BasicBlock already set
	at org.evosuite.graphs.cfg.BasicBlock.appendInstruction(BasicBlock.java:225)
	at org.evosuite.graphs.cfg.BasicBlock.setInstructions(BasicBlock.java:206)
	at org.evosuite.graphs.cfg.BasicBlock.<init>(BasicBlock.java:106)
	at org.evosuite.graphs.cfg.RawControlFlowGraph.determineBasicBlockFor(RawControlFlowGraph.java:314)
	at org.evosuite.graphs.cfg.ActualControlFlowGraph.computeNodes(ActualControlFlowGraph.java:295)
	at org.evosuite.graphs.cfg.ActualControlFlowGraph.computeGraph(ActualControlFlowGraph.java:262)
	at org.evosuite.graphs.cfg.ActualControlFlowGraph.<init>(ActualControlFlowGraph.java:97)
	at org.evosuite.graphs.cfg.CFGGenerator.computeActualCFG(CFGGenerator.java:218)
	at org.evosuite.graphs.cfg.CFGGenerator.registerCFGs(CFGGenerator.java:102)
	at org.evosuite.graphs.cfg.CFGMethodAdapter.visitEnd(CFGMethodAdapter.java:219)
	at org.evosuite.shaded.org.objectweb.asm.MethodVisitor.visitEnd(MethodVisitor.java:783)
	at org.evosuite.shaded.org.objectweb.asm.MethodVisitor.visitEnd(MethodVisitor.java:783)
	at org.evosuite.shaded.org.objectweb.asm.MethodVisitor.visitEnd(MethodVisitor.java:783)
	at org.evosuite.shaded.org.objectweb.asm.tree.MethodNode.accept(MethodNode.java:772)
	at org.evosuite.shaded.org.objectweb.asm.tree.MethodNode.accept(MethodNode.java:649)
	at org.evosuite.shaded.org.objectweb.asm.tree.ClassNode.accept(ClassNode.java:452)
	at org.evosuite.instrumentation.BytecodeInstrumentation.transformBytes(BytecodeInstrumentation.java:282)
	at org.evosuite.instrumentation.InstrumentingClassLoader.getTransformedBytes(InstrumentingClassLoader.java:135)
	at org.evosuite.instrumentation.InstrumentingClassLoader.instrumentClass(InstrumentingClassLoader.java:149)
	... 77 common frames omitted
[Progress:===================>          64%] [Cov:==========================>        76%][Progress:===================>          64%] [Cov:==========================>        76%][Progress:===================>          64%] [Cov:==========================>        76%][Progress:===================>          65%] [Cov:==========================>        76%][Progress:===================>          65%] [Cov:==========================>        76%][Progress:===================>          65%] [Cov:==========================>        76%][Progress:===================>          65%] [Cov:==========================>        76%]GWO iteration=160 bestFitness=180.9677418184742 population=50 a=0.0
========== GWO EVOLVE iteration=160 population=50 ==========
[Progress:===================>          65%] [Cov:==========================>        76%][Progress:===================>          65%] [Cov:==========================>        76%][Progress:===================>          66%] [Cov:==========================>        76%][Progress:===================>          66%] [Cov:==========================>        76%][Progress:===================>          66%] [Cov:==========================>        76%][Progress:===================>          66%] [Cov:==========================>        76%][Progress:====================>         67%] [Cov:==========================>        76%][Progress:====================>         67%] [Cov:==========================>        76%][Progress:====================>         67%] [Cov:==========================>        76%][Progress:====================>         68%] [Cov:==========================>        76%][MASTER] 07:42:28.546 [logback-1] WARN  ClientNodeImpl - Cannot send statistics to master; continuing without statistics
java.rmi.ServerException: RemoteException occurred in server thread; nested exception is: 
	java.rmi.UnmarshalException: error unmarshalling arguments; nested exception is: 
	java.lang.ClassNotFoundException: expect to get instruction without BasicBlock already set
	at java.rmi/sun.rmi.server.UnicastServerRef.dispatch(UnicastServerRef.java:391)
	at java.rmi/sun.rmi.transport.Transport$1.run(Transport.java:200)
	at java.rmi/sun.rmi.transport.Transport$1.run(Transport.java:197)
	at java.base/java.security.AccessController.doPrivileged(Native Method)
	at java.rmi/sun.rmi.transport.Transport.serviceCall(Transport.java:196)
	at java.rmi/sun.rmi.transport.tcp.TCPTransport.handleMessages(TCPTransport.java:562)
	at java.rmi/sun.rmi.transport.tcp.TCPTransport$ConnectionHandler.run0(TCPTransport.java:796)
	at java.rmi/sun.rmi.transport.tcp.TCPTransport$ConnectionHandler.lambda$run$0(TCPTransport.java:677)
	at java.base/java.security.AccessController.doPrivileged(Native Method)
	at java.rmi/sun.rmi.transport.tcp.TCPTransport$ConnectionHandler.run(TCPTransport.java:676)
	at java.base/java.util.concurrent.ThreadPoolExecutor.runWorker(ThreadPoolExecutor.java:1128)
	at java.base/java.util.concurrent.ThreadPoolExecutor$Worker.run(ThreadPoolExecutor.java:628)
	at java.base/java.lang.Thread.run(Thread.java:829)
	at java.rmi/sun.rmi.transport.StreamRemoteCall.exceptionReceivedFromServer(StreamRemoteCall.java:303)
	at java.rmi/sun.rmi.transport.StreamRemoteCall.executeCall(StreamRemoteCall.java:279)
	at java.rmi/sun.rmi.server.UnicastRef.invoke(UnicastRef.java:164)
	at java.rmi/java.rmi.server.RemoteObjectInvocationHandler.invokeRemoteMethod(RemoteObjectInvocationHandler.java:217)
	at java.rmi/java.rmi.server.RemoteObjectInvocationHandler.invoke(RemoteObjectInvocationHandler.java:162)
	at com.sun.proxy.$Proxy7.evosuite_collectStatistics(Unknown Source)
	at org.evosuite.rmi.service.ClientNodeImpl.updateStatistics(ClientNodeImpl.java:251)
	at org.evosuite.statistics.StatisticsSender.sendIndividualToMaster(StatisticsSender.java:62)
	at org.evosuite.statistics.StatisticsListener.lambda$new$0(StatisticsListener.java:76)
	at java.base/java.lang.Thread.run(Thread.java:829)
Caused by: java.rmi.UnmarshalException: error unmarshalling arguments; nested exception is: 
	java.lang.ClassNotFoundException: expect to get instruction without BasicBlock already set
	at java.rmi/sun.rmi.server.UnicastServerRef.dispatch(UnicastServerRef.java:350)
	at java.rmi/sun.rmi.transport.Transport$1.run(Transport.java:200)
	at java.rmi/sun.rmi.transport.Transport$1.run(Transport.java:197)
	at java.base/java.security.AccessController.doPrivileged(Native Method)
	at java.rmi/sun.rmi.transport.Transport.serviceCall(Transport.java:196)
	at java.rmi/sun.rmi.transport.tcp.TCPTransport.handleMessages(TCPTransport.java:562)
	at java.rmi/sun.rmi.transport.tcp.TCPTransport$ConnectionHandler.run0(TCPTransport.java:796)
	at java.rmi/sun.rmi.transport.tcp.TCPTransport$ConnectionHandler.lambda$run$0(TCPTransport.java:677)
	at java.base/java.security.AccessController.doPrivileged(Native Method)
	at java.rmi/sun.rmi.transport.tcp.TCPTransport$ConnectionHandler.run(TCPTransport.java:676)
	at java.base/java.util.concurrent.ThreadPoolExecutor.runWorker(ThreadPoolExecutor.java:1128)
	at java.base/java.util.concurrent.ThreadPoolExecutor$Worker.run(ThreadPoolExecutor.java:628)
	... 1 common frames omitted
Caused by: java.lang.ClassNotFoundException: expect to get instruction without BasicBlock already set
	at org.evosuite.instrumentation.InstrumentingClassLoader.instrumentClass(InstrumentingClassLoader.java:158)
	at org.evosuite.instrumentation.InstrumentingClassLoader.loadClass(InstrumentingClassLoader.java:126)
	at org.evosuite.utils.generic.GenericClassImpl.getClass(GenericClassImpl.java:139)
	at org.evosuite.utils.generic.GenericClassImpl.getClass(GenericClassImpl.java:105)
	at org.evosuite.utils.generic.GenericClassImpl.readObject(GenericClassImpl.java:1671)
	at jdk.internal.reflect.GeneratedMethodAccessor9.invoke(Unknown Source)
	at java.base/jdk.internal.reflect.DelegatingMethodAccessorImpl.invoke(DelegatingMethodAccessorImpl.java:43)
	at java.base/java.lang.reflect.Method.invoke(Method.java:566)
	at java.base/java.io.ObjectStreamClass.invokeReadObject(ObjectStreamClass.java:1046)
	at java.base/java.io.ObjectInputStream.readSerialData(ObjectInputStream.java:2357)
	at java.base/java.io.ObjectInputStream.readOrdinaryObject(ObjectInputStream.java:2228)
	at java.base/java.io.ObjectInputStream.readObject0(ObjectInputStream.java:1687)
	at java.base/java.io.ObjectInputStream.defaultReadFields(ObjectInputStream.java:2496)
	at java.base/java.io.ObjectInputStream.readSerialData(ObjectInputStream.java:2390)
	at java.base/java.io.ObjectInputStream.readOrdinaryObject(ObjectInputStream.java:2228)
	at java.base/java.io.ObjectInputStream.readObject0(ObjectInputStream.java:1687)
	at java.base/java.io.ObjectInputStream.defaultReadFields(ObjectInputStream.java:2496)
	at java.base/java.io.ObjectInputStream.readSerialData(ObjectInputStream.java:2390)
	at java.base/java.io.ObjectInputStream.readOrdinaryObject(ObjectInputStream.java:2228)
	at java.base/java.io.ObjectInputStream.readObject0(ObjectInputStream.java:1687)
	at java.base/java.io.ObjectInputStream.readObject(ObjectInputStream.java:489)
	at java.base/java.io.ObjectInputStream.readObject(ObjectInputStream.java:447)
	at java.base/java.util.ArrayList.readObject(ArrayList.java:929)
	at java.base/jdk.internal.reflect.GeneratedMethodAccessor7.invoke(Unknown Source)
	at java.base/jdk.internal.reflect.DelegatingMethodAccessorImpl.invoke(DelegatingMethodAccessorImpl.java:43)
	at java.base/java.lang.reflect.Method.invoke(Method.java:566)
	at java.base/java.io.ObjectStreamClass.invokeReadObject(ObjectStreamClass.java:1046)
	at java.base/java.io.ObjectInputStream.readSerialData(ObjectInputStream.java:2357)
	at java.base/java.io.ObjectInputStream.readOrdinaryObject(ObjectInputStream.java:2228)
	at java.base/java.io.ObjectInputStream.readObject0(ObjectInputStream.java:1687)
	at java.base/java.io.ObjectInputStream.defaultReadFields(ObjectInputStream.java:2496)
	at java.base/java.io.ObjectInputStream.readSerialData(ObjectInputStream.java:2390)
	at java.base/java.io.ObjectInputStream.readOrdinaryObject(ObjectInputStream.java:2228)
	at java.base/java.io.ObjectInputStream.readObject0(ObjectInputStream.java:1687)
	at java.base/java.io.ObjectInputStream.defaultReadFields(ObjectInputStream.java:2496)
	at java.base/java.io.ObjectInputStream.defaultReadObject(ObjectInputStream.java:625)
	at org.evosuite.testcase.DefaultTestCase.readObject(DefaultTestCase.java:1217)
	at jdk.internal.reflect.GeneratedMethodAccessor14.invoke(Unknown Source)
	at java.base/jdk.internal.reflect.DelegatingMethodAccessorImpl.invoke(DelegatingMethodAccessorImpl.java:43)
	at java.base/java.lang.reflect.Method.invoke(Method.java:566)
	at java.base/java.io.ObjectStreamClass.invokeReadObject(ObjectStreamClass.java:1046)
	at java.base/java.io.ObjectInputStream.readSerialData(ObjectInputStream.java:2357)
	at java.base/java.io.ObjectInputStream.readOrdinaryObject(ObjectInputStream.java:2228)
	at java.base/java.io.ObjectInputStream.readObject0(ObjectInputStream.java:1687)
	at java.base/java.io.ObjectInputStream.defaultReadFields(ObjectInputStream.java:2496)
	at java.base/java.io.ObjectInputStream.readSerialData(ObjectInputStream.java:2390)
	at java.base/java.io.ObjectInputStream.readOrdinaryObject(ObjectInputStream.java:2228)
	at java.base/java.io.ObjectInputStream.readObject0(ObjectInputStream.java:1687)
	at java.base/java.io.ObjectInputStream.readObject(ObjectInputStream.java:489)
	at java.base/java.io.ObjectInputStream.readObject(ObjectInputStream.java:447)
	at java.base/java.util.ArrayList.readObject(ArrayList.java:929)
	at java.base/jdk.internal.reflect.GeneratedMethodAccessor7.invoke(Unknown Source)
	at java.base/jdk.internal.reflect.DelegatingMethodAccessorImpl.invoke(DelegatingMethodAccessorImpl.java:43)
	at java.base/java.lang.reflect.Method.invoke(Method.java:566)
	at java.base/java.io.ObjectStreamClass.invokeReadObject(ObjectStreamClass.java:1046)
	at java.base/java.io.ObjectInputStream.readSerialData(ObjectInputStream.java:2357)
	at java.base/java.io.ObjectInputStream.readOrdinaryObject(ObjectInputStream.java:2228)
	at java.base/java.io.ObjectInputStream.readObject0(ObjectInputStream.java:1687)
	at java.base/java.io.ObjectInputStream.defaultReadFields(ObjectInputStream.java:2496)
	at java.base/java.io.ObjectInputStream.readSerialData(ObjectInputStream.java:2390)
	at java.base/java.io.ObjectInputStream.readOrdinaryObject(ObjectInputStream.java:2228)
	at java.base/java.io.ObjectInputStream.readObject0(ObjectInputStream.java:1687)
	at java.base/java.io.ObjectInputStream.readObject(ObjectInputStream.java:489)
	at java.base/java.io.ObjectInputStream.readObject(ObjectInputStream.java:447)
	at java.rmi/sun.rmi.server.UnicastRef.unmarshalValue(UnicastRef.java:327)
	at java.rmi/sun.rmi.server.UnicastServerRef.dispatch(UnicastServerRef.java:339)
	... 12 common frames omitted
Caused by: java.lang.IllegalArgumentException: expect to get instruction without BasicBlock already set
	at org.evosuite.graphs.cfg.BasicBlock.appendInstruction(BasicBlock.java:225)
	at org.evosuite.graphs.cfg.BasicBlock.setInstructions(BasicBlock.java:206)
	at org.evosuite.graphs.cfg.BasicBlock.<init>(BasicBlock.java:106)
	at org.evosuite.graphs.cfg.RawControlFlowGraph.determineBasicBlockFor(RawControlFlowGraph.java:314)
	at org.evosuite.graphs.cfg.ActualControlFlowGraph.computeNodes(ActualControlFlowGraph.java:295)
	at org.evosuite.graphs.cfg.ActualControlFlowGraph.computeGraph(ActualControlFlowGraph.java:262)
	at org.evosuite.graphs.cfg.ActualControlFlowGraph.<init>(ActualControlFlowGraph.java:97)
	at org.evosuite.graphs.cfg.CFGGenerator.computeActualCFG(CFGGenerator.java:218)
	at org.evosuite.graphs.cfg.CFGGenerator.registerCFGs(CFGGenerator.java:102)
	at org.evosuite.graphs.cfg.CFGMethodAdapter.visitEnd(CFGMethodAdapter.java:219)
	at org.evosuite.shaded.org.objectweb.asm.MethodVisitor.visitEnd(MethodVisitor.java:783)
	at org.evosuite.shaded.org.objectweb.asm.MethodVisitor.visitEnd(MethodVisitor.java:783)
	at org.evosuite.shaded.org.objectweb.asm.MethodVisitor.visitEnd(MethodVisitor.java:783)
	at org.evosuite.shaded.org.objectweb.asm.tree.MethodNode.accept(MethodNode.java:772)
	at org.evosuite.shaded.org.objectweb.asm.tree.MethodNode.accept(MethodNode.java:649)
	at org.evosuite.shaded.org.objectweb.asm.tree.ClassNode.accept(ClassNode.java:452)
	at org.evosuite.instrumentation.BytecodeInstrumentation.transformBytes(BytecodeInstrumentation.java:282)
	at org.evosuite.instrumentation.InstrumentingClassLoader.getTransformedBytes(InstrumentingClassLoader.java:135)
	at org.evosuite.instrumentation.InstrumentingClassLoader.instrumentClass(InstrumentingClassLoader.java:149)
	... 77 common frames omitted
[Progress:====================>         68%] [Cov:==========================>        76%][Progress:====================>         68%] [Cov:==========================>        76%][Progress:====================>         68%] [Cov:==========================>        76%][Progress:====================>         69%] [Cov:==========================>        76%][Progress:=====================>        70%] [Cov:==========================>        76%][Progress:=====================>        70%] [Cov:==========================>        76%][Progress:=====================>        70%] [Cov:==========================>        76%][Progress:=====================>        70%] [Cov:==========================>        76%][Progress:=====================>        70%] [Cov:==========================>        76%][Progress:=====================>        70%] [Cov:==========================>        76%][Progress:=====================>        71%] [Cov:==========================>        76%][Progress:=====================>        71%] [Cov:==========================>        76%][Progress:=====================>        71%] [Cov:==========================>        76%][Progress:=====================>        72%] [Cov:==========================>        76%][Progress:=====================>        72%] [Cov:==========================>        76%][Progress:=====================>        72%] [Cov:==========================>        76%][Progress:=====================>        72%] [Cov:==========================>        76%]GWO iteration=180 bestFitness=180.9677418184742 population=50 a=0.0
========== GWO EVOLVE iteration=180 population=50 ==========
[Progress:=====================>        73%] [Cov:==========================>        76%][Progress:=====================>        73%] [Cov:==========================>        76%][MASTER] 07:42:35.087 [logback-1] WARN  ClientNodeImpl - Cannot send statistics to master; continuing without statistics
java.rmi.ServerException: RemoteException occurred in server thread; nested exception is: 
	java.rmi.UnmarshalException: error unmarshalling arguments; nested exception is: 
	java.lang.ClassNotFoundException: expect to get instruction without BasicBlock already set
	at java.rmi/sun.rmi.server.UnicastServerRef.dispatch(UnicastServerRef.java:391)
	at java.rmi/sun.rmi.transport.Transport$1.run(Transport.java:200)
	at java.rmi/sun.rmi.transport.Transport$1.run(Transport.java:197)
	at java.base/java.security.AccessController.doPrivileged(Native Method)
	at java.rmi/sun.rmi.transport.Transport.serviceCall(Transport.java:196)
	at java.rmi/sun.rmi.transport.tcp.TCPTransport.handleMessages(TCPTransport.java:562)
	at java.rmi/sun.rmi.transport.tcp.TCPTransport$ConnectionHandler.run0(TCPTransport.java:796)
	at java.rmi/sun.rmi.transport.tcp.TCPTransport$ConnectionHandler.lambda$run$0(TCPTransport.java:677)
	at java.base/java.security.AccessController.doPrivileged(Native Method)
	at java.rmi/sun.rmi.transport.tcp.TCPTransport$ConnectionHandler.run(TCPTransport.java:676)
	at java.base/java.util.concurrent.ThreadPoolExecutor.runWorker(ThreadPoolExecutor.java:1128)
	at java.base/java.util.concurrent.ThreadPoolExecutor$Worker.run(ThreadPoolExecutor.java:628)
	at java.base/java.lang.Thread.run(Thread.java:829)
	at java.rmi/sun.rmi.transport.StreamRemoteCall.exceptionReceivedFromServer(StreamRemoteCall.java:303)
	at java.rmi/sun.rmi.transport.StreamRemoteCall.executeCall(StreamRemoteCall.java:279)
	at java.rmi/sun.rmi.server.UnicastRef.invoke(UnicastRef.java:164)
	at java.rmi/java.rmi.server.RemoteObjectInvocationHandler.invokeRemoteMethod(RemoteObjectInvocationHandler.java:217)
	at java.rmi/java.rmi.server.RemoteObjectInvocationHandler.invoke(RemoteObjectInvocationHandler.java:162)
	at com.sun.proxy.$Proxy7.evosuite_collectStatistics(Unknown Source)
	at org.evosuite.rmi.service.ClientNodeImpl.updateStatistics(ClientNodeImpl.java:251)
	at org.evosuite.statistics.StatisticsSender.sendIndividualToMaster(StatisticsSender.java:62)
	at org.evosuite.statistics.StatisticsListener.lambda$new$0(StatisticsListener.java:76)
	at java.base/java.lang.Thread.run(Thread.java:829)
Caused by: java.rmi.UnmarshalException: error unmarshalling arguments; nested exception is: 
	java.lang.ClassNotFoundException: expect to get instruction without BasicBlock already set
	at java.rmi/sun.rmi.server.UnicastServerRef.dispatch(UnicastServerRef.java:350)
	at java.rmi/sun.rmi.transport.Transport$1.run(Transport.java:200)
	at java.rmi/sun.rmi.transport.Transport$1.run(Transport.java:197)
	at java.base/java.security.AccessController.doPrivileged(Native Method)
	at java.rmi/sun.rmi.transport.Transport.serviceCall(Transport.java:196)
	at java.rmi/sun.rmi.transport.tcp.TCPTransport.handleMessages(TCPTransport.java:562)
	at java.rmi/sun.rmi.transport.tcp.TCPTransport$ConnectionHandler.run0(TCPTransport.java:796)
	at java.rmi/sun.rmi.transport.tcp.TCPTransport$ConnectionHandler.lambda$run$0(TCPTransport.java:677)
	at java.base/java.security.AccessController.doPrivileged(Native Method)
	at java.rmi/sun.rmi.transport.tcp.TCPTransport$ConnectionHandler.run(TCPTransport.java:676)
	at java.base/java.util.concurrent.ThreadPoolExecutor.runWorker(ThreadPoolExecutor.java:1128)
	at java.base/java.util.concurrent.ThreadPoolExecutor$Worker.run(ThreadPoolExecutor.java:628)
	... 1 common frames omitted
Caused by: java.lang.ClassNotFoundException: expect to get instruction without BasicBlock already set
	at org.evosuite.instrumentation.InstrumentingClassLoader.instrumentClass(InstrumentingClassLoader.java:158)
	at org.evosuite.instrumentation.InstrumentingClassLoader.loadClass(InstrumentingClassLoader.java:126)
	at org.evosuite.utils.generic.GenericClassImpl.getClass(GenericClassImpl.java:139)
	at org.evosuite.utils.generic.GenericClassImpl.getClass(GenericClassImpl.java:105)
	at org.evosuite.utils.generic.GenericClassImpl.readObject(GenericClassImpl.java:1671)
	at jdk.internal.reflect.GeneratedMethodAccessor9.invoke(Unknown Source)
	at java.base/jdk.internal.reflect.DelegatingMethodAccessorImpl.invoke(DelegatingMethodAccessorImpl.java:43)
	at java.base/java.lang.reflect.Method.invoke(Method.java:566)
	at java.base/java.io.ObjectStreamClass.invokeReadObject(ObjectStreamClass.java:1046)
	at java.base/java.io.ObjectInputStream.readSerialData(ObjectInputStream.java:2357)
	at java.base/java.io.ObjectInputStream.readOrdinaryObject(ObjectInputStream.java:2228)
	at java.base/java.io.ObjectInputStream.readObject0(ObjectInputStream.java:1687)
	at java.base/java.io.ObjectInputStream.defaultReadFields(ObjectInputStream.java:2496)
	at java.base/java.io.ObjectInputStream.readSerialData(ObjectInputStream.java:2390)
	at java.base/java.io.ObjectInputStream.readOrdinaryObject(ObjectInputStream.java:2228)
	at java.base/java.io.ObjectInputStream.readObject0(ObjectInputStream.java:1687)
	at java.base/java.io.ObjectInputStream.defaultReadFields(ObjectInputStream.java:2496)
	at java.base/java.io.ObjectInputStream.readSerialData(ObjectInputStream.java:2390)
	at java.base/java.io.ObjectInputStream.readOrdinaryObject(ObjectInputStream.java:2228)
	at java.base/java.io.ObjectInputStream.readObject0(ObjectInputStream.java:1687)
	at java.base/java.io.ObjectInputStream.readObject(ObjectInputStream.java:489)
	at java.base/java.io.ObjectInputStream.readObject(ObjectInputStream.java:447)
	at java.base/java.util.ArrayList.readObject(ArrayList.java:929)
	at java.base/jdk.internal.reflect.GeneratedMethodAccessor7.invoke(Unknown Source)
	at java.base/jdk.internal.reflect.DelegatingMethodAccessorImpl.invoke(DelegatingMethodAccessorImpl.java:43)
	at java.base/java.lang.reflect.Method.invoke(Method.java:566)
	at java.base/java.io.ObjectStreamClass.invokeReadObject(ObjectStreamClass.java:1046)
	at java.base/java.io.ObjectInputStream.readSerialData(ObjectInputStream.java:2357)
	at java.base/java.io.ObjectInputStream.readOrdinaryObject(ObjectInputStream.java:2228)
	at java.base/java.io.ObjectInputStream.readObject0(ObjectInputStream.java:1687)
	at java.base/java.io.ObjectInputStream.defaultReadFields(ObjectInputStream.java:2496)
	at java.base/java.io.ObjectInputStream.readSerialData(ObjectInputStream.java:2390)
	at java.base/java.io.ObjectInputStream.readOrdinaryObject(ObjectInputStream.java:2228)
	at java.base/java.io.ObjectInputStream.readObject0(ObjectInputStream.java:1687)
	at java.base/java.io.ObjectInputStream.defaultReadFields(ObjectInputStream.java:2496)
	at java.base/java.io.ObjectInputStream.defaultReadObject(ObjectInputStream.java:625)
	at org.evosuite.testcase.DefaultTestCase.readObject(DefaultTestCase.java:1217)
	at jdk.internal.reflect.GeneratedMethodAccessor14.invoke(Unknown Source)
	at java.base/jdk.internal.reflect.DelegatingMethodAccessorImpl.invoke(DelegatingMethodAccessorImpl.java:43)
	at java.base/java.lang.reflect.Method.invoke(Method.java:566)
	at java.base/java.io.ObjectStreamClass.invokeReadObject(ObjectStreamClass.java:1046)
	at java.base/java.io.ObjectInputStream.readSerialData(ObjectInputStream.java:2357)
	at java.base/java.io.ObjectInputStream.readOrdinaryObject(ObjectInputStream.java:2228)
	at java.base/java.io.ObjectInputStream.readObject0(ObjectInputStream.java:1687)
	at java.base/java.io.ObjectInputStream.defaultReadFields(ObjectInputStream.java:2496)
	at java.base/java.io.ObjectInputStream.readSerialData(ObjectInputStream.java:2390)
	at java.base/java.io.ObjectInputStream.readOrdinaryObject(ObjectInputStream.java:2228)
	at java.base/java.io.ObjectInputStream.readObject0(ObjectInputStream.java:1687)
	at java.base/java.io.ObjectInputStream.readObject(ObjectInputStream.java:489)
	at java.base/java.io.ObjectInputStream.readObject(ObjectInputStream.java:447)
	at java.base/java.util.ArrayList.readObject(ArrayList.java:929)
	at java.base/jdk.internal.reflect.GeneratedMethodAccessor7.invoke(Unknown Source)
	at java.base/jdk.internal.reflect.DelegatingMethodAccessorImpl.invoke(DelegatingMethodAccessorImpl.java:43)
	at java.base/java.lang.reflect.Method.invoke(Method.java:566)
	at java.base/java.io.ObjectStreamClass.invokeReadObject(ObjectStreamClass.java:1046)
	at java.base/java.io.ObjectInputStream.readSerialData(ObjectInputStream.java:2357)
	at java.base/java.io.ObjectInputStream.readOrdinaryObject(ObjectInputStream.java:2228)
	at java.base/java.io.ObjectInputStream.readObject0(ObjectInputStream.java:1687)
	at java.base/java.io.ObjectInputStream.defaultReadFields(ObjectInputStream.java:2496)
	at java.base/java.io.ObjectInputStream.readSerialData(ObjectInputStream.java:2390)
	at java.base/java.io.ObjectInputStream.readOrdinaryObject(ObjectInputStream.java:2228)
	at java.base/java.io.ObjectInputStream.readObject0(ObjectInputStream.java:1687)
	at java.base/java.io.ObjectInputStream.readObject(ObjectInputStream.java:489)
	at java.base/java.io.ObjectInputStream.readObject(ObjectInputStream.java:447)
	at java.rmi/sun.rmi.server.UnicastRef.unmarshalValue(UnicastRef.java:327)
	at java.rmi/sun.rmi.server.UnicastServerRef.dispatch(UnicastServerRef.java:339)
	... 12 common frames omitted
Caused by: java.lang.IllegalArgumentException: expect to get instruction without BasicBlock already set
	at org.evosuite.graphs.cfg.BasicBlock.appendInstruction(BasicBlock.java:225)
	at org.evosuite.graphs.cfg.BasicBlock.setInstructions(BasicBlock.java:206)
	at org.evosuite.graphs.cfg.BasicBlock.<init>(BasicBlock.java:106)
	at org.evosuite.graphs.cfg.RawControlFlowGraph.determineBasicBlockFor(RawControlFlowGraph.java:314)
	at org.evosuite.graphs.cfg.ActualControlFlowGraph.computeNodes(ActualControlFlowGraph.java:295)
	at org.evosuite.graphs.cfg.ActualControlFlowGraph.computeGraph(ActualControlFlowGraph.java:262)
	at org.evosuite.graphs.cfg.ActualControlFlowGraph.<init>(ActualControlFlowGraph.java:97)
	at org.evosuite.graphs.cfg.CFGGenerator.computeActualCFG(CFGGenerator.java:218)
	at org.evosuite.graphs.cfg.CFGGenerator.registerCFGs(CFGGenerator.java:102)
	at org.evosuite.graphs.cfg.CFGMethodAdapter.visitEnd(CFGMethodAdapter.java:219)
	at org.evosuite.shaded.org.objectweb.asm.MethodVisitor.visitEnd(MethodVisitor.java:783)
	at org.evosuite.shaded.org.objectweb.asm.MethodVisitor.visitEnd(MethodVisitor.java:783)
	at org.evosuite.shaded.org.objectweb.asm.MethodVisitor.visitEnd(MethodVisitor.java:783)
	at org.evosuite.shaded.org.objectweb.asm.tree.MethodNode.accept(MethodNode.java:772)
	at org.evosuite.shaded.org.objectweb.asm.tree.MethodNode.accept(MethodNode.java:649)
	at org.evosuite.shaded.org.objectweb.asm.tree.ClassNode.accept(ClassNode.java:452)
	at org.evosuite.instrumentation.BytecodeInstrumentation.transformBytes(BytecodeInstrumentation.java:282)
	at org.evosuite.instrumentation.InstrumentingClassLoader.getTransformedBytes(InstrumentingClassLoader.java:135)
	at org.evosuite.instrumentation.InstrumentingClassLoader.instrumentClass(InstrumentingClassLoader.java:149)
	... 77 common frames omitted
[Progress:=====================>        73%] [Cov:==========================>        76%][Progress:======================>       74%] [Cov:==========================>        76%][Progress:======================>       74%] [Cov:==========================>        76%][Progress:======================>       74%] [Cov:==========================>        76%][Progress:======================>       74%] [Cov:==========================>        76%][Progress:======================>       75%] [Cov:==========================>        76%][Progress:======================>       75%] [Cov:==========================>        76%][Progress:======================>       75%] [Cov:==========================>        76%][Progress:======================>       75%] [Cov:==========================>        76%][Progress:======================>       75%] [Cov:==========================>        76%][Progress:======================>       75%] [Cov:==========================>        76%][Progress:======================>       76%] [Cov:==========================>        76%][Progress:======================>       76%] [Cov:==========================>        76%][Progress:======================>       76%] [Cov:==========================>        76%][Progress:======================>       76%] [Cov:==========================>        76%][Progress:=======================>      77%] [Cov:==========================>        76%][Progress:=======================>      77%] [Cov:==========================>        76%][Progress:=======================>      77%] [Cov:==========================>        76%][Progress:=======================>      77%] [Cov:==========================>        76%][Progress:=======================>      78%] [Cov:==========================>        76%][MASTER] 07:42:40.709 [logback-1] WARN  ClientNodeImpl - Cannot send statistics to master; continuing without statistics
java.rmi.ServerException: RemoteException occurred in server thread; nested exception is: 
	java.rmi.UnmarshalException: error unmarshalling arguments; nested exception is: 
	java.lang.ClassNotFoundException: expect to get instruction without BasicBlock already set
	at java.rmi/sun.rmi.server.UnicastServerRef.dispatch(UnicastServerRef.java:391)
	at java.rmi/sun.rmi.transport.Transport$1.run(Transport.java:200)
	at java.rmi/sun.rmi.transport.Transport$1.run(Transport.java:197)
	at java.base/java.security.AccessController.doPrivileged(Native Method)
	at java.rmi/sun.rmi.transport.Transport.serviceCall(Transport.java:196)
	at java.rmi/sun.rmi.transport.tcp.TCPTransport.handleMessages(TCPTransport.java:562)
	at java.rmi/sun.rmi.transport.tcp.TCPTransport$ConnectionHandler.run0(TCPTransport.java:796)
	at java.rmi/sun.rmi.transport.tcp.TCPTransport$ConnectionHandler.lambda$run$0(TCPTransport.java:677)
	at java.base/java.security.AccessController.doPrivileged(Native Method)
	at java.rmi/sun.rmi.transport.tcp.TCPTransport$ConnectionHandler.run(TCPTransport.java:676)
	at java.base/java.util.concurrent.ThreadPoolExecutor.runWorker(ThreadPoolExecutor.java:1128)
	at java.base/java.util.concurrent.ThreadPoolExecutor$Worker.run(ThreadPoolExecutor.java:628)
	at java.base/java.lang.Thread.run(Thread.java:829)
	at java.rmi/sun.rmi.transport.StreamRemoteCall.exceptionReceivedFromServer(StreamRemoteCall.java:303)
	at java.rmi/sun.rmi.transport.StreamRemoteCall.executeCall(StreamRemoteCall.java:279)
	at java.rmi/sun.rmi.server.UnicastRef.invoke(UnicastRef.java:164)
	at java.rmi/java.rmi.server.RemoteObjectInvocationHandler.invokeRemoteMethod(RemoteObjectInvocationHandler.java:217)
	at java.rmi/java.rmi.server.RemoteObjectInvocationHandler.invoke(RemoteObjectInvocationHandler.java:162)
	at com.sun.proxy.$Proxy7.evosuite_collectStatistics(Unknown Source)
	at org.evosuite.rmi.service.ClientNodeImpl.updateStatistics(ClientNodeImpl.java:251)
	at org.evosuite.statistics.StatisticsSender.sendIndividualToMaster(StatisticsSender.java:62)
	at org.evosuite.statistics.StatisticsListener.lambda$new$0(StatisticsListener.java:76)
	at java.base/java.lang.Thread.run(Thread.java:829)
Caused by: java.rmi.UnmarshalException: error unmarshalling arguments; nested exception is: 
	java.lang.ClassNotFoundException: expect to get instruction without BasicBlock already set
	at java.rmi/sun.rmi.server.UnicastServerRef.dispatch(UnicastServerRef.java:350)
	at java.rmi/sun.rmi.transport.Transport$1.run(Transport.java:200)
	at java.rmi/sun.rmi.transport.Transport$1.run(Transport.java:197)
	at java.base/java.security.AccessController.doPrivileged(Native Method)
	at java.rmi/sun.rmi.transport.Transport.serviceCall(Transport.java:196)
	at java.rmi/sun.rmi.transport.tcp.TCPTransport.handleMessages(TCPTransport.java:562)
	at java.rmi/sun.rmi.transport.tcp.TCPTransport$ConnectionHandler.run0(TCPTransport.java:796)
	at java.rmi/sun.rmi.transport.tcp.TCPTransport$ConnectionHandler.lambda$run$0(TCPTransport.java:677)
	at java.base/java.security.AccessController.doPrivileged(Native Method)
	at java.rmi/sun.rmi.transport.tcp.TCPTransport$ConnectionHandler.run(TCPTransport.java:676)
	at java.base/java.util.concurrent.ThreadPoolExecutor.runWorker(ThreadPoolExecutor.java:1128)
	at java.base/java.util.concurrent.ThreadPoolExecutor$Worker.run(ThreadPoolExecutor.java:628)
	... 1 common frames omitted
Caused by: java.lang.ClassNotFoundException: expect to get instruction without BasicBlock already set
	at org.evosuite.instrumentation.InstrumentingClassLoader.instrumentClass(InstrumentingClassLoader.java:158)
	at org.evosuite.instrumentation.InstrumentingClassLoader.loadClass(InstrumentingClassLoader.java:126)
	at org.evosuite.utils.generic.GenericClassImpl.getClass(GenericClassImpl.java:139)
	at org.evosuite.utils.generic.GenericClassImpl.getClass(GenericClassImpl.java:105)
	at org.evosuite.utils.generic.GenericClassImpl.readObject(GenericClassImpl.java:1671)
	at jdk.internal.reflect.GeneratedMethodAccessor9.invoke(Unknown Source)
	at java.base/jdk.internal.reflect.DelegatingMethodAccessorImpl.invoke(DelegatingMethodAccessorImpl.java:43)
	at java.base/java.lang.reflect.Method.invoke(Method.java:566)
	at java.base/java.io.ObjectStreamClass.invokeReadObject(ObjectStreamClass.java:1046)
	at java.base/java.io.ObjectInputStream.readSerialData(ObjectInputStream.java:2357)
	at java.base/java.io.ObjectInputStream.readOrdinaryObject(ObjectInputStream.java:2228)
	at java.base/java.io.ObjectInputStream.readObject0(ObjectInputStream.java:1687)
	at java.base/java.io.ObjectInputStream.defaultReadFields(ObjectInputStream.java:2496)
	at java.base/java.io.ObjectInputStream.readSerialData(ObjectInputStream.java:2390)
	at java.base/java.io.ObjectInputStream.readOrdinaryObject(ObjectInputStream.java:2228)
	at java.base/java.io.ObjectInputStream.readObject0(ObjectInputStream.java:1687)
	at java.base/java.io.ObjectInputStream.defaultReadFields(ObjectInputStream.java:2496)
	at java.base/java.io.ObjectInputStream.readSerialData(ObjectInputStream.java:2390)
	at java.base/java.io.ObjectInputStream.readOrdinaryObject(ObjectInputStream.java:2228)
	at java.base/java.io.ObjectInputStream.readObject0(ObjectInputStream.java:1687)
	at java.base/java.io.ObjectInputStream.readObject(ObjectInputStream.java:489)
	at java.base/java.io.ObjectInputStream.readObject(ObjectInputStream.java:447)
	at java.base/java.util.ArrayList.readObject(ArrayList.java:929)
	at java.base/jdk.internal.reflect.GeneratedMethodAccessor7.invoke(Unknown Source)
	at java.base/jdk.internal.reflect.DelegatingMethodAccessorImpl.invoke(DelegatingMethodAccessorImpl.java:43)
	at java.base/java.lang.reflect.Method.invoke(Method.java:566)
	at java.base/java.io.ObjectStreamClass.invokeReadObject(ObjectStreamClass.java:1046)
	at java.base/java.io.ObjectInputStream.readSerialData(ObjectInputStream.java:2357)
	at java.base/java.io.ObjectInputStream.readOrdinaryObject(ObjectInputStream.java:2228)
	at java.base/java.io.ObjectInputStream.readObject0(ObjectInputStream.java:1687)
	at java.base/java.io.ObjectInputStream.defaultReadFields(ObjectInputStream.java:2496)
	at java.base/java.io.ObjectInputStream.readSerialData(ObjectInputStream.java:2390)
	at java.base/java.io.ObjectInputStream.readOrdinaryObject(ObjectInputStream.java:2228)
	at java.base/java.io.ObjectInputStream.readObject0(ObjectInputStream.java:1687)
	at java.base/java.io.ObjectInputStream.defaultReadFields(ObjectInputStream.java:2496)
	at java.base/java.io.ObjectInputStream.defaultReadObject(ObjectInputStream.java:625)
	at org.evosuite.testcase.DefaultTestCase.readObject(DefaultTestCase.java:1217)
	at jdk.internal.reflect.GeneratedMethodAccessor14.invoke(Unknown Source)
	at java.base/jdk.internal.reflect.DelegatingMethodAccessorImpl.invoke(DelegatingMethodAccessorImpl.java:43)
	at java.base/java.lang.reflect.Method.invoke(Method.java:566)
	at java.base/java.io.ObjectStreamClass.invokeReadObject(ObjectStreamClass.java:1046)
	at java.base/java.io.ObjectInputStream.readSerialData(ObjectInputStream.java:2357)
	at java.base/java.io.ObjectInputStream.readOrdinaryObject(ObjectInputStream.java:2228)
	at java.base/java.io.ObjectInputStream.readObject0(ObjectInputStream.java:1687)
	at java.base/java.io.ObjectInputStream.defaultReadFields(ObjectInputStream.java:2496)
	at java.base/java.io.ObjectInputStream.readSerialData(ObjectInputStream.java:2390)
	at java.base/java.io.ObjectInputStream.readOrdinaryObject(ObjectInputStream.java:2228)
	at java.base/java.io.ObjectInputStream.readObject0(ObjectInputStream.java:1687)
	at java.base/java.io.ObjectInputStream.readObject(ObjectInputStream.java:489)
	at java.base/java.io.ObjectInputStream.readObject(ObjectInputStream.java:447)
	at java.base/java.util.ArrayList.readObject(ArrayList.java:929)
	at java.base/jdk.internal.reflect.GeneratedMethodAccessor7.invoke(Unknown Source)
	at java.base/jdk.internal.reflect.DelegatingMethodAccessorImpl.invoke(DelegatingMethodAccessorImpl.java:43)
	at java.base/java.lang.reflect.Method.invoke(Method.java:566)
	at java.base/java.io.ObjectStreamClass.invokeReadObject(ObjectStreamClass.java:1046)
	at java.base/java.io.ObjectInputStream.readSerialData(ObjectInputStream.java:2357)
	at java.base/java.io.ObjectInputStream.readOrdinaryObject(ObjectInputStream.java:2228)
	at java.base/java.io.ObjectInputStream.readObject0(ObjectInputStream.java:1687)
	at java.base/java.io.ObjectInputStream.defaultReadFields(ObjectInputStream.java:2496)
	at java.base/java.io.ObjectInputStream.readSerialData(ObjectInputStream.java:2390)
	at java.base/java.io.ObjectInputStream.readOrdinaryObject(ObjectInputStream.java:2228)
	at java.base/java.io.ObjectInputStream.readObject0(ObjectInputStream.java:1687)
	at java.base/java.io.ObjectInputStream.readObject(ObjectInputStream.java:489)
	at java.base/java.io.ObjectInputStream.readObject(ObjectInputStream.java:447)
	at java.rmi/sun.rmi.server.UnicastRef.unmarshalValue(UnicastRef.java:327)
	at java.rmi/sun.rmi.server.UnicastServerRef.dispatch(UnicastServerRef.java:339)
	... 12 common frames omitted
Caused by: java.lang.IllegalArgumentException: expect to get instruction without BasicBlock already set
	at org.evosuite.graphs.cfg.BasicBlock.appendInstruction(BasicBlock.java:225)
	at org.evosuite.graphs.cfg.BasicBlock.setInstructions(BasicBlock.java:206)
	at org.evosuite.graphs.cfg.BasicBlock.<init>(BasicBlock.java:106)
	at org.evosuite.graphs.cfg.RawControlFlowGraph.determineBasicBlockFor(RawControlFlowGraph.java:314)
	at org.evosuite.graphs.cfg.ActualControlFlowGraph.computeNodes(ActualControlFlowGraph.java:295)
	at org.evosuite.graphs.cfg.ActualControlFlowGraph.computeGraph(ActualControlFlowGraph.java:262)
	at org.evosuite.graphs.cfg.ActualControlFlowGraph.<init>(ActualControlFlowGraph.java:97)
	at org.evosuite.graphs.cfg.CFGGenerator.computeActualCFG(CFGGenerator.java:218)
	at org.evosuite.graphs.cfg.CFGGenerator.registerCFGs(CFGGenerator.java:102)
	at org.evosuite.graphs.cfg.CFGMethodAdapter.visitEnd(CFGMethodAdapter.java:219)
	at org.evosuite.shaded.org.objectweb.asm.MethodVisitor.visitEnd(MethodVisitor.java:783)
	at org.evosuite.shaded.org.objectweb.asm.MethodVisitor.visitEnd(MethodVisitor.java:783)
	at org.evosuite.shaded.org.objectweb.asm.MethodVisitor.visitEnd(MethodVisitor.java:783)
	at org.evosuite.shaded.org.objectweb.asm.tree.MethodNode.accept(MethodNode.java:772)
	at org.evosuite.shaded.org.objectweb.asm.tree.MethodNode.accept(MethodNode.java:649)
	at org.evosuite.shaded.org.objectweb.asm.tree.ClassNode.accept(ClassNode.java:452)
	at org.evosuite.instrumentation.BytecodeInstrumentation.transformBytes(BytecodeInstrumentation.java:282)
	at org.evosuite.instrumentation.InstrumentingClassLoader.getTransformedBytes(InstrumentingClassLoader.java:135)
	at org.evosuite.instrumentation.InstrumentingClassLoader.instrumentClass(InstrumentingClassLoader.java:149)
	... 77 common frames omitted
[Progress:=======================>      78%] [Cov:==========================>        76%][Progress:=======================>      78%] [Cov:==========================>        76%][Progress:=======================>      79%] [Cov:==========================>        75%][Progress:=======================>      79%] [Cov:==========================>        76%][Progress:=======================>      79%] [Cov:==========================>        76%][Progress:=======================>      79%] [Cov:==========================>        77%][Progress:=======================>      79%] [Cov:============================>      80%][Progress:=======================>      79%] [Cov:============================>      81%][Progress:=======================>      79%] [Cov:============================>      81%]GWO iteration=200 bestFitness=112.45238083537129 population=50 a=0.0
========== GWO EVOLVE iteration=200 population=50 ==========
[Progress:=======================>      79%] [Cov:============================>      81%][Progress:========================>     80%] [Cov:============================>      81%][Progress:========================>     80%] [Cov:============================>      81%][Progress:========================>     80%] [Cov:============================>      81%][Progress:========================>     80%] [Cov:============================>      81%][Progress:========================>     80%] [Cov:============================>      81%][Progress:========================>     81%] [Cov:============================>      81%][Progress:========================>     81%] [Cov:============================>      81%][Progress:========================>     81%] [Cov:============================>      81%][Progress:========================>     82%] [Cov:============================>      81%][Progress:========================>     82%] [Cov:============================>      81%][Progress:========================>     82%] [Cov:============================>      81%][Progress:========================>     83%] [Cov:============================>      81%][MASTER] 07:42:46.685 [logback-1] WARN  ClientNodeImpl - Cannot send statistics to master; continuing without statistics
java.rmi.ServerException: RemoteException occurred in server thread; nested exception is: 
	java.rmi.UnmarshalException: error unmarshalling arguments; nested exception is: 
	java.lang.ClassNotFoundException: expect to get instruction without BasicBlock already set
	at java.rmi/sun.rmi.server.UnicastServerRef.dispatch(UnicastServerRef.java:391)
	at java.rmi/sun.rmi.transport.Transport$1.run(Transport.java:200)
	at java.rmi/sun.rmi.transport.Transport$1.run(Transport.java:197)
	at java.base/java.security.AccessController.doPrivileged(Native Method)
	at java.rmi/sun.rmi.transport.Transport.serviceCall(Transport.java:196)
	at java.rmi/sun.rmi.transport.tcp.TCPTransport.handleMessages(TCPTransport.java:562)
	at java.rmi/sun.rmi.transport.tcp.TCPTransport$ConnectionHandler.run0(TCPTransport.java:796)
	at java.rmi/sun.rmi.transport.tcp.TCPTransport$ConnectionHandler.lambda$run$0(TCPTransport.java:677)
	at java.base/java.security.AccessController.doPrivileged(Native Method)
	at java.rmi/sun.rmi.transport.tcp.TCPTransport$ConnectionHandler.run(TCPTransport.java:676)
	at java.base/java.util.concurrent.ThreadPoolExecutor.runWorker(ThreadPoolExecutor.java:1128)
	at java.base/java.util.concurrent.ThreadPoolExecutor$Worker.run(ThreadPoolExecutor.java:628)
	at java.base/java.lang.Thread.run(Thread.java:829)
	at java.rmi/sun.rmi.transport.StreamRemoteCall.exceptionReceivedFromServer(StreamRemoteCall.java:303)
	at java.rmi/sun.rmi.transport.StreamRemoteCall.executeCall(StreamRemoteCall.java:279)
	at java.rmi/sun.rmi.server.UnicastRef.invoke(UnicastRef.java:164)
	at java.rmi/java.rmi.server.RemoteObjectInvocationHandler.invokeRemoteMethod(RemoteObjectInvocationHandler.java:217)
	at java.rmi/java.rmi.server.RemoteObjectInvocationHandler.invoke(RemoteObjectInvocationHandler.java:162)
	at com.sun.proxy.$Proxy7.evosuite_collectStatistics(Unknown Source)
	at org.evosuite.rmi.service.ClientNodeImpl.updateStatistics(ClientNodeImpl.java:251)
	at org.evosuite.statistics.StatisticsSender.sendIndividualToMaster(StatisticsSender.java:62)
	at org.evosuite.statistics.StatisticsListener.lambda$new$0(StatisticsListener.java:76)
	at java.base/java.lang.Thread.run(Thread.java:829)
Caused by: java.rmi.UnmarshalException: error unmarshalling arguments; nested exception is: 
	java.lang.ClassNotFoundException: expect to get instruction without BasicBlock already set
	at java.rmi/sun.rmi.server.UnicastServerRef.dispatch(UnicastServerRef.java:350)
	at java.rmi/sun.rmi.transport.Transport$1.run(Transport.java:200)
	at java.rmi/sun.rmi.transport.Transport$1.run(Transport.java:197)
	at java.base/java.security.AccessController.doPrivileged(Native Method)
	at java.rmi/sun.rmi.transport.Transport.serviceCall(Transport.java:196)
	at java.rmi/sun.rmi.transport.tcp.TCPTransport.handleMessages(TCPTransport.java:562)
	at java.rmi/sun.rmi.transport.tcp.TCPTransport$ConnectionHandler.run0(TCPTransport.java:796)
	at java.rmi/sun.rmi.transport.tcp.TCPTransport$ConnectionHandler.lambda$run$0(TCPTransport.java:677)
	at java.base/java.security.AccessController.doPrivileged(Native Method)
	at java.rmi/sun.rmi.transport.tcp.TCPTransport$ConnectionHandler.run(TCPTransport.java:676)
	at java.base/java.util.concurrent.ThreadPoolExecutor.runWorker(ThreadPoolExecutor.java:1128)
	at java.base/java.util.concurrent.ThreadPoolExecutor$Worker.run(ThreadPoolExecutor.java:628)
	... 1 common frames omitted
Caused by: java.lang.ClassNotFoundException: expect to get instruction without BasicBlock already set
	at org.evosuite.instrumentation.InstrumentingClassLoader.instrumentClass(InstrumentingClassLoader.java:158)
	at org.evosuite.instrumentation.InstrumentingClassLoader.loadClass(InstrumentingClassLoader.java:126)
	at org.evosuite.utils.generic.GenericClassImpl.getClass(GenericClassImpl.java:139)
	at org.evosuite.utils.generic.GenericClassImpl.getClass(GenericClassImpl.java:105)
	at org.evosuite.utils.generic.GenericClassImpl.readObject(GenericClassImpl.java:1671)
	at jdk.internal.reflect.GeneratedMethodAccessor9.invoke(Unknown Source)
	at java.base/jdk.internal.reflect.DelegatingMethodAccessorImpl.invoke(DelegatingMethodAccessorImpl.java:43)
	at java.base/java.lang.reflect.Method.invoke(Method.java:566)
	at java.base/java.io.ObjectStreamClass.invokeReadObject(ObjectStreamClass.java:1046)
	at java.base/java.io.ObjectInputStream.readSerialData(ObjectInputStream.java:2357)
	at java.base/java.io.ObjectInputStream.readOrdinaryObject(ObjectInputStream.java:2228)
	at java.base/java.io.ObjectInputStream.readObject0(ObjectInputStream.java:1687)
	at java.base/java.io.ObjectInputStream.defaultReadFields(ObjectInputStream.java:2496)
	at java.base/java.io.ObjectInputStream.readSerialData(ObjectInputStream.java:2390)
	at java.base/java.io.ObjectInputStream.readOrdinaryObject(ObjectInputStream.java:2228)
	at java.base/java.io.ObjectInputStream.readObject0(ObjectInputStream.java:1687)
	at java.base/java.io.ObjectInputStream.defaultReadFields(ObjectInputStream.java:2496)
	at java.base/java.io.ObjectInputStream.readSerialData(ObjectInputStream.java:2390)
	at java.base/java.io.ObjectInputStream.readOrdinaryObject(ObjectInputStream.java:2228)
	at java.base/java.io.ObjectInputStream.readObject0(ObjectInputStream.java:1687)
	at java.base/java.io.ObjectInputStream.readObject(ObjectInputStream.java:489)
	at java.base/java.io.ObjectInputStream.readObject(ObjectInputStream.java:447)
	at java.base/java.util.ArrayList.readObject(ArrayList.java:929)
	at java.base/jdk.internal.reflect.GeneratedMethodAccessor7.invoke(Unknown Source)
	at java.base/jdk.internal.reflect.DelegatingMethodAccessorImpl.invoke(DelegatingMethodAccessorImpl.java:43)
	at java.base/java.lang.reflect.Method.invoke(Method.java:566)
	at java.base/java.io.ObjectStreamClass.invokeReadObject(ObjectStreamClass.java:1046)
	at java.base/java.io.ObjectInputStream.readSerialData(ObjectInputStream.java:2357)
	at java.base/java.io.ObjectInputStream.readOrdinaryObject(ObjectInputStream.java:2228)
	at java.base/java.io.ObjectInputStream.readObject0(ObjectInputStream.java:1687)
	at java.base/java.io.ObjectInputStream.defaultReadFields(ObjectInputStream.java:2496)
	at java.base/java.io.ObjectInputStream.readSerialData(ObjectInputStream.java:2390)
	at java.base/java.io.ObjectInputStream.readOrdinaryObject(ObjectInputStream.java:2228)
	at java.base/java.io.ObjectInputStream.readObject0(ObjectInputStream.java:1687)
	at java.base/java.io.ObjectInputStream.defaultReadFields(ObjectInputStream.java:2496)
	at java.base/java.io.ObjectInputStream.defaultReadObject(ObjectInputStream.java:625)
	at org.evosuite.testcase.DefaultTestCase.readObject(DefaultTestCase.java:1217)
	at jdk.internal.reflect.GeneratedMethodAccessor14.invoke(Unknown Source)
	at java.base/jdk.internal.reflect.DelegatingMethodAccessorImpl.invoke(DelegatingMethodAccessorImpl.java:43)
	at java.base/java.lang.reflect.Method.invoke(Method.java:566)
	at java.base/java.io.ObjectStreamClass.invokeReadObject(ObjectStreamClass.java:1046)
	at java.base/java.io.ObjectInputStream.readSerialData(ObjectInputStream.java:2357)
	at java.base/java.io.ObjectInputStream.readOrdinaryObject(ObjectInputStream.java:2228)
	at java.base/java.io.ObjectInputStream.readObject0(ObjectInputStream.java:1687)
	at java.base/java.io.ObjectInputStream.defaultReadFields(ObjectInputStream.java:2496)
	at java.base/java.io.ObjectInputStream.readSerialData(ObjectInputStream.java:2390)
	at java.base/java.io.ObjectInputStream.readOrdinaryObject(ObjectInputStream.java:2228)
	at java.base/java.io.ObjectInputStream.readObject0(ObjectInputStream.java:1687)
	at java.base/java.io.ObjectInputStream.readObject(ObjectInputStream.java:489)
	at java.base/java.io.ObjectInputStream.readObject(ObjectInputStream.java:447)
	at java.base/java.util.ArrayList.readObject(ArrayList.java:929)
	at java.base/jdk.internal.reflect.GeneratedMethodAccessor7.invoke(Unknown Source)
	at java.base/jdk.internal.reflect.DelegatingMethodAccessorImpl.invoke(DelegatingMethodAccessorImpl.java:43)
	at java.base/java.lang.reflect.Method.invoke(Method.java:566)
	at java.base/java.io.ObjectStreamClass.invokeReadObject(ObjectStreamClass.java:1046)
	at java.base/java.io.ObjectInputStream.readSerialData(ObjectInputStream.java:2357)
	at java.base/java.io.ObjectInputStream.readOrdinaryObject(ObjectInputStream.java:2228)
	at java.base/java.io.ObjectInputStream.readObject0(ObjectInputStream.java:1687)
	at java.base/java.io.ObjectInputStream.defaultReadFields(ObjectInputStream.java:2496)
	at java.base/java.io.ObjectInputStream.readSerialData(ObjectInputStream.java:2390)
	at java.base/java.io.ObjectInputStream.readOrdinaryObject(ObjectInputStream.java:2228)
	at java.base/java.io.ObjectInputStream.readObject0(ObjectInputStream.java:1687)
	at java.base/java.io.ObjectInputStream.readObject(ObjectInputStream.java:489)
	at java.base/java.io.ObjectInputStream.readObject(ObjectInputStream.java:447)
	at java.rmi/sun.rmi.server.UnicastRef.unmarshalValue(UnicastRef.java:327)
	at java.rmi/sun.rmi.server.UnicastServerRef.dispatch(UnicastServerRef.java:339)
	... 12 common frames omitted
Caused by: java.lang.IllegalArgumentException: expect to get instruction without BasicBlock already set
	at org.evosuite.graphs.cfg.BasicBlock.appendInstruction(BasicBlock.java:225)
	at org.evosuite.graphs.cfg.BasicBlock.setInstructions(BasicBlock.java:206)
	at org.evosuite.graphs.cfg.BasicBlock.<init>(BasicBlock.java:106)
	at org.evosuite.graphs.cfg.RawControlFlowGraph.determineBasicBlockFor(RawControlFlowGraph.java:314)
	at org.evosuite.graphs.cfg.ActualControlFlowGraph.computeNodes(ActualControlFlowGraph.java:295)
	at org.evosuite.graphs.cfg.ActualControlFlowGraph.computeGraph(ActualControlFlowGraph.java:262)
	at org.evosuite.graphs.cfg.ActualControlFlowGraph.<init>(ActualControlFlowGraph.java:97)
	at org.evosuite.graphs.cfg.CFGGenerator.computeActualCFG(CFGGenerator.java:218)
	at org.evosuite.graphs.cfg.CFGGenerator.registerCFGs(CFGGenerator.java:102)
	at org.evosuite.graphs.cfg.CFGMethodAdapter.visitEnd(CFGMethodAdapter.java:219)
	at org.evosuite.shaded.org.objectweb.asm.MethodVisitor.visitEnd(MethodVisitor.java:783)
	at org.evosuite.shaded.org.objectweb.asm.MethodVisitor.visitEnd(MethodVisitor.java:783)
	at org.evosuite.shaded.org.objectweb.asm.MethodVisitor.visitEnd(MethodVisitor.java:783)
	at org.evosuite.shaded.org.objectweb.asm.tree.MethodNode.accept(MethodNode.java:772)
	at org.evosuite.shaded.org.objectweb.asm.tree.MethodNode.accept(MethodNode.java:649)
	at org.evosuite.shaded.org.objectweb.asm.tree.ClassNode.accept(ClassNode.java:452)
	at org.evosuite.instrumentation.BytecodeInstrumentation.transformBytes(BytecodeInstrumentation.java:282)
	at org.evosuite.instrumentation.InstrumentingClassLoader.getTransformedBytes(InstrumentingClassLoader.java:135)
	at org.evosuite.instrumentation.InstrumentingClassLoader.instrumentClass(InstrumentingClassLoader.java:149)
	... 77 common frames omitted
[Progress:========================>     83%] [Cov:============================>      81%][Progress:========================>     83%] [Cov:============================>      81%][Progress:=========================>    84%] [Cov:============================>      81%][Progress:=========================>    84%] [Cov:============================>      81%][Progress:=========================>    84%] [Cov:============================>      81%][Progress:=========================>    85%] [Cov:============================>      81%][Progress:=========================>    85%] [Cov:============================>      81%][Progress:=========================>    85%] [Cov:============================>      81%][Progress:=========================>    85%] [Cov:============================>      81%][Progress:=========================>    85%] [Cov:============================>      81%][Progress:=========================>    86%] [Cov:============================>      81%][Progress:=========================>    86%] [Cov:============================>      81%][Progress:==========================>   87%] [Cov:============================>      81%][Progress:==========================>   87%] [Cov:============================>      81%][Progress:==========================>   87%] [Cov:============================>      81%]GWO iteration=220 bestFitness=107.95238083537129 population=50 a=0.0
========== GWO EVOLVE iteration=220 population=50 ==========
[Progress:==========================>   88%] [Cov:============================>      81%][Progress:==========================>   88%] [Cov:============================>      81%][MASTER] 07:42:52.922 [logback-1] WARN  ClientNodeImpl - Cannot send statistics to master; continuing without statistics
java.rmi.ServerException: RemoteException occurred in server thread; nested exception is: 
	java.rmi.UnmarshalException: error unmarshalling arguments; nested exception is: 
	java.lang.ClassNotFoundException: expect to get instruction without BasicBlock already set
	at java.rmi/sun.rmi.server.UnicastServerRef.dispatch(UnicastServerRef.java:391)
	at java.rmi/sun.rmi.transport.Transport$1.run(Transport.java:200)
	at java.rmi/sun.rmi.transport.Transport$1.run(Transport.java:197)
	at java.base/java.security.AccessController.doPrivileged(Native Method)
	at java.rmi/sun.rmi.transport.Transport.serviceCall(Transport.java:196)
	at java.rmi/sun.rmi.transport.tcp.TCPTransport.handleMessages(TCPTransport.java:562)
	at java.rmi/sun.rmi.transport.tcp.TCPTransport$ConnectionHandler.run0(TCPTransport.java:796)
	at java.rmi/sun.rmi.transport.tcp.TCPTransport$ConnectionHandler.lambda$run$0(TCPTransport.java:677)
	at java.base/java.security.AccessController.doPrivileged(Native Method)
	at java.rmi/sun.rmi.transport.tcp.TCPTransport$ConnectionHandler.run(TCPTransport.java:676)
	at java.base/java.util.concurrent.ThreadPoolExecutor.runWorker(ThreadPoolExecutor.java:1128)
	at java.base/java.util.concurrent.ThreadPoolExecutor$Worker.run(ThreadPoolExecutor.java:628)
	at java.base/java.lang.Thread.run(Thread.java:829)
	at java.rmi/sun.rmi.transport.StreamRemoteCall.exceptionReceivedFromServer(StreamRemoteCall.java:303)
	at java.rmi/sun.rmi.transport.StreamRemoteCall.executeCall(StreamRemoteCall.java:279)
	at java.rmi/sun.rmi.server.UnicastRef.invoke(UnicastRef.java:164)
	at java.rmi/java.rmi.server.RemoteObjectInvocationHandler.invokeRemoteMethod(RemoteObjectInvocationHandler.java:217)
	at java.rmi/java.rmi.server.RemoteObjectInvocationHandler.invoke(RemoteObjectInvocationHandler.java:162)
	at com.sun.proxy.$Proxy7.evosuite_collectStatistics(Unknown Source)
	at org.evosuite.rmi.service.ClientNodeImpl.updateStatistics(ClientNodeImpl.java:251)
	at org.evosuite.statistics.StatisticsSender.sendIndividualToMaster(StatisticsSender.java:62)
	at org.evosuite.statistics.StatisticsListener.lambda$new$0(StatisticsListener.java:76)
	at java.base/java.lang.Thread.run(Thread.java:829)
Caused by: java.rmi.UnmarshalException: error unmarshalling arguments; nested exception is: 
	java.lang.ClassNotFoundException: expect to get instruction without BasicBlock already set
	at java.rmi/sun.rmi.server.UnicastServerRef.dispatch(UnicastServerRef.java:350)
	at java.rmi/sun.rmi.transport.Transport$1.run(Transport.java:200)
	at java.rmi/sun.rmi.transport.Transport$1.run(Transport.java:197)
	at java.base/java.security.AccessController.doPrivileged(Native Method)
	at java.rmi/sun.rmi.transport.Transport.serviceCall(Transport.java:196)
	at java.rmi/sun.rmi.transport.tcp.TCPTransport.handleMessages(TCPTransport.java:562)
	at java.rmi/sun.rmi.transport.tcp.TCPTransport$ConnectionHandler.run0(TCPTransport.java:796)
	at java.rmi/sun.rmi.transport.tcp.TCPTransport$ConnectionHandler.lambda$run$0(TCPTransport.java:677)
	at java.base/java.security.AccessController.doPrivileged(Native Method)
	at java.rmi/sun.rmi.transport.tcp.TCPTransport$ConnectionHandler.run(TCPTransport.java:676)
	at java.base/java.util.concurrent.ThreadPoolExecutor.runWorker(ThreadPoolExecutor.java:1128)
	at java.base/java.util.concurrent.ThreadPoolExecutor$Worker.run(ThreadPoolExecutor.java:628)
	... 1 common frames omitted
Caused by: java.lang.ClassNotFoundException: expect to get instruction without BasicBlock already set
	at org.evosuite.instrumentation.InstrumentingClassLoader.instrumentClass(InstrumentingClassLoader.java:158)
	at org.evosuite.instrumentation.InstrumentingClassLoader.loadClass(InstrumentingClassLoader.java:126)
	at org.evosuite.utils.generic.GenericClassImpl.getClass(GenericClassImpl.java:139)
	at org.evosuite.utils.generic.GenericClassImpl.getClass(GenericClassImpl.java:105)
	at org.evosuite.utils.generic.GenericClassImpl.readObject(GenericClassImpl.java:1671)
	at jdk.internal.reflect.GeneratedMethodAccessor9.invoke(Unknown Source)
	at java.base/jdk.internal.reflect.DelegatingMethodAccessorImpl.invoke(DelegatingMethodAccessorImpl.java:43)
	at java.base/java.lang.reflect.Method.invoke(Method.java:566)
	at java.base/java.io.ObjectStreamClass.invokeReadObject(ObjectStreamClass.java:1046)
	at java.base/java.io.ObjectInputStream.readSerialData(ObjectInputStream.java:2357)
	at java.base/java.io.ObjectInputStream.readOrdinaryObject(ObjectInputStream.java:2228)
	at java.base/java.io.ObjectInputStream.readObject0(ObjectInputStream.java:1687)
	at java.base/java.io.ObjectInputStream.defaultReadFields(ObjectInputStream.java:2496)
	at java.base/java.io.ObjectInputStream.readSerialData(ObjectInputStream.java:2390)
	at java.base/java.io.ObjectInputStream.readOrdinaryObject(ObjectInputStream.java:2228)
	at java.base/java.io.ObjectInputStream.readObject0(ObjectInputStream.java:1687)
	at java.base/java.io.ObjectInputStream.defaultReadFields(ObjectInputStream.java:2496)
	at java.base/java.io.ObjectInputStream.readSerialData(ObjectInputStream.java:2390)
	at java.base/java.io.ObjectInputStream.readOrdinaryObject(ObjectInputStream.java:2228)
	at java.base/java.io.ObjectInputStream.readObject0(ObjectInputStream.java:1687)
	at java.base/java.io.ObjectInputStream.readObject(ObjectInputStream.java:489)
	at java.base/java.io.ObjectInputStream.readObject(ObjectInputStream.java:447)
	at java.base/java.util.ArrayList.readObject(ArrayList.java:929)
	at java.base/jdk.internal.reflect.GeneratedMethodAccessor7.invoke(Unknown Source)
	at java.base/jdk.internal.reflect.DelegatingMethodAccessorImpl.invoke(DelegatingMethodAccessorImpl.java:43)
	at java.base/java.lang.reflect.Method.invoke(Method.java:566)
	at java.base/java.io.ObjectStreamClass.invokeReadObject(ObjectStreamClass.java:1046)
	at java.base/java.io.ObjectInputStream.readSerialData(ObjectInputStream.java:2357)
	at java.base/java.io.ObjectInputStream.readOrdinaryObject(ObjectInputStream.java:2228)
	at java.base/java.io.ObjectInputStream.readObject0(ObjectInputStream.java:1687)
	at java.base/java.io.ObjectInputStream.defaultReadFields(ObjectInputStream.java:2496)
	at java.base/java.io.ObjectInputStream.readSerialData(ObjectInputStream.java:2390)
	at java.base/java.io.ObjectInputStream.readOrdinaryObject(ObjectInputStream.java:2228)
	at java.base/java.io.ObjectInputStream.readObject0(ObjectInputStream.java:1687)
	at java.base/java.io.ObjectInputStream.defaultReadFields(ObjectInputStream.java:2496)
	at java.base/java.io.ObjectInputStream.defaultReadObject(ObjectInputStream.java:625)
	at org.evosuite.testcase.DefaultTestCase.readObject(DefaultTestCase.java:1217)
	at jdk.internal.reflect.GeneratedMethodAccessor14.invoke(Unknown Source)
	at java.base/jdk.internal.reflect.DelegatingMethodAccessorImpl.invoke(DelegatingMethodAccessorImpl.java:43)
	at java.base/java.lang.reflect.Method.invoke(Method.java:566)
	at java.base/java.io.ObjectStreamClass.invokeReadObject(ObjectStreamClass.java:1046)
	at java.base/java.io.ObjectInputStream.readSerialData(ObjectInputStream.java:2357)
	at java.base/java.io.ObjectInputStream.readOrdinaryObject(ObjectInputStream.java:2228)
	at java.base/java.io.ObjectInputStream.readObject0(ObjectInputStream.java:1687)
	at java.base/java.io.ObjectInputStream.defaultReadFields(ObjectInputStream.java:2496)
	at java.base/java.io.ObjectInputStream.readSerialData(ObjectInputStream.java:2390)
	at java.base/java.io.ObjectInputStream.readOrdinaryObject(ObjectInputStream.java:2228)
	at java.base/java.io.ObjectInputStream.readObject0(ObjectInputStream.java:1687)
	at java.base/java.io.ObjectInputStream.readObject(ObjectInputStream.java:489)
	at java.base/java.io.ObjectInputStream.readObject(ObjectInputStream.java:447)
	at java.base/java.util.ArrayList.readObject(ArrayList.java:929)
	at java.base/jdk.internal.reflect.GeneratedMethodAccessor7.invoke(Unknown Source)
	at java.base/jdk.internal.reflect.DelegatingMethodAccessorImpl.invoke(DelegatingMethodAccessorImpl.java:43)
	at java.base/java.lang.reflect.Method.invoke(Method.java:566)
	at java.base/java.io.ObjectStreamClass.invokeReadObject(ObjectStreamClass.java:1046)
	at java.base/java.io.ObjectInputStream.readSerialData(ObjectInputStream.java:2357)
	at java.base/java.io.ObjectInputStream.readOrdinaryObject(ObjectInputStream.java:2228)
	at java.base/java.io.ObjectInputStream.readObject0(ObjectInputStream.java:1687)
	at java.base/java.io.ObjectInputStream.defaultReadFields(ObjectInputStream.java:2496)
	at java.base/java.io.ObjectInputStream.readSerialData(ObjectInputStream.java:2390)
	at java.base/java.io.ObjectInputStream.readOrdinaryObject(ObjectInputStream.java:2228)
	at java.base/java.io.ObjectInputStream.readObject0(ObjectInputStream.java:1687)
	at java.base/java.io.ObjectInputStream.readObject(ObjectInputStream.java:489)
	at java.base/java.io.ObjectInputStream.readObject(ObjectInputStream.java:447)
	at java.rmi/sun.rmi.server.UnicastRef.unmarshalValue(UnicastRef.java:327)
	at java.rmi/sun.rmi.server.UnicastServerRef.dispatch(UnicastServerRef.java:339)
	... 12 common frames omitted
Caused by: java.lang.IllegalArgumentException: expect to get instruction without BasicBlock already set
	at org.evosuite.graphs.cfg.BasicBlock.appendInstruction(BasicBlock.java:225)
	at org.evosuite.graphs.cfg.BasicBlock.setInstructions(BasicBlock.java:206)
	at org.evosuite.graphs.cfg.BasicBlock.<init>(BasicBlock.java:106)
	at org.evosuite.graphs.cfg.RawControlFlowGraph.determineBasicBlockFor(RawControlFlowGraph.java:314)
	at org.evosuite.graphs.cfg.ActualControlFlowGraph.computeNodes(ActualControlFlowGraph.java:295)
	at org.evosuite.graphs.cfg.ActualControlFlowGraph.computeGraph(ActualControlFlowGraph.java:262)
	at org.evosuite.graphs.cfg.ActualControlFlowGraph.<init>(ActualControlFlowGraph.java:97)
	at org.evosuite.graphs.cfg.CFGGenerator.computeActualCFG(CFGGenerator.java:218)
	at org.evosuite.graphs.cfg.CFGGenerator.registerCFGs(CFGGenerator.java:102)
	at org.evosuite.graphs.cfg.CFGMethodAdapter.visitEnd(CFGMethodAdapter.java:219)
	at org.evosuite.shaded.org.objectweb.asm.MethodVisitor.visitEnd(MethodVisitor.java:783)
	at org.evosuite.shaded.org.objectweb.asm.MethodVisitor.visitEnd(MethodVisitor.java:783)
	at org.evosuite.shaded.org.objectweb.asm.MethodVisitor.visitEnd(MethodVisitor.java:783)
	at org.evosuite.shaded.org.objectweb.asm.tree.MethodNode.accept(MethodNode.java:772)
	at org.evosuite.shaded.org.objectweb.asm.tree.MethodNode.accept(MethodNode.java:649)
	at org.evosuite.shaded.org.objectweb.asm.tree.ClassNode.accept(ClassNode.java:452)
	at org.evosuite.instrumentation.BytecodeInstrumentation.transformBytes(BytecodeInstrumentation.java:282)
	at org.evosuite.instrumentation.InstrumentingClassLoader.getTransformedBytes(InstrumentingClassLoader.java:135)
	at org.evosuite.instrumentation.InstrumentingClassLoader.instrumentClass(InstrumentingClassLoader.java:149)
	... 77 common frames omitted
[Progress:==========================>   88%] [Cov:============================>      81%][Progress:==========================>   89%] [Cov:============================>      81%][Progress:==========================>   89%] [Cov:============================>      81%][Progress:==========================>   89%] [Cov:============================>      81%][Progress:===========================>  90%] [Cov:============================>      81%][Progress:===========================>  90%] [Cov:============================>      81%][Progress:===========================>  90%] [Cov:============================>      81%][Progress:===========================>  90%] [Cov:============================>      81%][Progress:===========================>  90%] [Cov:============================>      81%][Progress:===========================>  91%] [Cov:============================>      81%][Progress:===========================>  91%] [Cov:============================>      81%][Progress:===========================>  91%] [Cov:============================>      81%][Progress:===========================>  92%] [Cov:============================>      81%][Progress:===========================>  92%] [Cov:============================>      81%][Progress:===========================>  92%] [Cov:============================>      81%][Progress:===========================>  93%] [Cov:============================>      81%][Progress:===========================>  93%] [Cov:============================>      81%][Progress:============================> 94%] [Cov:============================>      81%][Progress:============================> 94%] [Cov:============================>      81%][Progress:============================> 94%] [Cov:============================>      81%][MASTER] 07:43:00.189 [logback-1] WARN  ClientNodeImpl - Cannot send statistics to master; continuing without statistics
java.rmi.ServerException: RemoteException occurred in server thread; nested exception is: 
	java.rmi.UnmarshalException: error unmarshalling arguments; nested exception is: 
	java.lang.ClassNotFoundException: expect to get instruction without BasicBlock already set
	at java.rmi/sun.rmi.server.UnicastServerRef.dispatch(UnicastServerRef.java:391)
	at java.rmi/sun.rmi.transport.Transport$1.run(Transport.java:200)
	at java.rmi/sun.rmi.transport.Transport$1.run(Transport.java:197)
	at java.base/java.security.AccessController.doPrivileged(Native Method)
	at java.rmi/sun.rmi.transport.Transport.serviceCall(Transport.java:196)
	at java.rmi/sun.rmi.transport.tcp.TCPTransport.handleMessages(TCPTransport.java:562)
	at java.rmi/sun.rmi.transport.tcp.TCPTransport$ConnectionHandler.run0(TCPTransport.java:796)
	at java.rmi/sun.rmi.transport.tcp.TCPTransport$ConnectionHandler.lambda$run$0(TCPTransport.java:677)
	at java.base/java.security.AccessController.doPrivileged(Native Method)
	at java.rmi/sun.rmi.transport.tcp.TCPTransport$ConnectionHandler.run(TCPTransport.java:676)
	at java.base/java.util.concurrent.ThreadPoolExecutor.runWorker(ThreadPoolExecutor.java:1128)
	at java.base/java.util.concurrent.ThreadPoolExecutor$Worker.run(ThreadPoolExecutor.java:628)
	at java.base/java.lang.Thread.run(Thread.java:829)
	at java.rmi/sun.rmi.transport.StreamRemoteCall.exceptionReceivedFromServer(StreamRemoteCall.java:303)
	at java.rmi/sun.rmi.transport.StreamRemoteCall.executeCall(StreamRemoteCall.java:279)
	at java.rmi/sun.rmi.server.UnicastRef.invoke(UnicastRef.java:164)
	at java.rmi/java.rmi.server.RemoteObjectInvocationHandler.invokeRemoteMethod(RemoteObjectInvocationHandler.java:217)
	at java.rmi/java.rmi.server.RemoteObjectInvocationHandler.invoke(RemoteObjectInvocationHandler.java:162)
	at com.sun.proxy.$Proxy7.evosuite_collectStatistics(Unknown Source)
	at org.evosuite.rmi.service.ClientNodeImpl.updateStatistics(ClientNodeImpl.java:251)
	at org.evosuite.statistics.StatisticsSender.sendIndividualToMaster(StatisticsSender.java:62)
	at org.evosuite.statistics.StatisticsListener.lambda$new$0(StatisticsListener.java:76)
	at java.base/java.lang.Thread.run(Thread.java:829)
Caused by: java.rmi.UnmarshalException: error unmarshalling arguments; nested exception is: 
	java.lang.ClassNotFoundException: expect to get instruction without BasicBlock already set
	at java.rmi/sun.rmi.server.UnicastServerRef.dispatch(UnicastServerRef.java:350)
	at java.rmi/sun.rmi.transport.Transport$1.run(Transport.java:200)
	at java.rmi/sun.rmi.transport.Transport$1.run(Transport.java:197)
	at java.base/java.security.AccessController.doPrivileged(Native Method)
	at java.rmi/sun.rmi.transport.Transport.serviceCall(Transport.java:196)
	at java.rmi/sun.rmi.transport.tcp.TCPTransport.handleMessages(TCPTransport.java:562)
	at java.rmi/sun.rmi.transport.tcp.TCPTransport$ConnectionHandler.run0(TCPTransport.java:796)
	at java.rmi/sun.rmi.transport.tcp.TCPTransport$ConnectionHandler.lambda$run$0(TCPTransport.java:677)
	at java.base/java.security.AccessController.doPrivileged(Native Method)
	at java.rmi/sun.rmi.transport.tcp.TCPTransport$ConnectionHandler.run(TCPTransport.java:676)
	at java.base/java.util.concurrent.ThreadPoolExecutor.runWorker(ThreadPoolExecutor.java:1128)
	at java.base/java.util.concurrent.ThreadPoolExecutor$Worker.run(ThreadPoolExecutor.java:628)
	... 1 common frames omitted
Caused by: java.lang.ClassNotFoundException: expect to get instruction without BasicBlock already set
	at org.evosuite.instrumentation.InstrumentingClassLoader.instrumentClass(InstrumentingClassLoader.java:158)
	at org.evosuite.instrumentation.InstrumentingClassLoader.loadClass(InstrumentingClassLoader.java:126)
	at org.evosuite.utils.generic.GenericClassImpl.getClass(GenericClassImpl.java:139)
	at org.evosuite.utils.generic.GenericClassImpl.getClass(GenericClassImpl.java:105)
	at org.evosuite.utils.generic.GenericClassImpl.readObject(GenericClassImpl.java:1671)
	at jdk.internal.reflect.GeneratedMethodAccessor9.invoke(Unknown Source)
	at java.base/jdk.internal.reflect.DelegatingMethodAccessorImpl.invoke(DelegatingMethodAccessorImpl.java:43)
	at java.base/java.lang.reflect.Method.invoke(Method.java:566)
	at java.base/java.io.ObjectStreamClass.invokeReadObject(ObjectStreamClass.java:1046)
	at java.base/java.io.ObjectInputStream.readSerialData(ObjectInputStream.java:2357)
	at java.base/java.io.ObjectInputStream.readOrdinaryObject(ObjectInputStream.java:2228)
	at java.base/java.io.ObjectInputStream.readObject0(ObjectInputStream.java:1687)
	at java.base/java.io.ObjectInputStream.defaultReadFields(ObjectInputStream.java:2496)
	at java.base/java.io.ObjectInputStream.readSerialData(ObjectInputStream.java:2390)
	at java.base/java.io.ObjectInputStream.readOrdinaryObject(ObjectInputStream.java:2228)
	at java.base/java.io.ObjectInputStream.readObject0(ObjectInputStream.java:1687)
	at java.base/java.io.ObjectInputStream.defaultReadFields(ObjectInputStream.java:2496)
	at java.base/java.io.ObjectInputStream.readSerialData(ObjectInputStream.java:2390)
	at java.base/java.io.ObjectInputStream.readOrdinaryObject(ObjectInputStream.java:2228)
	at java.base/java.io.ObjectInputStream.readObject0(ObjectInputStream.java:1687)
	at java.base/java.io.ObjectInputStream.readObject(ObjectInputStream.java:489)
	at java.base/java.io.ObjectInputStream.readObject(ObjectInputStream.java:447)
	at java.base/java.util.ArrayList.readObject(ArrayList.java:929)
	at java.base/jdk.internal.reflect.GeneratedMethodAccessor7.invoke(Unknown Source)
	at java.base/jdk.internal.reflect.DelegatingMethodAccessorImpl.invoke(DelegatingMethodAccessorImpl.java:43)
	at java.base/java.lang.reflect.Method.invoke(Method.java:566)
	at java.base/java.io.ObjectStreamClass.invokeReadObject(ObjectStreamClass.java:1046)
	at java.base/java.io.ObjectInputStream.readSerialData(ObjectInputStream.java:2357)
	at java.base/java.io.ObjectInputStream.readOrdinaryObject(ObjectInputStream.java:2228)
	at java.base/java.io.ObjectInputStream.readObject0(ObjectInputStream.java:1687)
	at java.base/java.io.ObjectInputStream.defaultReadFields(ObjectInputStream.java:2496)
	at java.base/java.io.ObjectInputStream.readSerialData(ObjectInputStream.java:2390)
	at java.base/java.io.ObjectInputStream.readOrdinaryObject(ObjectInputStream.java:2228)
	at java.base/java.io.ObjectInputStream.readObject0(ObjectInputStream.java:1687)
	at java.base/java.io.ObjectInputStream.defaultReadFields(ObjectInputStream.java:2496)
	at java.base/java.io.ObjectInputStream.defaultReadObject(ObjectInputStream.java:625)
	at org.evosuite.testcase.DefaultTestCase.readObject(DefaultTestCase.java:1217)
	at jdk.internal.reflect.GeneratedMethodAccessor14.invoke(Unknown Source)
	at java.base/jdk.internal.reflect.DelegatingMethodAccessorImpl.invoke(DelegatingMethodAccessorImpl.java:43)
	at java.base/java.lang.reflect.Method.invoke(Method.java:566)
	at java.base/java.io.ObjectStreamClass.invokeReadObject(ObjectStreamClass.java:1046)
	at java.base/java.io.ObjectInputStream.readSerialData(ObjectInputStream.java:2357)
	at java.base/java.io.ObjectInputStream.readOrdinaryObject(ObjectInputStream.java:2228)
	at java.base/java.io.ObjectInputStream.readObject0(ObjectInputStream.java:1687)
	at java.base/java.io.ObjectInputStream.defaultReadFields(ObjectInputStream.java:2496)
	at java.base/java.io.ObjectInputStream.readSerialData(ObjectInputStream.java:2390)
	at java.base/java.io.ObjectInputStream.readOrdinaryObject(ObjectInputStream.java:2228)
	at java.base/java.io.ObjectInputStream.readObject0(ObjectInputStream.java:1687)
	at java.base/java.io.ObjectInputStream.readObject(ObjectInputStream.java:489)
	at java.base/java.io.ObjectInputStream.readObject(ObjectInputStream.java:447)
	at java.base/java.util.ArrayList.readObject(ArrayList.java:929)
	at java.base/jdk.internal.reflect.GeneratedMethodAccessor7.invoke(Unknown Source)
	at java.base/jdk.internal.reflect.DelegatingMethodAccessorImpl.invoke(DelegatingMethodAccessorImpl.java:43)
	at java.base/java.lang.reflect.Method.invoke(Method.java:566)
	at java.base/java.io.ObjectStreamClass.invokeReadObject(ObjectStreamClass.java:1046)
	at java.base/java.io.ObjectInputStream.readSerialData(ObjectInputStream.java:2357)
	at java.base/java.io.ObjectInputStream.readOrdinaryObject(ObjectInputStream.java:2228)
	at java.base/java.io.ObjectInputStream.readObject0(ObjectInputStream.java:1687)
	at java.base/java.io.ObjectInputStream.defaultReadFields(ObjectInputStream.java:2496)
	at java.base/java.io.ObjectInputStream.readSerialData(ObjectInputStream.java:2390)
	at java.base/java.io.ObjectInputStream.readOrdinaryObject(ObjectInputStream.java:2228)
	at java.base/java.io.ObjectInputStream.readObject0(ObjectInputStream.java:1687)
	at java.base/java.io.ObjectInputStream.readObject(ObjectInputStream.java:489)
	at java.base/java.io.ObjectInputStream.readObject(ObjectInputStream.java:447)
	at java.rmi/sun.rmi.server.UnicastRef.unmarshalValue(UnicastRef.java:327)
	at java.rmi/sun.rmi.server.UnicastServerRef.dispatch(UnicastServerRef.java:339)
	... 12 common frames omitted
Caused by: java.lang.IllegalArgumentException: expect to get instruction without BasicBlock already set
	at org.evosuite.graphs.cfg.BasicBlock.appendInstruction(BasicBlock.java:225)
	at org.evosuite.graphs.cfg.BasicBlock.setInstructions(BasicBlock.java:206)
	at org.evosuite.graphs.cfg.BasicBlock.<init>(BasicBlock.java:106)
	at org.evosuite.graphs.cfg.RawControlFlowGraph.determineBasicBlockFor(RawControlFlowGraph.java:314)
	at org.evosuite.graphs.cfg.ActualControlFlowGraph.computeNodes(ActualControlFlowGraph.java:295)
	at org.evosuite.graphs.cfg.ActualControlFlowGraph.computeGraph(ActualControlFlowGraph.java:262)
	at org.evosuite.graphs.cfg.ActualControlFlowGraph.<init>(ActualControlFlowGraph.java:97)
	at org.evosuite.graphs.cfg.CFGGenerator.computeActualCFG(CFGGenerator.java:218)
	at org.evosuite.graphs.cfg.CFGGenerator.registerCFGs(CFGGenerator.java:102)
	at org.evosuite.graphs.cfg.CFGMethodAdapter.visitEnd(CFGMethodAdapter.java:219)
	at org.evosuite.shaded.org.objectweb.asm.MethodVisitor.visitEnd(MethodVisitor.java:783)
	at org.evosuite.shaded.org.objectweb.asm.MethodVisitor.visitEnd(MethodVisitor.java:783)
	at org.evosuite.shaded.org.objectweb.asm.MethodVisitor.visitEnd(MethodVisitor.java:783)
	at org.evosuite.shaded.org.objectweb.asm.tree.MethodNode.accept(MethodNode.java:772)
	at org.evosuite.shaded.org.objectweb.asm.tree.MethodNode.accept(MethodNode.java:649)
	at org.evosuite.shaded.org.objectweb.asm.tree.ClassNode.accept(ClassNode.java:452)
	at org.evosuite.instrumentation.BytecodeInstrumentation.transformBytes(BytecodeInstrumentation.java:282)
	at org.evosuite.instrumentation.InstrumentingClassLoader.getTransformedBytes(InstrumentingClassLoader.java:135)
	at org.evosuite.instrumentation.InstrumentingClassLoader.instrumentClass(InstrumentingClassLoader.java:149)
	... 77 common frames omitted
[Progress:============================> 95%] [Cov:============================>      81%][Progress:============================> 95%] [Cov:============================>      81%][Progress:============================> 95%] [Cov:============================>      81%][Progress:============================> 95%] [Cov:============================>      81%][Progress:============================> 95%] [Cov:============================>      81%][Progress:============================> 96%] [Cov:============================>      81%][Progress:============================> 96%] [Cov:============================>      81%]GWO iteration=240 bestFitness=107.95238083537129 population=50 a=0.0
========== GWO EVOLVE iteration=240 population=50 ==========
[Progress:=============================>97%] [Cov:============================>      81%][Progress:=============================>97%] [Cov:============================>      81%][Progress:=============================>98%] [Cov:============================>      81%][Progress:=============================>98%] [Cov:============================>      81%][Progress:=============================>98%] [Cov:============================>      81%][Progress:=============================>99%] [Cov:============================>      81%][Progress:=============================>99%] [Cov:============================>      81%][Progress:=============================>99%] [Cov:============================>      81%][Progress:==============================100%] [Cov:============================>      81%][Progress:==============================100%] [Cov:============================>      81%][Progress:==============================100%] [Cov:============================>      81%][Progress:==============================100%] [Cov:============================>      81%][Progress:==============================100%] [Cov:============================>      82%][MASTER] 07:43:08.377 [logback-1] WARN  ClientNodeImpl - Cannot send statistics to master; continuing without statistics
java.rmi.ServerException: RemoteException occurred in server thread; nested exception is: 
	java.rmi.UnmarshalException: error unmarshalling arguments; nested exception is: 
	java.lang.ClassNotFoundException: expect to get instruction without BasicBlock already set
	at java.rmi/sun.rmi.server.UnicastServerRef.dispatch(UnicastServerRef.java:391)
	at java.rmi/sun.rmi.transport.Transport$1.run(Transport.java:200)
	at java.rmi/sun.rmi.transport.Transport$1.run(Transport.java:197)
	at java.base/java.security.AccessController.doPrivileged(Native Method)
	at java.rmi/sun.rmi.transport.Transport.serviceCall(Transport.java:196)
	at java.rmi/sun.rmi.transport.tcp.TCPTransport.handleMessages(TCPTransport.java:562)
	at java.rmi/sun.rmi.transport.tcp.TCPTransport$ConnectionHandler.run0(TCPTransport.java:796)
	at java.rmi/sun.rmi.transport.tcp.TCPTransport$ConnectionHandler.lambda$run$0(TCPTransport.java:677)
	at java.base/java.security.AccessController.doPrivileged(Native Method)
	at java.rmi/sun.rmi.transport.tcp.TCPTransport$ConnectionHandler.run(TCPTransport.java:676)
	at java.base/java.util.concurrent.ThreadPoolExecutor.runWorker(ThreadPoolExecutor.java:1128)
	at java.base/java.util.concurrent.ThreadPoolExecutor$Worker.run(ThreadPoolExecutor.java:628)
	at java.base/java.lang.Thread.run(Thread.java:829)
	at java.rmi/sun.rmi.transport.StreamRemoteCall.exceptionReceivedFromServer(StreamRemoteCall.java:303)
	at java.rmi/sun.rmi.transport.StreamRemoteCall.executeCall(StreamRemoteCall.java:279)
	at java.rmi/sun.rmi.server.UnicastRef.invoke(UnicastRef.java:164)
	at java.rmi/java.rmi.server.RemoteObjectInvocationHandler.invokeRemoteMethod(RemoteObjectInvocationHandler.java:217)
	at java.rmi/java.rmi.server.RemoteObjectInvocationHandler.invoke(RemoteObjectInvocationHandler.java:162)
	at com.sun.proxy.$Proxy7.evosuite_collectStatistics(Unknown Source)
	at org.evosuite.rmi.service.ClientNodeImpl.updateStatistics(ClientNodeImpl.java:251)
	at org.evosuite.statistics.StatisticsSender.sendIndividualToMaster(StatisticsSender.java:62)
	at org.evosuite.statistics.StatisticsListener.lambda$new$0(StatisticsListener.java:76)
	at java.base/java.lang.Thread.run(Thread.java:829)
Caused by: java.rmi.UnmarshalException: error unmarshalling arguments; nested exception is: 
	java.lang.ClassNotFoundException: expect to get instruction without BasicBlock already set
	at java.rmi/sun.rmi.server.UnicastServerRef.dispatch(UnicastServerRef.java:350)
	at java.rmi/sun.rmi.transport.Transport$1.run(Transport.java:200)
	at java.rmi/sun.rmi.transport.Transport$1.run(Transport.java:197)
	at java.base/java.security.AccessController.doPrivileged(Native Method)
	at java.rmi/sun.rmi.transport.Transport.serviceCall(Transport.java:196)
	at java.rmi/sun.rmi.transport.tcp.TCPTransport.handleMessages(TCPTransport.java:562)
	at java.rmi/sun.rmi.transport.tcp.TCPTransport$ConnectionHandler.run0(TCPTransport.java:796)
	at java.rmi/sun.rmi.transport.tcp.TCPTransport$ConnectionHandler.lambda$run$0(TCPTransport.java:677)
	at java.base/java.security.AccessController.doPrivileged(Native Method)
	at java.rmi/sun.rmi.transport.tcp.TCPTransport$ConnectionHandler.run(TCPTransport.java:676)
	at java.base/java.util.concurrent.ThreadPoolExecutor.runWorker(ThreadPoolExecutor.java:1128)
	at java.base/java.util.concurrent.ThreadPoolExecutor$Worker.run(ThreadPoolExecutor.java:628)
	... 1 common frames omitted
Caused by: java.lang.ClassNotFoundException: expect to get instruction without BasicBlock already set
	at org.evosuite.instrumentation.InstrumentingClassLoader.instrumentClass(InstrumentingClassLoader.java:158)
	at org.evosuite.instrumentation.InstrumentingClassLoader.loadClass(InstrumentingClassLoader.java:126)
	at org.evosuite.utils.generic.GenericClassImpl.getClass(GenericClassImpl.java:139)
	at org.evosuite.utils.generic.GenericClassImpl.getClass(GenericClassImpl.java:105)
	at org.evosuite.utils.generic.GenericClassImpl.readObject(GenericClassImpl.java:1671)
	at jdk.internal.reflect.GeneratedMethodAccessor9.invoke(Unknown Source)
	at java.base/jdk.internal.reflect.DelegatingMethodAccessorImpl.invoke(DelegatingMethodAccessorImpl.java:43)
	at java.base/java.lang.reflect.Method.invoke(Method.java:566)
	at java.base/java.io.ObjectStreamClass.invokeReadObject(ObjectStreamClass.java:1046)
	at java.base/java.io.ObjectInputStream.readSerialData(ObjectInputStream.java:2357)
	at java.base/java.io.ObjectInputStream.readOrdinaryObject(ObjectInputStream.java:2228)
	at java.base/java.io.ObjectInputStream.readObject0(ObjectInputStream.java:1687)
	at java.base/java.io.ObjectInputStream.defaultReadFields(ObjectInputStream.java:2496)
	at java.base/java.io.ObjectInputStream.readSerialData(ObjectInputStream.java:2390)
	at java.base/java.io.ObjectInputStream.readOrdinaryObject(ObjectInputStream.java:2228)
	at java.base/java.io.ObjectInputStream.readObject0(ObjectInputStream.java:1687)
	at java.base/java.io.ObjectInputStream.defaultReadFields(ObjectInputStream.java:2496)
	at java.base/java.io.ObjectInputStream.readSerialData(ObjectInputStream.java:2390)
	at java.base/java.io.ObjectInputStream.readOrdinaryObject(ObjectInputStream.java:2228)
	at java.base/java.io.ObjectInputStream.readObject0(ObjectInputStream.java:1687)
	at java.base/java.io.ObjectInputStream.readObject(ObjectInputStream.java:489)
	at java.base/java.io.ObjectInputStream.readObject(ObjectInputStream.java:447)
	at java.base/java.util.ArrayList.readObject(ArrayList.java:929)
	at java.base/jdk.internal.reflect.GeneratedMethodAccessor7.invoke(Unknown Source)
	at java.base/jdk.internal.reflect.DelegatingMethodAccessorImpl.invoke(DelegatingMethodAccessorImpl.java:43)
	at java.base/java.lang.reflect.Method.invoke(Method.java:566)
	at java.base/java.io.ObjectStreamClass.invokeReadObject(ObjectStreamClass.java:1046)
	at java.base/java.io.ObjectInputStream.readSerialData(ObjectInputStream.java:2357)
	at java.base/java.io.ObjectInputStream.readOrdinaryObject(ObjectInputStream.java:2228)
	at java.base/java.io.ObjectInputStream.readObject0(ObjectInputStream.java:1687)
	at java.base/java.io.ObjectInputStream.defaultReadFields(ObjectInputStream.java:2496)
	at java.base/java.io.ObjectInputStream.readSerialData(ObjectInputStream.java:2390)
	at java.base/java.io.ObjectInputStream.readOrdinaryObject(ObjectInputStream.java:2228)
	at java.base/java.io.ObjectInputStream.readObject0(ObjectInputStream.java:1687)
	at java.base/java.io.ObjectInputStream.defaultReadFields(ObjectInputStream.java:2496)
	at java.base/java.io.ObjectInputStream.defaultReadObject(ObjectInputStream.java:625)
	at org.evosuite.testcase.DefaultTestCase.readObject(DefaultTestCase.java:1217)
	at jdk.internal.reflect.GeneratedMethodAccessor14.invoke(Unknown Source)
	at java.base/jdk.internal.reflect.DelegatingMethodAccessorImpl.invoke(DelegatingMethodAccessorImpl.java:43)
	at java.base/java.lang.reflect.Method.invoke(Method.java:566)
	at java.base/java.io.ObjectStreamClass.invokeReadObject(ObjectStreamClass.java:1046)
	at java.base/java.io.ObjectInputStream.readSerialData(ObjectInputStream.java:2357)
	at java.base/java.io.ObjectInputStream.readOrdinaryObject(ObjectInputStream.java:2228)
	at java.base/java.io.ObjectInputStream.readObject0(ObjectInputStream.java:1687)
	at java.base/java.io.ObjectInputStream.defaultReadFields(ObjectInputStream.java:2496)
	at java.base/java.io.ObjectInputStream.readSerialData(ObjectInputStream.java:2390)
	at java.base/java.io.ObjectInputStream.readOrdinaryObject(ObjectInputStream.java:2228)
	at java.base/java.io.ObjectInputStream.readObject0(ObjectInputStream.java:1687)
	at java.base/java.io.ObjectInputStream.readObject(ObjectInputStream.java:489)
	at java.base/java.io.ObjectInputStream.readObject(ObjectInputStream.java:447)
	at java.base/java.util.ArrayList.readObject(ArrayList.java:929)
	at java.base/jdk.internal.reflect.GeneratedMethodAccessor7.invoke(Unknown Source)
	at java.base/jdk.internal.reflect.DelegatingMethodAccessorImpl.invoke(DelegatingMethodAccessorImpl.java:43)
	at java.base/java.lang.reflect.Method.invoke(Method.java:566)
	at java.base/java.io.ObjectStreamClass.invokeReadObject(ObjectStreamClass.java:1046)
	at java.base/java.io.ObjectInputStream.readSerialData(ObjectInputStream.java:2357)
	at java.base/java.io.ObjectInputStream.readOrdinaryObject(ObjectInputStream.java:2228)
	at java.base/java.io.ObjectInputStream.readObject0(ObjectInputStream.java:1687)
	at java.base/java.io.ObjectInputStream.defaultReadFields(ObjectInputStream.java:2496)
	at java.base/java.io.ObjectInputStream.readSerialData(ObjectInputStream.java:2390)
	at java.base/java.io.ObjectInputStream.readOrdinaryObject(ObjectInputStream.java:2228)
	at java.base/java.io.ObjectInputStream.readObject0(ObjectInputStream.java:1687)
	at java.base/java.io.ObjectInputStream.readObject(ObjectInputStream.java:489)
	at java.base/java.io.ObjectInputStream.readObject(ObjectInputStream.java:447)
	at java.rmi/sun.rmi.server.UnicastRef.unmarshalValue(UnicastRef.java:327)
	at java.rmi/sun.rmi.server.UnicastServerRef.dispatch(UnicastServerRef.java:339)
	... 12 common frames omitted
Caused by: java.lang.IllegalArgumentException: expect to get instruction without BasicBlock already set
	at org.evosuite.graphs.cfg.BasicBlock.appendInstruction(BasicBlock.java:225)
	at org.evosuite.graphs.cfg.BasicBlock.setInstructions(BasicBlock.java:206)
	at org.evosuite.graphs.cfg.BasicBlock.<init>(BasicBlock.java:106)
	at org.evosuite.graphs.cfg.RawControlFlowGraph.determineBasicBlockFor(RawControlFlowGraph.java:314)
	at org.evosuite.graphs.cfg.ActualControlFlowGraph.computeNodes(ActualControlFlowGraph.java:295)
	at org.evosuite.graphs.cfg.ActualControlFlowGraph.computeGraph(ActualControlFlowGraph.java:262)
	at org.evosuite.graphs.cfg.ActualControlFlowGraph.<init>(ActualControlFlowGraph.java:97)
	at org.evosuite.graphs.cfg.CFGGenerator.computeActualCFG(CFGGenerator.java:218)
	at org.evosuite.graphs.cfg.CFGGenerator.registerCFGs(CFGGenerator.java:102)
	at org.evosuite.graphs.cfg.CFGMethodAdapter.visitEnd(CFGMethodAdapter.java:219)
	at org.evosuite.shaded.org.objectweb.asm.MethodVisitor.visitEnd(MethodVisitor.java:783)
	at org.evosuite.shaded.org.objectweb.asm.MethodVisitor.visitEnd(MethodVisitor.java:783)
	at org.evosuite.shaded.org.objectweb.asm.MethodVisitor.visitEnd(MethodVisitor.java:783)
	at org.evosuite.shaded.org.objectweb.asm.tree.MethodNode.accept(MethodNode.java:772)
	at org.evosuite.shaded.org.objectweb.asm.tree.MethodNode.accept(MethodNode.java:649)
	at org.evosuite.shaded.org.objectweb.asm.tree.ClassNode.accept(ClassNode.java:452)
	at org.evosuite.instrumentation.BytecodeInstrumentation.transformBytes(BytecodeInstrumentation.java:282)
	at org.evosuite.instrumentation.InstrumentingClassLoader.getTransformedBytes(InstrumentingClassLoader.java:135)
	at org.evosuite.instrumentation.InstrumentingClassLoader.instrumentClass(InstrumentingClassLoader.java:149)
	... 77 common frames omitted

* Search finished after 124s and 248 generations, 117708 statements, best individual has fitness: 108.09523797822843
[MASTER] 07:43:18.239 [logback-1] WARN  ClientNodeImpl - Cannot send statistics to master; continuing without statistics
java.rmi.ServerException: RemoteException occurred in server thread; nested exception is: 
	java.rmi.UnmarshalException: error unmarshalling arguments; nested exception is: 
	java.lang.ClassNotFoundException: expect to get instruction without BasicBlock already set
	at java.rmi/sun.rmi.server.UnicastServerRef.dispatch(UnicastServerRef.java:391)
	at java.rmi/sun.rmi.transport.Transport$1.run(Transport.java:200)
	at java.rmi/sun.rmi.transport.Transport$1.run(Transport.java:197)
	at java.base/java.security.AccessController.doPrivileged(Native Method)
	at java.rmi/sun.rmi.transport.Transport.serviceCall(Transport.java:196)
	at java.rmi/sun.rmi.transport.tcp.TCPTransport.handleMessages(TCPTransport.java:562)
	at java.rmi/sun.rmi.transport.tcp.TCPTransport$ConnectionHandler.run0(TCPTransport.java:796)
	at java.rmi/sun.rmi.transport.tcp.TCPTransport$ConnectionHandler.lambda$run$0(TCPTransport.java:677)
	at java.base/java.security.AccessController.doPrivileged(Native Method)
	at java.rmi/sun.rmi.transport.tcp.TCPTransport$ConnectionHandler.run(TCPTransport.java:676)
	at java.base/java.util.concurrent.ThreadPoolExecutor.runWorker(ThreadPoolExecutor.java:1128)
	at java.base/java.util.concurrent.ThreadPoolExecutor$Worker.run(ThreadPoolExecutor.java:628)
	at java.base/java.lang.Thread.run(Thread.java:829)
	at java.rmi/sun.rmi.transport.StreamRemoteCall.exceptionReceivedFromServer(StreamRemoteCall.java:303)
	at java.rmi/sun.rmi.transport.StreamRemoteCall.executeCall(StreamRemoteCall.java:279)
	at java.rmi/sun.rmi.server.UnicastRef.invoke(UnicastRef.java:164)
	at java.rmi/java.rmi.server.RemoteObjectInvocationHandler.invokeRemoteMethod(RemoteObjectInvocationHandler.java:217)
	at java.rmi/java.rmi.server.RemoteObjectInvocationHandler.invoke(RemoteObjectInvocationHandler.java:162)
	at com.sun.proxy.$Proxy7.evosuite_collectStatistics(Unknown Source)
	at org.evosuite.rmi.service.ClientNodeImpl.updateStatistics(ClientNodeImpl.java:251)
	at org.evosuite.statistics.StatisticsSender.sendIndividualToMaster(StatisticsSender.java:62)
	at org.evosuite.statistics.StatisticsListener.lambda$new$0(StatisticsListener.java:76)
	at java.base/java.lang.Thread.run(Thread.java:829)
Caused by: java.rmi.UnmarshalException: error unmarshalling arguments; nested exception is: 
	java.lang.ClassNotFoundException: expect to get instruction without BasicBlock already set
	at java.rmi/sun.rmi.server.UnicastServerRef.dispatch(UnicastServerRef.java:350)
	at java.rmi/sun.rmi.transport.Transport$1.run(Transport.java:200)
	at java.rmi/sun.rmi.transport.Transport$1.run(Transport.java:197)
	at java.base/java.security.AccessController.doPrivileged(Native Method)
	at java.rmi/sun.rmi.transport.Transport.serviceCall(Transport.java:196)
	at java.rmi/sun.rmi.transport.tcp.TCPTransport.handleMessages(TCPTransport.java:562)
	at java.rmi/sun.rmi.transport.tcp.TCPTransport$ConnectionHandler.run0(TCPTransport.java:796)
	at java.rmi/sun.rmi.transport.tcp.TCPTransport$ConnectionHandler.lambda$run$0(TCPTransport.java:677)
	at java.base/java.security.AccessController.doPrivileged(Native Method)
	at java.rmi/sun.rmi.transport.tcp.TCPTransport$ConnectionHandler.run(TCPTransport.java:676)
	at java.base/java.util.concurrent.ThreadPoolExecutor.runWorker(ThreadPoolExecutor.java:1128)
	at java.base/java.util.concurrent.ThreadPoolExecutor$Worker.run(ThreadPoolExecutor.java:628)
	... 1 common frames omitted
Caused by: java.lang.ClassNotFoundException: expect to get instruction without BasicBlock already set
	at org.evosuite.instrumentation.InstrumentingClassLoader.instrumentClass(InstrumentingClassLoader.java:158)
	at org.evosuite.instrumentation.InstrumentingClassLoader.loadClass(InstrumentingClassLoader.java:126)
	at org.evosuite.utils.generic.GenericClassImpl.getClass(GenericClassImpl.java:139)
	at org.evosuite.utils.generic.GenericClassImpl.getClass(GenericClassImpl.java:105)
	at org.evosuite.utils.generic.GenericClassImpl.readObject(GenericClassImpl.java:1671)
	at jdk.internal.reflect.GeneratedMethodAccessor9.invoke(Unknown Source)
	at java.base/jdk.internal.reflect.DelegatingMethodAccessorImpl.invoke(DelegatingMethodAccessorImpl.java:43)
	at java.base/java.lang.reflect.Method.invoke(Method.java:566)
	at java.base/java.io.ObjectStreamClass.invokeReadObject(ObjectStreamClass.java:1046)
	at java.base/java.io.ObjectInputStream.readSerialData(ObjectInputStream.java:2357)
	at java.base/java.io.ObjectInputStream.readOrdinaryObject(ObjectInputStream.java:2228)
	at java.base/java.io.ObjectInputStream.readObject0(ObjectInputStream.java:1687)
	at java.base/java.io.ObjectInputStream.defaultReadFields(ObjectInputStream.java:2496)
	at java.base/java.io.ObjectInputStream.readSerialData(ObjectInputStream.java:2390)
	at java.base/java.io.ObjectInputStream.readOrdinaryObject(ObjectInputStream.java:2228)
	at java.base/java.io.ObjectInputStream.readObject0(ObjectInputStream.java:1687)
	at java.base/java.io.ObjectInputStream.defaultReadFields(ObjectInputStream.java:2496)
	at java.base/java.io.ObjectInputStream.readSerialData(ObjectInputStream.java:2390)
	at java.base/java.io.ObjectInputStream.readOrdinaryObject(ObjectInputStream.java:2228)
	at java.base/java.io.ObjectInputStream.readObject0(ObjectInputStream.java:1687)
	at java.base/java.io.ObjectInputStream.readObject(ObjectInputStream.java:489)
	at java.base/java.io.ObjectInputStream.readObject(ObjectInputStream.java:447)
	at java.base/java.util.ArrayList.readObject(ArrayList.java:929)
	at java.base/jdk.internal.reflect.GeneratedMethodAccessor7.invoke(Unknown Source)
	at java.base/jdk.internal.reflect.DelegatingMethodAccessorImpl.invoke(DelegatingMethodAccessorImpl.java:43)
	at java.base/java.lang.reflect.Method.invoke(Method.java:566)
	at java.base/java.io.ObjectStreamClass.invokeReadObject(ObjectStreamClass.java:1046)
	at java.base/java.io.ObjectInputStream.readSerialData(ObjectInputStream.java:2357)
	at java.base/java.io.ObjectInputStream.readOrdinaryObject(ObjectInputStream.java:2228)
	at java.base/java.io.ObjectInputStream.readObject0(ObjectInputStream.java:1687)
	at java.base/java.io.ObjectInputStream.defaultReadFields(ObjectInputStream.java:2496)
	at java.base/java.io.ObjectInputStream.readSerialData(ObjectInputStream.java:2390)
	at java.base/java.io.ObjectInputStream.readOrdinaryObject(ObjectInputStream.java:2228)
	at java.base/java.io.ObjectInputStream.readObject0(ObjectInputStream.java:1687)
	at java.base/java.io.ObjectInputStream.defaultReadFields(ObjectInputStream.java:2496)
	at java.base/java.io.ObjectInputStream.defaultReadObject(ObjectInputStream.java:625)
	at org.evosuite.testcase.DefaultTestCase.readObject(DefaultTestCase.java:1217)
	at jdk.internal.reflect.GeneratedMethodAccessor14.invoke(Unknown Source)
	at java.base/jdk.internal.reflect.DelegatingMethodAccessorImpl.invoke(DelegatingMethodAccessorImpl.java:43)
	at java.base/java.lang.reflect.Method.invoke(Method.java:566)
	at java.base/java.io.ObjectStreamClass.invokeReadObject(ObjectStreamClass.java:1046)
	at java.base/java.io.ObjectInputStream.readSerialData(ObjectInputStream.java:2357)
	at java.base/java.io.ObjectInputStream.readOrdinaryObject(ObjectInputStream.java:2228)
	at java.base/java.io.ObjectInputStream.readObject0(ObjectInputStream.java:1687)
	at java.base/java.io.ObjectInputStream.defaultReadFields(ObjectInputStream.java:2496)
	at java.base/java.io.ObjectInputStream.readSerialData(ObjectInputStream.java:2390)
	at java.base/java.io.ObjectInputStream.readOrdinaryObject(ObjectInputStream.java:2228)
	at java.base/java.io.ObjectInputStream.readObject0(ObjectInputStream.java:1687)
	at java.base/java.io.ObjectInputStream.readObject(ObjectInputStream.java:489)
	at java.base/java.io.ObjectInputStream.readObject(ObjectInputStream.java:447)
	at java.base/java.util.ArrayList.readObject(ArrayList.java:929)
	at java.base/jdk.internal.reflect.GeneratedMethodAccessor7.invoke(Unknown Source)
	at java.base/jdk.internal.reflect.DelegatingMethodAccessorImpl.invoke(DelegatingMethodAccessorImpl.java:43)
	at java.base/java.lang.reflect.Method.invoke(Method.java:566)
	at java.base/java.io.ObjectStreamClass.invokeReadObject(ObjectStreamClass.java:1046)
	at java.base/java.io.ObjectInputStream.readSerialData(ObjectInputStream.java:2357)
	at java.base/java.io.ObjectInputStream.readOrdinaryObject(ObjectInputStream.java:2228)
	at java.base/java.io.ObjectInputStream.readObject0(ObjectInputStream.java:1687)
	at java.base/java.io.ObjectInputStream.defaultReadFields(ObjectInputStream.java:2496)
	at java.base/java.io.ObjectInputStream.readSerialData(ObjectInputStream.java:2390)
	at java.base/java.io.ObjectInputStream.readOrdinaryObject(ObjectInputStream.java:2228)
	at java.base/java.io.ObjectInputStream.readObject0(ObjectInputStream.java:1687)
	at java.base/java.io.ObjectInputStream.readObject(ObjectInputStream.java:489)
	at java.base/java.io.ObjectInputStream.readObject(ObjectInputStream.java:447)
	at java.rmi/sun.rmi.server.UnicastRef.unmarshalValue(UnicastRef.java:327)
	at java.rmi/sun.rmi.server.UnicastServerRef.dispatch(UnicastServerRef.java:339)
	... 12 common frames omitted
Caused by: java.lang.IllegalArgumentException: expect to get instruction without BasicBlock already set
	at org.evosuite.graphs.cfg.BasicBlock.appendInstruction(BasicBlock.java:225)
	at org.evosuite.graphs.cfg.BasicBlock.setInstructions(BasicBlock.java:206)
	at org.evosuite.graphs.cfg.BasicBlock.<init>(BasicBlock.java:106)
	at org.evosuite.graphs.cfg.RawControlFlowGraph.determineBasicBlockFor(RawControlFlowGraph.java:314)
	at org.evosuite.graphs.cfg.ActualControlFlowGraph.computeNodes(ActualControlFlowGraph.java:295)
	at org.evosuite.graphs.cfg.ActualControlFlowGraph.computeGraph(ActualControlFlowGraph.java:262)
	at org.evosuite.graphs.cfg.ActualControlFlowGraph.<init>(ActualControlFlowGraph.java:97)
	at org.evosuite.graphs.cfg.CFGGenerator.computeActualCFG(CFGGenerator.java:218)
	at org.evosuite.graphs.cfg.CFGGenerator.registerCFGs(CFGGenerator.java:102)
	at org.evosuite.graphs.cfg.CFGMethodAdapter.visitEnd(CFGMethodAdapter.java:219)
	at org.evosuite.shaded.org.objectweb.asm.MethodVisitor.visitEnd(MethodVisitor.java:783)
	at org.evosuite.shaded.org.objectweb.asm.MethodVisitor.visitEnd(MethodVisitor.java:783)
	at org.evosuite.shaded.org.objectweb.asm.MethodVisitor.visitEnd(MethodVisitor.java:783)
	at org.evosuite.shaded.org.objectweb.asm.tree.MethodNode.accept(MethodNode.java:772)
	at org.evosuite.shaded.org.objectweb.asm.tree.MethodNode.accept(MethodNode.java:649)
	at org.evosuite.shaded.org.objectweb.asm.tree.ClassNode.accept(ClassNode.java:452)
	at org.evosuite.instrumentation.BytecodeInstrumentation.transformBytes(BytecodeInstrumentation.java:282)
	at org.evosuite.instrumentation.InstrumentingClassLoader.getTransformedBytes(InstrumentingClassLoader.java:135)
	at org.evosuite.instrumentation.InstrumentingClassLoader.instrumentClass(InstrumentingClassLoader.java:149)
	... 77 common frames omitted
[MASTER] 07:43:19.136 [logback-1] WARN  ClientNodeImpl - Cannot send statistics to master; continuing without statistics
java.rmi.ServerException: RemoteException occurred in server thread; nested exception is: 
	java.rmi.UnmarshalException: error unmarshalling arguments; nested exception is: 
	java.lang.ClassNotFoundException: expect to get instruction without BasicBlock already set
	at java.rmi/sun.rmi.server.UnicastServerRef.dispatch(UnicastServerRef.java:391)
	at java.rmi/sun.rmi.transport.Transport$1.run(Transport.java:200)
	at java.rmi/sun.rmi.transport.Transport$1.run(Transport.java:197)
	at java.base/java.security.AccessController.doPrivileged(Native Method)
	at java.rmi/sun.rmi.transport.Transport.serviceCall(Transport.java:196)
	at java.rmi/sun.rmi.transport.tcp.TCPTransport.handleMessages(TCPTransport.java:562)
	at java.rmi/sun.rmi.transport.tcp.TCPTransport$ConnectionHandler.run0(TCPTransport.java:796)
	at java.rmi/sun.rmi.transport.tcp.TCPTransport$ConnectionHandler.lambda$run$0(TCPTransport.java:677)
	at java.base/java.security.AccessController.doPrivileged(Native Method)
	at java.rmi/sun.rmi.transport.tcp.TCPTransport$ConnectionHandler.run(TCPTransport.java:676)
	at java.base/java.util.concurrent.ThreadPoolExecutor.runWorker(ThreadPoolExecutor.java:1128)
	at java.base/java.util.concurrent.ThreadPoolExecutor$Worker.run(ThreadPoolExecutor.java:628)
	at java.base/java.lang.Thread.run(Thread.java:829)
	at java.rmi/sun.rmi.transport.StreamRemoteCall.exceptionReceivedFromServer(StreamRemoteCall.java:303)
	at java.rmi/sun.rmi.transport.StreamRemoteCall.executeCall(StreamRemoteCall.java:279)
	at java.rmi/sun.rmi.server.UnicastRef.invoke(UnicastRef.java:164)
	at java.rmi/java.rmi.server.RemoteObjectInvocationHandler.invokeRemoteMethod(RemoteObjectInvocationHandler.java:217)
	at java.rmi/java.rmi.server.RemoteObjectInvocationHandler.invoke(RemoteObjectInvocationHandler.java:162)
	at com.sun.proxy.$Proxy7.evosuite_collectStatistics(Unknown Source)
	at org.evosuite.rmi.service.ClientNodeImpl.updateStatistics(ClientNodeImpl.java:251)
	at org.evosuite.statistics.StatisticsSender.sendIndividualToMaster(StatisticsSender.java:62)
	at org.evosuite.statistics.StatisticsSender.executedAndThenSendIndividualToMaster(StatisticsSender.java:91)
	at org.evosuite.TestSuiteGenerator.generateTests(TestSuiteGenerator.java:636)
	at org.evosuite.TestSuiteGenerator.generateTestSuite(TestSuiteGenerator.java:208)
	at org.evosuite.rmi.service.ClientNodeImpl.lambda$startNewSearch$0(ClientNodeImpl.java:140)
	at java.base/java.util.concurrent.Executors$RunnableAdapter.call(Executors.java:515)
	at java.base/java.util.concurrent.FutureTask.run(FutureTask.java:264)
	at java.base/java.util.concurrent.ThreadPoolExecutor.runWorker(ThreadPoolExecutor.java:1128)
	at java.base/java.util.concurrent.ThreadPoolExecutor$Worker.run(ThreadPoolExecutor.java:628)
	at java.base/java.lang.Thread.run(Thread.java:829)
Caused by: java.rmi.UnmarshalException: error unmarshalling arguments; nested exception is: 
	java.lang.ClassNotFoundException: expect to get instruction without BasicBlock already set
	at java.rmi/sun.rmi.server.UnicastServerRef.dispatch(UnicastServerRef.java:350)
	at java.rmi/sun.rmi.transport.Transport$1.run(Transport.java:200)
	at java.rmi/sun.rmi.transport.Transport$1.run(Transport.java:197)
	at java.base/java.security.AccessController.doPrivileged(Native Method)
	at java.rmi/sun.rmi.transport.Transport.serviceCall(Transport.java:196)
	at java.rmi/sun.rmi.transport.tcp.TCPTransport.handleMessages(TCPTransport.java:562)
	at java.rmi/sun.rmi.transport.tcp.TCPTransport$ConnectionHandler.run0(TCPTransport.java:796)
	at java.rmi/sun.rmi.transport.tcp.TCPTransport$ConnectionHandler.lambda$run$0(TCPTransport.java:677)
	at java.base/java.security.AccessController.doPrivileged(Native Method)
	at java.rmi/sun.rmi.transport.tcp.TCPTransport$ConnectionHandler.run(TCPTransport.java:676)
	... 3 common frames omitted
Caused by: java.lang.ClassNotFoundException: expect to get instruction without BasicBlock already set
	at org.evosuite.instrumentation.InstrumentingClassLoader.instrumentClass(InstrumentingClassLoader.java:158)
	at org.evosuite.instrumentation.InstrumentingClassLoader.loadClass(InstrumentingClassLoader.java:126)
	at org.evosuite.utils.generic.GenericClassImpl.getClass(GenericClassImpl.java:139)
	at org.evosuite.utils.generic.GenericClassImpl.getClass(GenericClassImpl.java:105)
	at org.evosuite.utils.generic.GenericClassImpl.readObject(GenericClassImpl.java:1671)
	at jdk.internal.reflect.GeneratedMethodAccessor9.invoke(Unknown Source)
	at java.base/jdk.internal.reflect.DelegatingMethodAccessorImpl.invoke(DelegatingMethodAccessorImpl.java:43)
	at java.base/java.lang.reflect.Method.invoke(Method.java:566)
	at java.base/java.io.ObjectStreamClass.invokeReadObject(ObjectStreamClass.java:1046)
	at java.base/java.io.ObjectInputStream.readSerialData(ObjectInputStream.java:2357)
	at java.base/java.io.ObjectInputStream.readOrdinaryObject(ObjectInputStream.java:2228)
	at java.base/java.io.ObjectInputStream.readObject0(ObjectInputStream.java:1687)
	at java.base/java.io.ObjectInputStream.defaultReadFields(ObjectInputStream.java:2496)
	at java.base/java.io.ObjectInputStream.readSerialData(ObjectInputStream.java:2390)
	at java.base/java.io.ObjectInputStream.readOrdinaryObject(ObjectInputStream.java:2228)
	at java.base/java.io.ObjectInputStream.readObject0(ObjectInputStream.java:1687)
	at java.base/java.io.ObjectInputStream.defaultReadFields(ObjectInputStream.java:2496)
	at java.base/java.io.ObjectInputStream.readSerialData(ObjectInputStream.java:2390)
	at java.base/java.io.ObjectInputStream.readOrdinaryObject(ObjectInputStream.java:2228)
	at java.base/java.io.ObjectInputStream.readObject0(ObjectInputStream.java:1687)
	at java.base/java.io.ObjectInputStream.readObject(ObjectInputStream.java:489)
	at java.base/java.io.ObjectInputStream.readObject(ObjectInputStream.java:447)
	at java.base/java.util.ArrayList.readObject(ArrayList.java:929)
	at java.base/jdk.internal.reflect.GeneratedMethodAccessor7.invoke(Unknown Source)
	at java.base/jdk.internal.reflect.DelegatingMethodAccessorImpl.invoke(DelegatingMethodAccessorImpl.java:43)
	at java.base/java.lang.reflect.Method.invoke(Method.java:566)
	at java.base/java.io.ObjectStreamClass.invokeReadObject(ObjectStreamClass.java:1046)
	at java.base/java.io.ObjectInputStream.readSerialData(ObjectInputStream.java:2357)
	at java.base/java.io.ObjectInputStream.readOrdinaryObject(ObjectInputStream.java:2228)
	at java.base/java.io.ObjectInputStream.readObject0(ObjectInputStream.java:1687)
	at java.base/java.io.ObjectInputStream.defaultReadFields(ObjectInputStream.java:2496)
	at java.base/java.io.ObjectInputStream.readSerialData(ObjectInputStream.java:2390)
	at java.base/java.io.ObjectInputStream.readOrdinaryObject(ObjectInputStream.java:2228)
	at java.base/java.io.ObjectInputStream.readObject0(ObjectInputStream.java:1687)
	at java.base/java.io.ObjectInputStream.defaultReadFields(ObjectInputStream.java:2496)
	at java.base/java.io.ObjectInputStream.defaultReadObject(ObjectInputStream.java:625)
	at org.evosuite.testcase.DefaultTestCase.readObject(DefaultTestCase.java:1217)
	at jdk.internal.reflect.GeneratedMethodAccessor14.invoke(Unknown Source)
	at java.base/jdk.internal.reflect.DelegatingMethodAccessorImpl.invoke(DelegatingMethodAccessorImpl.java:43)
	at java.base/java.lang.reflect.Method.invoke(Method.java:566)
	at java.base/java.io.ObjectStreamClass.invokeReadObject(ObjectStreamClass.java:1046)
	at java.base/java.io.ObjectInputStream.readSerialData(ObjectInputStream.java:2357)
	at java.base/java.io.ObjectInputStream.readOrdinaryObject(ObjectInputStream.java:2228)
	at java.base/java.io.ObjectInputStream.readObject0(ObjectInputStream.java:1687)
	at java.base/java.io.ObjectInputStream.defaultReadFields(ObjectInputStream.java:2496)
	at java.base/java.io.ObjectInputStream.readSerialData(ObjectInputStream.java:2390)
	at java.base/java.io.ObjectInputStream.readOrdinaryObject(ObjectInputStream.java:2228)
	at java.base/java.io.ObjectInputStream.readObject0(ObjectInputStream.java:1687)
	at java.base/java.io.ObjectInputStream.readObject(ObjectInputStream.java:489)
	at java.base/java.io.ObjectInputStream.readObject(ObjectInputStream.java:447)
	at java.base/java.util.ArrayList.readObject(ArrayList.java:929)
	at java.base/jdk.internal.reflect.GeneratedMethodAccessor7.invoke(Unknown Source)
	at java.base/jdk.internal.reflect.DelegatingMethodAccessorImpl.invoke(DelegatingMethodAccessorImpl.java:43)
	at java.base/java.lang.reflect.Method.invoke(Method.java:566)
	at java.base/java.io.ObjectStreamClass.invokeReadObject(ObjectStreamClass.java:1046)
	at java.base/java.io.ObjectInputStream.readSerialData(ObjectInputStream.java:2357)
	at java.base/java.io.ObjectInputStream.readOrdinaryObject(ObjectInputStream.java:2228)
	at java.base/java.io.ObjectInputStream.readObject0(ObjectInputStream.java:1687)
	at java.base/java.io.ObjectInputStream.defaultReadFields(ObjectInputStream.java:2496)
	at java.base/java.io.ObjectInputStream.readSerialData(ObjectInputStream.java:2390)
	at java.base/java.io.ObjectInputStream.readOrdinaryObject(ObjectInputStream.java:2228)
	at java.base/java.io.ObjectInputStream.readObject0(ObjectInputStream.java:1687)
	at java.base/java.io.ObjectInputStream.readObject(ObjectInputStream.java:489)
	at java.base/java.io.ObjectInputStream.readObject(ObjectInputStream.java:447)
	at java.rmi/sun.rmi.server.UnicastRef.unmarshalValue(UnicastRef.java:327)
	at java.rmi/sun.rmi.server.UnicastServerRef.dispatch(UnicastServerRef.java:339)
	... 12 common frames omitted
Caused by: java.lang.IllegalArgumentException: expect to get instruction without BasicBlock already set
	at org.evosuite.graphs.cfg.BasicBlock.appendInstruction(BasicBlock.java:225)
	at org.evosuite.graphs.cfg.BasicBlock.setInstructions(BasicBlock.java:206)
	at org.evosuite.graphs.cfg.BasicBlock.<init>(BasicBlock.java:106)
	at org.evosuite.graphs.cfg.RawControlFlowGraph.determineBasicBlockFor(RawControlFlowGraph.java:314)
	at org.evosuite.graphs.cfg.ActualControlFlowGraph.computeNodes(ActualControlFlowGraph.java:295)
	at org.evosuite.graphs.cfg.ActualControlFlowGraph.computeGraph(ActualControlFlowGraph.java:262)
	at org.evosuite.graphs.cfg.ActualControlFlowGraph.<init>(ActualControlFlowGraph.java:97)
	at org.evosuite.graphs.cfg.CFGGenerator.computeActualCFG(CFGGenerator.java:218)
	at org.evosuite.graphs.cfg.CFGGenerator.registerCFGs(CFGGenerator.java:102)
	at org.evosuite.graphs.cfg.CFGMethodAdapter.visitEnd(CFGMethodAdapter.java:219)
	at org.evosuite.shaded.org.objectweb.asm.MethodVisitor.visitEnd(MethodVisitor.java:783)
	at org.evosuite.shaded.org.objectweb.asm.MethodVisitor.visitEnd(MethodVisitor.java:783)
	at org.evosuite.shaded.org.objectweb.asm.MethodVisitor.visitEnd(MethodVisitor.java:783)
	at org.evosuite.shaded.org.objectweb.asm.tree.MethodNode.accept(MethodNode.java:772)
	at org.evosuite.shaded.org.objectweb.asm.tree.MethodNode.accept(MethodNode.java:649)
	at org.evosuite.shaded.org.objectweb.asm.tree.ClassNode.accept(ClassNode.java:452)
	at org.evosuite.instrumentation.BytecodeInstrumentation.transformBytes(BytecodeInstrumentation.java:282)
	at org.evosuite.instrumentation.InstrumentingClassLoader.getTransformedBytes(InstrumentingClassLoader.java:135)
	at org.evosuite.instrumentation.InstrumentingClassLoader.instrumentClass(InstrumentingClassLoader.java:149)
	... 77 common frames omitted
[MASTER] 07:43:19.145 [logback-1] WARN  TimeController - Phase SEARCH lasted too long, 12 seconds more than allowed.
* Minimizing test suite
* Going to analyze the coverage criteria
* Coverage analysis for criterion LINE
* Coverage of criterion LINE: 88%
* Total number of goals: 167
* Number of covered goals: 147
* Coverage analysis for criterion BRANCH
* Coverage of criterion BRANCH: 80%
* Total number of goals: 98
* Number of covered goals: 78
* Coverage analysis for criterion EXCEPTION
* Coverage of criterion EXCEPTION: 100%
* Total number of goals: 6
* Number of covered goals: 6
* Coverage analysis for criterion WEAKMUTATION
* Coverage of criterion WEAKMUTATION: 92%
* Total number of goals: 226
* Number of covered goals: 208
* Coverage analysis for criterion OUTPUT
* Coverage of criterion OUTPUT: 33%
* Total number of goals: 9
* Number of covered goals: 3
* Coverage analysis for criterion METHOD
* Coverage of criterion METHOD: 100%
* Total number of goals: 3
* Number of covered goals: 3
* Coverage analysis for criterion METHODNOEXCEPTION
* Coverage of criterion METHODNOEXCEPTION: 100%
* Total number of goals: 3
* Number of covered goals: 3
* Coverage analysis for criterion CBRANCH
* Coverage of criterion CBRANCH: 64%
* Total number of goals: 98
* Number of covered goals: 63
* Generated 17 tests with total length 17
* Resulting test suite's coverage: 82% (average coverage for all fitness functions)
[MASTER] 07:43:20.734 [logback-1] WARN  ClientNodeImpl - Cannot send statistics to master; continuing without statistics
java.rmi.ServerException: RemoteException occurred in server thread; nested exception is: 
	java.rmi.UnmarshalException: error unmarshalling arguments; nested exception is: 
	java.lang.ClassNotFoundException: expect to get instruction without BasicBlock already set
	at java.rmi/sun.rmi.server.UnicastServerRef.dispatch(UnicastServerRef.java:391)
	at java.rmi/sun.rmi.transport.Transport$1.run(Transport.java:200)
	at java.rmi/sun.rmi.transport.Transport$1.run(Transport.java:197)
	at java.base/java.security.AccessController.doPrivileged(Native Method)
	at java.rmi/sun.rmi.transport.Transport.serviceCall(Transport.java:196)
	at java.rmi/sun.rmi.transport.tcp.TCPTransport.handleMessages(TCPTransport.java:562)
	at java.rmi/sun.rmi.transport.tcp.TCPTransport$ConnectionHandler.run0(TCPTransport.java:796)
	at java.rmi/sun.rmi.transport.tcp.TCPTransport$ConnectionHandler.lambda$run$0(TCPTransport.java:677)
	at java.base/java.security.AccessController.doPrivileged(Native Method)
	at java.rmi/sun.rmi.transport.tcp.TCPTransport$ConnectionHandler.run(TCPTransport.java:676)
	at java.base/java.util.concurrent.ThreadPoolExecutor.runWorker(ThreadPoolExecutor.java:1128)
	at java.base/java.util.concurrent.ThreadPoolExecutor$Worker.run(ThreadPoolExecutor.java:628)
	at java.base/java.lang.Thread.run(Thread.java:829)
	at java.rmi/sun.rmi.transport.StreamRemoteCall.exceptionReceivedFromServer(StreamRemoteCall.java:303)
	at java.rmi/sun.rmi.transport.StreamRemoteCall.executeCall(StreamRemoteCall.java:279)
	at java.rmi/sun.rmi.server.UnicastRef.invoke(UnicastRef.java:164)
	at java.rmi/java.rmi.server.RemoteObjectInvocationHandler.invokeRemoteMethod(RemoteObjectInvocationHandler.java:217)
	at java.rmi/java.rmi.server.RemoteObjectInvocationHandler.invoke(RemoteObjectInvocationHandler.java:162)
	at com.sun.proxy.$Proxy7.evosuite_collectStatistics(Unknown Source)
	at org.evosuite.rmi.service.ClientNodeImpl.updateStatistics(ClientNodeImpl.java:251)
	at org.evosuite.statistics.StatisticsSender.sendIndividualToMaster(StatisticsSender.java:62)
	at org.evosuite.statistics.StatisticsSender.executedAndThenSendIndividualToMaster(StatisticsSender.java:91)
	at org.evosuite.TestSuiteGenerator.postProcessTests(TestSuiteGenerator.java:445)
	at org.evosuite.TestSuiteGenerator.generateTestSuite(TestSuiteGenerator.java:218)
	at org.evosuite.rmi.service.ClientNodeImpl.lambda$startNewSearch$0(ClientNodeImpl.java:140)
	at java.base/java.util.concurrent.Executors$RunnableAdapter.call(Executors.java:515)
	at java.base/java.util.concurrent.FutureTask.run(FutureTask.java:264)
	at java.base/java.util.concurrent.ThreadPoolExecutor.runWorker(ThreadPoolExecutor.java:1128)
	at java.base/java.util.concurrent.ThreadPoolExecutor$Worker.run(ThreadPoolExecutor.java:628)
	at java.base/java.lang.Thread.run(Thread.java:829)
Caused by: java.rmi.UnmarshalException: error unmarshalling arguments; nested exception is: 
	java.lang.ClassNotFoundException: expect to get instruction without BasicBlock already set
	at java.rmi/sun.rmi.server.UnicastServerRef.dispatch(UnicastServerRef.java:350)
	at java.rmi/sun.rmi.transport.Transport$1.run(Transport.java:200)
	at java.rmi/sun.rmi.transport.Transport$1.run(Transport.java:197)
	at java.base/java.security.AccessController.doPrivileged(Native Method)
	at java.rmi/sun.rmi.transport.Transport.serviceCall(Transport.java:196)
	at java.rmi/sun.rmi.transport.tcp.TCPTransport.handleMessages(TCPTransport.java:562)
	at java.rmi/sun.rmi.transport.tcp.TCPTransport$ConnectionHandler.run0(TCPTransport.java:796)
	at java.rmi/sun.rmi.transport.tcp.TCPTransport$ConnectionHandler.lambda$run$0(TCPTransport.java:677)
	at java.base/java.security.AccessController.doPrivileged(Native Method)
	at java.rmi/sun.rmi.transport.tcp.TCPTransport$ConnectionHandler.run(TCPTransport.java:676)
	... 3 common frames omitted
Caused by: java.lang.ClassNotFoundException: expect to get instruction without BasicBlock already set
	at org.evosuite.instrumentation.InstrumentingClassLoader.instrumentClass(InstrumentingClassLoader.java:158)
	at org.evosuite.instrumentation.InstrumentingClassLoader.loadClass(InstrumentingClassLoader.java:126)
	at org.evosuite.utils.generic.GenericClassImpl.getClass(GenericClassImpl.java:139)
	at org.evosuite.utils.generic.GenericClassImpl.getClass(GenericClassImpl.java:105)
	at org.evosuite.utils.generic.GenericClassImpl.readObject(GenericClassImpl.java:1671)
	at jdk.internal.reflect.GeneratedMethodAccessor9.invoke(Unknown Source)
	at java.base/jdk.internal.reflect.DelegatingMethodAccessorImpl.invoke(DelegatingMethodAccessorImpl.java:43)
	at java.base/java.lang.reflect.Method.invoke(Method.java:566)
	at java.base/java.io.ObjectStreamClass.invokeReadObject(ObjectStreamClass.java:1046)
	at java.base/java.io.ObjectInputStream.readSerialData(ObjectInputStream.java:2357)
	at java.base/java.io.ObjectInputStream.readOrdinaryObject(ObjectInputStream.java:2228)
	at java.base/java.io.ObjectInputStream.readObject0(ObjectInputStream.java:1687)
	at java.base/java.io.ObjectInputStream.defaultReadFields(ObjectInputStream.java:2496)
	at java.base/java.io.ObjectInputStream.readSerialData(ObjectInputStream.java:2390)
	at java.base/java.io.ObjectInputStream.readOrdinaryObject(ObjectInputStream.java:2228)
	at java.base/java.io.ObjectInputStream.readObject0(ObjectInputStream.java:1687)
	at java.base/java.io.ObjectInputStream.defaultReadFields(ObjectInputStream.java:2496)
	at java.base/java.io.ObjectInputStream.readSerialData(ObjectInputStream.java:2390)
	at java.base/java.io.ObjectInputStream.readOrdinaryObject(ObjectInputStream.java:2228)
	at java.base/java.io.ObjectInputStream.readObject0(ObjectInputStream.java:1687)
	at java.base/java.io.ObjectInputStream.readObject(ObjectInputStream.java:489)
	at java.base/java.io.ObjectInputStream.readObject(ObjectInputStream.java:447)
	at java.base/java.util.ArrayList.readObject(ArrayList.java:929)
	at java.base/jdk.internal.reflect.GeneratedMethodAccessor7.invoke(Unknown Source)
	at java.base/jdk.internal.reflect.DelegatingMethodAccessorImpl.invoke(DelegatingMethodAccessorImpl.java:43)
	at java.base/java.lang.reflect.Method.invoke(Method.java:566)
	at java.base/java.io.ObjectStreamClass.invokeReadObject(ObjectStreamClass.java:1046)
	at java.base/java.io.ObjectInputStream.readSerialData(ObjectInputStream.java:2357)
	at java.base/java.io.ObjectInputStream.readOrdinaryObject(ObjectInputStream.java:2228)
	at java.base/java.io.ObjectInputStream.readObject0(ObjectInputStream.java:1687)
	at java.base/java.io.ObjectInputStream.defaultReadFields(ObjectInputStream.java:2496)
	at java.base/java.io.ObjectInputStream.readSerialData(ObjectInputStream.java:2390)
	at java.base/java.io.ObjectInputStream.readOrdinaryObject(ObjectInputStream.java:2228)
	at java.base/java.io.ObjectInputStream.readObject0(ObjectInputStream.java:1687)
	at java.base/java.io.ObjectInputStream.defaultReadFields(ObjectInputStream.java:2496)
	at java.base/java.io.ObjectInputStream.defaultReadObject(ObjectInputStream.java:625)
	at org.evosuite.testcase.DefaultTestCase.readObject(DefaultTestCase.java:1217)
	at jdk.internal.reflect.GeneratedMethodAccessor14.invoke(Unknown Source)
	at java.base/jdk.internal.reflect.DelegatingMethodAccessorImpl.invoke(DelegatingMethodAccessorImpl.java:43)
	at java.base/java.lang.reflect.Method.invoke(Method.java:566)
	at java.base/java.io.ObjectStreamClass.invokeReadObject(ObjectStreamClass.java:1046)
	at java.base/java.io.ObjectInputStream.readSerialData(ObjectInputStream.java:2357)
	at java.base/java.io.ObjectInputStream.readOrdinaryObject(ObjectInputStream.java:2228)
	at java.base/java.io.ObjectInputStream.readObject0(ObjectInputStream.java:1687)
	at java.base/java.io.ObjectInputStream.defaultReadFields(ObjectInputStream.java:2496)
	at java.base/java.io.ObjectInputStream.readSerialData(ObjectInputStream.java:2390)
	at java.base/java.io.ObjectInputStream.readOrdinaryObject(ObjectInputStream.java:2228)
	at java.base/java.io.ObjectInputStream.readObject0(ObjectInputStream.java:1687)
	at java.base/java.io.ObjectInputStream.readObject(ObjectInputStream.java:489)
	at java.base/java.io.ObjectInputStream.readObject(ObjectInputStream.java:447)
	at java.base/java.util.ArrayList.readObject(ArrayList.java:929)
	at java.base/jdk.internal.reflect.GeneratedMethodAccessor7.invoke(Unknown Source)
	at java.base/jdk.internal.reflect.DelegatingMethodAccessorImpl.invoke(DelegatingMethodAccessorImpl.java:43)
	at java.base/java.lang.reflect.Method.invoke(Method.java:566)
	at java.base/java.io.ObjectStreamClass.invokeReadObject(ObjectStreamClass.java:1046)
	at java.base/java.io.ObjectInputStream.readSerialData(ObjectInputStream.java:2357)
	at java.base/java.io.ObjectInputStream.readOrdinaryObject(ObjectInputStream.java:2228)
	at java.base/java.io.ObjectInputStream.readObject0(ObjectInputStream.java:1687)
	at java.base/java.io.ObjectInputStream.defaultReadFields(ObjectInputStream.java:2496)
	at java.base/java.io.ObjectInputStream.readSerialData(ObjectInputStream.java:2390)
	at java.base/java.io.ObjectInputStream.readOrdinaryObject(ObjectInputStream.java:2228)
	at java.base/java.io.ObjectInputStream.readObject0(ObjectInputStream.java:1687)
	at java.base/java.io.ObjectInputStream.readObject(ObjectInputStream.java:489)
	at java.base/java.io.ObjectInputStream.readObject(ObjectInputStream.java:447)
	at java.rmi/sun.rmi.server.UnicastRef.unmarshalValue(UnicastRef.java:327)
	at java.rmi/sun.rmi.server.UnicastServerRef.dispatch(UnicastServerRef.java:339)
	... 12 common frames omitted
Caused by: java.lang.IllegalArgumentException: expect to get instruction without BasicBlock already set
	at org.evosuite.graphs.cfg.BasicBlock.appendInstruction(BasicBlock.java:225)
	at org.evosuite.graphs.cfg.BasicBlock.setInstructions(BasicBlock.java:206)
	at org.evosuite.graphs.cfg.BasicBlock.<init>(BasicBlock.java:106)
	at org.evosuite.graphs.cfg.RawControlFlowGraph.determineBasicBlockFor(RawControlFlowGraph.java:314)
	at org.evosuite.graphs.cfg.ActualControlFlowGraph.computeNodes(ActualControlFlowGraph.java:295)
	at org.evosuite.graphs.cfg.ActualControlFlowGraph.computeGraph(ActualControlFlowGraph.java:262)
	at org.evosuite.graphs.cfg.ActualControlFlowGraph.<init>(ActualControlFlowGraph.java:97)
	at org.evosuite.graphs.cfg.CFGGenerator.computeActualCFG(CFGGenerator.java:218)
	at org.evosuite.graphs.cfg.CFGGenerator.registerCFGs(CFGGenerator.java:102)
	at org.evosuite.graphs.cfg.CFGMethodAdapter.visitEnd(CFGMethodAdapter.java:219)
	at org.evosuite.shaded.org.objectweb.asm.MethodVisitor.visitEnd(MethodVisitor.java:783)
	at org.evosuite.shaded.org.objectweb.asm.MethodVisitor.visitEnd(MethodVisitor.java:783)
	at org.evosuite.shaded.org.objectweb.asm.MethodVisitor.visitEnd(MethodVisitor.java:783)
	at org.evosuite.shaded.org.objectweb.asm.tree.MethodNode.accept(MethodNode.java:772)
	at org.evosuite.shaded.org.objectweb.asm.tree.MethodNode.accept(MethodNode.java:649)
	at org.evosuite.shaded.org.objectweb.asm.tree.ClassNode.accept(ClassNode.java:452)
	at org.evosuite.instrumentation.BytecodeInstrumentation.transformBytes(BytecodeInstrumentation.java:282)
	at org.evosuite.instrumentation.InstrumentingClassLoader.getTransformedBytes(InstrumentingClassLoader.java:135)
	at org.evosuite.instrumentation.InstrumentingClassLoader.instrumentClass(InstrumentingClassLoader.java:149)
	... 77 common frames omitted
* Generating assertions
* Resulting test suite's mutation score: 36%
* Compiling and checking tests
[MASTER] 07:43:47.002 [logback-1] WARN  ClientNodeImpl - Cannot send statistics to master; continuing without statistics
java.rmi.ServerException: RemoteException occurred in server thread; nested exception is: 
	java.rmi.UnmarshalException: error unmarshalling arguments; nested exception is: 
	java.lang.ClassNotFoundException: expect to get instruction without BasicBlock already set
	at java.rmi/sun.rmi.server.UnicastServerRef.dispatch(UnicastServerRef.java:391)
	at java.rmi/sun.rmi.transport.Transport$1.run(Transport.java:200)
	at java.rmi/sun.rmi.transport.Transport$1.run(Transport.java:197)
	at java.base/java.security.AccessController.doPrivileged(Native Method)
	at java.rmi/sun.rmi.transport.Transport.serviceCall(Transport.java:196)
	at java.rmi/sun.rmi.transport.tcp.TCPTransport.handleMessages(TCPTransport.java:562)
	at java.rmi/sun.rmi.transport.tcp.TCPTransport$ConnectionHandler.run0(TCPTransport.java:796)
	at java.rmi/sun.rmi.transport.tcp.TCPTransport$ConnectionHandler.lambda$run$0(TCPTransport.java:677)
	at java.base/java.security.AccessController.doPrivileged(Native Method)
	at java.rmi/sun.rmi.transport.tcp.TCPTransport$ConnectionHandler.run(TCPTransport.java:676)
	at java.base/java.util.concurrent.ThreadPoolExecutor.runWorker(ThreadPoolExecutor.java:1128)
	at java.base/java.util.concurrent.ThreadPoolExecutor$Worker.run(ThreadPoolExecutor.java:628)
	at java.base/java.lang.Thread.run(Thread.java:829)
	at java.rmi/sun.rmi.transport.StreamRemoteCall.exceptionReceivedFromServer(StreamRemoteCall.java:303)
	at java.rmi/sun.rmi.transport.StreamRemoteCall.executeCall(StreamRemoteCall.java:279)
	at java.rmi/sun.rmi.server.UnicastRef.invoke(UnicastRef.java:164)
	at java.rmi/java.rmi.server.RemoteObjectInvocationHandler.invokeRemoteMethod(RemoteObjectInvocationHandler.java:217)
	at java.rmi/java.rmi.server.RemoteObjectInvocationHandler.invoke(RemoteObjectInvocationHandler.java:162)
	at com.sun.proxy.$Proxy7.evosuite_collectStatistics(Unknown Source)
	at org.evosuite.rmi.service.ClientNodeImpl.updateStatistics(ClientNodeImpl.java:251)
	at org.evosuite.statistics.StatisticsSender.sendIndividualToMaster(StatisticsSender.java:62)
	at org.evosuite.TestSuiteGenerator.postProcessTests(TestSuiteGenerator.java:502)
	at org.evosuite.TestSuiteGenerator.generateTestSuite(TestSuiteGenerator.java:218)
	at org.evosuite.rmi.service.ClientNodeImpl.lambda$startNewSearch$0(ClientNodeImpl.java:140)
	at java.base/java.util.concurrent.Executors$RunnableAdapter.call(Executors.java:515)
	at java.base/java.util.concurrent.FutureTask.run(FutureTask.java:264)
	at java.base/java.util.concurrent.ThreadPoolExecutor.runWorker(ThreadPoolExecutor.java:1128)
	at java.base/java.util.concurrent.ThreadPoolExecutor$Worker.run(ThreadPoolExecutor.java:628)
	at java.base/java.lang.Thread.run(Thread.java:829)
Caused by: java.rmi.UnmarshalException: error unmarshalling arguments; nested exception is: 
	java.lang.ClassNotFoundException: expect to get instruction without BasicBlock already set
	at java.rmi/sun.rmi.server.UnicastServerRef.dispatch(UnicastServerRef.java:350)
	at java.rmi/sun.rmi.transport.Transport$1.run(Transport.java:200)
	at java.rmi/sun.rmi.transport.Transport$1.run(Transport.java:197)
	at java.base/java.security.AccessController.doPrivileged(Native Method)
	at java.rmi/sun.rmi.transport.Transport.serviceCall(Transport.java:196)
	at java.rmi/sun.rmi.transport.tcp.TCPTransport.handleMessages(TCPTransport.java:562)
	at java.rmi/sun.rmi.transport.tcp.TCPTransport$ConnectionHandler.run0(TCPTransport.java:796)
	at java.rmi/sun.rmi.transport.tcp.TCPTransport$ConnectionHandler.lambda$run$0(TCPTransport.java:677)
	at java.base/java.security.AccessController.doPrivileged(Native Method)
	at java.rmi/sun.rmi.transport.tcp.TCPTransport$ConnectionHandler.run(TCPTransport.java:676)
	... 3 common frames omitted
Caused by: java.lang.ClassNotFoundException: expect to get instruction without BasicBlock already set
	at org.evosuite.instrumentation.InstrumentingClassLoader.instrumentClass(InstrumentingClassLoader.java:158)
	at org.evosuite.instrumentation.InstrumentingClassLoader.loadClass(InstrumentingClassLoader.java:126)
	at org.evosuite.utils.generic.GenericClassImpl.getClass(GenericClassImpl.java:139)
	at org.evosuite.utils.generic.GenericClassImpl.getClass(GenericClassImpl.java:105)
	at org.evosuite.utils.generic.GenericClassImpl.readObject(GenericClassImpl.java:1671)
	at jdk.internal.reflect.GeneratedMethodAccessor9.invoke(Unknown Source)
	at java.base/jdk.internal.reflect.DelegatingMethodAccessorImpl.invoke(DelegatingMethodAccessorImpl.java:43)
	at java.base/java.lang.reflect.Method.invoke(Method.java:566)
	at java.base/java.io.ObjectStreamClass.invokeReadObject(ObjectStreamClass.java:1046)
	at java.base/java.io.ObjectInputStream.readSerialData(ObjectInputStream.java:2357)
	at java.base/java.io.ObjectInputStream.readOrdinaryObject(ObjectInputStream.java:2228)
	at java.base/java.io.ObjectInputStream.readObject0(ObjectInputStream.java:1687)
	at java.base/java.io.ObjectInputStream.defaultReadFields(ObjectInputStream.java:2496)
	at java.base/java.io.ObjectInputStream.readSerialData(ObjectInputStream.java:2390)
	at java.base/java.io.ObjectInputStream.readOrdinaryObject(ObjectInputStream.java:2228)
	at java.base/java.io.ObjectInputStream.readObject0(ObjectInputStream.java:1687)
	at java.base/java.io.ObjectInputStream.defaultReadFields(ObjectInputStream.java:2496)
	at java.base/java.io.ObjectInputStream.readSerialData(ObjectInputStream.java:2390)
	at java.base/java.io.ObjectInputStream.readOrdinaryObject(ObjectInputStream.java:2228)
	at java.base/java.io.ObjectInputStream.readObject0(ObjectInputStream.java:1687)
	at java.base/java.io.ObjectInputStream.readObject(ObjectInputStream.java:489)
	at java.base/java.io.ObjectInputStream.readObject(ObjectInputStream.java:447)
	at java.base/java.util.ArrayList.readObject(ArrayList.java:929)
	at java.base/jdk.internal.reflect.GeneratedMethodAccessor7.invoke(Unknown Source)
	at java.base/jdk.internal.reflect.DelegatingMethodAccessorImpl.invoke(DelegatingMethodAccessorImpl.java:43)
	at java.base/java.lang.reflect.Method.invoke(Method.java:566)
	at java.base/java.io.ObjectStreamClass.invokeReadObject(ObjectStreamClass.java:1046)
	at java.base/java.io.ObjectInputStream.readSerialData(ObjectInputStream.java:2357)
	at java.base/java.io.ObjectInputStream.readOrdinaryObject(ObjectInputStream.java:2228)
	at java.base/java.io.ObjectInputStream.readObject0(ObjectInputStream.java:1687)
	at java.base/java.io.ObjectInputStream.defaultReadFields(ObjectInputStream.java:2496)
	at java.base/java.io.ObjectInputStream.readSerialData(ObjectInputStream.java:2390)
	at java.base/java.io.ObjectInputStream.readOrdinaryObject(ObjectInputStream.java:2228)
	at java.base/java.io.ObjectInputStream.readObject0(ObjectInputStream.java:1687)
	at java.base/java.io.ObjectInputStream.defaultReadFields(ObjectInputStream.java:2496)
	at java.base/java.io.ObjectInputStream.defaultReadObject(ObjectInputStream.java:625)
	at org.evosuite.testcase.DefaultTestCase.readObject(DefaultTestCase.java:1217)
	at jdk.internal.reflect.GeneratedMethodAccessor14.invoke(Unknown Source)
	at java.base/jdk.internal.reflect.DelegatingMethodAccessorImpl.invoke(DelegatingMethodAccessorImpl.java:43)
	at java.base/java.lang.reflect.Method.invoke(Method.java:566)
	at java.base/java.io.ObjectStreamClass.invokeReadObject(ObjectStreamClass.java:1046)
	at java.base/java.io.ObjectInputStream.readSerialData(ObjectInputStream.java:2357)
	at java.base/java.io.ObjectInputStream.readOrdinaryObject(ObjectInputStream.java:2228)
	at java.base/java.io.ObjectInputStream.readObject0(ObjectInputStream.java:1687)
	at java.base/java.io.ObjectInputStream.defaultReadFields(ObjectInputStream.java:2496)
	at java.base/java.io.ObjectInputStream.readSerialData(ObjectInputStream.java:2390)
	at java.base/java.io.ObjectInputStream.readOrdinaryObject(ObjectInputStream.java:2228)
	at java.base/java.io.ObjectInputStream.readObject0(ObjectInputStream.java:1687)
	at java.base/java.io.ObjectInputStream.readObject(ObjectInputStream.java:489)
	at java.base/java.io.ObjectInputStream.readObject(ObjectInputStream.java:447)
	at java.base/java.util.ArrayList.readObject(ArrayList.java:929)
	at java.base/jdk.internal.reflect.GeneratedMethodAccessor7.invoke(Unknown Source)
	at java.base/jdk.internal.reflect.DelegatingMethodAccessorImpl.invoke(DelegatingMethodAccessorImpl.java:43)
	at java.base/java.lang.reflect.Method.invoke(Method.java:566)
	at java.base/java.io.ObjectStreamClass.invokeReadObject(ObjectStreamClass.java:1046)
	at java.base/java.io.ObjectInputStream.readSerialData(ObjectInputStream.java:2357)
	at java.base/java.io.ObjectInputStream.readOrdinaryObject(ObjectInputStream.java:2228)
	at java.base/java.io.ObjectInputStream.readObject0(ObjectInputStream.java:1687)
	at java.base/java.io.ObjectInputStream.defaultReadFields(ObjectInputStream.java:2496)
	at java.base/java.io.ObjectInputStream.readSerialData(ObjectInputStream.java:2390)
	at java.base/java.io.ObjectInputStream.readOrdinaryObject(ObjectInputStream.java:2228)
	at java.base/java.io.ObjectInputStream.readObject0(ObjectInputStream.java:1687)
	at java.base/java.io.ObjectInputStream.readObject(ObjectInputStream.java:489)
	at java.base/java.io.ObjectInputStream.readObject(ObjectInputStream.java:447)
	at java.rmi/sun.rmi.server.UnicastRef.unmarshalValue(UnicastRef.java:327)
	at java.rmi/sun.rmi.server.UnicastServerRef.dispatch(UnicastServerRef.java:339)
	... 12 common frames omitted
Caused by: java.lang.IllegalArgumentException: expect to get instruction without BasicBlock already set
	at org.evosuite.graphs.cfg.BasicBlock.appendInstruction(BasicBlock.java:225)
	at org.evosuite.graphs.cfg.BasicBlock.setInstructions(BasicBlock.java:206)
	at org.evosuite.graphs.cfg.BasicBlock.<init>(BasicBlock.java:106)
	at org.evosuite.graphs.cfg.RawControlFlowGraph.determineBasicBlockFor(RawControlFlowGraph.java:314)
	at org.evosuite.graphs.cfg.ActualControlFlowGraph.computeNodes(ActualControlFlowGraph.java:295)
	at org.evosuite.graphs.cfg.ActualControlFlowGraph.computeGraph(ActualControlFlowGraph.java:262)
	at org.evosuite.graphs.cfg.ActualControlFlowGraph.<init>(ActualControlFlowGraph.java:97)
	at org.evosuite.graphs.cfg.CFGGenerator.computeActualCFG(CFGGenerator.java:218)
	at org.evosuite.graphs.cfg.CFGGenerator.registerCFGs(CFGGenerator.java:102)
	at org.evosuite.graphs.cfg.CFGMethodAdapter.visitEnd(CFGMethodAdapter.java:219)
	at org.evosuite.shaded.org.objectweb.asm.MethodVisitor.visitEnd(MethodVisitor.java:783)
	at org.evosuite.shaded.org.objectweb.asm.MethodVisitor.visitEnd(MethodVisitor.java:783)
	at org.evosuite.shaded.org.objectweb.asm.MethodVisitor.visitEnd(MethodVisitor.java:783)
	at org.evosuite.shaded.org.objectweb.asm.tree.MethodNode.accept(MethodNode.java:772)
	at org.evosuite.shaded.org.objectweb.asm.tree.MethodNode.accept(MethodNode.java:649)
	at org.evosuite.shaded.org.objectweb.asm.tree.ClassNode.accept(ClassNode.java:452)
	at org.evosuite.instrumentation.BytecodeInstrumentation.transformBytes(BytecodeInstrumentation.java:282)
	at org.evosuite.instrumentation.InstrumentingClassLoader.getTransformedBytes(InstrumentingClassLoader.java:135)
	at org.evosuite.instrumentation.InstrumentingClassLoader.instrumentClass(InstrumentingClassLoader.java:149)
	... 77 common frames omitted
* Writing tests to file
* Writing JUnit test case 'Parser_ESTest' to /home/user/evosuite-results/Jsoup-5b/GWO/org_jsoup_parser_Parser/evosuite-tests
* Done!

* Computation finished
[MASTER] 07:43:52.051 [logback-2] ERROR ClientNodeImpl - Error when generating tests for: org.jsoup.parser.Parser with seed 1789864865207. Configuration id : null
java.rmi.ServerException: RemoteException occurred in server thread; nested exception is: 
	java.rmi.UnmarshalException: error unmarshalling arguments; nested exception is: 
	java.lang.ClassNotFoundException: expect to get instruction without BasicBlock already set
	at java.rmi/sun.rmi.server.UnicastServerRef.dispatch(UnicastServerRef.java:391)
	at java.rmi/sun.rmi.transport.Transport$1.run(Transport.java:200)
	at java.rmi/sun.rmi.transport.Transport$1.run(Transport.java:197)
	at java.base/java.security.AccessController.doPrivileged(Native Method)
	at java.rmi/sun.rmi.transport.Transport.serviceCall(Transport.java:196)
	at java.rmi/sun.rmi.transport.tcp.TCPTransport.handleMessages(TCPTransport.java:562)
	at java.rmi/sun.rmi.transport.tcp.TCPTransport$ConnectionHandler.run0(TCPTransport.java:796)
	at java.rmi/sun.rmi.transport.tcp.TCPTransport$ConnectionHandler.lambda$run$0(TCPTransport.java:677)
	at java.base/java.security.AccessController.doPrivileged(Native Method)
	at java.rmi/sun.rmi.transport.tcp.TCPTransport$ConnectionHandler.run(TCPTransport.java:676)
	at java.base/java.util.concurrent.ThreadPoolExecutor.runWorker(ThreadPoolExecutor.java:1128)
	at java.base/java.util.concurrent.ThreadPoolExecutor$Worker.run(ThreadPoolExecutor.java:628)
	at java.base/java.lang.Thread.run(Thread.java:829)
	at java.rmi/sun.rmi.transport.StreamRemoteCall.exceptionReceivedFromServer(StreamRemoteCall.java:303)
	at java.rmi/sun.rmi.transport.StreamRemoteCall.executeCall(StreamRemoteCall.java:279)
	at java.rmi/sun.rmi.server.UnicastRef.invoke(UnicastRef.java:164)
	at java.rmi/java.rmi.server.RemoteObjectInvocationHandler.invokeRemoteMethod(RemoteObjectInvocationHandler.java:217)
	at java.rmi/java.rmi.server.RemoteObjectInvocationHandler.invoke(RemoteObjectInvocationHandler.java:162)
	at com.sun.proxy.$Proxy7.evosuite_collectTestGenerationResult(Unknown Source)
	at org.evosuite.rmi.service.ClientNodeImpl.lambda$startNewSearch$0(ClientNodeImpl.java:144)
	at java.base/java.util.concurrent.Executors$RunnableAdapter.call(Executors.java:515)
	at java.base/java.util.concurrent.FutureTask.run(FutureTask.java:264)
	at java.base/java.util.concurrent.ThreadPoolExecutor.runWorker(ThreadPoolExecutor.java:1128)
	at java.base/java.util.concurrent.ThreadPoolExecutor$Worker.run(ThreadPoolExecutor.java:628)
	at java.base/java.lang.Thread.run(Thread.java:829)
Caused by: java.rmi.UnmarshalException: error unmarshalling arguments; nested exception is: 
	java.lang.ClassNotFoundException: expect to get instruction without BasicBlock already set
	at java.rmi/sun.rmi.server.UnicastServerRef.dispatch(UnicastServerRef.java:350)
	at java.rmi/sun.rmi.transport.Transport$1.run(Transport.java:200)
	at java.rmi/sun.rmi.transport.Transport$1.run(Transport.java:197)
	at java.base/java.security.AccessController.doPrivileged(Native Method)
	at java.rmi/sun.rmi.transport.Transport.serviceCall(Transport.java:196)
	at java.rmi/sun.rmi.transport.tcp.TCPTransport.handleMessages(TCPTransport.java:562)
	at java.rmi/sun.rmi.transport.tcp.TCPTransport$ConnectionHandler.run0(TCPTransport.java:796)
	at java.rmi/sun.rmi.transport.tcp.TCPTransport$ConnectionHandler.lambda$run$0(TCPTransport.java:677)
	at java.base/java.security.AccessController.doPrivileged(Native Method)
	at java.rmi/sun.rmi.transport.tcp.TCPTransport$ConnectionHandler.run(TCPTransport.java:676)
	... 3 common frames omitted
Caused by: java.lang.ClassNotFoundException: expect to get instruction without BasicBlock already set
	at org.evosuite.instrumentation.InstrumentingClassLoader.instrumentClass(InstrumentingClassLoader.java:158)
	at org.evosuite.instrumentation.InstrumentingClassLoader.loadClass(InstrumentingClassLoader.java:126)
	at org.evosuite.utils.generic.GenericClassImpl.getClass(GenericClassImpl.java:139)
	at org.evosuite.utils.generic.GenericClassImpl.getClass(GenericClassImpl.java:105)
	at org.evosuite.utils.generic.GenericClassImpl.readObject(GenericClassImpl.java:1671)
	at jdk.internal.reflect.GeneratedMethodAccessor9.invoke(Unknown Source)
	at java.base/jdk.internal.reflect.DelegatingMethodAccessorImpl.invoke(DelegatingMethodAccessorImpl.java:43)
	at java.base/java.lang.reflect.Method.invoke(Method.java:566)
	at java.base/java.io.ObjectStreamClass.invokeReadObject(ObjectStreamClass.java:1046)
	at java.base/java.io.ObjectInputStream.readSerialData(ObjectInputStream.java:2357)
	at java.base/java.io.ObjectInputStream.readOrdinaryObject(ObjectInputStream.java:2228)
	at java.base/java.io.ObjectInputStream.readObject0(ObjectInputStream.java:1687)
	at java.base/java.io.ObjectInputStream.defaultReadFields(ObjectInputStream.java:2496)
	at java.base/java.io.ObjectInputStream.readSerialData(ObjectInputStream.java:2390)
	at java.base/java.io.ObjectInputStream.readOrdinaryObject(ObjectInputStream.java:2228)
	at java.base/java.io.ObjectInputStream.readObject0(ObjectInputStream.java:1687)
	at java.base/java.io.ObjectInputStream.defaultReadFields(ObjectInputStream.java:2496)
	at java.base/java.io.ObjectInputStream.readSerialData(ObjectInputStream.java:2390)
	at java.base/java.io.ObjectInputStream.readOrdinaryObject(ObjectInputStream.java:2228)
	at java.base/java.io.ObjectInputStream.readObject0(ObjectInputStream.java:1687)
	at java.base/java.io.ObjectInputStream.readObject(ObjectInputStream.java:489)
	at java.base/java.io.ObjectInputStream.readObject(ObjectInputStream.java:447)
	at java.base/java.util.ArrayList.readObject(ArrayList.java:929)
	at java.base/jdk.internal.reflect.GeneratedMethodAccessor7.invoke(Unknown Source)
	at java.base/jdk.internal.reflect.DelegatingMethodAccessorImpl.invoke(DelegatingMethodAccessorImpl.java:43)
	at java.base/java.lang.reflect.Method.invoke(Method.java:566)
	at java.base/java.io.ObjectStreamClass.invokeReadObject(ObjectStreamClass.java:1046)
	at java.base/java.io.ObjectInputStream.readSerialData(ObjectInputStream.java:2357)
	at java.base/java.io.ObjectInputStream.readOrdinaryObject(ObjectInputStream.java:2228)
	at java.base/java.io.ObjectInputStream.readObject0(ObjectInputStream.java:1687)
	at java.base/java.io.ObjectInputStream.defaultReadFields(ObjectInputStream.java:2496)
	at java.base/java.io.ObjectInputStream.readSerialData(ObjectInputStream.java:2390)
	at java.base/java.io.ObjectInputStream.readOrdinaryObject(ObjectInputStream.java:2228)
	at java.base/java.io.ObjectInputStream.readObject0(ObjectInputStream.java:1687)
	at java.base/java.io.ObjectInputStream.defaultReadFields(ObjectInputStream.java:2496)
	at java.base/java.io.ObjectInputStream.defaultReadObject(ObjectInputStream.java:625)
	at org.evosuite.testcase.DefaultTestCase.readObject(DefaultTestCase.java:1217)
	at jdk.internal.reflect.GeneratedMethodAccessor14.invoke(Unknown Source)
	at java.base/jdk.internal.reflect.DelegatingMethodAccessorImpl.invoke(DelegatingMethodAccessorImpl.java:43)
	at java.base/java.lang.reflect.Method.invoke(Method.java:566)
	at java.base/java.io.ObjectStreamClass.invokeReadObject(ObjectStreamClass.java:1046)
	at java.base/java.io.ObjectInputStream.readSerialData(ObjectInputStream.java:2357)
	at java.base/java.io.ObjectInputStream.readOrdinaryObject(ObjectInputStream.java:2228)
	at java.base/java.io.ObjectInputStream.readObject0(ObjectInputStream.java:1687)
	at java.base/java.io.ObjectInputStream.readObject(ObjectInputStream.java:489)
	at java.base/java.io.ObjectInputStream.readObject(ObjectInputStream.java:447)
	at java.base/java.util.HashMap.readObject(HashMap.java:1466)
	at java.base/jdk.internal.reflect.GeneratedMethodAccessor8.invoke(Unknown Source)
	at java.base/jdk.internal.reflect.DelegatingMethodAccessorImpl.invoke(DelegatingMethodAccessorImpl.java:43)
	at java.base/java.lang.reflect.Method.invoke(Method.java:566)
	at java.base/java.io.ObjectStreamClass.invokeReadObject(ObjectStreamClass.java:1046)
	at java.base/java.io.ObjectInputStream.readSerialData(ObjectInputStream.java:2357)
	at java.base/java.io.ObjectInputStream.readOrdinaryObject(ObjectInputStream.java:2228)
	at java.base/java.io.ObjectInputStream.readObject0(ObjectInputStream.java:1687)
	at java.base/java.io.ObjectInputStream.defaultReadFields(ObjectInputStream.java:2496)
	at java.base/java.io.ObjectInputStream.readSerialData(ObjectInputStream.java:2390)
	at java.base/java.io.ObjectInputStream.readOrdinaryObject(ObjectInputStream.java:2228)
	at java.base/java.io.ObjectInputStream.readObject0(ObjectInputStream.java:1687)
	at java.base/java.io.ObjectInputStream.readObject(ObjectInputStream.java:489)
	at java.base/java.io.ObjectInputStream.readObject(ObjectInputStream.java:447)
	at java.base/java.util.ArrayList.readObject(ArrayList.java:929)
	at java.base/jdk.internal.reflect.GeneratedMethodAccessor7.invoke(Unknown Source)
	at java.base/jdk.internal.reflect.DelegatingMethodAccessorImpl.invoke(DelegatingMethodAccessorImpl.java:43)
	at java.base/java.lang.reflect.Method.invoke(Method.java:566)
	at java.base/java.io.ObjectStreamClass.invokeReadObject(ObjectStreamClass.java:1046)
	at java.base/java.io.ObjectInputStream.readSerialData(ObjectInputStream.java:2357)
	at java.base/java.io.ObjectInputStream.readOrdinaryObject(ObjectInputStream.java:2228)
	at java.base/java.io.ObjectInputStream.readObject0(ObjectInputStream.java:1687)
	at java.base/java.io.ObjectInputStream.readObject(ObjectInputStream.java:489)
	at java.base/java.io.ObjectInputStream.readObject(ObjectInputStream.java:447)
	at java.rmi/sun.rmi.server.UnicastRef.unmarshalValue(UnicastRef.java:327)
	at java.rmi/sun.rmi.server.UnicastServerRef.dispatch(UnicastServerRef.java:339)
	... 12 common frames omitted
Caused by: java.lang.IllegalArgumentException: expect to get instruction without BasicBlock already set
	at org.evosuite.graphs.cfg.BasicBlock.appendInstruction(BasicBlock.java:225)
	at org.evosuite.graphs.cfg.BasicBlock.setInstructions(BasicBlock.java:206)
	at org.evosuite.graphs.cfg.BasicBlock.<init>(BasicBlock.java:106)
	at org.evosuite.graphs.cfg.RawControlFlowGraph.determineBasicBlockFor(RawControlFlowGraph.java:314)
	at org.evosuite.graphs.cfg.ActualControlFlowGraph.computeNodes(ActualControlFlowGraph.java:295)
	at org.evosuite.graphs.cfg.ActualControlFlowGraph.computeGraph(ActualControlFlowGraph.java:262)
	at org.evosuite.graphs.cfg.ActualControlFlowGraph.<init>(ActualControlFlowGraph.java:97)
	at org.evosuite.graphs.cfg.CFGGenerator.computeActualCFG(CFGGenerator.java:218)
	at org.evosuite.graphs.cfg.CFGGenerator.registerCFGs(CFGGenerator.java:102)
	at org.evosuite.graphs.cfg.CFGMethodAdapter.visitEnd(CFGMethodAdapter.java:219)
	at org.evosuite.shaded.org.objectweb.asm.MethodVisitor.visitEnd(MethodVisitor.java:783)
	at org.evosuite.shaded.org.objectweb.asm.MethodVisitor.visitEnd(MethodVisitor.java:783)
	at org.evosuite.shaded.org.objectweb.asm.MethodVisitor.visitEnd(MethodVisitor.java:783)
	at org.evosuite.shaded.org.objectweb.asm.tree.MethodNode.accept(MethodNode.java:772)
	at org.evosuite.shaded.org.objectweb.asm.tree.MethodNode.accept(MethodNode.java:649)
	at org.evosuite.shaded.org.objectweb.asm.tree.ClassNode.accept(ClassNode.java:452)
	at org.evosuite.instrumentation.BytecodeInstrumentation.transformBytes(BytecodeInstrumentation.java:282)
	at org.evosuite.instrumentation.InstrumentingClassLoader.getTransformedBytes(InstrumentingClassLoader.java:135)
	at org.evosuite.instrumentation.InstrumentingClassLoader.instrumentClass(InstrumentingClassLoader.java:149)
	... 83 common frames omitted
[MASTER] 07:43:52.154 [main] ERROR SearchStatistics - No statistics has been saved because EvoSuite failed to generate any test case
[MASTER] 07:43:52.257 [main] ERROR TestGeneration - failed to write statistics data
