* EvoSuite 1.2.1-SNAPSHOT
* Going to generate test cases for class: com.google.javascript.jscomp.AbstractCommandLineRunner
* Starting Client-0
* Connecting to master process on port 5552
* Analyzing classpath: 
  - /home/user/d4j-workspace/Closure-149b/build/classes
  - /home/user/d4j-workspace/Closure-149b/lib/ant_deploy.jar
  - /home/user/d4j-workspace/Closure-149b/lib/args4j_deploy.jar
  - /home/user/d4j-workspace/Closure-149b/lib/google_common_deploy.jar
  - /home/user/d4j-workspace/Closure-149b/lib/hamcrest-core-1.1.jar
  - /home/user/d4j-workspace/Closure-149b/lib/json.jar
  - /home/user/d4j-workspace/Closure-149b/lib/junit.jar
  - /home/user/d4j-workspace/Closure-149b/lib/libtrunk_rhino_parser_jarjared.jar
  - /home/user/d4j-workspace/Closure-149b/lib/protobuf_deploy.jar
  - /home/user/d4j-workspace/Closure-149b/build/classes
  - /home/user/d4j-workspace/Closure-149b/lib/ant_deploy.jar
  - /home/user/d4j-workspace/Closure-149b/lib/args4j_deploy.jar
  - /home/user/d4j-workspace/Closure-149b/lib/google_common_deploy.jar
  - /home/user/d4j-workspace/Closure-149b/lib/hamcrest-core-1.1.jar
  - /home/user/d4j-workspace/Closure-149b/lib/json.jar
  - /home/user/d4j-workspace/Closure-149b/lib/junit.jar
  - /home/user/d4j-workspace/Closure-149b/lib/libtrunk_rhino_parser_jarjared.jar
  - /home/user/d4j-workspace/Closure-149b/lib/protobuf_deploy.jar
  - /home/user/d4j-workspace/Closure-149b/build/test
  - /home/user/d4j-workspace/Closure-149b/build/classes
  - /home/user/d4j-workspace/Closure-149b/build/test
  - /home/user/d4j-workspace/Closure-149b/build
[MASTER] 20:51:45.892 [logback-1] WARN  InheritanceTree - Class not in inheritance graph: java.io.ObjectInputFilter
[MASTER] 20:51:45.910 [logback-1] WARN  InheritanceTree - Class not in inheritance graph: java.util.Locale$IsoCountryCode
[MASTER] 20:51:46.859 [logback-1] WARN  InheritanceTree - Class not in inheritance graph: java.lang.module.ModuleFinder
* Finished analyzing classpath
* Generating tests for class com.google.javascript.jscomp.AbstractCommandLineRunner
* Test criteria:
  - Line Coverage
  - Branch Coverage
  - Exception
  - Mutation testing (weak)
  - Method-Output Coverage
  - Top-Level Method Coverage
  - No-Exception Top-Level Method Coverage
  - Context Branch Coverage
* Setting up search algorithm for whole suite generation
========== CUSTOM GWO INITIALIZED ==========
* Total number of test goals: 
  - Line 546
  - Branch 298
  - Exception 0
  - MutationFactory 612
  - Output 46
  - Method 51
  - MethodNoException 51
  - CBranchFitnessFactory 298
[Progress:>                             0%] [Cov:>                                  0%]* Using seed 1789825903346
* Starting evolution
[MASTER] 20:51:47.661 [logback-1] WARN  TestCluster - Failed to check cache for java.util.Vector<E> : Type points to itself
[Progress:=>                            5%] [Cov:>                                  1%][Progress:=>                            5%] [Cov:====>                              13%][Progress:=>                            5%] [Cov:====>                              14%][Progress:=>                            5%] [Cov:=====>                             17%][Progress:=>                            6%] [Cov:======>                            19%][MASTER] 20:51:55.660 [logback-1] WARN  ClientNodeImpl - Cannot send statistics to master; continuing without statistics
java.rmi.ServerError: Error occurred in server thread; nested exception is: 
	java.lang.NoClassDefFoundError: com/google/javascript/jscomp/NodeTraversal
	at java.rmi/sun.rmi.server.UnicastServerRef.dispatch(UnicastServerRef.java:388)
	at java.rmi/sun.rmi.transport.Transport$1.run(Transport.java:200)
	at java.rmi/sun.rmi.transport.Transport$1.run(Transport.java:197)
	at java.base/java.security.AccessController.doPrivileged(Native Method)
	at java.rmi/sun.rmi.transport.Transport.serviceCall(Transport.java:196)
	at java.rmi/sun.rmi.transport.tcp.TCPTransport.handleMessages(TCPTransport.java:562)
	at java.rmi/sun.rmi.transport.tcp.TCPTransport$ConnectionHandler.run0(TCPTransport.java:796)
	at java.rmi/sun.rmi.transport.tcp.TCPTransport$ConnectionHandler.lambda$run$0(TCPTransport.java:677)
	at java.base/java.security.AccessController.doPrivileged(Native Method)
	at java.rmi/sun.rmi.transport.tcp.TCPTransport$ConnectionHandler.run(TCPTransport.java:676)
	at java.base/java.util.concurrent.ThreadPoolExecutor.runWorker(ThreadPoolExecutor.java:1128)
	at java.base/java.util.concurrent.ThreadPoolExecutor$Worker.run(ThreadPoolExecutor.java:628)
	at java.base/java.lang.Thread.run(Thread.java:829)
	at java.rmi/sun.rmi.transport.StreamRemoteCall.exceptionReceivedFromServer(StreamRemoteCall.java:303)
	at java.rmi/sun.rmi.transport.StreamRemoteCall.executeCall(StreamRemoteCall.java:279)
	at java.rmi/sun.rmi.server.UnicastRef.invoke(UnicastRef.java:164)
	at java.rmi/java.rmi.server.RemoteObjectInvocationHandler.invokeRemoteMethod(RemoteObjectInvocationHandler.java:217)
	at java.rmi/java.rmi.server.RemoteObjectInvocationHandler.invoke(RemoteObjectInvocationHandler.java:162)
	at com.sun.proxy.$Proxy7.evosuite_collectStatistics(Unknown Source)
	at org.evosuite.rmi.service.ClientNodeImpl.updateStatistics(ClientNodeImpl.java:251)
	at org.evosuite.statistics.StatisticsSender.sendIndividualToMaster(StatisticsSender.java:62)
	at org.evosuite.statistics.StatisticsListener.lambda$new$0(StatisticsListener.java:76)
	at java.base/java.lang.Thread.run(Thread.java:829)
Caused by: java.lang.NoClassDefFoundError: com/google/javascript/jscomp/NodeTraversal
	at java.base/java.lang.Class.getDeclaredMethods0(Native Method)
	at java.base/java.lang.Class.privateGetDeclaredMethods(Class.java:3166)
	at java.base/java.lang.Class.getDeclaredMethods(Class.java:2309)
	at org.evosuite.utils.generic.GenericMethod.readObject(GenericMethod.java:406)
	at java.base/jdk.internal.reflect.NativeMethodAccessorImpl.invoke0(Native Method)
	at java.base/jdk.internal.reflect.NativeMethodAccessorImpl.invoke(NativeMethodAccessorImpl.java:62)
	at java.base/jdk.internal.reflect.DelegatingMethodAccessorImpl.invoke(DelegatingMethodAccessorImpl.java:43)
	at java.base/java.lang.reflect.Method.invoke(Method.java:566)
	at java.base/java.io.ObjectStreamClass.invokeReadObject(ObjectStreamClass.java:1046)
	at java.base/java.io.ObjectInputStream.readSerialData(ObjectInputStream.java:2357)
	at java.base/java.io.ObjectInputStream.readOrdinaryObject(ObjectInputStream.java:2228)
	at java.base/java.io.ObjectInputStream.readObject0(ObjectInputStream.java:1687)
	at java.base/java.io.ObjectInputStream.defaultReadFields(ObjectInputStream.java:2496)
	at java.base/java.io.ObjectInputStream.readSerialData(ObjectInputStream.java:2390)
	at java.base/java.io.ObjectInputStream.readOrdinaryObject(ObjectInputStream.java:2228)
	at java.base/java.io.ObjectInputStream.readObject0(ObjectInputStream.java:1687)
	at java.base/java.io.ObjectInputStream.skipCustomData(ObjectInputStream.java:2451)
	at java.base/java.io.ObjectInputStream.readSerialData(ObjectInputStream.java:2400)
	at java.base/java.io.ObjectInputStream.readOrdinaryObject(ObjectInputStream.java:2228)
	at java.base/java.io.ObjectInputStream.readObject0(ObjectInputStream.java:1687)
	at java.base/java.io.ObjectInputStream.defaultReadFields(ObjectInputStream.java:2496)
	at java.base/java.io.ObjectInputStream.readSerialData(ObjectInputStream.java:2390)
	at java.base/java.io.ObjectInputStream.readOrdinaryObject(ObjectInputStream.java:2228)
	at java.base/java.io.ObjectInputStream.readObject0(ObjectInputStream.java:1687)
	at java.base/java.io.ObjectInputStream.defaultReadFields(ObjectInputStream.java:2496)
	at java.base/java.io.ObjectInputStream.defaultReadObject(ObjectInputStream.java:625)
	at org.evosuite.testcase.DefaultTestCase.readObject(DefaultTestCase.java:1217)
	at java.base/jdk.internal.reflect.NativeMethodAccessorImpl.invoke0(Native Method)
	at java.base/jdk.internal.reflect.NativeMethodAccessorImpl.invoke(NativeMethodAccessorImpl.java:62)
	at java.base/jdk.internal.reflect.DelegatingMethodAccessorImpl.invoke(DelegatingMethodAccessorImpl.java:43)
	at java.base/java.lang.reflect.Method.invoke(Method.java:566)
	at java.base/java.io.ObjectStreamClass.invokeReadObject(ObjectStreamClass.java:1046)
	at java.base/java.io.ObjectInputStream.readSerialData(ObjectInputStream.java:2357)
	at java.base/java.io.ObjectInputStream.readOrdinaryObject(ObjectInputStream.java:2228)
	at java.base/java.io.ObjectInputStream.readObject0(ObjectInputStream.java:1687)
	at java.base/java.io.ObjectInputStream.defaultReadFields(ObjectInputStream.java:2496)
	at java.base/java.io.ObjectInputStream.readSerialData(ObjectInputStream.java:2390)
	at java.base/java.io.ObjectInputStream.readOrdinaryObject(ObjectInputStream.java:2228)
	at java.base/java.io.ObjectInputStream.readObject0(ObjectInputStream.java:1687)
	at java.base/java.io.ObjectInputStream.readObject(ObjectInputStream.java:489)
	at java.base/java.io.ObjectInputStream.readObject(ObjectInputStream.java:447)
	at java.base/java.util.ArrayList.readObject(ArrayList.java:929)
	at java.base/jdk.internal.reflect.GeneratedMethodAccessor7.invoke(Unknown Source)
	at java.base/jdk.internal.reflect.DelegatingMethodAccessorImpl.invoke(DelegatingMethodAccessorImpl.java:43)
	at java.base/java.lang.reflect.Method.invoke(Method.java:566)
	at java.base/java.io.ObjectStreamClass.invokeReadObject(ObjectStreamClass.java:1046)
	at java.base/java.io.ObjectInputStream.readSerialData(ObjectInputStream.java:2357)
	at java.base/java.io.ObjectInputStream.readOrdinaryObject(ObjectInputStream.java:2228)
	at java.base/java.io.ObjectInputStream.readObject0(ObjectInputStream.java:1687)
	at java.base/java.io.ObjectInputStream.defaultReadFields(ObjectInputStream.java:2496)
	at java.base/java.io.ObjectInputStream.readSerialData(ObjectInputStream.java:2390)
	at java.base/java.io.ObjectInputStream.readOrdinaryObject(ObjectInputStream.java:2228)
	at java.base/java.io.ObjectInputStream.readObject0(ObjectInputStream.java:1687)
	at java.base/java.io.ObjectInputStream.readObject(ObjectInputStream.java:489)
	at java.base/java.io.ObjectInputStream.readObject(ObjectInputStream.java:447)
	at java.rmi/sun.rmi.server.UnicastRef.unmarshalValue(UnicastRef.java:327)
	at java.rmi/sun.rmi.server.UnicastServerRef.dispatch(UnicastServerRef.java:339)
	at java.rmi/sun.rmi.transport.Transport$1.run(Transport.java:200)
	at java.rmi/sun.rmi.transport.Transport$1.run(Transport.java:197)
	at java.base/java.security.AccessController.doPrivileged(Native Method)
	at java.rmi/sun.rmi.transport.Transport.serviceCall(Transport.java:196)
	at java.rmi/sun.rmi.transport.tcp.TCPTransport.handleMessages(TCPTransport.java:562)
	at java.rmi/sun.rmi.transport.tcp.TCPTransport$ConnectionHandler.run0(TCPTransport.java:796)
	at java.rmi/sun.rmi.transport.tcp.TCPTransport$ConnectionHandler.lambda$run$0(TCPTransport.java:677)
	at java.base/java.security.AccessController.doPrivileged(Native Method)
	at java.rmi/sun.rmi.transport.tcp.TCPTransport$ConnectionHandler.run(TCPTransport.java:676)
	at java.base/java.util.concurrent.ThreadPoolExecutor.runWorker(ThreadPoolExecutor.java:1128)
	at java.base/java.util.concurrent.ThreadPoolExecutor$Worker.run(ThreadPoolExecutor.java:628)
	... 1 common frames omitted
Caused by: java.lang.ClassNotFoundException: Class not found: com/google/javascript/rhino/Node: java.lang.NullPointerException: Class not found com/google/javascript/rhino/Node
	at org.evosuite.instrumentation.InstrumentingClassLoader.instrumentClass(InstrumentingClassLoader.java:158)
	at org.evosuite.instrumentation.InstrumentingClassLoader.loadClass(InstrumentingClassLoader.java:126)
	... 69 common frames omitted
Caused by: java.lang.RuntimeException: Class not found: com/google/javascript/rhino/Node: java.lang.NullPointerException: Class not found com/google/javascript/rhino/Node
	at org.evosuite.runtime.util.ComputeClassWriter.getCommonSuperClass(ComputeClassWriter.java:62)
	at org.evosuite.shaded.org.objectweb.asm.SymbolTable.addMergedType(SymbolTable.java:1202)
	at org.evosuite.shaded.org.objectweb.asm.Frame.merge(Frame.java:1299)
	at org.evosuite.shaded.org.objectweb.asm.Frame.merge(Frame.java:1197)
	at org.evosuite.shaded.org.objectweb.asm.MethodWriter.computeAllFrames(MethodWriter.java:1610)
	at org.evosuite.shaded.org.objectweb.asm.MethodWriter.visitMaxs(MethodWriter.java:1546)
	at org.evosuite.shaded.org.objectweb.asm.MethodVisitor.visitMaxs(MethodVisitor.java:773)
	at org.evosuite.shaded.org.objectweb.asm.MethodVisitor.visitMaxs(MethodVisitor.java:773)
	at org.evosuite.shaded.org.objectweb.asm.MethodVisitor.visitMaxs(MethodVisitor.java:773)
	at org.evosuite.runtime.instrumentation.LoopCounterMethodAdapter.visitMaxs(LoopCounterMethodAdapter.java:48)
	at org.evosuite.shaded.org.objectweb.asm.tree.MethodNode.accept(MethodNode.java:769)
	at org.evosuite.shaded.org.objectweb.asm.commons.JSRInlinerAdapter.visitEnd(JSRInlinerAdapter.java:158)
	at org.evosuite.shaded.org.objectweb.asm.MethodVisitor.visitEnd(MethodVisitor.java:783)
	at org.evosuite.shaded.org.objectweb.asm.MethodVisitor.visitEnd(MethodVisitor.java:783)
	at org.evosuite.shaded.org.objectweb.asm.MethodVisitor.visitEnd(MethodVisitor.java:783)
	at org.evosuite.shaded.org.objectweb.asm.tree.MethodNode.accept(MethodNode.java:772)
	at org.evosuite.shaded.org.objectweb.asm.tree.MethodNode.accept(MethodNode.java:649)
	at org.evosuite.shaded.org.objectweb.asm.tree.ClassNode.accept(ClassNode.java:452)
	at org.evosuite.instrumentation.BytecodeInstrumentation.transformBytes(BytecodeInstrumentation.java:282)
	at org.evosuite.instrumentation.InstrumentingClassLoader.getTransformedBytes(InstrumentingClassLoader.java:135)
	at org.evosuite.instrumentation.InstrumentingClassLoader.instrumentClass(InstrumentingClassLoader.java:149)
	... 70 common frames omitted
Caused by: java.lang.NullPointerException: Class not found com/google/javascript/rhino/Node
	at org.evosuite.runtime.util.ComputeClassWriter.typeInfo(ComputeClassWriter.java:179)
	at org.evosuite.runtime.util.ComputeClassWriter.getCommonSuperClass(ComputeClassWriter.java:59)
	... 90 common frames omitted
[Progress:==>                           7%] [Cov:=====>                             15%][MASTER] 20:51:56.329 [logback-1] WARN  ClientNodeImpl - Cannot send statistics to master; continuing without statistics
java.rmi.ServerError: Error occurred in server thread; nested exception is: 
	java.lang.NoClassDefFoundError: [Lcom/google/javascript/jscomp/JSModule;
	at java.rmi/sun.rmi.server.UnicastServerRef.dispatch(UnicastServerRef.java:388)
	at java.rmi/sun.rmi.transport.Transport$1.run(Transport.java:200)
	at java.rmi/sun.rmi.transport.Transport$1.run(Transport.java:197)
	at java.base/java.security.AccessController.doPrivileged(Native Method)
	at java.rmi/sun.rmi.transport.Transport.serviceCall(Transport.java:196)
	at java.rmi/sun.rmi.transport.tcp.TCPTransport.handleMessages(TCPTransport.java:562)
	at java.rmi/sun.rmi.transport.tcp.TCPTransport$ConnectionHandler.run0(TCPTransport.java:796)
	at java.rmi/sun.rmi.transport.tcp.TCPTransport$ConnectionHandler.lambda$run$0(TCPTransport.java:677)
	at java.base/java.security.AccessController.doPrivileged(Native Method)
	at java.rmi/sun.rmi.transport.tcp.TCPTransport$ConnectionHandler.run(TCPTransport.java:676)
	at java.base/java.util.concurrent.ThreadPoolExecutor.runWorker(ThreadPoolExecutor.java:1128)
	at java.base/java.util.concurrent.ThreadPoolExecutor$Worker.run(ThreadPoolExecutor.java:628)
	at java.base/java.lang.Thread.run(Thread.java:829)
	at java.rmi/sun.rmi.transport.StreamRemoteCall.exceptionReceivedFromServer(StreamRemoteCall.java:303)
	at java.rmi/sun.rmi.transport.StreamRemoteCall.executeCall(StreamRemoteCall.java:279)
	at java.rmi/sun.rmi.server.UnicastRef.invoke(UnicastRef.java:164)
	at java.rmi/java.rmi.server.RemoteObjectInvocationHandler.invokeRemoteMethod(RemoteObjectInvocationHandler.java:217)
	at java.rmi/java.rmi.server.RemoteObjectInvocationHandler.invoke(RemoteObjectInvocationHandler.java:162)
	at com.sun.proxy.$Proxy7.evosuite_collectStatistics(Unknown Source)
	at org.evosuite.rmi.service.ClientNodeImpl.updateStatistics(ClientNodeImpl.java:251)
	at org.evosuite.statistics.StatisticsSender.sendIndividualToMaster(StatisticsSender.java:62)
	at org.evosuite.statistics.StatisticsListener.lambda$new$0(StatisticsListener.java:76)
	at java.base/java.lang.Thread.run(Thread.java:829)
Caused by: java.lang.NoClassDefFoundError: [Lcom/google/javascript/jscomp/JSModule;
	at java.base/java.lang.Class.getDeclaredConstructors0(Native Method)
	at java.base/java.lang.Class.privateGetDeclaredConstructors(Class.java:3137)
	at java.base/java.lang.Class.getDeclaredConstructors(Class.java:2357)
	at org.evosuite.utils.generic.GenericConstructor.readObject(GenericConstructor.java:314)
	at java.base/jdk.internal.reflect.NativeMethodAccessorImpl.invoke0(Native Method)
	at java.base/jdk.internal.reflect.NativeMethodAccessorImpl.invoke(NativeMethodAccessorImpl.java:62)
	at java.base/jdk.internal.reflect.DelegatingMethodAccessorImpl.invoke(DelegatingMethodAccessorImpl.java:43)
	at java.base/java.lang.reflect.Method.invoke(Method.java:566)
	at java.base/java.io.ObjectStreamClass.invokeReadObject(ObjectStreamClass.java:1046)
	at java.base/java.io.ObjectInputStream.readSerialData(ObjectInputStream.java:2357)
	at java.base/java.io.ObjectInputStream.readOrdinaryObject(ObjectInputStream.java:2228)
	at java.base/java.io.ObjectInputStream.readObject0(ObjectInputStream.java:1687)
	at java.base/java.io.ObjectInputStream.defaultReadFields(ObjectInputStream.java:2496)
	at java.base/java.io.ObjectInputStream.readSerialData(ObjectInputStream.java:2346)
	at java.base/java.io.ObjectInputStream.readOrdinaryObject(ObjectInputStream.java:2228)
	at java.base/java.io.ObjectInputStream.readObject0(ObjectInputStream.java:1687)
	at java.base/java.io.ObjectInputStream.skipCustomData(ObjectInputStream.java:2451)
	at java.base/java.io.ObjectInputStream.readSerialData(ObjectInputStream.java:2400)
	at java.base/java.io.ObjectInputStream.readOrdinaryObject(ObjectInputStream.java:2228)
	at java.base/java.io.ObjectInputStream.readObject0(ObjectInputStream.java:1687)
	at java.base/java.io.ObjectInputStream.defaultReadFields(ObjectInputStream.java:2496)
	at java.base/java.io.ObjectInputStream.readSerialData(ObjectInputStream.java:2390)
	at java.base/java.io.ObjectInputStream.readOrdinaryObject(ObjectInputStream.java:2228)
	at java.base/java.io.ObjectInputStream.readObject0(ObjectInputStream.java:1687)
	at java.base/java.io.ObjectInputStream.defaultReadFields(ObjectInputStream.java:2496)
	at java.base/java.io.ObjectInputStream.defaultReadObject(ObjectInputStream.java:625)
	at org.evosuite.testcase.DefaultTestCase.readObject(DefaultTestCase.java:1217)
	at java.base/jdk.internal.reflect.NativeMethodAccessorImpl.invoke0(Native Method)
	at java.base/jdk.internal.reflect.NativeMethodAccessorImpl.invoke(NativeMethodAccessorImpl.java:62)
	at java.base/jdk.internal.reflect.DelegatingMethodAccessorImpl.invoke(DelegatingMethodAccessorImpl.java:43)
	at java.base/java.lang.reflect.Method.invoke(Method.java:566)
	at java.base/java.io.ObjectStreamClass.invokeReadObject(ObjectStreamClass.java:1046)
	at java.base/java.io.ObjectInputStream.readSerialData(ObjectInputStream.java:2357)
	at java.base/java.io.ObjectInputStream.readOrdinaryObject(ObjectInputStream.java:2228)
	at java.base/java.io.ObjectInputStream.readObject0(ObjectInputStream.java:1687)
	at java.base/java.io.ObjectInputStream.defaultReadFields(ObjectInputStream.java:2496)
	at java.base/java.io.ObjectInputStream.readSerialData(ObjectInputStream.java:2390)
	at java.base/java.io.ObjectInputStream.readOrdinaryObject(ObjectInputStream.java:2228)
	at java.base/java.io.ObjectInputStream.readObject0(ObjectInputStream.java:1687)
	at java.base/java.io.ObjectInputStream.readObject(ObjectInputStream.java:489)
	at java.base/java.io.ObjectInputStream.readObject(ObjectInputStream.java:447)
	at java.base/java.util.ArrayList.readObject(ArrayList.java:929)
	at java.base/jdk.internal.reflect.GeneratedMethodAccessor7.invoke(Unknown Source)
	at java.base/jdk.internal.reflect.DelegatingMethodAccessorImpl.invoke(DelegatingMethodAccessorImpl.java:43)
	at java.base/java.lang.reflect.Method.invoke(Method.java:566)
	at java.base/java.io.ObjectStreamClass.invokeReadObject(ObjectStreamClass.java:1046)
	at java.base/java.io.ObjectInputStream.readSerialData(ObjectInputStream.java:2357)
	at java.base/java.io.ObjectInputStream.readOrdinaryObject(ObjectInputStream.java:2228)
	at java.base/java.io.ObjectInputStream.readObject0(ObjectInputStream.java:1687)
	at java.base/java.io.ObjectInputStream.defaultReadFields(ObjectInputStream.java:2496)
	at java.base/java.io.ObjectInputStream.readSerialData(ObjectInputStream.java:2390)
	at java.base/java.io.ObjectInputStream.readOrdinaryObject(ObjectInputStream.java:2228)
	at java.base/java.io.ObjectInputStream.readObject0(ObjectInputStream.java:1687)
	at java.base/java.io.ObjectInputStream.readObject(ObjectInputStream.java:489)
	at java.base/java.io.ObjectInputStream.readObject(ObjectInputStream.java:447)
	at java.rmi/sun.rmi.server.UnicastRef.unmarshalValue(UnicastRef.java:327)
	at java.rmi/sun.rmi.server.UnicastServerRef.dispatch(UnicastServerRef.java:339)
	at java.rmi/sun.rmi.transport.Transport$1.run(Transport.java:200)
	at java.rmi/sun.rmi.transport.Transport$1.run(Transport.java:197)
	at java.base/java.security.AccessController.doPrivileged(Native Method)
	at java.rmi/sun.rmi.transport.Transport.serviceCall(Transport.java:196)
	at java.rmi/sun.rmi.transport.tcp.TCPTransport.handleMessages(TCPTransport.java:562)
	at java.rmi/sun.rmi.transport.tcp.TCPTransport$ConnectionHandler.run0(TCPTransport.java:796)
	at java.rmi/sun.rmi.transport.tcp.TCPTransport$ConnectionHandler.lambda$run$0(TCPTransport.java:677)
	at java.base/java.security.AccessController.doPrivileged(Native Method)
	at java.rmi/sun.rmi.transport.tcp.TCPTransport$ConnectionHandler.run(TCPTransport.java:676)
	at java.base/java.util.concurrent.ThreadPoolExecutor.runWorker(ThreadPoolExecutor.java:1128)
	at java.base/java.util.concurrent.ThreadPoolExecutor$Worker.run(ThreadPoolExecutor.java:628)
	... 1 common frames omitted
Caused by: java.lang.ClassNotFoundException: Class not found: com/google/javascript/jscomp/deps/SortedDependencies$CircularDependencyException: java.lang.NullPointerException: Class not found com/google/javascript/jscomp/deps/SortedDependencies$CircularDependencyException
	at org.evosuite.instrumentation.InstrumentingClassLoader.instrumentClass(InstrumentingClassLoader.java:158)
	at org.evosuite.instrumentation.InstrumentingClassLoader.loadClass(InstrumentingClassLoader.java:126)
	... 69 common frames omitted
Caused by: java.lang.RuntimeException: Class not found: com/google/javascript/jscomp/deps/SortedDependencies$CircularDependencyException: java.lang.NullPointerException: Class not found com/google/javascript/jscomp/deps/SortedDependencies$CircularDependencyException
	at org.evosuite.runtime.util.ComputeClassWriter.getCommonSuperClass(ComputeClassWriter.java:56)
	at org.evosuite.shaded.org.objectweb.asm.SymbolTable.addMergedType(SymbolTable.java:1202)
	at org.evosuite.shaded.org.objectweb.asm.Frame.merge(Frame.java:1299)
	at org.evosuite.shaded.org.objectweb.asm.Frame.merge(Frame.java:1197)
	at org.evosuite.shaded.org.objectweb.asm.MethodWriter.computeAllFrames(MethodWriter.java:1610)
	at org.evosuite.shaded.org.objectweb.asm.MethodWriter.visitMaxs(MethodWriter.java:1546)
	at org.evosuite.shaded.org.objectweb.asm.MethodVisitor.visitMaxs(MethodVisitor.java:773)
	at org.evosuite.shaded.org.objectweb.asm.MethodVisitor.visitMaxs(MethodVisitor.java:773)
	at org.evosuite.shaded.org.objectweb.asm.MethodVisitor.visitMaxs(MethodVisitor.java:773)
	at org.evosuite.runtime.instrumentation.LoopCounterMethodAdapter.visitMaxs(LoopCounterMethodAdapter.java:48)
	at org.evosuite.shaded.org.objectweb.asm.tree.MethodNode.accept(MethodNode.java:769)
	at org.evosuite.shaded.org.objectweb.asm.commons.JSRInlinerAdapter.visitEnd(JSRInlinerAdapter.java:158)
	at org.evosuite.shaded.org.objectweb.asm.MethodVisitor.visitEnd(MethodVisitor.java:783)
	at org.evosuite.shaded.org.objectweb.asm.MethodVisitor.visitEnd(MethodVisitor.java:783)
	at org.evosuite.shaded.org.objectweb.asm.MethodVisitor.visitEnd(MethodVisitor.java:783)
	at org.evosuite.shaded.org.objectweb.asm.tree.MethodNode.accept(MethodNode.java:772)
	at org.evosuite.shaded.org.objectweb.asm.tree.MethodNode.accept(MethodNode.java:649)
	at org.evosuite.shaded.org.objectweb.asm.tree.ClassNode.accept(ClassNode.java:452)
	at org.evosuite.instrumentation.BytecodeInstrumentation.transformBytes(BytecodeInstrumentation.java:282)
	at org.evosuite.instrumentation.InstrumentingClassLoader.getTransformedBytes(InstrumentingClassLoader.java:135)
	at org.evosuite.instrumentation.InstrumentingClassLoader.instrumentClass(InstrumentingClassLoader.java:149)
	... 70 common frames omitted
Caused by: java.lang.NullPointerException: Class not found com/google/javascript/jscomp/deps/SortedDependencies$CircularDependencyException
	at org.evosuite.runtime.util.ComputeClassWriter.typeInfo(ComputeClassWriter.java:179)
	at org.evosuite.runtime.util.ComputeClassWriter.getCommonSuperClass(ComputeClassWriter.java:53)
	... 90 common frames omitted
[Progress:==>                           7%] [Cov:=====>                             16%][Progress:==>                           7%] [Cov:=====>                             17%][MASTER] 20:51:56.578 [logback-1] WARN  ClientNodeImpl - Cannot send statistics to master; continuing without statistics
java.rmi.ServerError: Error occurred in server thread; nested exception is: 
	java.lang.NoClassDefFoundError: com/google/javascript/jscomp/Compiler
	at java.rmi/sun.rmi.server.UnicastServerRef.dispatch(UnicastServerRef.java:388)
	at java.rmi/sun.rmi.transport.Transport$1.run(Transport.java:200)
	at java.rmi/sun.rmi.transport.Transport$1.run(Transport.java:197)
	at java.base/java.security.AccessController.doPrivileged(Native Method)
	at java.rmi/sun.rmi.transport.Transport.serviceCall(Transport.java:196)
	at java.rmi/sun.rmi.transport.tcp.TCPTransport.handleMessages(TCPTransport.java:562)
	at java.rmi/sun.rmi.transport.tcp.TCPTransport$ConnectionHandler.run0(TCPTransport.java:796)
	at java.rmi/sun.rmi.transport.tcp.TCPTransport$ConnectionHandler.lambda$run$0(TCPTransport.java:677)
	at java.base/java.security.AccessController.doPrivileged(Native Method)
	at java.rmi/sun.rmi.transport.tcp.TCPTransport$ConnectionHandler.run(TCPTransport.java:676)
	at java.base/java.util.concurrent.ThreadPoolExecutor.runWorker(ThreadPoolExecutor.java:1128)
	at java.base/java.util.concurrent.ThreadPoolExecutor$Worker.run(ThreadPoolExecutor.java:628)
	at java.base/java.lang.Thread.run(Thread.java:829)
	at java.rmi/sun.rmi.transport.StreamRemoteCall.exceptionReceivedFromServer(StreamRemoteCall.java:303)
	at java.rmi/sun.rmi.transport.StreamRemoteCall.executeCall(StreamRemoteCall.java:279)
	at java.rmi/sun.rmi.server.UnicastRef.invoke(UnicastRef.java:164)
	at java.rmi/java.rmi.server.RemoteObjectInvocationHandler.invokeRemoteMethod(RemoteObjectInvocationHandler.java:217)
	at java.rmi/java.rmi.server.RemoteObjectInvocationHandler.invoke(RemoteObjectInvocationHandler.java:162)
	at com.sun.proxy.$Proxy7.evosuite_collectStatistics(Unknown Source)
	at org.evosuite.rmi.service.ClientNodeImpl.updateStatistics(ClientNodeImpl.java:251)
	at org.evosuite.statistics.StatisticsSender.sendIndividualToMaster(StatisticsSender.java:62)
	at org.evosuite.statistics.StatisticsListener.lambda$new$0(StatisticsListener.java:76)
	at java.base/java.lang.Thread.run(Thread.java:829)
Caused by: java.lang.NoClassDefFoundError: com/google/javascript/jscomp/Compiler
	at java.base/java.lang.Class.getDeclaredConstructors0(Native Method)
	at java.base/java.lang.Class.privateGetDeclaredConstructors(Class.java:3137)
	at java.base/java.lang.Class.getDeclaredConstructors(Class.java:2357)
	at org.evosuite.utils.generic.GenericConstructor.readObject(GenericConstructor.java:314)
	at java.base/jdk.internal.reflect.NativeMethodAccessorImpl.invoke0(Native Method)
	at java.base/jdk.internal.reflect.NativeMethodAccessorImpl.invoke(NativeMethodAccessorImpl.java:62)
	at java.base/jdk.internal.reflect.DelegatingMethodAccessorImpl.invoke(DelegatingMethodAccessorImpl.java:43)
	at java.base/java.lang.reflect.Method.invoke(Method.java:566)
	at java.base/java.io.ObjectStreamClass.invokeReadObject(ObjectStreamClass.java:1046)
	at java.base/java.io.ObjectInputStream.readSerialData(ObjectInputStream.java:2357)
	at java.base/java.io.ObjectInputStream.readOrdinaryObject(ObjectInputStream.java:2228)
	at java.base/java.io.ObjectInputStream.readObject0(ObjectInputStream.java:1687)
	at java.base/java.io.ObjectInputStream.defaultReadFields(ObjectInputStream.java:2496)
	at java.base/java.io.ObjectInputStream.readSerialData(ObjectInputStream.java:2390)
	at java.base/java.io.ObjectInputStream.readOrdinaryObject(ObjectInputStream.java:2228)
	at java.base/java.io.ObjectInputStream.readObject0(ObjectInputStream.java:1687)
	at java.base/java.io.ObjectInputStream.skipCustomData(ObjectInputStream.java:2451)
	at java.base/java.io.ObjectInputStream.readSerialData(ObjectInputStream.java:2400)
	at java.base/java.io.ObjectInputStream.readOrdinaryObject(ObjectInputStream.java:2228)
	at java.base/java.io.ObjectInputStream.readObject0(ObjectInputStream.java:1687)
	at java.base/java.io.ObjectInputStream.defaultReadFields(ObjectInputStream.java:2496)
	at java.base/java.io.ObjectInputStream.readSerialData(ObjectInputStream.java:2390)
	at java.base/java.io.ObjectInputStream.readOrdinaryObject(ObjectInputStream.java:2228)
	at java.base/java.io.ObjectInputStream.readObject0(ObjectInputStream.java:1687)
	at java.base/java.io.ObjectInputStream.defaultReadFields(ObjectInputStream.java:2496)
	at java.base/java.io.ObjectInputStream.defaultReadObject(ObjectInputStream.java:625)
	at org.evosuite.testcase.DefaultTestCase.readObject(DefaultTestCase.java:1217)
	at java.base/jdk.internal.reflect.NativeMethodAccessorImpl.invoke0(Native Method)
	at java.base/jdk.internal.reflect.NativeMethodAccessorImpl.invoke(NativeMethodAccessorImpl.java:62)
	at java.base/jdk.internal.reflect.DelegatingMethodAccessorImpl.invoke(DelegatingMethodAccessorImpl.java:43)
	at java.base/java.lang.reflect.Method.invoke(Method.java:566)
	at java.base/java.io.ObjectStreamClass.invokeReadObject(ObjectStreamClass.java:1046)
	at java.base/java.io.ObjectInputStream.readSerialData(ObjectInputStream.java:2357)
	at java.base/java.io.ObjectInputStream.readOrdinaryObject(ObjectInputStream.java:2228)
	at java.base/java.io.ObjectInputStream.readObject0(ObjectInputStream.java:1687)
	at java.base/java.io.ObjectInputStream.defaultReadFields(ObjectInputStream.java:2496)
	at java.base/java.io.ObjectInputStream.readSerialData(ObjectInputStream.java:2390)
	at java.base/java.io.ObjectInputStream.readOrdinaryObject(ObjectInputStream.java:2228)
	at java.base/java.io.ObjectInputStream.readObject0(ObjectInputStream.java:1687)
	at java.base/java.io.ObjectInputStream.readObject(ObjectInputStream.java:489)
	at java.base/java.io.ObjectInputStream.readObject(ObjectInputStream.java:447)
	at java.base/java.util.ArrayList.readObject(ArrayList.java:929)
	at java.base/jdk.internal.reflect.GeneratedMethodAccessor7.invoke(Unknown Source)
	at java.base/jdk.internal.reflect.DelegatingMethodAccessorImpl.invoke(DelegatingMethodAccessorImpl.java:43)
	at java.base/java.lang.reflect.Method.invoke(Method.java:566)
	at java.base/java.io.ObjectStreamClass.invokeReadObject(ObjectStreamClass.java:1046)
	at java.base/java.io.ObjectInputStream.readSerialData(ObjectInputStream.java:2357)
	at java.base/java.io.ObjectInputStream.readOrdinaryObject(ObjectInputStream.java:2228)
	at java.base/java.io.ObjectInputStream.readObject0(ObjectInputStream.java:1687)
	at java.base/java.io.ObjectInputStream.defaultReadFields(ObjectInputStream.java:2496)
	at java.base/java.io.ObjectInputStream.readSerialData(ObjectInputStream.java:2390)
	at java.base/java.io.ObjectInputStream.readOrdinaryObject(ObjectInputStream.java:2228)
	at java.base/java.io.ObjectInputStream.readObject0(ObjectInputStream.java:1687)
	at java.base/java.io.ObjectInputStream.readObject(ObjectInputStream.java:489)
	at java.base/java.io.ObjectInputStream.readObject(ObjectInputStream.java:447)
	at java.rmi/sun.rmi.server.UnicastRef.unmarshalValue(UnicastRef.java:327)
	at java.rmi/sun.rmi.server.UnicastServerRef.dispatch(UnicastServerRef.java:339)
	at java.rmi/sun.rmi.transport.Transport$1.run(Transport.java:200)
	at java.rmi/sun.rmi.transport.Transport$1.run(Transport.java:197)
	at java.base/java.security.AccessController.doPrivileged(Native Method)
	at java.rmi/sun.rmi.transport.Transport.serviceCall(Transport.java:196)
	at java.rmi/sun.rmi.transport.tcp.TCPTransport.handleMessages(TCPTransport.java:562)
	at java.rmi/sun.rmi.transport.tcp.TCPTransport$ConnectionHandler.run0(TCPTransport.java:796)
	at java.rmi/sun.rmi.transport.tcp.TCPTransport$ConnectionHandler.lambda$run$0(TCPTransport.java:677)
	at java.base/java.security.AccessController.doPrivileged(Native Method)
	at java.rmi/sun.rmi.transport.tcp.TCPTransport$ConnectionHandler.run(TCPTransport.java:676)
	at java.base/java.util.concurrent.ThreadPoolExecutor.runWorker(ThreadPoolExecutor.java:1128)
	at java.base/java.util.concurrent.ThreadPoolExecutor$Worker.run(ThreadPoolExecutor.java:628)
	... 1 common frames omitted
Caused by: java.lang.ClassNotFoundException: Class not found: com/google/javascript/jscomp/ChainableReverseAbstractInterpreter: java.lang.NullPointerException: Class not found com/google/javascript/jscomp/ChainableReverseAbstractInterpreter
	at org.evosuite.instrumentation.InstrumentingClassLoader.instrumentClass(InstrumentingClassLoader.java:158)
	at org.evosuite.instrumentation.InstrumentingClassLoader.loadClass(InstrumentingClassLoader.java:126)
	... 69 common frames omitted
Caused by: java.lang.RuntimeException: Class not found: com/google/javascript/jscomp/ChainableReverseAbstractInterpreter: java.lang.NullPointerException: Class not found com/google/javascript/jscomp/ChainableReverseAbstractInterpreter
	at org.evosuite.runtime.util.ComputeClassWriter.getCommonSuperClass(ComputeClassWriter.java:56)
	at org.evosuite.shaded.org.objectweb.asm.SymbolTable.addMergedType(SymbolTable.java:1202)
	at org.evosuite.shaded.org.objectweb.asm.Frame.merge(Frame.java:1299)
	at org.evosuite.shaded.org.objectweb.asm.Frame.merge(Frame.java:1197)
	at org.evosuite.shaded.org.objectweb.asm.MethodWriter.computeAllFrames(MethodWriter.java:1610)
	at org.evosuite.shaded.org.objectweb.asm.MethodWriter.visitMaxs(MethodWriter.java:1546)
	at org.evosuite.shaded.org.objectweb.asm.MethodVisitor.visitMaxs(MethodVisitor.java:773)
	at org.evosuite.shaded.org.objectweb.asm.MethodVisitor.visitMaxs(MethodVisitor.java:773)
	at org.evosuite.shaded.org.objectweb.asm.MethodVisitor.visitMaxs(MethodVisitor.java:773)
	at org.evosuite.runtime.instrumentation.LoopCounterMethodAdapter.visitMaxs(LoopCounterMethodAdapter.java:48)
	at org.evosuite.shaded.org.objectweb.asm.tree.MethodNode.accept(MethodNode.java:769)
	at org.evosuite.shaded.org.objectweb.asm.commons.JSRInlinerAdapter.visitEnd(JSRInlinerAdapter.java:158)
	at org.evosuite.shaded.org.objectweb.asm.MethodVisitor.visitEnd(MethodVisitor.java:783)
	at org.evosuite.shaded.org.objectweb.asm.MethodVisitor.visitEnd(MethodVisitor.java:783)
	at org.evosuite.shaded.org.objectweb.asm.MethodVisitor.visitEnd(MethodVisitor.java:783)
	at org.evosuite.shaded.org.objectweb.asm.tree.MethodNode.accept(MethodNode.java:772)
	at org.evosuite.shaded.org.objectweb.asm.tree.MethodNode.accept(MethodNode.java:649)
	at org.evosuite.shaded.org.objectweb.asm.tree.ClassNode.accept(ClassNode.java:452)
	at org.evosuite.instrumentation.BytecodeInstrumentation.transformBytes(BytecodeInstrumentation.java:282)
	at org.evosuite.instrumentation.InstrumentingClassLoader.getTransformedBytes(InstrumentingClassLoader.java:135)
	at org.evosuite.instrumentation.InstrumentingClassLoader.instrumentClass(InstrumentingClassLoader.java:149)
	... 70 common frames omitted
Caused by: java.lang.NullPointerException: Class not found com/google/javascript/jscomp/ChainableReverseAbstractInterpreter
	at org.evosuite.runtime.util.ComputeClassWriter.typeInfo(ComputeClassWriter.java:179)
	at org.evosuite.runtime.util.ComputeClassWriter.getCommonSuperClass(ComputeClassWriter.java:53)
	... 90 common frames omitted
[Progress:==>                           7%] [Cov:======>                            18%][Progress:==>                           7%] [Cov:======>                            19%][Progress:==>                           7%] [Cov:=======>                           20%][Progress:==>                           8%] [Cov:======>                            19%][Progress:==>                           8%] [Cov:=======>                           20%][MASTER] 20:51:57.297 [logback-1] WARN  ClientNodeImpl - Cannot send statistics to master; continuing without statistics
java.rmi.ServerException: RemoteException occurred in server thread; nested exception is: 
	java.rmi.UnmarshalException: error unmarshalling arguments; nested exception is: 
	java.lang.ClassNotFoundException: Class not found: com/google/javascript/jscomp/DefaultCodingConvention: java.lang.NullPointerException: Class not found com/google/javascript/jscomp/DefaultCodingConvention
	at java.rmi/sun.rmi.server.UnicastServerRef.dispatch(UnicastServerRef.java:391)
	at java.rmi/sun.rmi.transport.Transport$1.run(Transport.java:200)
	at java.rmi/sun.rmi.transport.Transport$1.run(Transport.java:197)
	at java.base/java.security.AccessController.doPrivileged(Native Method)
	at java.rmi/sun.rmi.transport.Transport.serviceCall(Transport.java:196)
	at java.rmi/sun.rmi.transport.tcp.TCPTransport.handleMessages(TCPTransport.java:562)
	at java.rmi/sun.rmi.transport.tcp.TCPTransport$ConnectionHandler.run0(TCPTransport.java:796)
	at java.rmi/sun.rmi.transport.tcp.TCPTransport$ConnectionHandler.lambda$run$0(TCPTransport.java:677)
	at java.base/java.security.AccessController.doPrivileged(Native Method)
	at java.rmi/sun.rmi.transport.tcp.TCPTransport$ConnectionHandler.run(TCPTransport.java:676)
	at java.base/java.util.concurrent.ThreadPoolExecutor.runWorker(ThreadPoolExecutor.java:1128)
	at java.base/java.util.concurrent.ThreadPoolExecutor$Worker.run(ThreadPoolExecutor.java:628)
	at java.base/java.lang.Thread.run(Thread.java:829)
	at java.rmi/sun.rmi.transport.StreamRemoteCall.exceptionReceivedFromServer(StreamRemoteCall.java:303)
	at java.rmi/sun.rmi.transport.StreamRemoteCall.executeCall(StreamRemoteCall.java:279)
	at java.rmi/sun.rmi.server.UnicastRef.invoke(UnicastRef.java:164)
	at java.rmi/java.rmi.server.RemoteObjectInvocationHandler.invokeRemoteMethod(RemoteObjectInvocationHandler.java:217)
	at java.rmi/java.rmi.server.RemoteObjectInvocationHandler.invoke(RemoteObjectInvocationHandler.java:162)
	at com.sun.proxy.$Proxy7.evosuite_collectStatistics(Unknown Source)
	at org.evosuite.rmi.service.ClientNodeImpl.updateStatistics(ClientNodeImpl.java:251)
	at org.evosuite.statistics.StatisticsSender.sendIndividualToMaster(StatisticsSender.java:62)
	at org.evosuite.statistics.StatisticsListener.lambda$new$0(StatisticsListener.java:76)
	at java.base/java.lang.Thread.run(Thread.java:829)
Caused by: java.rmi.UnmarshalException: error unmarshalling arguments; nested exception is: 
	java.lang.ClassNotFoundException: Class not found: com/google/javascript/jscomp/DefaultCodingConvention: java.lang.NullPointerException: Class not found com/google/javascript/jscomp/DefaultCodingConvention
	at java.rmi/sun.rmi.server.UnicastServerRef.dispatch(UnicastServerRef.java:350)
	at java.rmi/sun.rmi.transport.Transport$1.run(Transport.java:200)
	at java.rmi/sun.rmi.transport.Transport$1.run(Transport.java:197)
	at java.base/java.security.AccessController.doPrivileged(Native Method)
	at java.rmi/sun.rmi.transport.Transport.serviceCall(Transport.java:196)
	at java.rmi/sun.rmi.transport.tcp.TCPTransport.handleMessages(TCPTransport.java:562)
	at java.rmi/sun.rmi.transport.tcp.TCPTransport$ConnectionHandler.run0(TCPTransport.java:796)
	at java.rmi/sun.rmi.transport.tcp.TCPTransport$ConnectionHandler.lambda$run$0(TCPTransport.java:677)
	at java.base/java.security.AccessController.doPrivileged(Native Method)
	at java.rmi/sun.rmi.transport.tcp.TCPTransport$ConnectionHandler.run(TCPTransport.java:676)
	at java.base/java.util.concurrent.ThreadPoolExecutor.runWorker(ThreadPoolExecutor.java:1128)
	at java.base/java.util.concurrent.ThreadPoolExecutor$Worker.run(ThreadPoolExecutor.java:628)
	... 1 common frames omitted
Caused by: java.lang.ClassNotFoundException: Class not found: com/google/javascript/jscomp/DefaultCodingConvention: java.lang.NullPointerException: Class not found com/google/javascript/jscomp/DefaultCodingConvention
	at org.evosuite.instrumentation.InstrumentingClassLoader.instrumentClass(InstrumentingClassLoader.java:158)
	at org.evosuite.instrumentation.InstrumentingClassLoader.loadClass(InstrumentingClassLoader.java:126)
	at org.evosuite.utils.generic.GenericClassImpl.getClass(GenericClassImpl.java:139)
	at org.evosuite.utils.generic.GenericClassImpl.getClass(GenericClassImpl.java:105)
	at org.evosuite.utils.generic.GenericClassImpl.readObject(GenericClassImpl.java:1671)
	at jdk.internal.reflect.GeneratedMethodAccessor9.invoke(Unknown Source)
	at java.base/jdk.internal.reflect.DelegatingMethodAccessorImpl.invoke(DelegatingMethodAccessorImpl.java:43)
	at java.base/java.lang.reflect.Method.invoke(Method.java:566)
	at java.base/java.io.ObjectStreamClass.invokeReadObject(ObjectStreamClass.java:1046)
	at java.base/java.io.ObjectInputStream.readSerialData(ObjectInputStream.java:2357)
	at java.base/java.io.ObjectInputStream.readOrdinaryObject(ObjectInputStream.java:2228)
	at java.base/java.io.ObjectInputStream.readObject0(ObjectInputStream.java:1687)
	at java.base/java.io.ObjectInputStream.defaultReadFields(ObjectInputStream.java:2496)
	at java.base/java.io.ObjectInputStream.readSerialData(ObjectInputStream.java:2390)
	at java.base/java.io.ObjectInputStream.readOrdinaryObject(ObjectInputStream.java:2228)
	at java.base/java.io.ObjectInputStream.readObject0(ObjectInputStream.java:1687)
	at java.base/java.io.ObjectInputStream.defaultReadFields(ObjectInputStream.java:2496)
	at java.base/java.io.ObjectInputStream.readSerialData(ObjectInputStream.java:2390)
	at java.base/java.io.ObjectInputStream.readOrdinaryObject(ObjectInputStream.java:2228)
	at java.base/java.io.ObjectInputStream.readObject0(ObjectInputStream.java:1687)
	at java.base/java.io.ObjectInputStream.readObject(ObjectInputStream.java:489)
	at java.base/java.io.ObjectInputStream.readObject(ObjectInputStream.java:447)
	at java.base/java.util.ArrayList.readObject(ArrayList.java:929)
	at java.base/jdk.internal.reflect.GeneratedMethodAccessor7.invoke(Unknown Source)
	at java.base/jdk.internal.reflect.DelegatingMethodAccessorImpl.invoke(DelegatingMethodAccessorImpl.java:43)
	at java.base/java.lang.reflect.Method.invoke(Method.java:566)
	at java.base/java.io.ObjectStreamClass.invokeReadObject(ObjectStreamClass.java:1046)
	at java.base/java.io.ObjectInputStream.readSerialData(ObjectInputStream.java:2357)
	at java.base/java.io.ObjectInputStream.readOrdinaryObject(ObjectInputStream.java:2228)
	at java.base/java.io.ObjectInputStream.readObject0(ObjectInputStream.java:1687)
	at java.base/java.io.ObjectInputStream.defaultReadFields(ObjectInputStream.java:2496)
	at java.base/java.io.ObjectInputStream.readSerialData(ObjectInputStream.java:2390)
	at java.base/java.io.ObjectInputStream.readOrdinaryObject(ObjectInputStream.java:2228)
	at java.base/java.io.ObjectInputStream.readObject0(ObjectInputStream.java:1687)
	at java.base/java.io.ObjectInputStream.defaultReadFields(ObjectInputStream.java:2496)
	at java.base/java.io.ObjectInputStream.defaultReadObject(ObjectInputStream.java:625)
	at org.evosuite.testcase.DefaultTestCase.readObject(DefaultTestCase.java:1217)
	at java.base/jdk.internal.reflect.NativeMethodAccessorImpl.invoke0(Native Method)
	at java.base/jdk.internal.reflect.NativeMethodAccessorImpl.invoke(NativeMethodAccessorImpl.java:62)
	at java.base/jdk.internal.reflect.DelegatingMethodAccessorImpl.invoke(DelegatingMethodAccessorImpl.java:43)
	at java.base/java.lang.reflect.Method.invoke(Method.java:566)
	at java.base/java.io.ObjectStreamClass.invokeReadObject(ObjectStreamClass.java:1046)
	at java.base/java.io.ObjectInputStream.readSerialData(ObjectInputStream.java:2357)
	at java.base/java.io.ObjectInputStream.readOrdinaryObject(ObjectInputStream.java:2228)
	at java.base/java.io.ObjectInputStream.readObject0(ObjectInputStream.java:1687)
	at java.base/java.io.ObjectInputStream.defaultReadFields(ObjectInputStream.java:2496)
	at java.base/java.io.ObjectInputStream.readSerialData(ObjectInputStream.java:2390)
	at java.base/java.io.ObjectInputStream.readOrdinaryObject(ObjectInputStream.java:2228)
	at java.base/java.io.ObjectInputStream.readObject0(ObjectInputStream.java:1687)
	at java.base/java.io.ObjectInputStream.readObject(ObjectInputStream.java:489)
	at java.base/java.io.ObjectInputStream.readObject(ObjectInputStream.java:447)
	at java.base/java.util.ArrayList.readObject(ArrayList.java:929)
	at java.base/jdk.internal.reflect.GeneratedMethodAccessor7.invoke(Unknown Source)
	at java.base/jdk.internal.reflect.DelegatingMethodAccessorImpl.invoke(DelegatingMethodAccessorImpl.java:43)
	at java.base/java.lang.reflect.Method.invoke(Method.java:566)
	at java.base/java.io.ObjectStreamClass.invokeReadObject(ObjectStreamClass.java:1046)
	at java.base/java.io.ObjectInputStream.readSerialData(ObjectInputStream.java:2357)
	at java.base/java.io.ObjectInputStream.readOrdinaryObject(ObjectInputStream.java:2228)
	at java.base/java.io.ObjectInputStream.readObject0(ObjectInputStream.java:1687)
	at java.base/java.io.ObjectInputStream.defaultReadFields(ObjectInputStream.java:2496)
	at java.base/java.io.ObjectInputStream.readSerialData(ObjectInputStream.java:2390)
	at java.base/java.io.ObjectInputStream.readOrdinaryObject(ObjectInputStream.java:2228)
	at java.base/java.io.ObjectInputStream.readObject0(ObjectInputStream.java:1687)
	at java.base/java.io.ObjectInputStream.readObject(ObjectInputStream.java:489)
	at java.base/java.io.ObjectInputStream.readObject(ObjectInputStream.java:447)
	at java.rmi/sun.rmi.server.UnicastRef.unmarshalValue(UnicastRef.java:327)
	at java.rmi/sun.rmi.server.UnicastServerRef.dispatch(UnicastServerRef.java:339)
	... 12 common frames omitted
Caused by: java.lang.RuntimeException: Class not found: com/google/javascript/jscomp/DefaultCodingConvention: java.lang.NullPointerException: Class not found com/google/javascript/jscomp/DefaultCodingConvention
	at org.evosuite.runtime.util.ComputeClassWriter.getCommonSuperClass(ComputeClassWriter.java:56)
	at org.evosuite.shaded.org.objectweb.asm.SymbolTable.addMergedType(SymbolTable.java:1202)
	at org.evosuite.shaded.org.objectweb.asm.Frame.merge(Frame.java:1299)
	at org.evosuite.shaded.org.objectweb.asm.Frame.merge(Frame.java:1244)
	at org.evosuite.shaded.org.objectweb.asm.MethodWriter.computeAllFrames(MethodWriter.java:1610)
	at org.evosuite.shaded.org.objectweb.asm.MethodWriter.visitMaxs(MethodWriter.java:1546)
	at org.evosuite.shaded.org.objectweb.asm.MethodVisitor.visitMaxs(MethodVisitor.java:773)
	at org.evosuite.shaded.org.objectweb.asm.MethodVisitor.visitMaxs(MethodVisitor.java:773)
	at org.evosuite.shaded.org.objectweb.asm.MethodVisitor.visitMaxs(MethodVisitor.java:773)
	at org.evosuite.runtime.instrumentation.LoopCounterMethodAdapter.visitMaxs(LoopCounterMethodAdapter.java:48)
	at org.evosuite.shaded.org.objectweb.asm.tree.MethodNode.accept(MethodNode.java:769)
	at org.evosuite.shaded.org.objectweb.asm.commons.JSRInlinerAdapter.visitEnd(JSRInlinerAdapter.java:158)
	at org.evosuite.shaded.org.objectweb.asm.MethodVisitor.visitEnd(MethodVisitor.java:783)
	at org.evosuite.shaded.org.objectweb.asm.MethodVisitor.visitEnd(MethodVisitor.java:783)
	at org.evosuite.shaded.org.objectweb.asm.MethodVisitor.visitEnd(MethodVisitor.java:783)
	at org.evosuite.shaded.org.objectweb.asm.tree.MethodNode.accept(MethodNode.java:772)
	at org.evosuite.shaded.org.objectweb.asm.tree.MethodNode.accept(MethodNode.java:649)
	at org.evosuite.shaded.org.objectweb.asm.tree.ClassNode.accept(ClassNode.java:452)
	at org.evosuite.instrumentation.BytecodeInstrumentation.transformBytes(BytecodeInstrumentation.java:282)
	at org.evosuite.instrumentation.InstrumentingClassLoader.getTransformedBytes(InstrumentingClassLoader.java:135)
	at org.evosuite.instrumentation.InstrumentingClassLoader.instrumentClass(InstrumentingClassLoader.java:149)
	... 78 common frames omitted
Caused by: java.lang.NullPointerException: Class not found com/google/javascript/jscomp/DefaultCodingConvention
	at org.evosuite.runtime.util.ComputeClassWriter.typeInfo(ComputeClassWriter.java:179)
	at org.evosuite.runtime.util.ComputeClassWriter.getCommonSuperClass(ComputeClassWriter.java:53)
	... 98 common frames omitted
[Progress:==>                           8%] [Cov:=======>                           21%][Progress:==>                           8%] [Cov:========>                          24%][Progress:==>                           8%] [Cov:========>                          25%][MASTER] 20:51:58.337 [logback-1] WARN  TestCluster - Failed to check cache for java.util.Iterator<E> : Type points to itself
[Progress:==>                           9%] [Cov:>                                  1%][Progress:==>                           9%] [Cov:>                                  2%][Progress:==>                           9%] [Cov:=====>                             15%][Progress:==>                           9%] [Cov:======>                            18%][Progress:==>                           9%] [Cov:=======>                           21%][Progress:==>                           9%] [Cov:=======>                           22%][Progress:==>                           9%] [Cov:========>                          23%][Progress:==>                           9%] [Cov:========>                          25%][MASTER] 20:51:58.599 [logback-1] WARN  ClientNodeImpl - Cannot send statistics to master; continuing without statistics
java.rmi.ServerError: Error occurred in server thread; nested exception is: 
	java.lang.NoClassDefFoundError: com/google/javascript/jscomp/JSModule
	at java.rmi/sun.rmi.server.UnicastServerRef.dispatch(UnicastServerRef.java:388)
	at java.rmi/sun.rmi.transport.Transport$1.run(Transport.java:200)
	at java.rmi/sun.rmi.transport.Transport$1.run(Transport.java:197)
	at java.base/java.security.AccessController.doPrivileged(Native Method)
	at java.rmi/sun.rmi.transport.Transport.serviceCall(Transport.java:196)
	at java.rmi/sun.rmi.transport.tcp.TCPTransport.handleMessages(TCPTransport.java:562)
	at java.rmi/sun.rmi.transport.tcp.TCPTransport$ConnectionHandler.run0(TCPTransport.java:796)
	at java.rmi/sun.rmi.transport.tcp.TCPTransport$ConnectionHandler.lambda$run$0(TCPTransport.java:677)
	at java.base/java.security.AccessController.doPrivileged(Native Method)
	at java.rmi/sun.rmi.transport.tcp.TCPTransport$ConnectionHandler.run(TCPTransport.java:676)
	at java.base/java.util.concurrent.ThreadPoolExecutor.runWorker(ThreadPoolExecutor.java:1128)
	at java.base/java.util.concurrent.ThreadPoolExecutor$Worker.run(ThreadPoolExecutor.java:628)
	at java.base/java.lang.Thread.run(Thread.java:829)
	at java.rmi/sun.rmi.transport.StreamRemoteCall.exceptionReceivedFromServer(StreamRemoteCall.java:303)
	at java.rmi/sun.rmi.transport.StreamRemoteCall.executeCall(StreamRemoteCall.java:279)
	at java.rmi/sun.rmi.server.UnicastRef.invoke(UnicastRef.java:164)
	at java.rmi/java.rmi.server.RemoteObjectInvocationHandler.invokeRemoteMethod(RemoteObjectInvocationHandler.java:217)
	at java.rmi/java.rmi.server.RemoteObjectInvocationHandler.invoke(RemoteObjectInvocationHandler.java:162)
	at com.sun.proxy.$Proxy7.evosuite_collectStatistics(Unknown Source)
	at org.evosuite.rmi.service.ClientNodeImpl.updateStatistics(ClientNodeImpl.java:251)
	at org.evosuite.statistics.StatisticsSender.sendIndividualToMaster(StatisticsSender.java:62)
	at org.evosuite.statistics.StatisticsListener.lambda$new$0(StatisticsListener.java:76)
	at java.base/java.lang.Thread.run(Thread.java:829)
Caused by: java.lang.NoClassDefFoundError: com/google/javascript/jscomp/JSModule
	at java.base/java.lang.Class.getDeclaredMethods0(Native Method)
	at java.base/java.lang.Class.privateGetDeclaredMethods(Class.java:3166)
	at java.base/java.lang.Class.getDeclaredMethods(Class.java:2309)
	at org.evosuite.utils.generic.GenericMethod.readObject(GenericMethod.java:406)
	at java.base/jdk.internal.reflect.NativeMethodAccessorImpl.invoke0(Native Method)
	at java.base/jdk.internal.reflect.NativeMethodAccessorImpl.invoke(NativeMethodAccessorImpl.java:62)
	at java.base/jdk.internal.reflect.DelegatingMethodAccessorImpl.invoke(DelegatingMethodAccessorImpl.java:43)
	at java.base/java.lang.reflect.Method.invoke(Method.java:566)
	at java.base/java.io.ObjectStreamClass.invokeReadObject(ObjectStreamClass.java:1046)
	at java.base/java.io.ObjectInputStream.readSerialData(ObjectInputStream.java:2357)
	at java.base/java.io.ObjectInputStream.readOrdinaryObject(ObjectInputStream.java:2228)
	at java.base/java.io.ObjectInputStream.readObject0(ObjectInputStream.java:1687)
	at java.base/java.io.ObjectInputStream.defaultReadFields(ObjectInputStream.java:2496)
	at java.base/java.io.ObjectInputStream.readSerialData(ObjectInputStream.java:2346)
	at java.base/java.io.ObjectInputStream.readOrdinaryObject(ObjectInputStream.java:2228)
	at java.base/java.io.ObjectInputStream.readObject0(ObjectInputStream.java:1687)
	at java.base/java.io.ObjectInputStream.skipCustomData(ObjectInputStream.java:2451)
	at java.base/java.io.ObjectInputStream.readSerialData(ObjectInputStream.java:2400)
	at java.base/java.io.ObjectInputStream.readOrdinaryObject(ObjectInputStream.java:2228)
	at java.base/java.io.ObjectInputStream.readObject0(ObjectInputStream.java:1687)
	at java.base/java.io.ObjectInputStream.defaultReadFields(ObjectInputStream.java:2496)
	at java.base/java.io.ObjectInputStream.readSerialData(ObjectInputStream.java:2390)
	at java.base/java.io.ObjectInputStream.readOrdinaryObject(ObjectInputStream.java:2228)
	at java.base/java.io.ObjectInputStream.readObject0(ObjectInputStream.java:1687)
	at java.base/java.io.ObjectInputStream.defaultReadFields(ObjectInputStream.java:2496)
	at java.base/java.io.ObjectInputStream.defaultReadObject(ObjectInputStream.java:625)
	at org.evosuite.testcase.DefaultTestCase.readObject(DefaultTestCase.java:1217)
	at java.base/jdk.internal.reflect.NativeMethodAccessorImpl.invoke0(Native Method)
	at java.base/jdk.internal.reflect.NativeMethodAccessorImpl.invoke(NativeMethodAccessorImpl.java:62)
	at java.base/jdk.internal.reflect.DelegatingMethodAccessorImpl.invoke(DelegatingMethodAccessorImpl.java:43)
	at java.base/java.lang.reflect.Method.invoke(Method.java:566)
	at java.base/java.io.ObjectStreamClass.invokeReadObject(ObjectStreamClass.java:1046)
	at java.base/java.io.ObjectInputStream.readSerialData(ObjectInputStream.java:2357)
	at java.base/java.io.ObjectInputStream.readOrdinaryObject(ObjectInputStream.java:2228)
	at java.base/java.io.ObjectInputStream.readObject0(ObjectInputStream.java:1687)
	at java.base/java.io.ObjectInputStream.defaultReadFields(ObjectInputStream.java:2496)
	at java.base/java.io.ObjectInputStream.readSerialData(ObjectInputStream.java:2390)
	at java.base/java.io.ObjectInputStream.readOrdinaryObject(ObjectInputStream.java:2228)
	at java.base/java.io.ObjectInputStream.readObject0(ObjectInputStream.java:1687)
	at java.base/java.io.ObjectInputStream.readObject(ObjectInputStream.java:489)
	at java.base/java.io.ObjectInputStream.readObject(ObjectInputStream.java:447)
	at java.base/java.util.ArrayList.readObject(ArrayList.java:929)
	at java.base/jdk.internal.reflect.GeneratedMethodAccessor7.invoke(Unknown Source)
	at java.base/jdk.internal.reflect.DelegatingMethodAccessorImpl.invoke(DelegatingMethodAccessorImpl.java:43)
	at java.base/java.lang.reflect.Method.invoke(Method.java:566)
	at java.base/java.io.ObjectStreamClass.invokeReadObject(ObjectStreamClass.java:1046)
	at java.base/java.io.ObjectInputStream.readSerialData(ObjectInputStream.java:2357)
	at java.base/java.io.ObjectInputStream.readOrdinaryObject(ObjectInputStream.java:2228)
	at java.base/java.io.ObjectInputStream.readObject0(ObjectInputStream.java:1687)
	at java.base/java.io.ObjectInputStream.defaultReadFields(ObjectInputStream.java:2496)
	at java.base/java.io.ObjectInputStream.readSerialData(ObjectInputStream.java:2390)
	at java.base/java.io.ObjectInputStream.readOrdinaryObject(ObjectInputStream.java:2228)
	at java.base/java.io.ObjectInputStream.readObject0(ObjectInputStream.java:1687)
	at java.base/java.io.ObjectInputStream.readObject(ObjectInputStream.java:489)
	at java.base/java.io.ObjectInputStream.readObject(ObjectInputStream.java:447)
	at java.rmi/sun.rmi.server.UnicastRef.unmarshalValue(UnicastRef.java:327)
	at java.rmi/sun.rmi.server.UnicastServerRef.dispatch(UnicastServerRef.java:339)
	at java.rmi/sun.rmi.transport.Transport$1.run(Transport.java:200)
	at java.rmi/sun.rmi.transport.Transport$1.run(Transport.java:197)
	at java.base/java.security.AccessController.doPrivileged(Native Method)
	at java.rmi/sun.rmi.transport.Transport.serviceCall(Transport.java:196)
	at java.rmi/sun.rmi.transport.tcp.TCPTransport.handleMessages(TCPTransport.java:562)
	at java.rmi/sun.rmi.transport.tcp.TCPTransport$ConnectionHandler.run0(TCPTransport.java:796)
	at java.rmi/sun.rmi.transport.tcp.TCPTransport$ConnectionHandler.lambda$run$0(TCPTransport.java:677)
	at java.base/java.security.AccessController.doPrivileged(Native Method)
	at java.rmi/sun.rmi.transport.tcp.TCPTransport$ConnectionHandler.run(TCPTransport.java:676)
	at java.base/java.util.concurrent.ThreadPoolExecutor.runWorker(ThreadPoolExecutor.java:1128)
	at java.base/java.util.concurrent.ThreadPoolExecutor$Worker.run(ThreadPoolExecutor.java:628)
	... 1 common frames omitted
Caused by: java.lang.ClassNotFoundException: Class not found: com/google/javascript/jscomp/deps/SortedDependencies$CircularDependencyException: java.lang.NullPointerException: Class not found com/google/javascript/jscomp/deps/SortedDependencies$CircularDependencyException
	at org.evosuite.instrumentation.InstrumentingClassLoader.instrumentClass(InstrumentingClassLoader.java:158)
	at org.evosuite.instrumentation.InstrumentingClassLoader.loadClass(InstrumentingClassLoader.java:126)
	... 69 common frames omitted
Caused by: java.lang.RuntimeException: Class not found: com/google/javascript/jscomp/deps/SortedDependencies$CircularDependencyException: java.lang.NullPointerException: Class not found com/google/javascript/jscomp/deps/SortedDependencies$CircularDependencyException
	at org.evosuite.runtime.util.ComputeClassWriter.getCommonSuperClass(ComputeClassWriter.java:56)
	at org.evosuite.shaded.org.objectweb.asm.SymbolTable.addMergedType(SymbolTable.java:1202)
	at org.evosuite.shaded.org.objectweb.asm.Frame.merge(Frame.java:1299)
	at org.evosuite.shaded.org.objectweb.asm.Frame.merge(Frame.java:1197)
	at org.evosuite.shaded.org.objectweb.asm.MethodWriter.computeAllFrames(MethodWriter.java:1610)
	at org.evosuite.shaded.org.objectweb.asm.MethodWriter.visitMaxs(MethodWriter.java:1546)
	at org.evosuite.shaded.org.objectweb.asm.MethodVisitor.visitMaxs(MethodVisitor.java:773)
	at org.evosuite.shaded.org.objectweb.asm.MethodVisitor.visitMaxs(MethodVisitor.java:773)
	at org.evosuite.shaded.org.objectweb.asm.MethodVisitor.visitMaxs(MethodVisitor.java:773)
	at org.evosuite.runtime.instrumentation.LoopCounterMethodAdapter.visitMaxs(LoopCounterMethodAdapter.java:48)
	at org.evosuite.shaded.org.objectweb.asm.tree.MethodNode.accept(MethodNode.java:769)
	at org.evosuite.shaded.org.objectweb.asm.commons.JSRInlinerAdapter.visitEnd(JSRInlinerAdapter.java:158)
	at org.evosuite.shaded.org.objectweb.asm.MethodVisitor.visitEnd(MethodVisitor.java:783)
	at org.evosuite.shaded.org.objectweb.asm.MethodVisitor.visitEnd(MethodVisitor.java:783)
	at org.evosuite.shaded.org.objectweb.asm.MethodVisitor.visitEnd(MethodVisitor.java:783)
	at org.evosuite.shaded.org.objectweb.asm.tree.MethodNode.accept(MethodNode.java:772)
	at org.evosuite.shaded.org.objectweb.asm.tree.MethodNode.accept(MethodNode.java:649)
	at org.evosuite.shaded.org.objectweb.asm.tree.ClassNode.accept(ClassNode.java:452)
	at org.evosuite.instrumentation.BytecodeInstrumentation.transformBytes(BytecodeInstrumentation.java:282)
	at org.evosuite.instrumentation.InstrumentingClassLoader.getTransformedBytes(InstrumentingClassLoader.java:135)
	at org.evosuite.instrumentation.InstrumentingClassLoader.instrumentClass(InstrumentingClassLoader.java:149)
	... 70 common frames omitted
Caused by: java.lang.NullPointerException: Class not found com/google/javascript/jscomp/deps/SortedDependencies$CircularDependencyException
	at org.evosuite.runtime.util.ComputeClassWriter.typeInfo(ComputeClassWriter.java:179)
	at org.evosuite.runtime.util.ComputeClassWriter.getCommonSuperClass(ComputeClassWriter.java:53)
	... 90 common frames omitted
[Progress:==>                           9%] [Cov:========>                          25%]========== GWO EVOLVE iteration=0 population=50 ==========
[MASTER] 20:51:59.202 [logback-1] WARN  ClientNodeImpl - Cannot send statistics to master; continuing without statistics
java.rmi.ServerError: Error occurred in server thread; nested exception is: 
	java.lang.NoClassDefFoundError: com/google/javascript/jscomp/JSModule
	at java.rmi/sun.rmi.server.UnicastServerRef.dispatch(UnicastServerRef.java:388)
	at java.rmi/sun.rmi.transport.Transport$1.run(Transport.java:200)
	at java.rmi/sun.rmi.transport.Transport$1.run(Transport.java:197)
	at java.base/java.security.AccessController.doPrivileged(Native Method)
	at java.rmi/sun.rmi.transport.Transport.serviceCall(Transport.java:196)
	at java.rmi/sun.rmi.transport.tcp.TCPTransport.handleMessages(TCPTransport.java:562)
	at java.rmi/sun.rmi.transport.tcp.TCPTransport$ConnectionHandler.run0(TCPTransport.java:796)
	at java.rmi/sun.rmi.transport.tcp.TCPTransport$ConnectionHandler.lambda$run$0(TCPTransport.java:677)
	at java.base/java.security.AccessController.doPrivileged(Native Method)
	at java.rmi/sun.rmi.transport.tcp.TCPTransport$ConnectionHandler.run(TCPTransport.java:676)
	at java.base/java.util.concurrent.ThreadPoolExecutor.runWorker(ThreadPoolExecutor.java:1128)
	at java.base/java.util.concurrent.ThreadPoolExecutor$Worker.run(ThreadPoolExecutor.java:628)
	at java.base/java.lang.Thread.run(Thread.java:829)
	at java.rmi/sun.rmi.transport.StreamRemoteCall.exceptionReceivedFromServer(StreamRemoteCall.java:303)
	at java.rmi/sun.rmi.transport.StreamRemoteCall.executeCall(StreamRemoteCall.java:279)
	at java.rmi/sun.rmi.server.UnicastRef.invoke(UnicastRef.java:164)
	at java.rmi/java.rmi.server.RemoteObjectInvocationHandler.invokeRemoteMethod(RemoteObjectInvocationHandler.java:217)
	at java.rmi/java.rmi.server.RemoteObjectInvocationHandler.invoke(RemoteObjectInvocationHandler.java:162)
	at com.sun.proxy.$Proxy7.evosuite_collectStatistics(Unknown Source)
	at org.evosuite.rmi.service.ClientNodeImpl.updateStatistics(ClientNodeImpl.java:251)
	at org.evosuite.statistics.StatisticsSender.sendIndividualToMaster(StatisticsSender.java:62)
	at org.evosuite.statistics.StatisticsListener.lambda$new$0(StatisticsListener.java:76)
	at java.base/java.lang.Thread.run(Thread.java:829)
Caused by: java.lang.NoClassDefFoundError: com/google/javascript/jscomp/JSModule
	at java.base/java.lang.Class.getDeclaredMethods0(Native Method)
	at java.base/java.lang.Class.privateGetDeclaredMethods(Class.java:3166)
	at java.base/java.lang.Class.getDeclaredMethods(Class.java:2309)
	at org.evosuite.utils.generic.GenericMethod.readObject(GenericMethod.java:406)
	at java.base/jdk.internal.reflect.NativeMethodAccessorImpl.invoke0(Native Method)
	at java.base/jdk.internal.reflect.NativeMethodAccessorImpl.invoke(NativeMethodAccessorImpl.java:62)
	at java.base/jdk.internal.reflect.DelegatingMethodAccessorImpl.invoke(DelegatingMethodAccessorImpl.java:43)
	at java.base/java.lang.reflect.Method.invoke(Method.java:566)
	at java.base/java.io.ObjectStreamClass.invokeReadObject(ObjectStreamClass.java:1046)
	at java.base/java.io.ObjectInputStream.readSerialData(ObjectInputStream.java:2357)
	at java.base/java.io.ObjectInputStream.readOrdinaryObject(ObjectInputStream.java:2228)
	at java.base/java.io.ObjectInputStream.readObject0(ObjectInputStream.java:1687)
	at java.base/java.io.ObjectInputStream.defaultReadFields(ObjectInputStream.java:2496)
	at java.base/java.io.ObjectInputStream.readSerialData(ObjectInputStream.java:2346)
	at java.base/java.io.ObjectInputStream.readOrdinaryObject(ObjectInputStream.java:2228)
	at java.base/java.io.ObjectInputStream.readObject0(ObjectInputStream.java:1687)
	at java.base/java.io.ObjectInputStream.skipCustomData(ObjectInputStream.java:2451)
	at java.base/java.io.ObjectInputStream.readSerialData(ObjectInputStream.java:2400)
	at java.base/java.io.ObjectInputStream.readOrdinaryObject(ObjectInputStream.java:2228)
	at java.base/java.io.ObjectInputStream.readObject0(ObjectInputStream.java:1687)
	at java.base/java.io.ObjectInputStream.defaultReadFields(ObjectInputStream.java:2496)
	at java.base/java.io.ObjectInputStream.readSerialData(ObjectInputStream.java:2390)
	at java.base/java.io.ObjectInputStream.readOrdinaryObject(ObjectInputStream.java:2228)
	at java.base/java.io.ObjectInputStream.readObject0(ObjectInputStream.java:1687)
	at java.base/java.io.ObjectInputStream.defaultReadFields(ObjectInputStream.java:2496)
	at java.base/java.io.ObjectInputStream.defaultReadObject(ObjectInputStream.java:625)
	at org.evosuite.testcase.DefaultTestCase.readObject(DefaultTestCase.java:1217)
	at java.base/jdk.internal.reflect.NativeMethodAccessorImpl.invoke0(Native Method)
	at java.base/jdk.internal.reflect.NativeMethodAccessorImpl.invoke(NativeMethodAccessorImpl.java:62)
	at java.base/jdk.internal.reflect.DelegatingMethodAccessorImpl.invoke(DelegatingMethodAccessorImpl.java:43)
	at java.base/java.lang.reflect.Method.invoke(Method.java:566)
	at java.base/java.io.ObjectStreamClass.invokeReadObject(ObjectStreamClass.java:1046)
	at java.base/java.io.ObjectInputStream.readSerialData(ObjectInputStream.java:2357)
	at java.base/java.io.ObjectInputStream.readOrdinaryObject(ObjectInputStream.java:2228)
	at java.base/java.io.ObjectInputStream.readObject0(ObjectInputStream.java:1687)
	at java.base/java.io.ObjectInputStream.defaultReadFields(ObjectInputStream.java:2496)
	at java.base/java.io.ObjectInputStream.readSerialData(ObjectInputStream.java:2390)
	at java.base/java.io.ObjectInputStream.readOrdinaryObject(ObjectInputStream.java:2228)
	at java.base/java.io.ObjectInputStream.readObject0(ObjectInputStream.java:1687)
	at java.base/java.io.ObjectInputStream.readObject(ObjectInputStream.java:489)
	at java.base/java.io.ObjectInputStream.readObject(ObjectInputStream.java:447)
	at java.base/java.util.ArrayList.readObject(ArrayList.java:929)
	at java.base/jdk.internal.reflect.GeneratedMethodAccessor7.invoke(Unknown Source)
	at java.base/jdk.internal.reflect.DelegatingMethodAccessorImpl.invoke(DelegatingMethodAccessorImpl.java:43)
	at java.base/java.lang.reflect.Method.invoke(Method.java:566)
	at java.base/java.io.ObjectStreamClass.invokeReadObject(ObjectStreamClass.java:1046)
	at java.base/java.io.ObjectInputStream.readSerialData(ObjectInputStream.java:2357)
	at java.base/java.io.ObjectInputStream.readOrdinaryObject(ObjectInputStream.java:2228)
	at java.base/java.io.ObjectInputStream.readObject0(ObjectInputStream.java:1687)
	at java.base/java.io.ObjectInputStream.defaultReadFields(ObjectInputStream.java:2496)
	at java.base/java.io.ObjectInputStream.readSerialData(ObjectInputStream.java:2390)
	at java.base/java.io.ObjectInputStream.readOrdinaryObject(ObjectInputStream.java:2228)
	at java.base/java.io.ObjectInputStream.readObject0(ObjectInputStream.java:1687)
	at java.base/java.io.ObjectInputStream.readObject(ObjectInputStream.java:489)
	at java.base/java.io.ObjectInputStream.readObject(ObjectInputStream.java:447)
	at java.rmi/sun.rmi.server.UnicastRef.unmarshalValue(UnicastRef.java:327)
	at java.rmi/sun.rmi.server.UnicastServerRef.dispatch(UnicastServerRef.java:339)
	at java.rmi/sun.rmi.transport.Transport$1.run(Transport.java:200)
	at java.rmi/sun.rmi.transport.Transport$1.run(Transport.java:197)
	at java.base/java.security.AccessController.doPrivileged(Native Method)
	at java.rmi/sun.rmi.transport.Transport.serviceCall(Transport.java:196)
	at java.rmi/sun.rmi.transport.tcp.TCPTransport.handleMessages(TCPTransport.java:562)
	at java.rmi/sun.rmi.transport.tcp.TCPTransport$ConnectionHandler.run0(TCPTransport.java:796)
	at java.rmi/sun.rmi.transport.tcp.TCPTransport$ConnectionHandler.lambda$run$0(TCPTransport.java:677)
	at java.base/java.security.AccessController.doPrivileged(Native Method)
	at java.rmi/sun.rmi.transport.tcp.TCPTransport$ConnectionHandler.run(TCPTransport.java:676)
	at java.base/java.util.concurrent.ThreadPoolExecutor.runWorker(ThreadPoolExecutor.java:1128)
	at java.base/java.util.concurrent.ThreadPoolExecutor$Worker.run(ThreadPoolExecutor.java:628)
	... 1 common frames omitted
Caused by: java.lang.ClassNotFoundException: Class not found: com/google/javascript/jscomp/deps/SortedDependencies$CircularDependencyException: java.lang.NullPointerException: Class not found com/google/javascript/jscomp/deps/SortedDependencies$CircularDependencyException
	at org.evosuite.instrumentation.InstrumentingClassLoader.instrumentClass(InstrumentingClassLoader.java:158)
	at org.evosuite.instrumentation.InstrumentingClassLoader.loadClass(InstrumentingClassLoader.java:126)
	... 69 common frames omitted
Caused by: java.lang.RuntimeException: Class not found: com/google/javascript/jscomp/deps/SortedDependencies$CircularDependencyException: java.lang.NullPointerException: Class not found com/google/javascript/jscomp/deps/SortedDependencies$CircularDependencyException
	at org.evosuite.runtime.util.ComputeClassWriter.getCommonSuperClass(ComputeClassWriter.java:56)
	at org.evosuite.shaded.org.objectweb.asm.SymbolTable.addMergedType(SymbolTable.java:1202)
	at org.evosuite.shaded.org.objectweb.asm.Frame.merge(Frame.java:1299)
	at org.evosuite.shaded.org.objectweb.asm.Frame.merge(Frame.java:1197)
	at org.evosuite.shaded.org.objectweb.asm.MethodWriter.computeAllFrames(MethodWriter.java:1610)
	at org.evosuite.shaded.org.objectweb.asm.MethodWriter.visitMaxs(MethodWriter.java:1546)
	at org.evosuite.shaded.org.objectweb.asm.MethodVisitor.visitMaxs(MethodVisitor.java:773)
	at org.evosuite.shaded.org.objectweb.asm.MethodVisitor.visitMaxs(MethodVisitor.java:773)
	at org.evosuite.shaded.org.objectweb.asm.MethodVisitor.visitMaxs(MethodVisitor.java:773)
	at org.evosuite.runtime.instrumentation.LoopCounterMethodAdapter.visitMaxs(LoopCounterMethodAdapter.java:48)
	at org.evosuite.shaded.org.objectweb.asm.tree.MethodNode.accept(MethodNode.java:769)
	at org.evosuite.shaded.org.objectweb.asm.commons.JSRInlinerAdapter.visitEnd(JSRInlinerAdapter.java:158)
	at org.evosuite.shaded.org.objectweb.asm.MethodVisitor.visitEnd(MethodVisitor.java:783)
	at org.evosuite.shaded.org.objectweb.asm.MethodVisitor.visitEnd(MethodVisitor.java:783)
	at org.evosuite.shaded.org.objectweb.asm.MethodVisitor.visitEnd(MethodVisitor.java:783)
	at org.evosuite.shaded.org.objectweb.asm.tree.MethodNode.accept(MethodNode.java:772)
	at org.evosuite.shaded.org.objectweb.asm.tree.MethodNode.accept(MethodNode.java:649)
	at org.evosuite.shaded.org.objectweb.asm.tree.ClassNode.accept(ClassNode.java:452)
	at org.evosuite.instrumentation.BytecodeInstrumentation.transformBytes(BytecodeInstrumentation.java:282)
	at org.evosuite.instrumentation.InstrumentingClassLoader.getTransformedBytes(InstrumentingClassLoader.java:135)
	at org.evosuite.instrumentation.InstrumentingClassLoader.instrumentClass(InstrumentingClassLoader.java:149)
	... 70 common frames omitted
Caused by: java.lang.NullPointerException: Class not found com/google/javascript/jscomp/deps/SortedDependencies$CircularDependencyException
	at org.evosuite.runtime.util.ComputeClassWriter.typeInfo(ComputeClassWriter.java:179)
	at org.evosuite.runtime.util.ComputeClassWriter.getCommonSuperClass(ComputeClassWriter.java:53)
	... 90 common frames omitted
[Progress:===>                          10%] [Cov:========>                          25%][Progress:===>                          10%] [Cov:========>                          25%]GWO iteration=1 bestFitness=1961.164233575711 population=50 a=1.98
========== GWO EVOLVE iteration=1 population=50 ==========
[MASTER] 20:52:00.347 [logback-1] WARN  ClientNodeImpl - Cannot send statistics to master; continuing without statistics
java.rmi.ServerError: Error occurred in server thread; nested exception is: 
	java.lang.NoClassDefFoundError: com/google/javascript/jscomp/JSModule
	at java.rmi/sun.rmi.server.UnicastServerRef.dispatch(UnicastServerRef.java:388)
	at java.rmi/sun.rmi.transport.Transport$1.run(Transport.java:200)
	at java.rmi/sun.rmi.transport.Transport$1.run(Transport.java:197)
	at java.base/java.security.AccessController.doPrivileged(Native Method)
	at java.rmi/sun.rmi.transport.Transport.serviceCall(Transport.java:196)
	at java.rmi/sun.rmi.transport.tcp.TCPTransport.handleMessages(TCPTransport.java:562)
	at java.rmi/sun.rmi.transport.tcp.TCPTransport$ConnectionHandler.run0(TCPTransport.java:796)
	at java.rmi/sun.rmi.transport.tcp.TCPTransport$ConnectionHandler.lambda$run$0(TCPTransport.java:677)
	at java.base/java.security.AccessController.doPrivileged(Native Method)
	at java.rmi/sun.rmi.transport.tcp.TCPTransport$ConnectionHandler.run(TCPTransport.java:676)
	at java.base/java.util.concurrent.ThreadPoolExecutor.runWorker(ThreadPoolExecutor.java:1128)
	at java.base/java.util.concurrent.ThreadPoolExecutor$Worker.run(ThreadPoolExecutor.java:628)
	at java.base/java.lang.Thread.run(Thread.java:829)
	at java.rmi/sun.rmi.transport.StreamRemoteCall.exceptionReceivedFromServer(StreamRemoteCall.java:303)
	at java.rmi/sun.rmi.transport.StreamRemoteCall.executeCall(StreamRemoteCall.java:279)
	at java.rmi/sun.rmi.server.UnicastRef.invoke(UnicastRef.java:164)
	at java.rmi/java.rmi.server.RemoteObjectInvocationHandler.invokeRemoteMethod(RemoteObjectInvocationHandler.java:217)
	at java.rmi/java.rmi.server.RemoteObjectInvocationHandler.invoke(RemoteObjectInvocationHandler.java:162)
	at com.sun.proxy.$Proxy7.evosuite_collectStatistics(Unknown Source)
	at org.evosuite.rmi.service.ClientNodeImpl.updateStatistics(ClientNodeImpl.java:251)
	at org.evosuite.statistics.StatisticsSender.sendIndividualToMaster(StatisticsSender.java:62)
	at org.evosuite.statistics.StatisticsListener.lambda$new$0(StatisticsListener.java:76)
	at java.base/java.lang.Thread.run(Thread.java:829)
Caused by: java.lang.NoClassDefFoundError: com/google/javascript/jscomp/JSModule
	at java.base/java.lang.Class.getDeclaredMethods0(Native Method)
	at java.base/java.lang.Class.privateGetDeclaredMethods(Class.java:3166)
	at java.base/java.lang.Class.getDeclaredMethods(Class.java:2309)
	at org.evosuite.utils.generic.GenericMethod.readObject(GenericMethod.java:406)
	at java.base/jdk.internal.reflect.NativeMethodAccessorImpl.invoke0(Native Method)
	at java.base/jdk.internal.reflect.NativeMethodAccessorImpl.invoke(NativeMethodAccessorImpl.java:62)
	at java.base/jdk.internal.reflect.DelegatingMethodAccessorImpl.invoke(DelegatingMethodAccessorImpl.java:43)
	at java.base/java.lang.reflect.Method.invoke(Method.java:566)
	at java.base/java.io.ObjectStreamClass.invokeReadObject(ObjectStreamClass.java:1046)
	at java.base/java.io.ObjectInputStream.readSerialData(ObjectInputStream.java:2357)
	at java.base/java.io.ObjectInputStream.readOrdinaryObject(ObjectInputStream.java:2228)
	at java.base/java.io.ObjectInputStream.readObject0(ObjectInputStream.java:1687)
	at java.base/java.io.ObjectInputStream.defaultReadFields(ObjectInputStream.java:2496)
	at java.base/java.io.ObjectInputStream.readSerialData(ObjectInputStream.java:2346)
	at java.base/java.io.ObjectInputStream.readOrdinaryObject(ObjectInputStream.java:2228)
	at java.base/java.io.ObjectInputStream.readObject0(ObjectInputStream.java:1687)
	at java.base/java.io.ObjectInputStream.skipCustomData(ObjectInputStream.java:2451)
	at java.base/java.io.ObjectInputStream.readSerialData(ObjectInputStream.java:2400)
	at java.base/java.io.ObjectInputStream.readOrdinaryObject(ObjectInputStream.java:2228)
	at java.base/java.io.ObjectInputStream.readObject0(ObjectInputStream.java:1687)
	at java.base/java.io.ObjectInputStream.defaultReadFields(ObjectInputStream.java:2496)
	at java.base/java.io.ObjectInputStream.readSerialData(ObjectInputStream.java:2390)
	at java.base/java.io.ObjectInputStream.readOrdinaryObject(ObjectInputStream.java:2228)
	at java.base/java.io.ObjectInputStream.readObject0(ObjectInputStream.java:1687)
	at java.base/java.io.ObjectInputStream.defaultReadFields(ObjectInputStream.java:2496)
	at java.base/java.io.ObjectInputStream.defaultReadObject(ObjectInputStream.java:625)
	at org.evosuite.testcase.DefaultTestCase.readObject(DefaultTestCase.java:1217)
	at java.base/jdk.internal.reflect.NativeMethodAccessorImpl.invoke0(Native Method)
	at java.base/jdk.internal.reflect.NativeMethodAccessorImpl.invoke(NativeMethodAccessorImpl.java:62)
	at java.base/jdk.internal.reflect.DelegatingMethodAccessorImpl.invoke(DelegatingMethodAccessorImpl.java:43)
	at java.base/java.lang.reflect.Method.invoke(Method.java:566)
	at java.base/java.io.ObjectStreamClass.invokeReadObject(ObjectStreamClass.java:1046)
	at java.base/java.io.ObjectInputStream.readSerialData(ObjectInputStream.java:2357)
	at java.base/java.io.ObjectInputStream.readOrdinaryObject(ObjectInputStream.java:2228)
	at java.base/java.io.ObjectInputStream.readObject0(ObjectInputStream.java:1687)
	at java.base/java.io.ObjectInputStream.defaultReadFields(ObjectInputStream.java:2496)
	at java.base/java.io.ObjectInputStream.readSerialData(ObjectInputStream.java:2390)
	at java.base/java.io.ObjectInputStream.readOrdinaryObject(ObjectInputStream.java:2228)
	at java.base/java.io.ObjectInputStream.readObject0(ObjectInputStream.java:1687)
	at java.base/java.io.ObjectInputStream.readObject(ObjectInputStream.java:489)
	at java.base/java.io.ObjectInputStream.readObject(ObjectInputStream.java:447)
	at java.base/java.util.ArrayList.readObject(ArrayList.java:929)
	at java.base/jdk.internal.reflect.GeneratedMethodAccessor7.invoke(Unknown Source)
	at java.base/jdk.internal.reflect.DelegatingMethodAccessorImpl.invoke(DelegatingMethodAccessorImpl.java:43)
	at java.base/java.lang.reflect.Method.invoke(Method.java:566)
	at java.base/java.io.ObjectStreamClass.invokeReadObject(ObjectStreamClass.java:1046)
	at java.base/java.io.ObjectInputStream.readSerialData(ObjectInputStream.java:2357)
	at java.base/java.io.ObjectInputStream.readOrdinaryObject(ObjectInputStream.java:2228)
	at java.base/java.io.ObjectInputStream.readObject0(ObjectInputStream.java:1687)
	at java.base/java.io.ObjectInputStream.defaultReadFields(ObjectInputStream.java:2496)
	at java.base/java.io.ObjectInputStream.readSerialData(ObjectInputStream.java:2390)
	at java.base/java.io.ObjectInputStream.readOrdinaryObject(ObjectInputStream.java:2228)
	at java.base/java.io.ObjectInputStream.readObject0(ObjectInputStream.java:1687)
	at java.base/java.io.ObjectInputStream.readObject(ObjectInputStream.java:489)
	at java.base/java.io.ObjectInputStream.readObject(ObjectInputStream.java:447)
	at java.rmi/sun.rmi.server.UnicastRef.unmarshalValue(UnicastRef.java:327)
	at java.rmi/sun.rmi.server.UnicastServerRef.dispatch(UnicastServerRef.java:339)
	at java.rmi/sun.rmi.transport.Transport$1.run(Transport.java:200)
	at java.rmi/sun.rmi.transport.Transport$1.run(Transport.java:197)
	at java.base/java.security.AccessController.doPrivileged(Native Method)
	at java.rmi/sun.rmi.transport.Transport.serviceCall(Transport.java:196)
	at java.rmi/sun.rmi.transport.tcp.TCPTransport.handleMessages(TCPTransport.java:562)
	at java.rmi/sun.rmi.transport.tcp.TCPTransport$ConnectionHandler.run0(TCPTransport.java:796)
	at java.rmi/sun.rmi.transport.tcp.TCPTransport$ConnectionHandler.lambda$run$0(TCPTransport.java:677)
	at java.base/java.security.AccessController.doPrivileged(Native Method)
	at java.rmi/sun.rmi.transport.tcp.TCPTransport$ConnectionHandler.run(TCPTransport.java:676)
	at java.base/java.util.concurrent.ThreadPoolExecutor.runWorker(ThreadPoolExecutor.java:1128)
	at java.base/java.util.concurrent.ThreadPoolExecutor$Worker.run(ThreadPoolExecutor.java:628)
	... 1 common frames omitted
Caused by: java.lang.ClassNotFoundException: Class not found: com/google/javascript/jscomp/deps/SortedDependencies$CircularDependencyException: java.lang.NullPointerException: Class not found com/google/javascript/jscomp/deps/SortedDependencies$CircularDependencyException
	at org.evosuite.instrumentation.InstrumentingClassLoader.instrumentClass(InstrumentingClassLoader.java:158)
	at org.evosuite.instrumentation.InstrumentingClassLoader.loadClass(InstrumentingClassLoader.java:126)
	... 69 common frames omitted
Caused by: java.lang.RuntimeException: Class not found: com/google/javascript/jscomp/deps/SortedDependencies$CircularDependencyException: java.lang.NullPointerException: Class not found com/google/javascript/jscomp/deps/SortedDependencies$CircularDependencyException
	at org.evosuite.runtime.util.ComputeClassWriter.getCommonSuperClass(ComputeClassWriter.java:56)
	at org.evosuite.shaded.org.objectweb.asm.SymbolTable.addMergedType(SymbolTable.java:1202)
	at org.evosuite.shaded.org.objectweb.asm.Frame.merge(Frame.java:1299)
	at org.evosuite.shaded.org.objectweb.asm.Frame.merge(Frame.java:1197)
	at org.evosuite.shaded.org.objectweb.asm.MethodWriter.computeAllFrames(MethodWriter.java:1610)
	at org.evosuite.shaded.org.objectweb.asm.MethodWriter.visitMaxs(MethodWriter.java:1546)
	at org.evosuite.shaded.org.objectweb.asm.MethodVisitor.visitMaxs(MethodVisitor.java:773)
	at org.evosuite.shaded.org.objectweb.asm.MethodVisitor.visitMaxs(MethodVisitor.java:773)
	at org.evosuite.shaded.org.objectweb.asm.MethodVisitor.visitMaxs(MethodVisitor.java:773)
	at org.evosuite.runtime.instrumentation.LoopCounterMethodAdapter.visitMaxs(LoopCounterMethodAdapter.java:48)
	at org.evosuite.shaded.org.objectweb.asm.tree.MethodNode.accept(MethodNode.java:769)
	at org.evosuite.shaded.org.objectweb.asm.commons.JSRInlinerAdapter.visitEnd(JSRInlinerAdapter.java:158)
	at org.evosuite.shaded.org.objectweb.asm.MethodVisitor.visitEnd(MethodVisitor.java:783)
	at org.evosuite.shaded.org.objectweb.asm.MethodVisitor.visitEnd(MethodVisitor.java:783)
	at org.evosuite.shaded.org.objectweb.asm.MethodVisitor.visitEnd(MethodVisitor.java:783)
	at org.evosuite.shaded.org.objectweb.asm.tree.MethodNode.accept(MethodNode.java:772)
	at org.evosuite.shaded.org.objectweb.asm.tree.MethodNode.accept(MethodNode.java:649)
	at org.evosuite.shaded.org.objectweb.asm.tree.ClassNode.accept(ClassNode.java:452)
	at org.evosuite.instrumentation.BytecodeInstrumentation.transformBytes(BytecodeInstrumentation.java:282)
	at org.evosuite.instrumentation.InstrumentingClassLoader.getTransformedBytes(InstrumentingClassLoader.java:135)
	at org.evosuite.instrumentation.InstrumentingClassLoader.instrumentClass(InstrumentingClassLoader.java:149)
	... 70 common frames omitted
Caused by: java.lang.NullPointerException: Class not found com/google/javascript/jscomp/deps/SortedDependencies$CircularDependencyException
	at org.evosuite.runtime.util.ComputeClassWriter.typeInfo(ComputeClassWriter.java:179)
	at org.evosuite.runtime.util.ComputeClassWriter.getCommonSuperClass(ComputeClassWriter.java:53)
	... 90 common frames omitted
[MASTER] 20:52:00.407 [logback-1] WARN  ClientNodeImpl - Cannot send statistics to master; continuing without statistics
java.rmi.ServerError: Error occurred in server thread; nested exception is: 
	java.lang.NoClassDefFoundError: com/google/javascript/jscomp/JSModule
	at java.rmi/sun.rmi.server.UnicastServerRef.dispatch(UnicastServerRef.java:388)
	at java.rmi/sun.rmi.transport.Transport$1.run(Transport.java:200)
	at java.rmi/sun.rmi.transport.Transport$1.run(Transport.java:197)
	at java.base/java.security.AccessController.doPrivileged(Native Method)
	at java.rmi/sun.rmi.transport.Transport.serviceCall(Transport.java:196)
	at java.rmi/sun.rmi.transport.tcp.TCPTransport.handleMessages(TCPTransport.java:562)
	at java.rmi/sun.rmi.transport.tcp.TCPTransport$ConnectionHandler.run0(TCPTransport.java:796)
	at java.rmi/sun.rmi.transport.tcp.TCPTransport$ConnectionHandler.lambda$run$0(TCPTransport.java:677)
	at java.base/java.security.AccessController.doPrivileged(Native Method)
	at java.rmi/sun.rmi.transport.tcp.TCPTransport$ConnectionHandler.run(TCPTransport.java:676)
	at java.base/java.util.concurrent.ThreadPoolExecutor.runWorker(ThreadPoolExecutor.java:1128)
	at java.base/java.util.concurrent.ThreadPoolExecutor$Worker.run(ThreadPoolExecutor.java:628)
	at java.base/java.lang.Thread.run(Thread.java:829)
	at java.rmi/sun.rmi.transport.StreamRemoteCall.exceptionReceivedFromServer(StreamRemoteCall.java:303)
	at java.rmi/sun.rmi.transport.StreamRemoteCall.executeCall(StreamRemoteCall.java:279)
	at java.rmi/sun.rmi.server.UnicastRef.invoke(UnicastRef.java:164)
	at java.rmi/java.rmi.server.RemoteObjectInvocationHandler.invokeRemoteMethod(RemoteObjectInvocationHandler.java:217)
	at java.rmi/java.rmi.server.RemoteObjectInvocationHandler.invoke(RemoteObjectInvocationHandler.java:162)
	at com.sun.proxy.$Proxy7.evosuite_collectStatistics(Unknown Source)
	at org.evosuite.rmi.service.ClientNodeImpl.updateStatistics(ClientNodeImpl.java:251)
	at org.evosuite.statistics.StatisticsSender.sendIndividualToMaster(StatisticsSender.java:62)
	at org.evosuite.statistics.StatisticsListener.lambda$new$0(StatisticsListener.java:76)
	at java.base/java.lang.Thread.run(Thread.java:829)
Caused by: java.lang.NoClassDefFoundError: com/google/javascript/jscomp/JSModule
	at java.base/java.lang.Class.getDeclaredMethods0(Native Method)
	at java.base/java.lang.Class.privateGetDeclaredMethods(Class.java:3166)
	at java.base/java.lang.Class.getDeclaredMethods(Class.java:2309)
	at org.evosuite.utils.generic.GenericMethod.readObject(GenericMethod.java:406)
	at jdk.internal.reflect.GeneratedMethodAccessor16.invoke(Unknown Source)
	at java.base/jdk.internal.reflect.DelegatingMethodAccessorImpl.invoke(DelegatingMethodAccessorImpl.java:43)
	at java.base/java.lang.reflect.Method.invoke(Method.java:566)
	at java.base/java.io.ObjectStreamClass.invokeReadObject(ObjectStreamClass.java:1046)
	at java.base/java.io.ObjectInputStream.readSerialData(ObjectInputStream.java:2357)
	at java.base/java.io.ObjectInputStream.readOrdinaryObject(ObjectInputStream.java:2228)
	at java.base/java.io.ObjectInputStream.readObject0(ObjectInputStream.java:1687)
	at java.base/java.io.ObjectInputStream.defaultReadFields(ObjectInputStream.java:2496)
	at java.base/java.io.ObjectInputStream.readSerialData(ObjectInputStream.java:2346)
	at java.base/java.io.ObjectInputStream.readOrdinaryObject(ObjectInputStream.java:2228)
	at java.base/java.io.ObjectInputStream.readObject0(ObjectInputStream.java:1687)
	at java.base/java.io.ObjectInputStream.skipCustomData(ObjectInputStream.java:2451)
	at java.base/java.io.ObjectInputStream.readSerialData(ObjectInputStream.java:2400)
	at java.base/java.io.ObjectInputStream.readOrdinaryObject(ObjectInputStream.java:2228)
	at java.base/java.io.ObjectInputStream.readObject0(ObjectInputStream.java:1687)
	at java.base/java.io.ObjectInputStream.defaultReadFields(ObjectInputStream.java:2496)
	at java.base/java.io.ObjectInputStream.readSerialData(ObjectInputStream.java:2390)
	at java.base/java.io.ObjectInputStream.readOrdinaryObject(ObjectInputStream.java:2228)
	at java.base/java.io.ObjectInputStream.readObject0(ObjectInputStream.java:1687)
	at java.base/java.io.ObjectInputStream.defaultReadFields(ObjectInputStream.java:2496)
	at java.base/java.io.ObjectInputStream.defaultReadObject(ObjectInputStream.java:625)
	at org.evosuite.testcase.DefaultTestCase.readObject(DefaultTestCase.java:1217)
	at java.base/jdk.internal.reflect.NativeMethodAccessorImpl.invoke0(Native Method)
	at java.base/jdk.internal.reflect.NativeMethodAccessorImpl.invoke(NativeMethodAccessorImpl.java:62)
	at java.base/jdk.internal.reflect.DelegatingMethodAccessorImpl.invoke(DelegatingMethodAccessorImpl.java:43)
	at java.base/java.lang.reflect.Method.invoke(Method.java:566)
	at java.base/java.io.ObjectStreamClass.invokeReadObject(ObjectStreamClass.java:1046)
	at java.base/java.io.ObjectInputStream.readSerialData(ObjectInputStream.java:2357)
	at java.base/java.io.ObjectInputStream.readOrdinaryObject(ObjectInputStream.java:2228)
	at java.base/java.io.ObjectInputStream.readObject0(ObjectInputStream.java:1687)
	at java.base/java.io.ObjectInputStream.defaultReadFields(ObjectInputStream.java:2496)
	at java.base/java.io.ObjectInputStream.readSerialData(ObjectInputStream.java:2390)
	at java.base/java.io.ObjectInputStream.readOrdinaryObject(ObjectInputStream.java:2228)
	at java.base/java.io.ObjectInputStream.readObject0(ObjectInputStream.java:1687)
	at java.base/java.io.ObjectInputStream.readObject(ObjectInputStream.java:489)
	at java.base/java.io.ObjectInputStream.readObject(ObjectInputStream.java:447)
	at java.base/java.util.ArrayList.readObject(ArrayList.java:929)
	at java.base/jdk.internal.reflect.GeneratedMethodAccessor7.invoke(Unknown Source)
	at java.base/jdk.internal.reflect.DelegatingMethodAccessorImpl.invoke(DelegatingMethodAccessorImpl.java:43)
	at java.base/java.lang.reflect.Method.invoke(Method.java:566)
	at java.base/java.io.ObjectStreamClass.invokeReadObject(ObjectStreamClass.java:1046)
	at java.base/java.io.ObjectInputStream.readSerialData(ObjectInputStream.java:2357)
	at java.base/java.io.ObjectInputStream.readOrdinaryObject(ObjectInputStream.java:2228)
	at java.base/java.io.ObjectInputStream.readObject0(ObjectInputStream.java:1687)
	at java.base/java.io.ObjectInputStream.defaultReadFields(ObjectInputStream.java:2496)
	at java.base/java.io.ObjectInputStream.readSerialData(ObjectInputStream.java:2390)
	at java.base/java.io.ObjectInputStream.readOrdinaryObject(ObjectInputStream.java:2228)
	at java.base/java.io.ObjectInputStream.readObject0(ObjectInputStream.java:1687)
	at java.base/java.io.ObjectInputStream.readObject(ObjectInputStream.java:489)
	at java.base/java.io.ObjectInputStream.readObject(ObjectInputStream.java:447)
	at java.rmi/sun.rmi.server.UnicastRef.unmarshalValue(UnicastRef.java:327)
	at java.rmi/sun.rmi.server.UnicastServerRef.dispatch(UnicastServerRef.java:339)
	at java.rmi/sun.rmi.transport.Transport$1.run(Transport.java:200)
	at java.rmi/sun.rmi.transport.Transport$1.run(Transport.java:197)
	at java.base/java.security.AccessController.doPrivileged(Native Method)
	at java.rmi/sun.rmi.transport.Transport.serviceCall(Transport.java:196)
	at java.rmi/sun.rmi.transport.tcp.TCPTransport.handleMessages(TCPTransport.java:562)
	at java.rmi/sun.rmi.transport.tcp.TCPTransport$ConnectionHandler.run0(TCPTransport.java:796)
	at java.rmi/sun.rmi.transport.tcp.TCPTransport$ConnectionHandler.lambda$run$0(TCPTransport.java:677)
	at java.base/java.security.AccessController.doPrivileged(Native Method)
	at java.rmi/sun.rmi.transport.tcp.TCPTransport$ConnectionHandler.run(TCPTransport.java:676)
	at java.base/java.util.concurrent.ThreadPoolExecutor.runWorker(ThreadPoolExecutor.java:1128)
	at java.base/java.util.concurrent.ThreadPoolExecutor$Worker.run(ThreadPoolExecutor.java:628)
	... 1 common frames omitted
Caused by: java.lang.ClassNotFoundException: Class not found: com/google/javascript/jscomp/deps/SortedDependencies$CircularDependencyException: java.lang.NullPointerException: Class not found com/google/javascript/jscomp/deps/SortedDependencies$CircularDependencyException
	at org.evosuite.instrumentation.InstrumentingClassLoader.instrumentClass(InstrumentingClassLoader.java:158)
	at org.evosuite.instrumentation.InstrumentingClassLoader.loadClass(InstrumentingClassLoader.java:126)
	... 68 common frames omitted
Caused by: java.lang.RuntimeException: Class not found: com/google/javascript/jscomp/deps/SortedDependencies$CircularDependencyException: java.lang.NullPointerException: Class not found com/google/javascript/jscomp/deps/SortedDependencies$CircularDependencyException
	at org.evosuite.runtime.util.ComputeClassWriter.getCommonSuperClass(ComputeClassWriter.java:56)
	at org.evosuite.shaded.org.objectweb.asm.SymbolTable.addMergedType(SymbolTable.java:1202)
	at org.evosuite.shaded.org.objectweb.asm.Frame.merge(Frame.java:1299)
	at org.evosuite.shaded.org.objectweb.asm.Frame.merge(Frame.java:1197)
	at org.evosuite.shaded.org.objectweb.asm.MethodWriter.computeAllFrames(MethodWriter.java:1610)
	at org.evosuite.shaded.org.objectweb.asm.MethodWriter.visitMaxs(MethodWriter.java:1546)
	at org.evosuite.shaded.org.objectweb.asm.MethodVisitor.visitMaxs(MethodVisitor.java:773)
	at org.evosuite.shaded.org.objectweb.asm.MethodVisitor.visitMaxs(MethodVisitor.java:773)
	at org.evosuite.shaded.org.objectweb.asm.MethodVisitor.visitMaxs(MethodVisitor.java:773)
	at org.evosuite.runtime.instrumentation.LoopCounterMethodAdapter.visitMaxs(LoopCounterMethodAdapter.java:48)
	at org.evosuite.shaded.org.objectweb.asm.tree.MethodNode.accept(MethodNode.java:769)
	at org.evosuite.shaded.org.objectweb.asm.commons.JSRInlinerAdapter.visitEnd(JSRInlinerAdapter.java:158)
	at org.evosuite.shaded.org.objectweb.asm.MethodVisitor.visitEnd(MethodVisitor.java:783)
	at org.evosuite.shaded.org.objectweb.asm.MethodVisitor.visitEnd(MethodVisitor.java:783)
	at org.evosuite.shaded.org.objectweb.asm.MethodVisitor.visitEnd(MethodVisitor.java:783)
	at org.evosuite.shaded.org.objectweb.asm.tree.MethodNode.accept(MethodNode.java:772)
	at org.evosuite.shaded.org.objectweb.asm.tree.MethodNode.accept(MethodNode.java:649)
	at org.evosuite.shaded.org.objectweb.asm.tree.ClassNode.accept(ClassNode.java:452)
	at org.evosuite.instrumentation.BytecodeInstrumentation.transformBytes(BytecodeInstrumentation.java:282)
	at org.evosuite.instrumentation.InstrumentingClassLoader.getTransformedBytes(InstrumentingClassLoader.java:135)
	at org.evosuite.instrumentation.InstrumentingClassLoader.instrumentClass(InstrumentingClassLoader.java:149)
	... 69 common frames omitted
Caused by: java.lang.NullPointerException: Class not found com/google/javascript/jscomp/deps/SortedDependencies$CircularDependencyException
	at org.evosuite.runtime.util.ComputeClassWriter.typeInfo(ComputeClassWriter.java:179)
	at org.evosuite.runtime.util.ComputeClassWriter.getCommonSuperClass(ComputeClassWriter.java:53)
	... 89 common frames omitted
[MASTER] 20:52:00.460 [logback-1] WARN  ClientNodeImpl - Cannot send statistics to master; continuing without statistics
java.rmi.ServerError: Error occurred in server thread; nested exception is: 
	java.lang.NoClassDefFoundError: com/google/javascript/jscomp/JSModule
	at java.rmi/sun.rmi.server.UnicastServerRef.dispatch(UnicastServerRef.java:388)
	at java.rmi/sun.rmi.transport.Transport$1.run(Transport.java:200)
	at java.rmi/sun.rmi.transport.Transport$1.run(Transport.java:197)
	at java.base/java.security.AccessController.doPrivileged(Native Method)
	at java.rmi/sun.rmi.transport.Transport.serviceCall(Transport.java:196)
	at java.rmi/sun.rmi.transport.tcp.TCPTransport.handleMessages(TCPTransport.java:562)
	at java.rmi/sun.rmi.transport.tcp.TCPTransport$ConnectionHandler.run0(TCPTransport.java:796)
	at java.rmi/sun.rmi.transport.tcp.TCPTransport$ConnectionHandler.lambda$run$0(TCPTransport.java:677)
	at java.base/java.security.AccessController.doPrivileged(Native Method)
	at java.rmi/sun.rmi.transport.tcp.TCPTransport$ConnectionHandler.run(TCPTransport.java:676)
	at java.base/java.util.concurrent.ThreadPoolExecutor.runWorker(ThreadPoolExecutor.java:1128)
	at java.base/java.util.concurrent.ThreadPoolExecutor$Worker.run(ThreadPoolExecutor.java:628)
	at java.base/java.lang.Thread.run(Thread.java:829)
	at java.rmi/sun.rmi.transport.StreamRemoteCall.exceptionReceivedFromServer(StreamRemoteCall.java:303)
	at java.rmi/sun.rmi.transport.StreamRemoteCall.executeCall(StreamRemoteCall.java:279)
	at java.rmi/sun.rmi.server.UnicastRef.invoke(UnicastRef.java:164)
	at java.rmi/java.rmi.server.RemoteObjectInvocationHandler.invokeRemoteMethod(RemoteObjectInvocationHandler.java:217)
	at java.rmi/java.rmi.server.RemoteObjectInvocationHandler.invoke(RemoteObjectInvocationHandler.java:162)
	at com.sun.proxy.$Proxy7.evosuite_collectStatistics(Unknown Source)
	at org.evosuite.rmi.service.ClientNodeImpl.updateStatistics(ClientNodeImpl.java:251)
	at org.evosuite.statistics.StatisticsSender.sendIndividualToMaster(StatisticsSender.java:62)
	at org.evosuite.statistics.StatisticsListener.lambda$new$0(StatisticsListener.java:76)
	at java.base/java.lang.Thread.run(Thread.java:829)
Caused by: java.lang.NoClassDefFoundError: com/google/javascript/jscomp/JSModule
	at java.base/java.lang.Class.getDeclaredMethods0(Native Method)
	at java.base/java.lang.Class.privateGetDeclaredMethods(Class.java:3166)
	at java.base/java.lang.Class.getDeclaredMethods(Class.java:2309)
	at org.evosuite.utils.generic.GenericMethod.readObject(GenericMethod.java:406)
	at jdk.internal.reflect.GeneratedMethodAccessor16.invoke(Unknown Source)
	at java.base/jdk.internal.reflect.DelegatingMethodAccessorImpl.invoke(DelegatingMethodAccessorImpl.java:43)
	at java.base/java.lang.reflect.Method.invoke(Method.java:566)
	at java.base/java.io.ObjectStreamClass.invokeReadObject(ObjectStreamClass.java:1046)
	at java.base/java.io.ObjectInputStream.readSerialData(ObjectInputStream.java:2357)
	at java.base/java.io.ObjectInputStream.readOrdinaryObject(ObjectInputStream.java:2228)
	at java.base/java.io.ObjectInputStream.readObject0(ObjectInputStream.java:1687)
	at java.base/java.io.ObjectInputStream.defaultReadFields(ObjectInputStream.java:2496)
	at java.base/java.io.ObjectInputStream.readSerialData(ObjectInputStream.java:2346)
	at java.base/java.io.ObjectInputStream.readOrdinaryObject(ObjectInputStream.java:2228)
	at java.base/java.io.ObjectInputStream.readObject0(ObjectInputStream.java:1687)
	at java.base/java.io.ObjectInputStream.skipCustomData(ObjectInputStream.java:2451)
	at java.base/java.io.ObjectInputStream.readSerialData(ObjectInputStream.java:2400)
	at java.base/java.io.ObjectInputStream.readOrdinaryObject(ObjectInputStream.java:2228)
	at java.base/java.io.ObjectInputStream.readObject0(ObjectInputStream.java:1687)
	at java.base/java.io.ObjectInputStream.defaultReadFields(ObjectInputStream.java:2496)
	at java.base/java.io.ObjectInputStream.readSerialData(ObjectInputStream.java:2390)
	at java.base/java.io.ObjectInputStream.readOrdinaryObject(ObjectInputStream.java:2228)
	at java.base/java.io.ObjectInputStream.readObject0(ObjectInputStream.java:1687)
	at java.base/java.io.ObjectInputStream.defaultReadFields(ObjectInputStream.java:2496)
	at java.base/java.io.ObjectInputStream.defaultReadObject(ObjectInputStream.java:625)
	at org.evosuite.testcase.DefaultTestCase.readObject(DefaultTestCase.java:1217)
	at java.base/jdk.internal.reflect.NativeMethodAccessorImpl.invoke0(Native Method)
	at java.base/jdk.internal.reflect.NativeMethodAccessorImpl.invoke(NativeMethodAccessorImpl.java:62)
	at java.base/jdk.internal.reflect.DelegatingMethodAccessorImpl.invoke(DelegatingMethodAccessorImpl.java:43)
	at java.base/java.lang.reflect.Method.invoke(Method.java:566)
	at java.base/java.io.ObjectStreamClass.invokeReadObject(ObjectStreamClass.java:1046)
	at java.base/java.io.ObjectInputStream.readSerialData(ObjectInputStream.java:2357)
	at java.base/java.io.ObjectInputStream.readOrdinaryObject(ObjectInputStream.java:2228)
	at java.base/java.io.ObjectInputStream.readObject0(ObjectInputStream.java:1687)
	at java.base/java.io.ObjectInputStream.defaultReadFields(ObjectInputStream.java:2496)
	at java.base/java.io.ObjectInputStream.readSerialData(ObjectInputStream.java:2390)
	at java.base/java.io.ObjectInputStream.readOrdinaryObject(ObjectInputStream.java:2228)
	at java.base/java.io.ObjectInputStream.readObject0(ObjectInputStream.java:1687)
	at java.base/java.io.ObjectInputStream.readObject(ObjectInputStream.java:489)
	at java.base/java.io.ObjectInputStream.readObject(ObjectInputStream.java:447)
	at java.base/java.util.ArrayList.readObject(ArrayList.java:929)
	at java.base/jdk.internal.reflect.GeneratedMethodAccessor7.invoke(Unknown Source)
	at java.base/jdk.internal.reflect.DelegatingMethodAccessorImpl.invoke(DelegatingMethodAccessorImpl.java:43)
	at java.base/java.lang.reflect.Method.invoke(Method.java:566)
	at java.base/java.io.ObjectStreamClass.invokeReadObject(ObjectStreamClass.java:1046)
	at java.base/java.io.ObjectInputStream.readSerialData(ObjectInputStream.java:2357)
	at java.base/java.io.ObjectInputStream.readOrdinaryObject(ObjectInputStream.java:2228)
	at java.base/java.io.ObjectInputStream.readObject0(ObjectInputStream.java:1687)
	at java.base/java.io.ObjectInputStream.defaultReadFields(ObjectInputStream.java:2496)
	at java.base/java.io.ObjectInputStream.readSerialData(ObjectInputStream.java:2390)
	at java.base/java.io.ObjectInputStream.readOrdinaryObject(ObjectInputStream.java:2228)
	at java.base/java.io.ObjectInputStream.readObject0(ObjectInputStream.java:1687)
	at java.base/java.io.ObjectInputStream.readObject(ObjectInputStream.java:489)
	at java.base/java.io.ObjectInputStream.readObject(ObjectInputStream.java:447)
	at java.rmi/sun.rmi.server.UnicastRef.unmarshalValue(UnicastRef.java:327)
	at java.rmi/sun.rmi.server.UnicastServerRef.dispatch(UnicastServerRef.java:339)
	at java.rmi/sun.rmi.transport.Transport$1.run(Transport.java:200)
	at java.rmi/sun.rmi.transport.Transport$1.run(Transport.java:197)
	at java.base/java.security.AccessController.doPrivileged(Native Method)
	at java.rmi/sun.rmi.transport.Transport.serviceCall(Transport.java:196)
	at java.rmi/sun.rmi.transport.tcp.TCPTransport.handleMessages(TCPTransport.java:562)
	at java.rmi/sun.rmi.transport.tcp.TCPTransport$ConnectionHandler.run0(TCPTransport.java:796)
	at java.rmi/sun.rmi.transport.tcp.TCPTransport$ConnectionHandler.lambda$run$0(TCPTransport.java:677)
	at java.base/java.security.AccessController.doPrivileged(Native Method)
	at java.rmi/sun.rmi.transport.tcp.TCPTransport$ConnectionHandler.run(TCPTransport.java:676)
	at java.base/java.util.concurrent.ThreadPoolExecutor.runWorker(ThreadPoolExecutor.java:1128)
	at java.base/java.util.concurrent.ThreadPoolExecutor$Worker.run(ThreadPoolExecutor.java:628)
	... 1 common frames omitted
Caused by: java.lang.ClassNotFoundException: Class not found: com/google/javascript/jscomp/deps/SortedDependencies$CircularDependencyException: java.lang.NullPointerException: Class not found com/google/javascript/jscomp/deps/SortedDependencies$CircularDependencyException
	at org.evosuite.instrumentation.InstrumentingClassLoader.instrumentClass(InstrumentingClassLoader.java:158)
	at org.evosuite.instrumentation.InstrumentingClassLoader.loadClass(InstrumentingClassLoader.java:126)
	... 68 common frames omitted
Caused by: java.lang.RuntimeException: Class not found: com/google/javascript/jscomp/deps/SortedDependencies$CircularDependencyException: java.lang.NullPointerException: Class not found com/google/javascript/jscomp/deps/SortedDependencies$CircularDependencyException
	at org.evosuite.runtime.util.ComputeClassWriter.getCommonSuperClass(ComputeClassWriter.java:56)
	at org.evosuite.shaded.org.objectweb.asm.SymbolTable.addMergedType(SymbolTable.java:1202)
	at org.evosuite.shaded.org.objectweb.asm.Frame.merge(Frame.java:1299)
	at org.evosuite.shaded.org.objectweb.asm.Frame.merge(Frame.java:1197)
	at org.evosuite.shaded.org.objectweb.asm.MethodWriter.computeAllFrames(MethodWriter.java:1610)
	at org.evosuite.shaded.org.objectweb.asm.MethodWriter.visitMaxs(MethodWriter.java:1546)
	at org.evosuite.shaded.org.objectweb.asm.MethodVisitor.visitMaxs(MethodVisitor.java:773)
	at org.evosuite.shaded.org.objectweb.asm.MethodVisitor.visitMaxs(MethodVisitor.java:773)
	at org.evosuite.shaded.org.objectweb.asm.MethodVisitor.visitMaxs(MethodVisitor.java:773)
	at org.evosuite.runtime.instrumentation.LoopCounterMethodAdapter.visitMaxs(LoopCounterMethodAdapter.java:48)
	at org.evosuite.shaded.org.objectweb.asm.tree.MethodNode.accept(MethodNode.java:769)
	at org.evosuite.shaded.org.objectweb.asm.commons.JSRInlinerAdapter.visitEnd(JSRInlinerAdapter.java:158)
	at org.evosuite.shaded.org.objectweb.asm.MethodVisitor.visitEnd(MethodVisitor.java:783)
	at org.evosuite.shaded.org.objectweb.asm.MethodVisitor.visitEnd(MethodVisitor.java:783)
	at org.evosuite.shaded.org.objectweb.asm.MethodVisitor.visitEnd(MethodVisitor.java:783)
	at org.evosuite.shaded.org.objectweb.asm.tree.MethodNode.accept(MethodNode.java:772)
	at org.evosuite.shaded.org.objectweb.asm.tree.MethodNode.accept(MethodNode.java:649)
	at org.evosuite.shaded.org.objectweb.asm.tree.ClassNode.accept(ClassNode.java:452)
	at org.evosuite.instrumentation.BytecodeInstrumentation.transformBytes(BytecodeInstrumentation.java:282)
	at org.evosuite.instrumentation.InstrumentingClassLoader.getTransformedBytes(InstrumentingClassLoader.java:135)
	at org.evosuite.instrumentation.InstrumentingClassLoader.instrumentClass(InstrumentingClassLoader.java:149)
	... 69 common frames omitted
Caused by: java.lang.NullPointerException: Class not found com/google/javascript/jscomp/deps/SortedDependencies$CircularDependencyException
	at org.evosuite.runtime.util.ComputeClassWriter.typeInfo(ComputeClassWriter.java:179)
	at org.evosuite.runtime.util.ComputeClassWriter.getCommonSuperClass(ComputeClassWriter.java:53)
	... 89 common frames omitted
[MASTER] 20:52:00.921 [logback-1] WARN  ClientNodeImpl - Cannot send statistics to master; continuing without statistics
java.rmi.ServerError: Error occurred in server thread; nested exception is: 
	java.lang.NoClassDefFoundError: com/google/javascript/jscomp/JSModule
	at java.rmi/sun.rmi.server.UnicastServerRef.dispatch(UnicastServerRef.java:388)
	at java.rmi/sun.rmi.transport.Transport$1.run(Transport.java:200)
	at java.rmi/sun.rmi.transport.Transport$1.run(Transport.java:197)
	at java.base/java.security.AccessController.doPrivileged(Native Method)
	at java.rmi/sun.rmi.transport.Transport.serviceCall(Transport.java:196)
	at java.rmi/sun.rmi.transport.tcp.TCPTransport.handleMessages(TCPTransport.java:562)
	at java.rmi/sun.rmi.transport.tcp.TCPTransport$ConnectionHandler.run0(TCPTransport.java:796)
	at java.rmi/sun.rmi.transport.tcp.TCPTransport$ConnectionHandler.lambda$run$0(TCPTransport.java:677)
	at java.base/java.security.AccessController.doPrivileged(Native Method)
	at java.rmi/sun.rmi.transport.tcp.TCPTransport$ConnectionHandler.run(TCPTransport.java:676)
	at java.base/java.util.concurrent.ThreadPoolExecutor.runWorker(ThreadPoolExecutor.java:1128)
	at java.base/java.util.concurrent.ThreadPoolExecutor$Worker.run(ThreadPoolExecutor.java:628)
	at java.base/java.lang.Thread.run(Thread.java:829)
	at java.rmi/sun.rmi.transport.StreamRemoteCall.exceptionReceivedFromServer(StreamRemoteCall.java:303)
	at java.rmi/sun.rmi.transport.StreamRemoteCall.executeCall(StreamRemoteCall.java:279)
	at java.rmi/sun.rmi.server.UnicastRef.invoke(UnicastRef.java:164)
	at java.rmi/java.rmi.server.RemoteObjectInvocationHandler.invokeRemoteMethod(RemoteObjectInvocationHandler.java:217)
	at java.rmi/java.rmi.server.RemoteObjectInvocationHandler.invoke(RemoteObjectInvocationHandler.java:162)
	at com.sun.proxy.$Proxy7.evosuite_collectStatistics(Unknown Source)
	at org.evosuite.rmi.service.ClientNodeImpl.updateStatistics(ClientNodeImpl.java:251)
	at org.evosuite.statistics.StatisticsSender.sendIndividualToMaster(StatisticsSender.java:62)
	at org.evosuite.statistics.StatisticsListener.lambda$new$0(StatisticsListener.java:76)
	at java.base/java.lang.Thread.run(Thread.java:829)
Caused by: java.lang.NoClassDefFoundError: com/google/javascript/jscomp/JSModule
	at java.base/java.lang.Class.getDeclaredMethods0(Native Method)
	at java.base/java.lang.Class.privateGetDeclaredMethods(Class.java:3166)
	at java.base/java.lang.Class.getDeclaredMethods(Class.java:2309)
	at org.evosuite.utils.generic.GenericMethod.readObject(GenericMethod.java:406)
	at jdk.internal.reflect.GeneratedMethodAccessor16.invoke(Unknown Source)
	at java.base/jdk.internal.reflect.DelegatingMethodAccessorImpl.invoke(DelegatingMethodAccessorImpl.java:43)
	at java.base/java.lang.reflect.Method.invoke(Method.java:566)
	at java.base/java.io.ObjectStreamClass.invokeReadObject(ObjectStreamClass.java:1046)
	at java.base/java.io.ObjectInputStream.readSerialData(ObjectInputStream.java:2357)
	at java.base/java.io.ObjectInputStream.readOrdinaryObject(ObjectInputStream.java:2228)
	at java.base/java.io.ObjectInputStream.readObject0(ObjectInputStream.java:1687)
	at java.base/java.io.ObjectInputStream.defaultReadFields(ObjectInputStream.java:2496)
	at java.base/java.io.ObjectInputStream.readSerialData(ObjectInputStream.java:2346)
	at java.base/java.io.ObjectInputStream.readOrdinaryObject(ObjectInputStream.java:2228)
	at java.base/java.io.ObjectInputStream.readObject0(ObjectInputStream.java:1687)
	at java.base/java.io.ObjectInputStream.skipCustomData(ObjectInputStream.java:2451)
	at java.base/java.io.ObjectInputStream.readSerialData(ObjectInputStream.java:2400)
	at java.base/java.io.ObjectInputStream.readOrdinaryObject(ObjectInputStream.java:2228)
	at java.base/java.io.ObjectInputStream.readObject0(ObjectInputStream.java:1687)
	at java.base/java.io.ObjectInputStream.defaultReadFields(ObjectInputStream.java:2496)
	at java.base/java.io.ObjectInputStream.readSerialData(ObjectInputStream.java:2390)
	at java.base/java.io.ObjectInputStream.readOrdinaryObject(ObjectInputStream.java:2228)
	at java.base/java.io.ObjectInputStream.readObject0(ObjectInputStream.java:1687)
	at java.base/java.io.ObjectInputStream.defaultReadFields(ObjectInputStream.java:2496)
	at java.base/java.io.ObjectInputStream.defaultReadObject(ObjectInputStream.java:625)
	at org.evosuite.testcase.DefaultTestCase.readObject(DefaultTestCase.java:1217)
	at java.base/jdk.internal.reflect.NativeMethodAccessorImpl.invoke0(Native Method)
	at java.base/jdk.internal.reflect.NativeMethodAccessorImpl.invoke(NativeMethodAccessorImpl.java:62)
	at java.base/jdk.internal.reflect.DelegatingMethodAccessorImpl.invoke(DelegatingMethodAccessorImpl.java:43)
	at java.base/java.lang.reflect.Method.invoke(Method.java:566)
	at java.base/java.io.ObjectStreamClass.invokeReadObject(ObjectStreamClass.java:1046)
	at java.base/java.io.ObjectInputStream.readSerialData(ObjectInputStream.java:2357)
	at java.base/java.io.ObjectInputStream.readOrdinaryObject(ObjectInputStream.java:2228)
	at java.base/java.io.ObjectInputStream.readObject0(ObjectInputStream.java:1687)
	at java.base/java.io.ObjectInputStream.defaultReadFields(ObjectInputStream.java:2496)
	at java.base/java.io.ObjectInputStream.readSerialData(ObjectInputStream.java:2390)
	at java.base/java.io.ObjectInputStream.readOrdinaryObject(ObjectInputStream.java:2228)
	at java.base/java.io.ObjectInputStream.readObject0(ObjectInputStream.java:1687)
	at java.base/java.io.ObjectInputStream.readObject(ObjectInputStream.java:489)
	at java.base/java.io.ObjectInputStream.readObject(ObjectInputStream.java:447)
	at java.base/java.util.ArrayList.readObject(ArrayList.java:929)
	at java.base/jdk.internal.reflect.GeneratedMethodAccessor7.invoke(Unknown Source)
	at java.base/jdk.internal.reflect.DelegatingMethodAccessorImpl.invoke(DelegatingMethodAccessorImpl.java:43)
	at java.base/java.lang.reflect.Method.invoke(Method.java:566)
	at java.base/java.io.ObjectStreamClass.invokeReadObject(ObjectStreamClass.java:1046)
	at java.base/java.io.ObjectInputStream.readSerialData(ObjectInputStream.java:2357)
	at java.base/java.io.ObjectInputStream.readOrdinaryObject(ObjectInputStream.java:2228)
	at java.base/java.io.ObjectInputStream.readObject0(ObjectInputStream.java:1687)
	at java.base/java.io.ObjectInputStream.defaultReadFields(ObjectInputStream.java:2496)
	at java.base/java.io.ObjectInputStream.readSerialData(ObjectInputStream.java:2390)
	at java.base/java.io.ObjectInputStream.readOrdinaryObject(ObjectInputStream.java:2228)
	at java.base/java.io.ObjectInputStream.readObject0(ObjectInputStream.java:1687)
	at java.base/java.io.ObjectInputStream.readObject(ObjectInputStream.java:489)
	at java.base/java.io.ObjectInputStream.readObject(ObjectInputStream.java:447)
	at java.rmi/sun.rmi.server.UnicastRef.unmarshalValue(UnicastRef.java:327)
	at java.rmi/sun.rmi.server.UnicastServerRef.dispatch(UnicastServerRef.java:339)
	at java.rmi/sun.rmi.transport.Transport$1.run(Transport.java:200)
	at java.rmi/sun.rmi.transport.Transport$1.run(Transport.java:197)
	at java.base/java.security.AccessController.doPrivileged(Native Method)
	at java.rmi/sun.rmi.transport.Transport.serviceCall(Transport.java:196)
	at java.rmi/sun.rmi.transport.tcp.TCPTransport.handleMessages(TCPTransport.java:562)
	at java.rmi/sun.rmi.transport.tcp.TCPTransport$ConnectionHandler.run0(TCPTransport.java:796)
	at java.rmi/sun.rmi.transport.tcp.TCPTransport$ConnectionHandler.lambda$run$0(TCPTransport.java:677)
	at java.base/java.security.AccessController.doPrivileged(Native Method)
	at java.rmi/sun.rmi.transport.tcp.TCPTransport$ConnectionHandler.run(TCPTransport.java:676)
	at java.base/java.util.concurrent.ThreadPoolExecutor.runWorker(ThreadPoolExecutor.java:1128)
	at java.base/java.util.concurrent.ThreadPoolExecutor$Worker.run(ThreadPoolExecutor.java:628)
	... 1 common frames omitted
Caused by: java.lang.ClassNotFoundException: Class not found: com/google/javascript/jscomp/deps/SortedDependencies$CircularDependencyException: java.lang.NullPointerException: Class not found com/google/javascript/jscomp/deps/SortedDependencies$CircularDependencyException
	at org.evosuite.instrumentation.InstrumentingClassLoader.instrumentClass(InstrumentingClassLoader.java:158)
	at org.evosuite.instrumentation.InstrumentingClassLoader.loadClass(InstrumentingClassLoader.java:126)
	... 68 common frames omitted
Caused by: java.lang.RuntimeException: Class not found: com/google/javascript/jscomp/deps/SortedDependencies$CircularDependencyException: java.lang.NullPointerException: Class not found com/google/javascript/jscomp/deps/SortedDependencies$CircularDependencyException
	at org.evosuite.runtime.util.ComputeClassWriter.getCommonSuperClass(ComputeClassWriter.java:56)
	at org.evosuite.shaded.org.objectweb.asm.SymbolTable.addMergedType(SymbolTable.java:1202)
	at org.evosuite.shaded.org.objectweb.asm.Frame.merge(Frame.java:1299)
	at org.evosuite.shaded.org.objectweb.asm.Frame.merge(Frame.java:1197)
	at org.evosuite.shaded.org.objectweb.asm.MethodWriter.computeAllFrames(MethodWriter.java:1610)
	at org.evosuite.shaded.org.objectweb.asm.MethodWriter.visitMaxs(MethodWriter.java:1546)
	at org.evosuite.shaded.org.objectweb.asm.MethodVisitor.visitMaxs(MethodVisitor.java:773)
	at org.evosuite.shaded.org.objectweb.asm.MethodVisitor.visitMaxs(MethodVisitor.java:773)
	at org.evosuite.shaded.org.objectweb.asm.MethodVisitor.visitMaxs(MethodVisitor.java:773)
	at org.evosuite.runtime.instrumentation.LoopCounterMethodAdapter.visitMaxs(LoopCounterMethodAdapter.java:48)
	at org.evosuite.shaded.org.objectweb.asm.tree.MethodNode.accept(MethodNode.java:769)
	at org.evosuite.shaded.org.objectweb.asm.commons.JSRInlinerAdapter.visitEnd(JSRInlinerAdapter.java:158)
	at org.evosuite.shaded.org.objectweb.asm.MethodVisitor.visitEnd(MethodVisitor.java:783)
	at org.evosuite.shaded.org.objectweb.asm.MethodVisitor.visitEnd(MethodVisitor.java:783)
	at org.evosuite.shaded.org.objectweb.asm.MethodVisitor.visitEnd(MethodVisitor.java:783)
	at org.evosuite.shaded.org.objectweb.asm.tree.MethodNode.accept(MethodNode.java:772)
	at org.evosuite.shaded.org.objectweb.asm.tree.MethodNode.accept(MethodNode.java:649)
	at org.evosuite.shaded.org.objectweb.asm.tree.ClassNode.accept(ClassNode.java:452)
	at org.evosuite.instrumentation.BytecodeInstrumentation.transformBytes(BytecodeInstrumentation.java:282)
	at org.evosuite.instrumentation.InstrumentingClassLoader.getTransformedBytes(InstrumentingClassLoader.java:135)
	at org.evosuite.instrumentation.InstrumentingClassLoader.instrumentClass(InstrumentingClassLoader.java:149)
	... 69 common frames omitted
Caused by: java.lang.NullPointerException: Class not found com/google/javascript/jscomp/deps/SortedDependencies$CircularDependencyException
	at org.evosuite.runtime.util.ComputeClassWriter.typeInfo(ComputeClassWriter.java:179)
	at org.evosuite.runtime.util.ComputeClassWriter.getCommonSuperClass(ComputeClassWriter.java:53)
	... 89 common frames omitted
[Progress:===>                          10%] [Cov:========>                          24%]GWO iteration=2 bestFitness=1950.3308943061488 population=50 a=1.96
========== GWO EVOLVE iteration=2 population=50 ==========
[Progress:===>                          11%] [Cov:========>                          24%][Progress:===>                          11%] [Cov:========>                          25%][Progress:===>                          11%] [Cov:=========>                         26%][MASTER] 20:52:01.755 [logback-1] WARN  ClientNodeImpl - Cannot send statistics to master; continuing without statistics
java.rmi.ServerError: Error occurred in server thread; nested exception is: 
	java.lang.NoClassDefFoundError: com/google/javascript/jscomp/JSModule
	at java.rmi/sun.rmi.server.UnicastServerRef.dispatch(UnicastServerRef.java:388)
	at java.rmi/sun.rmi.transport.Transport$1.run(Transport.java:200)
	at java.rmi/sun.rmi.transport.Transport$1.run(Transport.java:197)
	at java.base/java.security.AccessController.doPrivileged(Native Method)
	at java.rmi/sun.rmi.transport.Transport.serviceCall(Transport.java:196)
	at java.rmi/sun.rmi.transport.tcp.TCPTransport.handleMessages(TCPTransport.java:562)
	at java.rmi/sun.rmi.transport.tcp.TCPTransport$ConnectionHandler.run0(TCPTransport.java:796)
	at java.rmi/sun.rmi.transport.tcp.TCPTransport$ConnectionHandler.lambda$run$0(TCPTransport.java:677)
	at java.base/java.security.AccessController.doPrivileged(Native Method)
	at java.rmi/sun.rmi.transport.tcp.TCPTransport$ConnectionHandler.run(TCPTransport.java:676)
	at java.base/java.util.concurrent.ThreadPoolExecutor.runWorker(ThreadPoolExecutor.java:1128)
	at java.base/java.util.concurrent.ThreadPoolExecutor$Worker.run(ThreadPoolExecutor.java:628)
	at java.base/java.lang.Thread.run(Thread.java:829)
	at java.rmi/sun.rmi.transport.StreamRemoteCall.exceptionReceivedFromServer(StreamRemoteCall.java:303)
	at java.rmi/sun.rmi.transport.StreamRemoteCall.executeCall(StreamRemoteCall.java:279)
	at java.rmi/sun.rmi.server.UnicastRef.invoke(UnicastRef.java:164)
	at java.rmi/java.rmi.server.RemoteObjectInvocationHandler.invokeRemoteMethod(RemoteObjectInvocationHandler.java:217)
	at java.rmi/java.rmi.server.RemoteObjectInvocationHandler.invoke(RemoteObjectInvocationHandler.java:162)
	at com.sun.proxy.$Proxy7.evosuite_collectStatistics(Unknown Source)
	at org.evosuite.rmi.service.ClientNodeImpl.updateStatistics(ClientNodeImpl.java:251)
	at org.evosuite.statistics.StatisticsSender.sendIndividualToMaster(StatisticsSender.java:62)
	at org.evosuite.statistics.StatisticsListener.lambda$new$0(StatisticsListener.java:76)
	at java.base/java.lang.Thread.run(Thread.java:829)
Caused by: java.lang.NoClassDefFoundError: com/google/javascript/jscomp/JSModule
	at java.base/java.lang.Class.getDeclaredMethods0(Native Method)
	at java.base/java.lang.Class.privateGetDeclaredMethods(Class.java:3166)
	at java.base/java.lang.Class.getDeclaredMethods(Class.java:2309)
	at org.evosuite.utils.generic.GenericMethod.readObject(GenericMethod.java:406)
	at jdk.internal.reflect.GeneratedMethodAccessor16.invoke(Unknown Source)
	at java.base/jdk.internal.reflect.DelegatingMethodAccessorImpl.invoke(DelegatingMethodAccessorImpl.java:43)
	at java.base/java.lang.reflect.Method.invoke(Method.java:566)
	at java.base/java.io.ObjectStreamClass.invokeReadObject(ObjectStreamClass.java:1046)
	at java.base/java.io.ObjectInputStream.readSerialData(ObjectInputStream.java:2357)
	at java.base/java.io.ObjectInputStream.readOrdinaryObject(ObjectInputStream.java:2228)
	at java.base/java.io.ObjectInputStream.readObject0(ObjectInputStream.java:1687)
	at java.base/java.io.ObjectInputStream.defaultReadFields(ObjectInputStream.java:2496)
	at java.base/java.io.ObjectInputStream.readSerialData(ObjectInputStream.java:2346)
	at java.base/java.io.ObjectInputStream.readOrdinaryObject(ObjectInputStream.java:2228)
	at java.base/java.io.ObjectInputStream.readObject0(ObjectInputStream.java:1687)
	at java.base/java.io.ObjectInputStream.skipCustomData(ObjectInputStream.java:2451)
	at java.base/java.io.ObjectInputStream.readSerialData(ObjectInputStream.java:2400)
	at java.base/java.io.ObjectInputStream.readOrdinaryObject(ObjectInputStream.java:2228)
	at java.base/java.io.ObjectInputStream.readObject0(ObjectInputStream.java:1687)
	at java.base/java.io.ObjectInputStream.defaultReadFields(ObjectInputStream.java:2496)
	at java.base/java.io.ObjectInputStream.readSerialData(ObjectInputStream.java:2390)
	at java.base/java.io.ObjectInputStream.readOrdinaryObject(ObjectInputStream.java:2228)
	at java.base/java.io.ObjectInputStream.readObject0(ObjectInputStream.java:1687)
	at java.base/java.io.ObjectInputStream.defaultReadFields(ObjectInputStream.java:2496)
	at java.base/java.io.ObjectInputStream.defaultReadObject(ObjectInputStream.java:625)
	at org.evosuite.testcase.DefaultTestCase.readObject(DefaultTestCase.java:1217)
	at java.base/jdk.internal.reflect.NativeMethodAccessorImpl.invoke0(Native Method)
	at java.base/jdk.internal.reflect.NativeMethodAccessorImpl.invoke(NativeMethodAccessorImpl.java:62)
	at java.base/jdk.internal.reflect.DelegatingMethodAccessorImpl.invoke(DelegatingMethodAccessorImpl.java:43)
	at java.base/java.lang.reflect.Method.invoke(Method.java:566)
	at java.base/java.io.ObjectStreamClass.invokeReadObject(ObjectStreamClass.java:1046)
	at java.base/java.io.ObjectInputStream.readSerialData(ObjectInputStream.java:2357)
	at java.base/java.io.ObjectInputStream.readOrdinaryObject(ObjectInputStream.java:2228)
	at java.base/java.io.ObjectInputStream.readObject0(ObjectInputStream.java:1687)
	at java.base/java.io.ObjectInputStream.defaultReadFields(ObjectInputStream.java:2496)
	at java.base/java.io.ObjectInputStream.readSerialData(ObjectInputStream.java:2390)
	at java.base/java.io.ObjectInputStream.readOrdinaryObject(ObjectInputStream.java:2228)
	at java.base/java.io.ObjectInputStream.readObject0(ObjectInputStream.java:1687)
	at java.base/java.io.ObjectInputStream.readObject(ObjectInputStream.java:489)
	at java.base/java.io.ObjectInputStream.readObject(ObjectInputStream.java:447)
	at java.base/java.util.ArrayList.readObject(ArrayList.java:929)
	at java.base/jdk.internal.reflect.GeneratedMethodAccessor7.invoke(Unknown Source)
	at java.base/jdk.internal.reflect.DelegatingMethodAccessorImpl.invoke(DelegatingMethodAccessorImpl.java:43)
	at java.base/java.lang.reflect.Method.invoke(Method.java:566)
	at java.base/java.io.ObjectStreamClass.invokeReadObject(ObjectStreamClass.java:1046)
	at java.base/java.io.ObjectInputStream.readSerialData(ObjectInputStream.java:2357)
	at java.base/java.io.ObjectInputStream.readOrdinaryObject(ObjectInputStream.java:2228)
	at java.base/java.io.ObjectInputStream.readObject0(ObjectInputStream.java:1687)
	at java.base/java.io.ObjectInputStream.defaultReadFields(ObjectInputStream.java:2496)
	at java.base/java.io.ObjectInputStream.readSerialData(ObjectInputStream.java:2390)
	at java.base/java.io.ObjectInputStream.readOrdinaryObject(ObjectInputStream.java:2228)
	at java.base/java.io.ObjectInputStream.readObject0(ObjectInputStream.java:1687)
	at java.base/java.io.ObjectInputStream.readObject(ObjectInputStream.java:489)
	at java.base/java.io.ObjectInputStream.readObject(ObjectInputStream.java:447)
	at java.rmi/sun.rmi.server.UnicastRef.unmarshalValue(UnicastRef.java:327)
	at java.rmi/sun.rmi.server.UnicastServerRef.dispatch(UnicastServerRef.java:339)
	at java.rmi/sun.rmi.transport.Transport$1.run(Transport.java:200)
	at java.rmi/sun.rmi.transport.Transport$1.run(Transport.java:197)
	at java.base/java.security.AccessController.doPrivileged(Native Method)
	at java.rmi/sun.rmi.transport.Transport.serviceCall(Transport.java:196)
	at java.rmi/sun.rmi.transport.tcp.TCPTransport.handleMessages(TCPTransport.java:562)
	at java.rmi/sun.rmi.transport.tcp.TCPTransport$ConnectionHandler.run0(TCPTransport.java:796)
	at java.rmi/sun.rmi.transport.tcp.TCPTransport$ConnectionHandler.lambda$run$0(TCPTransport.java:677)
	at java.base/java.security.AccessController.doPrivileged(Native Method)
	at java.rmi/sun.rmi.transport.tcp.TCPTransport$ConnectionHandler.run(TCPTransport.java:676)
	at java.base/java.util.concurrent.ThreadPoolExecutor.runWorker(ThreadPoolExecutor.java:1128)
	at java.base/java.util.concurrent.ThreadPoolExecutor$Worker.run(ThreadPoolExecutor.java:628)
	... 1 common frames omitted
Caused by: java.lang.ClassNotFoundException: Class not found: com/google/javascript/jscomp/deps/SortedDependencies$CircularDependencyException: java.lang.NullPointerException: Class not found com/google/javascript/jscomp/deps/SortedDependencies$CircularDependencyException
	at org.evosuite.instrumentation.InstrumentingClassLoader.instrumentClass(InstrumentingClassLoader.java:158)
	at org.evosuite.instrumentation.InstrumentingClassLoader.loadClass(InstrumentingClassLoader.java:126)
	... 68 common frames omitted
Caused by: java.lang.RuntimeException: Class not found: com/google/javascript/jscomp/deps/SortedDependencies$CircularDependencyException: java.lang.NullPointerException: Class not found com/google/javascript/jscomp/deps/SortedDependencies$CircularDependencyException
	at org.evosuite.runtime.util.ComputeClassWriter.getCommonSuperClass(ComputeClassWriter.java:56)
	at org.evosuite.shaded.org.objectweb.asm.SymbolTable.addMergedType(SymbolTable.java:1202)
	at org.evosuite.shaded.org.objectweb.asm.Frame.merge(Frame.java:1299)
	at org.evosuite.shaded.org.objectweb.asm.Frame.merge(Frame.java:1197)
	at org.evosuite.shaded.org.objectweb.asm.MethodWriter.computeAllFrames(MethodWriter.java:1610)
	at org.evosuite.shaded.org.objectweb.asm.MethodWriter.visitMaxs(MethodWriter.java:1546)
	at org.evosuite.shaded.org.objectweb.asm.MethodVisitor.visitMaxs(MethodVisitor.java:773)
	at org.evosuite.shaded.org.objectweb.asm.MethodVisitor.visitMaxs(MethodVisitor.java:773)
	at org.evosuite.shaded.org.objectweb.asm.MethodVisitor.visitMaxs(MethodVisitor.java:773)
	at org.evosuite.runtime.instrumentation.LoopCounterMethodAdapter.visitMaxs(LoopCounterMethodAdapter.java:48)
	at org.evosuite.shaded.org.objectweb.asm.tree.MethodNode.accept(MethodNode.java:769)
	at org.evosuite.shaded.org.objectweb.asm.commons.JSRInlinerAdapter.visitEnd(JSRInlinerAdapter.java:158)
	at org.evosuite.shaded.org.objectweb.asm.MethodVisitor.visitEnd(MethodVisitor.java:783)
	at org.evosuite.shaded.org.objectweb.asm.MethodVisitor.visitEnd(MethodVisitor.java:783)
	at org.evosuite.shaded.org.objectweb.asm.MethodVisitor.visitEnd(MethodVisitor.java:783)
	at org.evosuite.shaded.org.objectweb.asm.tree.MethodNode.accept(MethodNode.java:772)
	at org.evosuite.shaded.org.objectweb.asm.tree.MethodNode.accept(MethodNode.java:649)
	at org.evosuite.shaded.org.objectweb.asm.tree.ClassNode.accept(ClassNode.java:452)
	at org.evosuite.instrumentation.BytecodeInstrumentation.transformBytes(BytecodeInstrumentation.java:282)
	at org.evosuite.instrumentation.InstrumentingClassLoader.getTransformedBytes(InstrumentingClassLoader.java:135)
	at org.evosuite.instrumentation.InstrumentingClassLoader.instrumentClass(InstrumentingClassLoader.java:149)
	... 69 common frames omitted
Caused by: java.lang.NullPointerException: Class not found com/google/javascript/jscomp/deps/SortedDependencies$CircularDependencyException
	at org.evosuite.runtime.util.ComputeClassWriter.typeInfo(ComputeClassWriter.java:179)
	at org.evosuite.runtime.util.ComputeClassWriter.getCommonSuperClass(ComputeClassWriter.java:53)
	... 89 common frames omitted
[Progress:===>                          12%] [Cov:========>                          24%][Progress:===>                          12%] [Cov:========>                          25%][Progress:===>                          12%] [Cov:========>                          25%]GWO iteration=3 bestFitness=1944.6642216760974 population=50 a=1.94
========== GWO EVOLVE iteration=3 population=50 ==========
[Progress:===>                          12%] [Cov:=========>                         26%][Progress:===>                          13%] [Cov:========>                          24%][Progress:===>                          13%] [Cov:========>                          25%][Progress:===>                          13%] [Cov:=========>                         26%][Progress:===>                          13%] [Cov:=========>                         26%]GWO iteration=4 bestFitness=1921.1642096623468 population=50 a=1.92
========== GWO EVOLVE iteration=4 population=50 ==========
[Progress:====>                         14%] [Cov:=========>                         26%][Progress:====>                         14%] [Cov:=========>                         27%][Progress:====>                         15%] [Cov:========>                          25%][Progress:====>                         15%] [Cov:=========>                         26%][Progress:====>                         15%] [Cov:=========>                         26%]GWO iteration=5 bestFitness=1909.3308702754207 population=50 a=1.9
[Progress:====>                         15%] [Cov:=========>                         27%][Progress:====>                         15%] [Cov:=========>                         26%][Progress:====>                         15%] [Cov:=========>                         27%][Progress:====>                         16%] [Cov:=========>                         26%][Progress:====>                         16%] [Cov:=========>                         27%][Progress:====>                         16%] [Cov:=========>                         26%][Progress:=====>                        17%] [Cov:=========>                         26%][Progress:=====>                        17%] [Cov:=========>                         27%][Progress:=====>                        17%] [Cov:=========>                         28%][Progress:=====>                        17%] [Cov:=========>                         27%][Progress:=====>                        18%] [Cov:=========>                         27%][Progress:=====>                        18%] [Cov:=========>                         28%][Progress:=====>                        19%] [Cov:=========>                         28%][Progress:=====>                        19%] [Cov:=========>                         27%][Progress:=====>                        19%] [Cov:=========>                         28%][Progress:======>                       20%] [Cov:=========>                         27%][Progress:======>                       20%] [Cov:=========>                         28%][Progress:======>                       20%] [Cov:=========>                         28%][Progress:======>                       21%] [Cov:=========>                         28%][Progress:======>                       21%] [Cov:==========>                        30%][Progress:======>                       22%] [Cov:=========>                         28%][Progress:======>                       22%] [Cov:==========>                        29%][Progress:======>                       22%] [Cov:==========>                        30%][Progress:======>                       22%] [Cov:==========>                        30%][Progress:======>                       23%] [Cov:==========>                        30%][Progress:======>                       23%] [Cov:==========>                        30%][Progress:=======>                      24%] [Cov:==========>                        30%][Progress:=======>                      24%] [Cov:==========>                        31%][Progress:=======>                      25%] [Cov:==========>                        30%][Progress:=======>                      25%] [Cov:==========>                        31%][Progress:=======>                      25%] [Cov:===========>                       32%][Progress:=======>                      26%] [Cov:==========>                        30%][Progress:=======>                      26%] [Cov:==========>                        31%][Progress:=======>                      26%] [Cov:===========>                       32%][Progress:========>                     27%] [Cov:===========>                       32%][Progress:========>                     27%] [Cov:===========>                       32%][Progress:========>                     28%] [Cov:===========>                       32%][Progress:========>                     28%] [Cov:===========>                       33%][Progress:========>                     28%] [Cov:===========>                       34%][Progress:========>                     29%] [Cov:===========>                       32%][Progress:========>                     29%] [Cov:===========>                       34%][Progress:=========>                    30%] [Cov:===========>                       34%][Progress:=========>                    30%] [Cov:===========>                       34%][Progress:=========>                    30%] [Cov:===========>                       34%][Progress:=========>                    31%] [Cov:===========>                       34%][Progress:=========>                    32%] [Cov:===========>                       33%][Progress:=========>                    32%] [Cov:===========>                       34%][Progress:=========>                    32%] [Cov:===========>                       34%]GWO iteration=20 bestFitness=1741.8758909506112 population=50 a=1.6
========== GWO EVOLVE iteration=20 population=50 ==========
[Progress:=========>                    32%] [Cov:============>                      35%][Progress:=========>                    33%] [Cov:===========>                       34%][Progress:=========>                    33%] [Cov:============>                      35%][Progress:=========>                    33%] [Cov:============>                      36%][Progress:=========>                    33%] [Cov:============>                      36%][Progress:==========>                   34%] [Cov:===========>                       34%][Progress:==========>                   34%] [Cov:============>                      36%][Progress:==========>                   35%] [Cov:===========>                       33%][Progress:==========>                   35%] [Cov:============>                      35%][Progress:==========>                   35%] [Cov:============>                      36%][Progress:==========>                   35%] [Cov:============>                      35%][Progress:==========>                   35%] [Cov:============>                      36%][Progress:==========>                   35%] [Cov:============>                      36%][Progress:==========>                   36%] [Cov:============>                      36%][Progress:===========>                  37%] [Cov:============>                      35%][Progress:===========>                  37%] [Cov:============>                      36%][MASTER] 20:52:32.338 [logback-1] WARN  TestCluster - Failed to check cache for java.util.Comparator<T> : Type points to itself
[Progress:===========>                  37%] [Cov:============>                      37%][Progress:===========>                  37%] [Cov:============>                      37%][Progress:===========>                  37%] [Cov:=============>                     38%][Progress:===========>                  38%] [Cov:============>                      36%][Progress:===========>                  38%] [Cov:============>                      37%][Progress:===========>                  38%] [Cov:=============>                     38%][Progress:===========>                  39%] [Cov:=============>                     38%][Progress:============>                 40%] [Cov:============>                      37%][Progress:============>                 40%] [Cov:=============>                     38%][Progress:============>                 40%] [Cov:=============>                     39%][Progress:============>                 40%] [Cov:=============>                     39%][Progress:============>                 41%] [Cov:=============>                     38%][Progress:============>                 41%] [Cov:=============>                     39%][Progress:============>                 41%] [Cov:=============>                     39%][Progress:============>                 42%] [Cov:=============>                     39%][Progress:============>                 43%] [Cov:=============>                     39%][Progress:============>                 43%] [Cov:=============>                     39%][Progress:=============>                44%] [Cov:=============>                     39%][Progress:=============>                44%] [Cov:==============>                    40%][Progress:=============>                45%] [Cov:=============>                     39%][Progress:=============>                45%] [Cov:==============>                    40%][Progress:=============>                46%] [Cov:=============>                     39%][Progress:=============>                46%] [Cov:==============>                    40%][Progress:==============>               47%] [Cov:=============>                     39%][Progress:==============>               47%] [Cov:==============>                    40%][Progress:==============>               47%] [Cov:==============>                    40%][Progress:==============>               48%] [Cov:=============>                     39%][Progress:==============>               48%] [Cov:==============>                    40%][Progress:==============>               49%] [Cov:==============>                    40%][Progress:==============>               49%] [Cov:==============>                    40%][Progress:===============>              50%] [Cov:==============>                    40%][Progress:===============>              50%] [Cov:==============>                    41%][Progress:===============>              50%] [Cov:==============>                    41%][Progress:===============>              51%] [Cov:==============>                    41%][Progress:===============>              52%] [Cov:==============>                    40%][Progress:===============>              52%] [Cov:==============>                    41%][Progress:===============>              52%] [Cov:==============>                    42%][Progress:===============>              53%] [Cov:==============>                    41%][Progress:===============>              53%] [Cov:==============>                    40%][Progress:===============>              53%] [Cov:==============>                    42%][Progress:================>             54%] [Cov:==============>                    42%][Progress:================>             55%] [Cov:==============>                    42%][Progress:================>             55%] [Cov:==============>                    40%][Progress:================>             55%] [Cov:==============>                    41%][Progress:================>             56%] [Cov:==============>                    40%][Progress:================>             56%] [Cov:==============>                    42%][Progress:=================>            57%] [Cov:==============>                    40%][Progress:=================>            57%] [Cov:==============>                    40%][Progress:=================>            58%] [Cov:==============>                    40%][Progress:=================>            59%] [Cov:==============>                    40%][Progress:=================>            59%] [Cov:==============>                    41%][Progress:=================>            59%] [Cov:==============>                    42%][Progress:==================>           60%] [Cov:==============>                    40%][Progress:==================>           60%] [Cov:==============>                    42%][Progress:==================>           61%] [Cov:==============>                    42%][Progress:==================>           61%] [Cov:==============>                    42%][Progress:==================>           62%] [Cov:==============>                    42%][Progress:==================>           62%] [Cov:===============>                   43%][Progress:==================>           63%] [Cov:==============>                    42%][Progress:==================>           63%] [Cov:===============>                   43%][Progress:===================>          64%] [Cov:==============>                    41%][Progress:===================>          64%] [Cov:==============>                    42%][Progress:===================>          64%] [Cov:==============>                    42%][Progress:===================>          64%] [Cov:===============>                   43%][Progress:===================>          65%] [Cov:==============>                    42%][Progress:===================>          65%] [Cov:===============>                   43%][Progress:===================>          65%] [Cov:==============>                    42%][Progress:===================>          66%] [Cov:==============>                    42%][Progress:===================>          66%] [Cov:===============>                   43%][Progress:====================>         67%] [Cov:==============>                    42%][Progress:====================>         68%] [Cov:==============>                    42%][Progress:====================>         68%] [Cov:==============>                    42%]GWO iteration=40 bestFitness=1573.042366942122 population=50 a=1.2
========== GWO EVOLVE iteration=40 population=50 ==========
[Progress:====================>         69%] [Cov:==============>                    42%][Progress:=====================>        70%] [Cov:==============>                    42%][Progress:=====================>        70%] [Cov:===============>                   43%][Progress:=====================>        70%] [Cov:==============>                    42%][Progress:=====================>        71%] [Cov:==============>                    42%][Progress:=====================>        71%] [Cov:==============>                    42%][Progress:=====================>        72%] [Cov:==============>                    42%][Progress:=====================>        73%] [Cov:==============>                    42%][Progress:======================>       74%] [Cov:==============>                    42%][Progress:======================>       74%] [Cov:==============>                    42%][Progress:======================>       75%] [Cov:==============>                    42%][Progress:======================>       76%] [Cov:==============>                    40%][Progress:======================>       76%] [Cov:==============>                    41%][Progress:======================>       76%] [Cov:==============>                    42%][Progress:======================>       76%] [Cov:===============>                   43%][Progress:=======================>      77%] [Cov:==============>                    42%][Progress:=======================>      77%] [Cov:===============>                   43%][Progress:=======================>      78%] [Cov:==============>                    42%][Progress:=======================>      78%] [Cov:===============>                   43%][Progress:=======================>      78%] [Cov:===============>                   43%][Progress:=======================>      79%] [Cov:===============>                   43%][Progress:========================>     80%] [Cov:===============>                   43%][Progress:========================>     80%] [Cov:===============>                   43%][Progress:========================>     81%] [Cov:===============>                   43%][Progress:========================>     81%] [Cov:===============>                   44%][Progress:========================>     82%] [Cov:===============>                   43%][Progress:========================>     82%] [Cov:===============>                   43%][Progress:========================>     83%] [Cov:===============>                   43%][Progress:=========================>    84%] [Cov:===============>                   43%][Progress:=========================>    84%] [Cov:===============>                   44%][Progress:=========================>    85%] [Cov:===============>                   43%][Progress:=========================>    85%] [Cov:===============>                   43%][Progress:=========================>    85%] [Cov:===============>                   44%][Progress:=========================>    86%] [Cov:===============>                   43%][Progress:=========================>    86%] [Cov:===============>                   44%][Progress:=========================>    86%] [Cov:===============>                   44%][Progress:==========================>   87%] [Cov:===============>                   44%][Progress:==========================>   87%] [Cov:===============>                   45%][Progress:==========================>   88%] [Cov:===============>                   44%][Progress:==========================>   89%] [Cov:===============>                   44%][Progress:==========================>   89%] [Cov:===============>                   44%][Progress:==========================>   89%] [Cov:===============>                   45%][Progress:===========================>  90%] [Cov:===============>                   44%][Progress:===========================>  90%] [Cov:===============>                   45%][Progress:===========================>  91%] [Cov:===============>                   44%][Progress:===========================>  91%] [Cov:===============>                   44%][Progress:===========================>  92%] [Cov:===============>                   44%][Progress:===========================>  92%] [Cov:===============>                   45%][Progress:===========================>  93%] [Cov:===============>                   44%][Progress:===========================>  93%] [Cov:===============>                   44%][Progress:============================> 94%] [Cov:===============>                   44%][Progress:============================> 95%] [Cov:===============>                   44%][Progress:============================> 95%] [Cov:===============>                   44%][Progress:============================> 96%] [Cov:===============>                   44%][Progress:=============================>97%] [Cov:===============>                   44%][Progress:=============================>98%] [Cov:===============>                   44%][Progress:=============================>98%] [Cov:===============>                   44%][Progress:=============================>99%] [Cov:===============>                   44%][Progress:=============================>99%] [Cov:===============>                   45%][Progress:==============================100%] [Cov:===============>                   44%][Progress:==============================100%] [Cov:===============>                   45%][Progress:==============================100%] [Cov:===============>                   45%][Progress:==============================100%] [Cov:===============>                   45%][Progress:==============================100%] [Cov:==================>                53%]
* Search finished after 121s and 56 generations, 25452 statements, best individual has fitness: 1455.9422567081886
[MASTER] 20:53:48.418 [logback-1] WARN  ClientNodeImpl - Cannot send statistics to master; continuing without statistics
java.rmi.ServerError: Error occurred in server thread; nested exception is: 
	java.lang.NoClassDefFoundError: com/google/javascript/jscomp/SourceMap$MappingTraversal
	at java.rmi/sun.rmi.server.UnicastServerRef.dispatch(UnicastServerRef.java:388)
	at java.rmi/sun.rmi.transport.Transport$1.run(Transport.java:200)
	at java.rmi/sun.rmi.transport.Transport$1.run(Transport.java:197)
	at java.base/java.security.AccessController.doPrivileged(Native Method)
	at java.rmi/sun.rmi.transport.Transport.serviceCall(Transport.java:196)
	at java.rmi/sun.rmi.transport.tcp.TCPTransport.handleMessages(TCPTransport.java:562)
	at java.rmi/sun.rmi.transport.tcp.TCPTransport$ConnectionHandler.run0(TCPTransport.java:796)
	at java.rmi/sun.rmi.transport.tcp.TCPTransport$ConnectionHandler.lambda$run$0(TCPTransport.java:677)
	at java.base/java.security.AccessController.doPrivileged(Native Method)
	at java.rmi/sun.rmi.transport.tcp.TCPTransport$ConnectionHandler.run(TCPTransport.java:676)
	at java.base/java.util.concurrent.ThreadPoolExecutor.runWorker(ThreadPoolExecutor.java:1128)
	at java.base/java.util.concurrent.ThreadPoolExecutor$Worker.run(ThreadPoolExecutor.java:628)
	at java.base/java.lang.Thread.run(Thread.java:829)
	at java.rmi/sun.rmi.transport.StreamRemoteCall.exceptionReceivedFromServer(StreamRemoteCall.java:303)
	at java.rmi/sun.rmi.transport.StreamRemoteCall.executeCall(StreamRemoteCall.java:279)
	at java.rmi/sun.rmi.server.UnicastRef.invoke(UnicastRef.java:164)
	at java.rmi/java.rmi.server.RemoteObjectInvocationHandler.invokeRemoteMethod(RemoteObjectInvocationHandler.java:217)
	at java.rmi/java.rmi.server.RemoteObjectInvocationHandler.invoke(RemoteObjectInvocationHandler.java:162)
	at com.sun.proxy.$Proxy7.evosuite_collectStatistics(Unknown Source)
	at org.evosuite.rmi.service.ClientNodeImpl.updateStatistics(ClientNodeImpl.java:251)
	at org.evosuite.statistics.StatisticsSender.sendIndividualToMaster(StatisticsSender.java:62)
	at org.evosuite.statistics.StatisticsSender.executedAndThenSendIndividualToMaster(StatisticsSender.java:91)
	at org.evosuite.TestSuiteGenerator.generateTests(TestSuiteGenerator.java:636)
	at org.evosuite.TestSuiteGenerator.generateTestSuite(TestSuiteGenerator.java:208)
	at org.evosuite.rmi.service.ClientNodeImpl.lambda$startNewSearch$0(ClientNodeImpl.java:140)
	at java.base/java.util.concurrent.Executors$RunnableAdapter.call(Executors.java:515)
	at java.base/java.util.concurrent.FutureTask.run(FutureTask.java:264)
	at java.base/java.util.concurrent.ThreadPoolExecutor.runWorker(ThreadPoolExecutor.java:1128)
	at java.base/java.util.concurrent.ThreadPoolExecutor$Worker.run(ThreadPoolExecutor.java:628)
	at java.base/java.lang.Thread.run(Thread.java:829)
Caused by: java.lang.NoClassDefFoundError: com/google/javascript/jscomp/SourceMap$MappingTraversal
	at java.base/java.lang.Class.getDeclaringClass0(Native Method)
	at java.base/java.lang.Class.getEnclosingClass(Class.java:1517)
	at org.evosuite.utils.generic.GenericClassUtils.isMissingTypeParameters(GenericClassUtils.java:74)
	at org.evosuite.utils.generic.GenericClassImpl.addTypeParameters(GenericClassImpl.java:63)
	at org.evosuite.utils.generic.GenericClassImpl.readObject(GenericClassImpl.java:1685)
	at jdk.internal.reflect.GeneratedMethodAccessor9.invoke(Unknown Source)
	at java.base/jdk.internal.reflect.DelegatingMethodAccessorImpl.invoke(DelegatingMethodAccessorImpl.java:43)
	at java.base/java.lang.reflect.Method.invoke(Method.java:566)
	at java.base/java.io.ObjectStreamClass.invokeReadObject(ObjectStreamClass.java:1046)
	at java.base/java.io.ObjectInputStream.readSerialData(ObjectInputStream.java:2357)
	at java.base/java.io.ObjectInputStream.readOrdinaryObject(ObjectInputStream.java:2228)
	at java.base/java.io.ObjectInputStream.readObject0(ObjectInputStream.java:1687)
	at java.base/java.io.ObjectInputStream.defaultReadFields(ObjectInputStream.java:2496)
	at java.base/java.io.ObjectInputStream.readSerialData(ObjectInputStream.java:2390)
	at java.base/java.io.ObjectInputStream.readOrdinaryObject(ObjectInputStream.java:2228)
	at java.base/java.io.ObjectInputStream.readObject0(ObjectInputStream.java:1687)
	at java.base/java.io.ObjectInputStream.defaultReadFields(ObjectInputStream.java:2496)
	at java.base/java.io.ObjectInputStream.readSerialData(ObjectInputStream.java:2390)
	at java.base/java.io.ObjectInputStream.readOrdinaryObject(ObjectInputStream.java:2228)
	at java.base/java.io.ObjectInputStream.readObject0(ObjectInputStream.java:1687)
	at java.base/java.io.ObjectInputStream.skipCustomData(ObjectInputStream.java:2451)
	at java.base/java.io.ObjectInputStream.readSerialData(ObjectInputStream.java:2400)
	at java.base/java.io.ObjectInputStream.readOrdinaryObject(ObjectInputStream.java:2228)
	at java.base/java.io.ObjectInputStream.readObject0(ObjectInputStream.java:1687)
	at java.base/java.io.ObjectInputStream.defaultReadFields(ObjectInputStream.java:2496)
	at java.base/java.io.ObjectInputStream.readSerialData(ObjectInputStream.java:2390)
	at java.base/java.io.ObjectInputStream.readOrdinaryObject(ObjectInputStream.java:2228)
	at java.base/java.io.ObjectInputStream.readObject0(ObjectInputStream.java:1687)
	at java.base/java.io.ObjectInputStream.defaultReadFields(ObjectInputStream.java:2496)
	at java.base/java.io.ObjectInputStream.defaultReadObject(ObjectInputStream.java:625)
	at org.evosuite.testcase.DefaultTestCase.readObject(DefaultTestCase.java:1217)
	at jdk.internal.reflect.GeneratedMethodAccessor18.invoke(Unknown Source)
	at java.base/jdk.internal.reflect.DelegatingMethodAccessorImpl.invoke(DelegatingMethodAccessorImpl.java:43)
	at java.base/java.lang.reflect.Method.invoke(Method.java:566)
	at java.base/java.io.ObjectStreamClass.invokeReadObject(ObjectStreamClass.java:1046)
	at java.base/java.io.ObjectInputStream.readSerialData(ObjectInputStream.java:2357)
	at java.base/java.io.ObjectInputStream.readOrdinaryObject(ObjectInputStream.java:2228)
	at java.base/java.io.ObjectInputStream.readObject0(ObjectInputStream.java:1687)
	at java.base/java.io.ObjectInputStream.defaultReadFields(ObjectInputStream.java:2496)
	at java.base/java.io.ObjectInputStream.readSerialData(ObjectInputStream.java:2390)
	at java.base/java.io.ObjectInputStream.readOrdinaryObject(ObjectInputStream.java:2228)
	at java.base/java.io.ObjectInputStream.readObject0(ObjectInputStream.java:1687)
	at java.base/java.io.ObjectInputStream.skipCustomData(ObjectInputStream.java:2451)
	at java.base/java.io.ObjectInputStream.readSerialData(ObjectInputStream.java:2400)
	at java.base/java.io.ObjectInputStream.readOrdinaryObject(ObjectInputStream.java:2228)
	at java.base/java.io.ObjectInputStream.readObject0(ObjectInputStream.java:1687)
	at java.base/java.io.ObjectInputStream.defaultReadFields(ObjectInputStream.java:2496)
	at java.base/java.io.ObjectInputStream.readSerialData(ObjectInputStream.java:2390)
	at java.base/java.io.ObjectInputStream.readOrdinaryObject(ObjectInputStream.java:2228)
	at java.base/java.io.ObjectInputStream.readObject0(ObjectInputStream.java:1687)
	at java.base/java.io.ObjectInputStream.readObject(ObjectInputStream.java:489)
	at java.base/java.io.ObjectInputStream.readObject(ObjectInputStream.java:447)
	at java.rmi/sun.rmi.server.UnicastRef.unmarshalValue(UnicastRef.java:327)
	at java.rmi/sun.rmi.server.UnicastServerRef.dispatch(UnicastServerRef.java:339)
	at java.rmi/sun.rmi.transport.Transport$1.run(Transport.java:200)
	at java.rmi/sun.rmi.transport.Transport$1.run(Transport.java:197)
	at java.base/java.security.AccessController.doPrivileged(Native Method)
	at java.rmi/sun.rmi.transport.Transport.serviceCall(Transport.java:196)
	at java.rmi/sun.rmi.transport.tcp.TCPTransport.handleMessages(TCPTransport.java:562)
	at java.rmi/sun.rmi.transport.tcp.TCPTransport$ConnectionHandler.run0(TCPTransport.java:796)
	at java.rmi/sun.rmi.transport.tcp.TCPTransport$ConnectionHandler.lambda$run$0(TCPTransport.java:677)
	at java.base/java.security.AccessController.doPrivileged(Native Method)
	at java.rmi/sun.rmi.transport.tcp.TCPTransport$ConnectionHandler.run(TCPTransport.java:676)
	... 3 common frames omitted
Caused by: java.lang.ClassNotFoundException: Class not found: com/google/javascript/jscomp/SourceMap$Mapping: java.lang.NullPointerException: Class not found com/google/javascript/jscomp/SourceMap$Mapping
	at org.evosuite.instrumentation.InstrumentingClassLoader.instrumentClass(InstrumentingClassLoader.java:158)
	at org.evosuite.instrumentation.InstrumentingClassLoader.loadClass(InstrumentingClassLoader.java:126)
	... 66 common frames omitted
Caused by: java.lang.RuntimeException: Class not found: com/google/javascript/jscomp/SourceMap$Mapping: java.lang.NullPointerException: Class not found com/google/javascript/jscomp/SourceMap$Mapping
	at org.evosuite.runtime.util.ComputeClassWriter.getCommonSuperClass(ComputeClassWriter.java:56)
	at org.evosuite.shaded.org.objectweb.asm.SymbolTable.addMergedType(SymbolTable.java:1202)
	at org.evosuite.shaded.org.objectweb.asm.Frame.merge(Frame.java:1299)
	at org.evosuite.shaded.org.objectweb.asm.Frame.merge(Frame.java:1197)
	at org.evosuite.shaded.org.objectweb.asm.MethodWriter.computeAllFrames(MethodWriter.java:1610)
	at org.evosuite.shaded.org.objectweb.asm.MethodWriter.visitMaxs(MethodWriter.java:1546)
	at org.evosuite.shaded.org.objectweb.asm.MethodVisitor.visitMaxs(MethodVisitor.java:773)
	at org.evosuite.shaded.org.objectweb.asm.MethodVisitor.visitMaxs(MethodVisitor.java:773)
	at org.evosuite.shaded.org.objectweb.asm.MethodVisitor.visitMaxs(MethodVisitor.java:773)
	at org.evosuite.runtime.instrumentation.LoopCounterMethodAdapter.visitMaxs(LoopCounterMethodAdapter.java:48)
	at org.evosuite.shaded.org.objectweb.asm.tree.MethodNode.accept(MethodNode.java:769)
	at org.evosuite.shaded.org.objectweb.asm.commons.JSRInlinerAdapter.visitEnd(JSRInlinerAdapter.java:158)
	at org.evosuite.shaded.org.objectweb.asm.MethodVisitor.visitEnd(MethodVisitor.java:783)
	at org.evosuite.shaded.org.objectweb.asm.MethodVisitor.visitEnd(MethodVisitor.java:783)
	at org.evosuite.shaded.org.objectweb.asm.MethodVisitor.visitEnd(MethodVisitor.java:783)
	at org.evosuite.shaded.org.objectweb.asm.tree.MethodNode.accept(MethodNode.java:772)
	at org.evosuite.shaded.org.objectweb.asm.tree.MethodNode.accept(MethodNode.java:649)
	at org.evosuite.shaded.org.objectweb.asm.tree.ClassNode.accept(ClassNode.java:452)
	at org.evosuite.instrumentation.BytecodeInstrumentation.transformBytes(BytecodeInstrumentation.java:282)
	at org.evosuite.instrumentation.InstrumentingClassLoader.getTransformedBytes(InstrumentingClassLoader.java:135)
	at org.evosuite.instrumentation.InstrumentingClassLoader.instrumentClass(InstrumentingClassLoader.java:149)
	... 67 common frames omitted
Caused by: java.lang.NullPointerException: Class not found com/google/javascript/jscomp/SourceMap$Mapping
	at org.evosuite.runtime.util.ComputeClassWriter.typeInfo(ComputeClassWriter.java:179)
	at org.evosuite.runtime.util.ComputeClassWriter.getCommonSuperClass(ComputeClassWriter.java:53)
	... 87 common frames omitted
* Minimizing test suite
* Going to analyze the coverage criteria
* Coverage analysis for criterion LINE
* Coverage of criterion LINE: 41%
* Total number of goals: 546
* Number of covered goals: 223
* Coverage analysis for criterion BRANCH
* Coverage of criterion BRANCH: 32%
* Total number of goals: 298
* Number of covered goals: 94
* Coverage analysis for criterion EXCEPTION
* Coverage of criterion EXCEPTION: 100%
* Total number of goals: 14
* Number of covered goals: 14
* Coverage analysis for criterion WEAKMUTATION
* Coverage of criterion WEAKMUTATION: 34%
* Total number of goals: 612
* Number of covered goals: 211
* Coverage analysis for criterion OUTPUT
* Coverage of criterion OUTPUT: 17%
* Total number of goals: 46
* Number of covered goals: 8
* Coverage analysis for criterion METHOD
* Coverage of criterion METHOD: 100%
* Total number of goals: 51
* Number of covered goals: 51
* Coverage analysis for criterion METHODNOEXCEPTION
* Coverage of criterion METHODNOEXCEPTION: 88%
* Total number of goals: 51
* Number of covered goals: 45
* Coverage analysis for criterion CBRANCH
* Coverage of criterion CBRANCH: 32%
* Total number of goals: 298
* Number of covered goals: 94
* Generated 61 tests with total length 222
* Resulting test suite's coverage: 53% (average coverage for all fitness functions)
[MASTER] 20:53:52.216 [logback-1] WARN  ClientNodeImpl - Cannot send statistics to master; continuing without statistics
java.rmi.MarshalException: error marshalling arguments; nested exception is: 
	java.net.SocketException: Broken pipe (Write failed)
	at java.rmi/sun.rmi.server.UnicastRef.invoke(UnicastRef.java:160)
	at java.rmi/java.rmi.server.RemoteObjectInvocationHandler.invokeRemoteMethod(RemoteObjectInvocationHandler.java:217)
	at java.rmi/java.rmi.server.RemoteObjectInvocationHandler.invoke(RemoteObjectInvocationHandler.java:162)
	at com.sun.proxy.$Proxy7.evosuite_collectStatistics(Unknown Source)
	at org.evosuite.rmi.service.ClientNodeImpl.updateStatistics(ClientNodeImpl.java:251)
	at org.evosuite.statistics.StatisticsSender.sendIndividualToMaster(StatisticsSender.java:62)
	at org.evosuite.statistics.StatisticsSender.executedAndThenSendIndividualToMaster(StatisticsSender.java:91)
	at org.evosuite.TestSuiteGenerator.postProcessTests(TestSuiteGenerator.java:445)
	at org.evosuite.TestSuiteGenerator.generateTestSuite(TestSuiteGenerator.java:218)
	at org.evosuite.rmi.service.ClientNodeImpl.lambda$startNewSearch$0(ClientNodeImpl.java:140)
	at java.base/java.util.concurrent.Executors$RunnableAdapter.call(Executors.java:515)
	at java.base/java.util.concurrent.FutureTask.run(FutureTask.java:264)
	at java.base/java.util.concurrent.ThreadPoolExecutor.runWorker(ThreadPoolExecutor.java:1128)
	at java.base/java.util.concurrent.ThreadPoolExecutor$Worker.run(ThreadPoolExecutor.java:628)
	at java.base/java.lang.Thread.run(Thread.java:829)
Caused by: java.net.SocketException: Broken pipe (Write failed)
	at java.base/java.net.SocketOutputStream.socketWrite0(Native Method)
	at java.base/java.net.SocketOutputStream.socketWrite(SocketOutputStream.java:110)
	at java.base/java.net.SocketOutputStream.write(SocketOutputStream.java:150)
	at java.base/java.io.BufferedOutputStream.flushBuffer(BufferedOutputStream.java:81)
	at java.base/java.io.BufferedOutputStream.write(BufferedOutputStream.java:127)
	at java.base/java.io.ObjectOutputStream$BlockDataOutputStream.drain(ObjectOutputStream.java:1873)
	at java.base/java.io.ObjectOutputStream$BlockDataOutputStream.setBlockDataMode(ObjectOutputStream.java:1782)
	at java.base/java.io.ObjectOutputStream.writeFatalException(ObjectOutputStream.java:1576)
	at java.base/java.io.ObjectOutputStream.writeObject(ObjectOutputStream.java:348)
	at java.rmi/sun.rmi.server.UnicastRef.marshalValue(UnicastRef.java:293)
	at java.rmi/sun.rmi.server.UnicastRef.invoke(UnicastRef.java:155)
	... 14 common frames omitted
* Generating assertions
* Resulting test suite's mutation score: 10%
* Compiling and checking tests
[MASTER] 20:53:54.461 [logback-1] WARN  ClientNodeImpl - Cannot send statistics to master; continuing without statistics
java.rmi.MarshalException: error marshalling arguments; nested exception is: 
	java.net.SocketException: Broken pipe (Write failed)
	at java.rmi/sun.rmi.server.UnicastRef.invoke(UnicastRef.java:160)
	at java.rmi/java.rmi.server.RemoteObjectInvocationHandler.invokeRemoteMethod(RemoteObjectInvocationHandler.java:217)
	at java.rmi/java.rmi.server.RemoteObjectInvocationHandler.invoke(RemoteObjectInvocationHandler.java:162)
	at com.sun.proxy.$Proxy7.evosuite_collectStatistics(Unknown Source)
	at org.evosuite.rmi.service.ClientNodeImpl.updateStatistics(ClientNodeImpl.java:251)
	at org.evosuite.statistics.StatisticsSender.sendIndividualToMaster(StatisticsSender.java:62)
	at org.evosuite.TestSuiteGenerator.postProcessTests(TestSuiteGenerator.java:502)
	at org.evosuite.TestSuiteGenerator.generateTestSuite(TestSuiteGenerator.java:218)
	at org.evosuite.rmi.service.ClientNodeImpl.lambda$startNewSearch$0(ClientNodeImpl.java:140)
	at java.base/java.util.concurrent.Executors$RunnableAdapter.call(Executors.java:515)
	at java.base/java.util.concurrent.FutureTask.run(FutureTask.java:264)
	at java.base/java.util.concurrent.ThreadPoolExecutor.runWorker(ThreadPoolExecutor.java:1128)
	at java.base/java.util.concurrent.ThreadPoolExecutor$Worker.run(ThreadPoolExecutor.java:628)
	at java.base/java.lang.Thread.run(Thread.java:829)
Caused by: java.net.SocketException: Broken pipe (Write failed)
	at java.base/java.net.SocketOutputStream.socketWrite0(Native Method)
	at java.base/java.net.SocketOutputStream.socketWrite(SocketOutputStream.java:110)
	at java.base/java.net.SocketOutputStream.write(SocketOutputStream.java:150)
	at java.base/java.io.BufferedOutputStream.flushBuffer(BufferedOutputStream.java:81)
	at java.base/java.io.BufferedOutputStream.write(BufferedOutputStream.java:127)
	at java.base/java.io.ObjectOutputStream$BlockDataOutputStream.drain(ObjectOutputStream.java:1873)
	at java.base/java.io.ObjectOutputStream$BlockDataOutputStream.setBlockDataMode(ObjectOutputStream.java:1782)
	at java.base/java.io.ObjectOutputStream.writeNonProxyDesc(ObjectOutputStream.java:1277)
	at java.base/java.io.ObjectOutputStream.writeClassDesc(ObjectOutputStream.java:1222)
	at java.base/java.io.ObjectOutputStream.writeOrdinaryObject(ObjectOutputStream.java:1418)
	at java.base/java.io.ObjectOutputStream.writeObject0(ObjectOutputStream.java:1169)
	at java.base/java.io.ObjectOutputStream.writeFatalException(ObjectOutputStream.java:1573)
	at java.base/java.io.ObjectOutputStream.writeObject(ObjectOutputStream.java:348)
	at java.rmi/sun.rmi.server.UnicastRef.marshalValue(UnicastRef.java:293)
	at java.rmi/sun.rmi.server.UnicastRef.invoke(UnicastRef.java:155)
	... 13 common frames omitted
* Permissions denied during test execution: 
  - java.io.FilePermission: 
         write Bad --externs flag. /tT7pP,r1a: 21
         execute <<ALL FILES>>: 21
  - java.lang.RuntimePermission: 
         writeFileDescriptor: 3
* Writing tests to file
* Writing JUnit test case 'AbstractCommandLineRunner_ESTest' to /home/user/evosuite-results/Closure-149b/GWO/com_google_javascript_jscomp_AbstractCommandLineRunner/evosuite-tests
* Done!

[MASTER] 20:54:27.248 [logback-2] ERROR ClientNodeImpl - Error when generating tests for: com.google.javascript.jscomp.AbstractCommandLineRunner with seed 1789825903346. Configuration id : null
java.lang.NullPointerException: null
	at java.base/java.lang.System$2.getAnnotationType(System.java:2113)
	at java.base/sun.reflect.annotation.AnnotationType.getInstance(AnnotationType.java:83)
	at java.base/sun.reflect.annotation.AnnotationInvocationHandler.readObject(AnnotationInvocationHandler.java:585)
	at java.base/jdk.internal.reflect.NativeMethodAccessorImpl.invoke0(Native Method)
	at java.base/jdk.internal.reflect.NativeMethodAccessorImpl.invoke(NativeMethodAccessorImpl.java:62)
	at java.base/jdk.internal.reflect.DelegatingMethodAccessorImpl.invoke(DelegatingMethodAccessorImpl.java:43)
	at java.base/java.lang.reflect.Method.invoke(Method.java:566)
	at java.base/java.io.ObjectStreamClass.invokeReadObject(ObjectStreamClass.java:1046)
	at java.base/java.io.ObjectInputStream.readSerialData(ObjectInputStream.java:2357)
	at java.base/java.io.ObjectInputStream.readOrdinaryObject(ObjectInputStream.java:2228)
	at java.base/java.io.ObjectInputStream.readObject0(ObjectInputStream.java:1687)
	at java.base/java.io.ObjectInputStream.defaultReadFields(ObjectInputStream.java:2496)
	at java.base/java.io.ObjectInputStream.readSerialData(ObjectInputStream.java:2346)
	at java.base/java.io.ObjectInputStream.readOrdinaryObject(ObjectInputStream.java:2228)
	at java.base/java.io.ObjectInputStream.readObject0(ObjectInputStream.java:1687)
	at java.base/java.io.ObjectInputStream.readArray(ObjectInputStream.java:2134)
	at java.base/java.io.ObjectInputStream.readObject0(ObjectInputStream.java:1675)
	at java.base/java.io.ObjectInputStream.readArray(ObjectInputStream.java:2134)
	at java.base/java.io.ObjectInputStream.readObject0(ObjectInputStream.java:1675)
	at java.base/java.io.ObjectInputStream.defaultReadFields(ObjectInputStream.java:2496)
	at java.base/java.io.ObjectInputStream.readSerialData(ObjectInputStream.java:2390)
	at java.base/java.io.ObjectInputStream.readOrdinaryObject(ObjectInputStream.java:2228)
	at java.base/java.io.ObjectInputStream.readObject0(ObjectInputStream.java:1687)
	at java.base/java.io.ObjectInputStream.skipCustomData(ObjectInputStream.java:2451)
	at java.base/java.io.ObjectInputStream.readSerialData(ObjectInputStream.java:2400)
	at java.base/java.io.ObjectInputStream.readOrdinaryObject(ObjectInputStream.java:2228)
	at java.base/java.io.ObjectInputStream.readObject0(ObjectInputStream.java:1687)
	at java.base/java.io.ObjectInputStream.defaultReadFields(ObjectInputStream.java:2496)
	at java.base/java.io.ObjectInputStream.readSerialData(ObjectInputStream.java:2390)
	at java.base/java.io.ObjectInputStream.readOrdinaryObject(ObjectInputStream.java:2228)
	at java.base/java.io.ObjectInputStream.readObject0(ObjectInputStream.java:1687)
	at java.base/java.io.ObjectInputStream.defaultReadFields(ObjectInputStream.java:2496)
	at java.base/java.io.ObjectInputStream.defaultReadObject(ObjectInputStream.java:625)
	at org.evosuite.testcase.DefaultTestCase.readObject(DefaultTestCase.java:1217)
	at jdk.internal.reflect.GeneratedMethodAccessor18.invoke(Unknown Source)
	at java.base/jdk.internal.reflect.DelegatingMethodAccessorImpl.invoke(DelegatingMethodAccessorImpl.java:43)
	at java.base/java.lang.reflect.Method.invoke(Method.java:566)
	at java.base/java.io.ObjectStreamClass.invokeReadObject(ObjectStreamClass.java:1046)
	at java.base/java.io.ObjectInputStream.readSerialData(ObjectInputStream.java:2357)
	at java.base/java.io.ObjectInputStream.readOrdinaryObject(ObjectInputStream.java:2228)
	at java.base/java.io.ObjectInputStream.readObject0(ObjectInputStream.java:1687)
	at java.base/java.io.ObjectInputStream.skipCustomData(ObjectInputStream.java:2451)
	at java.base/java.io.ObjectInputStream.readSerialData(ObjectInputStream.java:2400)
	at java.base/java.io.ObjectInputStream.readOrdinaryObject(ObjectInputStream.java:2228)
	at java.base/java.io.ObjectInputStream.readObject0(ObjectInputStream.java:1687)
	at java.base/java.io.ObjectInputStream.defaultReadFields(ObjectInputStream.java:2496)
	at java.base/java.io.ObjectInputStream.readSerialData(ObjectInputStream.java:2390)
	at java.base/java.io.ObjectInputStream.readOrdinaryObject(ObjectInputStream.java:2228)
	at java.base/java.io.ObjectInputStream.readObject0(ObjectInputStream.java:1687)
	at java.base/java.io.ObjectInputStream.readObject(ObjectInputStream.java:489)
	at java.base/java.io.ObjectInputStream.readObject(ObjectInputStream.java:447)
	at java.base/java.util.ArrayList.readObject(ArrayList.java:929)
	at java.base/jdk.internal.reflect.GeneratedMethodAccessor7.invoke(Unknown Source)
	at java.base/jdk.internal.reflect.DelegatingMethodAccessorImpl.invoke(DelegatingMethodAccessorImpl.java:43)
	at java.base/java.lang.reflect.Method.invoke(Method.java:566)
	at java.base/java.io.ObjectStreamClass.invokeReadObject(ObjectStreamClass.java:1046)
	at java.base/java.io.ObjectInputStream.readSerialData(ObjectInputStream.java:2357)
	at java.base/java.io.ObjectInputStream.readOrdinaryObject(ObjectInputStream.java:2228)
	at java.base/java.io.ObjectInputStream.readObject0(ObjectInputStream.java:1687)
	at java.base/java.io.ObjectInputStream.readObject(ObjectInputStream.java:489)
	at java.base/java.io.ObjectInputStream.readObject(ObjectInputStream.java:447)
	at java.rmi/sun.rmi.server.UnicastRef.unmarshalValue(UnicastRef.java:327)
	at java.rmi/sun.rmi.server.UnicastServerRef.dispatch(UnicastServerRef.java:339)
	at java.rmi/sun.rmi.transport.Transport$1.run(Transport.java:200)
	at java.rmi/sun.rmi.transport.Transport$1.run(Transport.java:197)
	at java.base/java.security.AccessController.doPrivileged(Native Method)
	at java.rmi/sun.rmi.transport.Transport.serviceCall(Transport.java:196)
	at java.rmi/sun.rmi.transport.tcp.TCPTransport.handleMessages(TCPTransport.java:562)
	at java.rmi/sun.rmi.transport.tcp.TCPTransport$ConnectionHandler.run0(TCPTransport.java:796)
	at java.rmi/sun.rmi.transport.tcp.TCPTransport$ConnectionHandler.lambda$run$0(TCPTransport.java:677)
	at java.base/java.security.AccessController.doPrivileged(Native Method)
	at java.rmi/sun.rmi.transport.tcp.TCPTransport$ConnectionHandler.run(TCPTransport.java:676)
	at java.base/java.util.concurrent.ThreadPoolExecutor.runWorker(ThreadPoolExecutor.java:1128)
	at java.base/java.util.concurrent.ThreadPoolExecutor$Worker.run(ThreadPoolExecutor.java:628)
	at java.base/java.lang.Thread.run(Thread.java:829)
	at java.rmi/sun.rmi.transport.StreamRemoteCall.exceptionReceivedFromServer(StreamRemoteCall.java:303)
	at java.rmi/sun.rmi.transport.StreamRemoteCall.executeCall(StreamRemoteCall.java:279)
	at java.rmi/sun.rmi.server.UnicastRef.invoke(UnicastRef.java:164)
	at java.rmi/java.rmi.server.RemoteObjectInvocationHandler.invokeRemoteMethod(RemoteObjectInvocationHandler.java:217)
	at java.rmi/java.rmi.server.RemoteObjectInvocationHandler.invoke(RemoteObjectInvocationHandler.java:162)
	at com.sun.proxy.$Proxy7.evosuite_collectTestGenerationResult(Unknown Source)
	at org.evosuite.rmi.service.ClientNodeImpl.lambda$startNewSearch$0(ClientNodeImpl.java:144)
	at java.base/java.util.concurrent.Executors$RunnableAdapter.call(Executors.java:515)
	at java.base/java.util.concurrent.FutureTask.run(FutureTask.java:264)
	at java.base/java.util.concurrent.ThreadPoolExecutor.runWorker(ThreadPoolExecutor.java:1128)
	at java.base/java.util.concurrent.ThreadPoolExecutor$Worker.run(ThreadPoolExecutor.java:628)
	at java.base/java.lang.Thread.run(Thread.java:829)
* Computation finished
[MASTER] 20:54:27.353 [main] ERROR SearchStatistics - No statistics has been saved because EvoSuite failed to generate any test case
[MASTER] 20:54:27.455 [main] ERROR TestGeneration - failed to write statistics data
