* EvoSuite 1.2.1-SNAPSHOT
* Going to generate test cases for class: com.fasterxml.jackson.databind.introspect.POJOPropertyBuilder
* Starting Client-0
* Connecting to master process on port 13980
* Analyzing classpath: 
  - /home/user/d4j-workspace/JacksonDatabind-73b/target/classes
  - /home/user/defects4j/framework/projects/JacksonDatabind/lib/com/fasterxml/jackson/core/jackson-annotations/2.8.0/jackson-annotations-2.8.0.jar
  - /home/user/defects4j/framework/projects/JacksonDatabind/lib/com/fasterxml/jackson/core/jackson-core/2.8.6/jackson-core-2.8.6.jar
  - /home/user/defects4j/framework/projects/JacksonDatabind/lib/com/fasterxml/jackson/core/jackson-annotations/2.8.0/jackson-annotations-2.8.0.jar
  - /home/user/defects4j/framework/projects/JacksonDatabind/lib/com/fasterxml/jackson/core/jackson-core/2.8.6/jackson-core-2.8.6.jar
  - /home/user/defects4j/framework/projects/JacksonDatabind/lib/junit/junit/4.12/junit-4.12.jar
  - /home/user/defects4j/framework/projects/JacksonDatabind/lib/org/hamcrest/hamcrest-core/1.3/hamcrest-core-1.3.jar
  - /home/user/defects4j/framework/projects/JacksonDatabind/lib/org/powermock/powermock-module-junit4/1.6.5/powermock-module-junit4-1.6.5.jar
  - /home/user/defects4j/framework/projects/JacksonDatabind/lib/org/powermock/powermock-module-junit4-common/1.6.5/powermock-module-junit4-common-1.6.5.jar
  - /home/user/defects4j/framework/projects/JacksonDatabind/lib/org/powermock/powermock-core/1.6.5/powermock-core-1.6.5.jar
  - /home/user/defects4j/framework/projects/JacksonDatabind/lib/org/javassist/javassist/3.20.0-GA/javassist-3.20.0-GA.jar
  - /home/user/defects4j/framework/projects/JacksonDatabind/lib/org/powermock/powermock-reflect/1.6.5/powermock-reflect-1.6.5.jar
  - /home/user/defects4j/framework/projects/JacksonDatabind/lib/org/powermock/powermock-api-mockito/1.6.5/powermock-api-mockito-1.6.5.jar
  - /home/user/defects4j/framework/projects/JacksonDatabind/lib/org/mockito/mockito-core/1.10.19/mockito-core-1.10.19.jar
  - /home/user/defects4j/framework/projects/JacksonDatabind/lib/org/objenesis/objenesis/2.1/objenesis-2.1.jar
  - /home/user/defects4j/framework/projects/JacksonDatabind/lib/org/powermock/powermock-api-mockito-common/1.6.5/powermock-api-mockito-common-1.6.5.jar
  - /home/user/defects4j/framework/projects/JacksonDatabind/lib/org/powermock/powermock-api-support/1.6.5/powermock-api-support-1.6.5.jar
  - /home/user/defects4j/framework/projects/JacksonDatabind/lib/javax/measure/jsr-275/0.9.1/jsr-275-0.9.1.jar
  - /home/user/defects4j/framework/projects/JacksonDatabind/lib/com/google/jimfs/jimfs/1.1/jimfs-1.1.jar
  - /home/user/defects4j/framework/projects/JacksonDatabind/lib/com/google/guava/guava/18.0/guava-18.0.jar
  - /home/user/d4j-workspace/JacksonDatabind-73b/target/classes
  - /home/user/d4j-workspace/JacksonDatabind-73b/target/test-classes
  - /home/user/defects4j/framework/projects/lib/junit-4.12-hamcrest-1.3.jar
  - /home/user/defects4j/framework/projects/JacksonDatabind/lib/antlr/antlr/2.7.7/antlr-2.7.7.jar
  - /home/user/defects4j/framework/projects/JacksonDatabind/lib/asm/asm-analysis/3.2/asm-analysis-3.2.jar
  - /home/user/defects4j/framework/projects/JacksonDatabind/lib/asm/asm-commons/3.2/asm-commons-3.2.jar
  - /home/user/defects4j/framework/projects/JacksonDatabind/lib/asm/asm-tree/3.2/asm-tree-3.2.jar
  - /home/user/defects4j/framework/projects/JacksonDatabind/lib/asm/asm-util/3.2/asm-util-3.2.jar
  - /home/user/defects4j/framework/projects/JacksonDatabind/lib/asm/asm/3.3.1/asm-3.3.1.jar
  - /home/user/defects4j/framework/projects/JacksonDatabind/lib/cglib/cglib/2.2.2/cglib-2.2.2.jar
  - /home/user/defects4j/framework/projects/JacksonDatabind/lib/cglib/cglib/3.1/cglib-3.1.jar
  - /home/user/defects4j/framework/projects/JacksonDatabind/lib/com/fasterxml/jackson/core/jackson-annotations/2.10.0-SNAPSHOT/jackson-annotations-2.10.0-20190519.085045-3.jar
  - /home/user/defects4j/framework/projects/JacksonDatabind/lib/com/fasterxml/jackson/core/jackson-annotations/2.2.0/jackson-annotations-2.2.0.jar
  - /home/user/defects4j/framework/projects/JacksonDatabind/lib/com/fasterxml/jackson/core/jackson-annotations/2.2.1/jackson-annotations-2.2.1.jar
  - /home/user/defects4j/framework/projects/JacksonDatabind/lib/com/fasterxml/jackson/core/jackson-annotations/2.3.0/jackson-annotations-2.3.0.jar
  - /home/user/defects4j/framework/projects/JacksonDatabind/lib/com/fasterxml/jackson/core/jackson-annotations/2.4.0-rc3/jackson-annotations-2.4.0-rc3.jar
  - /home/user/defects4j/framework/projects/JacksonDatabind/lib/com/fasterxml/jackson/core/jackson-annotations/2.4.0/jackson-annotations-2.4.0.jar
  - /home/user/defects4j/framework/projects/JacksonDatabind/lib/com/fasterxml/jackson/core/jackson-annotations/2.5.0/jackson-annotations-2.5.0.jar
  - /home/user/defects4j/framework/projects/JacksonDatabind/lib/com/fasterxml/jackson/core/jackson-annotations/2.6.0-rc1/jackson-annotations-2.6.0-rc1.jar
  - /home/user/defects4j/framework/projects/JacksonDatabind/lib/com/fasterxml/jackson/core/jackson-annotations/2.6.0-rc2/jackson-annotations-2.6.0-rc2.jar
  - /home/user/defects4j/framework/projects/JacksonDatabind/lib/com/fasterxml/jackson/core/jackson-annotations/2.6.0-rc3/jackson-annotations-2.6.0-rc3.jar
  - /home/user/defects4j/framework/projects/JacksonDatabind/lib/com/fasterxml/jackson/core/jackson-annotations/2.6.0/jackson-annotations-2.6.0.jar
  - /home/user/defects4j/framework/projects/JacksonDatabind/lib/com/fasterxml/jackson/core/jackson-annotations/2.7.0-rc2/jackson-annotations-2.7.0-rc2.jar
  - /home/user/defects4j/framework/projects/JacksonDatabind/lib/com/fasterxml/jackson/core/jackson-annotations/2.7.0/jackson-annotations-2.7.0.jar
  - /home/user/defects4j/framework/projects/JacksonDatabind/lib/com/fasterxml/jackson/core/jackson-annotations/2.8.0.rc1/jackson-annotations-2.8.0.rc1.jar
  - /home/user/defects4j/framework/projects/JacksonDatabind/lib/com/fasterxml/jackson/core/jackson-annotations/2.9.0.pr3/jackson-annotations-2.9.0.pr3.jar
  - /home/user/defects4j/framework/projects/JacksonDatabind/lib/com/fasterxml/jackson/core/jackson-annotations/2.9.0/jackson-annotations-2.9.0.jar
  - /home/user/defects4j/framework/projects/JacksonDatabind/lib/com/fasterxml/jackson/core/jackson-annotations/3.0-SNAPSHOT/jackson-annotations-3.0-20190323.173155-41.jar
  - /home/user/defects4j/framework/projects/JacksonDatabind/lib/com/fasterxml/jackson/core/jackson-annotations/3.0-SNAPSHOT/jackson-annotations-3.0-20190519.085339-43.jar
  - /home/user/defects4j/framework/projects/JacksonDatabind/lib/com/fasterxml/jackson/core/jackson-core/2.10.0-SNAPSHOT/jackson-core-2.10.0-20190518.180547-60.jar
  - /home/user/defects4j/framework/projects/JacksonDatabind/lib/com/fasterxml/jackson/core/jackson-core/2.2.0/jackson-core-2.2.0.jar
  - /home/user/defects4j/framework/projects/JacksonDatabind/lib/com/fasterxml/jackson/core/jackson-core/2.2.1/jackson-core-2.2.1.jar
  - /home/user/defects4j/framework/projects/JacksonDatabind/lib/com/fasterxml/jackson/core/jackson-core/2.3.0/jackson-core-2.3.0.jar
  - /home/user/defects4j/framework/projects/JacksonDatabind/lib/com/fasterxml/jackson/core/jackson-core/2.4.0-rc3/jackson-core-2.4.0-rc3.jar
  - /home/user/defects4j/framework/projects/JacksonDatabind/lib/com/fasterxml/jackson/core/jackson-core/2.4.0/jackson-core-2.4.0.jar
  - /home/user/defects4j/framework/projects/JacksonDatabind/lib/com/fasterxml/jackson/core/jackson-core/2.4.1.1/jackson-core-2.4.1.1.jar
  - /home/user/defects4j/framework/projects/JacksonDatabind/lib/com/fasterxml/jackson/core/jackson-core/2.4.2/jackson-core-2.4.2.jar
  - /home/user/defects4j/framework/projects/JacksonDatabind/lib/com/fasterxml/jackson/core/jackson-core/2.4.3/jackson-core-2.4.3.jar
  - /home/user/defects4j/framework/projects/JacksonDatabind/lib/com/fasterxml/jackson/core/jackson-core/2.4.5/jackson-core-2.4.5.jar
  - /home/user/defects4j/framework/projects/JacksonDatabind/lib/com/fasterxml/jackson/core/jackson-core/2.4.6/jackson-core-2.4.6.jar
  - /home/user/defects4j/framework/projects/JacksonDatabind/lib/com/fasterxml/jackson/core/jackson-core/2.5.0/jackson-core-2.5.0.jar
  - /home/user/defects4j/framework/projects/JacksonDatabind/lib/com/fasterxml/jackson/core/jackson-core/2.5.1/jackson-core-2.5.1.jar
  - /home/user/defects4j/framework/projects/JacksonDatabind/lib/com/fasterxml/jackson/core/jackson-core/2.5.3/jackson-core-2.5.3.jar
  - /home/user/defects4j/framework/projects/JacksonDatabind/lib/com/fasterxml/jackson/core/jackson-core/2.5.4/jackson-core-2.5.4.jar
  - /home/user/defects4j/framework/projects/JacksonDatabind/lib/com/fasterxml/jackson/core/jackson-core/2.5.5/jackson-core-2.5.5.jar
  - /home/user/defects4j/framework/projects/JacksonDatabind/lib/com/fasterxml/jackson/core/jackson-core/2.6.0-rc1/jackson-core-2.6.0-rc1.jar
  - /home/user/defects4j/framework/projects/JacksonDatabind/lib/com/fasterxml/jackson/core/jackson-core/2.6.0-rc2/jackson-core-2.6.0-rc2.jar
  - /home/user/defects4j/framework/projects/JacksonDatabind/lib/com/fasterxml/jackson/core/jackson-core/2.6.0-rc3/jackson-core-2.6.0-rc3.jar
  - /home/user/defects4j/framework/projects/JacksonDatabind/lib/com/fasterxml/jackson/core/jackson-core/2.6.0/jackson-core-2.6.0.jar
  - /home/user/defects4j/framework/projects/JacksonDatabind/lib/com/fasterxml/jackson/core/jackson-core/2.6.1/jackson-core-2.6.1.jar
  - /home/user/defects4j/framework/projects/JacksonDatabind/lib/com/fasterxml/jackson/core/jackson-core/2.6.2/jackson-core-2.6.2.jar
  - /home/user/defects4j/framework/projects/JacksonDatabind/lib/com/fasterxml/jackson/core/jackson-core/2.6.3/jackson-core-2.6.3.jar
  - /home/user/defects4j/framework/projects/JacksonDatabind/lib/com/fasterxml/jackson/core/jackson-core/2.6.4/jackson-core-2.6.4.jar
  - /home/user/defects4j/framework/projects/JacksonDatabind/lib/com/fasterxml/jackson/core/jackson-core/2.6.5/jackson-core-2.6.5.jar
  - /home/user/defects4j/framework/projects/JacksonDatabind/lib/com/fasterxml/jackson/core/jackson-core/2.6.6/jackson-core-2.6.6.jar
  - /home/user/defects4j/framework/projects/JacksonDatabind/lib/com/fasterxml/jackson/core/jackson-core/2.6.7/jackson-core-2.6.7.jar
  - /home/user/defects4j/framework/projects/JacksonDatabind/lib/com/fasterxml/jackson/core/jackson-core/2.7.0-rc2/jackson-core-2.7.0-rc2.jar
  - /home/user/defects4j/framework/projects/JacksonDatabind/lib/com/fasterxml/jackson/core/jackson-core/2.7.0/jackson-core-2.7.0.jar
  - /home/user/defects4j/framework/projects/JacksonDatabind/lib/com/fasterxml/jackson/core/jackson-core/2.7.1/jackson-core-2.7.1.jar
  - /home/user/defects4j/framework/projects/JacksonDatabind/lib/com/fasterxml/jackson/core/jackson-core/2.7.2/jackson-core-2.7.2.jar
  - /home/user/defects4j/framework/projects/JacksonDatabind/lib/com/fasterxml/jackson/core/jackson-core/2.7.4/jackson-core-2.7.4.jar
  - /home/user/defects4j/framework/projects/JacksonDatabind/lib/com/fasterxml/jackson/core/jackson-core/2.7.5/jackson-core-2.7.5.jar
  - /home/user/defects4j/framework/projects/JacksonDatabind/lib/com/fasterxml/jackson/core/jackson-core/2.7.6/jackson-core-2.7.6.jar
  - /home/user/defects4j/framework/projects/JacksonDatabind/lib/com/fasterxml/jackson/core/jackson-core/2.7.7/jackson-core-2.7.7.jar
  - /home/user/defects4j/framework/projects/JacksonDatabind/lib/com/fasterxml/jackson/core/jackson-core/2.7.8/jackson-core-2.7.8.jar
  - /home/user/defects4j/framework/projects/JacksonDatabind/lib/com/fasterxml/jackson/core/jackson-core/2.7.9/jackson-core-2.7.9.jar
  - /home/user/defects4j/framework/projects/JacksonDatabind/lib/com/fasterxml/jackson/core/jackson-core/2.8.0.rc1/jackson-core-2.8.0.rc1.jar
  - /home/user/defects4j/framework/projects/JacksonDatabind/lib/com/fasterxml/jackson/core/jackson-core/2.8.0.rc2/jackson-core-2.8.0.rc2.jar
  - /home/user/defects4j/framework/projects/JacksonDatabind/lib/com/fasterxml/jackson/core/jackson-core/2.8.0/jackson-core-2.8.0.jar
  - /home/user/defects4j/framework/projects/JacksonDatabind/lib/com/fasterxml/jackson/core/jackson-core/2.8.10/jackson-core-2.8.10.jar
  - /home/user/defects4j/framework/projects/JacksonDatabind/lib/com/fasterxml/jackson/core/jackson-core/2.8.3/jackson-core-2.8.3.jar
  - /home/user/defects4j/framework/projects/JacksonDatabind/lib/com/fasterxml/jackson/core/jackson-core/2.8.4/jackson-core-2.8.4.jar
  - /home/user/defects4j/framework/projects/JacksonDatabind/lib/com/fasterxml/jackson/core/jackson-core/2.8.5/jackson-core-2.8.5.jar
  - /home/user/defects4j/framework/projects/JacksonDatabind/lib/com/fasterxml/jackson/core/jackson-core/2.8.7/jackson-core-2.8.7.jar
  - /home/user/defects4j/framework/projects/JacksonDatabind/lib/com/fasterxml/jackson/core/jackson-core/2.8.8-SNAPSHOT/jackson-core-2.8.8-20170301.000803-1.jar
  - /home/user/defects4j/framework/projects/JacksonDatabind/lib/com/fasterxml/jackson/core/jackson-core/2.8.8/jackson-core-2.8.8.jar
  - /home/user/defects4j/framework/projects/JacksonDatabind/lib/com/fasterxml/jackson/core/jackson-core/2.8.9/jackson-core-2.8.9.jar
  - /home/user/defects4j/framework/projects/JacksonDatabind/lib/com/fasterxml/jackson/core/jackson-core/2.9.0.pr3/jackson-core-2.9.0.pr3.jar
  - /home/user/defects4j/framework/projects/JacksonDatabind/lib/com/fasterxml/jackson/core/jackson-core/2.9.6/jackson-core-2.9.6.jar
  - /home/user/defects4j/framework/projects/JacksonDatabind/lib/com/fasterxml/jackson/core/jackson-core/2.9.7/jackson-core-2.9.7.jar
  - /home/user/defects4j/framework/projects/JacksonDatabind/lib/com/fasterxml/jackson/core/jackson-core/2.9.8/jackson-core-2.9.8.jar
  - /home/user/defects4j/framework/projects/JacksonDatabind/lib/com/fasterxml/jackson/core/jackson-core/2.9.9/jackson-core-2.9.9.jar
  - /home/user/defects4j/framework/projects/JacksonDatabind/lib/com/fasterxml/jackson/core/jackson-core/3.0.0-SNAPSHOT/jackson-core-3.0.0-20190516.032312-448.jar
  - /home/user/defects4j/framework/projects/JacksonDatabind/lib/javax/measure/jsr-275/0.9.2/jsr-275-0.9.2.jar
  - /home/user/defects4j/framework/projects/JacksonDatabind/lib/junit/junit/4.10/junit-4.10.jar
  - /home/user/defects4j/framework/projects/JacksonDatabind/lib/junit/junit/4.11/junit-4.11.jar
  - /home/user/defects4j/framework/projects/JacksonDatabind/lib/junit/junit/4.8.2/junit-4.8.2.jar
  - /home/user/defects4j/framework/projects/JacksonDatabind/lib/net/bytebuddy/byte-buddy-agent/1.7.5/byte-buddy-agent-1.7.5.jar
  - /home/user/defects4j/framework/projects/JacksonDatabind/lib/net/bytebuddy/byte-buddy-agent/1.9.3/byte-buddy-agent-1.9.3.jar
  - /home/user/defects4j/framework/projects/JacksonDatabind/lib/net/bytebuddy/byte-buddy/1.7.5/byte-buddy-1.7.5.jar
  - /home/user/defects4j/framework/projects/JacksonDatabind/lib/net/bytebuddy/byte-buddy/1.9.3/byte-buddy-1.9.3.jar
  - /home/user/defects4j/framework/projects/JacksonDatabind/lib/org/assertj/assertj-core/3.8.0/assertj-core-3.8.0.jar
  - /home/user/defects4j/framework/projects/JacksonDatabind/lib/org/assertj/assertj-core/3.9.1/assertj-core-3.9.1.jar
  - /home/user/defects4j/framework/projects/JacksonDatabind/lib/org/codehaus/groovy/groovy/1.7.9/groovy-1.7.9.jar
  - /home/user/defects4j/framework/projects/JacksonDatabind/lib/org/codehaus/groovy/groovy/2.4.0/groovy-2.4.0.jar
  - /home/user/defects4j/framework/projects/JacksonDatabind/lib/org/hamcrest/hamcrest-core/1.1/hamcrest-core-1.1.jar
  - /home/user/defects4j/framework/projects/JacksonDatabind/lib/org/hibernate/hibernate-cglib-repack/2.1_3/hibernate-cglib-repack-2.1_3.jar
  - /home/user/defects4j/framework/projects/JacksonDatabind/lib/org/javassist/javassist/3.19.0-GA/javassist-3.19.0-GA.jar
  - /home/user/defects4j/framework/projects/JacksonDatabind/lib/org/javassist/javassist/3.21.0-GA/javassist-3.21.0-GA.jar
  - /home/user/defects4j/framework/projects/JacksonDatabind/lib/org/javassist/javassist/3.22.0-CR2/javassist-3.22.0-CR2.jar
  - /home/user/defects4j/framework/projects/JacksonDatabind/lib/org/javassist/javassist/3.24.0-GA/javassist-3.24.0-GA.jar
  - /home/user/defects4j/framework/projects/JacksonDatabind/lib/org/mockito/mockito-all/1.10.19/mockito-all-1.10.19.jar
  - /home/user/defects4j/framework/projects/JacksonDatabind/lib/org/mockito/mockito-core/2.10.0/mockito-core-2.10.0.jar
  - /home/user/defects4j/framework/projects/JacksonDatabind/lib/org/mockito/mockito-core/2.23.0/mockito-core-2.23.0.jar
  - /home/user/defects4j/framework/projects/JacksonDatabind/lib/org/objenesis/objenesis/2.6/objenesis-2.6.jar
  - /home/user/defects4j/framework/projects/JacksonDatabind/lib/org/objenesis/objenesis/3.0.1/objenesis-3.0.1.jar
  - /home/user/defects4j/framework/projects/JacksonDatabind/lib/org/ow2/asm/asm/4.2/asm-4.2.jar
  - /home/user/defects4j/framework/projects/JacksonDatabind/lib/org/powermock/powermock-api-mockito-common/1.7.3/powermock-api-mockito-common-1.7.3.jar
  - /home/user/defects4j/framework/projects/JacksonDatabind/lib/org/powermock/powermock-api-mockito-common/1.7.4/powermock-api-mockito-common-1.7.4.jar
  - /home/user/defects4j/framework/projects/JacksonDatabind/lib/org/powermock/powermock-api-mockito/1.6.2/powermock-api-mockito-1.6.2.jar
  - /home/user/defects4j/framework/projects/JacksonDatabind/lib/org/powermock/powermock-api-mockito/1.6.3/powermock-api-mockito-1.6.3.jar
  - /home/user/defects4j/framework/projects/JacksonDatabind/lib/org/powermock/powermock-api-mockito/1.7.3/powermock-api-mockito-1.7.3.jar
  - /home/user/defects4j/framework/projects/JacksonDatabind/lib/org/powermock/powermock-api-mockito/1.7.4/powermock-api-mockito-1.7.4.jar
  - /home/user/defects4j/framework/projects/JacksonDatabind/lib/org/powermock/powermock-api-mockito2/2.0.0-beta.5/powermock-api-mockito2-2.0.0-beta.5.jar
  - /home/user/defects4j/framework/projects/JacksonDatabind/lib/org/powermock/powermock-api-mockito2/2.0.0/powermock-api-mockito2-2.0.0.jar
  - /home/user/defects4j/framework/projects/JacksonDatabind/lib/org/powermock/powermock-api-support/1.6.2/powermock-api-support-1.6.2.jar
  - /home/user/defects4j/framework/projects/JacksonDatabind/lib/org/powermock/powermock-api-support/1.6.3/powermock-api-support-1.6.3.jar
  - /home/user/defects4j/framework/projects/JacksonDatabind/lib/org/powermock/powermock-api-support/1.7.3/powermock-api-support-1.7.3.jar
  - /home/user/defects4j/framework/projects/JacksonDatabind/lib/org/powermock/powermock-api-support/1.7.4/powermock-api-support-1.7.4.jar
  - /home/user/defects4j/framework/projects/JacksonDatabind/lib/org/powermock/powermock-api-support/2.0.0-beta.5/powermock-api-support-2.0.0-beta.5.jar
  - /home/user/defects4j/framework/projects/JacksonDatabind/lib/org/powermock/powermock-api-support/2.0.0/powermock-api-support-2.0.0.jar
  - /home/user/defects4j/framework/projects/JacksonDatabind/lib/org/powermock/powermock-core/1.6.2/powermock-core-1.6.2.jar
  - /home/user/defects4j/framework/projects/JacksonDatabind/lib/org/powermock/powermock-core/1.6.3/powermock-core-1.6.3.jar
  - /home/user/defects4j/framework/projects/JacksonDatabind/lib/org/powermock/powermock-core/1.7.3/powermock-core-1.7.3.jar
  - /home/user/defects4j/framework/projects/JacksonDatabind/lib/org/powermock/powermock-core/1.7.4/powermock-core-1.7.4.jar
  - /home/user/defects4j/framework/projects/JacksonDatabind/lib/org/powermock/powermock-core/2.0.0-beta.5/powermock-core-2.0.0-beta.5.jar
  - /home/user/defects4j/framework/projects/JacksonDatabind/lib/org/powermock/powermock-core/2.0.0/powermock-core-2.0.0.jar
  - /home/user/defects4j/framework/projects/JacksonDatabind/lib/org/powermock/powermock-module-junit4-common/1.6.2/powermock-module-junit4-common-1.6.2.jar
  - /home/user/defects4j/framework/projects/JacksonDatabind/lib/org/powermock/powermock-module-junit4-common/1.6.3/powermock-module-junit4-common-1.6.3.jar
  - /home/user/defects4j/framework/projects/JacksonDatabind/lib/org/powermock/powermock-module-junit4-common/1.7.3/powermock-module-junit4-common-1.7.3.jar
  - /home/user/defects4j/framework/projects/JacksonDatabind/lib/org/powermock/powermock-module-junit4-common/1.7.4/powermock-module-junit4-common-1.7.4.jar
  - /home/user/defects4j/framework/projects/JacksonDatabind/lib/org/powermock/powermock-module-junit4-common/2.0.0-beta.5/powermock-module-junit4-common-2.0.0-beta.5.jar
  - /home/user/defects4j/framework/projects/JacksonDatabind/lib/org/powermock/powermock-module-junit4-common/2.0.0/powermock-module-junit4-common-2.0.0.jar
  - /home/user/defects4j/framework/projects/JacksonDatabind/lib/org/powermock/powermock-module-junit4/1.6.2/powermock-module-junit4-1.6.2.jar
  - /home/user/defects4j/framework/projects/JacksonDatabind/lib/org/powermock/powermock-module-junit4/1.6.3/powermock-module-junit4-1.6.3.jar
  - /home/user/defects4j/framework/projects/JacksonDatabind/lib/org/powermock/powermock-module-junit4/1.7.3/powermock-module-junit4-1.7.3.jar
  - /home/user/defects4j/framework/projects/JacksonDatabind/lib/org/powermock/powermock-module-junit4/1.7.4/powermock-module-junit4-1.7.4.jar
  - /home/user/defects4j/framework/projects/JacksonDatabind/lib/org/powermock/powermock-module-junit4/2.0.0-beta.5/powermock-module-junit4-2.0.0-beta.5.jar
  - /home/user/defects4j/framework/projects/JacksonDatabind/lib/org/powermock/powermock-module-junit4/2.0.0/powermock-module-junit4-2.0.0.jar
  - /home/user/defects4j/framework/projects/JacksonDatabind/lib/org/powermock/powermock-reflect/1.6.2/powermock-reflect-1.6.2.jar
  - /home/user/defects4j/framework/projects/JacksonDatabind/lib/org/powermock/powermock-reflect/1.6.3/powermock-reflect-1.6.3.jar
  - /home/user/defects4j/framework/projects/JacksonDatabind/lib/org/powermock/powermock-reflect/1.7.3/powermock-reflect-1.7.3.jar
  - /home/user/defects4j/framework/projects/JacksonDatabind/lib/org/powermock/powermock-reflect/1.7.4/powermock-reflect-1.7.4.jar
  - /home/user/defects4j/framework/projects/JacksonDatabind/lib/org/powermock/powermock-reflect/2.0.0-beta.5/powermock-reflect-2.0.0-beta.5.jar
  - /home/user/defects4j/framework/projects/JacksonDatabind/lib/org/powermock/powermock-reflect/2.0.0/powermock-reflect-2.0.0.jar
  - /home/user/d4j-workspace/JacksonDatabind-73b/target/classes
  - /home/user/d4j-workspace/JacksonDatabind-73b/target/test-classes
[MASTER] 15:56:59.398 [logback-2] ERROR ConcreteClassAnalyzer - Problem for com.fasterxml.jackson.databind.introspect.POJOPropertyBuilder. Class not found: jdk.Exported
[MASTER] 15:56:59.398 [logback-2] ERROR ConcreteClassAnalyzer - Removing class from inheritance tree
[MASTER] 15:56:59.409 [logback-2] ERROR ConcreteClassAnalyzer - Problem for com.fasterxml.jackson.databind.introspect.POJOPropertyBuilder. Class not found: javax.jws.WebService
[MASTER] 15:56:59.409 [logback-2] ERROR ConcreteClassAnalyzer - Removing class from inheritance tree
[MASTER] 15:56:59.412 [logback-2] ERROR ConcreteClassAnalyzer - Problem for com.fasterxml.jackson.databind.introspect.POJOPropertyBuilder. Class not found: javax.jws.HandlerChain
[MASTER] 15:56:59.412 [logback-2] ERROR ConcreteClassAnalyzer - Removing class from inheritance tree
[MASTER] 15:56:59.415 [logback-2] ERROR ConcreteClassAnalyzer - Problem for com.fasterxml.jackson.databind.introspect.POJOPropertyBuilder. Class not found: javax.jws.WebResult
[MASTER] 15:56:59.415 [logback-2] ERROR ConcreteClassAnalyzer - Removing class from inheritance tree
[MASTER] 15:56:59.416 [logback-2] ERROR ConcreteClassAnalyzer - Problem for com.fasterxml.jackson.databind.introspect.POJOPropertyBuilder. Class not found: javax.jws.WebParam
[MASTER] 15:56:59.417 [logback-2] ERROR ConcreteClassAnalyzer - Removing class from inheritance tree
[MASTER] 15:56:59.426 [logback-2] ERROR ConcreteClassAnalyzer - Problem for com.fasterxml.jackson.databind.introspect.POJOPropertyBuilder. Class not found: javax.jws.WebMethod
[MASTER] 15:56:59.426 [logback-2] ERROR ConcreteClassAnalyzer - Removing class from inheritance tree
[MASTER] 15:56:59.431 [logback-2] ERROR ConcreteClassAnalyzer - Problem for com.fasterxml.jackson.databind.introspect.POJOPropertyBuilder. Class not found: javax.jws.Oneway
[MASTER] 15:56:59.431 [logback-2] ERROR ConcreteClassAnalyzer - Removing class from inheritance tree
[MASTER] 15:56:59.469 [logback-2] ERROR ConcreteClassAnalyzer - Problem for com.fasterxml.jackson.databind.introspect.POJOPropertyBuilder. Class not found: javax.jws.soap.InitParam
[MASTER] 15:56:59.469 [logback-2] ERROR ConcreteClassAnalyzer - Removing class from inheritance tree
[MASTER] 15:56:59.472 [logback-2] ERROR ConcreteClassAnalyzer - Problem for com.fasterxml.jackson.databind.introspect.POJOPropertyBuilder. Class not found: javax.jws.soap.SOAPBinding
[MASTER] 15:56:59.472 [logback-2] ERROR ConcreteClassAnalyzer - Removing class from inheritance tree
[MASTER] 15:56:59.495 [logback-2] ERROR ConcreteClassAnalyzer - Problem for com.fasterxml.jackson.databind.introspect.POJOPropertyBuilder. Class not found: javax.jws.soap.SOAPMessageHandler
[MASTER] 15:56:59.495 [logback-2] ERROR ConcreteClassAnalyzer - Removing class from inheritance tree
[MASTER] 15:56:59.495 [logback-2] ERROR ConcreteClassAnalyzer - Problem for com.fasterxml.jackson.databind.introspect.POJOPropertyBuilder. Class not found: javax.jws.soap.SOAPMessageHandlers
[MASTER] 15:56:59.495 [logback-2] ERROR ConcreteClassAnalyzer - Removing class from inheritance tree
[MASTER] 15:56:59.603 [logback-2] ERROR ConcreteClassAnalyzer - Problem for com.fasterxml.jackson.databind.introspect.POJOPropertyBuilder. Class not found: jdk.Exported
[MASTER] 15:56:59.603 [logback-2] ERROR ConcreteClassAnalyzer - Removing class from inheritance tree
[MASTER] 15:56:59.603 [logback-2] ERROR ConcreteClassAnalyzer - Problem for com.fasterxml.jackson.databind.introspect.POJOPropertyBuilder. Class not found: javax.jws.WebService
[MASTER] 15:56:59.603 [logback-2] ERROR ConcreteClassAnalyzer - Removing class from inheritance tree
[MASTER] 15:56:59.603 [logback-2] ERROR ConcreteClassAnalyzer - Problem for com.fasterxml.jackson.databind.introspect.POJOPropertyBuilder. Class not found: javax.jws.HandlerChain
[MASTER] 15:56:59.603 [logback-2] ERROR ConcreteClassAnalyzer - Removing class from inheritance tree
[MASTER] 15:56:59.604 [logback-2] ERROR ConcreteClassAnalyzer - Problem for com.fasterxml.jackson.databind.introspect.POJOPropertyBuilder. Class not found: javax.jws.WebResult
[MASTER] 15:56:59.604 [logback-2] ERROR ConcreteClassAnalyzer - Removing class from inheritance tree
[MASTER] 15:56:59.604 [logback-2] ERROR ConcreteClassAnalyzer - Problem for com.fasterxml.jackson.databind.introspect.POJOPropertyBuilder. Class not found: javax.jws.WebParam
[MASTER] 15:56:59.604 [logback-2] ERROR ConcreteClassAnalyzer - Removing class from inheritance tree
[MASTER] 15:56:59.604 [logback-2] ERROR ConcreteClassAnalyzer - Problem for com.fasterxml.jackson.databind.introspect.POJOPropertyBuilder. Class not found: javax.jws.WebMethod
[MASTER] 15:56:59.604 [logback-2] ERROR ConcreteClassAnalyzer - Removing class from inheritance tree
[MASTER] 15:56:59.605 [logback-2] ERROR ConcreteClassAnalyzer - Problem for com.fasterxml.jackson.databind.introspect.POJOPropertyBuilder. Class not found: javax.jws.Oneway
[MASTER] 15:56:59.605 [logback-2] ERROR ConcreteClassAnalyzer - Removing class from inheritance tree
[MASTER] 15:56:59.605 [logback-2] ERROR ConcreteClassAnalyzer - Problem for com.fasterxml.jackson.databind.introspect.POJOPropertyBuilder. Class not found: javax.jws.soap.InitParam
[MASTER] 15:56:59.605 [logback-2] ERROR ConcreteClassAnalyzer - Removing class from inheritance tree
[MASTER] 15:56:59.605 [logback-2] ERROR ConcreteClassAnalyzer - Problem for com.fasterxml.jackson.databind.introspect.POJOPropertyBuilder. Class not found: javax.jws.soap.SOAPBinding
[MASTER] 15:56:59.605 [logback-2] ERROR ConcreteClassAnalyzer - Removing class from inheritance tree
[MASTER] 15:56:59.606 [logback-2] ERROR ConcreteClassAnalyzer - Problem for com.fasterxml.jackson.databind.introspect.POJOPropertyBuilder. Class not found: javax.jws.soap.SOAPMessageHandler
[MASTER] 15:56:59.606 [logback-2] ERROR ConcreteClassAnalyzer - Removing class from inheritance tree
[MASTER] 15:56:59.606 [logback-2] ERROR ConcreteClassAnalyzer - Problem for com.fasterxml.jackson.databind.introspect.POJOPropertyBuilder. Class not found: javax.jws.soap.SOAPMessageHandlers
[MASTER] 15:56:59.606 [logback-2] ERROR ConcreteClassAnalyzer - Removing class from inheritance tree
[MASTER] 15:56:59.608 [logback-2] ERROR ConcreteClassAnalyzer - Problem for com.fasterxml.jackson.databind.introspect.POJOPropertyBuilder. Class not found: jdk.Exported
[MASTER] 15:56:59.608 [logback-2] ERROR ConcreteClassAnalyzer - Removing class from inheritance tree
[MASTER] 15:56:59.609 [logback-2] ERROR ConcreteClassAnalyzer - Problem for com.fasterxml.jackson.databind.introspect.POJOPropertyBuilder. Class not found: javax.jws.WebService
[MASTER] 15:56:59.609 [logback-2] ERROR ConcreteClassAnalyzer - Removing class from inheritance tree
[MASTER] 15:56:59.609 [logback-2] ERROR ConcreteClassAnalyzer - Problem for com.fasterxml.jackson.databind.introspect.POJOPropertyBuilder. Class not found: javax.jws.HandlerChain
[MASTER] 15:56:59.609 [logback-2] ERROR ConcreteClassAnalyzer - Removing class from inheritance tree
[MASTER] 15:56:59.609 [logback-2] ERROR ConcreteClassAnalyzer - Problem for com.fasterxml.jackson.databind.introspect.POJOPropertyBuilder. Class not found: javax.jws.WebResult
[MASTER] 15:56:59.609 [logback-2] ERROR ConcreteClassAnalyzer - Removing class from inheritance tree
[MASTER] 15:56:59.609 [logback-2] ERROR ConcreteClassAnalyzer - Problem for com.fasterxml.jackson.databind.introspect.POJOPropertyBuilder. Class not found: javax.jws.WebParam
[MASTER] 15:56:59.609 [logback-2] ERROR ConcreteClassAnalyzer - Removing class from inheritance tree
[MASTER] 15:56:59.609 [logback-2] ERROR ConcreteClassAnalyzer - Problem for com.fasterxml.jackson.databind.introspect.POJOPropertyBuilder. Class not found: javax.jws.WebMethod
[MASTER] 15:56:59.609 [logback-2] ERROR ConcreteClassAnalyzer - Removing class from inheritance tree
[MASTER] 15:56:59.609 [logback-2] ERROR ConcreteClassAnalyzer - Problem for com.fasterxml.jackson.databind.introspect.POJOPropertyBuilder. Class not found: javax.jws.Oneway
[MASTER] 15:56:59.609 [logback-2] ERROR ConcreteClassAnalyzer - Removing class from inheritance tree
[MASTER] 15:56:59.609 [logback-2] ERROR ConcreteClassAnalyzer - Problem for com.fasterxml.jackson.databind.introspect.POJOPropertyBuilder. Class not found: javax.jws.soap.InitParam
[MASTER] 15:56:59.610 [logback-2] ERROR ConcreteClassAnalyzer - Removing class from inheritance tree
[MASTER] 15:56:59.610 [logback-2] ERROR ConcreteClassAnalyzer - Problem for com.fasterxml.jackson.databind.introspect.POJOPropertyBuilder. Class not found: javax.jws.soap.SOAPBinding
[MASTER] 15:56:59.610 [logback-2] ERROR ConcreteClassAnalyzer - Removing class from inheritance tree
[MASTER] 15:56:59.610 [logback-2] ERROR ConcreteClassAnalyzer - Problem for com.fasterxml.jackson.databind.introspect.POJOPropertyBuilder. Class not found: javax.jws.soap.SOAPMessageHandler
[MASTER] 15:56:59.610 [logback-2] ERROR ConcreteClassAnalyzer - Removing class from inheritance tree
[MASTER] 15:56:59.610 [logback-2] ERROR ConcreteClassAnalyzer - Problem for com.fasterxml.jackson.databind.introspect.POJOPropertyBuilder. Class not found: javax.jws.soap.SOAPMessageHandlers
[MASTER] 15:56:59.611 [logback-2] ERROR ConcreteClassAnalyzer - Removing class from inheritance tree
[MASTER] 15:56:59.829 [logback-2] ERROR ConcreteClassAnalyzer - Problem for com.fasterxml.jackson.databind.introspect.POJOPropertyBuilder. Class not found: jdk.Exported
[MASTER] 15:56:59.829 [logback-2] ERROR ConcreteClassAnalyzer - Removing class from inheritance tree
[MASTER] 15:56:59.829 [logback-2] ERROR ConcreteClassAnalyzer - Problem for com.fasterxml.jackson.databind.introspect.POJOPropertyBuilder. Class not found: javax.jws.WebService
[MASTER] 15:56:59.829 [logback-2] ERROR ConcreteClassAnalyzer - Removing class from inheritance tree
[MASTER] 15:56:59.829 [logback-2] ERROR ConcreteClassAnalyzer - Problem for com.fasterxml.jackson.databind.introspect.POJOPropertyBuilder. Class not found: javax.jws.HandlerChain
[MASTER] 15:56:59.829 [logback-2] ERROR ConcreteClassAnalyzer - Removing class from inheritance tree
[MASTER] 15:56:59.829 [logback-2] ERROR ConcreteClassAnalyzer - Problem for com.fasterxml.jackson.databind.introspect.POJOPropertyBuilder. Class not found: javax.jws.WebResult
[MASTER] 15:56:59.829 [logback-2] ERROR ConcreteClassAnalyzer - Removing class from inheritance tree
[MASTER] 15:56:59.829 [logback-2] ERROR ConcreteClassAnalyzer - Problem for com.fasterxml.jackson.databind.introspect.POJOPropertyBuilder. Class not found: javax.jws.WebParam
[MASTER] 15:56:59.829 [logback-2] ERROR ConcreteClassAnalyzer - Removing class from inheritance tree
[MASTER] 15:56:59.830 [logback-2] ERROR ConcreteClassAnalyzer - Problem for com.fasterxml.jackson.databind.introspect.POJOPropertyBuilder. Class not found: javax.jws.WebMethod
[MASTER] 15:56:59.830 [logback-2] ERROR ConcreteClassAnalyzer - Removing class from inheritance tree
[MASTER] 15:56:59.830 [logback-2] ERROR ConcreteClassAnalyzer - Problem for com.fasterxml.jackson.databind.introspect.POJOPropertyBuilder. Class not found: javax.jws.Oneway
[MASTER] 15:56:59.830 [logback-2] ERROR ConcreteClassAnalyzer - Removing class from inheritance tree
[MASTER] 15:56:59.830 [logback-2] ERROR ConcreteClassAnalyzer - Problem for com.fasterxml.jackson.databind.introspect.POJOPropertyBuilder. Class not found: javax.jws.soap.InitParam
[MASTER] 15:56:59.830 [logback-2] ERROR ConcreteClassAnalyzer - Removing class from inheritance tree
[MASTER] 15:56:59.830 [logback-2] ERROR ConcreteClassAnalyzer - Problem for com.fasterxml.jackson.databind.introspect.POJOPropertyBuilder. Class not found: javax.jws.soap.SOAPBinding
[MASTER] 15:56:59.830 [logback-2] ERROR ConcreteClassAnalyzer - Removing class from inheritance tree
[MASTER] 15:56:59.831 [logback-2] ERROR ConcreteClassAnalyzer - Problem for com.fasterxml.jackson.databind.introspect.POJOPropertyBuilder. Class not found: javax.jws.soap.SOAPMessageHandler
[MASTER] 15:56:59.831 [logback-2] ERROR ConcreteClassAnalyzer - Removing class from inheritance tree
[MASTER] 15:56:59.831 [logback-2] ERROR ConcreteClassAnalyzer - Problem for com.fasterxml.jackson.databind.introspect.POJOPropertyBuilder. Class not found: javax.jws.soap.SOAPMessageHandlers
[MASTER] 15:56:59.831 [logback-2] ERROR ConcreteClassAnalyzer - Removing class from inheritance tree
[MASTER] 15:56:59.851 [logback-2] ERROR ConcreteClassAnalyzer - Problem for com.fasterxml.jackson.databind.introspect.POJOPropertyBuilder. Class not found: jdk.Exported
[MASTER] 15:56:59.851 [logback-2] ERROR ConcreteClassAnalyzer - Removing class from inheritance tree
[MASTER] 15:56:59.852 [logback-2] ERROR ConcreteClassAnalyzer - Problem for com.fasterxml.jackson.databind.introspect.POJOPropertyBuilder. Class not found: javax.jws.WebService
[MASTER] 15:56:59.852 [logback-2] ERROR ConcreteClassAnalyzer - Removing class from inheritance tree
[MASTER] 15:56:59.852 [logback-2] ERROR ConcreteClassAnalyzer - Problem for com.fasterxml.jackson.databind.introspect.POJOPropertyBuilder. Class not found: javax.jws.HandlerChain
[MASTER] 15:56:59.852 [logback-2] ERROR ConcreteClassAnalyzer - Removing class from inheritance tree
[MASTER] 15:56:59.852 [logback-2] ERROR ConcreteClassAnalyzer - Problem for com.fasterxml.jackson.databind.introspect.POJOPropertyBuilder. Class not found: javax.jws.WebResult
[MASTER] 15:56:59.852 [logback-2] ERROR ConcreteClassAnalyzer - Removing class from inheritance tree
[MASTER] 15:56:59.852 [logback-2] ERROR ConcreteClassAnalyzer - Problem for com.fasterxml.jackson.databind.introspect.POJOPropertyBuilder. Class not found: javax.jws.WebParam
[MASTER] 15:56:59.852 [logback-2] ERROR ConcreteClassAnalyzer - Removing class from inheritance tree
[MASTER] 15:56:59.853 [logback-2] ERROR ConcreteClassAnalyzer - Problem for com.fasterxml.jackson.databind.introspect.POJOPropertyBuilder. Class not found: javax.jws.WebMethod
[MASTER] 15:56:59.853 [logback-2] ERROR ConcreteClassAnalyzer - Removing class from inheritance tree
[MASTER] 15:56:59.853 [logback-2] ERROR ConcreteClassAnalyzer - Problem for com.fasterxml.jackson.databind.introspect.POJOPropertyBuilder. Class not found: javax.jws.Oneway
[MASTER] 15:56:59.853 [logback-2] ERROR ConcreteClassAnalyzer - Removing class from inheritance tree
[MASTER] 15:56:59.853 [logback-2] ERROR ConcreteClassAnalyzer - Problem for com.fasterxml.jackson.databind.introspect.POJOPropertyBuilder. Class not found: javax.jws.soap.InitParam
[MASTER] 15:56:59.853 [logback-2] ERROR ConcreteClassAnalyzer - Removing class from inheritance tree
[MASTER] 15:56:59.853 [logback-2] ERROR ConcreteClassAnalyzer - Problem for com.fasterxml.jackson.databind.introspect.POJOPropertyBuilder. Class not found: javax.jws.soap.SOAPBinding
[MASTER] 15:56:59.853 [logback-2] ERROR ConcreteClassAnalyzer - Removing class from inheritance tree
[MASTER] 15:56:59.854 [logback-2] ERROR ConcreteClassAnalyzer - Problem for com.fasterxml.jackson.databind.introspect.POJOPropertyBuilder. Class not found: javax.jws.soap.SOAPMessageHandler
[MASTER] 15:56:59.854 [logback-2] ERROR ConcreteClassAnalyzer - Removing class from inheritance tree
[MASTER] 15:56:59.854 [logback-2] ERROR ConcreteClassAnalyzer - Problem for com.fasterxml.jackson.databind.introspect.POJOPropertyBuilder. Class not found: javax.jws.soap.SOAPMessageHandlers
[MASTER] 15:56:59.854 [logback-2] ERROR ConcreteClassAnalyzer - Removing class from inheritance tree
[MASTER] 15:56:59.856 [logback-2] ERROR ConcreteClassAnalyzer - Problem for com.fasterxml.jackson.databind.introspect.POJOPropertyBuilder. Class not found: jdk.Exported
[MASTER] 15:56:59.856 [logback-2] ERROR ConcreteClassAnalyzer - Removing class from inheritance tree
[MASTER] 15:56:59.856 [logback-2] ERROR ConcreteClassAnalyzer - Problem for com.fasterxml.jackson.databind.introspect.POJOPropertyBuilder. Class not found: javax.jws.WebService
[MASTER] 15:56:59.856 [logback-2] ERROR ConcreteClassAnalyzer - Removing class from inheritance tree
[MASTER] 15:56:59.856 [logback-2] ERROR ConcreteClassAnalyzer - Problem for com.fasterxml.jackson.databind.introspect.POJOPropertyBuilder. Class not found: javax.jws.HandlerChain
[MASTER] 15:56:59.856 [logback-2] ERROR ConcreteClassAnalyzer - Removing class from inheritance tree
[MASTER] 15:56:59.857 [logback-2] ERROR ConcreteClassAnalyzer - Problem for com.fasterxml.jackson.databind.introspect.POJOPropertyBuilder. Class not found: javax.jws.WebResult
[MASTER] 15:56:59.857 [logback-2] ERROR ConcreteClassAnalyzer - Removing class from inheritance tree
[MASTER] 15:56:59.857 [logback-2] ERROR ConcreteClassAnalyzer - Problem for com.fasterxml.jackson.databind.introspect.POJOPropertyBuilder. Class not found: javax.jws.WebParam
[MASTER] 15:56:59.857 [logback-2] ERROR ConcreteClassAnalyzer - Removing class from inheritance tree
[MASTER] 15:56:59.857 [logback-2] ERROR ConcreteClassAnalyzer - Problem for com.fasterxml.jackson.databind.introspect.POJOPropertyBuilder. Class not found: javax.jws.WebMethod
[MASTER] 15:56:59.857 [logback-2] ERROR ConcreteClassAnalyzer - Removing class from inheritance tree
[MASTER] 15:56:59.857 [logback-2] ERROR ConcreteClassAnalyzer - Problem for com.fasterxml.jackson.databind.introspect.POJOPropertyBuilder. Class not found: javax.jws.Oneway
[MASTER] 15:56:59.857 [logback-2] ERROR ConcreteClassAnalyzer - Removing class from inheritance tree
[MASTER] 15:56:59.858 [logback-2] ERROR ConcreteClassAnalyzer - Problem for com.fasterxml.jackson.databind.introspect.POJOPropertyBuilder. Class not found: javax.jws.soap.InitParam
[MASTER] 15:56:59.858 [logback-2] ERROR ConcreteClassAnalyzer - Removing class from inheritance tree
[MASTER] 15:56:59.858 [logback-2] ERROR ConcreteClassAnalyzer - Problem for com.fasterxml.jackson.databind.introspect.POJOPropertyBuilder. Class not found: javax.jws.soap.SOAPBinding
[MASTER] 15:56:59.858 [logback-2] ERROR ConcreteClassAnalyzer - Removing class from inheritance tree
[MASTER] 15:56:59.858 [logback-2] ERROR ConcreteClassAnalyzer - Problem for com.fasterxml.jackson.databind.introspect.POJOPropertyBuilder. Class not found: javax.jws.soap.SOAPMessageHandler
[MASTER] 15:56:59.858 [logback-2] ERROR ConcreteClassAnalyzer - Removing class from inheritance tree
[MASTER] 15:56:59.858 [logback-2] ERROR ConcreteClassAnalyzer - Problem for com.fasterxml.jackson.databind.introspect.POJOPropertyBuilder. Class not found: javax.jws.soap.SOAPMessageHandlers
[MASTER] 15:56:59.858 [logback-2] ERROR ConcreteClassAnalyzer - Removing class from inheritance tree
[MASTER] 15:56:59.875 [logback-2] ERROR ConcreteClassAnalyzer - Problem for com.fasterxml.jackson.databind.introspect.POJOPropertyBuilder. Class not found: jdk.Exported
[MASTER] 15:56:59.875 [logback-2] ERROR ConcreteClassAnalyzer - Removing class from inheritance tree
[MASTER] 15:56:59.875 [logback-2] ERROR ConcreteClassAnalyzer - Problem for com.fasterxml.jackson.databind.introspect.POJOPropertyBuilder. Class not found: javax.jws.WebService
[MASTER] 15:56:59.875 [logback-2] ERROR ConcreteClassAnalyzer - Removing class from inheritance tree
[MASTER] 15:56:59.875 [logback-2] ERROR ConcreteClassAnalyzer - Problem for com.fasterxml.jackson.databind.introspect.POJOPropertyBuilder. Class not found: javax.jws.HandlerChain
[MASTER] 15:56:59.875 [logback-2] ERROR ConcreteClassAnalyzer - Removing class from inheritance tree
[MASTER] 15:56:59.875 [logback-2] ERROR ConcreteClassAnalyzer - Problem for com.fasterxml.jackson.databind.introspect.POJOPropertyBuilder. Class not found: javax.jws.WebResult
[MASTER] 15:56:59.875 [logback-2] ERROR ConcreteClassAnalyzer - Removing class from inheritance tree
[MASTER] 15:56:59.875 [logback-2] ERROR ConcreteClassAnalyzer - Problem for com.fasterxml.jackson.databind.introspect.POJOPropertyBuilder. Class not found: javax.jws.WebParam
[MASTER] 15:56:59.875 [logback-2] ERROR ConcreteClassAnalyzer - Removing class from inheritance tree
[MASTER] 15:56:59.876 [logback-2] ERROR ConcreteClassAnalyzer - Problem for com.fasterxml.jackson.databind.introspect.POJOPropertyBuilder. Class not found: javax.jws.WebMethod
[MASTER] 15:56:59.876 [logback-2] ERROR ConcreteClassAnalyzer - Removing class from inheritance tree
[MASTER] 15:56:59.876 [logback-2] ERROR ConcreteClassAnalyzer - Problem for com.fasterxml.jackson.databind.introspect.POJOPropertyBuilder. Class not found: javax.jws.Oneway
[MASTER] 15:56:59.876 [logback-2] ERROR ConcreteClassAnalyzer - Removing class from inheritance tree
[MASTER] 15:56:59.877 [logback-2] ERROR ConcreteClassAnalyzer - Problem for com.fasterxml.jackson.databind.introspect.POJOPropertyBuilder. Class not found: javax.jws.soap.InitParam
[MASTER] 15:56:59.877 [logback-2] ERROR ConcreteClassAnalyzer - Removing class from inheritance tree
[MASTER] 15:56:59.877 [logback-2] ERROR ConcreteClassAnalyzer - Problem for com.fasterxml.jackson.databind.introspect.POJOPropertyBuilder. Class not found: javax.jws.soap.SOAPBinding
[MASTER] 15:56:59.877 [logback-2] ERROR ConcreteClassAnalyzer - Removing class from inheritance tree
[MASTER] 15:56:59.878 [logback-2] ERROR ConcreteClassAnalyzer - Problem for com.fasterxml.jackson.databind.introspect.POJOPropertyBuilder. Class not found: javax.jws.soap.SOAPMessageHandler
[MASTER] 15:56:59.878 [logback-2] ERROR ConcreteClassAnalyzer - Removing class from inheritance tree
[MASTER] 15:56:59.878 [logback-2] ERROR ConcreteClassAnalyzer - Problem for com.fasterxml.jackson.databind.introspect.POJOPropertyBuilder. Class not found: javax.jws.soap.SOAPMessageHandlers
[MASTER] 15:56:59.878 [logback-2] ERROR ConcreteClassAnalyzer - Removing class from inheritance tree
[MASTER] 15:56:59.880 [logback-2] ERROR ConcreteClassAnalyzer - Problem for com.fasterxml.jackson.databind.introspect.POJOPropertyBuilder. Class not found: jdk.Exported
[MASTER] 15:56:59.880 [logback-2] ERROR ConcreteClassAnalyzer - Removing class from inheritance tree
[MASTER] 15:56:59.880 [logback-2] ERROR ConcreteClassAnalyzer - Problem for com.fasterxml.jackson.databind.introspect.POJOPropertyBuilder. Class not found: javax.jws.WebService
[MASTER] 15:56:59.881 [logback-2] ERROR ConcreteClassAnalyzer - Removing class from inheritance tree
[MASTER] 15:56:59.882 [logback-2] ERROR ConcreteClassAnalyzer - Problem for com.fasterxml.jackson.databind.introspect.POJOPropertyBuilder. Class not found: javax.jws.HandlerChain
[MASTER] 15:56:59.882 [logback-2] ERROR ConcreteClassAnalyzer - Removing class from inheritance tree
[MASTER] 15:56:59.882 [logback-2] ERROR ConcreteClassAnalyzer - Problem for com.fasterxml.jackson.databind.introspect.POJOPropertyBuilder. Class not found: javax.jws.WebResult
[MASTER] 15:56:59.882 [logback-2] ERROR ConcreteClassAnalyzer - Removing class from inheritance tree
[MASTER] 15:56:59.882 [logback-2] ERROR ConcreteClassAnalyzer - Problem for com.fasterxml.jackson.databind.introspect.POJOPropertyBuilder. Class not found: javax.jws.WebParam
[MASTER] 15:56:59.882 [logback-2] ERROR ConcreteClassAnalyzer - Removing class from inheritance tree
[MASTER] 15:56:59.882 [logback-2] ERROR ConcreteClassAnalyzer - Problem for com.fasterxml.jackson.databind.introspect.POJOPropertyBuilder. Class not found: javax.jws.WebMethod
[MASTER] 15:56:59.882 [logback-2] ERROR ConcreteClassAnalyzer - Removing class from inheritance tree
[MASTER] 15:56:59.882 [logback-2] ERROR ConcreteClassAnalyzer - Problem for com.fasterxml.jackson.databind.introspect.POJOPropertyBuilder. Class not found: javax.jws.Oneway
[MASTER] 15:56:59.882 [logback-2] ERROR ConcreteClassAnalyzer - Removing class from inheritance tree
[MASTER] 15:56:59.882 [logback-2] ERROR ConcreteClassAnalyzer - Problem for com.fasterxml.jackson.databind.introspect.POJOPropertyBuilder. Class not found: javax.jws.soap.InitParam
[MASTER] 15:56:59.883 [logback-2] ERROR ConcreteClassAnalyzer - Removing class from inheritance tree
[MASTER] 15:56:59.883 [logback-2] ERROR ConcreteClassAnalyzer - Problem for com.fasterxml.jackson.databind.introspect.POJOPropertyBuilder. Class not found: javax.jws.soap.SOAPBinding
[MASTER] 15:56:59.883 [logback-2] ERROR ConcreteClassAnalyzer - Removing class from inheritance tree
[MASTER] 15:56:59.883 [logback-2] ERROR ConcreteClassAnalyzer - Problem for com.fasterxml.jackson.databind.introspect.POJOPropertyBuilder. Class not found: javax.jws.soap.SOAPMessageHandler
[MASTER] 15:56:59.883 [logback-2] ERROR ConcreteClassAnalyzer - Removing class from inheritance tree
[MASTER] 15:56:59.883 [logback-2] ERROR ConcreteClassAnalyzer - Problem for com.fasterxml.jackson.databind.introspect.POJOPropertyBuilder. Class not found: javax.jws.soap.SOAPMessageHandlers
[MASTER] 15:56:59.883 [logback-2] ERROR ConcreteClassAnalyzer - Removing class from inheritance tree
[MASTER] 15:56:59.885 [logback-2] ERROR ConcreteClassAnalyzer - Problem for com.fasterxml.jackson.databind.introspect.POJOPropertyBuilder. Class not found: jdk.Exported
[MASTER] 15:56:59.885 [logback-2] ERROR ConcreteClassAnalyzer - Removing class from inheritance tree
[MASTER] 15:56:59.885 [logback-2] ERROR ConcreteClassAnalyzer - Problem for com.fasterxml.jackson.databind.introspect.POJOPropertyBuilder. Class not found: javax.jws.WebService
[MASTER] 15:56:59.885 [logback-2] ERROR ConcreteClassAnalyzer - Removing class from inheritance tree
[MASTER] 15:56:59.886 [logback-2] ERROR ConcreteClassAnalyzer - Problem for com.fasterxml.jackson.databind.introspect.POJOPropertyBuilder. Class not found: javax.jws.HandlerChain
[MASTER] 15:56:59.886 [logback-2] ERROR ConcreteClassAnalyzer - Removing class from inheritance tree
[MASTER] 15:56:59.886 [logback-2] ERROR ConcreteClassAnalyzer - Problem for com.fasterxml.jackson.databind.introspect.POJOPropertyBuilder. Class not found: javax.jws.WebResult
[MASTER] 15:56:59.886 [logback-2] ERROR ConcreteClassAnalyzer - Removing class from inheritance tree
[MASTER] 15:56:59.886 [logback-2] ERROR ConcreteClassAnalyzer - Problem for com.fasterxml.jackson.databind.introspect.POJOPropertyBuilder. Class not found: javax.jws.WebParam
[MASTER] 15:56:59.886 [logback-2] ERROR ConcreteClassAnalyzer - Removing class from inheritance tree
[MASTER] 15:56:59.886 [logback-2] ERROR ConcreteClassAnalyzer - Problem for com.fasterxml.jackson.databind.introspect.POJOPropertyBuilder. Class not found: javax.jws.WebMethod
[MASTER] 15:56:59.886 [logback-2] ERROR ConcreteClassAnalyzer - Removing class from inheritance tree
[MASTER] 15:56:59.886 [logback-2] ERROR ConcreteClassAnalyzer - Problem for com.fasterxml.jackson.databind.introspect.POJOPropertyBuilder. Class not found: javax.jws.Oneway
[MASTER] 15:56:59.886 [logback-2] ERROR ConcreteClassAnalyzer - Removing class from inheritance tree
[MASTER] 15:56:59.887 [logback-2] ERROR ConcreteClassAnalyzer - Problem for com.fasterxml.jackson.databind.introspect.POJOPropertyBuilder. Class not found: javax.jws.soap.InitParam
[MASTER] 15:56:59.887 [logback-2] ERROR ConcreteClassAnalyzer - Removing class from inheritance tree
[MASTER] 15:56:59.887 [logback-2] ERROR ConcreteClassAnalyzer - Problem for com.fasterxml.jackson.databind.introspect.POJOPropertyBuilder. Class not found: javax.jws.soap.SOAPBinding
[MASTER] 15:56:59.887 [logback-2] ERROR ConcreteClassAnalyzer - Removing class from inheritance tree
[MASTER] 15:56:59.888 [logback-2] ERROR ConcreteClassAnalyzer - Problem for com.fasterxml.jackson.databind.introspect.POJOPropertyBuilder. Class not found: javax.jws.soap.SOAPMessageHandler
[MASTER] 15:56:59.888 [logback-2] ERROR ConcreteClassAnalyzer - Removing class from inheritance tree
[MASTER] 15:56:59.888 [logback-2] ERROR ConcreteClassAnalyzer - Problem for com.fasterxml.jackson.databind.introspect.POJOPropertyBuilder. Class not found: javax.jws.soap.SOAPMessageHandlers
[MASTER] 15:56:59.888 [logback-2] ERROR ConcreteClassAnalyzer - Removing class from inheritance tree
[MASTER] 15:57:00.082 [logback-1] WARN  InheritanceTree - Class not in inheritance graph: java.util.Locale$IsoCountryCode
[MASTER] 15:57:00.277 [logback-1] WARN  InheritanceTree - Class not in inheritance graph: java.io.ObjectInputFilter
[MASTER] 15:57:00.548 [logback-1] WARN  InheritanceTree - Class not in inheritance graph: java.lang.module.ModuleFinder
* Finished analyzing classpath
* Generating tests for class com.fasterxml.jackson.databind.introspect.POJOPropertyBuilder
* Test criteria:
  - Line Coverage
  - Branch Coverage
  - Exception
  - Mutation testing (weak)
  - Method-Output Coverage
  - Top-Level Method Coverage
  - No-Exception Top-Level Method Coverage
  - Context Branch Coverage
* Setting up search algorithm for whole suite generation
========== CUSTOM GWO INITIALIZED ==========
* Total number of test goals: 
  - Line 471
  - Branch 418
  - Exception 0
  - MutationFactory 430
  - Output 188
  - Method 71
  - MethodNoException 71
  - CBranchFitnessFactory 418
* Using seed 1789981017106
* Starting evolution
[Progress:>                             0%] [Cov:>                                  0%][MASTER] 15:57:02.238 [logback-1] WARN  TestCluster - Failed to check cache for java.util.LinkedHashMap<K, V> : Type points to itself
[MASTER] 15:57:02.520 [logback-1] WARN  TestCluster - Failed to check cache for java.util.Stack<E> : Type points to itself
[Progress:>                             3%] [Cov:>                                  0%][Progress:>                             3%] [Cov:====>                              13%][Progress:>                             3%] [Cov:====>                              14%][Progress:>                             3%] [Cov:=====>                             15%][Progress:>                             3%] [Cov:=====>                             16%][MASTER] 15:57:05.335 [logback-1] WARN  TestCluster - Failed to check cache for com.fasterxml.jackson.annotation.ObjectIdGenerator<T> : Type points to itself
[MASTER] 15:57:05.520 [logback-1] WARN  TestCluster - Failed to check cache for com.fasterxml.jackson.databind.JsonDeserializer<T> : Type points to itself
[Progress:>                             3%] [Cov:=====>                             17%][MASTER] 15:57:05.657 [logback-1] WARN  TestCluster - Failed to check cache for java.util.Comparator<T> : Type points to itself
[MASTER] 15:57:05.712 [logback-1] WARN  ClientNodeImpl - Cannot send statistics to master; continuing without statistics
java.rmi.ServerError: Error occurred in server thread; nested exception is: 
	java.lang.NoClassDefFoundError: com/fasterxml/jackson/databind/AnnotationIntrospector
	at java.rmi/sun.rmi.server.UnicastServerRef.dispatch(UnicastServerRef.java:388)
	at java.rmi/sun.rmi.transport.Transport$1.run(Transport.java:200)
	at java.rmi/sun.rmi.transport.Transport$1.run(Transport.java:197)
	at java.base/java.security.AccessController.doPrivileged(Native Method)
	at java.rmi/sun.rmi.transport.Transport.serviceCall(Transport.java:196)
	at java.rmi/sun.rmi.transport.tcp.TCPTransport.handleMessages(TCPTransport.java:562)
	at java.rmi/sun.rmi.transport.tcp.TCPTransport$ConnectionHandler.run0(TCPTransport.java:796)
	at java.rmi/sun.rmi.transport.tcp.TCPTransport$ConnectionHandler.lambda$run$0(TCPTransport.java:677)
	at java.base/java.security.AccessController.doPrivileged(Native Method)
	at java.rmi/sun.rmi.transport.tcp.TCPTransport$ConnectionHandler.run(TCPTransport.java:676)
	at java.base/java.util.concurrent.ThreadPoolExecutor.runWorker(ThreadPoolExecutor.java:1128)
	at java.base/java.util.concurrent.ThreadPoolExecutor$Worker.run(ThreadPoolExecutor.java:628)
	at java.base/java.lang.Thread.run(Thread.java:829)
	at java.rmi/sun.rmi.transport.StreamRemoteCall.exceptionReceivedFromServer(StreamRemoteCall.java:303)
	at java.rmi/sun.rmi.transport.StreamRemoteCall.executeCall(StreamRemoteCall.java:279)
	at java.rmi/sun.rmi.server.UnicastRef.invoke(UnicastRef.java:164)
	at java.rmi/java.rmi.server.RemoteObjectInvocationHandler.invokeRemoteMethod(RemoteObjectInvocationHandler.java:217)
	at java.rmi/java.rmi.server.RemoteObjectInvocationHandler.invoke(RemoteObjectInvocationHandler.java:162)
	at com.sun.proxy.$Proxy7.evosuite_collectStatistics(Unknown Source)
	at org.evosuite.rmi.service.ClientNodeImpl.updateStatistics(ClientNodeImpl.java:251)
	at org.evosuite.statistics.StatisticsSender.sendIndividualToMaster(StatisticsSender.java:62)
	at org.evosuite.statistics.StatisticsListener.lambda$new$0(StatisticsListener.java:76)
	at java.base/java.lang.Thread.run(Thread.java:829)
Caused by: java.lang.NoClassDefFoundError: com/fasterxml/jackson/databind/AnnotationIntrospector
	at java.base/java.lang.Class.getDeclaringClass0(Native Method)
	at java.base/java.lang.Class.getEnclosingClass(Class.java:1517)
	at org.evosuite.utils.generic.GenericClassUtils.isMissingTypeParameters(GenericClassUtils.java:74)
	at org.evosuite.utils.generic.GenericClassImpl.addTypeParameters(GenericClassImpl.java:63)
	at org.evosuite.utils.generic.GenericClassImpl.readObject(GenericClassImpl.java:1685)
	at java.base/jdk.internal.reflect.NativeMethodAccessorImpl.invoke0(Native Method)
	at java.base/jdk.internal.reflect.NativeMethodAccessorImpl.invoke(NativeMethodAccessorImpl.java:62)
	at java.base/jdk.internal.reflect.DelegatingMethodAccessorImpl.invoke(DelegatingMethodAccessorImpl.java:43)
	at java.base/java.lang.reflect.Method.invoke(Method.java:566)
	at java.base/java.io.ObjectStreamClass.invokeReadObject(ObjectStreamClass.java:1046)
	at java.base/java.io.ObjectInputStream.readSerialData(ObjectInputStream.java:2357)
	at java.base/java.io.ObjectInputStream.readOrdinaryObject(ObjectInputStream.java:2228)
	at java.base/java.io.ObjectInputStream.readObject0(ObjectInputStream.java:1687)
	at java.base/java.io.ObjectInputStream.defaultReadFields(ObjectInputStream.java:2496)
	at java.base/java.io.ObjectInputStream.readSerialData(ObjectInputStream.java:2390)
	at java.base/java.io.ObjectInputStream.readOrdinaryObject(ObjectInputStream.java:2228)
	at java.base/java.io.ObjectInputStream.readObject0(ObjectInputStream.java:1687)
	at java.base/java.io.ObjectInputStream.defaultReadFields(ObjectInputStream.java:2496)
	at java.base/java.io.ObjectInputStream.readSerialData(ObjectInputStream.java:2390)
	at java.base/java.io.ObjectInputStream.readOrdinaryObject(ObjectInputStream.java:2228)
	at java.base/java.io.ObjectInputStream.readObject0(ObjectInputStream.java:1687)
	at java.base/java.io.ObjectInputStream.skipCustomData(ObjectInputStream.java:2451)
	at java.base/java.io.ObjectInputStream.readSerialData(ObjectInputStream.java:2400)
	at java.base/java.io.ObjectInputStream.readOrdinaryObject(ObjectInputStream.java:2228)
	at java.base/java.io.ObjectInputStream.readObject0(ObjectInputStream.java:1687)
	at java.base/java.io.ObjectInputStream.defaultReadFields(ObjectInputStream.java:2496)
	at java.base/java.io.ObjectInputStream.readSerialData(ObjectInputStream.java:2390)
	at java.base/java.io.ObjectInputStream.readOrdinaryObject(ObjectInputStream.java:2228)
	at java.base/java.io.ObjectInputStream.readObject0(ObjectInputStream.java:1687)
	at java.base/java.io.ObjectInputStream.defaultReadFields(ObjectInputStream.java:2496)
	at java.base/java.io.ObjectInputStream.defaultReadObject(ObjectInputStream.java:625)
	at org.evosuite.testcase.DefaultTestCase.readObject(DefaultTestCase.java:1217)
	at java.base/jdk.internal.reflect.NativeMethodAccessorImpl.invoke0(Native Method)
	at java.base/jdk.internal.reflect.NativeMethodAccessorImpl.invoke(NativeMethodAccessorImpl.java:62)
	at java.base/jdk.internal.reflect.DelegatingMethodAccessorImpl.invoke(DelegatingMethodAccessorImpl.java:43)
	at java.base/java.lang.reflect.Method.invoke(Method.java:566)
	at java.base/java.io.ObjectStreamClass.invokeReadObject(ObjectStreamClass.java:1046)
	at java.base/java.io.ObjectInputStream.readSerialData(ObjectInputStream.java:2357)
	at java.base/java.io.ObjectInputStream.readOrdinaryObject(ObjectInputStream.java:2228)
	at java.base/java.io.ObjectInputStream.readObject0(ObjectInputStream.java:1687)
	at java.base/java.io.ObjectInputStream.defaultReadFields(ObjectInputStream.java:2496)
	at java.base/java.io.ObjectInputStream.readSerialData(ObjectInputStream.java:2390)
	at java.base/java.io.ObjectInputStream.readOrdinaryObject(ObjectInputStream.java:2228)
	at java.base/java.io.ObjectInputStream.readObject0(ObjectInputStream.java:1687)
	at java.base/java.io.ObjectInputStream.readObject(ObjectInputStream.java:489)
	at java.base/java.io.ObjectInputStream.readObject(ObjectInputStream.java:447)
	at java.base/java.util.ArrayList.readObject(ArrayList.java:929)
	at java.base/jdk.internal.reflect.GeneratedMethodAccessor7.invoke(Unknown Source)
	at java.base/jdk.internal.reflect.DelegatingMethodAccessorImpl.invoke(DelegatingMethodAccessorImpl.java:43)
	at java.base/java.lang.reflect.Method.invoke(Method.java:566)
	at java.base/java.io.ObjectStreamClass.invokeReadObject(ObjectStreamClass.java:1046)
	at java.base/java.io.ObjectInputStream.readSerialData(ObjectInputStream.java:2357)
	at java.base/java.io.ObjectInputStream.readOrdinaryObject(ObjectInputStream.java:2228)
	at java.base/java.io.ObjectInputStream.readObject0(ObjectInputStream.java:1687)
	at java.base/java.io.ObjectInputStream.defaultReadFields(ObjectInputStream.java:2496)
	at java.base/java.io.ObjectInputStream.readSerialData(ObjectInputStream.java:2390)
	at java.base/java.io.ObjectInputStream.readOrdinaryObject(ObjectInputStream.java:2228)
	at java.base/java.io.ObjectInputStream.readObject0(ObjectInputStream.java:1687)
	at java.base/java.io.ObjectInputStream.readObject(ObjectInputStream.java:489)
	at java.base/java.io.ObjectInputStream.readObject(ObjectInputStream.java:447)
	at java.rmi/sun.rmi.server.UnicastRef.unmarshalValue(UnicastRef.java:327)
	at java.rmi/sun.rmi.server.UnicastServerRef.dispatch(UnicastServerRef.java:339)
	at java.rmi/sun.rmi.transport.Transport$1.run(Transport.java:200)
	at java.rmi/sun.rmi.transport.Transport$1.run(Transport.java:197)
	at java.base/java.security.AccessController.doPrivileged(Native Method)
	at java.rmi/sun.rmi.transport.Transport.serviceCall(Transport.java:196)
	at java.rmi/sun.rmi.transport.tcp.TCPTransport.handleMessages(TCPTransport.java:562)
	at java.rmi/sun.rmi.transport.tcp.TCPTransport$ConnectionHandler.run0(TCPTransport.java:796)
	at java.rmi/sun.rmi.transport.tcp.TCPTransport$ConnectionHandler.lambda$run$0(TCPTransport.java:677)
	at java.base/java.security.AccessController.doPrivileged(Native Method)
	at java.rmi/sun.rmi.transport.tcp.TCPTransport$ConnectionHandler.run(TCPTransport.java:676)
	at java.base/java.util.concurrent.ThreadPoolExecutor.runWorker(ThreadPoolExecutor.java:1128)
	at java.base/java.util.concurrent.ThreadPoolExecutor$Worker.run(ThreadPoolExecutor.java:628)
	... 1 common frames omitted
Caused by: java.lang.ClassNotFoundException: Class not found: com/fasterxml/jackson/databind/type/MapLikeType: java.lang.NullPointerException: Class not found com/fasterxml/jackson/databind/type/MapLikeType
	at org.evosuite.instrumentation.InstrumentingClassLoader.instrumentClass(InstrumentingClassLoader.java:158)
	at org.evosuite.instrumentation.InstrumentingClassLoader.loadClass(InstrumentingClassLoader.java:126)
	... 74 common frames omitted
Caused by: java.lang.RuntimeException: Class not found: com/fasterxml/jackson/databind/type/MapLikeType: java.lang.NullPointerException: Class not found com/fasterxml/jackson/databind/type/MapLikeType
	at org.evosuite.runtime.util.ComputeClassWriter.getCommonSuperClass(ComputeClassWriter.java:56)
	at org.evosuite.shaded.org.objectweb.asm.SymbolTable.addMergedType(SymbolTable.java:1202)
	at org.evosuite.shaded.org.objectweb.asm.Frame.merge(Frame.java:1299)
	at org.evosuite.shaded.org.objectweb.asm.Frame.merge(Frame.java:1197)
	at org.evosuite.shaded.org.objectweb.asm.MethodWriter.computeAllFrames(MethodWriter.java:1610)
	at org.evosuite.shaded.org.objectweb.asm.MethodWriter.visitMaxs(MethodWriter.java:1546)
	at org.evosuite.shaded.org.objectweb.asm.MethodVisitor.visitMaxs(MethodVisitor.java:773)
	at org.evosuite.shaded.org.objectweb.asm.MethodVisitor.visitMaxs(MethodVisitor.java:773)
	at org.evosuite.shaded.org.objectweb.asm.MethodVisitor.visitMaxs(MethodVisitor.java:773)
	at org.evosuite.runtime.instrumentation.LoopCounterMethodAdapter.visitMaxs(LoopCounterMethodAdapter.java:48)
	at org.evosuite.shaded.org.objectweb.asm.tree.MethodNode.accept(MethodNode.java:769)
	at org.evosuite.shaded.org.objectweb.asm.commons.JSRInlinerAdapter.visitEnd(JSRInlinerAdapter.java:158)
	at org.evosuite.shaded.org.objectweb.asm.MethodVisitor.visitEnd(MethodVisitor.java:783)
	at org.evosuite.shaded.org.objectweb.asm.MethodVisitor.visitEnd(MethodVisitor.java:783)
	at org.evosuite.shaded.org.objectweb.asm.MethodVisitor.visitEnd(MethodVisitor.java:783)
	at org.evosuite.shaded.org.objectweb.asm.tree.MethodNode.accept(MethodNode.java:772)
	at org.evosuite.shaded.org.objectweb.asm.tree.MethodNode.accept(MethodNode.java:649)
	at org.evosuite.shaded.org.objectweb.asm.tree.ClassNode.accept(ClassNode.java:452)
	at org.evosuite.instrumentation.BytecodeInstrumentation.transformBytes(BytecodeInstrumentation.java:282)
	at org.evosuite.instrumentation.InstrumentingClassLoader.getTransformedBytes(InstrumentingClassLoader.java:135)
	at org.evosuite.instrumentation.InstrumentingClassLoader.instrumentClass(InstrumentingClassLoader.java:149)
	... 75 common frames omitted
Caused by: java.lang.NullPointerException: Class not found com/fasterxml/jackson/databind/type/MapLikeType
	at org.evosuite.runtime.util.ComputeClassWriter.typeInfo(ComputeClassWriter.java:179)
	at org.evosuite.runtime.util.ComputeClassWriter.getCommonSuperClass(ComputeClassWriter.java:53)
	... 95 common frames omitted
[MASTER] 15:57:05.831 [logback-1] WARN  ClientNodeImpl - Cannot send statistics to master; continuing without statistics
java.rmi.ServerError: Error occurred in server thread; nested exception is: 
	java.lang.NoClassDefFoundError: com/fasterxml/jackson/databind/DeserializationContext
	at java.rmi/sun.rmi.server.UnicastServerRef.dispatch(UnicastServerRef.java:388)
	at java.rmi/sun.rmi.transport.Transport$1.run(Transport.java:200)
	at java.rmi/sun.rmi.transport.Transport$1.run(Transport.java:197)
	at java.base/java.security.AccessController.doPrivileged(Native Method)
	at java.rmi/sun.rmi.transport.Transport.serviceCall(Transport.java:196)
	at java.rmi/sun.rmi.transport.tcp.TCPTransport.handleMessages(TCPTransport.java:562)
	at java.rmi/sun.rmi.transport.tcp.TCPTransport$ConnectionHandler.run0(TCPTransport.java:796)
	at java.rmi/sun.rmi.transport.tcp.TCPTransport$ConnectionHandler.lambda$run$0(TCPTransport.java:677)
	at java.base/java.security.AccessController.doPrivileged(Native Method)
	at java.rmi/sun.rmi.transport.tcp.TCPTransport$ConnectionHandler.run(TCPTransport.java:676)
	at java.base/java.util.concurrent.ThreadPoolExecutor.runWorker(ThreadPoolExecutor.java:1128)
	at java.base/java.util.concurrent.ThreadPoolExecutor$Worker.run(ThreadPoolExecutor.java:628)
	at java.base/java.lang.Thread.run(Thread.java:829)
	at java.rmi/sun.rmi.transport.StreamRemoteCall.exceptionReceivedFromServer(StreamRemoteCall.java:303)
	at java.rmi/sun.rmi.transport.StreamRemoteCall.executeCall(StreamRemoteCall.java:279)
	at java.rmi/sun.rmi.server.UnicastRef.invoke(UnicastRef.java:164)
	at java.rmi/java.rmi.server.RemoteObjectInvocationHandler.invokeRemoteMethod(RemoteObjectInvocationHandler.java:217)
	at java.rmi/java.rmi.server.RemoteObjectInvocationHandler.invoke(RemoteObjectInvocationHandler.java:162)
	at com.sun.proxy.$Proxy7.evosuite_collectStatistics(Unknown Source)
	at org.evosuite.rmi.service.ClientNodeImpl.updateStatistics(ClientNodeImpl.java:251)
	at org.evosuite.statistics.StatisticsSender.sendIndividualToMaster(StatisticsSender.java:62)
	at org.evosuite.statistics.StatisticsListener.lambda$new$0(StatisticsListener.java:76)
	at java.base/java.lang.Thread.run(Thread.java:829)
Caused by: java.lang.NoClassDefFoundError: com/fasterxml/jackson/databind/DeserializationContext
	at java.base/java.lang.Class.getDeclaredMethods0(Native Method)
	at java.base/java.lang.Class.privateGetDeclaredMethods(Class.java:3166)
	at java.base/java.lang.Class.getDeclaredMethods(Class.java:2309)
	at org.evosuite.utils.generic.GenericMethod.readObject(GenericMethod.java:406)
	at java.base/jdk.internal.reflect.NativeMethodAccessorImpl.invoke0(Native Method)
	at java.base/jdk.internal.reflect.NativeMethodAccessorImpl.invoke(NativeMethodAccessorImpl.java:62)
	at java.base/jdk.internal.reflect.DelegatingMethodAccessorImpl.invoke(DelegatingMethodAccessorImpl.java:43)
	at java.base/java.lang.reflect.Method.invoke(Method.java:566)
	at java.base/java.io.ObjectStreamClass.invokeReadObject(ObjectStreamClass.java:1046)
	at java.base/java.io.ObjectInputStream.readSerialData(ObjectInputStream.java:2357)
	at java.base/java.io.ObjectInputStream.readOrdinaryObject(ObjectInputStream.java:2228)
	at java.base/java.io.ObjectInputStream.readObject0(ObjectInputStream.java:1687)
	at java.base/java.io.ObjectInputStream.defaultReadFields(ObjectInputStream.java:2496)
	at java.base/java.io.ObjectInputStream.readSerialData(ObjectInputStream.java:2390)
	at java.base/java.io.ObjectInputStream.readOrdinaryObject(ObjectInputStream.java:2228)
	at java.base/java.io.ObjectInputStream.readObject0(ObjectInputStream.java:1687)
	at java.base/java.io.ObjectInputStream.skipCustomData(ObjectInputStream.java:2451)
	at java.base/java.io.ObjectInputStream.readSerialData(ObjectInputStream.java:2400)
	at java.base/java.io.ObjectInputStream.readOrdinaryObject(ObjectInputStream.java:2228)
	at java.base/java.io.ObjectInputStream.readObject0(ObjectInputStream.java:1687)
	at java.base/java.io.ObjectInputStream.defaultReadFields(ObjectInputStream.java:2496)
	at java.base/java.io.ObjectInputStream.readSerialData(ObjectInputStream.java:2390)
	at java.base/java.io.ObjectInputStream.readOrdinaryObject(ObjectInputStream.java:2228)
	at java.base/java.io.ObjectInputStream.readObject0(ObjectInputStream.java:1687)
	at java.base/java.io.ObjectInputStream.defaultReadFields(ObjectInputStream.java:2496)
	at java.base/java.io.ObjectInputStream.defaultReadObject(ObjectInputStream.java:625)
	at org.evosuite.testcase.DefaultTestCase.readObject(DefaultTestCase.java:1217)
	at java.base/jdk.internal.reflect.NativeMethodAccessorImpl.invoke0(Native Method)
	at java.base/jdk.internal.reflect.NativeMethodAccessorImpl.invoke(NativeMethodAccessorImpl.java:62)
	at java.base/jdk.internal.reflect.DelegatingMethodAccessorImpl.invoke(DelegatingMethodAccessorImpl.java:43)
	at java.base/java.lang.reflect.Method.invoke(Method.java:566)
	at java.base/java.io.ObjectStreamClass.invokeReadObject(ObjectStreamClass.java:1046)
	at java.base/java.io.ObjectInputStream.readSerialData(ObjectInputStream.java:2357)
	at java.base/java.io.ObjectInputStream.readOrdinaryObject(ObjectInputStream.java:2228)
	at java.base/java.io.ObjectInputStream.readObject0(ObjectInputStream.java:1687)
	at java.base/java.io.ObjectInputStream.defaultReadFields(ObjectInputStream.java:2496)
	at java.base/java.io.ObjectInputStream.readSerialData(ObjectInputStream.java:2390)
	at java.base/java.io.ObjectInputStream.readOrdinaryObject(ObjectInputStream.java:2228)
	at java.base/java.io.ObjectInputStream.readObject0(ObjectInputStream.java:1687)
	at java.base/java.io.ObjectInputStream.readObject(ObjectInputStream.java:489)
	at java.base/java.io.ObjectInputStream.readObject(ObjectInputStream.java:447)
	at java.base/java.util.ArrayList.readObject(ArrayList.java:929)
	at java.base/jdk.internal.reflect.GeneratedMethodAccessor7.invoke(Unknown Source)
	at java.base/jdk.internal.reflect.DelegatingMethodAccessorImpl.invoke(DelegatingMethodAccessorImpl.java:43)
	at java.base/java.lang.reflect.Method.invoke(Method.java:566)
	at java.base/java.io.ObjectStreamClass.invokeReadObject(ObjectStreamClass.java:1046)
	at java.base/java.io.ObjectInputStream.readSerialData(ObjectInputStream.java:2357)
	at java.base/java.io.ObjectInputStream.readOrdinaryObject(ObjectInputStream.java:2228)
	at java.base/java.io.ObjectInputStream.readObject0(ObjectInputStream.java:1687)
	at java.base/java.io.ObjectInputStream.defaultReadFields(ObjectInputStream.java:2496)
	at java.base/java.io.ObjectInputStream.readSerialData(ObjectInputStream.java:2390)
	at java.base/java.io.ObjectInputStream.readOrdinaryObject(ObjectInputStream.java:2228)
	at java.base/java.io.ObjectInputStream.readObject0(ObjectInputStream.java:1687)
	at java.base/java.io.ObjectInputStream.readObject(ObjectInputStream.java:489)
	at java.base/java.io.ObjectInputStream.readObject(ObjectInputStream.java:447)
	at java.rmi/sun.rmi.server.UnicastRef.unmarshalValue(UnicastRef.java:327)
	at java.rmi/sun.rmi.server.UnicastServerRef.dispatch(UnicastServerRef.java:339)
	at java.rmi/sun.rmi.transport.Transport$1.run(Transport.java:200)
	at java.rmi/sun.rmi.transport.Transport$1.run(Transport.java:197)
	at java.base/java.security.AccessController.doPrivileged(Native Method)
	at java.rmi/sun.rmi.transport.Transport.serviceCall(Transport.java:196)
	at java.rmi/sun.rmi.transport.tcp.TCPTransport.handleMessages(TCPTransport.java:562)
	at java.rmi/sun.rmi.transport.tcp.TCPTransport$ConnectionHandler.run0(TCPTransport.java:796)
	at java.rmi/sun.rmi.transport.tcp.TCPTransport$ConnectionHandler.lambda$run$0(TCPTransport.java:677)
	at java.base/java.security.AccessController.doPrivileged(Native Method)
	at java.rmi/sun.rmi.transport.tcp.TCPTransport$ConnectionHandler.run(TCPTransport.java:676)
	at java.base/java.util.concurrent.ThreadPoolExecutor.runWorker(ThreadPoolExecutor.java:1128)
	at java.base/java.util.concurrent.ThreadPoolExecutor$Worker.run(ThreadPoolExecutor.java:628)
	... 1 common frames omitted
Caused by: java.lang.ClassNotFoundException: Class not found: com/fasterxml/jackson/databind/JsonMappingException: java.lang.NullPointerException: Class not found com/fasterxml/jackson/databind/JsonMappingException
	at org.evosuite.instrumentation.InstrumentingClassLoader.instrumentClass(InstrumentingClassLoader.java:158)
	at org.evosuite.instrumentation.InstrumentingClassLoader.loadClass(InstrumentingClassLoader.java:126)
	... 69 common frames omitted
Caused by: java.lang.RuntimeException: Class not found: com/fasterxml/jackson/databind/JsonMappingException: java.lang.NullPointerException: Class not found com/fasterxml/jackson/databind/JsonMappingException
	at org.evosuite.runtime.util.ComputeClassWriter.getCommonSuperClass(ComputeClassWriter.java:62)
	at org.evosuite.shaded.org.objectweb.asm.SymbolTable.addMergedType(SymbolTable.java:1202)
	at org.evosuite.shaded.org.objectweb.asm.Frame.merge(Frame.java:1299)
	at org.evosuite.shaded.org.objectweb.asm.Frame.merge(Frame.java:1197)
	at org.evosuite.shaded.org.objectweb.asm.MethodWriter.computeAllFrames(MethodWriter.java:1610)
	at org.evosuite.shaded.org.objectweb.asm.MethodWriter.visitMaxs(MethodWriter.java:1546)
	at org.evosuite.shaded.org.objectweb.asm.MethodVisitor.visitMaxs(MethodVisitor.java:773)
	at org.evosuite.shaded.org.objectweb.asm.MethodVisitor.visitMaxs(MethodVisitor.java:773)
	at org.evosuite.shaded.org.objectweb.asm.MethodVisitor.visitMaxs(MethodVisitor.java:773)
	at org.evosuite.runtime.instrumentation.LoopCounterMethodAdapter.visitMaxs(LoopCounterMethodAdapter.java:48)
	at org.evosuite.shaded.org.objectweb.asm.tree.MethodNode.accept(MethodNode.java:769)
	at org.evosuite.shaded.org.objectweb.asm.commons.JSRInlinerAdapter.visitEnd(JSRInlinerAdapter.java:158)
	at org.evosuite.shaded.org.objectweb.asm.MethodVisitor.visitEnd(MethodVisitor.java:783)
	at org.evosuite.shaded.org.objectweb.asm.MethodVisitor.visitEnd(MethodVisitor.java:783)
	at org.evosuite.shaded.org.objectweb.asm.MethodVisitor.visitEnd(MethodVisitor.java:783)
	at org.evosuite.shaded.org.objectweb.asm.tree.MethodNode.accept(MethodNode.java:772)
	at org.evosuite.shaded.org.objectweb.asm.tree.MethodNode.accept(MethodNode.java:649)
	at org.evosuite.shaded.org.objectweb.asm.tree.ClassNode.accept(ClassNode.java:452)
	at org.evosuite.instrumentation.BytecodeInstrumentation.transformBytes(BytecodeInstrumentation.java:282)
	at org.evosuite.instrumentation.InstrumentingClassLoader.getTransformedBytes(InstrumentingClassLoader.java:135)
	at org.evosuite.instrumentation.InstrumentingClassLoader.instrumentClass(InstrumentingClassLoader.java:149)
	... 70 common frames omitted
Caused by: java.lang.NullPointerException: Class not found com/fasterxml/jackson/databind/JsonMappingException
	at org.evosuite.runtime.util.ComputeClassWriter.typeInfo(ComputeClassWriter.java:179)
	at org.evosuite.runtime.util.ComputeClassWriter.getCommonSuperClass(ComputeClassWriter.java:59)
	... 90 common frames omitted
[Progress:=>                            4%] [Cov:>                                  0%][Progress:=>                            4%] [Cov:====>                              12%][Progress:=>                            4%] [Cov:====>                              13%][Progress:=>                            4%] [Cov:====>                              14%][Progress:=>                            4%] [Cov:=====>                             15%][MASTER] 15:57:06.137 [logback-1] WARN  ClientNodeImpl - Cannot send statistics to master; continuing without statistics
java.rmi.ServerException: RemoteException occurred in server thread; nested exception is: 
	java.rmi.UnmarshalException: error unmarshalling arguments; nested exception is: 
	java.lang.ClassNotFoundException: expect to get instruction without BasicBlock already set
	at java.rmi/sun.rmi.server.UnicastServerRef.dispatch(UnicastServerRef.java:391)
	at java.rmi/sun.rmi.transport.Transport$1.run(Transport.java:200)
	at java.rmi/sun.rmi.transport.Transport$1.run(Transport.java:197)
	at java.base/java.security.AccessController.doPrivileged(Native Method)
	at java.rmi/sun.rmi.transport.Transport.serviceCall(Transport.java:196)
	at java.rmi/sun.rmi.transport.tcp.TCPTransport.handleMessages(TCPTransport.java:562)
	at java.rmi/sun.rmi.transport.tcp.TCPTransport$ConnectionHandler.run0(TCPTransport.java:796)
	at java.rmi/sun.rmi.transport.tcp.TCPTransport$ConnectionHandler.lambda$run$0(TCPTransport.java:677)
	at java.base/java.security.AccessController.doPrivileged(Native Method)
	at java.rmi/sun.rmi.transport.tcp.TCPTransport$ConnectionHandler.run(TCPTransport.java:676)
	at java.base/java.util.concurrent.ThreadPoolExecutor.runWorker(ThreadPoolExecutor.java:1128)
	at java.base/java.util.concurrent.ThreadPoolExecutor$Worker.run(ThreadPoolExecutor.java:628)
	at java.base/java.lang.Thread.run(Thread.java:829)
	at java.rmi/sun.rmi.transport.StreamRemoteCall.exceptionReceivedFromServer(StreamRemoteCall.java:303)
	at java.rmi/sun.rmi.transport.StreamRemoteCall.executeCall(StreamRemoteCall.java:279)
	at java.rmi/sun.rmi.server.UnicastRef.invoke(UnicastRef.java:164)
	at java.rmi/java.rmi.server.RemoteObjectInvocationHandler.invokeRemoteMethod(RemoteObjectInvocationHandler.java:217)
	at java.rmi/java.rmi.server.RemoteObjectInvocationHandler.invoke(RemoteObjectInvocationHandler.java:162)
	at com.sun.proxy.$Proxy7.evosuite_collectStatistics(Unknown Source)
	at org.evosuite.rmi.service.ClientNodeImpl.updateStatistics(ClientNodeImpl.java:251)
	at org.evosuite.statistics.StatisticsSender.sendIndividualToMaster(StatisticsSender.java:62)
	at org.evosuite.statistics.StatisticsListener.lambda$new$0(StatisticsListener.java:76)
	at java.base/java.lang.Thread.run(Thread.java:829)
Caused by: java.rmi.UnmarshalException: error unmarshalling arguments; nested exception is: 
	java.lang.ClassNotFoundException: expect to get instruction without BasicBlock already set
	at java.rmi/sun.rmi.server.UnicastServerRef.dispatch(UnicastServerRef.java:350)
	at java.rmi/sun.rmi.transport.Transport$1.run(Transport.java:200)
	at java.rmi/sun.rmi.transport.Transport$1.run(Transport.java:197)
	at java.base/java.security.AccessController.doPrivileged(Native Method)
	at java.rmi/sun.rmi.transport.Transport.serviceCall(Transport.java:196)
	at java.rmi/sun.rmi.transport.tcp.TCPTransport.handleMessages(TCPTransport.java:562)
	at java.rmi/sun.rmi.transport.tcp.TCPTransport$ConnectionHandler.run0(TCPTransport.java:796)
	at java.rmi/sun.rmi.transport.tcp.TCPTransport$ConnectionHandler.lambda$run$0(TCPTransport.java:677)
	at java.base/java.security.AccessController.doPrivileged(Native Method)
	at java.rmi/sun.rmi.transport.tcp.TCPTransport$ConnectionHandler.run(TCPTransport.java:676)
	at java.base/java.util.concurrent.ThreadPoolExecutor.runWorker(ThreadPoolExecutor.java:1128)
	at java.base/java.util.concurrent.ThreadPoolExecutor$Worker.run(ThreadPoolExecutor.java:628)
	... 1 common frames omitted
Caused by: java.lang.ClassNotFoundException: expect to get instruction without BasicBlock already set
	at org.evosuite.instrumentation.InstrumentingClassLoader.instrumentClass(InstrumentingClassLoader.java:158)
	at org.evosuite.instrumentation.InstrumentingClassLoader.loadClass(InstrumentingClassLoader.java:126)
	at org.evosuite.utils.generic.GenericClassImpl.getClass(GenericClassImpl.java:139)
	at org.evosuite.utils.generic.GenericClassImpl.getClass(GenericClassImpl.java:105)
	at org.evosuite.utils.generic.GenericClassImpl.readObject(GenericClassImpl.java:1671)
	at jdk.internal.reflect.GeneratedMethodAccessor9.invoke(Unknown Source)
	at java.base/jdk.internal.reflect.DelegatingMethodAccessorImpl.invoke(DelegatingMethodAccessorImpl.java:43)
	at java.base/java.lang.reflect.Method.invoke(Method.java:566)
	at java.base/java.io.ObjectStreamClass.invokeReadObject(ObjectStreamClass.java:1046)
	at java.base/java.io.ObjectInputStream.readSerialData(ObjectInputStream.java:2357)
	at java.base/java.io.ObjectInputStream.readOrdinaryObject(ObjectInputStream.java:2228)
	at java.base/java.io.ObjectInputStream.readObject0(ObjectInputStream.java:1687)
	at java.base/java.io.ObjectInputStream.readObject(ObjectInputStream.java:489)
	at java.base/java.io.ObjectInputStream.readObject(ObjectInputStream.java:447)
	at org.evosuite.utils.generic.GenericClassImpl.readObject(GenericClassImpl.java:1676)
	at jdk.internal.reflect.GeneratedMethodAccessor9.invoke(Unknown Source)
	at java.base/jdk.internal.reflect.DelegatingMethodAccessorImpl.invoke(DelegatingMethodAccessorImpl.java:43)
	at java.base/java.lang.reflect.Method.invoke(Method.java:566)
	at java.base/java.io.ObjectStreamClass.invokeReadObject(ObjectStreamClass.java:1046)
	at java.base/java.io.ObjectInputStream.readSerialData(ObjectInputStream.java:2357)
	at java.base/java.io.ObjectInputStream.readOrdinaryObject(ObjectInputStream.java:2228)
	at java.base/java.io.ObjectInputStream.readObject0(ObjectInputStream.java:1687)
	at java.base/java.io.ObjectInputStream.defaultReadFields(ObjectInputStream.java:2496)
	at java.base/java.io.ObjectInputStream.readSerialData(ObjectInputStream.java:2390)
	at java.base/java.io.ObjectInputStream.readOrdinaryObject(ObjectInputStream.java:2228)
	at java.base/java.io.ObjectInputStream.readObject0(ObjectInputStream.java:1687)
	at java.base/java.io.ObjectInputStream.defaultReadFields(ObjectInputStream.java:2496)
	at java.base/java.io.ObjectInputStream.readSerialData(ObjectInputStream.java:2390)
	at java.base/java.io.ObjectInputStream.readOrdinaryObject(ObjectInputStream.java:2228)
	at java.base/java.io.ObjectInputStream.readObject0(ObjectInputStream.java:1687)
	at java.base/java.io.ObjectInputStream.readObject(ObjectInputStream.java:489)
	at java.base/java.io.ObjectInputStream.readObject(ObjectInputStream.java:447)
	at java.base/java.util.ArrayList.readObject(ArrayList.java:929)
	at java.base/jdk.internal.reflect.GeneratedMethodAccessor7.invoke(Unknown Source)
	at java.base/jdk.internal.reflect.DelegatingMethodAccessorImpl.invoke(DelegatingMethodAccessorImpl.java:43)
	at java.base/java.lang.reflect.Method.invoke(Method.java:566)
	at java.base/java.io.ObjectStreamClass.invokeReadObject(ObjectStreamClass.java:1046)
	at java.base/java.io.ObjectInputStream.readSerialData(ObjectInputStream.java:2357)
	at java.base/java.io.ObjectInputStream.readOrdinaryObject(ObjectInputStream.java:2228)
	at java.base/java.io.ObjectInputStream.readObject0(ObjectInputStream.java:1687)
	at java.base/java.io.ObjectInputStream.defaultReadFields(ObjectInputStream.java:2496)
	at java.base/java.io.ObjectInputStream.readSerialData(ObjectInputStream.java:2390)
	at java.base/java.io.ObjectInputStream.readOrdinaryObject(ObjectInputStream.java:2228)
	at java.base/java.io.ObjectInputStream.readObject0(ObjectInputStream.java:1687)
	at java.base/java.io.ObjectInputStream.defaultReadFields(ObjectInputStream.java:2496)
	at java.base/java.io.ObjectInputStream.defaultReadObject(ObjectInputStream.java:625)
	at org.evosuite.testcase.DefaultTestCase.readObject(DefaultTestCase.java:1217)
	at java.base/jdk.internal.reflect.NativeMethodAccessorImpl.invoke0(Native Method)
	at java.base/jdk.internal.reflect.NativeMethodAccessorImpl.invoke(NativeMethodAccessorImpl.java:62)
	at java.base/jdk.internal.reflect.DelegatingMethodAccessorImpl.invoke(DelegatingMethodAccessorImpl.java:43)
	at java.base/java.lang.reflect.Method.invoke(Method.java:566)
	at java.base/java.io.ObjectStreamClass.invokeReadObject(ObjectStreamClass.java:1046)
	at java.base/java.io.ObjectInputStream.readSerialData(ObjectInputStream.java:2357)
	at java.base/java.io.ObjectInputStream.readOrdinaryObject(ObjectInputStream.java:2228)
	at java.base/java.io.ObjectInputStream.readObject0(ObjectInputStream.java:1687)
	at java.base/java.io.ObjectInputStream.defaultReadFields(ObjectInputStream.java:2496)
	at java.base/java.io.ObjectInputStream.readSerialData(ObjectInputStream.java:2390)
	at java.base/java.io.ObjectInputStream.readOrdinaryObject(ObjectInputStream.java:2228)
	at java.base/java.io.ObjectInputStream.readObject0(ObjectInputStream.java:1687)
	at java.base/java.io.ObjectInputStream.readObject(ObjectInputStream.java:489)
	at java.base/java.io.ObjectInputStream.readObject(ObjectInputStream.java:447)
	at java.base/java.util.ArrayList.readObject(ArrayList.java:929)
	at java.base/jdk.internal.reflect.GeneratedMethodAccessor7.invoke(Unknown Source)
	at java.base/jdk.internal.reflect.DelegatingMethodAccessorImpl.invoke(DelegatingMethodAccessorImpl.java:43)
	at java.base/java.lang.reflect.Method.invoke(Method.java:566)
	at java.base/java.io.ObjectStreamClass.invokeReadObject(ObjectStreamClass.java:1046)
	at java.base/java.io.ObjectInputStream.readSerialData(ObjectInputStream.java:2357)
	at java.base/java.io.ObjectInputStream.readOrdinaryObject(ObjectInputStream.java:2228)
	at java.base/java.io.ObjectInputStream.readObject0(ObjectInputStream.java:1687)
	at java.base/java.io.ObjectInputStream.defaultReadFields(ObjectInputStream.java:2496)
	at java.base/java.io.ObjectInputStream.readSerialData(ObjectInputStream.java:2390)
	at java.base/java.io.ObjectInputStream.readOrdinaryObject(ObjectInputStream.java:2228)
	at java.base/java.io.ObjectInputStream.readObject0(ObjectInputStream.java:1687)
	at java.base/java.io.ObjectInputStream.readObject(ObjectInputStream.java:489)
	at java.base/java.io.ObjectInputStream.readObject(ObjectInputStream.java:447)
	at java.rmi/sun.rmi.server.UnicastRef.unmarshalValue(UnicastRef.java:327)
	at java.rmi/sun.rmi.server.UnicastServerRef.dispatch(UnicastServerRef.java:339)
	... 12 common frames omitted
Caused by: java.lang.IllegalArgumentException: expect to get instruction without BasicBlock already set
	at org.evosuite.graphs.cfg.BasicBlock.appendInstruction(BasicBlock.java:225)
	at org.evosuite.graphs.cfg.BasicBlock.setInstructions(BasicBlock.java:206)
	at org.evosuite.graphs.cfg.BasicBlock.<init>(BasicBlock.java:106)
	at org.evosuite.graphs.cfg.RawControlFlowGraph.determineBasicBlockFor(RawControlFlowGraph.java:314)
	at org.evosuite.graphs.cfg.ActualControlFlowGraph.computeNodes(ActualControlFlowGraph.java:295)
	at org.evosuite.graphs.cfg.ActualControlFlowGraph.computeGraph(ActualControlFlowGraph.java:262)
	at org.evosuite.graphs.cfg.ActualControlFlowGraph.<init>(ActualControlFlowGraph.java:97)
	at org.evosuite.graphs.cfg.CFGGenerator.computeActualCFG(CFGGenerator.java:218)
	at org.evosuite.graphs.cfg.CFGGenerator.registerCFGs(CFGGenerator.java:102)
	at org.evosuite.graphs.cfg.CFGMethodAdapter.visitEnd(CFGMethodAdapter.java:219)
	at org.evosuite.shaded.org.objectweb.asm.MethodVisitor.visitEnd(MethodVisitor.java:783)
	at org.evosuite.shaded.org.objectweb.asm.MethodVisitor.visitEnd(MethodVisitor.java:783)
	at org.evosuite.shaded.org.objectweb.asm.MethodVisitor.visitEnd(MethodVisitor.java:783)
	at org.evosuite.shaded.org.objectweb.asm.tree.MethodNode.accept(MethodNode.java:772)
	at org.evosuite.shaded.org.objectweb.asm.tree.MethodNode.accept(MethodNode.java:649)
	at org.evosuite.shaded.org.objectweb.asm.tree.ClassNode.accept(ClassNode.java:452)
	at org.evosuite.instrumentation.BytecodeInstrumentation.transformBytes(BytecodeInstrumentation.java:282)
	at org.evosuite.instrumentation.InstrumentingClassLoader.getTransformedBytes(InstrumentingClassLoader.java:135)
	at org.evosuite.instrumentation.InstrumentingClassLoader.instrumentClass(InstrumentingClassLoader.java:149)
	... 88 common frames omitted
[Progress:=>                            4%] [Cov:=====>                             17%][MASTER] 15:57:06.470 [logback-1] WARN  ClientNodeImpl - Cannot send statistics to master; continuing without statistics
java.rmi.ServerError: Error occurred in server thread; nested exception is: 
	java.lang.NoClassDefFoundError: com/fasterxml/jackson/databind/AnnotationIntrospector
	at java.rmi/sun.rmi.server.UnicastServerRef.dispatch(UnicastServerRef.java:388)
	at java.rmi/sun.rmi.transport.Transport$1.run(Transport.java:200)
	at java.rmi/sun.rmi.transport.Transport$1.run(Transport.java:197)
	at java.base/java.security.AccessController.doPrivileged(Native Method)
	at java.rmi/sun.rmi.transport.Transport.serviceCall(Transport.java:196)
	at java.rmi/sun.rmi.transport.tcp.TCPTransport.handleMessages(TCPTransport.java:562)
	at java.rmi/sun.rmi.transport.tcp.TCPTransport$ConnectionHandler.run0(TCPTransport.java:796)
	at java.rmi/sun.rmi.transport.tcp.TCPTransport$ConnectionHandler.lambda$run$0(TCPTransport.java:677)
	at java.base/java.security.AccessController.doPrivileged(Native Method)
	at java.rmi/sun.rmi.transport.tcp.TCPTransport$ConnectionHandler.run(TCPTransport.java:676)
	at java.base/java.util.concurrent.ThreadPoolExecutor.runWorker(ThreadPoolExecutor.java:1128)
	at java.base/java.util.concurrent.ThreadPoolExecutor$Worker.run(ThreadPoolExecutor.java:628)
	at java.base/java.lang.Thread.run(Thread.java:829)
	at java.rmi/sun.rmi.transport.StreamRemoteCall.exceptionReceivedFromServer(StreamRemoteCall.java:303)
	at java.rmi/sun.rmi.transport.StreamRemoteCall.executeCall(StreamRemoteCall.java:279)
	at java.rmi/sun.rmi.server.UnicastRef.invoke(UnicastRef.java:164)
	at java.rmi/java.rmi.server.RemoteObjectInvocationHandler.invokeRemoteMethod(RemoteObjectInvocationHandler.java:217)
	at java.rmi/java.rmi.server.RemoteObjectInvocationHandler.invoke(RemoteObjectInvocationHandler.java:162)
	at com.sun.proxy.$Proxy7.evosuite_collectStatistics(Unknown Source)
	at org.evosuite.rmi.service.ClientNodeImpl.updateStatistics(ClientNodeImpl.java:251)
	at org.evosuite.statistics.StatisticsSender.sendIndividualToMaster(StatisticsSender.java:62)
	at org.evosuite.statistics.StatisticsListener.lambda$new$0(StatisticsListener.java:76)
	at java.base/java.lang.Thread.run(Thread.java:829)
Caused by: java.lang.NoClassDefFoundError: com/fasterxml/jackson/databind/AnnotationIntrospector
	at java.base/java.lang.Class.getDeclaringClass0(Native Method)
	at java.base/java.lang.Class.getEnclosingClass(Class.java:1517)
	at org.evosuite.utils.generic.GenericClassUtils.isMissingTypeParameters(GenericClassUtils.java:74)
	at org.evosuite.utils.generic.GenericClassImpl.addTypeParameters(GenericClassImpl.java:63)
	at org.evosuite.utils.generic.GenericClassImpl.readObject(GenericClassImpl.java:1685)
	at jdk.internal.reflect.GeneratedMethodAccessor9.invoke(Unknown Source)
	at java.base/jdk.internal.reflect.DelegatingMethodAccessorImpl.invoke(DelegatingMethodAccessorImpl.java:43)
	at java.base/java.lang.reflect.Method.invoke(Method.java:566)
	at java.base/java.io.ObjectStreamClass.invokeReadObject(ObjectStreamClass.java:1046)
	at java.base/java.io.ObjectInputStream.readSerialData(ObjectInputStream.java:2357)
	at java.base/java.io.ObjectInputStream.readOrdinaryObject(ObjectInputStream.java:2228)
	at java.base/java.io.ObjectInputStream.readObject0(ObjectInputStream.java:1687)
	at java.base/java.io.ObjectInputStream.defaultReadFields(ObjectInputStream.java:2496)
	at java.base/java.io.ObjectInputStream.readSerialData(ObjectInputStream.java:2390)
	at java.base/java.io.ObjectInputStream.readOrdinaryObject(ObjectInputStream.java:2228)
	at java.base/java.io.ObjectInputStream.readObject0(ObjectInputStream.java:1687)
	at java.base/java.io.ObjectInputStream.defaultReadFields(ObjectInputStream.java:2496)
	at java.base/java.io.ObjectInputStream.readSerialData(ObjectInputStream.java:2390)
	at java.base/java.io.ObjectInputStream.readOrdinaryObject(ObjectInputStream.java:2228)
	at java.base/java.io.ObjectInputStream.readObject0(ObjectInputStream.java:1687)
	at java.base/java.io.ObjectInputStream.skipCustomData(ObjectInputStream.java:2451)
	at java.base/java.io.ObjectInputStream.readSerialData(ObjectInputStream.java:2400)
	at java.base/java.io.ObjectInputStream.readOrdinaryObject(ObjectInputStream.java:2228)
	at java.base/java.io.ObjectInputStream.readObject0(ObjectInputStream.java:1687)
	at java.base/java.io.ObjectInputStream.defaultReadFields(ObjectInputStream.java:2496)
	at java.base/java.io.ObjectInputStream.readSerialData(ObjectInputStream.java:2390)
	at java.base/java.io.ObjectInputStream.readOrdinaryObject(ObjectInputStream.java:2228)
	at java.base/java.io.ObjectInputStream.readObject0(ObjectInputStream.java:1687)
	at java.base/java.io.ObjectInputStream.defaultReadFields(ObjectInputStream.java:2496)
	at java.base/java.io.ObjectInputStream.defaultReadObject(ObjectInputStream.java:625)
	at org.evosuite.testcase.DefaultTestCase.readObject(DefaultTestCase.java:1217)
	at java.base/jdk.internal.reflect.NativeMethodAccessorImpl.invoke0(Native Method)
	at java.base/jdk.internal.reflect.NativeMethodAccessorImpl.invoke(NativeMethodAccessorImpl.java:62)
	at java.base/jdk.internal.reflect.DelegatingMethodAccessorImpl.invoke(DelegatingMethodAccessorImpl.java:43)
	at java.base/java.lang.reflect.Method.invoke(Method.java:566)
	at java.base/java.io.ObjectStreamClass.invokeReadObject(ObjectStreamClass.java:1046)
	at java.base/java.io.ObjectInputStream.readSerialData(ObjectInputStream.java:2357)
	at java.base/java.io.ObjectInputStream.readOrdinaryObject(ObjectInputStream.java:2228)
	at java.base/java.io.ObjectInputStream.readObject0(ObjectInputStream.java:1687)
	at java.base/java.io.ObjectInputStream.defaultReadFields(ObjectInputStream.java:2496)
	at java.base/java.io.ObjectInputStream.readSerialData(ObjectInputStream.java:2390)
	at java.base/java.io.ObjectInputStream.readOrdinaryObject(ObjectInputStream.java:2228)
	at java.base/java.io.ObjectInputStream.readObject0(ObjectInputStream.java:1687)
	at java.base/java.io.ObjectInputStream.skipCustomData(ObjectInputStream.java:2451)
	at java.base/java.io.ObjectInputStream.readSerialData(ObjectInputStream.java:2400)
	at java.base/java.io.ObjectInputStream.readOrdinaryObject(ObjectInputStream.java:2228)
	at java.base/java.io.ObjectInputStream.readObject0(ObjectInputStream.java:1687)
	at java.base/java.io.ObjectInputStream.defaultReadFields(ObjectInputStream.java:2496)
	at java.base/java.io.ObjectInputStream.readSerialData(ObjectInputStream.java:2390)
	at java.base/java.io.ObjectInputStream.readOrdinaryObject(ObjectInputStream.java:2228)
	at java.base/java.io.ObjectInputStream.readObject0(ObjectInputStream.java:1687)
	at java.base/java.io.ObjectInputStream.readObject(ObjectInputStream.java:489)
	at java.base/java.io.ObjectInputStream.readObject(ObjectInputStream.java:447)
	at java.rmi/sun.rmi.server.UnicastRef.unmarshalValue(UnicastRef.java:327)
	at java.rmi/sun.rmi.server.UnicastServerRef.dispatch(UnicastServerRef.java:339)
	at java.rmi/sun.rmi.transport.Transport$1.run(Transport.java:200)
	at java.rmi/sun.rmi.transport.Transport$1.run(Transport.java:197)
	at java.base/java.security.AccessController.doPrivileged(Native Method)
	at java.rmi/sun.rmi.transport.Transport.serviceCall(Transport.java:196)
	at java.rmi/sun.rmi.transport.tcp.TCPTransport.handleMessages(TCPTransport.java:562)
	at java.rmi/sun.rmi.transport.tcp.TCPTransport$ConnectionHandler.run0(TCPTransport.java:796)
	at java.rmi/sun.rmi.transport.tcp.TCPTransport$ConnectionHandler.lambda$run$0(TCPTransport.java:677)
	at java.base/java.security.AccessController.doPrivileged(Native Method)
	at java.rmi/sun.rmi.transport.tcp.TCPTransport$ConnectionHandler.run(TCPTransport.java:676)
	at java.base/java.util.concurrent.ThreadPoolExecutor.runWorker(ThreadPoolExecutor.java:1128)
	at java.base/java.util.concurrent.ThreadPoolExecutor$Worker.run(ThreadPoolExecutor.java:628)
	... 1 common frames omitted
[Progress:=>                            4%] [Cov:=====>                             17%]========== GWO EVOLVE iteration=0 population=50 ==========
[MASTER] 15:57:06.840 [logback-1] WARN  ClientNodeImpl - Cannot send statistics to master; continuing without statistics
java.rmi.ServerError: Error occurred in server thread; nested exception is: 
	java.lang.NoClassDefFoundError: com/fasterxml/jackson/databind/AnnotationIntrospector
	at java.rmi/sun.rmi.server.UnicastServerRef.dispatch(UnicastServerRef.java:388)
	at java.rmi/sun.rmi.transport.Transport$1.run(Transport.java:200)
	at java.rmi/sun.rmi.transport.Transport$1.run(Transport.java:197)
	at java.base/java.security.AccessController.doPrivileged(Native Method)
	at java.rmi/sun.rmi.transport.Transport.serviceCall(Transport.java:196)
	at java.rmi/sun.rmi.transport.tcp.TCPTransport.handleMessages(TCPTransport.java:562)
	at java.rmi/sun.rmi.transport.tcp.TCPTransport$ConnectionHandler.run0(TCPTransport.java:796)
	at java.rmi/sun.rmi.transport.tcp.TCPTransport$ConnectionHandler.lambda$run$0(TCPTransport.java:677)
	at java.base/java.security.AccessController.doPrivileged(Native Method)
	at java.rmi/sun.rmi.transport.tcp.TCPTransport$ConnectionHandler.run(TCPTransport.java:676)
	at java.base/java.util.concurrent.ThreadPoolExecutor.runWorker(ThreadPoolExecutor.java:1128)
	at java.base/java.util.concurrent.ThreadPoolExecutor$Worker.run(ThreadPoolExecutor.java:628)
	at java.base/java.lang.Thread.run(Thread.java:829)
	at java.rmi/sun.rmi.transport.StreamRemoteCall.exceptionReceivedFromServer(StreamRemoteCall.java:303)
	at java.rmi/sun.rmi.transport.StreamRemoteCall.executeCall(StreamRemoteCall.java:279)
	at java.rmi/sun.rmi.server.UnicastRef.invoke(UnicastRef.java:164)
	at java.rmi/java.rmi.server.RemoteObjectInvocationHandler.invokeRemoteMethod(RemoteObjectInvocationHandler.java:217)
	at java.rmi/java.rmi.server.RemoteObjectInvocationHandler.invoke(RemoteObjectInvocationHandler.java:162)
	at com.sun.proxy.$Proxy7.evosuite_collectStatistics(Unknown Source)
	at org.evosuite.rmi.service.ClientNodeImpl.updateStatistics(ClientNodeImpl.java:251)
	at org.evosuite.statistics.StatisticsSender.sendIndividualToMaster(StatisticsSender.java:62)
	at org.evosuite.statistics.StatisticsListener.lambda$new$0(StatisticsListener.java:76)
	at java.base/java.lang.Thread.run(Thread.java:829)
Caused by: java.lang.NoClassDefFoundError: com/fasterxml/jackson/databind/AnnotationIntrospector
	at java.base/java.lang.Class.getDeclaringClass0(Native Method)
	at java.base/java.lang.Class.getEnclosingClass(Class.java:1517)
	at org.evosuite.utils.generic.GenericClassUtils.isMissingTypeParameters(GenericClassUtils.java:74)
	at org.evosuite.utils.generic.GenericClassImpl.addTypeParameters(GenericClassImpl.java:63)
	at org.evosuite.utils.generic.GenericClassImpl.readObject(GenericClassImpl.java:1685)
	at jdk.internal.reflect.GeneratedMethodAccessor9.invoke(Unknown Source)
	at java.base/jdk.internal.reflect.DelegatingMethodAccessorImpl.invoke(DelegatingMethodAccessorImpl.java:43)
	at java.base/java.lang.reflect.Method.invoke(Method.java:566)
	at java.base/java.io.ObjectStreamClass.invokeReadObject(ObjectStreamClass.java:1046)
	at java.base/java.io.ObjectInputStream.readSerialData(ObjectInputStream.java:2357)
	at java.base/java.io.ObjectInputStream.readOrdinaryObject(ObjectInputStream.java:2228)
	at java.base/java.io.ObjectInputStream.readObject0(ObjectInputStream.java:1687)
	at java.base/java.io.ObjectInputStream.defaultReadFields(ObjectInputStream.java:2496)
	at java.base/java.io.ObjectInputStream.readSerialData(ObjectInputStream.java:2390)
	at java.base/java.io.ObjectInputStream.readOrdinaryObject(ObjectInputStream.java:2228)
	at java.base/java.io.ObjectInputStream.readObject0(ObjectInputStream.java:1687)
	at java.base/java.io.ObjectInputStream.defaultReadFields(ObjectInputStream.java:2496)
	at java.base/java.io.ObjectInputStream.readSerialData(ObjectInputStream.java:2390)
	at java.base/java.io.ObjectInputStream.readOrdinaryObject(ObjectInputStream.java:2228)
	at java.base/java.io.ObjectInputStream.readObject0(ObjectInputStream.java:1687)
	at java.base/java.io.ObjectInputStream.skipCustomData(ObjectInputStream.java:2451)
	at java.base/java.io.ObjectInputStream.readSerialData(ObjectInputStream.java:2400)
	at java.base/java.io.ObjectInputStream.readOrdinaryObject(ObjectInputStream.java:2228)
	at java.base/java.io.ObjectInputStream.readObject0(ObjectInputStream.java:1687)
	at java.base/java.io.ObjectInputStream.defaultReadFields(ObjectInputStream.java:2496)
	at java.base/java.io.ObjectInputStream.readSerialData(ObjectInputStream.java:2390)
	at java.base/java.io.ObjectInputStream.readOrdinaryObject(ObjectInputStream.java:2228)
	at java.base/java.io.ObjectInputStream.readObject0(ObjectInputStream.java:1687)
	at java.base/java.io.ObjectInputStream.defaultReadFields(ObjectInputStream.java:2496)
	at java.base/java.io.ObjectInputStream.defaultReadObject(ObjectInputStream.java:625)
	at org.evosuite.testcase.DefaultTestCase.readObject(DefaultTestCase.java:1217)
	at java.base/jdk.internal.reflect.NativeMethodAccessorImpl.invoke0(Native Method)
	at java.base/jdk.internal.reflect.NativeMethodAccessorImpl.invoke(NativeMethodAccessorImpl.java:62)
	at java.base/jdk.internal.reflect.DelegatingMethodAccessorImpl.invoke(DelegatingMethodAccessorImpl.java:43)
	at java.base/java.lang.reflect.Method.invoke(Method.java:566)
	at java.base/java.io.ObjectStreamClass.invokeReadObject(ObjectStreamClass.java:1046)
	at java.base/java.io.ObjectInputStream.readSerialData(ObjectInputStream.java:2357)
	at java.base/java.io.ObjectInputStream.readOrdinaryObject(ObjectInputStream.java:2228)
	at java.base/java.io.ObjectInputStream.readObject0(ObjectInputStream.java:1687)
	at java.base/java.io.ObjectInputStream.defaultReadFields(ObjectInputStream.java:2496)
	at java.base/java.io.ObjectInputStream.readSerialData(ObjectInputStream.java:2390)
	at java.base/java.io.ObjectInputStream.readOrdinaryObject(ObjectInputStream.java:2228)
	at java.base/java.io.ObjectInputStream.readObject0(ObjectInputStream.java:1687)
	at java.base/java.io.ObjectInputStream.skipCustomData(ObjectInputStream.java:2451)
	at java.base/java.io.ObjectInputStream.readSerialData(ObjectInputStream.java:2400)
	at java.base/java.io.ObjectInputStream.readOrdinaryObject(ObjectInputStream.java:2228)
	at java.base/java.io.ObjectInputStream.readObject0(ObjectInputStream.java:1687)
	at java.base/java.io.ObjectInputStream.defaultReadFields(ObjectInputStream.java:2496)
	at java.base/java.io.ObjectInputStream.readSerialData(ObjectInputStream.java:2390)
	at java.base/java.io.ObjectInputStream.readOrdinaryObject(ObjectInputStream.java:2228)
	at java.base/java.io.ObjectInputStream.readObject0(ObjectInputStream.java:1687)
	at java.base/java.io.ObjectInputStream.readObject(ObjectInputStream.java:489)
	at java.base/java.io.ObjectInputStream.readObject(ObjectInputStream.java:447)
	at java.rmi/sun.rmi.server.UnicastRef.unmarshalValue(UnicastRef.java:327)
	at java.rmi/sun.rmi.server.UnicastServerRef.dispatch(UnicastServerRef.java:339)
	at java.rmi/sun.rmi.transport.Transport$1.run(Transport.java:200)
	at java.rmi/sun.rmi.transport.Transport$1.run(Transport.java:197)
	at java.base/java.security.AccessController.doPrivileged(Native Method)
	at java.rmi/sun.rmi.transport.Transport.serviceCall(Transport.java:196)
	at java.rmi/sun.rmi.transport.tcp.TCPTransport.handleMessages(TCPTransport.java:562)
	at java.rmi/sun.rmi.transport.tcp.TCPTransport$ConnectionHandler.run0(TCPTransport.java:796)
	at java.rmi/sun.rmi.transport.tcp.TCPTransport$ConnectionHandler.lambda$run$0(TCPTransport.java:677)
	at java.base/java.security.AccessController.doPrivileged(Native Method)
	at java.rmi/sun.rmi.transport.tcp.TCPTransport$ConnectionHandler.run(TCPTransport.java:676)
	at java.base/java.util.concurrent.ThreadPoolExecutor.runWorker(ThreadPoolExecutor.java:1128)
	at java.base/java.util.concurrent.ThreadPoolExecutor$Worker.run(ThreadPoolExecutor.java:628)
	... 1 common frames omitted
[Progress:=>                            5%] [Cov:=====>                             15%][Progress:=>                            5%] [Cov:=====>                             17%][Progress:=>                            5%] [Cov:=====>                             17%]GWO iteration=1 bestFitness=3618.497716894977 population=50 a=1.98
========== GWO EVOLVE iteration=1 population=50 ==========
[MASTER] 15:57:07.484 [logback-1] WARN  TestCluster - Failed to check cache for java.util.function.BiFunction<T, U, R> : Type points to itself
[Progress:=>                            5%] [Cov:=====>                             17%]GWO iteration=2 bestFitness=3616.497716894977 population=50 a=1.96
========== GWO EVOLVE iteration=2 population=50 ==========
[MASTER] 15:57:07.844 [logback-1] WARN  ClientNodeImpl - Cannot send statistics to master; continuing without statistics
java.rmi.ServerError: Error occurred in server thread; nested exception is: 
	java.lang.NoClassDefFoundError: com/fasterxml/jackson/databind/AnnotationIntrospector
	at java.rmi/sun.rmi.server.UnicastServerRef.dispatch(UnicastServerRef.java:388)
	at java.rmi/sun.rmi.transport.Transport$1.run(Transport.java:200)
	at java.rmi/sun.rmi.transport.Transport$1.run(Transport.java:197)
	at java.base/java.security.AccessController.doPrivileged(Native Method)
	at java.rmi/sun.rmi.transport.Transport.serviceCall(Transport.java:196)
	at java.rmi/sun.rmi.transport.tcp.TCPTransport.handleMessages(TCPTransport.java:562)
	at java.rmi/sun.rmi.transport.tcp.TCPTransport$ConnectionHandler.run0(TCPTransport.java:796)
	at java.rmi/sun.rmi.transport.tcp.TCPTransport$ConnectionHandler.lambda$run$0(TCPTransport.java:677)
	at java.base/java.security.AccessController.doPrivileged(Native Method)
	at java.rmi/sun.rmi.transport.tcp.TCPTransport$ConnectionHandler.run(TCPTransport.java:676)
	at java.base/java.util.concurrent.ThreadPoolExecutor.runWorker(ThreadPoolExecutor.java:1128)
	at java.base/java.util.concurrent.ThreadPoolExecutor$Worker.run(ThreadPoolExecutor.java:628)
	at java.base/java.lang.Thread.run(Thread.java:829)
	at java.rmi/sun.rmi.transport.StreamRemoteCall.exceptionReceivedFromServer(StreamRemoteCall.java:303)
	at java.rmi/sun.rmi.transport.StreamRemoteCall.executeCall(StreamRemoteCall.java:279)
	at java.rmi/sun.rmi.server.UnicastRef.invoke(UnicastRef.java:164)
	at java.rmi/java.rmi.server.RemoteObjectInvocationHandler.invokeRemoteMethod(RemoteObjectInvocationHandler.java:217)
	at java.rmi/java.rmi.server.RemoteObjectInvocationHandler.invoke(RemoteObjectInvocationHandler.java:162)
	at com.sun.proxy.$Proxy7.evosuite_collectStatistics(Unknown Source)
	at org.evosuite.rmi.service.ClientNodeImpl.updateStatistics(ClientNodeImpl.java:251)
	at org.evosuite.statistics.StatisticsSender.sendIndividualToMaster(StatisticsSender.java:62)
	at org.evosuite.statistics.StatisticsListener.lambda$new$0(StatisticsListener.java:76)
	at java.base/java.lang.Thread.run(Thread.java:829)
Caused by: java.lang.NoClassDefFoundError: com/fasterxml/jackson/databind/AnnotationIntrospector
	at java.base/java.lang.Class.getDeclaringClass0(Native Method)
	at java.base/java.lang.Class.getEnclosingClass(Class.java:1517)
	at org.evosuite.utils.generic.GenericClassUtils.isMissingTypeParameters(GenericClassUtils.java:74)
	at org.evosuite.utils.generic.GenericClassImpl.addTypeParameters(GenericClassImpl.java:63)
	at org.evosuite.utils.generic.GenericClassImpl.readObject(GenericClassImpl.java:1685)
	at jdk.internal.reflect.GeneratedMethodAccessor9.invoke(Unknown Source)
	at java.base/jdk.internal.reflect.DelegatingMethodAccessorImpl.invoke(DelegatingMethodAccessorImpl.java:43)
	at java.base/java.lang.reflect.Method.invoke(Method.java:566)
	at java.base/java.io.ObjectStreamClass.invokeReadObject(ObjectStreamClass.java:1046)
	at java.base/java.io.ObjectInputStream.readSerialData(ObjectInputStream.java:2357)
	at java.base/java.io.ObjectInputStream.readOrdinaryObject(ObjectInputStream.java:2228)
	at java.base/java.io.ObjectInputStream.readObject0(ObjectInputStream.java:1687)
	at java.base/java.io.ObjectInputStream.defaultReadFields(ObjectInputStream.java:2496)
	at java.base/java.io.ObjectInputStream.readSerialData(ObjectInputStream.java:2390)
	at java.base/java.io.ObjectInputStream.readOrdinaryObject(ObjectInputStream.java:2228)
	at java.base/java.io.ObjectInputStream.readObject0(ObjectInputStream.java:1687)
	at java.base/java.io.ObjectInputStream.defaultReadFields(ObjectInputStream.java:2496)
	at java.base/java.io.ObjectInputStream.readSerialData(ObjectInputStream.java:2390)
	at java.base/java.io.ObjectInputStream.readOrdinaryObject(ObjectInputStream.java:2228)
	at java.base/java.io.ObjectInputStream.readObject0(ObjectInputStream.java:1687)
	at java.base/java.io.ObjectInputStream.skipCustomData(ObjectInputStream.java:2451)
	at java.base/java.io.ObjectInputStream.readSerialData(ObjectInputStream.java:2400)
	at java.base/java.io.ObjectInputStream.readOrdinaryObject(ObjectInputStream.java:2228)
	at java.base/java.io.ObjectInputStream.readObject0(ObjectInputStream.java:1687)
	at java.base/java.io.ObjectInputStream.defaultReadFields(ObjectInputStream.java:2496)
	at java.base/java.io.ObjectInputStream.readSerialData(ObjectInputStream.java:2390)
	at java.base/java.io.ObjectInputStream.readOrdinaryObject(ObjectInputStream.java:2228)
	at java.base/java.io.ObjectInputStream.readObject0(ObjectInputStream.java:1687)
	at java.base/java.io.ObjectInputStream.defaultReadFields(ObjectInputStream.java:2496)
	at java.base/java.io.ObjectInputStream.defaultReadObject(ObjectInputStream.java:625)
	at org.evosuite.testcase.DefaultTestCase.readObject(DefaultTestCase.java:1217)
	at jdk.internal.reflect.GeneratedMethodAccessor14.invoke(Unknown Source)
	at java.base/jdk.internal.reflect.DelegatingMethodAccessorImpl.invoke(DelegatingMethodAccessorImpl.java:43)
	at java.base/java.lang.reflect.Method.invoke(Method.java:566)
	at java.base/java.io.ObjectStreamClass.invokeReadObject(ObjectStreamClass.java:1046)
	at java.base/java.io.ObjectInputStream.readSerialData(ObjectInputStream.java:2357)
	at java.base/java.io.ObjectInputStream.readOrdinaryObject(ObjectInputStream.java:2228)
	at java.base/java.io.ObjectInputStream.readObject0(ObjectInputStream.java:1687)
	at java.base/java.io.ObjectInputStream.defaultReadFields(ObjectInputStream.java:2496)
	at java.base/java.io.ObjectInputStream.readSerialData(ObjectInputStream.java:2390)
	at java.base/java.io.ObjectInputStream.readOrdinaryObject(ObjectInputStream.java:2228)
	at java.base/java.io.ObjectInputStream.readObject0(ObjectInputStream.java:1687)
	at java.base/java.io.ObjectInputStream.skipCustomData(ObjectInputStream.java:2451)
	at java.base/java.io.ObjectInputStream.readSerialData(ObjectInputStream.java:2400)
	at java.base/java.io.ObjectInputStream.readOrdinaryObject(ObjectInputStream.java:2228)
	at java.base/java.io.ObjectInputStream.readObject0(ObjectInputStream.java:1687)
	at java.base/java.io.ObjectInputStream.defaultReadFields(ObjectInputStream.java:2496)
	at java.base/java.io.ObjectInputStream.readSerialData(ObjectInputStream.java:2390)
	at java.base/java.io.ObjectInputStream.readOrdinaryObject(ObjectInputStream.java:2228)
	at java.base/java.io.ObjectInputStream.readObject0(ObjectInputStream.java:1687)
	at java.base/java.io.ObjectInputStream.readObject(ObjectInputStream.java:489)
	at java.base/java.io.ObjectInputStream.readObject(ObjectInputStream.java:447)
	at java.rmi/sun.rmi.server.UnicastRef.unmarshalValue(UnicastRef.java:327)
	at java.rmi/sun.rmi.server.UnicastServerRef.dispatch(UnicastServerRef.java:339)
	at java.rmi/sun.rmi.transport.Transport$1.run(Transport.java:200)
	at java.rmi/sun.rmi.transport.Transport$1.run(Transport.java:197)
	at java.base/java.security.AccessController.doPrivileged(Native Method)
	at java.rmi/sun.rmi.transport.Transport.serviceCall(Transport.java:196)
	at java.rmi/sun.rmi.transport.tcp.TCPTransport.handleMessages(TCPTransport.java:562)
	at java.rmi/sun.rmi.transport.tcp.TCPTransport$ConnectionHandler.run0(TCPTransport.java:796)
	at java.rmi/sun.rmi.transport.tcp.TCPTransport$ConnectionHandler.lambda$run$0(TCPTransport.java:677)
	at java.base/java.security.AccessController.doPrivileged(Native Method)
	at java.rmi/sun.rmi.transport.tcp.TCPTransport$ConnectionHandler.run(TCPTransport.java:676)
	at java.base/java.util.concurrent.ThreadPoolExecutor.runWorker(ThreadPoolExecutor.java:1128)
	at java.base/java.util.concurrent.ThreadPoolExecutor$Worker.run(ThreadPoolExecutor.java:628)
	... 1 common frames omitted
[MASTER] 15:57:08.099 [logback-1] WARN  ClientNodeImpl - Cannot send statistics to master; continuing without statistics
java.rmi.ServerError: Error occurred in server thread; nested exception is: 
	java.lang.NoClassDefFoundError: com/fasterxml/jackson/databind/AnnotationIntrospector
	at java.rmi/sun.rmi.server.UnicastServerRef.dispatch(UnicastServerRef.java:388)
	at java.rmi/sun.rmi.transport.Transport$1.run(Transport.java:200)
	at java.rmi/sun.rmi.transport.Transport$1.run(Transport.java:197)
	at java.base/java.security.AccessController.doPrivileged(Native Method)
	at java.rmi/sun.rmi.transport.Transport.serviceCall(Transport.java:196)
	at java.rmi/sun.rmi.transport.tcp.TCPTransport.handleMessages(TCPTransport.java:562)
	at java.rmi/sun.rmi.transport.tcp.TCPTransport$ConnectionHandler.run0(TCPTransport.java:796)
	at java.rmi/sun.rmi.transport.tcp.TCPTransport$ConnectionHandler.lambda$run$0(TCPTransport.java:677)
	at java.base/java.security.AccessController.doPrivileged(Native Method)
	at java.rmi/sun.rmi.transport.tcp.TCPTransport$ConnectionHandler.run(TCPTransport.java:676)
	at java.base/java.util.concurrent.ThreadPoolExecutor.runWorker(ThreadPoolExecutor.java:1128)
	at java.base/java.util.concurrent.ThreadPoolExecutor$Worker.run(ThreadPoolExecutor.java:628)
	at java.base/java.lang.Thread.run(Thread.java:829)
	at java.rmi/sun.rmi.transport.StreamRemoteCall.exceptionReceivedFromServer(StreamRemoteCall.java:303)
	at java.rmi/sun.rmi.transport.StreamRemoteCall.executeCall(StreamRemoteCall.java:279)
	at java.rmi/sun.rmi.server.UnicastRef.invoke(UnicastRef.java:164)
	at java.rmi/java.rmi.server.RemoteObjectInvocationHandler.invokeRemoteMethod(RemoteObjectInvocationHandler.java:217)
	at java.rmi/java.rmi.server.RemoteObjectInvocationHandler.invoke(RemoteObjectInvocationHandler.java:162)
	at com.sun.proxy.$Proxy7.evosuite_collectStatistics(Unknown Source)
	at org.evosuite.rmi.service.ClientNodeImpl.updateStatistics(ClientNodeImpl.java:251)
	at org.evosuite.statistics.StatisticsSender.sendIndividualToMaster(StatisticsSender.java:62)
	at org.evosuite.statistics.StatisticsListener.lambda$new$0(StatisticsListener.java:76)
	at java.base/java.lang.Thread.run(Thread.java:829)
Caused by: java.lang.NoClassDefFoundError: com/fasterxml/jackson/databind/AnnotationIntrospector
	at java.base/java.lang.Class.getDeclaringClass0(Native Method)
	at java.base/java.lang.Class.getEnclosingClass(Class.java:1517)
	at org.evosuite.utils.generic.GenericClassUtils.isMissingTypeParameters(GenericClassUtils.java:74)
	at org.evosuite.utils.generic.GenericClassImpl.addTypeParameters(GenericClassImpl.java:63)
	at org.evosuite.utils.generic.GenericClassImpl.readObject(GenericClassImpl.java:1685)
	at jdk.internal.reflect.GeneratedMethodAccessor9.invoke(Unknown Source)
	at java.base/jdk.internal.reflect.DelegatingMethodAccessorImpl.invoke(DelegatingMethodAccessorImpl.java:43)
	at java.base/java.lang.reflect.Method.invoke(Method.java:566)
	at java.base/java.io.ObjectStreamClass.invokeReadObject(ObjectStreamClass.java:1046)
	at java.base/java.io.ObjectInputStream.readSerialData(ObjectInputStream.java:2357)
	at java.base/java.io.ObjectInputStream.readOrdinaryObject(ObjectInputStream.java:2228)
	at java.base/java.io.ObjectInputStream.readObject0(ObjectInputStream.java:1687)
	at java.base/java.io.ObjectInputStream.defaultReadFields(ObjectInputStream.java:2496)
	at java.base/java.io.ObjectInputStream.readSerialData(ObjectInputStream.java:2390)
	at java.base/java.io.ObjectInputStream.readOrdinaryObject(ObjectInputStream.java:2228)
	at java.base/java.io.ObjectInputStream.readObject0(ObjectInputStream.java:1687)
	at java.base/java.io.ObjectInputStream.defaultReadFields(ObjectInputStream.java:2496)
	at java.base/java.io.ObjectInputStream.readSerialData(ObjectInputStream.java:2390)
	at java.base/java.io.ObjectInputStream.readOrdinaryObject(ObjectInputStream.java:2228)
	at java.base/java.io.ObjectInputStream.readObject0(ObjectInputStream.java:1687)
	at java.base/java.io.ObjectInputStream.skipCustomData(ObjectInputStream.java:2451)
	at java.base/java.io.ObjectInputStream.readSerialData(ObjectInputStream.java:2400)
	at java.base/java.io.ObjectInputStream.readOrdinaryObject(ObjectInputStream.java:2228)
	at java.base/java.io.ObjectInputStream.readObject0(ObjectInputStream.java:1687)
	at java.base/java.io.ObjectInputStream.defaultReadFields(ObjectInputStream.java:2496)
	at java.base/java.io.ObjectInputStream.readSerialData(ObjectInputStream.java:2390)
	at java.base/java.io.ObjectInputStream.readOrdinaryObject(ObjectInputStream.java:2228)
	at java.base/java.io.ObjectInputStream.readObject0(ObjectInputStream.java:1687)
	at java.base/java.io.ObjectInputStream.defaultReadFields(ObjectInputStream.java:2496)
	at java.base/java.io.ObjectInputStream.defaultReadObject(ObjectInputStream.java:625)
	at org.evosuite.testcase.DefaultTestCase.readObject(DefaultTestCase.java:1217)
	at jdk.internal.reflect.GeneratedMethodAccessor14.invoke(Unknown Source)
	at java.base/jdk.internal.reflect.DelegatingMethodAccessorImpl.invoke(DelegatingMethodAccessorImpl.java:43)
	at java.base/java.lang.reflect.Method.invoke(Method.java:566)
	at java.base/java.io.ObjectStreamClass.invokeReadObject(ObjectStreamClass.java:1046)
	at java.base/java.io.ObjectInputStream.readSerialData(ObjectInputStream.java:2357)
	at java.base/java.io.ObjectInputStream.readOrdinaryObject(ObjectInputStream.java:2228)
	at java.base/java.io.ObjectInputStream.readObject0(ObjectInputStream.java:1687)
	at java.base/java.io.ObjectInputStream.defaultReadFields(ObjectInputStream.java:2496)
	at java.base/java.io.ObjectInputStream.readSerialData(ObjectInputStream.java:2390)
	at java.base/java.io.ObjectInputStream.readOrdinaryObject(ObjectInputStream.java:2228)
	at java.base/java.io.ObjectInputStream.readObject0(ObjectInputStream.java:1687)
	at java.base/java.io.ObjectInputStream.skipCustomData(ObjectInputStream.java:2451)
	at java.base/java.io.ObjectInputStream.readSerialData(ObjectInputStream.java:2400)
	at java.base/java.io.ObjectInputStream.readOrdinaryObject(ObjectInputStream.java:2228)
	at java.base/java.io.ObjectInputStream.readObject0(ObjectInputStream.java:1687)
	at java.base/java.io.ObjectInputStream.defaultReadFields(ObjectInputStream.java:2496)
	at java.base/java.io.ObjectInputStream.readSerialData(ObjectInputStream.java:2390)
	at java.base/java.io.ObjectInputStream.readOrdinaryObject(ObjectInputStream.java:2228)
	at java.base/java.io.ObjectInputStream.readObject0(ObjectInputStream.java:1687)
	at java.base/java.io.ObjectInputStream.readObject(ObjectInputStream.java:489)
	at java.base/java.io.ObjectInputStream.readObject(ObjectInputStream.java:447)
	at java.rmi/sun.rmi.server.UnicastRef.unmarshalValue(UnicastRef.java:327)
	at java.rmi/sun.rmi.server.UnicastServerRef.dispatch(UnicastServerRef.java:339)
	at java.rmi/sun.rmi.transport.Transport$1.run(Transport.java:200)
	at java.rmi/sun.rmi.transport.Transport$1.run(Transport.java:197)
	at java.base/java.security.AccessController.doPrivileged(Native Method)
	at java.rmi/sun.rmi.transport.Transport.serviceCall(Transport.java:196)
	at java.rmi/sun.rmi.transport.tcp.TCPTransport.handleMessages(TCPTransport.java:562)
	at java.rmi/sun.rmi.transport.tcp.TCPTransport$ConnectionHandler.run0(TCPTransport.java:796)
	at java.rmi/sun.rmi.transport.tcp.TCPTransport$ConnectionHandler.lambda$run$0(TCPTransport.java:677)
	at java.base/java.security.AccessController.doPrivileged(Native Method)
	at java.rmi/sun.rmi.transport.tcp.TCPTransport$ConnectionHandler.run(TCPTransport.java:676)
	at java.base/java.util.concurrent.ThreadPoolExecutor.runWorker(ThreadPoolExecutor.java:1128)
	at java.base/java.util.concurrent.ThreadPoolExecutor$Worker.run(ThreadPoolExecutor.java:628)
	... 1 common frames omitted
[Progress:=>                            5%] [Cov:=====>                             17%]GWO iteration=3 bestFitness=3616.497716894977 population=50 a=1.94
========== GWO EVOLVE iteration=3 population=50 ==========
[MASTER] 15:57:08.355 [logback-1] WARN  ClientNodeImpl - Cannot send statistics to master; continuing without statistics
java.rmi.ServerError: Error occurred in server thread; nested exception is: 
	java.lang.NoClassDefFoundError: com/fasterxml/jackson/databind/AnnotationIntrospector
	at java.rmi/sun.rmi.server.UnicastServerRef.dispatch(UnicastServerRef.java:388)
	at java.rmi/sun.rmi.transport.Transport$1.run(Transport.java:200)
	at java.rmi/sun.rmi.transport.Transport$1.run(Transport.java:197)
	at java.base/java.security.AccessController.doPrivileged(Native Method)
	at java.rmi/sun.rmi.transport.Transport.serviceCall(Transport.java:196)
	at java.rmi/sun.rmi.transport.tcp.TCPTransport.handleMessages(TCPTransport.java:562)
	at java.rmi/sun.rmi.transport.tcp.TCPTransport$ConnectionHandler.run0(TCPTransport.java:796)
	at java.rmi/sun.rmi.transport.tcp.TCPTransport$ConnectionHandler.lambda$run$0(TCPTransport.java:677)
	at java.base/java.security.AccessController.doPrivileged(Native Method)
	at java.rmi/sun.rmi.transport.tcp.TCPTransport$ConnectionHandler.run(TCPTransport.java:676)
	at java.base/java.util.concurrent.ThreadPoolExecutor.runWorker(ThreadPoolExecutor.java:1128)
	at java.base/java.util.concurrent.ThreadPoolExecutor$Worker.run(ThreadPoolExecutor.java:628)
	at java.base/java.lang.Thread.run(Thread.java:829)
	at java.rmi/sun.rmi.transport.StreamRemoteCall.exceptionReceivedFromServer(StreamRemoteCall.java:303)
	at java.rmi/sun.rmi.transport.StreamRemoteCall.executeCall(StreamRemoteCall.java:279)
	at java.rmi/sun.rmi.server.UnicastRef.invoke(UnicastRef.java:164)
	at java.rmi/java.rmi.server.RemoteObjectInvocationHandler.invokeRemoteMethod(RemoteObjectInvocationHandler.java:217)
	at java.rmi/java.rmi.server.RemoteObjectInvocationHandler.invoke(RemoteObjectInvocationHandler.java:162)
	at com.sun.proxy.$Proxy7.evosuite_collectStatistics(Unknown Source)
	at org.evosuite.rmi.service.ClientNodeImpl.updateStatistics(ClientNodeImpl.java:251)
	at org.evosuite.statistics.StatisticsSender.sendIndividualToMaster(StatisticsSender.java:62)
	at org.evosuite.statistics.StatisticsListener.lambda$new$0(StatisticsListener.java:76)
	at java.base/java.lang.Thread.run(Thread.java:829)
Caused by: java.lang.NoClassDefFoundError: com/fasterxml/jackson/databind/AnnotationIntrospector
	at java.base/java.lang.Class.getDeclaringClass0(Native Method)
	at java.base/java.lang.Class.getEnclosingClass(Class.java:1517)
	at org.evosuite.utils.generic.GenericClassUtils.isMissingTypeParameters(GenericClassUtils.java:74)
	at org.evosuite.utils.generic.GenericClassImpl.addTypeParameters(GenericClassImpl.java:63)
	at org.evosuite.utils.generic.GenericClassImpl.readObject(GenericClassImpl.java:1685)
	at jdk.internal.reflect.GeneratedMethodAccessor9.invoke(Unknown Source)
	at java.base/jdk.internal.reflect.DelegatingMethodAccessorImpl.invoke(DelegatingMethodAccessorImpl.java:43)
	at java.base/java.lang.reflect.Method.invoke(Method.java:566)
	at java.base/java.io.ObjectStreamClass.invokeReadObject(ObjectStreamClass.java:1046)
	at java.base/java.io.ObjectInputStream.readSerialData(ObjectInputStream.java:2357)
	at java.base/java.io.ObjectInputStream.readOrdinaryObject(ObjectInputStream.java:2228)
	at java.base/java.io.ObjectInputStream.readObject0(ObjectInputStream.java:1687)
	at java.base/java.io.ObjectInputStream.defaultReadFields(ObjectInputStream.java:2496)
	at java.base/java.io.ObjectInputStream.readSerialData(ObjectInputStream.java:2390)
	at java.base/java.io.ObjectInputStream.readOrdinaryObject(ObjectInputStream.java:2228)
	at java.base/java.io.ObjectInputStream.readObject0(ObjectInputStream.java:1687)
	at java.base/java.io.ObjectInputStream.defaultReadFields(ObjectInputStream.java:2496)
	at java.base/java.io.ObjectInputStream.readSerialData(ObjectInputStream.java:2390)
	at java.base/java.io.ObjectInputStream.readOrdinaryObject(ObjectInputStream.java:2228)
	at java.base/java.io.ObjectInputStream.readObject0(ObjectInputStream.java:1687)
	at java.base/java.io.ObjectInputStream.skipCustomData(ObjectInputStream.java:2451)
	at java.base/java.io.ObjectInputStream.readSerialData(ObjectInputStream.java:2400)
	at java.base/java.io.ObjectInputStream.readOrdinaryObject(ObjectInputStream.java:2228)
	at java.base/java.io.ObjectInputStream.readObject0(ObjectInputStream.java:1687)
	at java.base/java.io.ObjectInputStream.defaultReadFields(ObjectInputStream.java:2496)
	at java.base/java.io.ObjectInputStream.readSerialData(ObjectInputStream.java:2390)
	at java.base/java.io.ObjectInputStream.readOrdinaryObject(ObjectInputStream.java:2228)
	at java.base/java.io.ObjectInputStream.readObject0(ObjectInputStream.java:1687)
	at java.base/java.io.ObjectInputStream.defaultReadFields(ObjectInputStream.java:2496)
	at java.base/java.io.ObjectInputStream.defaultReadObject(ObjectInputStream.java:625)
	at org.evosuite.testcase.DefaultTestCase.readObject(DefaultTestCase.java:1217)
	at jdk.internal.reflect.GeneratedMethodAccessor14.invoke(Unknown Source)
	at java.base/jdk.internal.reflect.DelegatingMethodAccessorImpl.invoke(DelegatingMethodAccessorImpl.java:43)
	at java.base/java.lang.reflect.Method.invoke(Method.java:566)
	at java.base/java.io.ObjectStreamClass.invokeReadObject(ObjectStreamClass.java:1046)
	at java.base/java.io.ObjectInputStream.readSerialData(ObjectInputStream.java:2357)
	at java.base/java.io.ObjectInputStream.readOrdinaryObject(ObjectInputStream.java:2228)
	at java.base/java.io.ObjectInputStream.readObject0(ObjectInputStream.java:1687)
	at java.base/java.io.ObjectInputStream.defaultReadFields(ObjectInputStream.java:2496)
	at java.base/java.io.ObjectInputStream.readSerialData(ObjectInputStream.java:2390)
	at java.base/java.io.ObjectInputStream.readOrdinaryObject(ObjectInputStream.java:2228)
	at java.base/java.io.ObjectInputStream.readObject0(ObjectInputStream.java:1687)
	at java.base/java.io.ObjectInputStream.skipCustomData(ObjectInputStream.java:2451)
	at java.base/java.io.ObjectInputStream.readSerialData(ObjectInputStream.java:2400)
	at java.base/java.io.ObjectInputStream.readOrdinaryObject(ObjectInputStream.java:2228)
	at java.base/java.io.ObjectInputStream.readObject0(ObjectInputStream.java:1687)
	at java.base/java.io.ObjectInputStream.defaultReadFields(ObjectInputStream.java:2496)
	at java.base/java.io.ObjectInputStream.readSerialData(ObjectInputStream.java:2390)
	at java.base/java.io.ObjectInputStream.readOrdinaryObject(ObjectInputStream.java:2228)
	at java.base/java.io.ObjectInputStream.readObject0(ObjectInputStream.java:1687)
	at java.base/java.io.ObjectInputStream.readObject(ObjectInputStream.java:489)
	at java.base/java.io.ObjectInputStream.readObject(ObjectInputStream.java:447)
	at java.rmi/sun.rmi.server.UnicastRef.unmarshalValue(UnicastRef.java:327)
	at java.rmi/sun.rmi.server.UnicastServerRef.dispatch(UnicastServerRef.java:339)
	at java.rmi/sun.rmi.transport.Transport$1.run(Transport.java:200)
	at java.rmi/sun.rmi.transport.Transport$1.run(Transport.java:197)
	at java.base/java.security.AccessController.doPrivileged(Native Method)
	at java.rmi/sun.rmi.transport.Transport.serviceCall(Transport.java:196)
	at java.rmi/sun.rmi.transport.tcp.TCPTransport.handleMessages(TCPTransport.java:562)
	at java.rmi/sun.rmi.transport.tcp.TCPTransport$ConnectionHandler.run0(TCPTransport.java:796)
	at java.rmi/sun.rmi.transport.tcp.TCPTransport$ConnectionHandler.lambda$run$0(TCPTransport.java:677)
	at java.base/java.security.AccessController.doPrivileged(Native Method)
	at java.rmi/sun.rmi.transport.tcp.TCPTransport$ConnectionHandler.run(TCPTransport.java:676)
	at java.base/java.util.concurrent.ThreadPoolExecutor.runWorker(ThreadPoolExecutor.java:1128)
	at java.base/java.util.concurrent.ThreadPoolExecutor$Worker.run(ThreadPoolExecutor.java:628)
	... 1 common frames omitted
[Progress:=>                            5%] [Cov:======>                            18%][Progress:=>                            5%] [Cov:======>                            19%][MASTER] 15:57:08.650 [logback-1] WARN  ClientNodeImpl - Cannot send statistics to master; continuing without statistics
java.rmi.ServerError: Error occurred in server thread; nested exception is: 
	java.lang.NoClassDefFoundError: com/fasterxml/jackson/databind/AnnotationIntrospector
	at java.rmi/sun.rmi.server.UnicastServerRef.dispatch(UnicastServerRef.java:388)
	at java.rmi/sun.rmi.transport.Transport$1.run(Transport.java:200)
	at java.rmi/sun.rmi.transport.Transport$1.run(Transport.java:197)
	at java.base/java.security.AccessController.doPrivileged(Native Method)
	at java.rmi/sun.rmi.transport.Transport.serviceCall(Transport.java:196)
	at java.rmi/sun.rmi.transport.tcp.TCPTransport.handleMessages(TCPTransport.java:562)
	at java.rmi/sun.rmi.transport.tcp.TCPTransport$ConnectionHandler.run0(TCPTransport.java:796)
	at java.rmi/sun.rmi.transport.tcp.TCPTransport$ConnectionHandler.lambda$run$0(TCPTransport.java:677)
	at java.base/java.security.AccessController.doPrivileged(Native Method)
	at java.rmi/sun.rmi.transport.tcp.TCPTransport$ConnectionHandler.run(TCPTransport.java:676)
	at java.base/java.util.concurrent.ThreadPoolExecutor.runWorker(ThreadPoolExecutor.java:1128)
	at java.base/java.util.concurrent.ThreadPoolExecutor$Worker.run(ThreadPoolExecutor.java:628)
	at java.base/java.lang.Thread.run(Thread.java:829)
	at java.rmi/sun.rmi.transport.StreamRemoteCall.exceptionReceivedFromServer(StreamRemoteCall.java:303)
	at java.rmi/sun.rmi.transport.StreamRemoteCall.executeCall(StreamRemoteCall.java:279)
	at java.rmi/sun.rmi.server.UnicastRef.invoke(UnicastRef.java:164)
	at java.rmi/java.rmi.server.RemoteObjectInvocationHandler.invokeRemoteMethod(RemoteObjectInvocationHandler.java:217)
	at java.rmi/java.rmi.server.RemoteObjectInvocationHandler.invoke(RemoteObjectInvocationHandler.java:162)
	at com.sun.proxy.$Proxy7.evosuite_collectStatistics(Unknown Source)
	at org.evosuite.rmi.service.ClientNodeImpl.updateStatistics(ClientNodeImpl.java:251)
	at org.evosuite.statistics.StatisticsSender.sendIndividualToMaster(StatisticsSender.java:62)
	at org.evosuite.statistics.StatisticsListener.lambda$new$0(StatisticsListener.java:76)
	at java.base/java.lang.Thread.run(Thread.java:829)
Caused by: java.lang.NoClassDefFoundError: com/fasterxml/jackson/databind/AnnotationIntrospector
	at java.base/java.lang.Class.getDeclaringClass0(Native Method)
	at java.base/java.lang.Class.getEnclosingClass(Class.java:1517)
	at org.evosuite.utils.generic.GenericClassUtils.isMissingTypeParameters(GenericClassUtils.java:74)
	at org.evosuite.utils.generic.GenericClassImpl.addTypeParameters(GenericClassImpl.java:63)
	at org.evosuite.utils.generic.GenericClassImpl.readObject(GenericClassImpl.java:1685)
	at jdk.internal.reflect.GeneratedMethodAccessor9.invoke(Unknown Source)
	at java.base/jdk.internal.reflect.DelegatingMethodAccessorImpl.invoke(DelegatingMethodAccessorImpl.java:43)
	at java.base/java.lang.reflect.Method.invoke(Method.java:566)
	at java.base/java.io.ObjectStreamClass.invokeReadObject(ObjectStreamClass.java:1046)
	at java.base/java.io.ObjectInputStream.readSerialData(ObjectInputStream.java:2357)
	at java.base/java.io.ObjectInputStream.readOrdinaryObject(ObjectInputStream.java:2228)
	at java.base/java.io.ObjectInputStream.readObject0(ObjectInputStream.java:1687)
	at java.base/java.io.ObjectInputStream.defaultReadFields(ObjectInputStream.java:2496)
	at java.base/java.io.ObjectInputStream.readSerialData(ObjectInputStream.java:2390)
	at java.base/java.io.ObjectInputStream.readOrdinaryObject(ObjectInputStream.java:2228)
	at java.base/java.io.ObjectInputStream.readObject0(ObjectInputStream.java:1687)
	at java.base/java.io.ObjectInputStream.defaultReadFields(ObjectInputStream.java:2496)
	at java.base/java.io.ObjectInputStream.readSerialData(ObjectInputStream.java:2390)
	at java.base/java.io.ObjectInputStream.readOrdinaryObject(ObjectInputStream.java:2228)
	at java.base/java.io.ObjectInputStream.readObject0(ObjectInputStream.java:1687)
	at java.base/java.io.ObjectInputStream.skipCustomData(ObjectInputStream.java:2451)
	at java.base/java.io.ObjectInputStream.readSerialData(ObjectInputStream.java:2400)
	at java.base/java.io.ObjectInputStream.readOrdinaryObject(ObjectInputStream.java:2228)
	at java.base/java.io.ObjectInputStream.readObject0(ObjectInputStream.java:1687)
	at java.base/java.io.ObjectInputStream.defaultReadFields(ObjectInputStream.java:2496)
	at java.base/java.io.ObjectInputStream.readSerialData(ObjectInputStream.java:2390)
	at java.base/java.io.ObjectInputStream.readOrdinaryObject(ObjectInputStream.java:2228)
	at java.base/java.io.ObjectInputStream.readObject0(ObjectInputStream.java:1687)
	at java.base/java.io.ObjectInputStream.defaultReadFields(ObjectInputStream.java:2496)
	at java.base/java.io.ObjectInputStream.defaultReadObject(ObjectInputStream.java:625)
	at org.evosuite.testcase.DefaultTestCase.readObject(DefaultTestCase.java:1217)
	at jdk.internal.reflect.GeneratedMethodAccessor14.invoke(Unknown Source)
	at java.base/jdk.internal.reflect.DelegatingMethodAccessorImpl.invoke(DelegatingMethodAccessorImpl.java:43)
	at java.base/java.lang.reflect.Method.invoke(Method.java:566)
	at java.base/java.io.ObjectStreamClass.invokeReadObject(ObjectStreamClass.java:1046)
	at java.base/java.io.ObjectInputStream.readSerialData(ObjectInputStream.java:2357)
	at java.base/java.io.ObjectInputStream.readOrdinaryObject(ObjectInputStream.java:2228)
	at java.base/java.io.ObjectInputStream.readObject0(ObjectInputStream.java:1687)
	at java.base/java.io.ObjectInputStream.defaultReadFields(ObjectInputStream.java:2496)
	at java.base/java.io.ObjectInputStream.readSerialData(ObjectInputStream.java:2390)
	at java.base/java.io.ObjectInputStream.readOrdinaryObject(ObjectInputStream.java:2228)
	at java.base/java.io.ObjectInputStream.readObject0(ObjectInputStream.java:1687)
	at java.base/java.io.ObjectInputStream.skipCustomData(ObjectInputStream.java:2451)
	at java.base/java.io.ObjectInputStream.readSerialData(ObjectInputStream.java:2400)
	at java.base/java.io.ObjectInputStream.readOrdinaryObject(ObjectInputStream.java:2228)
	at java.base/java.io.ObjectInputStream.readObject0(ObjectInputStream.java:1687)
	at java.base/java.io.ObjectInputStream.defaultReadFields(ObjectInputStream.java:2496)
	at java.base/java.io.ObjectInputStream.readSerialData(ObjectInputStream.java:2390)
	at java.base/java.io.ObjectInputStream.readOrdinaryObject(ObjectInputStream.java:2228)
	at java.base/java.io.ObjectInputStream.readObject0(ObjectInputStream.java:1687)
	at java.base/java.io.ObjectInputStream.readObject(ObjectInputStream.java:489)
	at java.base/java.io.ObjectInputStream.readObject(ObjectInputStream.java:447)
	at java.rmi/sun.rmi.server.UnicastRef.unmarshalValue(UnicastRef.java:327)
	at java.rmi/sun.rmi.server.UnicastServerRef.dispatch(UnicastServerRef.java:339)
	at java.rmi/sun.rmi.transport.Transport$1.run(Transport.java:200)
	at java.rmi/sun.rmi.transport.Transport$1.run(Transport.java:197)
	at java.base/java.security.AccessController.doPrivileged(Native Method)
	at java.rmi/sun.rmi.transport.Transport.serviceCall(Transport.java:196)
	at java.rmi/sun.rmi.transport.tcp.TCPTransport.handleMessages(TCPTransport.java:562)
	at java.rmi/sun.rmi.transport.tcp.TCPTransport$ConnectionHandler.run0(TCPTransport.java:796)
	at java.rmi/sun.rmi.transport.tcp.TCPTransport$ConnectionHandler.lambda$run$0(TCPTransport.java:677)
	at java.base/java.security.AccessController.doPrivileged(Native Method)
	at java.rmi/sun.rmi.transport.tcp.TCPTransport$ConnectionHandler.run(TCPTransport.java:676)
	at java.base/java.util.concurrent.ThreadPoolExecutor.runWorker(ThreadPoolExecutor.java:1128)
	at java.base/java.util.concurrent.ThreadPoolExecutor$Worker.run(ThreadPoolExecutor.java:628)
	... 1 common frames omitted
[Progress:=>                            5%] [Cov:======>                            19%]GWO iteration=4 bestFitness=3554.4976689976693 population=50 a=1.92
========== GWO EVOLVE iteration=4 population=50 ==========
[MASTER] 15:57:08.931 [logback-1] WARN  ClientNodeImpl - Cannot send statistics to master; continuing without statistics
java.rmi.ServerError: Error occurred in server thread; nested exception is: 
	java.lang.NoClassDefFoundError: com/fasterxml/jackson/databind/AnnotationIntrospector
	at java.rmi/sun.rmi.server.UnicastServerRef.dispatch(UnicastServerRef.java:388)
	at java.rmi/sun.rmi.transport.Transport$1.run(Transport.java:200)
	at java.rmi/sun.rmi.transport.Transport$1.run(Transport.java:197)
	at java.base/java.security.AccessController.doPrivileged(Native Method)
	at java.rmi/sun.rmi.transport.Transport.serviceCall(Transport.java:196)
	at java.rmi/sun.rmi.transport.tcp.TCPTransport.handleMessages(TCPTransport.java:562)
	at java.rmi/sun.rmi.transport.tcp.TCPTransport$ConnectionHandler.run0(TCPTransport.java:796)
	at java.rmi/sun.rmi.transport.tcp.TCPTransport$ConnectionHandler.lambda$run$0(TCPTransport.java:677)
	at java.base/java.security.AccessController.doPrivileged(Native Method)
	at java.rmi/sun.rmi.transport.tcp.TCPTransport$ConnectionHandler.run(TCPTransport.java:676)
	at java.base/java.util.concurrent.ThreadPoolExecutor.runWorker(ThreadPoolExecutor.java:1128)
	at java.base/java.util.concurrent.ThreadPoolExecutor$Worker.run(ThreadPoolExecutor.java:628)
	at java.base/java.lang.Thread.run(Thread.java:829)
	at java.rmi/sun.rmi.transport.StreamRemoteCall.exceptionReceivedFromServer(StreamRemoteCall.java:303)
	at java.rmi/sun.rmi.transport.StreamRemoteCall.executeCall(StreamRemoteCall.java:279)
	at java.rmi/sun.rmi.server.UnicastRef.invoke(UnicastRef.java:164)
	at java.rmi/java.rmi.server.RemoteObjectInvocationHandler.invokeRemoteMethod(RemoteObjectInvocationHandler.java:217)
	at java.rmi/java.rmi.server.RemoteObjectInvocationHandler.invoke(RemoteObjectInvocationHandler.java:162)
	at com.sun.proxy.$Proxy7.evosuite_collectStatistics(Unknown Source)
	at org.evosuite.rmi.service.ClientNodeImpl.updateStatistics(ClientNodeImpl.java:251)
	at org.evosuite.statistics.StatisticsSender.sendIndividualToMaster(StatisticsSender.java:62)
	at org.evosuite.statistics.StatisticsListener.lambda$new$0(StatisticsListener.java:76)
	at java.base/java.lang.Thread.run(Thread.java:829)
Caused by: java.lang.NoClassDefFoundError: com/fasterxml/jackson/databind/AnnotationIntrospector
	at java.base/java.lang.Class.getDeclaringClass0(Native Method)
	at java.base/java.lang.Class.getEnclosingClass(Class.java:1517)
	at org.evosuite.utils.generic.GenericClassUtils.isMissingTypeParameters(GenericClassUtils.java:74)
	at org.evosuite.utils.generic.GenericClassImpl.addTypeParameters(GenericClassImpl.java:63)
	at org.evosuite.utils.generic.GenericClassImpl.readObject(GenericClassImpl.java:1685)
	at jdk.internal.reflect.GeneratedMethodAccessor9.invoke(Unknown Source)
	at java.base/jdk.internal.reflect.DelegatingMethodAccessorImpl.invoke(DelegatingMethodAccessorImpl.java:43)
	at java.base/java.lang.reflect.Method.invoke(Method.java:566)
	at java.base/java.io.ObjectStreamClass.invokeReadObject(ObjectStreamClass.java:1046)
	at java.base/java.io.ObjectInputStream.readSerialData(ObjectInputStream.java:2357)
	at java.base/java.io.ObjectInputStream.readOrdinaryObject(ObjectInputStream.java:2228)
	at java.base/java.io.ObjectInputStream.readObject0(ObjectInputStream.java:1687)
	at java.base/java.io.ObjectInputStream.defaultReadFields(ObjectInputStream.java:2496)
	at java.base/java.io.ObjectInputStream.readSerialData(ObjectInputStream.java:2390)
	at java.base/java.io.ObjectInputStream.readOrdinaryObject(ObjectInputStream.java:2228)
	at java.base/java.io.ObjectInputStream.readObject0(ObjectInputStream.java:1687)
	at java.base/java.io.ObjectInputStream.defaultReadFields(ObjectInputStream.java:2496)
	at java.base/java.io.ObjectInputStream.readSerialData(ObjectInputStream.java:2390)
	at java.base/java.io.ObjectInputStream.readOrdinaryObject(ObjectInputStream.java:2228)
	at java.base/java.io.ObjectInputStream.readObject0(ObjectInputStream.java:1687)
	at java.base/java.io.ObjectInputStream.skipCustomData(ObjectInputStream.java:2451)
	at java.base/java.io.ObjectInputStream.readSerialData(ObjectInputStream.java:2400)
	at java.base/java.io.ObjectInputStream.readOrdinaryObject(ObjectInputStream.java:2228)
	at java.base/java.io.ObjectInputStream.readObject0(ObjectInputStream.java:1687)
	at java.base/java.io.ObjectInputStream.defaultReadFields(ObjectInputStream.java:2496)
	at java.base/java.io.ObjectInputStream.readSerialData(ObjectInputStream.java:2390)
	at java.base/java.io.ObjectInputStream.readOrdinaryObject(ObjectInputStream.java:2228)
	at java.base/java.io.ObjectInputStream.readObject0(ObjectInputStream.java:1687)
	at java.base/java.io.ObjectInputStream.defaultReadFields(ObjectInputStream.java:2496)
	at java.base/java.io.ObjectInputStream.defaultReadObject(ObjectInputStream.java:625)
	at org.evosuite.testcase.DefaultTestCase.readObject(DefaultTestCase.java:1217)
	at jdk.internal.reflect.GeneratedMethodAccessor14.invoke(Unknown Source)
	at java.base/jdk.internal.reflect.DelegatingMethodAccessorImpl.invoke(DelegatingMethodAccessorImpl.java:43)
	at java.base/java.lang.reflect.Method.invoke(Method.java:566)
	at java.base/java.io.ObjectStreamClass.invokeReadObject(ObjectStreamClass.java:1046)
	at java.base/java.io.ObjectInputStream.readSerialData(ObjectInputStream.java:2357)
	at java.base/java.io.ObjectInputStream.readOrdinaryObject(ObjectInputStream.java:2228)
	at java.base/java.io.ObjectInputStream.readObject0(ObjectInputStream.java:1687)
	at java.base/java.io.ObjectInputStream.defaultReadFields(ObjectInputStream.java:2496)
	at java.base/java.io.ObjectInputStream.readSerialData(ObjectInputStream.java:2390)
	at java.base/java.io.ObjectInputStream.readOrdinaryObject(ObjectInputStream.java:2228)
	at java.base/java.io.ObjectInputStream.readObject0(ObjectInputStream.java:1687)
	at java.base/java.io.ObjectInputStream.skipCustomData(ObjectInputStream.java:2451)
	at java.base/java.io.ObjectInputStream.readSerialData(ObjectInputStream.java:2400)
	at java.base/java.io.ObjectInputStream.readOrdinaryObject(ObjectInputStream.java:2228)
	at java.base/java.io.ObjectInputStream.readObject0(ObjectInputStream.java:1687)
	at java.base/java.io.ObjectInputStream.defaultReadFields(ObjectInputStream.java:2496)
	at java.base/java.io.ObjectInputStream.readSerialData(ObjectInputStream.java:2390)
	at java.base/java.io.ObjectInputStream.readOrdinaryObject(ObjectInputStream.java:2228)
	at java.base/java.io.ObjectInputStream.readObject0(ObjectInputStream.java:1687)
	at java.base/java.io.ObjectInputStream.readObject(ObjectInputStream.java:489)
	at java.base/java.io.ObjectInputStream.readObject(ObjectInputStream.java:447)
	at java.rmi/sun.rmi.server.UnicastRef.unmarshalValue(UnicastRef.java:327)
	at java.rmi/sun.rmi.server.UnicastServerRef.dispatch(UnicastServerRef.java:339)
	at java.rmi/sun.rmi.transport.Transport$1.run(Transport.java:200)
	at java.rmi/sun.rmi.transport.Transport$1.run(Transport.java:197)
	at java.base/java.security.AccessController.doPrivileged(Native Method)
	at java.rmi/sun.rmi.transport.Transport.serviceCall(Transport.java:196)
	at java.rmi/sun.rmi.transport.tcp.TCPTransport.handleMessages(TCPTransport.java:562)
	at java.rmi/sun.rmi.transport.tcp.TCPTransport$ConnectionHandler.run0(TCPTransport.java:796)
	at java.rmi/sun.rmi.transport.tcp.TCPTransport$ConnectionHandler.lambda$run$0(TCPTransport.java:677)
	at java.base/java.security.AccessController.doPrivileged(Native Method)
	at java.rmi/sun.rmi.transport.tcp.TCPTransport$ConnectionHandler.run(TCPTransport.java:676)
	at java.base/java.util.concurrent.ThreadPoolExecutor.runWorker(ThreadPoolExecutor.java:1128)
	at java.base/java.util.concurrent.ThreadPoolExecutor$Worker.run(ThreadPoolExecutor.java:628)
	... 1 common frames omitted
[Progress:=>                            6%] [Cov:======>                            19%][MASTER] 15:57:09.168 [logback-1] WARN  ClientNodeImpl - Cannot send statistics to master; continuing without statistics
java.rmi.ServerError: Error occurred in server thread; nested exception is: 
	java.lang.NoClassDefFoundError: com/fasterxml/jackson/databind/AnnotationIntrospector
	at java.rmi/sun.rmi.server.UnicastServerRef.dispatch(UnicastServerRef.java:388)
	at java.rmi/sun.rmi.transport.Transport$1.run(Transport.java:200)
	at java.rmi/sun.rmi.transport.Transport$1.run(Transport.java:197)
	at java.base/java.security.AccessController.doPrivileged(Native Method)
	at java.rmi/sun.rmi.transport.Transport.serviceCall(Transport.java:196)
	at java.rmi/sun.rmi.transport.tcp.TCPTransport.handleMessages(TCPTransport.java:562)
	at java.rmi/sun.rmi.transport.tcp.TCPTransport$ConnectionHandler.run0(TCPTransport.java:796)
	at java.rmi/sun.rmi.transport.tcp.TCPTransport$ConnectionHandler.lambda$run$0(TCPTransport.java:677)
	at java.base/java.security.AccessController.doPrivileged(Native Method)
	at java.rmi/sun.rmi.transport.tcp.TCPTransport$ConnectionHandler.run(TCPTransport.java:676)
	at java.base/java.util.concurrent.ThreadPoolExecutor.runWorker(ThreadPoolExecutor.java:1128)
	at java.base/java.util.concurrent.ThreadPoolExecutor$Worker.run(ThreadPoolExecutor.java:628)
	at java.base/java.lang.Thread.run(Thread.java:829)
	at java.rmi/sun.rmi.transport.StreamRemoteCall.exceptionReceivedFromServer(StreamRemoteCall.java:303)
	at java.rmi/sun.rmi.transport.StreamRemoteCall.executeCall(StreamRemoteCall.java:279)
	at java.rmi/sun.rmi.server.UnicastRef.invoke(UnicastRef.java:164)
	at java.rmi/java.rmi.server.RemoteObjectInvocationHandler.invokeRemoteMethod(RemoteObjectInvocationHandler.java:217)
	at java.rmi/java.rmi.server.RemoteObjectInvocationHandler.invoke(RemoteObjectInvocationHandler.java:162)
	at com.sun.proxy.$Proxy7.evosuite_collectStatistics(Unknown Source)
	at org.evosuite.rmi.service.ClientNodeImpl.updateStatistics(ClientNodeImpl.java:251)
	at org.evosuite.statistics.StatisticsSender.sendIndividualToMaster(StatisticsSender.java:62)
	at org.evosuite.statistics.StatisticsListener.lambda$new$0(StatisticsListener.java:76)
	at java.base/java.lang.Thread.run(Thread.java:829)
Caused by: java.lang.NoClassDefFoundError: com/fasterxml/jackson/databind/AnnotationIntrospector
	at java.base/java.lang.Class.getDeclaringClass0(Native Method)
	at java.base/java.lang.Class.getEnclosingClass(Class.java:1517)
	at org.evosuite.utils.generic.GenericClassUtils.isMissingTypeParameters(GenericClassUtils.java:74)
	at org.evosuite.utils.generic.GenericClassImpl.addTypeParameters(GenericClassImpl.java:63)
	at org.evosuite.utils.generic.GenericClassImpl.readObject(GenericClassImpl.java:1685)
	at jdk.internal.reflect.GeneratedMethodAccessor9.invoke(Unknown Source)
	at java.base/jdk.internal.reflect.DelegatingMethodAccessorImpl.invoke(DelegatingMethodAccessorImpl.java:43)
	at java.base/java.lang.reflect.Method.invoke(Method.java:566)
	at java.base/java.io.ObjectStreamClass.invokeReadObject(ObjectStreamClass.java:1046)
	at java.base/java.io.ObjectInputStream.readSerialData(ObjectInputStream.java:2357)
	at java.base/java.io.ObjectInputStream.readOrdinaryObject(ObjectInputStream.java:2228)
	at java.base/java.io.ObjectInputStream.readObject0(ObjectInputStream.java:1687)
	at java.base/java.io.ObjectInputStream.defaultReadFields(ObjectInputStream.java:2496)
	at java.base/java.io.ObjectInputStream.readSerialData(ObjectInputStream.java:2390)
	at java.base/java.io.ObjectInputStream.readOrdinaryObject(ObjectInputStream.java:2228)
	at java.base/java.io.ObjectInputStream.readObject0(ObjectInputStream.java:1687)
	at java.base/java.io.ObjectInputStream.defaultReadFields(ObjectInputStream.java:2496)
	at java.base/java.io.ObjectInputStream.readSerialData(ObjectInputStream.java:2390)
	at java.base/java.io.ObjectInputStream.readOrdinaryObject(ObjectInputStream.java:2228)
	at java.base/java.io.ObjectInputStream.readObject0(ObjectInputStream.java:1687)
	at java.base/java.io.ObjectInputStream.skipCustomData(ObjectInputStream.java:2451)
	at java.base/java.io.ObjectInputStream.readSerialData(ObjectInputStream.java:2400)
	at java.base/java.io.ObjectInputStream.readOrdinaryObject(ObjectInputStream.java:2228)
	at java.base/java.io.ObjectInputStream.readObject0(ObjectInputStream.java:1687)
	at java.base/java.io.ObjectInputStream.defaultReadFields(ObjectInputStream.java:2496)
	at java.base/java.io.ObjectInputStream.readSerialData(ObjectInputStream.java:2390)
	at java.base/java.io.ObjectInputStream.readOrdinaryObject(ObjectInputStream.java:2228)
	at java.base/java.io.ObjectInputStream.readObject0(ObjectInputStream.java:1687)
	at java.base/java.io.ObjectInputStream.defaultReadFields(ObjectInputStream.java:2496)
	at java.base/java.io.ObjectInputStream.defaultReadObject(ObjectInputStream.java:625)
	at org.evosuite.testcase.DefaultTestCase.readObject(DefaultTestCase.java:1217)
	at jdk.internal.reflect.GeneratedMethodAccessor14.invoke(Unknown Source)
	at java.base/jdk.internal.reflect.DelegatingMethodAccessorImpl.invoke(DelegatingMethodAccessorImpl.java:43)
	at java.base/java.lang.reflect.Method.invoke(Method.java:566)
	at java.base/java.io.ObjectStreamClass.invokeReadObject(ObjectStreamClass.java:1046)
	at java.base/java.io.ObjectInputStream.readSerialData(ObjectInputStream.java:2357)
	at java.base/java.io.ObjectInputStream.readOrdinaryObject(ObjectInputStream.java:2228)
	at java.base/java.io.ObjectInputStream.readObject0(ObjectInputStream.java:1687)
	at java.base/java.io.ObjectInputStream.defaultReadFields(ObjectInputStream.java:2496)
	at java.base/java.io.ObjectInputStream.readSerialData(ObjectInputStream.java:2390)
	at java.base/java.io.ObjectInputStream.readOrdinaryObject(ObjectInputStream.java:2228)
	at java.base/java.io.ObjectInputStream.readObject0(ObjectInputStream.java:1687)
	at java.base/java.io.ObjectInputStream.skipCustomData(ObjectInputStream.java:2451)
	at java.base/java.io.ObjectInputStream.readSerialData(ObjectInputStream.java:2400)
	at java.base/java.io.ObjectInputStream.readOrdinaryObject(ObjectInputStream.java:2228)
	at java.base/java.io.ObjectInputStream.readObject0(ObjectInputStream.java:1687)
	at java.base/java.io.ObjectInputStream.defaultReadFields(ObjectInputStream.java:2496)
	at java.base/java.io.ObjectInputStream.readSerialData(ObjectInputStream.java:2390)
	at java.base/java.io.ObjectInputStream.readOrdinaryObject(ObjectInputStream.java:2228)
	at java.base/java.io.ObjectInputStream.readObject0(ObjectInputStream.java:1687)
	at java.base/java.io.ObjectInputStream.readObject(ObjectInputStream.java:489)
	at java.base/java.io.ObjectInputStream.readObject(ObjectInputStream.java:447)
	at java.rmi/sun.rmi.server.UnicastRef.unmarshalValue(UnicastRef.java:327)
	at java.rmi/sun.rmi.server.UnicastServerRef.dispatch(UnicastServerRef.java:339)
	at java.rmi/sun.rmi.transport.Transport$1.run(Transport.java:200)
	at java.rmi/sun.rmi.transport.Transport$1.run(Transport.java:197)
	at java.base/java.security.AccessController.doPrivileged(Native Method)
	at java.rmi/sun.rmi.transport.Transport.serviceCall(Transport.java:196)
	at java.rmi/sun.rmi.transport.tcp.TCPTransport.handleMessages(TCPTransport.java:562)
	at java.rmi/sun.rmi.transport.tcp.TCPTransport$ConnectionHandler.run0(TCPTransport.java:796)
	at java.rmi/sun.rmi.transport.tcp.TCPTransport$ConnectionHandler.lambda$run$0(TCPTransport.java:677)
	at java.base/java.security.AccessController.doPrivileged(Native Method)
	at java.rmi/sun.rmi.transport.tcp.TCPTransport$ConnectionHandler.run(TCPTransport.java:676)
	at java.base/java.util.concurrent.ThreadPoolExecutor.runWorker(ThreadPoolExecutor.java:1128)
	at java.base/java.util.concurrent.ThreadPoolExecutor$Worker.run(ThreadPoolExecutor.java:628)
	... 1 common frames omitted
[Progress:=>                            6%] [Cov:======>                            19%]GWO iteration=5 bestFitness=3554.4976689976693 population=50 a=1.9
[MASTER] 15:57:09.431 [logback-1] WARN  ClientNodeImpl - Cannot send statistics to master; continuing without statistics
java.rmi.ServerError: Error occurred in server thread; nested exception is: 
	java.lang.NoClassDefFoundError: com/fasterxml/jackson/databind/AnnotationIntrospector
	at java.rmi/sun.rmi.server.UnicastServerRef.dispatch(UnicastServerRef.java:388)
	at java.rmi/sun.rmi.transport.Transport$1.run(Transport.java:200)
	at java.rmi/sun.rmi.transport.Transport$1.run(Transport.java:197)
	at java.base/java.security.AccessController.doPrivileged(Native Method)
	at java.rmi/sun.rmi.transport.Transport.serviceCall(Transport.java:196)
	at java.rmi/sun.rmi.transport.tcp.TCPTransport.handleMessages(TCPTransport.java:562)
	at java.rmi/sun.rmi.transport.tcp.TCPTransport$ConnectionHandler.run0(TCPTransport.java:796)
	at java.rmi/sun.rmi.transport.tcp.TCPTransport$ConnectionHandler.lambda$run$0(TCPTransport.java:677)
	at java.base/java.security.AccessController.doPrivileged(Native Method)
	at java.rmi/sun.rmi.transport.tcp.TCPTransport$ConnectionHandler.run(TCPTransport.java:676)
	at java.base/java.util.concurrent.ThreadPoolExecutor.runWorker(ThreadPoolExecutor.java:1128)
	at java.base/java.util.concurrent.ThreadPoolExecutor$Worker.run(ThreadPoolExecutor.java:628)
	at java.base/java.lang.Thread.run(Thread.java:829)
	at java.rmi/sun.rmi.transport.StreamRemoteCall.exceptionReceivedFromServer(StreamRemoteCall.java:303)
	at java.rmi/sun.rmi.transport.StreamRemoteCall.executeCall(StreamRemoteCall.java:279)
	at java.rmi/sun.rmi.server.UnicastRef.invoke(UnicastRef.java:164)
	at java.rmi/java.rmi.server.RemoteObjectInvocationHandler.invokeRemoteMethod(RemoteObjectInvocationHandler.java:217)
	at java.rmi/java.rmi.server.RemoteObjectInvocationHandler.invoke(RemoteObjectInvocationHandler.java:162)
	at com.sun.proxy.$Proxy7.evosuite_collectStatistics(Unknown Source)
	at org.evosuite.rmi.service.ClientNodeImpl.updateStatistics(ClientNodeImpl.java:251)
	at org.evosuite.statistics.StatisticsSender.sendIndividualToMaster(StatisticsSender.java:62)
	at org.evosuite.statistics.StatisticsListener.lambda$new$0(StatisticsListener.java:76)
	at java.base/java.lang.Thread.run(Thread.java:829)
Caused by: java.lang.NoClassDefFoundError: com/fasterxml/jackson/databind/AnnotationIntrospector
	at java.base/java.lang.Class.getDeclaringClass0(Native Method)
	at java.base/java.lang.Class.getEnclosingClass(Class.java:1517)
	at org.evosuite.utils.generic.GenericClassUtils.isMissingTypeParameters(GenericClassUtils.java:74)
	at org.evosuite.utils.generic.GenericClassImpl.addTypeParameters(GenericClassImpl.java:63)
	at org.evosuite.utils.generic.GenericClassImpl.readObject(GenericClassImpl.java:1685)
	at jdk.internal.reflect.GeneratedMethodAccessor9.invoke(Unknown Source)
	at java.base/jdk.internal.reflect.DelegatingMethodAccessorImpl.invoke(DelegatingMethodAccessorImpl.java:43)
	at java.base/java.lang.reflect.Method.invoke(Method.java:566)
	at java.base/java.io.ObjectStreamClass.invokeReadObject(ObjectStreamClass.java:1046)
	at java.base/java.io.ObjectInputStream.readSerialData(ObjectInputStream.java:2357)
	at java.base/java.io.ObjectInputStream.readOrdinaryObject(ObjectInputStream.java:2228)
	at java.base/java.io.ObjectInputStream.readObject0(ObjectInputStream.java:1687)
	at java.base/java.io.ObjectInputStream.defaultReadFields(ObjectInputStream.java:2496)
	at java.base/java.io.ObjectInputStream.readSerialData(ObjectInputStream.java:2390)
	at java.base/java.io.ObjectInputStream.readOrdinaryObject(ObjectInputStream.java:2228)
	at java.base/java.io.ObjectInputStream.readObject0(ObjectInputStream.java:1687)
	at java.base/java.io.ObjectInputStream.defaultReadFields(ObjectInputStream.java:2496)
	at java.base/java.io.ObjectInputStream.readSerialData(ObjectInputStream.java:2390)
	at java.base/java.io.ObjectInputStream.readOrdinaryObject(ObjectInputStream.java:2228)
	at java.base/java.io.ObjectInputStream.readObject0(ObjectInputStream.java:1687)
	at java.base/java.io.ObjectInputStream.skipCustomData(ObjectInputStream.java:2451)
	at java.base/java.io.ObjectInputStream.readSerialData(ObjectInputStream.java:2400)
	at java.base/java.io.ObjectInputStream.readOrdinaryObject(ObjectInputStream.java:2228)
	at java.base/java.io.ObjectInputStream.readObject0(ObjectInputStream.java:1687)
	at java.base/java.io.ObjectInputStream.defaultReadFields(ObjectInputStream.java:2496)
	at java.base/java.io.ObjectInputStream.readSerialData(ObjectInputStream.java:2390)
	at java.base/java.io.ObjectInputStream.readOrdinaryObject(ObjectInputStream.java:2228)
	at java.base/java.io.ObjectInputStream.readObject0(ObjectInputStream.java:1687)
	at java.base/java.io.ObjectInputStream.defaultReadFields(ObjectInputStream.java:2496)
	at java.base/java.io.ObjectInputStream.defaultReadObject(ObjectInputStream.java:625)
	at org.evosuite.testcase.DefaultTestCase.readObject(DefaultTestCase.java:1217)
	at jdk.internal.reflect.GeneratedMethodAccessor14.invoke(Unknown Source)
	at java.base/jdk.internal.reflect.DelegatingMethodAccessorImpl.invoke(DelegatingMethodAccessorImpl.java:43)
	at java.base/java.lang.reflect.Method.invoke(Method.java:566)
	at java.base/java.io.ObjectStreamClass.invokeReadObject(ObjectStreamClass.java:1046)
	at java.base/java.io.ObjectInputStream.readSerialData(ObjectInputStream.java:2357)
	at java.base/java.io.ObjectInputStream.readOrdinaryObject(ObjectInputStream.java:2228)
	at java.base/java.io.ObjectInputStream.readObject0(ObjectInputStream.java:1687)
	at java.base/java.io.ObjectInputStream.defaultReadFields(ObjectInputStream.java:2496)
	at java.base/java.io.ObjectInputStream.readSerialData(ObjectInputStream.java:2390)
	at java.base/java.io.ObjectInputStream.readOrdinaryObject(ObjectInputStream.java:2228)
	at java.base/java.io.ObjectInputStream.readObject0(ObjectInputStream.java:1687)
	at java.base/java.io.ObjectInputStream.skipCustomData(ObjectInputStream.java:2451)
	at java.base/java.io.ObjectInputStream.readSerialData(ObjectInputStream.java:2400)
	at java.base/java.io.ObjectInputStream.readOrdinaryObject(ObjectInputStream.java:2228)
	at java.base/java.io.ObjectInputStream.readObject0(ObjectInputStream.java:1687)
	at java.base/java.io.ObjectInputStream.defaultReadFields(ObjectInputStream.java:2496)
	at java.base/java.io.ObjectInputStream.readSerialData(ObjectInputStream.java:2390)
	at java.base/java.io.ObjectInputStream.readOrdinaryObject(ObjectInputStream.java:2228)
	at java.base/java.io.ObjectInputStream.readObject0(ObjectInputStream.java:1687)
	at java.base/java.io.ObjectInputStream.readObject(ObjectInputStream.java:489)
	at java.base/java.io.ObjectInputStream.readObject(ObjectInputStream.java:447)
	at java.rmi/sun.rmi.server.UnicastRef.unmarshalValue(UnicastRef.java:327)
	at java.rmi/sun.rmi.server.UnicastServerRef.dispatch(UnicastServerRef.java:339)
	at java.rmi/sun.rmi.transport.Transport$1.run(Transport.java:200)
	at java.rmi/sun.rmi.transport.Transport$1.run(Transport.java:197)
	at java.base/java.security.AccessController.doPrivileged(Native Method)
	at java.rmi/sun.rmi.transport.Transport.serviceCall(Transport.java:196)
	at java.rmi/sun.rmi.transport.tcp.TCPTransport.handleMessages(TCPTransport.java:562)
	at java.rmi/sun.rmi.transport.tcp.TCPTransport$ConnectionHandler.run0(TCPTransport.java:796)
	at java.rmi/sun.rmi.transport.tcp.TCPTransport$ConnectionHandler.lambda$run$0(TCPTransport.java:677)
	at java.base/java.security.AccessController.doPrivileged(Native Method)
	at java.rmi/sun.rmi.transport.tcp.TCPTransport$ConnectionHandler.run(TCPTransport.java:676)
	at java.base/java.util.concurrent.ThreadPoolExecutor.runWorker(ThreadPoolExecutor.java:1128)
	at java.base/java.util.concurrent.ThreadPoolExecutor$Worker.run(ThreadPoolExecutor.java:628)
	... 1 common frames omitted
[MASTER] 15:57:09.663 [logback-1] WARN  ClientNodeImpl - Cannot send statistics to master; continuing without statistics
java.rmi.ServerError: Error occurred in server thread; nested exception is: 
	java.lang.NoClassDefFoundError: com/fasterxml/jackson/databind/AnnotationIntrospector
	at java.rmi/sun.rmi.server.UnicastServerRef.dispatch(UnicastServerRef.java:388)
	at java.rmi/sun.rmi.transport.Transport$1.run(Transport.java:200)
	at java.rmi/sun.rmi.transport.Transport$1.run(Transport.java:197)
	at java.base/java.security.AccessController.doPrivileged(Native Method)
	at java.rmi/sun.rmi.transport.Transport.serviceCall(Transport.java:196)
	at java.rmi/sun.rmi.transport.tcp.TCPTransport.handleMessages(TCPTransport.java:562)
	at java.rmi/sun.rmi.transport.tcp.TCPTransport$ConnectionHandler.run0(TCPTransport.java:796)
	at java.rmi/sun.rmi.transport.tcp.TCPTransport$ConnectionHandler.lambda$run$0(TCPTransport.java:677)
	at java.base/java.security.AccessController.doPrivileged(Native Method)
	at java.rmi/sun.rmi.transport.tcp.TCPTransport$ConnectionHandler.run(TCPTransport.java:676)
	at java.base/java.util.concurrent.ThreadPoolExecutor.runWorker(ThreadPoolExecutor.java:1128)
	at java.base/java.util.concurrent.ThreadPoolExecutor$Worker.run(ThreadPoolExecutor.java:628)
	at java.base/java.lang.Thread.run(Thread.java:829)
	at java.rmi/sun.rmi.transport.StreamRemoteCall.exceptionReceivedFromServer(StreamRemoteCall.java:303)
	at java.rmi/sun.rmi.transport.StreamRemoteCall.executeCall(StreamRemoteCall.java:279)
	at java.rmi/sun.rmi.server.UnicastRef.invoke(UnicastRef.java:164)
	at java.rmi/java.rmi.server.RemoteObjectInvocationHandler.invokeRemoteMethod(RemoteObjectInvocationHandler.java:217)
	at java.rmi/java.rmi.server.RemoteObjectInvocationHandler.invoke(RemoteObjectInvocationHandler.java:162)
	at com.sun.proxy.$Proxy7.evosuite_collectStatistics(Unknown Source)
	at org.evosuite.rmi.service.ClientNodeImpl.updateStatistics(ClientNodeImpl.java:251)
	at org.evosuite.statistics.StatisticsSender.sendIndividualToMaster(StatisticsSender.java:62)
	at org.evosuite.statistics.StatisticsListener.lambda$new$0(StatisticsListener.java:76)
	at java.base/java.lang.Thread.run(Thread.java:829)
Caused by: java.lang.NoClassDefFoundError: com/fasterxml/jackson/databind/AnnotationIntrospector
	at java.base/java.lang.Class.getDeclaringClass0(Native Method)
	at java.base/java.lang.Class.getEnclosingClass(Class.java:1517)
	at org.evosuite.utils.generic.GenericClassUtils.isMissingTypeParameters(GenericClassUtils.java:74)
	at org.evosuite.utils.generic.GenericClassImpl.addTypeParameters(GenericClassImpl.java:63)
	at org.evosuite.utils.generic.GenericClassImpl.readObject(GenericClassImpl.java:1685)
	at jdk.internal.reflect.GeneratedMethodAccessor9.invoke(Unknown Source)
	at java.base/jdk.internal.reflect.DelegatingMethodAccessorImpl.invoke(DelegatingMethodAccessorImpl.java:43)
	at java.base/java.lang.reflect.Method.invoke(Method.java:566)
	at java.base/java.io.ObjectStreamClass.invokeReadObject(ObjectStreamClass.java:1046)
	at java.base/java.io.ObjectInputStream.readSerialData(ObjectInputStream.java:2357)
	at java.base/java.io.ObjectInputStream.readOrdinaryObject(ObjectInputStream.java:2228)
	at java.base/java.io.ObjectInputStream.readObject0(ObjectInputStream.java:1687)
	at java.base/java.io.ObjectInputStream.defaultReadFields(ObjectInputStream.java:2496)
	at java.base/java.io.ObjectInputStream.readSerialData(ObjectInputStream.java:2390)
	at java.base/java.io.ObjectInputStream.readOrdinaryObject(ObjectInputStream.java:2228)
	at java.base/java.io.ObjectInputStream.readObject0(ObjectInputStream.java:1687)
	at java.base/java.io.ObjectInputStream.defaultReadFields(ObjectInputStream.java:2496)
	at java.base/java.io.ObjectInputStream.readSerialData(ObjectInputStream.java:2390)
	at java.base/java.io.ObjectInputStream.readOrdinaryObject(ObjectInputStream.java:2228)
	at java.base/java.io.ObjectInputStream.readObject0(ObjectInputStream.java:1687)
	at java.base/java.io.ObjectInputStream.skipCustomData(ObjectInputStream.java:2451)
	at java.base/java.io.ObjectInputStream.readSerialData(ObjectInputStream.java:2400)
	at java.base/java.io.ObjectInputStream.readOrdinaryObject(ObjectInputStream.java:2228)
	at java.base/java.io.ObjectInputStream.readObject0(ObjectInputStream.java:1687)
	at java.base/java.io.ObjectInputStream.defaultReadFields(ObjectInputStream.java:2496)
	at java.base/java.io.ObjectInputStream.readSerialData(ObjectInputStream.java:2390)
	at java.base/java.io.ObjectInputStream.readOrdinaryObject(ObjectInputStream.java:2228)
	at java.base/java.io.ObjectInputStream.readObject0(ObjectInputStream.java:1687)
	at java.base/java.io.ObjectInputStream.defaultReadFields(ObjectInputStream.java:2496)
	at java.base/java.io.ObjectInputStream.defaultReadObject(ObjectInputStream.java:625)
	at org.evosuite.testcase.DefaultTestCase.readObject(DefaultTestCase.java:1217)
	at jdk.internal.reflect.GeneratedMethodAccessor14.invoke(Unknown Source)
	at java.base/jdk.internal.reflect.DelegatingMethodAccessorImpl.invoke(DelegatingMethodAccessorImpl.java:43)
	at java.base/java.lang.reflect.Method.invoke(Method.java:566)
	at java.base/java.io.ObjectStreamClass.invokeReadObject(ObjectStreamClass.java:1046)
	at java.base/java.io.ObjectInputStream.readSerialData(ObjectInputStream.java:2357)
	at java.base/java.io.ObjectInputStream.readOrdinaryObject(ObjectInputStream.java:2228)
	at java.base/java.io.ObjectInputStream.readObject0(ObjectInputStream.java:1687)
	at java.base/java.io.ObjectInputStream.defaultReadFields(ObjectInputStream.java:2496)
	at java.base/java.io.ObjectInputStream.readSerialData(ObjectInputStream.java:2390)
	at java.base/java.io.ObjectInputStream.readOrdinaryObject(ObjectInputStream.java:2228)
	at java.base/java.io.ObjectInputStream.readObject0(ObjectInputStream.java:1687)
	at java.base/java.io.ObjectInputStream.skipCustomData(ObjectInputStream.java:2451)
	at java.base/java.io.ObjectInputStream.readSerialData(ObjectInputStream.java:2400)
	at java.base/java.io.ObjectInputStream.readOrdinaryObject(ObjectInputStream.java:2228)
	at java.base/java.io.ObjectInputStream.readObject0(ObjectInputStream.java:1687)
	at java.base/java.io.ObjectInputStream.defaultReadFields(ObjectInputStream.java:2496)
	at java.base/java.io.ObjectInputStream.readSerialData(ObjectInputStream.java:2390)
	at java.base/java.io.ObjectInputStream.readOrdinaryObject(ObjectInputStream.java:2228)
	at java.base/java.io.ObjectInputStream.readObject0(ObjectInputStream.java:1687)
	at java.base/java.io.ObjectInputStream.readObject(ObjectInputStream.java:489)
	at java.base/java.io.ObjectInputStream.readObject(ObjectInputStream.java:447)
	at java.rmi/sun.rmi.server.UnicastRef.unmarshalValue(UnicastRef.java:327)
	at java.rmi/sun.rmi.server.UnicastServerRef.dispatch(UnicastServerRef.java:339)
	at java.rmi/sun.rmi.transport.Transport$1.run(Transport.java:200)
	at java.rmi/sun.rmi.transport.Transport$1.run(Transport.java:197)
	at java.base/java.security.AccessController.doPrivileged(Native Method)
	at java.rmi/sun.rmi.transport.Transport.serviceCall(Transport.java:196)
	at java.rmi/sun.rmi.transport.tcp.TCPTransport.handleMessages(TCPTransport.java:562)
	at java.rmi/sun.rmi.transport.tcp.TCPTransport$ConnectionHandler.run0(TCPTransport.java:796)
	at java.rmi/sun.rmi.transport.tcp.TCPTransport$ConnectionHandler.lambda$run$0(TCPTransport.java:677)
	at java.base/java.security.AccessController.doPrivileged(Native Method)
	at java.rmi/sun.rmi.transport.tcp.TCPTransport$ConnectionHandler.run(TCPTransport.java:676)
	at java.base/java.util.concurrent.ThreadPoolExecutor.runWorker(ThreadPoolExecutor.java:1128)
	at java.base/java.util.concurrent.ThreadPoolExecutor$Worker.run(ThreadPoolExecutor.java:628)
	... 1 common frames omitted
[MASTER] 15:57:09.901 [logback-1] WARN  ClientNodeImpl - Cannot send statistics to master; continuing without statistics
java.rmi.ServerError: Error occurred in server thread; nested exception is: 
	java.lang.NoClassDefFoundError: com/fasterxml/jackson/databind/AnnotationIntrospector
	at java.rmi/sun.rmi.server.UnicastServerRef.dispatch(UnicastServerRef.java:388)
	at java.rmi/sun.rmi.transport.Transport$1.run(Transport.java:200)
	at java.rmi/sun.rmi.transport.Transport$1.run(Transport.java:197)
	at java.base/java.security.AccessController.doPrivileged(Native Method)
	at java.rmi/sun.rmi.transport.Transport.serviceCall(Transport.java:196)
	at java.rmi/sun.rmi.transport.tcp.TCPTransport.handleMessages(TCPTransport.java:562)
	at java.rmi/sun.rmi.transport.tcp.TCPTransport$ConnectionHandler.run0(TCPTransport.java:796)
	at java.rmi/sun.rmi.transport.tcp.TCPTransport$ConnectionHandler.lambda$run$0(TCPTransport.java:677)
	at java.base/java.security.AccessController.doPrivileged(Native Method)
	at java.rmi/sun.rmi.transport.tcp.TCPTransport$ConnectionHandler.run(TCPTransport.java:676)
	at java.base/java.util.concurrent.ThreadPoolExecutor.runWorker(ThreadPoolExecutor.java:1128)
	at java.base/java.util.concurrent.ThreadPoolExecutor$Worker.run(ThreadPoolExecutor.java:628)
	at java.base/java.lang.Thread.run(Thread.java:829)
	at java.rmi/sun.rmi.transport.StreamRemoteCall.exceptionReceivedFromServer(StreamRemoteCall.java:303)
	at java.rmi/sun.rmi.transport.StreamRemoteCall.executeCall(StreamRemoteCall.java:279)
	at java.rmi/sun.rmi.server.UnicastRef.invoke(UnicastRef.java:164)
	at java.rmi/java.rmi.server.RemoteObjectInvocationHandler.invokeRemoteMethod(RemoteObjectInvocationHandler.java:217)
	at java.rmi/java.rmi.server.RemoteObjectInvocationHandler.invoke(RemoteObjectInvocationHandler.java:162)
	at com.sun.proxy.$Proxy7.evosuite_collectStatistics(Unknown Source)
	at org.evosuite.rmi.service.ClientNodeImpl.updateStatistics(ClientNodeImpl.java:251)
	at org.evosuite.statistics.StatisticsSender.sendIndividualToMaster(StatisticsSender.java:62)
	at org.evosuite.statistics.StatisticsListener.lambda$new$0(StatisticsListener.java:76)
	at java.base/java.lang.Thread.run(Thread.java:829)
Caused by: java.lang.NoClassDefFoundError: com/fasterxml/jackson/databind/AnnotationIntrospector
	at java.base/java.lang.Class.getDeclaringClass0(Native Method)
	at java.base/java.lang.Class.getEnclosingClass(Class.java:1517)
	at org.evosuite.utils.generic.GenericClassUtils.isMissingTypeParameters(GenericClassUtils.java:74)
	at org.evosuite.utils.generic.GenericClassImpl.addTypeParameters(GenericClassImpl.java:63)
	at org.evosuite.utils.generic.GenericClassImpl.readObject(GenericClassImpl.java:1685)
	at jdk.internal.reflect.GeneratedMethodAccessor9.invoke(Unknown Source)
	at java.base/jdk.internal.reflect.DelegatingMethodAccessorImpl.invoke(DelegatingMethodAccessorImpl.java:43)
	at java.base/java.lang.reflect.Method.invoke(Method.java:566)
	at java.base/java.io.ObjectStreamClass.invokeReadObject(ObjectStreamClass.java:1046)
	at java.base/java.io.ObjectInputStream.readSerialData(ObjectInputStream.java:2357)
	at java.base/java.io.ObjectInputStream.readOrdinaryObject(ObjectInputStream.java:2228)
	at java.base/java.io.ObjectInputStream.readObject0(ObjectInputStream.java:1687)
	at java.base/java.io.ObjectInputStream.defaultReadFields(ObjectInputStream.java:2496)
	at java.base/java.io.ObjectInputStream.readSerialData(ObjectInputStream.java:2390)
	at java.base/java.io.ObjectInputStream.readOrdinaryObject(ObjectInputStream.java:2228)
	at java.base/java.io.ObjectInputStream.readObject0(ObjectInputStream.java:1687)
	at java.base/java.io.ObjectInputStream.defaultReadFields(ObjectInputStream.java:2496)
	at java.base/java.io.ObjectInputStream.readSerialData(ObjectInputStream.java:2390)
	at java.base/java.io.ObjectInputStream.readOrdinaryObject(ObjectInputStream.java:2228)
	at java.base/java.io.ObjectInputStream.readObject0(ObjectInputStream.java:1687)
	at java.base/java.io.ObjectInputStream.skipCustomData(ObjectInputStream.java:2451)
	at java.base/java.io.ObjectInputStream.readSerialData(ObjectInputStream.java:2400)
	at java.base/java.io.ObjectInputStream.readOrdinaryObject(ObjectInputStream.java:2228)
	at java.base/java.io.ObjectInputStream.readObject0(ObjectInputStream.java:1687)
	at java.base/java.io.ObjectInputStream.defaultReadFields(ObjectInputStream.java:2496)
	at java.base/java.io.ObjectInputStream.readSerialData(ObjectInputStream.java:2390)
	at java.base/java.io.ObjectInputStream.readOrdinaryObject(ObjectInputStream.java:2228)
	at java.base/java.io.ObjectInputStream.readObject0(ObjectInputStream.java:1687)
	at java.base/java.io.ObjectInputStream.defaultReadFields(ObjectInputStream.java:2496)
	at java.base/java.io.ObjectInputStream.defaultReadObject(ObjectInputStream.java:625)
	at org.evosuite.testcase.DefaultTestCase.readObject(DefaultTestCase.java:1217)
	at jdk.internal.reflect.GeneratedMethodAccessor14.invoke(Unknown Source)
	at java.base/jdk.internal.reflect.DelegatingMethodAccessorImpl.invoke(DelegatingMethodAccessorImpl.java:43)
	at java.base/java.lang.reflect.Method.invoke(Method.java:566)
	at java.base/java.io.ObjectStreamClass.invokeReadObject(ObjectStreamClass.java:1046)
	at java.base/java.io.ObjectInputStream.readSerialData(ObjectInputStream.java:2357)
	at java.base/java.io.ObjectInputStream.readOrdinaryObject(ObjectInputStream.java:2228)
	at java.base/java.io.ObjectInputStream.readObject0(ObjectInputStream.java:1687)
	at java.base/java.io.ObjectInputStream.defaultReadFields(ObjectInputStream.java:2496)
	at java.base/java.io.ObjectInputStream.readSerialData(ObjectInputStream.java:2390)
	at java.base/java.io.ObjectInputStream.readOrdinaryObject(ObjectInputStream.java:2228)
	at java.base/java.io.ObjectInputStream.readObject0(ObjectInputStream.java:1687)
	at java.base/java.io.ObjectInputStream.skipCustomData(ObjectInputStream.java:2451)
	at java.base/java.io.ObjectInputStream.readSerialData(ObjectInputStream.java:2400)
	at java.base/java.io.ObjectInputStream.readOrdinaryObject(ObjectInputStream.java:2228)
	at java.base/java.io.ObjectInputStream.readObject0(ObjectInputStream.java:1687)
	at java.base/java.io.ObjectInputStream.defaultReadFields(ObjectInputStream.java:2496)
	at java.base/java.io.ObjectInputStream.readSerialData(ObjectInputStream.java:2390)
	at java.base/java.io.ObjectInputStream.readOrdinaryObject(ObjectInputStream.java:2228)
	at java.base/java.io.ObjectInputStream.readObject0(ObjectInputStream.java:1687)
	at java.base/java.io.ObjectInputStream.readObject(ObjectInputStream.java:489)
	at java.base/java.io.ObjectInputStream.readObject(ObjectInputStream.java:447)
	at java.rmi/sun.rmi.server.UnicastRef.unmarshalValue(UnicastRef.java:327)
	at java.rmi/sun.rmi.server.UnicastServerRef.dispatch(UnicastServerRef.java:339)
	at java.rmi/sun.rmi.transport.Transport$1.run(Transport.java:200)
	at java.rmi/sun.rmi.transport.Transport$1.run(Transport.java:197)
	at java.base/java.security.AccessController.doPrivileged(Native Method)
	at java.rmi/sun.rmi.transport.Transport.serviceCall(Transport.java:196)
	at java.rmi/sun.rmi.transport.tcp.TCPTransport.handleMessages(TCPTransport.java:562)
	at java.rmi/sun.rmi.transport.tcp.TCPTransport$ConnectionHandler.run0(TCPTransport.java:796)
	at java.rmi/sun.rmi.transport.tcp.TCPTransport$ConnectionHandler.lambda$run$0(TCPTransport.java:677)
	at java.base/java.security.AccessController.doPrivileged(Native Method)
	at java.rmi/sun.rmi.transport.tcp.TCPTransport$ConnectionHandler.run(TCPTransport.java:676)
	at java.base/java.util.concurrent.ThreadPoolExecutor.runWorker(ThreadPoolExecutor.java:1128)
	at java.base/java.util.concurrent.ThreadPoolExecutor$Worker.run(ThreadPoolExecutor.java:628)
	... 1 common frames omitted
[Progress:==>                           7%] [Cov:======>                            19%][Progress:==>                           7%] [Cov:======>                            18%][Progress:==>                           7%] [Cov:======>                            19%][MASTER] 15:57:10.162 [logback-1] WARN  ClientNodeImpl - Cannot send statistics to master; continuing without statistics
java.rmi.ServerError: Error occurred in server thread; nested exception is: 
	java.lang.NoClassDefFoundError: com/fasterxml/jackson/databind/AnnotationIntrospector
	at java.rmi/sun.rmi.server.UnicastServerRef.dispatch(UnicastServerRef.java:388)
	at java.rmi/sun.rmi.transport.Transport$1.run(Transport.java:200)
	at java.rmi/sun.rmi.transport.Transport$1.run(Transport.java:197)
	at java.base/java.security.AccessController.doPrivileged(Native Method)
	at java.rmi/sun.rmi.transport.Transport.serviceCall(Transport.java:196)
	at java.rmi/sun.rmi.transport.tcp.TCPTransport.handleMessages(TCPTransport.java:562)
	at java.rmi/sun.rmi.transport.tcp.TCPTransport$ConnectionHandler.run0(TCPTransport.java:796)
	at java.rmi/sun.rmi.transport.tcp.TCPTransport$ConnectionHandler.lambda$run$0(TCPTransport.java:677)
	at java.base/java.security.AccessController.doPrivileged(Native Method)
	at java.rmi/sun.rmi.transport.tcp.TCPTransport$ConnectionHandler.run(TCPTransport.java:676)
	at java.base/java.util.concurrent.ThreadPoolExecutor.runWorker(ThreadPoolExecutor.java:1128)
	at java.base/java.util.concurrent.ThreadPoolExecutor$Worker.run(ThreadPoolExecutor.java:628)
	at java.base/java.lang.Thread.run(Thread.java:829)
	at java.rmi/sun.rmi.transport.StreamRemoteCall.exceptionReceivedFromServer(StreamRemoteCall.java:303)
	at java.rmi/sun.rmi.transport.StreamRemoteCall.executeCall(StreamRemoteCall.java:279)
	at java.rmi/sun.rmi.server.UnicastRef.invoke(UnicastRef.java:164)
	at java.rmi/java.rmi.server.RemoteObjectInvocationHandler.invokeRemoteMethod(RemoteObjectInvocationHandler.java:217)
	at java.rmi/java.rmi.server.RemoteObjectInvocationHandler.invoke(RemoteObjectInvocationHandler.java:162)
	at com.sun.proxy.$Proxy7.evosuite_collectStatistics(Unknown Source)
	at org.evosuite.rmi.service.ClientNodeImpl.updateStatistics(ClientNodeImpl.java:251)
	at org.evosuite.statistics.StatisticsSender.sendIndividualToMaster(StatisticsSender.java:62)
	at org.evosuite.statistics.StatisticsListener.lambda$new$0(StatisticsListener.java:76)
	at java.base/java.lang.Thread.run(Thread.java:829)
Caused by: java.lang.NoClassDefFoundError: com/fasterxml/jackson/databind/AnnotationIntrospector
	at java.base/java.lang.Class.getDeclaringClass0(Native Method)
	at java.base/java.lang.Class.getEnclosingClass(Class.java:1517)
	at org.evosuite.utils.generic.GenericClassUtils.isMissingTypeParameters(GenericClassUtils.java:74)
	at org.evosuite.utils.generic.GenericClassImpl.addTypeParameters(GenericClassImpl.java:63)
	at org.evosuite.utils.generic.GenericClassImpl.readObject(GenericClassImpl.java:1685)
	at jdk.internal.reflect.GeneratedMethodAccessor9.invoke(Unknown Source)
	at java.base/jdk.internal.reflect.DelegatingMethodAccessorImpl.invoke(DelegatingMethodAccessorImpl.java:43)
	at java.base/java.lang.reflect.Method.invoke(Method.java:566)
	at java.base/java.io.ObjectStreamClass.invokeReadObject(ObjectStreamClass.java:1046)
	at java.base/java.io.ObjectInputStream.readSerialData(ObjectInputStream.java:2357)
	at java.base/java.io.ObjectInputStream.readOrdinaryObject(ObjectInputStream.java:2228)
	at java.base/java.io.ObjectInputStream.readObject0(ObjectInputStream.java:1687)
	at java.base/java.io.ObjectInputStream.defaultReadFields(ObjectInputStream.java:2496)
	at java.base/java.io.ObjectInputStream.readSerialData(ObjectInputStream.java:2390)
	at java.base/java.io.ObjectInputStream.readOrdinaryObject(ObjectInputStream.java:2228)
	at java.base/java.io.ObjectInputStream.readObject0(ObjectInputStream.java:1687)
	at java.base/java.io.ObjectInputStream.defaultReadFields(ObjectInputStream.java:2496)
	at java.base/java.io.ObjectInputStream.readSerialData(ObjectInputStream.java:2390)
	at java.base/java.io.ObjectInputStream.readOrdinaryObject(ObjectInputStream.java:2228)
	at java.base/java.io.ObjectInputStream.readObject0(ObjectInputStream.java:1687)
	at java.base/java.io.ObjectInputStream.skipCustomData(ObjectInputStream.java:2451)
	at java.base/java.io.ObjectInputStream.readSerialData(ObjectInputStream.java:2400)
	at java.base/java.io.ObjectInputStream.readOrdinaryObject(ObjectInputStream.java:2228)
	at java.base/java.io.ObjectInputStream.readObject0(ObjectInputStream.java:1687)
	at java.base/java.io.ObjectInputStream.defaultReadFields(ObjectInputStream.java:2496)
	at java.base/java.io.ObjectInputStream.readSerialData(ObjectInputStream.java:2390)
	at java.base/java.io.ObjectInputStream.readOrdinaryObject(ObjectInputStream.java:2228)
	at java.base/java.io.ObjectInputStream.readObject0(ObjectInputStream.java:1687)
	at java.base/java.io.ObjectInputStream.defaultReadFields(ObjectInputStream.java:2496)
	at java.base/java.io.ObjectInputStream.defaultReadObject(ObjectInputStream.java:625)
	at org.evosuite.testcase.DefaultTestCase.readObject(DefaultTestCase.java:1217)
	at jdk.internal.reflect.GeneratedMethodAccessor14.invoke(Unknown Source)
	at java.base/jdk.internal.reflect.DelegatingMethodAccessorImpl.invoke(DelegatingMethodAccessorImpl.java:43)
	at java.base/java.lang.reflect.Method.invoke(Method.java:566)
	at java.base/java.io.ObjectStreamClass.invokeReadObject(ObjectStreamClass.java:1046)
	at java.base/java.io.ObjectInputStream.readSerialData(ObjectInputStream.java:2357)
	at java.base/java.io.ObjectInputStream.readOrdinaryObject(ObjectInputStream.java:2228)
	at java.base/java.io.ObjectInputStream.readObject0(ObjectInputStream.java:1687)
	at java.base/java.io.ObjectInputStream.defaultReadFields(ObjectInputStream.java:2496)
	at java.base/java.io.ObjectInputStream.readSerialData(ObjectInputStream.java:2390)
	at java.base/java.io.ObjectInputStream.readOrdinaryObject(ObjectInputStream.java:2228)
	at java.base/java.io.ObjectInputStream.readObject0(ObjectInputStream.java:1687)
	at java.base/java.io.ObjectInputStream.skipCustomData(ObjectInputStream.java:2451)
	at java.base/java.io.ObjectInputStream.readSerialData(ObjectInputStream.java:2400)
	at java.base/java.io.ObjectInputStream.readOrdinaryObject(ObjectInputStream.java:2228)
	at java.base/java.io.ObjectInputStream.readObject0(ObjectInputStream.java:1687)
	at java.base/java.io.ObjectInputStream.defaultReadFields(ObjectInputStream.java:2496)
	at java.base/java.io.ObjectInputStream.readSerialData(ObjectInputStream.java:2390)
	at java.base/java.io.ObjectInputStream.readOrdinaryObject(ObjectInputStream.java:2228)
	at java.base/java.io.ObjectInputStream.readObject0(ObjectInputStream.java:1687)
	at java.base/java.io.ObjectInputStream.readObject(ObjectInputStream.java:489)
	at java.base/java.io.ObjectInputStream.readObject(ObjectInputStream.java:447)
	at java.rmi/sun.rmi.server.UnicastRef.unmarshalValue(UnicastRef.java:327)
	at java.rmi/sun.rmi.server.UnicastServerRef.dispatch(UnicastServerRef.java:339)
	at java.rmi/sun.rmi.transport.Transport$1.run(Transport.java:200)
	at java.rmi/sun.rmi.transport.Transport$1.run(Transport.java:197)
	at java.base/java.security.AccessController.doPrivileged(Native Method)
	at java.rmi/sun.rmi.transport.Transport.serviceCall(Transport.java:196)
	at java.rmi/sun.rmi.transport.tcp.TCPTransport.handleMessages(TCPTransport.java:562)
	at java.rmi/sun.rmi.transport.tcp.TCPTransport$ConnectionHandler.run0(TCPTransport.java:796)
	at java.rmi/sun.rmi.transport.tcp.TCPTransport$ConnectionHandler.lambda$run$0(TCPTransport.java:677)
	at java.base/java.security.AccessController.doPrivileged(Native Method)
	at java.rmi/sun.rmi.transport.tcp.TCPTransport$ConnectionHandler.run(TCPTransport.java:676)
	at java.base/java.util.concurrent.ThreadPoolExecutor.runWorker(ThreadPoolExecutor.java:1128)
	at java.base/java.util.concurrent.ThreadPoolExecutor$Worker.run(ThreadPoolExecutor.java:628)
	... 1 common frames omitted
[MASTER] 15:57:10.446 [logback-1] WARN  ClientNodeImpl - Cannot send statistics to master; continuing without statistics
java.rmi.ServerError: Error occurred in server thread; nested exception is: 
	java.lang.NoClassDefFoundError: com/fasterxml/jackson/databind/AnnotationIntrospector
	at java.rmi/sun.rmi.server.UnicastServerRef.dispatch(UnicastServerRef.java:388)
	at java.rmi/sun.rmi.transport.Transport$1.run(Transport.java:200)
	at java.rmi/sun.rmi.transport.Transport$1.run(Transport.java:197)
	at java.base/java.security.AccessController.doPrivileged(Native Method)
	at java.rmi/sun.rmi.transport.Transport.serviceCall(Transport.java:196)
	at java.rmi/sun.rmi.transport.tcp.TCPTransport.handleMessages(TCPTransport.java:562)
	at java.rmi/sun.rmi.transport.tcp.TCPTransport$ConnectionHandler.run0(TCPTransport.java:796)
	at java.rmi/sun.rmi.transport.tcp.TCPTransport$ConnectionHandler.lambda$run$0(TCPTransport.java:677)
	at java.base/java.security.AccessController.doPrivileged(Native Method)
	at java.rmi/sun.rmi.transport.tcp.TCPTransport$ConnectionHandler.run(TCPTransport.java:676)
	at java.base/java.util.concurrent.ThreadPoolExecutor.runWorker(ThreadPoolExecutor.java:1128)
	at java.base/java.util.concurrent.ThreadPoolExecutor$Worker.run(ThreadPoolExecutor.java:628)
	at java.base/java.lang.Thread.run(Thread.java:829)
	at java.rmi/sun.rmi.transport.StreamRemoteCall.exceptionReceivedFromServer(StreamRemoteCall.java:303)
	at java.rmi/sun.rmi.transport.StreamRemoteCall.executeCall(StreamRemoteCall.java:279)
	at java.rmi/sun.rmi.server.UnicastRef.invoke(UnicastRef.java:164)
	at java.rmi/java.rmi.server.RemoteObjectInvocationHandler.invokeRemoteMethod(RemoteObjectInvocationHandler.java:217)
	at java.rmi/java.rmi.server.RemoteObjectInvocationHandler.invoke(RemoteObjectInvocationHandler.java:162)
	at com.sun.proxy.$Proxy7.evosuite_collectStatistics(Unknown Source)
	at org.evosuite.rmi.service.ClientNodeImpl.updateStatistics(ClientNodeImpl.java:251)
	at org.evosuite.statistics.StatisticsSender.sendIndividualToMaster(StatisticsSender.java:62)
	at org.evosuite.statistics.StatisticsListener.lambda$new$0(StatisticsListener.java:76)
	at java.base/java.lang.Thread.run(Thread.java:829)
Caused by: java.lang.NoClassDefFoundError: com/fasterxml/jackson/databind/AnnotationIntrospector
	at java.base/java.lang.Class.getDeclaringClass0(Native Method)
	at java.base/java.lang.Class.getEnclosingClass(Class.java:1517)
	at org.evosuite.utils.generic.GenericClassUtils.isMissingTypeParameters(GenericClassUtils.java:74)
	at org.evosuite.utils.generic.GenericClassImpl.addTypeParameters(GenericClassImpl.java:63)
	at org.evosuite.utils.generic.GenericClassImpl.readObject(GenericClassImpl.java:1685)
	at jdk.internal.reflect.GeneratedMethodAccessor9.invoke(Unknown Source)
	at java.base/jdk.internal.reflect.DelegatingMethodAccessorImpl.invoke(DelegatingMethodAccessorImpl.java:43)
	at java.base/java.lang.reflect.Method.invoke(Method.java:566)
	at java.base/java.io.ObjectStreamClass.invokeReadObject(ObjectStreamClass.java:1046)
	at java.base/java.io.ObjectInputStream.readSerialData(ObjectInputStream.java:2357)
	at java.base/java.io.ObjectInputStream.readOrdinaryObject(ObjectInputStream.java:2228)
	at java.base/java.io.ObjectInputStream.readObject0(ObjectInputStream.java:1687)
	at java.base/java.io.ObjectInputStream.defaultReadFields(ObjectInputStream.java:2496)
	at java.base/java.io.ObjectInputStream.readSerialData(ObjectInputStream.java:2390)
	at java.base/java.io.ObjectInputStream.readOrdinaryObject(ObjectInputStream.java:2228)
	at java.base/java.io.ObjectInputStream.readObject0(ObjectInputStream.java:1687)
	at java.base/java.io.ObjectInputStream.defaultReadFields(ObjectInputStream.java:2496)
	at java.base/java.io.ObjectInputStream.readSerialData(ObjectInputStream.java:2390)
	at java.base/java.io.ObjectInputStream.readOrdinaryObject(ObjectInputStream.java:2228)
	at java.base/java.io.ObjectInputStream.readObject0(ObjectInputStream.java:1687)
	at java.base/java.io.ObjectInputStream.skipCustomData(ObjectInputStream.java:2451)
	at java.base/java.io.ObjectInputStream.readSerialData(ObjectInputStream.java:2400)
	at java.base/java.io.ObjectInputStream.readOrdinaryObject(ObjectInputStream.java:2228)
	at java.base/java.io.ObjectInputStream.readObject0(ObjectInputStream.java:1687)
	at java.base/java.io.ObjectInputStream.defaultReadFields(ObjectInputStream.java:2496)
	at java.base/java.io.ObjectInputStream.readSerialData(ObjectInputStream.java:2390)
	at java.base/java.io.ObjectInputStream.readOrdinaryObject(ObjectInputStream.java:2228)
	at java.base/java.io.ObjectInputStream.readObject0(ObjectInputStream.java:1687)
	at java.base/java.io.ObjectInputStream.defaultReadFields(ObjectInputStream.java:2496)
	at java.base/java.io.ObjectInputStream.defaultReadObject(ObjectInputStream.java:625)
	at org.evosuite.testcase.DefaultTestCase.readObject(DefaultTestCase.java:1217)
	at jdk.internal.reflect.GeneratedMethodAccessor14.invoke(Unknown Source)
	at java.base/jdk.internal.reflect.DelegatingMethodAccessorImpl.invoke(DelegatingMethodAccessorImpl.java:43)
	at java.base/java.lang.reflect.Method.invoke(Method.java:566)
	at java.base/java.io.ObjectStreamClass.invokeReadObject(ObjectStreamClass.java:1046)
	at java.base/java.io.ObjectInputStream.readSerialData(ObjectInputStream.java:2357)
	at java.base/java.io.ObjectInputStream.readOrdinaryObject(ObjectInputStream.java:2228)
	at java.base/java.io.ObjectInputStream.readObject0(ObjectInputStream.java:1687)
	at java.base/java.io.ObjectInputStream.defaultReadFields(ObjectInputStream.java:2496)
	at java.base/java.io.ObjectInputStream.readSerialData(ObjectInputStream.java:2390)
	at java.base/java.io.ObjectInputStream.readOrdinaryObject(ObjectInputStream.java:2228)
	at java.base/java.io.ObjectInputStream.readObject0(ObjectInputStream.java:1687)
	at java.base/java.io.ObjectInputStream.skipCustomData(ObjectInputStream.java:2451)
	at java.base/java.io.ObjectInputStream.readSerialData(ObjectInputStream.java:2400)
	at java.base/java.io.ObjectInputStream.readOrdinaryObject(ObjectInputStream.java:2228)
	at java.base/java.io.ObjectInputStream.readObject0(ObjectInputStream.java:1687)
	at java.base/java.io.ObjectInputStream.defaultReadFields(ObjectInputStream.java:2496)
	at java.base/java.io.ObjectInputStream.readSerialData(ObjectInputStream.java:2390)
	at java.base/java.io.ObjectInputStream.readOrdinaryObject(ObjectInputStream.java:2228)
	at java.base/java.io.ObjectInputStream.readObject0(ObjectInputStream.java:1687)
	at java.base/java.io.ObjectInputStream.readObject(ObjectInputStream.java:489)
	at java.base/java.io.ObjectInputStream.readObject(ObjectInputStream.java:447)
	at java.rmi/sun.rmi.server.UnicastRef.unmarshalValue(UnicastRef.java:327)
	at java.rmi/sun.rmi.server.UnicastServerRef.dispatch(UnicastServerRef.java:339)
	at java.rmi/sun.rmi.transport.Transport$1.run(Transport.java:200)
	at java.rmi/sun.rmi.transport.Transport$1.run(Transport.java:197)
	at java.base/java.security.AccessController.doPrivileged(Native Method)
	at java.rmi/sun.rmi.transport.Transport.serviceCall(Transport.java:196)
	at java.rmi/sun.rmi.transport.tcp.TCPTransport.handleMessages(TCPTransport.java:562)
	at java.rmi/sun.rmi.transport.tcp.TCPTransport$ConnectionHandler.run0(TCPTransport.java:796)
	at java.rmi/sun.rmi.transport.tcp.TCPTransport$ConnectionHandler.lambda$run$0(TCPTransport.java:677)
	at java.base/java.security.AccessController.doPrivileged(Native Method)
	at java.rmi/sun.rmi.transport.tcp.TCPTransport$ConnectionHandler.run(TCPTransport.java:676)
	at java.base/java.util.concurrent.ThreadPoolExecutor.runWorker(ThreadPoolExecutor.java:1128)
	at java.base/java.util.concurrent.ThreadPoolExecutor$Worker.run(ThreadPoolExecutor.java:628)
	... 1 common frames omitted
[Progress:==>                           7%] [Cov:======>                            19%][MASTER] 15:57:10.718 [logback-1] WARN  ClientNodeImpl - Cannot send statistics to master; continuing without statistics
java.rmi.ServerError: Error occurred in server thread; nested exception is: 
	java.lang.NoClassDefFoundError: com/fasterxml/jackson/databind/AnnotationIntrospector
	at java.rmi/sun.rmi.server.UnicastServerRef.dispatch(UnicastServerRef.java:388)
	at java.rmi/sun.rmi.transport.Transport$1.run(Transport.java:200)
	at java.rmi/sun.rmi.transport.Transport$1.run(Transport.java:197)
	at java.base/java.security.AccessController.doPrivileged(Native Method)
	at java.rmi/sun.rmi.transport.Transport.serviceCall(Transport.java:196)
	at java.rmi/sun.rmi.transport.tcp.TCPTransport.handleMessages(TCPTransport.java:562)
	at java.rmi/sun.rmi.transport.tcp.TCPTransport$ConnectionHandler.run0(TCPTransport.java:796)
	at java.rmi/sun.rmi.transport.tcp.TCPTransport$ConnectionHandler.lambda$run$0(TCPTransport.java:677)
	at java.base/java.security.AccessController.doPrivileged(Native Method)
	at java.rmi/sun.rmi.transport.tcp.TCPTransport$ConnectionHandler.run(TCPTransport.java:676)
	at java.base/java.util.concurrent.ThreadPoolExecutor.runWorker(ThreadPoolExecutor.java:1128)
	at java.base/java.util.concurrent.ThreadPoolExecutor$Worker.run(ThreadPoolExecutor.java:628)
	at java.base/java.lang.Thread.run(Thread.java:829)
	at java.rmi/sun.rmi.transport.StreamRemoteCall.exceptionReceivedFromServer(StreamRemoteCall.java:303)
	at java.rmi/sun.rmi.transport.StreamRemoteCall.executeCall(StreamRemoteCall.java:279)
	at java.rmi/sun.rmi.server.UnicastRef.invoke(UnicastRef.java:164)
	at java.rmi/java.rmi.server.RemoteObjectInvocationHandler.invokeRemoteMethod(RemoteObjectInvocationHandler.java:217)
	at java.rmi/java.rmi.server.RemoteObjectInvocationHandler.invoke(RemoteObjectInvocationHandler.java:162)
	at com.sun.proxy.$Proxy7.evosuite_collectStatistics(Unknown Source)
	at org.evosuite.rmi.service.ClientNodeImpl.updateStatistics(ClientNodeImpl.java:251)
	at org.evosuite.statistics.StatisticsSender.sendIndividualToMaster(StatisticsSender.java:62)
	at org.evosuite.statistics.StatisticsListener.lambda$new$0(StatisticsListener.java:76)
	at java.base/java.lang.Thread.run(Thread.java:829)
Caused by: java.lang.NoClassDefFoundError: com/fasterxml/jackson/databind/AnnotationIntrospector
	at java.base/java.lang.Class.getDeclaringClass0(Native Method)
	at java.base/java.lang.Class.getEnclosingClass(Class.java:1517)
	at org.evosuite.utils.generic.GenericClassUtils.isMissingTypeParameters(GenericClassUtils.java:74)
	at org.evosuite.utils.generic.GenericClassImpl.addTypeParameters(GenericClassImpl.java:63)
	at org.evosuite.utils.generic.GenericClassImpl.readObject(GenericClassImpl.java:1685)
	at jdk.internal.reflect.GeneratedMethodAccessor9.invoke(Unknown Source)
	at java.base/jdk.internal.reflect.DelegatingMethodAccessorImpl.invoke(DelegatingMethodAccessorImpl.java:43)
	at java.base/java.lang.reflect.Method.invoke(Method.java:566)
	at java.base/java.io.ObjectStreamClass.invokeReadObject(ObjectStreamClass.java:1046)
	at java.base/java.io.ObjectInputStream.readSerialData(ObjectInputStream.java:2357)
	at java.base/java.io.ObjectInputStream.readOrdinaryObject(ObjectInputStream.java:2228)
	at java.base/java.io.ObjectInputStream.readObject0(ObjectInputStream.java:1687)
	at java.base/java.io.ObjectInputStream.defaultReadFields(ObjectInputStream.java:2496)
	at java.base/java.io.ObjectInputStream.readSerialData(ObjectInputStream.java:2390)
	at java.base/java.io.ObjectInputStream.readOrdinaryObject(ObjectInputStream.java:2228)
	at java.base/java.io.ObjectInputStream.readObject0(ObjectInputStream.java:1687)
	at java.base/java.io.ObjectInputStream.defaultReadFields(ObjectInputStream.java:2496)
	at java.base/java.io.ObjectInputStream.readSerialData(ObjectInputStream.java:2390)
	at java.base/java.io.ObjectInputStream.readOrdinaryObject(ObjectInputStream.java:2228)
	at java.base/java.io.ObjectInputStream.readObject0(ObjectInputStream.java:1687)
	at java.base/java.io.ObjectInputStream.skipCustomData(ObjectInputStream.java:2451)
	at java.base/java.io.ObjectInputStream.readSerialData(ObjectInputStream.java:2400)
	at java.base/java.io.ObjectInputStream.readOrdinaryObject(ObjectInputStream.java:2228)
	at java.base/java.io.ObjectInputStream.readObject0(ObjectInputStream.java:1687)
	at java.base/java.io.ObjectInputStream.defaultReadFields(ObjectInputStream.java:2496)
	at java.base/java.io.ObjectInputStream.readSerialData(ObjectInputStream.java:2390)
	at java.base/java.io.ObjectInputStream.readOrdinaryObject(ObjectInputStream.java:2228)
	at java.base/java.io.ObjectInputStream.readObject0(ObjectInputStream.java:1687)
	at java.base/java.io.ObjectInputStream.defaultReadFields(ObjectInputStream.java:2496)
	at java.base/java.io.ObjectInputStream.defaultReadObject(ObjectInputStream.java:625)
	at org.evosuite.testcase.DefaultTestCase.readObject(DefaultTestCase.java:1217)
	at jdk.internal.reflect.GeneratedMethodAccessor14.invoke(Unknown Source)
	at java.base/jdk.internal.reflect.DelegatingMethodAccessorImpl.invoke(DelegatingMethodAccessorImpl.java:43)
	at java.base/java.lang.reflect.Method.invoke(Method.java:566)
	at java.base/java.io.ObjectStreamClass.invokeReadObject(ObjectStreamClass.java:1046)
	at java.base/java.io.ObjectInputStream.readSerialData(ObjectInputStream.java:2357)
	at java.base/java.io.ObjectInputStream.readOrdinaryObject(ObjectInputStream.java:2228)
	at java.base/java.io.ObjectInputStream.readObject0(ObjectInputStream.java:1687)
	at java.base/java.io.ObjectInputStream.defaultReadFields(ObjectInputStream.java:2496)
	at java.base/java.io.ObjectInputStream.readSerialData(ObjectInputStream.java:2390)
	at java.base/java.io.ObjectInputStream.readOrdinaryObject(ObjectInputStream.java:2228)
	at java.base/java.io.ObjectInputStream.readObject0(ObjectInputStream.java:1687)
	at java.base/java.io.ObjectInputStream.skipCustomData(ObjectInputStream.java:2451)
	at java.base/java.io.ObjectInputStream.readSerialData(ObjectInputStream.java:2400)
	at java.base/java.io.ObjectInputStream.readOrdinaryObject(ObjectInputStream.java:2228)
	at java.base/java.io.ObjectInputStream.readObject0(ObjectInputStream.java:1687)
	at java.base/java.io.ObjectInputStream.defaultReadFields(ObjectInputStream.java:2496)
	at java.base/java.io.ObjectInputStream.readSerialData(ObjectInputStream.java:2390)
	at java.base/java.io.ObjectInputStream.readOrdinaryObject(ObjectInputStream.java:2228)
	at java.base/java.io.ObjectInputStream.readObject0(ObjectInputStream.java:1687)
	at java.base/java.io.ObjectInputStream.readObject(ObjectInputStream.java:489)
	at java.base/java.io.ObjectInputStream.readObject(ObjectInputStream.java:447)
	at java.rmi/sun.rmi.server.UnicastRef.unmarshalValue(UnicastRef.java:327)
	at java.rmi/sun.rmi.server.UnicastServerRef.dispatch(UnicastServerRef.java:339)
	at java.rmi/sun.rmi.transport.Transport$1.run(Transport.java:200)
	at java.rmi/sun.rmi.transport.Transport$1.run(Transport.java:197)
	at java.base/java.security.AccessController.doPrivileged(Native Method)
	at java.rmi/sun.rmi.transport.Transport.serviceCall(Transport.java:196)
	at java.rmi/sun.rmi.transport.tcp.TCPTransport.handleMessages(TCPTransport.java:562)
	at java.rmi/sun.rmi.transport.tcp.TCPTransport$ConnectionHandler.run0(TCPTransport.java:796)
	at java.rmi/sun.rmi.transport.tcp.TCPTransport$ConnectionHandler.lambda$run$0(TCPTransport.java:677)
	at java.base/java.security.AccessController.doPrivileged(Native Method)
	at java.rmi/sun.rmi.transport.tcp.TCPTransport$ConnectionHandler.run(TCPTransport.java:676)
	at java.base/java.util.concurrent.ThreadPoolExecutor.runWorker(ThreadPoolExecutor.java:1128)
	at java.base/java.util.concurrent.ThreadPoolExecutor$Worker.run(ThreadPoolExecutor.java:628)
	... 1 common frames omitted
[Progress:==>                           8%] [Cov:======>                            18%][MASTER] 15:57:10.907 [logback-1] WARN  ClientNodeImpl - Cannot send statistics to master; continuing without statistics
java.rmi.ServerError: Error occurred in server thread; nested exception is: 
	java.lang.NoClassDefFoundError: com/fasterxml/jackson/databind/AnnotationIntrospector
	at java.rmi/sun.rmi.server.UnicastServerRef.dispatch(UnicastServerRef.java:388)
	at java.rmi/sun.rmi.transport.Transport$1.run(Transport.java:200)
	at java.rmi/sun.rmi.transport.Transport$1.run(Transport.java:197)
	at java.base/java.security.AccessController.doPrivileged(Native Method)
	at java.rmi/sun.rmi.transport.Transport.serviceCall(Transport.java:196)
	at java.rmi/sun.rmi.transport.tcp.TCPTransport.handleMessages(TCPTransport.java:562)
	at java.rmi/sun.rmi.transport.tcp.TCPTransport$ConnectionHandler.run0(TCPTransport.java:796)
	at java.rmi/sun.rmi.transport.tcp.TCPTransport$ConnectionHandler.lambda$run$0(TCPTransport.java:677)
	at java.base/java.security.AccessController.doPrivileged(Native Method)
	at java.rmi/sun.rmi.transport.tcp.TCPTransport$ConnectionHandler.run(TCPTransport.java:676)
	at java.base/java.util.concurrent.ThreadPoolExecutor.runWorker(ThreadPoolExecutor.java:1128)
	at java.base/java.util.concurrent.ThreadPoolExecutor$Worker.run(ThreadPoolExecutor.java:628)
	at java.base/java.lang.Thread.run(Thread.java:829)
	at java.rmi/sun.rmi.transport.StreamRemoteCall.exceptionReceivedFromServer(StreamRemoteCall.java:303)
	at java.rmi/sun.rmi.transport.StreamRemoteCall.executeCall(StreamRemoteCall.java:279)
	at java.rmi/sun.rmi.server.UnicastRef.invoke(UnicastRef.java:164)
	at java.rmi/java.rmi.server.RemoteObjectInvocationHandler.invokeRemoteMethod(RemoteObjectInvocationHandler.java:217)
	at java.rmi/java.rmi.server.RemoteObjectInvocationHandler.invoke(RemoteObjectInvocationHandler.java:162)
	at com.sun.proxy.$Proxy7.evosuite_collectStatistics(Unknown Source)
	at org.evosuite.rmi.service.ClientNodeImpl.updateStatistics(ClientNodeImpl.java:251)
	at org.evosuite.statistics.StatisticsSender.sendIndividualToMaster(StatisticsSender.java:62)
	at org.evosuite.statistics.StatisticsListener.lambda$new$0(StatisticsListener.java:76)
	at java.base/java.lang.Thread.run(Thread.java:829)
Caused by: java.lang.NoClassDefFoundError: com/fasterxml/jackson/databind/AnnotationIntrospector
	at java.base/java.lang.Class.getDeclaringClass0(Native Method)
	at java.base/java.lang.Class.getEnclosingClass(Class.java:1517)
	at org.evosuite.utils.generic.GenericClassUtils.isMissingTypeParameters(GenericClassUtils.java:74)
	at org.evosuite.utils.generic.GenericClassImpl.addTypeParameters(GenericClassImpl.java:63)
	at org.evosuite.utils.generic.GenericClassImpl.readObject(GenericClassImpl.java:1685)
	at jdk.internal.reflect.GeneratedMethodAccessor9.invoke(Unknown Source)
	at java.base/jdk.internal.reflect.DelegatingMethodAccessorImpl.invoke(DelegatingMethodAccessorImpl.java:43)
	at java.base/java.lang.reflect.Method.invoke(Method.java:566)
	at java.base/java.io.ObjectStreamClass.invokeReadObject(ObjectStreamClass.java:1046)
	at java.base/java.io.ObjectInputStream.readSerialData(ObjectInputStream.java:2357)
	at java.base/java.io.ObjectInputStream.readOrdinaryObject(ObjectInputStream.java:2228)
	at java.base/java.io.ObjectInputStream.readObject0(ObjectInputStream.java:1687)
	at java.base/java.io.ObjectInputStream.defaultReadFields(ObjectInputStream.java:2496)
	at java.base/java.io.ObjectInputStream.readSerialData(ObjectInputStream.java:2390)
	at java.base/java.io.ObjectInputStream.readOrdinaryObject(ObjectInputStream.java:2228)
	at java.base/java.io.ObjectInputStream.readObject0(ObjectInputStream.java:1687)
	at java.base/java.io.ObjectInputStream.defaultReadFields(ObjectInputStream.java:2496)
	at java.base/java.io.ObjectInputStream.readSerialData(ObjectInputStream.java:2390)
	at java.base/java.io.ObjectInputStream.readOrdinaryObject(ObjectInputStream.java:2228)
	at java.base/java.io.ObjectInputStream.readObject0(ObjectInputStream.java:1687)
	at java.base/java.io.ObjectInputStream.skipCustomData(ObjectInputStream.java:2451)
	at java.base/java.io.ObjectInputStream.readSerialData(ObjectInputStream.java:2400)
	at java.base/java.io.ObjectInputStream.readOrdinaryObject(ObjectInputStream.java:2228)
	at java.base/java.io.ObjectInputStream.readObject0(ObjectInputStream.java:1687)
	at java.base/java.io.ObjectInputStream.defaultReadFields(ObjectInputStream.java:2496)
	at java.base/java.io.ObjectInputStream.readSerialData(ObjectInputStream.java:2390)
	at java.base/java.io.ObjectInputStream.readOrdinaryObject(ObjectInputStream.java:2228)
	at java.base/java.io.ObjectInputStream.readObject0(ObjectInputStream.java:1687)
	at java.base/java.io.ObjectInputStream.defaultReadFields(ObjectInputStream.java:2496)
	at java.base/java.io.ObjectInputStream.defaultReadObject(ObjectInputStream.java:625)
	at org.evosuite.testcase.DefaultTestCase.readObject(DefaultTestCase.java:1217)
	at jdk.internal.reflect.GeneratedMethodAccessor14.invoke(Unknown Source)
	at java.base/jdk.internal.reflect.DelegatingMethodAccessorImpl.invoke(DelegatingMethodAccessorImpl.java:43)
	at java.base/java.lang.reflect.Method.invoke(Method.java:566)
	at java.base/java.io.ObjectStreamClass.invokeReadObject(ObjectStreamClass.java:1046)
	at java.base/java.io.ObjectInputStream.readSerialData(ObjectInputStream.java:2357)
	at java.base/java.io.ObjectInputStream.readOrdinaryObject(ObjectInputStream.java:2228)
	at java.base/java.io.ObjectInputStream.readObject0(ObjectInputStream.java:1687)
	at java.base/java.io.ObjectInputStream.defaultReadFields(ObjectInputStream.java:2496)
	at java.base/java.io.ObjectInputStream.readSerialData(ObjectInputStream.java:2390)
	at java.base/java.io.ObjectInputStream.readOrdinaryObject(ObjectInputStream.java:2228)
	at java.base/java.io.ObjectInputStream.readObject0(ObjectInputStream.java:1687)
	at java.base/java.io.ObjectInputStream.skipCustomData(ObjectInputStream.java:2451)
	at java.base/java.io.ObjectInputStream.readSerialData(ObjectInputStream.java:2400)
	at java.base/java.io.ObjectInputStream.readOrdinaryObject(ObjectInputStream.java:2228)
	at java.base/java.io.ObjectInputStream.readObject0(ObjectInputStream.java:1687)
	at java.base/java.io.ObjectInputStream.defaultReadFields(ObjectInputStream.java:2496)
	at java.base/java.io.ObjectInputStream.readSerialData(ObjectInputStream.java:2390)
	at java.base/java.io.ObjectInputStream.readOrdinaryObject(ObjectInputStream.java:2228)
	at java.base/java.io.ObjectInputStream.readObject0(ObjectInputStream.java:1687)
	at java.base/java.io.ObjectInputStream.readObject(ObjectInputStream.java:489)
	at java.base/java.io.ObjectInputStream.readObject(ObjectInputStream.java:447)
	at java.rmi/sun.rmi.server.UnicastRef.unmarshalValue(UnicastRef.java:327)
	at java.rmi/sun.rmi.server.UnicastServerRef.dispatch(UnicastServerRef.java:339)
	at java.rmi/sun.rmi.transport.Transport$1.run(Transport.java:200)
	at java.rmi/sun.rmi.transport.Transport$1.run(Transport.java:197)
	at java.base/java.security.AccessController.doPrivileged(Native Method)
	at java.rmi/sun.rmi.transport.Transport.serviceCall(Transport.java:196)
	at java.rmi/sun.rmi.transport.tcp.TCPTransport.handleMessages(TCPTransport.java:562)
	at java.rmi/sun.rmi.transport.tcp.TCPTransport$ConnectionHandler.run0(TCPTransport.java:796)
	at java.rmi/sun.rmi.transport.tcp.TCPTransport$ConnectionHandler.lambda$run$0(TCPTransport.java:677)
	at java.base/java.security.AccessController.doPrivileged(Native Method)
	at java.rmi/sun.rmi.transport.tcp.TCPTransport$ConnectionHandler.run(TCPTransport.java:676)
	at java.base/java.util.concurrent.ThreadPoolExecutor.runWorker(ThreadPoolExecutor.java:1128)
	at java.base/java.util.concurrent.ThreadPoolExecutor$Worker.run(ThreadPoolExecutor.java:628)
	... 1 common frames omitted
[Progress:==>                           8%] [Cov:======>                            19%][MASTER] 15:57:11.126 [logback-1] WARN  ClientNodeImpl - Cannot send statistics to master; continuing without statistics
java.rmi.ServerError: Error occurred in server thread; nested exception is: 
	java.lang.NoClassDefFoundError: com/fasterxml/jackson/databind/AnnotationIntrospector
	at java.rmi/sun.rmi.server.UnicastServerRef.dispatch(UnicastServerRef.java:388)
	at java.rmi/sun.rmi.transport.Transport$1.run(Transport.java:200)
	at java.rmi/sun.rmi.transport.Transport$1.run(Transport.java:197)
	at java.base/java.security.AccessController.doPrivileged(Native Method)
	at java.rmi/sun.rmi.transport.Transport.serviceCall(Transport.java:196)
	at java.rmi/sun.rmi.transport.tcp.TCPTransport.handleMessages(TCPTransport.java:562)
	at java.rmi/sun.rmi.transport.tcp.TCPTransport$ConnectionHandler.run0(TCPTransport.java:796)
	at java.rmi/sun.rmi.transport.tcp.TCPTransport$ConnectionHandler.lambda$run$0(TCPTransport.java:677)
	at java.base/java.security.AccessController.doPrivileged(Native Method)
	at java.rmi/sun.rmi.transport.tcp.TCPTransport$ConnectionHandler.run(TCPTransport.java:676)
	at java.base/java.util.concurrent.ThreadPoolExecutor.runWorker(ThreadPoolExecutor.java:1128)
	at java.base/java.util.concurrent.ThreadPoolExecutor$Worker.run(ThreadPoolExecutor.java:628)
	at java.base/java.lang.Thread.run(Thread.java:829)
	at java.rmi/sun.rmi.transport.StreamRemoteCall.exceptionReceivedFromServer(StreamRemoteCall.java:303)
	at java.rmi/sun.rmi.transport.StreamRemoteCall.executeCall(StreamRemoteCall.java:279)
	at java.rmi/sun.rmi.server.UnicastRef.invoke(UnicastRef.java:164)
	at java.rmi/java.rmi.server.RemoteObjectInvocationHandler.invokeRemoteMethod(RemoteObjectInvocationHandler.java:217)
	at java.rmi/java.rmi.server.RemoteObjectInvocationHandler.invoke(RemoteObjectInvocationHandler.java:162)
	at com.sun.proxy.$Proxy7.evosuite_collectStatistics(Unknown Source)
	at org.evosuite.rmi.service.ClientNodeImpl.updateStatistics(ClientNodeImpl.java:251)
	at org.evosuite.statistics.StatisticsSender.sendIndividualToMaster(StatisticsSender.java:62)
	at org.evosuite.statistics.StatisticsListener.lambda$new$0(StatisticsListener.java:76)
	at java.base/java.lang.Thread.run(Thread.java:829)
Caused by: java.lang.NoClassDefFoundError: com/fasterxml/jackson/databind/AnnotationIntrospector
	at java.base/java.lang.Class.getDeclaringClass0(Native Method)
	at java.base/java.lang.Class.getEnclosingClass(Class.java:1517)
	at org.evosuite.utils.generic.GenericClassUtils.isMissingTypeParameters(GenericClassUtils.java:74)
	at org.evosuite.utils.generic.GenericClassImpl.addTypeParameters(GenericClassImpl.java:63)
	at org.evosuite.utils.generic.GenericClassImpl.readObject(GenericClassImpl.java:1685)
	at jdk.internal.reflect.GeneratedMethodAccessor9.invoke(Unknown Source)
	at java.base/jdk.internal.reflect.DelegatingMethodAccessorImpl.invoke(DelegatingMethodAccessorImpl.java:43)
	at java.base/java.lang.reflect.Method.invoke(Method.java:566)
	at java.base/java.io.ObjectStreamClass.invokeReadObject(ObjectStreamClass.java:1046)
	at java.base/java.io.ObjectInputStream.readSerialData(ObjectInputStream.java:2357)
	at java.base/java.io.ObjectInputStream.readOrdinaryObject(ObjectInputStream.java:2228)
	at java.base/java.io.ObjectInputStream.readObject0(ObjectInputStream.java:1687)
	at java.base/java.io.ObjectInputStream.defaultReadFields(ObjectInputStream.java:2496)
	at java.base/java.io.ObjectInputStream.readSerialData(ObjectInputStream.java:2390)
	at java.base/java.io.ObjectInputStream.readOrdinaryObject(ObjectInputStream.java:2228)
	at java.base/java.io.ObjectInputStream.readObject0(ObjectInputStream.java:1687)
	at java.base/java.io.ObjectInputStream.defaultReadFields(ObjectInputStream.java:2496)
	at java.base/java.io.ObjectInputStream.readSerialData(ObjectInputStream.java:2390)
	at java.base/java.io.ObjectInputStream.readOrdinaryObject(ObjectInputStream.java:2228)
	at java.base/java.io.ObjectInputStream.readObject0(ObjectInputStream.java:1687)
	at java.base/java.io.ObjectInputStream.skipCustomData(ObjectInputStream.java:2451)
	at java.base/java.io.ObjectInputStream.readSerialData(ObjectInputStream.java:2400)
	at java.base/java.io.ObjectInputStream.readOrdinaryObject(ObjectInputStream.java:2228)
	at java.base/java.io.ObjectInputStream.readObject0(ObjectInputStream.java:1687)
	at java.base/java.io.ObjectInputStream.defaultReadFields(ObjectInputStream.java:2496)
	at java.base/java.io.ObjectInputStream.readSerialData(ObjectInputStream.java:2390)
	at java.base/java.io.ObjectInputStream.readOrdinaryObject(ObjectInputStream.java:2228)
	at java.base/java.io.ObjectInputStream.readObject0(ObjectInputStream.java:1687)
	at java.base/java.io.ObjectInputStream.defaultReadFields(ObjectInputStream.java:2496)
	at java.base/java.io.ObjectInputStream.defaultReadObject(ObjectInputStream.java:625)
	at org.evosuite.testcase.DefaultTestCase.readObject(DefaultTestCase.java:1217)
	at jdk.internal.reflect.GeneratedMethodAccessor14.invoke(Unknown Source)
	at java.base/jdk.internal.reflect.DelegatingMethodAccessorImpl.invoke(DelegatingMethodAccessorImpl.java:43)
	at java.base/java.lang.reflect.Method.invoke(Method.java:566)
	at java.base/java.io.ObjectStreamClass.invokeReadObject(ObjectStreamClass.java:1046)
	at java.base/java.io.ObjectInputStream.readSerialData(ObjectInputStream.java:2357)
	at java.base/java.io.ObjectInputStream.readOrdinaryObject(ObjectInputStream.java:2228)
	at java.base/java.io.ObjectInputStream.readObject0(ObjectInputStream.java:1687)
	at java.base/java.io.ObjectInputStream.defaultReadFields(ObjectInputStream.java:2496)
	at java.base/java.io.ObjectInputStream.readSerialData(ObjectInputStream.java:2390)
	at java.base/java.io.ObjectInputStream.readOrdinaryObject(ObjectInputStream.java:2228)
	at java.base/java.io.ObjectInputStream.readObject0(ObjectInputStream.java:1687)
	at java.base/java.io.ObjectInputStream.skipCustomData(ObjectInputStream.java:2451)
	at java.base/java.io.ObjectInputStream.readSerialData(ObjectInputStream.java:2400)
	at java.base/java.io.ObjectInputStream.readOrdinaryObject(ObjectInputStream.java:2228)
	at java.base/java.io.ObjectInputStream.readObject0(ObjectInputStream.java:1687)
	at java.base/java.io.ObjectInputStream.defaultReadFields(ObjectInputStream.java:2496)
	at java.base/java.io.ObjectInputStream.readSerialData(ObjectInputStream.java:2390)
	at java.base/java.io.ObjectInputStream.readOrdinaryObject(ObjectInputStream.java:2228)
	at java.base/java.io.ObjectInputStream.readObject0(ObjectInputStream.java:1687)
	at java.base/java.io.ObjectInputStream.readObject(ObjectInputStream.java:489)
	at java.base/java.io.ObjectInputStream.readObject(ObjectInputStream.java:447)
	at java.rmi/sun.rmi.server.UnicastRef.unmarshalValue(UnicastRef.java:327)
	at java.rmi/sun.rmi.server.UnicastServerRef.dispatch(UnicastServerRef.java:339)
	at java.rmi/sun.rmi.transport.Transport$1.run(Transport.java:200)
	at java.rmi/sun.rmi.transport.Transport$1.run(Transport.java:197)
	at java.base/java.security.AccessController.doPrivileged(Native Method)
	at java.rmi/sun.rmi.transport.Transport.serviceCall(Transport.java:196)
	at java.rmi/sun.rmi.transport.tcp.TCPTransport.handleMessages(TCPTransport.java:562)
	at java.rmi/sun.rmi.transport.tcp.TCPTransport$ConnectionHandler.run0(TCPTransport.java:796)
	at java.rmi/sun.rmi.transport.tcp.TCPTransport$ConnectionHandler.lambda$run$0(TCPTransport.java:677)
	at java.base/java.security.AccessController.doPrivileged(Native Method)
	at java.rmi/sun.rmi.transport.tcp.TCPTransport$ConnectionHandler.run(TCPTransport.java:676)
	at java.base/java.util.concurrent.ThreadPoolExecutor.runWorker(ThreadPoolExecutor.java:1128)
	at java.base/java.util.concurrent.ThreadPoolExecutor$Worker.run(ThreadPoolExecutor.java:628)
	... 1 common frames omitted
[Progress:==>                           8%] [Cov:======>                            19%][MASTER] 15:57:11.330 [logback-1] WARN  ClientNodeImpl - Cannot send statistics to master; continuing without statistics
java.rmi.ServerError: Error occurred in server thread; nested exception is: 
	java.lang.NoClassDefFoundError: com/fasterxml/jackson/databind/AnnotationIntrospector
	at java.rmi/sun.rmi.server.UnicastServerRef.dispatch(UnicastServerRef.java:388)
	at java.rmi/sun.rmi.transport.Transport$1.run(Transport.java:200)
	at java.rmi/sun.rmi.transport.Transport$1.run(Transport.java:197)
	at java.base/java.security.AccessController.doPrivileged(Native Method)
	at java.rmi/sun.rmi.transport.Transport.serviceCall(Transport.java:196)
	at java.rmi/sun.rmi.transport.tcp.TCPTransport.handleMessages(TCPTransport.java:562)
	at java.rmi/sun.rmi.transport.tcp.TCPTransport$ConnectionHandler.run0(TCPTransport.java:796)
	at java.rmi/sun.rmi.transport.tcp.TCPTransport$ConnectionHandler.lambda$run$0(TCPTransport.java:677)
	at java.base/java.security.AccessController.doPrivileged(Native Method)
	at java.rmi/sun.rmi.transport.tcp.TCPTransport$ConnectionHandler.run(TCPTransport.java:676)
	at java.base/java.util.concurrent.ThreadPoolExecutor.runWorker(ThreadPoolExecutor.java:1128)
	at java.base/java.util.concurrent.ThreadPoolExecutor$Worker.run(ThreadPoolExecutor.java:628)
	at java.base/java.lang.Thread.run(Thread.java:829)
	at java.rmi/sun.rmi.transport.StreamRemoteCall.exceptionReceivedFromServer(StreamRemoteCall.java:303)
	at java.rmi/sun.rmi.transport.StreamRemoteCall.executeCall(StreamRemoteCall.java:279)
	at java.rmi/sun.rmi.server.UnicastRef.invoke(UnicastRef.java:164)
	at java.rmi/java.rmi.server.RemoteObjectInvocationHandler.invokeRemoteMethod(RemoteObjectInvocationHandler.java:217)
	at java.rmi/java.rmi.server.RemoteObjectInvocationHandler.invoke(RemoteObjectInvocationHandler.java:162)
	at com.sun.proxy.$Proxy7.evosuite_collectStatistics(Unknown Source)
	at org.evosuite.rmi.service.ClientNodeImpl.updateStatistics(ClientNodeImpl.java:251)
	at org.evosuite.statistics.StatisticsSender.sendIndividualToMaster(StatisticsSender.java:62)
	at org.evosuite.statistics.StatisticsListener.lambda$new$0(StatisticsListener.java:76)
	at java.base/java.lang.Thread.run(Thread.java:829)
Caused by: java.lang.NoClassDefFoundError: com/fasterxml/jackson/databind/AnnotationIntrospector
	at java.base/java.lang.Class.getDeclaringClass0(Native Method)
	at java.base/java.lang.Class.getEnclosingClass(Class.java:1517)
	at org.evosuite.utils.generic.GenericClassUtils.isMissingTypeParameters(GenericClassUtils.java:74)
	at org.evosuite.utils.generic.GenericClassImpl.addTypeParameters(GenericClassImpl.java:63)
	at org.evosuite.utils.generic.GenericClassImpl.readObject(GenericClassImpl.java:1685)
	at jdk.internal.reflect.GeneratedMethodAccessor9.invoke(Unknown Source)
	at java.base/jdk.internal.reflect.DelegatingMethodAccessorImpl.invoke(DelegatingMethodAccessorImpl.java:43)
	at java.base/java.lang.reflect.Method.invoke(Method.java:566)
	at java.base/java.io.ObjectStreamClass.invokeReadObject(ObjectStreamClass.java:1046)
	at java.base/java.io.ObjectInputStream.readSerialData(ObjectInputStream.java:2357)
	at java.base/java.io.ObjectInputStream.readOrdinaryObject(ObjectInputStream.java:2228)
	at java.base/java.io.ObjectInputStream.readObject0(ObjectInputStream.java:1687)
	at java.base/java.io.ObjectInputStream.defaultReadFields(ObjectInputStream.java:2496)
	at java.base/java.io.ObjectInputStream.readSerialData(ObjectInputStream.java:2390)
	at java.base/java.io.ObjectInputStream.readOrdinaryObject(ObjectInputStream.java:2228)
	at java.base/java.io.ObjectInputStream.readObject0(ObjectInputStream.java:1687)
	at java.base/java.io.ObjectInputStream.defaultReadFields(ObjectInputStream.java:2496)
	at java.base/java.io.ObjectInputStream.readSerialData(ObjectInputStream.java:2390)
	at java.base/java.io.ObjectInputStream.readOrdinaryObject(ObjectInputStream.java:2228)
	at java.base/java.io.ObjectInputStream.readObject0(ObjectInputStream.java:1687)
	at java.base/java.io.ObjectInputStream.skipCustomData(ObjectInputStream.java:2451)
	at java.base/java.io.ObjectInputStream.readSerialData(ObjectInputStream.java:2400)
	at java.base/java.io.ObjectInputStream.readOrdinaryObject(ObjectInputStream.java:2228)
	at java.base/java.io.ObjectInputStream.readObject0(ObjectInputStream.java:1687)
	at java.base/java.io.ObjectInputStream.defaultReadFields(ObjectInputStream.java:2496)
	at java.base/java.io.ObjectInputStream.readSerialData(ObjectInputStream.java:2390)
	at java.base/java.io.ObjectInputStream.readOrdinaryObject(ObjectInputStream.java:2228)
	at java.base/java.io.ObjectInputStream.readObject0(ObjectInputStream.java:1687)
	at java.base/java.io.ObjectInputStream.defaultReadFields(ObjectInputStream.java:2496)
	at java.base/java.io.ObjectInputStream.defaultReadObject(ObjectInputStream.java:625)
	at org.evosuite.testcase.DefaultTestCase.readObject(DefaultTestCase.java:1217)
	at jdk.internal.reflect.GeneratedMethodAccessor14.invoke(Unknown Source)
	at java.base/jdk.internal.reflect.DelegatingMethodAccessorImpl.invoke(DelegatingMethodAccessorImpl.java:43)
	at java.base/java.lang.reflect.Method.invoke(Method.java:566)
	at java.base/java.io.ObjectStreamClass.invokeReadObject(ObjectStreamClass.java:1046)
	at java.base/java.io.ObjectInputStream.readSerialData(ObjectInputStream.java:2357)
	at java.base/java.io.ObjectInputStream.readOrdinaryObject(ObjectInputStream.java:2228)
	at java.base/java.io.ObjectInputStream.readObject0(ObjectInputStream.java:1687)
	at java.base/java.io.ObjectInputStream.defaultReadFields(ObjectInputStream.java:2496)
	at java.base/java.io.ObjectInputStream.readSerialData(ObjectInputStream.java:2390)
	at java.base/java.io.ObjectInputStream.readOrdinaryObject(ObjectInputStream.java:2228)
	at java.base/java.io.ObjectInputStream.readObject0(ObjectInputStream.java:1687)
	at java.base/java.io.ObjectInputStream.skipCustomData(ObjectInputStream.java:2451)
	at java.base/java.io.ObjectInputStream.readSerialData(ObjectInputStream.java:2400)
	at java.base/java.io.ObjectInputStream.readOrdinaryObject(ObjectInputStream.java:2228)
	at java.base/java.io.ObjectInputStream.readObject0(ObjectInputStream.java:1687)
	at java.base/java.io.ObjectInputStream.defaultReadFields(ObjectInputStream.java:2496)
	at java.base/java.io.ObjectInputStream.readSerialData(ObjectInputStream.java:2390)
	at java.base/java.io.ObjectInputStream.readOrdinaryObject(ObjectInputStream.java:2228)
	at java.base/java.io.ObjectInputStream.readObject0(ObjectInputStream.java:1687)
	at java.base/java.io.ObjectInputStream.readObject(ObjectInputStream.java:489)
	at java.base/java.io.ObjectInputStream.readObject(ObjectInputStream.java:447)
	at java.rmi/sun.rmi.server.UnicastRef.unmarshalValue(UnicastRef.java:327)
	at java.rmi/sun.rmi.server.UnicastServerRef.dispatch(UnicastServerRef.java:339)
	at java.rmi/sun.rmi.transport.Transport$1.run(Transport.java:200)
	at java.rmi/sun.rmi.transport.Transport$1.run(Transport.java:197)
	at java.base/java.security.AccessController.doPrivileged(Native Method)
	at java.rmi/sun.rmi.transport.Transport.serviceCall(Transport.java:196)
	at java.rmi/sun.rmi.transport.tcp.TCPTransport.handleMessages(TCPTransport.java:562)
	at java.rmi/sun.rmi.transport.tcp.TCPTransport$ConnectionHandler.run0(TCPTransport.java:796)
	at java.rmi/sun.rmi.transport.tcp.TCPTransport$ConnectionHandler.lambda$run$0(TCPTransport.java:677)
	at java.base/java.security.AccessController.doPrivileged(Native Method)
	at java.rmi/sun.rmi.transport.tcp.TCPTransport$ConnectionHandler.run(TCPTransport.java:676)
	at java.base/java.util.concurrent.ThreadPoolExecutor.runWorker(ThreadPoolExecutor.java:1128)
	at java.base/java.util.concurrent.ThreadPoolExecutor$Worker.run(ThreadPoolExecutor.java:628)
	... 1 common frames omitted
[MASTER] 15:57:11.537 [logback-1] WARN  ClientNodeImpl - Cannot send statistics to master; continuing without statistics
java.rmi.ServerError: Error occurred in server thread; nested exception is: 
	java.lang.NoClassDefFoundError: com/fasterxml/jackson/databind/AnnotationIntrospector
	at java.rmi/sun.rmi.server.UnicastServerRef.dispatch(UnicastServerRef.java:388)
	at java.rmi/sun.rmi.transport.Transport$1.run(Transport.java:200)
	at java.rmi/sun.rmi.transport.Transport$1.run(Transport.java:197)
	at java.base/java.security.AccessController.doPrivileged(Native Method)
	at java.rmi/sun.rmi.transport.Transport.serviceCall(Transport.java:196)
	at java.rmi/sun.rmi.transport.tcp.TCPTransport.handleMessages(TCPTransport.java:562)
	at java.rmi/sun.rmi.transport.tcp.TCPTransport$ConnectionHandler.run0(TCPTransport.java:796)
	at java.rmi/sun.rmi.transport.tcp.TCPTransport$ConnectionHandler.lambda$run$0(TCPTransport.java:677)
	at java.base/java.security.AccessController.doPrivileged(Native Method)
	at java.rmi/sun.rmi.transport.tcp.TCPTransport$ConnectionHandler.run(TCPTransport.java:676)
	at java.base/java.util.concurrent.ThreadPoolExecutor.runWorker(ThreadPoolExecutor.java:1128)
	at java.base/java.util.concurrent.ThreadPoolExecutor$Worker.run(ThreadPoolExecutor.java:628)
	at java.base/java.lang.Thread.run(Thread.java:829)
	at java.rmi/sun.rmi.transport.StreamRemoteCall.exceptionReceivedFromServer(StreamRemoteCall.java:303)
	at java.rmi/sun.rmi.transport.StreamRemoteCall.executeCall(StreamRemoteCall.java:279)
	at java.rmi/sun.rmi.server.UnicastRef.invoke(UnicastRef.java:164)
	at java.rmi/java.rmi.server.RemoteObjectInvocationHandler.invokeRemoteMethod(RemoteObjectInvocationHandler.java:217)
	at java.rmi/java.rmi.server.RemoteObjectInvocationHandler.invoke(RemoteObjectInvocationHandler.java:162)
	at com.sun.proxy.$Proxy7.evosuite_collectStatistics(Unknown Source)
	at org.evosuite.rmi.service.ClientNodeImpl.updateStatistics(ClientNodeImpl.java:251)
	at org.evosuite.statistics.StatisticsSender.sendIndividualToMaster(StatisticsSender.java:62)
	at org.evosuite.statistics.StatisticsListener.lambda$new$0(StatisticsListener.java:76)
	at java.base/java.lang.Thread.run(Thread.java:829)
Caused by: java.lang.NoClassDefFoundError: com/fasterxml/jackson/databind/AnnotationIntrospector
	at java.base/java.lang.Class.getDeclaringClass0(Native Method)
	at java.base/java.lang.Class.getEnclosingClass(Class.java:1517)
	at org.evosuite.utils.generic.GenericClassUtils.isMissingTypeParameters(GenericClassUtils.java:74)
	at org.evosuite.utils.generic.GenericClassImpl.addTypeParameters(GenericClassImpl.java:63)
	at org.evosuite.utils.generic.GenericClassImpl.readObject(GenericClassImpl.java:1685)
	at jdk.internal.reflect.GeneratedMethodAccessor9.invoke(Unknown Source)
	at java.base/jdk.internal.reflect.DelegatingMethodAccessorImpl.invoke(DelegatingMethodAccessorImpl.java:43)
	at java.base/java.lang.reflect.Method.invoke(Method.java:566)
	at java.base/java.io.ObjectStreamClass.invokeReadObject(ObjectStreamClass.java:1046)
	at java.base/java.io.ObjectInputStream.readSerialData(ObjectInputStream.java:2357)
	at java.base/java.io.ObjectInputStream.readOrdinaryObject(ObjectInputStream.java:2228)
	at java.base/java.io.ObjectInputStream.readObject0(ObjectInputStream.java:1687)
	at java.base/java.io.ObjectInputStream.defaultReadFields(ObjectInputStream.java:2496)
	at java.base/java.io.ObjectInputStream.readSerialData(ObjectInputStream.java:2390)
	at java.base/java.io.ObjectInputStream.readOrdinaryObject(ObjectInputStream.java:2228)
	at java.base/java.io.ObjectInputStream.readObject0(ObjectInputStream.java:1687)
	at java.base/java.io.ObjectInputStream.defaultReadFields(ObjectInputStream.java:2496)
	at java.base/java.io.ObjectInputStream.readSerialData(ObjectInputStream.java:2390)
	at java.base/java.io.ObjectInputStream.readOrdinaryObject(ObjectInputStream.java:2228)
	at java.base/java.io.ObjectInputStream.readObject0(ObjectInputStream.java:1687)
	at java.base/java.io.ObjectInputStream.skipCustomData(ObjectInputStream.java:2451)
	at java.base/java.io.ObjectInputStream.readSerialData(ObjectInputStream.java:2400)
	at java.base/java.io.ObjectInputStream.readOrdinaryObject(ObjectInputStream.java:2228)
	at java.base/java.io.ObjectInputStream.readObject0(ObjectInputStream.java:1687)
	at java.base/java.io.ObjectInputStream.defaultReadFields(ObjectInputStream.java:2496)
	at java.base/java.io.ObjectInputStream.readSerialData(ObjectInputStream.java:2390)
	at java.base/java.io.ObjectInputStream.readOrdinaryObject(ObjectInputStream.java:2228)
	at java.base/java.io.ObjectInputStream.readObject0(ObjectInputStream.java:1687)
	at java.base/java.io.ObjectInputStream.defaultReadFields(ObjectInputStream.java:2496)
	at java.base/java.io.ObjectInputStream.defaultReadObject(ObjectInputStream.java:625)
	at org.evosuite.testcase.DefaultTestCase.readObject(DefaultTestCase.java:1217)
	at jdk.internal.reflect.GeneratedMethodAccessor14.invoke(Unknown Source)
	at java.base/jdk.internal.reflect.DelegatingMethodAccessorImpl.invoke(DelegatingMethodAccessorImpl.java:43)
	at java.base/java.lang.reflect.Method.invoke(Method.java:566)
	at java.base/java.io.ObjectStreamClass.invokeReadObject(ObjectStreamClass.java:1046)
	at java.base/java.io.ObjectInputStream.readSerialData(ObjectInputStream.java:2357)
	at java.base/java.io.ObjectInputStream.readOrdinaryObject(ObjectInputStream.java:2228)
	at java.base/java.io.ObjectInputStream.readObject0(ObjectInputStream.java:1687)
	at java.base/java.io.ObjectInputStream.defaultReadFields(ObjectInputStream.java:2496)
	at java.base/java.io.ObjectInputStream.readSerialData(ObjectInputStream.java:2390)
	at java.base/java.io.ObjectInputStream.readOrdinaryObject(ObjectInputStream.java:2228)
	at java.base/java.io.ObjectInputStream.readObject0(ObjectInputStream.java:1687)
	at java.base/java.io.ObjectInputStream.skipCustomData(ObjectInputStream.java:2451)
	at java.base/java.io.ObjectInputStream.readSerialData(ObjectInputStream.java:2400)
	at java.base/java.io.ObjectInputStream.readOrdinaryObject(ObjectInputStream.java:2228)
	at java.base/java.io.ObjectInputStream.readObject0(ObjectInputStream.java:1687)
	at java.base/java.io.ObjectInputStream.defaultReadFields(ObjectInputStream.java:2496)
	at java.base/java.io.ObjectInputStream.readSerialData(ObjectInputStream.java:2390)
	at java.base/java.io.ObjectInputStream.readOrdinaryObject(ObjectInputStream.java:2228)
	at java.base/java.io.ObjectInputStream.readObject0(ObjectInputStream.java:1687)
	at java.base/java.io.ObjectInputStream.readObject(ObjectInputStream.java:489)
	at java.base/java.io.ObjectInputStream.readObject(ObjectInputStream.java:447)
	at java.rmi/sun.rmi.server.UnicastRef.unmarshalValue(UnicastRef.java:327)
	at java.rmi/sun.rmi.server.UnicastServerRef.dispatch(UnicastServerRef.java:339)
	at java.rmi/sun.rmi.transport.Transport$1.run(Transport.java:200)
	at java.rmi/sun.rmi.transport.Transport$1.run(Transport.java:197)
	at java.base/java.security.AccessController.doPrivileged(Native Method)
	at java.rmi/sun.rmi.transport.Transport.serviceCall(Transport.java:196)
	at java.rmi/sun.rmi.transport.tcp.TCPTransport.handleMessages(TCPTransport.java:562)
	at java.rmi/sun.rmi.transport.tcp.TCPTransport$ConnectionHandler.run0(TCPTransport.java:796)
	at java.rmi/sun.rmi.transport.tcp.TCPTransport$ConnectionHandler.lambda$run$0(TCPTransport.java:677)
	at java.base/java.security.AccessController.doPrivileged(Native Method)
	at java.rmi/sun.rmi.transport.tcp.TCPTransport$ConnectionHandler.run(TCPTransport.java:676)
	at java.base/java.util.concurrent.ThreadPoolExecutor.runWorker(ThreadPoolExecutor.java:1128)
	at java.base/java.util.concurrent.ThreadPoolExecutor$Worker.run(ThreadPoolExecutor.java:628)
	... 1 common frames omitted
[MASTER] 15:57:11.765 [logback-1] WARN  ClientNodeImpl - Cannot send statistics to master; continuing without statistics
java.rmi.ServerError: Error occurred in server thread; nested exception is: 
	java.lang.NoClassDefFoundError: com/fasterxml/jackson/databind/AnnotationIntrospector
	at java.rmi/sun.rmi.server.UnicastServerRef.dispatch(UnicastServerRef.java:388)
	at java.rmi/sun.rmi.transport.Transport$1.run(Transport.java:200)
	at java.rmi/sun.rmi.transport.Transport$1.run(Transport.java:197)
	at java.base/java.security.AccessController.doPrivileged(Native Method)
	at java.rmi/sun.rmi.transport.Transport.serviceCall(Transport.java:196)
	at java.rmi/sun.rmi.transport.tcp.TCPTransport.handleMessages(TCPTransport.java:562)
	at java.rmi/sun.rmi.transport.tcp.TCPTransport$ConnectionHandler.run0(TCPTransport.java:796)
	at java.rmi/sun.rmi.transport.tcp.TCPTransport$ConnectionHandler.lambda$run$0(TCPTransport.java:677)
	at java.base/java.security.AccessController.doPrivileged(Native Method)
	at java.rmi/sun.rmi.transport.tcp.TCPTransport$ConnectionHandler.run(TCPTransport.java:676)
	at java.base/java.util.concurrent.ThreadPoolExecutor.runWorker(ThreadPoolExecutor.java:1128)
	at java.base/java.util.concurrent.ThreadPoolExecutor$Worker.run(ThreadPoolExecutor.java:628)
	at java.base/java.lang.Thread.run(Thread.java:829)
	at java.rmi/sun.rmi.transport.StreamRemoteCall.exceptionReceivedFromServer(StreamRemoteCall.java:303)
	at java.rmi/sun.rmi.transport.StreamRemoteCall.executeCall(StreamRemoteCall.java:279)
	at java.rmi/sun.rmi.server.UnicastRef.invoke(UnicastRef.java:164)
	at java.rmi/java.rmi.server.RemoteObjectInvocationHandler.invokeRemoteMethod(RemoteObjectInvocationHandler.java:217)
	at java.rmi/java.rmi.server.RemoteObjectInvocationHandler.invoke(RemoteObjectInvocationHandler.java:162)
	at com.sun.proxy.$Proxy7.evosuite_collectStatistics(Unknown Source)
	at org.evosuite.rmi.service.ClientNodeImpl.updateStatistics(ClientNodeImpl.java:251)
	at org.evosuite.statistics.StatisticsSender.sendIndividualToMaster(StatisticsSender.java:62)
	at org.evosuite.statistics.StatisticsListener.lambda$new$0(StatisticsListener.java:76)
	at java.base/java.lang.Thread.run(Thread.java:829)
Caused by: java.lang.NoClassDefFoundError: com/fasterxml/jackson/databind/AnnotationIntrospector
	at java.base/java.lang.Class.getDeclaringClass0(Native Method)
	at java.base/java.lang.Class.getEnclosingClass(Class.java:1517)
	at org.evosuite.utils.generic.GenericClassUtils.isMissingTypeParameters(GenericClassUtils.java:74)
	at org.evosuite.utils.generic.GenericClassImpl.addTypeParameters(GenericClassImpl.java:63)
	at org.evosuite.utils.generic.GenericClassImpl.readObject(GenericClassImpl.java:1685)
	at jdk.internal.reflect.GeneratedMethodAccessor9.invoke(Unknown Source)
	at java.base/jdk.internal.reflect.DelegatingMethodAccessorImpl.invoke(DelegatingMethodAccessorImpl.java:43)
	at java.base/java.lang.reflect.Method.invoke(Method.java:566)
	at java.base/java.io.ObjectStreamClass.invokeReadObject(ObjectStreamClass.java:1046)
	at java.base/java.io.ObjectInputStream.readSerialData(ObjectInputStream.java:2357)
	at java.base/java.io.ObjectInputStream.readOrdinaryObject(ObjectInputStream.java:2228)
	at java.base/java.io.ObjectInputStream.readObject0(ObjectInputStream.java:1687)
	at java.base/java.io.ObjectInputStream.defaultReadFields(ObjectInputStream.java:2496)
	at java.base/java.io.ObjectInputStream.readSerialData(ObjectInputStream.java:2390)
	at java.base/java.io.ObjectInputStream.readOrdinaryObject(ObjectInputStream.java:2228)
	at java.base/java.io.ObjectInputStream.readObject0(ObjectInputStream.java:1687)
	at java.base/java.io.ObjectInputStream.defaultReadFields(ObjectInputStream.java:2496)
	at java.base/java.io.ObjectInputStream.readSerialData(ObjectInputStream.java:2390)
	at java.base/java.io.ObjectInputStream.readOrdinaryObject(ObjectInputStream.java:2228)
	at java.base/java.io.ObjectInputStream.readObject0(ObjectInputStream.java:1687)
	at java.base/java.io.ObjectInputStream.skipCustomData(ObjectInputStream.java:2451)
	at java.base/java.io.ObjectInputStream.readSerialData(ObjectInputStream.java:2400)
	at java.base/java.io.ObjectInputStream.readOrdinaryObject(ObjectInputStream.java:2228)
	at java.base/java.io.ObjectInputStream.readObject0(ObjectInputStream.java:1687)
	at java.base/java.io.ObjectInputStream.defaultReadFields(ObjectInputStream.java:2496)
	at java.base/java.io.ObjectInputStream.readSerialData(ObjectInputStream.java:2390)
	at java.base/java.io.ObjectInputStream.readOrdinaryObject(ObjectInputStream.java:2228)
	at java.base/java.io.ObjectInputStream.readObject0(ObjectInputStream.java:1687)
	at java.base/java.io.ObjectInputStream.defaultReadFields(ObjectInputStream.java:2496)
	at java.base/java.io.ObjectInputStream.defaultReadObject(ObjectInputStream.java:625)
	at org.evosuite.testcase.DefaultTestCase.readObject(DefaultTestCase.java:1217)
	at jdk.internal.reflect.GeneratedMethodAccessor14.invoke(Unknown Source)
	at java.base/jdk.internal.reflect.DelegatingMethodAccessorImpl.invoke(DelegatingMethodAccessorImpl.java:43)
	at java.base/java.lang.reflect.Method.invoke(Method.java:566)
	at java.base/java.io.ObjectStreamClass.invokeReadObject(ObjectStreamClass.java:1046)
	at java.base/java.io.ObjectInputStream.readSerialData(ObjectInputStream.java:2357)
	at java.base/java.io.ObjectInputStream.readOrdinaryObject(ObjectInputStream.java:2228)
	at java.base/java.io.ObjectInputStream.readObject0(ObjectInputStream.java:1687)
	at java.base/java.io.ObjectInputStream.defaultReadFields(ObjectInputStream.java:2496)
	at java.base/java.io.ObjectInputStream.readSerialData(ObjectInputStream.java:2390)
	at java.base/java.io.ObjectInputStream.readOrdinaryObject(ObjectInputStream.java:2228)
	at java.base/java.io.ObjectInputStream.readObject0(ObjectInputStream.java:1687)
	at java.base/java.io.ObjectInputStream.skipCustomData(ObjectInputStream.java:2451)
	at java.base/java.io.ObjectInputStream.readSerialData(ObjectInputStream.java:2400)
	at java.base/java.io.ObjectInputStream.readOrdinaryObject(ObjectInputStream.java:2228)
	at java.base/java.io.ObjectInputStream.readObject0(ObjectInputStream.java:1687)
	at java.base/java.io.ObjectInputStream.defaultReadFields(ObjectInputStream.java:2496)
	at java.base/java.io.ObjectInputStream.readSerialData(ObjectInputStream.java:2390)
	at java.base/java.io.ObjectInputStream.readOrdinaryObject(ObjectInputStream.java:2228)
	at java.base/java.io.ObjectInputStream.readObject0(ObjectInputStream.java:1687)
	at java.base/java.io.ObjectInputStream.readObject(ObjectInputStream.java:489)
	at java.base/java.io.ObjectInputStream.readObject(ObjectInputStream.java:447)
	at java.rmi/sun.rmi.server.UnicastRef.unmarshalValue(UnicastRef.java:327)
	at java.rmi/sun.rmi.server.UnicastServerRef.dispatch(UnicastServerRef.java:339)
	at java.rmi/sun.rmi.transport.Transport$1.run(Transport.java:200)
	at java.rmi/sun.rmi.transport.Transport$1.run(Transport.java:197)
	at java.base/java.security.AccessController.doPrivileged(Native Method)
	at java.rmi/sun.rmi.transport.Transport.serviceCall(Transport.java:196)
	at java.rmi/sun.rmi.transport.tcp.TCPTransport.handleMessages(TCPTransport.java:562)
	at java.rmi/sun.rmi.transport.tcp.TCPTransport$ConnectionHandler.run0(TCPTransport.java:796)
	at java.rmi/sun.rmi.transport.tcp.TCPTransport$ConnectionHandler.lambda$run$0(TCPTransport.java:677)
	at java.base/java.security.AccessController.doPrivileged(Native Method)
	at java.rmi/sun.rmi.transport.tcp.TCPTransport$ConnectionHandler.run(TCPTransport.java:676)
	at java.base/java.util.concurrent.ThreadPoolExecutor.runWorker(ThreadPoolExecutor.java:1128)
	at java.base/java.util.concurrent.ThreadPoolExecutor$Worker.run(ThreadPoolExecutor.java:628)
	... 1 common frames omitted
[Progress:==>                           8%] [Cov:======>                            19%][Progress:==>                           9%] [Cov:======>                            19%][MASTER] 15:57:11.993 [logback-1] WARN  ClientNodeImpl - Cannot send statistics to master; continuing without statistics
java.rmi.ServerError: Error occurred in server thread; nested exception is: 
	java.lang.NoClassDefFoundError: com/fasterxml/jackson/databind/AnnotationIntrospector
	at java.rmi/sun.rmi.server.UnicastServerRef.dispatch(UnicastServerRef.java:388)
	at java.rmi/sun.rmi.transport.Transport$1.run(Transport.java:200)
	at java.rmi/sun.rmi.transport.Transport$1.run(Transport.java:197)
	at java.base/java.security.AccessController.doPrivileged(Native Method)
	at java.rmi/sun.rmi.transport.Transport.serviceCall(Transport.java:196)
	at java.rmi/sun.rmi.transport.tcp.TCPTransport.handleMessages(TCPTransport.java:562)
	at java.rmi/sun.rmi.transport.tcp.TCPTransport$ConnectionHandler.run0(TCPTransport.java:796)
	at java.rmi/sun.rmi.transport.tcp.TCPTransport$ConnectionHandler.lambda$run$0(TCPTransport.java:677)
	at java.base/java.security.AccessController.doPrivileged(Native Method)
	at java.rmi/sun.rmi.transport.tcp.TCPTransport$ConnectionHandler.run(TCPTransport.java:676)
	at java.base/java.util.concurrent.ThreadPoolExecutor.runWorker(ThreadPoolExecutor.java:1128)
	at java.base/java.util.concurrent.ThreadPoolExecutor$Worker.run(ThreadPoolExecutor.java:628)
	at java.base/java.lang.Thread.run(Thread.java:829)
	at java.rmi/sun.rmi.transport.StreamRemoteCall.exceptionReceivedFromServer(StreamRemoteCall.java:303)
	at java.rmi/sun.rmi.transport.StreamRemoteCall.executeCall(StreamRemoteCall.java:279)
	at java.rmi/sun.rmi.server.UnicastRef.invoke(UnicastRef.java:164)
	at java.rmi/java.rmi.server.RemoteObjectInvocationHandler.invokeRemoteMethod(RemoteObjectInvocationHandler.java:217)
	at java.rmi/java.rmi.server.RemoteObjectInvocationHandler.invoke(RemoteObjectInvocationHandler.java:162)
	at com.sun.proxy.$Proxy7.evosuite_collectStatistics(Unknown Source)
	at org.evosuite.rmi.service.ClientNodeImpl.updateStatistics(ClientNodeImpl.java:251)
	at org.evosuite.statistics.StatisticsSender.sendIndividualToMaster(StatisticsSender.java:62)
	at org.evosuite.statistics.StatisticsListener.lambda$new$0(StatisticsListener.java:76)
	at java.base/java.lang.Thread.run(Thread.java:829)
Caused by: java.lang.NoClassDefFoundError: com/fasterxml/jackson/databind/AnnotationIntrospector
	at java.base/java.lang.Class.getDeclaringClass0(Native Method)
	at java.base/java.lang.Class.getEnclosingClass(Class.java:1517)
	at org.evosuite.utils.generic.GenericClassUtils.isMissingTypeParameters(GenericClassUtils.java:74)
	at org.evosuite.utils.generic.GenericClassImpl.addTypeParameters(GenericClassImpl.java:63)
	at org.evosuite.utils.generic.GenericClassImpl.readObject(GenericClassImpl.java:1685)
	at jdk.internal.reflect.GeneratedMethodAccessor9.invoke(Unknown Source)
	at java.base/jdk.internal.reflect.DelegatingMethodAccessorImpl.invoke(DelegatingMethodAccessorImpl.java:43)
	at java.base/java.lang.reflect.Method.invoke(Method.java:566)
	at java.base/java.io.ObjectStreamClass.invokeReadObject(ObjectStreamClass.java:1046)
	at java.base/java.io.ObjectInputStream.readSerialData(ObjectInputStream.java:2357)
	at java.base/java.io.ObjectInputStream.readOrdinaryObject(ObjectInputStream.java:2228)
	at java.base/java.io.ObjectInputStream.readObject0(ObjectInputStream.java:1687)
	at java.base/java.io.ObjectInputStream.defaultReadFields(ObjectInputStream.java:2496)
	at java.base/java.io.ObjectInputStream.readSerialData(ObjectInputStream.java:2390)
	at java.base/java.io.ObjectInputStream.readOrdinaryObject(ObjectInputStream.java:2228)
	at java.base/java.io.ObjectInputStream.readObject0(ObjectInputStream.java:1687)
	at java.base/java.io.ObjectInputStream.defaultReadFields(ObjectInputStream.java:2496)
	at java.base/java.io.ObjectInputStream.readSerialData(ObjectInputStream.java:2390)
	at java.base/java.io.ObjectInputStream.readOrdinaryObject(ObjectInputStream.java:2228)
	at java.base/java.io.ObjectInputStream.readObject0(ObjectInputStream.java:1687)
	at java.base/java.io.ObjectInputStream.skipCustomData(ObjectInputStream.java:2451)
	at java.base/java.io.ObjectInputStream.readSerialData(ObjectInputStream.java:2400)
	at java.base/java.io.ObjectInputStream.readOrdinaryObject(ObjectInputStream.java:2228)
	at java.base/java.io.ObjectInputStream.readObject0(ObjectInputStream.java:1687)
	at java.base/java.io.ObjectInputStream.defaultReadFields(ObjectInputStream.java:2496)
	at java.base/java.io.ObjectInputStream.readSerialData(ObjectInputStream.java:2390)
	at java.base/java.io.ObjectInputStream.readOrdinaryObject(ObjectInputStream.java:2228)
	at java.base/java.io.ObjectInputStream.readObject0(ObjectInputStream.java:1687)
	at java.base/java.io.ObjectInputStream.defaultReadFields(ObjectInputStream.java:2496)
	at java.base/java.io.ObjectInputStream.defaultReadObject(ObjectInputStream.java:625)
	at org.evosuite.testcase.DefaultTestCase.readObject(DefaultTestCase.java:1217)
	at jdk.internal.reflect.GeneratedMethodAccessor14.invoke(Unknown Source)
	at java.base/jdk.internal.reflect.DelegatingMethodAccessorImpl.invoke(DelegatingMethodAccessorImpl.java:43)
	at java.base/java.lang.reflect.Method.invoke(Method.java:566)
	at java.base/java.io.ObjectStreamClass.invokeReadObject(ObjectStreamClass.java:1046)
	at java.base/java.io.ObjectInputStream.readSerialData(ObjectInputStream.java:2357)
	at java.base/java.io.ObjectInputStream.readOrdinaryObject(ObjectInputStream.java:2228)
	at java.base/java.io.ObjectInputStream.readObject0(ObjectInputStream.java:1687)
	at java.base/java.io.ObjectInputStream.defaultReadFields(ObjectInputStream.java:2496)
	at java.base/java.io.ObjectInputStream.readSerialData(ObjectInputStream.java:2390)
	at java.base/java.io.ObjectInputStream.readOrdinaryObject(ObjectInputStream.java:2228)
	at java.base/java.io.ObjectInputStream.readObject0(ObjectInputStream.java:1687)
	at java.base/java.io.ObjectInputStream.skipCustomData(ObjectInputStream.java:2451)
	at java.base/java.io.ObjectInputStream.readSerialData(ObjectInputStream.java:2400)
	at java.base/java.io.ObjectInputStream.readOrdinaryObject(ObjectInputStream.java:2228)
	at java.base/java.io.ObjectInputStream.readObject0(ObjectInputStream.java:1687)
	at java.base/java.io.ObjectInputStream.defaultReadFields(ObjectInputStream.java:2496)
	at java.base/java.io.ObjectInputStream.readSerialData(ObjectInputStream.java:2390)
	at java.base/java.io.ObjectInputStream.readOrdinaryObject(ObjectInputStream.java:2228)
	at java.base/java.io.ObjectInputStream.readObject0(ObjectInputStream.java:1687)
	at java.base/java.io.ObjectInputStream.readObject(ObjectInputStream.java:489)
	at java.base/java.io.ObjectInputStream.readObject(ObjectInputStream.java:447)
	at java.rmi/sun.rmi.server.UnicastRef.unmarshalValue(UnicastRef.java:327)
	at java.rmi/sun.rmi.server.UnicastServerRef.dispatch(UnicastServerRef.java:339)
	at java.rmi/sun.rmi.transport.Transport$1.run(Transport.java:200)
	at java.rmi/sun.rmi.transport.Transport$1.run(Transport.java:197)
	at java.base/java.security.AccessController.doPrivileged(Native Method)
	at java.rmi/sun.rmi.transport.Transport.serviceCall(Transport.java:196)
	at java.rmi/sun.rmi.transport.tcp.TCPTransport.handleMessages(TCPTransport.java:562)
	at java.rmi/sun.rmi.transport.tcp.TCPTransport$ConnectionHandler.run0(TCPTransport.java:796)
	at java.rmi/sun.rmi.transport.tcp.TCPTransport$ConnectionHandler.lambda$run$0(TCPTransport.java:677)
	at java.base/java.security.AccessController.doPrivileged(Native Method)
	at java.rmi/sun.rmi.transport.tcp.TCPTransport$ConnectionHandler.run(TCPTransport.java:676)
	at java.base/java.util.concurrent.ThreadPoolExecutor.runWorker(ThreadPoolExecutor.java:1128)
	at java.base/java.util.concurrent.ThreadPoolExecutor$Worker.run(ThreadPoolExecutor.java:628)
	... 1 common frames omitted
[MASTER] 15:57:12.224 [logback-1] WARN  ClientNodeImpl - Cannot send statistics to master; continuing without statistics
java.rmi.ServerError: Error occurred in server thread; nested exception is: 
	java.lang.NoClassDefFoundError: com/fasterxml/jackson/databind/AnnotationIntrospector
	at java.rmi/sun.rmi.server.UnicastServerRef.dispatch(UnicastServerRef.java:388)
	at java.rmi/sun.rmi.transport.Transport$1.run(Transport.java:200)
	at java.rmi/sun.rmi.transport.Transport$1.run(Transport.java:197)
	at java.base/java.security.AccessController.doPrivileged(Native Method)
	at java.rmi/sun.rmi.transport.Transport.serviceCall(Transport.java:196)
	at java.rmi/sun.rmi.transport.tcp.TCPTransport.handleMessages(TCPTransport.java:562)
	at java.rmi/sun.rmi.transport.tcp.TCPTransport$ConnectionHandler.run0(TCPTransport.java:796)
	at java.rmi/sun.rmi.transport.tcp.TCPTransport$ConnectionHandler.lambda$run$0(TCPTransport.java:677)
	at java.base/java.security.AccessController.doPrivileged(Native Method)
	at java.rmi/sun.rmi.transport.tcp.TCPTransport$ConnectionHandler.run(TCPTransport.java:676)
	at java.base/java.util.concurrent.ThreadPoolExecutor.runWorker(ThreadPoolExecutor.java:1128)
	at java.base/java.util.concurrent.ThreadPoolExecutor$Worker.run(ThreadPoolExecutor.java:628)
	at java.base/java.lang.Thread.run(Thread.java:829)
	at java.rmi/sun.rmi.transport.StreamRemoteCall.exceptionReceivedFromServer(StreamRemoteCall.java:303)
	at java.rmi/sun.rmi.transport.StreamRemoteCall.executeCall(StreamRemoteCall.java:279)
	at java.rmi/sun.rmi.server.UnicastRef.invoke(UnicastRef.java:164)
	at java.rmi/java.rmi.server.RemoteObjectInvocationHandler.invokeRemoteMethod(RemoteObjectInvocationHandler.java:217)
	at java.rmi/java.rmi.server.RemoteObjectInvocationHandler.invoke(RemoteObjectInvocationHandler.java:162)
	at com.sun.proxy.$Proxy7.evosuite_collectStatistics(Unknown Source)
	at org.evosuite.rmi.service.ClientNodeImpl.updateStatistics(ClientNodeImpl.java:251)
	at org.evosuite.statistics.StatisticsSender.sendIndividualToMaster(StatisticsSender.java:62)
	at org.evosuite.statistics.StatisticsListener.lambda$new$0(StatisticsListener.java:76)
	at java.base/java.lang.Thread.run(Thread.java:829)
Caused by: java.lang.NoClassDefFoundError: com/fasterxml/jackson/databind/AnnotationIntrospector
	at java.base/java.lang.Class.getDeclaringClass0(Native Method)
	at java.base/java.lang.Class.getEnclosingClass(Class.java:1517)
	at org.evosuite.utils.generic.GenericClassUtils.isMissingTypeParameters(GenericClassUtils.java:74)
	at org.evosuite.utils.generic.GenericClassImpl.addTypeParameters(GenericClassImpl.java:63)
	at org.evosuite.utils.generic.GenericClassImpl.readObject(GenericClassImpl.java:1685)
	at jdk.internal.reflect.GeneratedMethodAccessor9.invoke(Unknown Source)
	at java.base/jdk.internal.reflect.DelegatingMethodAccessorImpl.invoke(DelegatingMethodAccessorImpl.java:43)
	at java.base/java.lang.reflect.Method.invoke(Method.java:566)
	at java.base/java.io.ObjectStreamClass.invokeReadObject(ObjectStreamClass.java:1046)
	at java.base/java.io.ObjectInputStream.readSerialData(ObjectInputStream.java:2357)
	at java.base/java.io.ObjectInputStream.readOrdinaryObject(ObjectInputStream.java:2228)
	at java.base/java.io.ObjectInputStream.readObject0(ObjectInputStream.java:1687)
	at java.base/java.io.ObjectInputStream.defaultReadFields(ObjectInputStream.java:2496)
	at java.base/java.io.ObjectInputStream.readSerialData(ObjectInputStream.java:2390)
	at java.base/java.io.ObjectInputStream.readOrdinaryObject(ObjectInputStream.java:2228)
	at java.base/java.io.ObjectInputStream.readObject0(ObjectInputStream.java:1687)
	at java.base/java.io.ObjectInputStream.defaultReadFields(ObjectInputStream.java:2496)
	at java.base/java.io.ObjectInputStream.readSerialData(ObjectInputStream.java:2390)
	at java.base/java.io.ObjectInputStream.readOrdinaryObject(ObjectInputStream.java:2228)
	at java.base/java.io.ObjectInputStream.readObject0(ObjectInputStream.java:1687)
	at java.base/java.io.ObjectInputStream.skipCustomData(ObjectInputStream.java:2451)
	at java.base/java.io.ObjectInputStream.readSerialData(ObjectInputStream.java:2400)
	at java.base/java.io.ObjectInputStream.readOrdinaryObject(ObjectInputStream.java:2228)
	at java.base/java.io.ObjectInputStream.readObject0(ObjectInputStream.java:1687)
	at java.base/java.io.ObjectInputStream.defaultReadFields(ObjectInputStream.java:2496)
	at java.base/java.io.ObjectInputStream.readSerialData(ObjectInputStream.java:2390)
	at java.base/java.io.ObjectInputStream.readOrdinaryObject(ObjectInputStream.java:2228)
	at java.base/java.io.ObjectInputStream.readObject0(ObjectInputStream.java:1687)
	at java.base/java.io.ObjectInputStream.defaultReadFields(ObjectInputStream.java:2496)
	at java.base/java.io.ObjectInputStream.defaultReadObject(ObjectInputStream.java:625)
	at org.evosuite.testcase.DefaultTestCase.readObject(DefaultTestCase.java:1217)
	at jdk.internal.reflect.GeneratedMethodAccessor14.invoke(Unknown Source)
	at java.base/jdk.internal.reflect.DelegatingMethodAccessorImpl.invoke(DelegatingMethodAccessorImpl.java:43)
	at java.base/java.lang.reflect.Method.invoke(Method.java:566)
	at java.base/java.io.ObjectStreamClass.invokeReadObject(ObjectStreamClass.java:1046)
	at java.base/java.io.ObjectInputStream.readSerialData(ObjectInputStream.java:2357)
	at java.base/java.io.ObjectInputStream.readOrdinaryObject(ObjectInputStream.java:2228)
	at java.base/java.io.ObjectInputStream.readObject0(ObjectInputStream.java:1687)
	at java.base/java.io.ObjectInputStream.defaultReadFields(ObjectInputStream.java:2496)
	at java.base/java.io.ObjectInputStream.readSerialData(ObjectInputStream.java:2390)
	at java.base/java.io.ObjectInputStream.readOrdinaryObject(ObjectInputStream.java:2228)
	at java.base/java.io.ObjectInputStream.readObject0(ObjectInputStream.java:1687)
	at java.base/java.io.ObjectInputStream.skipCustomData(ObjectInputStream.java:2451)
	at java.base/java.io.ObjectInputStream.readSerialData(ObjectInputStream.java:2400)
	at java.base/java.io.ObjectInputStream.readOrdinaryObject(ObjectInputStream.java:2228)
	at java.base/java.io.ObjectInputStream.readObject0(ObjectInputStream.java:1687)
	at java.base/java.io.ObjectInputStream.defaultReadFields(ObjectInputStream.java:2496)
	at java.base/java.io.ObjectInputStream.readSerialData(ObjectInputStream.java:2390)
	at java.base/java.io.ObjectInputStream.readOrdinaryObject(ObjectInputStream.java:2228)
	at java.base/java.io.ObjectInputStream.readObject0(ObjectInputStream.java:1687)
	at java.base/java.io.ObjectInputStream.readObject(ObjectInputStream.java:489)
	at java.base/java.io.ObjectInputStream.readObject(ObjectInputStream.java:447)
	at java.rmi/sun.rmi.server.UnicastRef.unmarshalValue(UnicastRef.java:327)
	at java.rmi/sun.rmi.server.UnicastServerRef.dispatch(UnicastServerRef.java:339)
	at java.rmi/sun.rmi.transport.Transport$1.run(Transport.java:200)
	at java.rmi/sun.rmi.transport.Transport$1.run(Transport.java:197)
	at java.base/java.security.AccessController.doPrivileged(Native Method)
	at java.rmi/sun.rmi.transport.Transport.serviceCall(Transport.java:196)
	at java.rmi/sun.rmi.transport.tcp.TCPTransport.handleMessages(TCPTransport.java:562)
	at java.rmi/sun.rmi.transport.tcp.TCPTransport$ConnectionHandler.run0(TCPTransport.java:796)
	at java.rmi/sun.rmi.transport.tcp.TCPTransport$ConnectionHandler.lambda$run$0(TCPTransport.java:677)
	at java.base/java.security.AccessController.doPrivileged(Native Method)
	at java.rmi/sun.rmi.transport.tcp.TCPTransport$ConnectionHandler.run(TCPTransport.java:676)
	at java.base/java.util.concurrent.ThreadPoolExecutor.runWorker(ThreadPoolExecutor.java:1128)
	at java.base/java.util.concurrent.ThreadPoolExecutor$Worker.run(ThreadPoolExecutor.java:628)
	... 1 common frames omitted
[Progress:==>                           9%] [Cov:======>                            19%][MASTER] 15:57:12.703 [logback-1] WARN  ClientNodeImpl - Cannot send statistics to master; continuing without statistics
java.rmi.ServerError: Error occurred in server thread; nested exception is: 
	java.lang.NoClassDefFoundError: com/fasterxml/jackson/databind/AnnotationIntrospector
	at java.rmi/sun.rmi.server.UnicastServerRef.dispatch(UnicastServerRef.java:388)
	at java.rmi/sun.rmi.transport.Transport$1.run(Transport.java:200)
	at java.rmi/sun.rmi.transport.Transport$1.run(Transport.java:197)
	at java.base/java.security.AccessController.doPrivileged(Native Method)
	at java.rmi/sun.rmi.transport.Transport.serviceCall(Transport.java:196)
	at java.rmi/sun.rmi.transport.tcp.TCPTransport.handleMessages(TCPTransport.java:562)
	at java.rmi/sun.rmi.transport.tcp.TCPTransport$ConnectionHandler.run0(TCPTransport.java:796)
	at java.rmi/sun.rmi.transport.tcp.TCPTransport$ConnectionHandler.lambda$run$0(TCPTransport.java:677)
	at java.base/java.security.AccessController.doPrivileged(Native Method)
	at java.rmi/sun.rmi.transport.tcp.TCPTransport$ConnectionHandler.run(TCPTransport.java:676)
	at java.base/java.util.concurrent.ThreadPoolExecutor.runWorker(ThreadPoolExecutor.java:1128)
	at java.base/java.util.concurrent.ThreadPoolExecutor$Worker.run(ThreadPoolExecutor.java:628)
	at java.base/java.lang.Thread.run(Thread.java:829)
	at java.rmi/sun.rmi.transport.StreamRemoteCall.exceptionReceivedFromServer(StreamRemoteCall.java:303)
	at java.rmi/sun.rmi.transport.StreamRemoteCall.executeCall(StreamRemoteCall.java:279)
	at java.rmi/sun.rmi.server.UnicastRef.invoke(UnicastRef.java:164)
	at java.rmi/java.rmi.server.RemoteObjectInvocationHandler.invokeRemoteMethod(RemoteObjectInvocationHandler.java:217)
	at java.rmi/java.rmi.server.RemoteObjectInvocationHandler.invoke(RemoteObjectInvocationHandler.java:162)
	at com.sun.proxy.$Proxy7.evosuite_collectStatistics(Unknown Source)
	at org.evosuite.rmi.service.ClientNodeImpl.updateStatistics(ClientNodeImpl.java:251)
	at org.evosuite.statistics.StatisticsSender.sendIndividualToMaster(StatisticsSender.java:62)
	at org.evosuite.statistics.StatisticsListener.lambda$new$0(StatisticsListener.java:76)
	at java.base/java.lang.Thread.run(Thread.java:829)
Caused by: java.lang.NoClassDefFoundError: com/fasterxml/jackson/databind/AnnotationIntrospector
	at java.base/java.lang.Class.getDeclaringClass0(Native Method)
	at java.base/java.lang.Class.getEnclosingClass(Class.java:1517)
	at org.evosuite.utils.generic.GenericClassUtils.isMissingTypeParameters(GenericClassUtils.java:74)
	at org.evosuite.utils.generic.GenericClassImpl.addTypeParameters(GenericClassImpl.java:63)
	at org.evosuite.utils.generic.GenericClassImpl.readObject(GenericClassImpl.java:1685)
	at jdk.internal.reflect.GeneratedMethodAccessor9.invoke(Unknown Source)
	at java.base/jdk.internal.reflect.DelegatingMethodAccessorImpl.invoke(DelegatingMethodAccessorImpl.java:43)
	at java.base/java.lang.reflect.Method.invoke(Method.java:566)
	at java.base/java.io.ObjectStreamClass.invokeReadObject(ObjectStreamClass.java:1046)
	at java.base/java.io.ObjectInputStream.readSerialData(ObjectInputStream.java:2357)
	at java.base/java.io.ObjectInputStream.readOrdinaryObject(ObjectInputStream.java:2228)
	at java.base/java.io.ObjectInputStream.readObject0(ObjectInputStream.java:1687)
	at java.base/java.io.ObjectInputStream.defaultReadFields(ObjectInputStream.java:2496)
	at java.base/java.io.ObjectInputStream.readSerialData(ObjectInputStream.java:2390)
	at java.base/java.io.ObjectInputStream.readOrdinaryObject(ObjectInputStream.java:2228)
	at java.base/java.io.ObjectInputStream.readObject0(ObjectInputStream.java:1687)
	at java.base/java.io.ObjectInputStream.defaultReadFields(ObjectInputStream.java:2496)
	at java.base/java.io.ObjectInputStream.readSerialData(ObjectInputStream.java:2390)
	at java.base/java.io.ObjectInputStream.readOrdinaryObject(ObjectInputStream.java:2228)
	at java.base/java.io.ObjectInputStream.readObject0(ObjectInputStream.java:1687)
	at java.base/java.io.ObjectInputStream.readObject(ObjectInputStream.java:489)
	at java.base/java.io.ObjectInputStream.readObject(ObjectInputStream.java:447)
	at java.base/java.util.ArrayList.readObject(ArrayList.java:929)
	at java.base/jdk.internal.reflect.GeneratedMethodAccessor7.invoke(Unknown Source)
	at java.base/jdk.internal.reflect.DelegatingMethodAccessorImpl.invoke(DelegatingMethodAccessorImpl.java:43)
	at java.base/java.lang.reflect.Method.invoke(Method.java:566)
	at java.base/java.io.ObjectStreamClass.invokeReadObject(ObjectStreamClass.java:1046)
	at java.base/java.io.ObjectInputStream.readSerialData(ObjectInputStream.java:2357)
	at java.base/java.io.ObjectInputStream.readOrdinaryObject(ObjectInputStream.java:2228)
	at java.base/java.io.ObjectInputStream.readObject0(ObjectInputStream.java:1687)
	at java.base/java.io.ObjectInputStream.defaultReadFields(ObjectInputStream.java:2496)
	at java.base/java.io.ObjectInputStream.readSerialData(ObjectInputStream.java:2390)
	at java.base/java.io.ObjectInputStream.readOrdinaryObject(ObjectInputStream.java:2228)
	at java.base/java.io.ObjectInputStream.readObject0(ObjectInputStream.java:1687)
	at java.base/java.io.ObjectInputStream.defaultReadFields(ObjectInputStream.java:2496)
	at java.base/java.io.ObjectInputStream.defaultReadObject(ObjectInputStream.java:625)
	at org.evosuite.testcase.DefaultTestCase.readObject(DefaultTestCase.java:1217)
	at jdk.internal.reflect.GeneratedMethodAccessor14.invoke(Unknown Source)
	at java.base/jdk.internal.reflect.DelegatingMethodAccessorImpl.invoke(DelegatingMethodAccessorImpl.java:43)
	at java.base/java.lang.reflect.Method.invoke(Method.java:566)
	at java.base/java.io.ObjectStreamClass.invokeReadObject(ObjectStreamClass.java:1046)
	at java.base/java.io.ObjectInputStream.readSerialData(ObjectInputStream.java:2357)
	at java.base/java.io.ObjectInputStream.readOrdinaryObject(ObjectInputStream.java:2228)
	at java.base/java.io.ObjectInputStream.readObject0(ObjectInputStream.java:1687)
	at java.base/java.io.ObjectInputStream.defaultReadFields(ObjectInputStream.java:2496)
	at java.base/java.io.ObjectInputStream.readSerialData(ObjectInputStream.java:2390)
	at java.base/java.io.ObjectInputStream.readOrdinaryObject(ObjectInputStream.java:2228)
	at java.base/java.io.ObjectInputStream.readObject0(ObjectInputStream.java:1687)
	at java.base/java.io.ObjectInputStream.skipCustomData(ObjectInputStream.java:2451)
	at java.base/java.io.ObjectInputStream.readSerialData(ObjectInputStream.java:2400)
	at java.base/java.io.ObjectInputStream.readOrdinaryObject(ObjectInputStream.java:2228)
	at java.base/java.io.ObjectInputStream.readObject0(ObjectInputStream.java:1687)
	at java.base/java.io.ObjectInputStream.defaultReadFields(ObjectInputStream.java:2496)
	at java.base/java.io.ObjectInputStream.readSerialData(ObjectInputStream.java:2390)
	at java.base/java.io.ObjectInputStream.readOrdinaryObject(ObjectInputStream.java:2228)
	at java.base/java.io.ObjectInputStream.readObject0(ObjectInputStream.java:1687)
	at java.base/java.io.ObjectInputStream.readObject(ObjectInputStream.java:489)
	at java.base/java.io.ObjectInputStream.readObject(ObjectInputStream.java:447)
	at java.rmi/sun.rmi.server.UnicastRef.unmarshalValue(UnicastRef.java:327)
	at java.rmi/sun.rmi.server.UnicastServerRef.dispatch(UnicastServerRef.java:339)
	at java.rmi/sun.rmi.transport.Transport$1.run(Transport.java:200)
	at java.rmi/sun.rmi.transport.Transport$1.run(Transport.java:197)
	at java.base/java.security.AccessController.doPrivileged(Native Method)
	at java.rmi/sun.rmi.transport.Transport.serviceCall(Transport.java:196)
	at java.rmi/sun.rmi.transport.tcp.TCPTransport.handleMessages(TCPTransport.java:562)
	at java.rmi/sun.rmi.transport.tcp.TCPTransport$ConnectionHandler.run0(TCPTransport.java:796)
	at java.rmi/sun.rmi.transport.tcp.TCPTransport$ConnectionHandler.lambda$run$0(TCPTransport.java:677)
	at java.base/java.security.AccessController.doPrivileged(Native Method)
	at java.rmi/sun.rmi.transport.tcp.TCPTransport$ConnectionHandler.run(TCPTransport.java:676)
	at java.base/java.util.concurrent.ThreadPoolExecutor.runWorker(ThreadPoolExecutor.java:1128)
	at java.base/java.util.concurrent.ThreadPoolExecutor$Worker.run(ThreadPoolExecutor.java:628)
	... 1 common frames omitted
[Progress:===>                          10%] [Cov:======>                            19%][Progress:===>                          10%] [Cov:======>                            19%][MASTER] 15:57:13.357 [logback-1] WARN  ClientNodeImpl - Cannot send statistics to master; continuing without statistics
java.rmi.ServerError: Error occurred in server thread; nested exception is: 
	java.lang.NoClassDefFoundError: com/fasterxml/jackson/databind/AnnotationIntrospector
	at java.rmi/sun.rmi.server.UnicastServerRef.dispatch(UnicastServerRef.java:388)
	at java.rmi/sun.rmi.transport.Transport$1.run(Transport.java:200)
	at java.rmi/sun.rmi.transport.Transport$1.run(Transport.java:197)
	at java.base/java.security.AccessController.doPrivileged(Native Method)
	at java.rmi/sun.rmi.transport.Transport.serviceCall(Transport.java:196)
	at java.rmi/sun.rmi.transport.tcp.TCPTransport.handleMessages(TCPTransport.java:562)
	at java.rmi/sun.rmi.transport.tcp.TCPTransport$ConnectionHandler.run0(TCPTransport.java:796)
	at java.rmi/sun.rmi.transport.tcp.TCPTransport$ConnectionHandler.lambda$run$0(TCPTransport.java:677)
	at java.base/java.security.AccessController.doPrivileged(Native Method)
	at java.rmi/sun.rmi.transport.tcp.TCPTransport$ConnectionHandler.run(TCPTransport.java:676)
	at java.base/java.util.concurrent.ThreadPoolExecutor.runWorker(ThreadPoolExecutor.java:1128)
	at java.base/java.util.concurrent.ThreadPoolExecutor$Worker.run(ThreadPoolExecutor.java:628)
	at java.base/java.lang.Thread.run(Thread.java:829)
	at java.rmi/sun.rmi.transport.StreamRemoteCall.exceptionReceivedFromServer(StreamRemoteCall.java:303)
	at java.rmi/sun.rmi.transport.StreamRemoteCall.executeCall(StreamRemoteCall.java:279)
	at java.rmi/sun.rmi.server.UnicastRef.invoke(UnicastRef.java:164)
	at java.rmi/java.rmi.server.RemoteObjectInvocationHandler.invokeRemoteMethod(RemoteObjectInvocationHandler.java:217)
	at java.rmi/java.rmi.server.RemoteObjectInvocationHandler.invoke(RemoteObjectInvocationHandler.java:162)
	at com.sun.proxy.$Proxy7.evosuite_collectStatistics(Unknown Source)
	at org.evosuite.rmi.service.ClientNodeImpl.updateStatistics(ClientNodeImpl.java:251)
	at org.evosuite.statistics.StatisticsSender.sendIndividualToMaster(StatisticsSender.java:62)
	at org.evosuite.statistics.StatisticsListener.lambda$new$0(StatisticsListener.java:76)
	at java.base/java.lang.Thread.run(Thread.java:829)
Caused by: java.lang.NoClassDefFoundError: com/fasterxml/jackson/databind/AnnotationIntrospector
	at java.base/java.lang.Class.getDeclaringClass0(Native Method)
	at java.base/java.lang.Class.getEnclosingClass(Class.java:1517)
	at org.evosuite.utils.generic.GenericClassUtils.isMissingTypeParameters(GenericClassUtils.java:74)
	at org.evosuite.utils.generic.GenericClassImpl.addTypeParameters(GenericClassImpl.java:63)
	at org.evosuite.utils.generic.GenericClassImpl.readObject(GenericClassImpl.java:1685)
	at jdk.internal.reflect.GeneratedMethodAccessor9.invoke(Unknown Source)
	at java.base/jdk.internal.reflect.DelegatingMethodAccessorImpl.invoke(DelegatingMethodAccessorImpl.java:43)
	at java.base/java.lang.reflect.Method.invoke(Method.java:566)
	at java.base/java.io.ObjectStreamClass.invokeReadObject(ObjectStreamClass.java:1046)
	at java.base/java.io.ObjectInputStream.readSerialData(ObjectInputStream.java:2357)
	at java.base/java.io.ObjectInputStream.readOrdinaryObject(ObjectInputStream.java:2228)
	at java.base/java.io.ObjectInputStream.readObject0(ObjectInputStream.java:1687)
	at java.base/java.io.ObjectInputStream.defaultReadFields(ObjectInputStream.java:2496)
	at java.base/java.io.ObjectInputStream.readSerialData(ObjectInputStream.java:2390)
	at java.base/java.io.ObjectInputStream.readOrdinaryObject(ObjectInputStream.java:2228)
	at java.base/java.io.ObjectInputStream.readObject0(ObjectInputStream.java:1687)
	at java.base/java.io.ObjectInputStream.defaultReadFields(ObjectInputStream.java:2496)
	at java.base/java.io.ObjectInputStream.readSerialData(ObjectInputStream.java:2390)
	at java.base/java.io.ObjectInputStream.readOrdinaryObject(ObjectInputStream.java:2228)
	at java.base/java.io.ObjectInputStream.readObject0(ObjectInputStream.java:1687)
	at java.base/java.io.ObjectInputStream.readObject(ObjectInputStream.java:489)
	at java.base/java.io.ObjectInputStream.readObject(ObjectInputStream.java:447)
	at java.base/java.util.ArrayList.readObject(ArrayList.java:929)
	at java.base/jdk.internal.reflect.GeneratedMethodAccessor7.invoke(Unknown Source)
	at java.base/jdk.internal.reflect.DelegatingMethodAccessorImpl.invoke(DelegatingMethodAccessorImpl.java:43)
	at java.base/java.lang.reflect.Method.invoke(Method.java:566)
	at java.base/java.io.ObjectStreamClass.invokeReadObject(ObjectStreamClass.java:1046)
	at java.base/java.io.ObjectInputStream.readSerialData(ObjectInputStream.java:2357)
	at java.base/java.io.ObjectInputStream.readOrdinaryObject(ObjectInputStream.java:2228)
	at java.base/java.io.ObjectInputStream.readObject0(ObjectInputStream.java:1687)
	at java.base/java.io.ObjectInputStream.defaultReadFields(ObjectInputStream.java:2496)
	at java.base/java.io.ObjectInputStream.readSerialData(ObjectInputStream.java:2390)
	at java.base/java.io.ObjectInputStream.readOrdinaryObject(ObjectInputStream.java:2228)
	at java.base/java.io.ObjectInputStream.readObject0(ObjectInputStream.java:1687)
	at java.base/java.io.ObjectInputStream.defaultReadFields(ObjectInputStream.java:2496)
	at java.base/java.io.ObjectInputStream.defaultReadObject(ObjectInputStream.java:625)
	at org.evosuite.testcase.DefaultTestCase.readObject(DefaultTestCase.java:1217)
	at jdk.internal.reflect.GeneratedMethodAccessor14.invoke(Unknown Source)
	at java.base/jdk.internal.reflect.DelegatingMethodAccessorImpl.invoke(DelegatingMethodAccessorImpl.java:43)
	at java.base/java.lang.reflect.Method.invoke(Method.java:566)
	at java.base/java.io.ObjectStreamClass.invokeReadObject(ObjectStreamClass.java:1046)
	at java.base/java.io.ObjectInputStream.readSerialData(ObjectInputStream.java:2357)
	at java.base/java.io.ObjectInputStream.readOrdinaryObject(ObjectInputStream.java:2228)
	at java.base/java.io.ObjectInputStream.readObject0(ObjectInputStream.java:1687)
	at java.base/java.io.ObjectInputStream.defaultReadFields(ObjectInputStream.java:2496)
	at java.base/java.io.ObjectInputStream.readSerialData(ObjectInputStream.java:2390)
	at java.base/java.io.ObjectInputStream.readOrdinaryObject(ObjectInputStream.java:2228)
	at java.base/java.io.ObjectInputStream.readObject0(ObjectInputStream.java:1687)
	at java.base/java.io.ObjectInputStream.skipCustomData(ObjectInputStream.java:2451)
	at java.base/java.io.ObjectInputStream.readSerialData(ObjectInputStream.java:2400)
	at java.base/java.io.ObjectInputStream.readOrdinaryObject(ObjectInputStream.java:2228)
	at java.base/java.io.ObjectInputStream.readObject0(ObjectInputStream.java:1687)
	at java.base/java.io.ObjectInputStream.defaultReadFields(ObjectInputStream.java:2496)
	at java.base/java.io.ObjectInputStream.readSerialData(ObjectInputStream.java:2390)
	at java.base/java.io.ObjectInputStream.readOrdinaryObject(ObjectInputStream.java:2228)
	at java.base/java.io.ObjectInputStream.readObject0(ObjectInputStream.java:1687)
	at java.base/java.io.ObjectInputStream.readObject(ObjectInputStream.java:489)
	at java.base/java.io.ObjectInputStream.readObject(ObjectInputStream.java:447)
	at java.rmi/sun.rmi.server.UnicastRef.unmarshalValue(UnicastRef.java:327)
	at java.rmi/sun.rmi.server.UnicastServerRef.dispatch(UnicastServerRef.java:339)
	at java.rmi/sun.rmi.transport.Transport$1.run(Transport.java:200)
	at java.rmi/sun.rmi.transport.Transport$1.run(Transport.java:197)
	at java.base/java.security.AccessController.doPrivileged(Native Method)
	at java.rmi/sun.rmi.transport.Transport.serviceCall(Transport.java:196)
	at java.rmi/sun.rmi.transport.tcp.TCPTransport.handleMessages(TCPTransport.java:562)
	at java.rmi/sun.rmi.transport.tcp.TCPTransport$ConnectionHandler.run0(TCPTransport.java:796)
	at java.rmi/sun.rmi.transport.tcp.TCPTransport$ConnectionHandler.lambda$run$0(TCPTransport.java:677)
	at java.base/java.security.AccessController.doPrivileged(Native Method)
	at java.rmi/sun.rmi.transport.tcp.TCPTransport$ConnectionHandler.run(TCPTransport.java:676)
	at java.base/java.util.concurrent.ThreadPoolExecutor.runWorker(ThreadPoolExecutor.java:1128)
	at java.base/java.util.concurrent.ThreadPoolExecutor$Worker.run(ThreadPoolExecutor.java:628)
	... 1 common frames omitted
[Progress:===>                          10%] [Cov:=======>                           20%][MASTER] 15:57:13.639 [logback-1] WARN  ClientNodeImpl - Cannot send statistics to master; continuing without statistics
java.rmi.ServerError: Error occurred in server thread; nested exception is: 
	java.lang.NoClassDefFoundError: com/fasterxml/jackson/databind/AnnotationIntrospector
	at java.rmi/sun.rmi.server.UnicastServerRef.dispatch(UnicastServerRef.java:388)
	at java.rmi/sun.rmi.transport.Transport$1.run(Transport.java:200)
	at java.rmi/sun.rmi.transport.Transport$1.run(Transport.java:197)
	at java.base/java.security.AccessController.doPrivileged(Native Method)
	at java.rmi/sun.rmi.transport.Transport.serviceCall(Transport.java:196)
	at java.rmi/sun.rmi.transport.tcp.TCPTransport.handleMessages(TCPTransport.java:562)
	at java.rmi/sun.rmi.transport.tcp.TCPTransport$ConnectionHandler.run0(TCPTransport.java:796)
	at java.rmi/sun.rmi.transport.tcp.TCPTransport$ConnectionHandler.lambda$run$0(TCPTransport.java:677)
	at java.base/java.security.AccessController.doPrivileged(Native Method)
	at java.rmi/sun.rmi.transport.tcp.TCPTransport$ConnectionHandler.run(TCPTransport.java:676)
	at java.base/java.util.concurrent.ThreadPoolExecutor.runWorker(ThreadPoolExecutor.java:1128)
	at java.base/java.util.concurrent.ThreadPoolExecutor$Worker.run(ThreadPoolExecutor.java:628)
	at java.base/java.lang.Thread.run(Thread.java:829)
	at java.rmi/sun.rmi.transport.StreamRemoteCall.exceptionReceivedFromServer(StreamRemoteCall.java:303)
	at java.rmi/sun.rmi.transport.StreamRemoteCall.executeCall(StreamRemoteCall.java:279)
	at java.rmi/sun.rmi.server.UnicastRef.invoke(UnicastRef.java:164)
	at java.rmi/java.rmi.server.RemoteObjectInvocationHandler.invokeRemoteMethod(RemoteObjectInvocationHandler.java:217)
	at java.rmi/java.rmi.server.RemoteObjectInvocationHandler.invoke(RemoteObjectInvocationHandler.java:162)
	at com.sun.proxy.$Proxy7.evosuite_collectStatistics(Unknown Source)
	at org.evosuite.rmi.service.ClientNodeImpl.updateStatistics(ClientNodeImpl.java:251)
	at org.evosuite.statistics.StatisticsSender.sendIndividualToMaster(StatisticsSender.java:62)
	at org.evosuite.statistics.StatisticsListener.lambda$new$0(StatisticsListener.java:76)
	at java.base/java.lang.Thread.run(Thread.java:829)
Caused by: java.lang.NoClassDefFoundError: com/fasterxml/jackson/databind/AnnotationIntrospector
	at java.base/java.lang.Class.getDeclaringClass0(Native Method)
	at java.base/java.lang.Class.getEnclosingClass(Class.java:1517)
	at org.evosuite.utils.generic.GenericClassUtils.isMissingTypeParameters(GenericClassUtils.java:74)
	at org.evosuite.utils.generic.GenericClassImpl.addTypeParameters(GenericClassImpl.java:63)
	at org.evosuite.utils.generic.GenericClassImpl.readObject(GenericClassImpl.java:1685)
	at jdk.internal.reflect.GeneratedMethodAccessor9.invoke(Unknown Source)
	at java.base/jdk.internal.reflect.DelegatingMethodAccessorImpl.invoke(DelegatingMethodAccessorImpl.java:43)
	at java.base/java.lang.reflect.Method.invoke(Method.java:566)
	at java.base/java.io.ObjectStreamClass.invokeReadObject(ObjectStreamClass.java:1046)
	at java.base/java.io.ObjectInputStream.readSerialData(ObjectInputStream.java:2357)
	at java.base/java.io.ObjectInputStream.readOrdinaryObject(ObjectInputStream.java:2228)
	at java.base/java.io.ObjectInputStream.readObject0(ObjectInputStream.java:1687)
	at java.base/java.io.ObjectInputStream.defaultReadFields(ObjectInputStream.java:2496)
	at java.base/java.io.ObjectInputStream.readSerialData(ObjectInputStream.java:2390)
	at java.base/java.io.ObjectInputStream.readOrdinaryObject(ObjectInputStream.java:2228)
	at java.base/java.io.ObjectInputStream.readObject0(ObjectInputStream.java:1687)
	at java.base/java.io.ObjectInputStream.defaultReadFields(ObjectInputStream.java:2496)
	at java.base/java.io.ObjectInputStream.readSerialData(ObjectInputStream.java:2390)
	at java.base/java.io.ObjectInputStream.readOrdinaryObject(ObjectInputStream.java:2228)
	at java.base/java.io.ObjectInputStream.readObject0(ObjectInputStream.java:1687)
	at java.base/java.io.ObjectInputStream.skipCustomData(ObjectInputStream.java:2451)
	at java.base/java.io.ObjectInputStream.readSerialData(ObjectInputStream.java:2400)
	at java.base/java.io.ObjectInputStream.readOrdinaryObject(ObjectInputStream.java:2228)
	at java.base/java.io.ObjectInputStream.readObject0(ObjectInputStream.java:1687)
	at java.base/java.io.ObjectInputStream.defaultReadFields(ObjectInputStream.java:2496)
	at java.base/java.io.ObjectInputStream.readSerialData(ObjectInputStream.java:2390)
	at java.base/java.io.ObjectInputStream.readOrdinaryObject(ObjectInputStream.java:2228)
	at java.base/java.io.ObjectInputStream.readObject0(ObjectInputStream.java:1687)
	at java.base/java.io.ObjectInputStream.defaultReadFields(ObjectInputStream.java:2496)
	at java.base/java.io.ObjectInputStream.defaultReadObject(ObjectInputStream.java:625)
	at org.evosuite.testcase.DefaultTestCase.readObject(DefaultTestCase.java:1217)
	at jdk.internal.reflect.GeneratedMethodAccessor14.invoke(Unknown Source)
	at java.base/jdk.internal.reflect.DelegatingMethodAccessorImpl.invoke(DelegatingMethodAccessorImpl.java:43)
	at java.base/java.lang.reflect.Method.invoke(Method.java:566)
	at java.base/java.io.ObjectStreamClass.invokeReadObject(ObjectStreamClass.java:1046)
	at java.base/java.io.ObjectInputStream.readSerialData(ObjectInputStream.java:2357)
	at java.base/java.io.ObjectInputStream.readOrdinaryObject(ObjectInputStream.java:2228)
	at java.base/java.io.ObjectInputStream.readObject0(ObjectInputStream.java:1687)
	at java.base/java.io.ObjectInputStream.defaultReadFields(ObjectInputStream.java:2496)
	at java.base/java.io.ObjectInputStream.readSerialData(ObjectInputStream.java:2390)
	at java.base/java.io.ObjectInputStream.readOrdinaryObject(ObjectInputStream.java:2228)
	at java.base/java.io.ObjectInputStream.readObject0(ObjectInputStream.java:1687)
	at java.base/java.io.ObjectInputStream.skipCustomData(ObjectInputStream.java:2451)
	at java.base/java.io.ObjectInputStream.readSerialData(ObjectInputStream.java:2400)
	at java.base/java.io.ObjectInputStream.readOrdinaryObject(ObjectInputStream.java:2228)
	at java.base/java.io.ObjectInputStream.readObject0(ObjectInputStream.java:1687)
	at java.base/java.io.ObjectInputStream.defaultReadFields(ObjectInputStream.java:2496)
	at java.base/java.io.ObjectInputStream.readSerialData(ObjectInputStream.java:2390)
	at java.base/java.io.ObjectInputStream.readOrdinaryObject(ObjectInputStream.java:2228)
	at java.base/java.io.ObjectInputStream.readObject0(ObjectInputStream.java:1687)
	at java.base/java.io.ObjectInputStream.readObject(ObjectInputStream.java:489)
	at java.base/java.io.ObjectInputStream.readObject(ObjectInputStream.java:447)
	at java.rmi/sun.rmi.server.UnicastRef.unmarshalValue(UnicastRef.java:327)
	at java.rmi/sun.rmi.server.UnicastServerRef.dispatch(UnicastServerRef.java:339)
	at java.rmi/sun.rmi.transport.Transport$1.run(Transport.java:200)
	at java.rmi/sun.rmi.transport.Transport$1.run(Transport.java:197)
	at java.base/java.security.AccessController.doPrivileged(Native Method)
	at java.rmi/sun.rmi.transport.Transport.serviceCall(Transport.java:196)
	at java.rmi/sun.rmi.transport.tcp.TCPTransport.handleMessages(TCPTransport.java:562)
	at java.rmi/sun.rmi.transport.tcp.TCPTransport$ConnectionHandler.run0(TCPTransport.java:796)
	at java.rmi/sun.rmi.transport.tcp.TCPTransport$ConnectionHandler.lambda$run$0(TCPTransport.java:677)
	at java.base/java.security.AccessController.doPrivileged(Native Method)
	at java.rmi/sun.rmi.transport.tcp.TCPTransport$ConnectionHandler.run(TCPTransport.java:676)
	at java.base/java.util.concurrent.ThreadPoolExecutor.runWorker(ThreadPoolExecutor.java:1128)
	at java.base/java.util.concurrent.ThreadPoolExecutor$Worker.run(ThreadPoolExecutor.java:628)
	... 1 common frames omitted
[MASTER] 15:57:13.926 [logback-1] WARN  ClientNodeImpl - Cannot send statistics to master; continuing without statistics
java.rmi.ServerError: Error occurred in server thread; nested exception is: 
	java.lang.NoClassDefFoundError: com/fasterxml/jackson/databind/AnnotationIntrospector
	at java.rmi/sun.rmi.server.UnicastServerRef.dispatch(UnicastServerRef.java:388)
	at java.rmi/sun.rmi.transport.Transport$1.run(Transport.java:200)
	at java.rmi/sun.rmi.transport.Transport$1.run(Transport.java:197)
	at java.base/java.security.AccessController.doPrivileged(Native Method)
	at java.rmi/sun.rmi.transport.Transport.serviceCall(Transport.java:196)
	at java.rmi/sun.rmi.transport.tcp.TCPTransport.handleMessages(TCPTransport.java:562)
	at java.rmi/sun.rmi.transport.tcp.TCPTransport$ConnectionHandler.run0(TCPTransport.java:796)
	at java.rmi/sun.rmi.transport.tcp.TCPTransport$ConnectionHandler.lambda$run$0(TCPTransport.java:677)
	at java.base/java.security.AccessController.doPrivileged(Native Method)
	at java.rmi/sun.rmi.transport.tcp.TCPTransport$ConnectionHandler.run(TCPTransport.java:676)
	at java.base/java.util.concurrent.ThreadPoolExecutor.runWorker(ThreadPoolExecutor.java:1128)
	at java.base/java.util.concurrent.ThreadPoolExecutor$Worker.run(ThreadPoolExecutor.java:628)
	at java.base/java.lang.Thread.run(Thread.java:829)
	at java.rmi/sun.rmi.transport.StreamRemoteCall.exceptionReceivedFromServer(StreamRemoteCall.java:303)
	at java.rmi/sun.rmi.transport.StreamRemoteCall.executeCall(StreamRemoteCall.java:279)
	at java.rmi/sun.rmi.server.UnicastRef.invoke(UnicastRef.java:164)
	at java.rmi/java.rmi.server.RemoteObjectInvocationHandler.invokeRemoteMethod(RemoteObjectInvocationHandler.java:217)
	at java.rmi/java.rmi.server.RemoteObjectInvocationHandler.invoke(RemoteObjectInvocationHandler.java:162)
	at com.sun.proxy.$Proxy7.evosuite_collectStatistics(Unknown Source)
	at org.evosuite.rmi.service.ClientNodeImpl.updateStatistics(ClientNodeImpl.java:251)
	at org.evosuite.statistics.StatisticsSender.sendIndividualToMaster(StatisticsSender.java:62)
	at org.evosuite.statistics.StatisticsListener.lambda$new$0(StatisticsListener.java:76)
	at java.base/java.lang.Thread.run(Thread.java:829)
Caused by: java.lang.NoClassDefFoundError: com/fasterxml/jackson/databind/AnnotationIntrospector
	at java.base/java.lang.Class.getDeclaringClass0(Native Method)
	at java.base/java.lang.Class.getEnclosingClass(Class.java:1517)
	at org.evosuite.utils.generic.GenericClassUtils.isMissingTypeParameters(GenericClassUtils.java:74)
	at org.evosuite.utils.generic.GenericClassImpl.addTypeParameters(GenericClassImpl.java:63)
	at org.evosuite.utils.generic.GenericClassImpl.readObject(GenericClassImpl.java:1685)
	at jdk.internal.reflect.GeneratedMethodAccessor9.invoke(Unknown Source)
	at java.base/jdk.internal.reflect.DelegatingMethodAccessorImpl.invoke(DelegatingMethodAccessorImpl.java:43)
	at java.base/java.lang.reflect.Method.invoke(Method.java:566)
	at java.base/java.io.ObjectStreamClass.invokeReadObject(ObjectStreamClass.java:1046)
	at java.base/java.io.ObjectInputStream.readSerialData(ObjectInputStream.java:2357)
	at java.base/java.io.ObjectInputStream.readOrdinaryObject(ObjectInputStream.java:2228)
	at java.base/java.io.ObjectInputStream.readObject0(ObjectInputStream.java:1687)
	at java.base/java.io.ObjectInputStream.defaultReadFields(ObjectInputStream.java:2496)
	at java.base/java.io.ObjectInputStream.readSerialData(ObjectInputStream.java:2390)
	at java.base/java.io.ObjectInputStream.readOrdinaryObject(ObjectInputStream.java:2228)
	at java.base/java.io.ObjectInputStream.readObject0(ObjectInputStream.java:1687)
	at java.base/java.io.ObjectInputStream.defaultReadFields(ObjectInputStream.java:2496)
	at java.base/java.io.ObjectInputStream.readSerialData(ObjectInputStream.java:2390)
	at java.base/java.io.ObjectInputStream.readOrdinaryObject(ObjectInputStream.java:2228)
	at java.base/java.io.ObjectInputStream.readObject0(ObjectInputStream.java:1687)
	at java.base/java.io.ObjectInputStream.skipCustomData(ObjectInputStream.java:2451)
	at java.base/java.io.ObjectInputStream.readSerialData(ObjectInputStream.java:2400)
	at java.base/java.io.ObjectInputStream.readOrdinaryObject(ObjectInputStream.java:2228)
	at java.base/java.io.ObjectInputStream.readObject0(ObjectInputStream.java:1687)
	at java.base/java.io.ObjectInputStream.defaultReadFields(ObjectInputStream.java:2496)
	at java.base/java.io.ObjectInputStream.readSerialData(ObjectInputStream.java:2390)
	at java.base/java.io.ObjectInputStream.readOrdinaryObject(ObjectInputStream.java:2228)
	at java.base/java.io.ObjectInputStream.readObject0(ObjectInputStream.java:1687)
	at java.base/java.io.ObjectInputStream.defaultReadFields(ObjectInputStream.java:2496)
	at java.base/java.io.ObjectInputStream.defaultReadObject(ObjectInputStream.java:625)
	at org.evosuite.testcase.DefaultTestCase.readObject(DefaultTestCase.java:1217)
	at jdk.internal.reflect.GeneratedMethodAccessor14.invoke(Unknown Source)
	at java.base/jdk.internal.reflect.DelegatingMethodAccessorImpl.invoke(DelegatingMethodAccessorImpl.java:43)
	at java.base/java.lang.reflect.Method.invoke(Method.java:566)
	at java.base/java.io.ObjectStreamClass.invokeReadObject(ObjectStreamClass.java:1046)
	at java.base/java.io.ObjectInputStream.readSerialData(ObjectInputStream.java:2357)
	at java.base/java.io.ObjectInputStream.readOrdinaryObject(ObjectInputStream.java:2228)
	at java.base/java.io.ObjectInputStream.readObject0(ObjectInputStream.java:1687)
	at java.base/java.io.ObjectInputStream.defaultReadFields(ObjectInputStream.java:2496)
	at java.base/java.io.ObjectInputStream.readSerialData(ObjectInputStream.java:2390)
	at java.base/java.io.ObjectInputStream.readOrdinaryObject(ObjectInputStream.java:2228)
	at java.base/java.io.ObjectInputStream.readObject0(ObjectInputStream.java:1687)
	at java.base/java.io.ObjectInputStream.skipCustomData(ObjectInputStream.java:2451)
	at java.base/java.io.ObjectInputStream.readSerialData(ObjectInputStream.java:2400)
	at java.base/java.io.ObjectInputStream.readOrdinaryObject(ObjectInputStream.java:2228)
	at java.base/java.io.ObjectInputStream.readObject0(ObjectInputStream.java:1687)
	at java.base/java.io.ObjectInputStream.defaultReadFields(ObjectInputStream.java:2496)
	at java.base/java.io.ObjectInputStream.readSerialData(ObjectInputStream.java:2390)
	at java.base/java.io.ObjectInputStream.readOrdinaryObject(ObjectInputStream.java:2228)
	at java.base/java.io.ObjectInputStream.readObject0(ObjectInputStream.java:1687)
	at java.base/java.io.ObjectInputStream.readObject(ObjectInputStream.java:489)
	at java.base/java.io.ObjectInputStream.readObject(ObjectInputStream.java:447)
	at java.rmi/sun.rmi.server.UnicastRef.unmarshalValue(UnicastRef.java:327)
	at java.rmi/sun.rmi.server.UnicastServerRef.dispatch(UnicastServerRef.java:339)
	at java.rmi/sun.rmi.transport.Transport$1.run(Transport.java:200)
	at java.rmi/sun.rmi.transport.Transport$1.run(Transport.java:197)
	at java.base/java.security.AccessController.doPrivileged(Native Method)
	at java.rmi/sun.rmi.transport.Transport.serviceCall(Transport.java:196)
	at java.rmi/sun.rmi.transport.tcp.TCPTransport.handleMessages(TCPTransport.java:562)
	at java.rmi/sun.rmi.transport.tcp.TCPTransport$ConnectionHandler.run0(TCPTransport.java:796)
	at java.rmi/sun.rmi.transport.tcp.TCPTransport$ConnectionHandler.lambda$run$0(TCPTransport.java:677)
	at java.base/java.security.AccessController.doPrivileged(Native Method)
	at java.rmi/sun.rmi.transport.tcp.TCPTransport$ConnectionHandler.run(TCPTransport.java:676)
	at java.base/java.util.concurrent.ThreadPoolExecutor.runWorker(ThreadPoolExecutor.java:1128)
	at java.base/java.util.concurrent.ThreadPoolExecutor$Worker.run(ThreadPoolExecutor.java:628)
	... 1 common frames omitted
[Progress:===>                          10%] [Cov:=======>                           20%][MASTER] 15:57:14.208 [logback-1] WARN  ClientNodeImpl - Cannot send statistics to master; continuing without statistics
java.rmi.ServerError: Error occurred in server thread; nested exception is: 
	java.lang.NoClassDefFoundError: com/fasterxml/jackson/databind/AnnotationIntrospector
	at java.rmi/sun.rmi.server.UnicastServerRef.dispatch(UnicastServerRef.java:388)
	at java.rmi/sun.rmi.transport.Transport$1.run(Transport.java:200)
	at java.rmi/sun.rmi.transport.Transport$1.run(Transport.java:197)
	at java.base/java.security.AccessController.doPrivileged(Native Method)
	at java.rmi/sun.rmi.transport.Transport.serviceCall(Transport.java:196)
	at java.rmi/sun.rmi.transport.tcp.TCPTransport.handleMessages(TCPTransport.java:562)
	at java.rmi/sun.rmi.transport.tcp.TCPTransport$ConnectionHandler.run0(TCPTransport.java:796)
	at java.rmi/sun.rmi.transport.tcp.TCPTransport$ConnectionHandler.lambda$run$0(TCPTransport.java:677)
	at java.base/java.security.AccessController.doPrivileged(Native Method)
	at java.rmi/sun.rmi.transport.tcp.TCPTransport$ConnectionHandler.run(TCPTransport.java:676)
	at java.base/java.util.concurrent.ThreadPoolExecutor.runWorker(ThreadPoolExecutor.java:1128)
	at java.base/java.util.concurrent.ThreadPoolExecutor$Worker.run(ThreadPoolExecutor.java:628)
	at java.base/java.lang.Thread.run(Thread.java:829)
	at java.rmi/sun.rmi.transport.StreamRemoteCall.exceptionReceivedFromServer(StreamRemoteCall.java:303)
	at java.rmi/sun.rmi.transport.StreamRemoteCall.executeCall(StreamRemoteCall.java:279)
	at java.rmi/sun.rmi.server.UnicastRef.invoke(UnicastRef.java:164)
	at java.rmi/java.rmi.server.RemoteObjectInvocationHandler.invokeRemoteMethod(RemoteObjectInvocationHandler.java:217)
	at java.rmi/java.rmi.server.RemoteObjectInvocationHandler.invoke(RemoteObjectInvocationHandler.java:162)
	at com.sun.proxy.$Proxy7.evosuite_collectStatistics(Unknown Source)
	at org.evosuite.rmi.service.ClientNodeImpl.updateStatistics(ClientNodeImpl.java:251)
	at org.evosuite.statistics.StatisticsSender.sendIndividualToMaster(StatisticsSender.java:62)
	at org.evosuite.statistics.StatisticsListener.lambda$new$0(StatisticsListener.java:76)
	at java.base/java.lang.Thread.run(Thread.java:829)
Caused by: java.lang.NoClassDefFoundError: com/fasterxml/jackson/databind/AnnotationIntrospector
	at java.base/java.lang.Class.getDeclaringClass0(Native Method)
	at java.base/java.lang.Class.getEnclosingClass(Class.java:1517)
	at org.evosuite.utils.generic.GenericClassUtils.isMissingTypeParameters(GenericClassUtils.java:74)
	at org.evosuite.utils.generic.GenericClassImpl.addTypeParameters(GenericClassImpl.java:63)
	at org.evosuite.utils.generic.GenericClassImpl.readObject(GenericClassImpl.java:1685)
	at jdk.internal.reflect.GeneratedMethodAccessor9.invoke(Unknown Source)
	at java.base/jdk.internal.reflect.DelegatingMethodAccessorImpl.invoke(DelegatingMethodAccessorImpl.java:43)
	at java.base/java.lang.reflect.Method.invoke(Method.java:566)
	at java.base/java.io.ObjectStreamClass.invokeReadObject(ObjectStreamClass.java:1046)
	at java.base/java.io.ObjectInputStream.readSerialData(ObjectInputStream.java:2357)
	at java.base/java.io.ObjectInputStream.readOrdinaryObject(ObjectInputStream.java:2228)
	at java.base/java.io.ObjectInputStream.readObject0(ObjectInputStream.java:1687)
	at java.base/java.io.ObjectInputStream.defaultReadFields(ObjectInputStream.java:2496)
	at java.base/java.io.ObjectInputStream.readSerialData(ObjectInputStream.java:2390)
	at java.base/java.io.ObjectInputStream.readOrdinaryObject(ObjectInputStream.java:2228)
	at java.base/java.io.ObjectInputStream.readObject0(ObjectInputStream.java:1687)
	at java.base/java.io.ObjectInputStream.defaultReadFields(ObjectInputStream.java:2496)
	at java.base/java.io.ObjectInputStream.readSerialData(ObjectInputStream.java:2390)
	at java.base/java.io.ObjectInputStream.readOrdinaryObject(ObjectInputStream.java:2228)
	at java.base/java.io.ObjectInputStream.readObject0(ObjectInputStream.java:1687)
	at java.base/java.io.ObjectInputStream.skipCustomData(ObjectInputStream.java:2451)
	at java.base/java.io.ObjectInputStream.readSerialData(ObjectInputStream.java:2400)
	at java.base/java.io.ObjectInputStream.readOrdinaryObject(ObjectInputStream.java:2228)
	at java.base/java.io.ObjectInputStream.readObject0(ObjectInputStream.java:1687)
	at java.base/java.io.ObjectInputStream.defaultReadFields(ObjectInputStream.java:2496)
	at java.base/java.io.ObjectInputStream.readSerialData(ObjectInputStream.java:2390)
	at java.base/java.io.ObjectInputStream.readOrdinaryObject(ObjectInputStream.java:2228)
	at java.base/java.io.ObjectInputStream.readObject0(ObjectInputStream.java:1687)
	at java.base/java.io.ObjectInputStream.defaultReadFields(ObjectInputStream.java:2496)
	at java.base/java.io.ObjectInputStream.defaultReadObject(ObjectInputStream.java:625)
	at org.evosuite.testcase.DefaultTestCase.readObject(DefaultTestCase.java:1217)
	at jdk.internal.reflect.GeneratedMethodAccessor14.invoke(Unknown Source)
	at java.base/jdk.internal.reflect.DelegatingMethodAccessorImpl.invoke(DelegatingMethodAccessorImpl.java:43)
	at java.base/java.lang.reflect.Method.invoke(Method.java:566)
	at java.base/java.io.ObjectStreamClass.invokeReadObject(ObjectStreamClass.java:1046)
	at java.base/java.io.ObjectInputStream.readSerialData(ObjectInputStream.java:2357)
	at java.base/java.io.ObjectInputStream.readOrdinaryObject(ObjectInputStream.java:2228)
	at java.base/java.io.ObjectInputStream.readObject0(ObjectInputStream.java:1687)
	at java.base/java.io.ObjectInputStream.defaultReadFields(ObjectInputStream.java:2496)
	at java.base/java.io.ObjectInputStream.readSerialData(ObjectInputStream.java:2390)
	at java.base/java.io.ObjectInputStream.readOrdinaryObject(ObjectInputStream.java:2228)
	at java.base/java.io.ObjectInputStream.readObject0(ObjectInputStream.java:1687)
	at java.base/java.io.ObjectInputStream.skipCustomData(ObjectInputStream.java:2451)
	at java.base/java.io.ObjectInputStream.readSerialData(ObjectInputStream.java:2400)
	at java.base/java.io.ObjectInputStream.readOrdinaryObject(ObjectInputStream.java:2228)
	at java.base/java.io.ObjectInputStream.readObject0(ObjectInputStream.java:1687)
	at java.base/java.io.ObjectInputStream.defaultReadFields(ObjectInputStream.java:2496)
	at java.base/java.io.ObjectInputStream.readSerialData(ObjectInputStream.java:2390)
	at java.base/java.io.ObjectInputStream.readOrdinaryObject(ObjectInputStream.java:2228)
	at java.base/java.io.ObjectInputStream.readObject0(ObjectInputStream.java:1687)
	at java.base/java.io.ObjectInputStream.readObject(ObjectInputStream.java:489)
	at java.base/java.io.ObjectInputStream.readObject(ObjectInputStream.java:447)
	at java.rmi/sun.rmi.server.UnicastRef.unmarshalValue(UnicastRef.java:327)
	at java.rmi/sun.rmi.server.UnicastServerRef.dispatch(UnicastServerRef.java:339)
	at java.rmi/sun.rmi.transport.Transport$1.run(Transport.java:200)
	at java.rmi/sun.rmi.transport.Transport$1.run(Transport.java:197)
	at java.base/java.security.AccessController.doPrivileged(Native Method)
	at java.rmi/sun.rmi.transport.Transport.serviceCall(Transport.java:196)
	at java.rmi/sun.rmi.transport.tcp.TCPTransport.handleMessages(TCPTransport.java:562)
	at java.rmi/sun.rmi.transport.tcp.TCPTransport$ConnectionHandler.run0(TCPTransport.java:796)
	at java.rmi/sun.rmi.transport.tcp.TCPTransport$ConnectionHandler.lambda$run$0(TCPTransport.java:677)
	at java.base/java.security.AccessController.doPrivileged(Native Method)
	at java.rmi/sun.rmi.transport.tcp.TCPTransport$ConnectionHandler.run(TCPTransport.java:676)
	at java.base/java.util.concurrent.ThreadPoolExecutor.runWorker(ThreadPoolExecutor.java:1128)
	at java.base/java.util.concurrent.ThreadPoolExecutor$Worker.run(ThreadPoolExecutor.java:628)
	... 1 common frames omitted
[MASTER] 15:57:14.496 [logback-1] WARN  ClientNodeImpl - Cannot send statistics to master; continuing without statistics
java.rmi.ServerError: Error occurred in server thread; nested exception is: 
	java.lang.NoClassDefFoundError: com/fasterxml/jackson/databind/AnnotationIntrospector
	at java.rmi/sun.rmi.server.UnicastServerRef.dispatch(UnicastServerRef.java:388)
	at java.rmi/sun.rmi.transport.Transport$1.run(Transport.java:200)
	at java.rmi/sun.rmi.transport.Transport$1.run(Transport.java:197)
	at java.base/java.security.AccessController.doPrivileged(Native Method)
	at java.rmi/sun.rmi.transport.Transport.serviceCall(Transport.java:196)
	at java.rmi/sun.rmi.transport.tcp.TCPTransport.handleMessages(TCPTransport.java:562)
	at java.rmi/sun.rmi.transport.tcp.TCPTransport$ConnectionHandler.run0(TCPTransport.java:796)
	at java.rmi/sun.rmi.transport.tcp.TCPTransport$ConnectionHandler.lambda$run$0(TCPTransport.java:677)
	at java.base/java.security.AccessController.doPrivileged(Native Method)
	at java.rmi/sun.rmi.transport.tcp.TCPTransport$ConnectionHandler.run(TCPTransport.java:676)
	at java.base/java.util.concurrent.ThreadPoolExecutor.runWorker(ThreadPoolExecutor.java:1128)
	at java.base/java.util.concurrent.ThreadPoolExecutor$Worker.run(ThreadPoolExecutor.java:628)
	at java.base/java.lang.Thread.run(Thread.java:829)
	at java.rmi/sun.rmi.transport.StreamRemoteCall.exceptionReceivedFromServer(StreamRemoteCall.java:303)
	at java.rmi/sun.rmi.transport.StreamRemoteCall.executeCall(StreamRemoteCall.java:279)
	at java.rmi/sun.rmi.server.UnicastRef.invoke(UnicastRef.java:164)
	at java.rmi/java.rmi.server.RemoteObjectInvocationHandler.invokeRemoteMethod(RemoteObjectInvocationHandler.java:217)
	at java.rmi/java.rmi.server.RemoteObjectInvocationHandler.invoke(RemoteObjectInvocationHandler.java:162)
	at com.sun.proxy.$Proxy7.evosuite_collectStatistics(Unknown Source)
	at org.evosuite.rmi.service.ClientNodeImpl.updateStatistics(ClientNodeImpl.java:251)
	at org.evosuite.statistics.StatisticsSender.sendIndividualToMaster(StatisticsSender.java:62)
	at org.evosuite.statistics.StatisticsListener.lambda$new$0(StatisticsListener.java:76)
	at java.base/java.lang.Thread.run(Thread.java:829)
Caused by: java.lang.NoClassDefFoundError: com/fasterxml/jackson/databind/AnnotationIntrospector
	at java.base/java.lang.Class.getDeclaringClass0(Native Method)
	at java.base/java.lang.Class.getEnclosingClass(Class.java:1517)
	at org.evosuite.utils.generic.GenericClassUtils.isMissingTypeParameters(GenericClassUtils.java:74)
	at org.evosuite.utils.generic.GenericClassImpl.addTypeParameters(GenericClassImpl.java:63)
	at org.evosuite.utils.generic.GenericClassImpl.readObject(GenericClassImpl.java:1685)
	at jdk.internal.reflect.GeneratedMethodAccessor9.invoke(Unknown Source)
	at java.base/jdk.internal.reflect.DelegatingMethodAccessorImpl.invoke(DelegatingMethodAccessorImpl.java:43)
	at java.base/java.lang.reflect.Method.invoke(Method.java:566)
	at java.base/java.io.ObjectStreamClass.invokeReadObject(ObjectStreamClass.java:1046)
	at java.base/java.io.ObjectInputStream.readSerialData(ObjectInputStream.java:2357)
	at java.base/java.io.ObjectInputStream.readOrdinaryObject(ObjectInputStream.java:2228)
	at java.base/java.io.ObjectInputStream.readObject0(ObjectInputStream.java:1687)
	at java.base/java.io.ObjectInputStream.defaultReadFields(ObjectInputStream.java:2496)
	at java.base/java.io.ObjectInputStream.readSerialData(ObjectInputStream.java:2390)
	at java.base/java.io.ObjectInputStream.readOrdinaryObject(ObjectInputStream.java:2228)
	at java.base/java.io.ObjectInputStream.readObject0(ObjectInputStream.java:1687)
	at java.base/java.io.ObjectInputStream.defaultReadFields(ObjectInputStream.java:2496)
	at java.base/java.io.ObjectInputStream.readSerialData(ObjectInputStream.java:2390)
	at java.base/java.io.ObjectInputStream.readOrdinaryObject(ObjectInputStream.java:2228)
	at java.base/java.io.ObjectInputStream.readObject0(ObjectInputStream.java:1687)
	at java.base/java.io.ObjectInputStream.skipCustomData(ObjectInputStream.java:2451)
	at java.base/java.io.ObjectInputStream.readSerialData(ObjectInputStream.java:2400)
	at java.base/java.io.ObjectInputStream.readOrdinaryObject(ObjectInputStream.java:2228)
	at java.base/java.io.ObjectInputStream.readObject0(ObjectInputStream.java:1687)
	at java.base/java.io.ObjectInputStream.defaultReadFields(ObjectInputStream.java:2496)
	at java.base/java.io.ObjectInputStream.readSerialData(ObjectInputStream.java:2390)
	at java.base/java.io.ObjectInputStream.readOrdinaryObject(ObjectInputStream.java:2228)
	at java.base/java.io.ObjectInputStream.readObject0(ObjectInputStream.java:1687)
	at java.base/java.io.ObjectInputStream.defaultReadFields(ObjectInputStream.java:2496)
	at java.base/java.io.ObjectInputStream.defaultReadObject(ObjectInputStream.java:625)
	at org.evosuite.testcase.DefaultTestCase.readObject(DefaultTestCase.java:1217)
	at jdk.internal.reflect.GeneratedMethodAccessor14.invoke(Unknown Source)
	at java.base/jdk.internal.reflect.DelegatingMethodAccessorImpl.invoke(DelegatingMethodAccessorImpl.java:43)
	at java.base/java.lang.reflect.Method.invoke(Method.java:566)
	at java.base/java.io.ObjectStreamClass.invokeReadObject(ObjectStreamClass.java:1046)
	at java.base/java.io.ObjectInputStream.readSerialData(ObjectInputStream.java:2357)
	at java.base/java.io.ObjectInputStream.readOrdinaryObject(ObjectInputStream.java:2228)
	at java.base/java.io.ObjectInputStream.readObject0(ObjectInputStream.java:1687)
	at java.base/java.io.ObjectInputStream.defaultReadFields(ObjectInputStream.java:2496)
	at java.base/java.io.ObjectInputStream.readSerialData(ObjectInputStream.java:2390)
	at java.base/java.io.ObjectInputStream.readOrdinaryObject(ObjectInputStream.java:2228)
	at java.base/java.io.ObjectInputStream.readObject0(ObjectInputStream.java:1687)
	at java.base/java.io.ObjectInputStream.skipCustomData(ObjectInputStream.java:2451)
	at java.base/java.io.ObjectInputStream.readSerialData(ObjectInputStream.java:2400)
	at java.base/java.io.ObjectInputStream.readOrdinaryObject(ObjectInputStream.java:2228)
	at java.base/java.io.ObjectInputStream.readObject0(ObjectInputStream.java:1687)
	at java.base/java.io.ObjectInputStream.defaultReadFields(ObjectInputStream.java:2496)
	at java.base/java.io.ObjectInputStream.readSerialData(ObjectInputStream.java:2390)
	at java.base/java.io.ObjectInputStream.readOrdinaryObject(ObjectInputStream.java:2228)
	at java.base/java.io.ObjectInputStream.readObject0(ObjectInputStream.java:1687)
	at java.base/java.io.ObjectInputStream.readObject(ObjectInputStream.java:489)
	at java.base/java.io.ObjectInputStream.readObject(ObjectInputStream.java:447)
	at java.rmi/sun.rmi.server.UnicastRef.unmarshalValue(UnicastRef.java:327)
	at java.rmi/sun.rmi.server.UnicastServerRef.dispatch(UnicastServerRef.java:339)
	at java.rmi/sun.rmi.transport.Transport$1.run(Transport.java:200)
	at java.rmi/sun.rmi.transport.Transport$1.run(Transport.java:197)
	at java.base/java.security.AccessController.doPrivileged(Native Method)
	at java.rmi/sun.rmi.transport.Transport.serviceCall(Transport.java:196)
	at java.rmi/sun.rmi.transport.tcp.TCPTransport.handleMessages(TCPTransport.java:562)
	at java.rmi/sun.rmi.transport.tcp.TCPTransport$ConnectionHandler.run0(TCPTransport.java:796)
	at java.rmi/sun.rmi.transport.tcp.TCPTransport$ConnectionHandler.lambda$run$0(TCPTransport.java:677)
	at java.base/java.security.AccessController.doPrivileged(Native Method)
	at java.rmi/sun.rmi.transport.tcp.TCPTransport$ConnectionHandler.run(TCPTransport.java:676)
	at java.base/java.util.concurrent.ThreadPoolExecutor.runWorker(ThreadPoolExecutor.java:1128)
	at java.base/java.util.concurrent.ThreadPoolExecutor$Worker.run(ThreadPoolExecutor.java:628)
	... 1 common frames omitted
[Progress:===>                          10%] [Cov:=======>                           20%][MASTER] 15:57:14.816 [logback-1] WARN  ClientNodeImpl - Cannot send statistics to master; continuing without statistics
java.rmi.ServerError: Error occurred in server thread; nested exception is: 
	java.lang.NoClassDefFoundError: com/fasterxml/jackson/databind/AnnotationIntrospector
	at java.rmi/sun.rmi.server.UnicastServerRef.dispatch(UnicastServerRef.java:388)
	at java.rmi/sun.rmi.transport.Transport$1.run(Transport.java:200)
	at java.rmi/sun.rmi.transport.Transport$1.run(Transport.java:197)
	at java.base/java.security.AccessController.doPrivileged(Native Method)
	at java.rmi/sun.rmi.transport.Transport.serviceCall(Transport.java:196)
	at java.rmi/sun.rmi.transport.tcp.TCPTransport.handleMessages(TCPTransport.java:562)
	at java.rmi/sun.rmi.transport.tcp.TCPTransport$ConnectionHandler.run0(TCPTransport.java:796)
	at java.rmi/sun.rmi.transport.tcp.TCPTransport$ConnectionHandler.lambda$run$0(TCPTransport.java:677)
	at java.base/java.security.AccessController.doPrivileged(Native Method)
	at java.rmi/sun.rmi.transport.tcp.TCPTransport$ConnectionHandler.run(TCPTransport.java:676)
	at java.base/java.util.concurrent.ThreadPoolExecutor.runWorker(ThreadPoolExecutor.java:1128)
	at java.base/java.util.concurrent.ThreadPoolExecutor$Worker.run(ThreadPoolExecutor.java:628)
	at java.base/java.lang.Thread.run(Thread.java:829)
	at java.rmi/sun.rmi.transport.StreamRemoteCall.exceptionReceivedFromServer(StreamRemoteCall.java:303)
	at java.rmi/sun.rmi.transport.StreamRemoteCall.executeCall(StreamRemoteCall.java:279)
	at java.rmi/sun.rmi.server.UnicastRef.invoke(UnicastRef.java:164)
	at java.rmi/java.rmi.server.RemoteObjectInvocationHandler.invokeRemoteMethod(RemoteObjectInvocationHandler.java:217)
	at java.rmi/java.rmi.server.RemoteObjectInvocationHandler.invoke(RemoteObjectInvocationHandler.java:162)
	at com.sun.proxy.$Proxy7.evosuite_collectStatistics(Unknown Source)
	at org.evosuite.rmi.service.ClientNodeImpl.updateStatistics(ClientNodeImpl.java:251)
	at org.evosuite.statistics.StatisticsSender.sendIndividualToMaster(StatisticsSender.java:62)
	at org.evosuite.statistics.StatisticsListener.lambda$new$0(StatisticsListener.java:76)
	at java.base/java.lang.Thread.run(Thread.java:829)
Caused by: java.lang.NoClassDefFoundError: com/fasterxml/jackson/databind/AnnotationIntrospector
	at java.base/java.lang.Class.getDeclaringClass0(Native Method)
	at java.base/java.lang.Class.getEnclosingClass(Class.java:1517)
	at org.evosuite.utils.generic.GenericClassUtils.isMissingTypeParameters(GenericClassUtils.java:74)
	at org.evosuite.utils.generic.GenericClassImpl.addTypeParameters(GenericClassImpl.java:63)
	at org.evosuite.utils.generic.GenericClassImpl.readObject(GenericClassImpl.java:1685)
	at jdk.internal.reflect.GeneratedMethodAccessor9.invoke(Unknown Source)
	at java.base/jdk.internal.reflect.DelegatingMethodAccessorImpl.invoke(DelegatingMethodAccessorImpl.java:43)
	at java.base/java.lang.reflect.Method.invoke(Method.java:566)
	at java.base/java.io.ObjectStreamClass.invokeReadObject(ObjectStreamClass.java:1046)
	at java.base/java.io.ObjectInputStream.readSerialData(ObjectInputStream.java:2357)
	at java.base/java.io.ObjectInputStream.readOrdinaryObject(ObjectInputStream.java:2228)
	at java.base/java.io.ObjectInputStream.readObject0(ObjectInputStream.java:1687)
	at java.base/java.io.ObjectInputStream.defaultReadFields(ObjectInputStream.java:2496)
	at java.base/java.io.ObjectInputStream.readSerialData(ObjectInputStream.java:2390)
	at java.base/java.io.ObjectInputStream.readOrdinaryObject(ObjectInputStream.java:2228)
	at java.base/java.io.ObjectInputStream.readObject0(ObjectInputStream.java:1687)
	at java.base/java.io.ObjectInputStream.defaultReadFields(ObjectInputStream.java:2496)
	at java.base/java.io.ObjectInputStream.readSerialData(ObjectInputStream.java:2390)
	at java.base/java.io.ObjectInputStream.readOrdinaryObject(ObjectInputStream.java:2228)
	at java.base/java.io.ObjectInputStream.readObject0(ObjectInputStream.java:1687)
	at java.base/java.io.ObjectInputStream.skipCustomData(ObjectInputStream.java:2451)
	at java.base/java.io.ObjectInputStream.readSerialData(ObjectInputStream.java:2400)
	at java.base/java.io.ObjectInputStream.readOrdinaryObject(ObjectInputStream.java:2228)
	at java.base/java.io.ObjectInputStream.readObject0(ObjectInputStream.java:1687)
	at java.base/java.io.ObjectInputStream.defaultReadFields(ObjectInputStream.java:2496)
	at java.base/java.io.ObjectInputStream.readSerialData(ObjectInputStream.java:2390)
	at java.base/java.io.ObjectInputStream.readOrdinaryObject(ObjectInputStream.java:2228)
	at java.base/java.io.ObjectInputStream.readObject0(ObjectInputStream.java:1687)
	at java.base/java.io.ObjectInputStream.defaultReadFields(ObjectInputStream.java:2496)
	at java.base/java.io.ObjectInputStream.defaultReadObject(ObjectInputStream.java:625)
	at org.evosuite.testcase.DefaultTestCase.readObject(DefaultTestCase.java:1217)
	at jdk.internal.reflect.GeneratedMethodAccessor14.invoke(Unknown Source)
	at java.base/jdk.internal.reflect.DelegatingMethodAccessorImpl.invoke(DelegatingMethodAccessorImpl.java:43)
	at java.base/java.lang.reflect.Method.invoke(Method.java:566)
	at java.base/java.io.ObjectStreamClass.invokeReadObject(ObjectStreamClass.java:1046)
	at java.base/java.io.ObjectInputStream.readSerialData(ObjectInputStream.java:2357)
	at java.base/java.io.ObjectInputStream.readOrdinaryObject(ObjectInputStream.java:2228)
	at java.base/java.io.ObjectInputStream.readObject0(ObjectInputStream.java:1687)
	at java.base/java.io.ObjectInputStream.defaultReadFields(ObjectInputStream.java:2496)
	at java.base/java.io.ObjectInputStream.readSerialData(ObjectInputStream.java:2390)
	at java.base/java.io.ObjectInputStream.readOrdinaryObject(ObjectInputStream.java:2228)
	at java.base/java.io.ObjectInputStream.readObject0(ObjectInputStream.java:1687)
	at java.base/java.io.ObjectInputStream.skipCustomData(ObjectInputStream.java:2451)
	at java.base/java.io.ObjectInputStream.readSerialData(ObjectInputStream.java:2400)
	at java.base/java.io.ObjectInputStream.readOrdinaryObject(ObjectInputStream.java:2228)
	at java.base/java.io.ObjectInputStream.readObject0(ObjectInputStream.java:1687)
	at java.base/java.io.ObjectInputStream.defaultReadFields(ObjectInputStream.java:2496)
	at java.base/java.io.ObjectInputStream.readSerialData(ObjectInputStream.java:2390)
	at java.base/java.io.ObjectInputStream.readOrdinaryObject(ObjectInputStream.java:2228)
	at java.base/java.io.ObjectInputStream.readObject0(ObjectInputStream.java:1687)
	at java.base/java.io.ObjectInputStream.readObject(ObjectInputStream.java:489)
	at java.base/java.io.ObjectInputStream.readObject(ObjectInputStream.java:447)
	at java.rmi/sun.rmi.server.UnicastRef.unmarshalValue(UnicastRef.java:327)
	at java.rmi/sun.rmi.server.UnicastServerRef.dispatch(UnicastServerRef.java:339)
	at java.rmi/sun.rmi.transport.Transport$1.run(Transport.java:200)
	at java.rmi/sun.rmi.transport.Transport$1.run(Transport.java:197)
	at java.base/java.security.AccessController.doPrivileged(Native Method)
	at java.rmi/sun.rmi.transport.Transport.serviceCall(Transport.java:196)
	at java.rmi/sun.rmi.transport.tcp.TCPTransport.handleMessages(TCPTransport.java:562)
	at java.rmi/sun.rmi.transport.tcp.TCPTransport$ConnectionHandler.run0(TCPTransport.java:796)
	at java.rmi/sun.rmi.transport.tcp.TCPTransport$ConnectionHandler.lambda$run$0(TCPTransport.java:677)
	at java.base/java.security.AccessController.doPrivileged(Native Method)
	at java.rmi/sun.rmi.transport.tcp.TCPTransport$ConnectionHandler.run(TCPTransport.java:676)
	at java.base/java.util.concurrent.ThreadPoolExecutor.runWorker(ThreadPoolExecutor.java:1128)
	at java.base/java.util.concurrent.ThreadPoolExecutor$Worker.run(ThreadPoolExecutor.java:628)
	... 1 common frames omitted
[Progress:===>                          11%] [Cov:=======>                           20%][MASTER] 15:57:15.111 [logback-1] WARN  ClientNodeImpl - Cannot send statistics to master; continuing without statistics
java.rmi.ServerError: Error occurred in server thread; nested exception is: 
	java.lang.NoClassDefFoundError: com/fasterxml/jackson/databind/AnnotationIntrospector
	at java.rmi/sun.rmi.server.UnicastServerRef.dispatch(UnicastServerRef.java:388)
	at java.rmi/sun.rmi.transport.Transport$1.run(Transport.java:200)
	at java.rmi/sun.rmi.transport.Transport$1.run(Transport.java:197)
	at java.base/java.security.AccessController.doPrivileged(Native Method)
	at java.rmi/sun.rmi.transport.Transport.serviceCall(Transport.java:196)
	at java.rmi/sun.rmi.transport.tcp.TCPTransport.handleMessages(TCPTransport.java:562)
	at java.rmi/sun.rmi.transport.tcp.TCPTransport$ConnectionHandler.run0(TCPTransport.java:796)
	at java.rmi/sun.rmi.transport.tcp.TCPTransport$ConnectionHandler.lambda$run$0(TCPTransport.java:677)
	at java.base/java.security.AccessController.doPrivileged(Native Method)
	at java.rmi/sun.rmi.transport.tcp.TCPTransport$ConnectionHandler.run(TCPTransport.java:676)
	at java.base/java.util.concurrent.ThreadPoolExecutor.runWorker(ThreadPoolExecutor.java:1128)
	at java.base/java.util.concurrent.ThreadPoolExecutor$Worker.run(ThreadPoolExecutor.java:628)
	at java.base/java.lang.Thread.run(Thread.java:829)
	at java.rmi/sun.rmi.transport.StreamRemoteCall.exceptionReceivedFromServer(StreamRemoteCall.java:303)
	at java.rmi/sun.rmi.transport.StreamRemoteCall.executeCall(StreamRemoteCall.java:279)
	at java.rmi/sun.rmi.server.UnicastRef.invoke(UnicastRef.java:164)
	at java.rmi/java.rmi.server.RemoteObjectInvocationHandler.invokeRemoteMethod(RemoteObjectInvocationHandler.java:217)
	at java.rmi/java.rmi.server.RemoteObjectInvocationHandler.invoke(RemoteObjectInvocationHandler.java:162)
	at com.sun.proxy.$Proxy7.evosuite_collectStatistics(Unknown Source)
	at org.evosuite.rmi.service.ClientNodeImpl.updateStatistics(ClientNodeImpl.java:251)
	at org.evosuite.statistics.StatisticsSender.sendIndividualToMaster(StatisticsSender.java:62)
	at org.evosuite.statistics.StatisticsListener.lambda$new$0(StatisticsListener.java:76)
	at java.base/java.lang.Thread.run(Thread.java:829)
Caused by: java.lang.NoClassDefFoundError: com/fasterxml/jackson/databind/AnnotationIntrospector
	at java.base/java.lang.Class.getDeclaringClass0(Native Method)
	at java.base/java.lang.Class.getEnclosingClass(Class.java:1517)
	at org.evosuite.utils.generic.GenericClassUtils.isMissingTypeParameters(GenericClassUtils.java:74)
	at org.evosuite.utils.generic.GenericClassImpl.addTypeParameters(GenericClassImpl.java:63)
	at org.evosuite.utils.generic.GenericClassImpl.readObject(GenericClassImpl.java:1685)
	at jdk.internal.reflect.GeneratedMethodAccessor9.invoke(Unknown Source)
	at java.base/jdk.internal.reflect.DelegatingMethodAccessorImpl.invoke(DelegatingMethodAccessorImpl.java:43)
	at java.base/java.lang.reflect.Method.invoke(Method.java:566)
	at java.base/java.io.ObjectStreamClass.invokeReadObject(ObjectStreamClass.java:1046)
	at java.base/java.io.ObjectInputStream.readSerialData(ObjectInputStream.java:2357)
	at java.base/java.io.ObjectInputStream.readOrdinaryObject(ObjectInputStream.java:2228)
	at java.base/java.io.ObjectInputStream.readObject0(ObjectInputStream.java:1687)
	at java.base/java.io.ObjectInputStream.defaultReadFields(ObjectInputStream.java:2496)
	at java.base/java.io.ObjectInputStream.readSerialData(ObjectInputStream.java:2390)
	at java.base/java.io.ObjectInputStream.readOrdinaryObject(ObjectInputStream.java:2228)
	at java.base/java.io.ObjectInputStream.readObject0(ObjectInputStream.java:1687)
	at java.base/java.io.ObjectInputStream.defaultReadFields(ObjectInputStream.java:2496)
	at java.base/java.io.ObjectInputStream.readSerialData(ObjectInputStream.java:2390)
	at java.base/java.io.ObjectInputStream.readOrdinaryObject(ObjectInputStream.java:2228)
	at java.base/java.io.ObjectInputStream.readObject0(ObjectInputStream.java:1687)
	at java.base/java.io.ObjectInputStream.skipCustomData(ObjectInputStream.java:2451)
	at java.base/java.io.ObjectInputStream.readSerialData(ObjectInputStream.java:2400)
	at java.base/java.io.ObjectInputStream.readOrdinaryObject(ObjectInputStream.java:2228)
	at java.base/java.io.ObjectInputStream.readObject0(ObjectInputStream.java:1687)
	at java.base/java.io.ObjectInputStream.defaultReadFields(ObjectInputStream.java:2496)
	at java.base/java.io.ObjectInputStream.readSerialData(ObjectInputStream.java:2390)
	at java.base/java.io.ObjectInputStream.readOrdinaryObject(ObjectInputStream.java:2228)
	at java.base/java.io.ObjectInputStream.readObject0(ObjectInputStream.java:1687)
	at java.base/java.io.ObjectInputStream.defaultReadFields(ObjectInputStream.java:2496)
	at java.base/java.io.ObjectInputStream.defaultReadObject(ObjectInputStream.java:625)
	at org.evosuite.testcase.DefaultTestCase.readObject(DefaultTestCase.java:1217)
	at jdk.internal.reflect.GeneratedMethodAccessor14.invoke(Unknown Source)
	at java.base/jdk.internal.reflect.DelegatingMethodAccessorImpl.invoke(DelegatingMethodAccessorImpl.java:43)
	at java.base/java.lang.reflect.Method.invoke(Method.java:566)
	at java.base/java.io.ObjectStreamClass.invokeReadObject(ObjectStreamClass.java:1046)
	at java.base/java.io.ObjectInputStream.readSerialData(ObjectInputStream.java:2357)
	at java.base/java.io.ObjectInputStream.readOrdinaryObject(ObjectInputStream.java:2228)
	at java.base/java.io.ObjectInputStream.readObject0(ObjectInputStream.java:1687)
	at java.base/java.io.ObjectInputStream.defaultReadFields(ObjectInputStream.java:2496)
	at java.base/java.io.ObjectInputStream.readSerialData(ObjectInputStream.java:2390)
	at java.base/java.io.ObjectInputStream.readOrdinaryObject(ObjectInputStream.java:2228)
	at java.base/java.io.ObjectInputStream.readObject0(ObjectInputStream.java:1687)
	at java.base/java.io.ObjectInputStream.skipCustomData(ObjectInputStream.java:2451)
	at java.base/java.io.ObjectInputStream.readSerialData(ObjectInputStream.java:2400)
	at java.base/java.io.ObjectInputStream.readOrdinaryObject(ObjectInputStream.java:2228)
	at java.base/java.io.ObjectInputStream.readObject0(ObjectInputStream.java:1687)
	at java.base/java.io.ObjectInputStream.defaultReadFields(ObjectInputStream.java:2496)
	at java.base/java.io.ObjectInputStream.readSerialData(ObjectInputStream.java:2390)
	at java.base/java.io.ObjectInputStream.readOrdinaryObject(ObjectInputStream.java:2228)
	at java.base/java.io.ObjectInputStream.readObject0(ObjectInputStream.java:1687)
	at java.base/java.io.ObjectInputStream.readObject(ObjectInputStream.java:489)
	at java.base/java.io.ObjectInputStream.readObject(ObjectInputStream.java:447)
	at java.rmi/sun.rmi.server.UnicastRef.unmarshalValue(UnicastRef.java:327)
	at java.rmi/sun.rmi.server.UnicastServerRef.dispatch(UnicastServerRef.java:339)
	at java.rmi/sun.rmi.transport.Transport$1.run(Transport.java:200)
	at java.rmi/sun.rmi.transport.Transport$1.run(Transport.java:197)
	at java.base/java.security.AccessController.doPrivileged(Native Method)
	at java.rmi/sun.rmi.transport.Transport.serviceCall(Transport.java:196)
	at java.rmi/sun.rmi.transport.tcp.TCPTransport.handleMessages(TCPTransport.java:562)
	at java.rmi/sun.rmi.transport.tcp.TCPTransport$ConnectionHandler.run0(TCPTransport.java:796)
	at java.rmi/sun.rmi.transport.tcp.TCPTransport$ConnectionHandler.lambda$run$0(TCPTransport.java:677)
	at java.base/java.security.AccessController.doPrivileged(Native Method)
	at java.rmi/sun.rmi.transport.tcp.TCPTransport$ConnectionHandler.run(TCPTransport.java:676)
	at java.base/java.util.concurrent.ThreadPoolExecutor.runWorker(ThreadPoolExecutor.java:1128)
	at java.base/java.util.concurrent.ThreadPoolExecutor$Worker.run(ThreadPoolExecutor.java:628)
	... 1 common frames omitted
[MASTER] 15:57:15.427 [logback-1] WARN  ClientNodeImpl - Cannot send statistics to master; continuing without statistics
java.rmi.ServerError: Error occurred in server thread; nested exception is: 
	java.lang.NoClassDefFoundError: com/fasterxml/jackson/databind/AnnotationIntrospector
	at java.rmi/sun.rmi.server.UnicastServerRef.dispatch(UnicastServerRef.java:388)
	at java.rmi/sun.rmi.transport.Transport$1.run(Transport.java:200)
	at java.rmi/sun.rmi.transport.Transport$1.run(Transport.java:197)
	at java.base/java.security.AccessController.doPrivileged(Native Method)
	at java.rmi/sun.rmi.transport.Transport.serviceCall(Transport.java:196)
	at java.rmi/sun.rmi.transport.tcp.TCPTransport.handleMessages(TCPTransport.java:562)
	at java.rmi/sun.rmi.transport.tcp.TCPTransport$ConnectionHandler.run0(TCPTransport.java:796)
	at java.rmi/sun.rmi.transport.tcp.TCPTransport$ConnectionHandler.lambda$run$0(TCPTransport.java:677)
	at java.base/java.security.AccessController.doPrivileged(Native Method)
	at java.rmi/sun.rmi.transport.tcp.TCPTransport$ConnectionHandler.run(TCPTransport.java:676)
	at java.base/java.util.concurrent.ThreadPoolExecutor.runWorker(ThreadPoolExecutor.java:1128)
	at java.base/java.util.concurrent.ThreadPoolExecutor$Worker.run(ThreadPoolExecutor.java:628)
	at java.base/java.lang.Thread.run(Thread.java:829)
	at java.rmi/sun.rmi.transport.StreamRemoteCall.exceptionReceivedFromServer(StreamRemoteCall.java:303)
	at java.rmi/sun.rmi.transport.StreamRemoteCall.executeCall(StreamRemoteCall.java:279)
	at java.rmi/sun.rmi.server.UnicastRef.invoke(UnicastRef.java:164)
	at java.rmi/java.rmi.server.RemoteObjectInvocationHandler.invokeRemoteMethod(RemoteObjectInvocationHandler.java:217)
	at java.rmi/java.rmi.server.RemoteObjectInvocationHandler.invoke(RemoteObjectInvocationHandler.java:162)
	at com.sun.proxy.$Proxy7.evosuite_collectStatistics(Unknown Source)
	at org.evosuite.rmi.service.ClientNodeImpl.updateStatistics(ClientNodeImpl.java:251)
	at org.evosuite.statistics.StatisticsSender.sendIndividualToMaster(StatisticsSender.java:62)
	at org.evosuite.statistics.StatisticsListener.lambda$new$0(StatisticsListener.java:76)
	at java.base/java.lang.Thread.run(Thread.java:829)
Caused by: java.lang.NoClassDefFoundError: com/fasterxml/jackson/databind/AnnotationIntrospector
	at java.base/java.lang.Class.getDeclaringClass0(Native Method)
	at java.base/java.lang.Class.getEnclosingClass(Class.java:1517)
	at org.evosuite.utils.generic.GenericClassUtils.isMissingTypeParameters(GenericClassUtils.java:74)
	at org.evosuite.utils.generic.GenericClassImpl.addTypeParameters(GenericClassImpl.java:63)
	at org.evosuite.utils.generic.GenericClassImpl.readObject(GenericClassImpl.java:1685)
	at jdk.internal.reflect.GeneratedMethodAccessor9.invoke(Unknown Source)
	at java.base/jdk.internal.reflect.DelegatingMethodAccessorImpl.invoke(DelegatingMethodAccessorImpl.java:43)
	at java.base/java.lang.reflect.Method.invoke(Method.java:566)
	at java.base/java.io.ObjectStreamClass.invokeReadObject(ObjectStreamClass.java:1046)
	at java.base/java.io.ObjectInputStream.readSerialData(ObjectInputStream.java:2357)
	at java.base/java.io.ObjectInputStream.readOrdinaryObject(ObjectInputStream.java:2228)
	at java.base/java.io.ObjectInputStream.readObject0(ObjectInputStream.java:1687)
	at java.base/java.io.ObjectInputStream.defaultReadFields(ObjectInputStream.java:2496)
	at java.base/java.io.ObjectInputStream.readSerialData(ObjectInputStream.java:2390)
	at java.base/java.io.ObjectInputStream.readOrdinaryObject(ObjectInputStream.java:2228)
	at java.base/java.io.ObjectInputStream.readObject0(ObjectInputStream.java:1687)
	at java.base/java.io.ObjectInputStream.defaultReadFields(ObjectInputStream.java:2496)
	at java.base/java.io.ObjectInputStream.readSerialData(ObjectInputStream.java:2390)
	at java.base/java.io.ObjectInputStream.readOrdinaryObject(ObjectInputStream.java:2228)
	at java.base/java.io.ObjectInputStream.readObject0(ObjectInputStream.java:1687)
	at java.base/java.io.ObjectInputStream.skipCustomData(ObjectInputStream.java:2451)
	at java.base/java.io.ObjectInputStream.readSerialData(ObjectInputStream.java:2400)
	at java.base/java.io.ObjectInputStream.readOrdinaryObject(ObjectInputStream.java:2228)
	at java.base/java.io.ObjectInputStream.readObject0(ObjectInputStream.java:1687)
	at java.base/java.io.ObjectInputStream.defaultReadFields(ObjectInputStream.java:2496)
	at java.base/java.io.ObjectInputStream.readSerialData(ObjectInputStream.java:2390)
	at java.base/java.io.ObjectInputStream.readOrdinaryObject(ObjectInputStream.java:2228)
	at java.base/java.io.ObjectInputStream.readObject0(ObjectInputStream.java:1687)
	at java.base/java.io.ObjectInputStream.defaultReadFields(ObjectInputStream.java:2496)
	at java.base/java.io.ObjectInputStream.defaultReadObject(ObjectInputStream.java:625)
	at org.evosuite.testcase.DefaultTestCase.readObject(DefaultTestCase.java:1217)
	at jdk.internal.reflect.GeneratedMethodAccessor14.invoke(Unknown Source)
	at java.base/jdk.internal.reflect.DelegatingMethodAccessorImpl.invoke(DelegatingMethodAccessorImpl.java:43)
	at java.base/java.lang.reflect.Method.invoke(Method.java:566)
	at java.base/java.io.ObjectStreamClass.invokeReadObject(ObjectStreamClass.java:1046)
	at java.base/java.io.ObjectInputStream.readSerialData(ObjectInputStream.java:2357)
	at java.base/java.io.ObjectInputStream.readOrdinaryObject(ObjectInputStream.java:2228)
	at java.base/java.io.ObjectInputStream.readObject0(ObjectInputStream.java:1687)
	at java.base/java.io.ObjectInputStream.defaultReadFields(ObjectInputStream.java:2496)
	at java.base/java.io.ObjectInputStream.readSerialData(ObjectInputStream.java:2390)
	at java.base/java.io.ObjectInputStream.readOrdinaryObject(ObjectInputStream.java:2228)
	at java.base/java.io.ObjectInputStream.readObject0(ObjectInputStream.java:1687)
	at java.base/java.io.ObjectInputStream.skipCustomData(ObjectInputStream.java:2451)
	at java.base/java.io.ObjectInputStream.readSerialData(ObjectInputStream.java:2400)
	at java.base/java.io.ObjectInputStream.readOrdinaryObject(ObjectInputStream.java:2228)
	at java.base/java.io.ObjectInputStream.readObject0(ObjectInputStream.java:1687)
	at java.base/java.io.ObjectInputStream.defaultReadFields(ObjectInputStream.java:2496)
	at java.base/java.io.ObjectInputStream.readSerialData(ObjectInputStream.java:2390)
	at java.base/java.io.ObjectInputStream.readOrdinaryObject(ObjectInputStream.java:2228)
	at java.base/java.io.ObjectInputStream.readObject0(ObjectInputStream.java:1687)
	at java.base/java.io.ObjectInputStream.readObject(ObjectInputStream.java:489)
	at java.base/java.io.ObjectInputStream.readObject(ObjectInputStream.java:447)
	at java.rmi/sun.rmi.server.UnicastRef.unmarshalValue(UnicastRef.java:327)
	at java.rmi/sun.rmi.server.UnicastServerRef.dispatch(UnicastServerRef.java:339)
	at java.rmi/sun.rmi.transport.Transport$1.run(Transport.java:200)
	at java.rmi/sun.rmi.transport.Transport$1.run(Transport.java:197)
	at java.base/java.security.AccessController.doPrivileged(Native Method)
	at java.rmi/sun.rmi.transport.Transport.serviceCall(Transport.java:196)
	at java.rmi/sun.rmi.transport.tcp.TCPTransport.handleMessages(TCPTransport.java:562)
	at java.rmi/sun.rmi.transport.tcp.TCPTransport$ConnectionHandler.run0(TCPTransport.java:796)
	at java.rmi/sun.rmi.transport.tcp.TCPTransport$ConnectionHandler.lambda$run$0(TCPTransport.java:677)
	at java.base/java.security.AccessController.doPrivileged(Native Method)
	at java.rmi/sun.rmi.transport.tcp.TCPTransport$ConnectionHandler.run(TCPTransport.java:676)
	at java.base/java.util.concurrent.ThreadPoolExecutor.runWorker(ThreadPoolExecutor.java:1128)
	at java.base/java.util.concurrent.ThreadPoolExecutor$Worker.run(ThreadPoolExecutor.java:628)
	... 1 common frames omitted
[Progress:===>                          11%] [Cov:=======>                           20%][Progress:===>                          12%] [Cov:=======>                           20%][Progress:===>                          12%] [Cov:=======>                           20%][Progress:===>                          13%] [Cov:=======>                           20%][Progress:===>                          13%] [Cov:=======>                           20%][Progress:===>                          13%] [Cov:=======>                           20%][Progress:====>                         14%] [Cov:=======>                           20%][Progress:====>                         14%] [Cov:=======>                           20%][MASTER] 15:57:18.441 [logback-1] WARN  ClientNodeImpl - Cannot send statistics to master; continuing without statistics
java.rmi.ServerError: Error occurred in server thread; nested exception is: 
	java.lang.NoClassDefFoundError: com/fasterxml/jackson/databind/AnnotationIntrospector
	at java.rmi/sun.rmi.server.UnicastServerRef.dispatch(UnicastServerRef.java:388)
	at java.rmi/sun.rmi.transport.Transport$1.run(Transport.java:200)
	at java.rmi/sun.rmi.transport.Transport$1.run(Transport.java:197)
	at java.base/java.security.AccessController.doPrivileged(Native Method)
	at java.rmi/sun.rmi.transport.Transport.serviceCall(Transport.java:196)
	at java.rmi/sun.rmi.transport.tcp.TCPTransport.handleMessages(TCPTransport.java:562)
	at java.rmi/sun.rmi.transport.tcp.TCPTransport$ConnectionHandler.run0(TCPTransport.java:796)
	at java.rmi/sun.rmi.transport.tcp.TCPTransport$ConnectionHandler.lambda$run$0(TCPTransport.java:677)
	at java.base/java.security.AccessController.doPrivileged(Native Method)
	at java.rmi/sun.rmi.transport.tcp.TCPTransport$ConnectionHandler.run(TCPTransport.java:676)
	at java.base/java.util.concurrent.ThreadPoolExecutor.runWorker(ThreadPoolExecutor.java:1128)
	at java.base/java.util.concurrent.ThreadPoolExecutor$Worker.run(ThreadPoolExecutor.java:628)
	at java.base/java.lang.Thread.run(Thread.java:829)
	at java.rmi/sun.rmi.transport.StreamRemoteCall.exceptionReceivedFromServer(StreamRemoteCall.java:303)
	at java.rmi/sun.rmi.transport.StreamRemoteCall.executeCall(StreamRemoteCall.java:279)
	at java.rmi/sun.rmi.server.UnicastRef.invoke(UnicastRef.java:164)
	at java.rmi/java.rmi.server.RemoteObjectInvocationHandler.invokeRemoteMethod(RemoteObjectInvocationHandler.java:217)
	at java.rmi/java.rmi.server.RemoteObjectInvocationHandler.invoke(RemoteObjectInvocationHandler.java:162)
	at com.sun.proxy.$Proxy7.evosuite_collectStatistics(Unknown Source)
	at org.evosuite.rmi.service.ClientNodeImpl.updateStatistics(ClientNodeImpl.java:251)
	at org.evosuite.statistics.StatisticsSender.sendIndividualToMaster(StatisticsSender.java:62)
	at org.evosuite.statistics.StatisticsListener.lambda$new$0(StatisticsListener.java:76)
	at java.base/java.lang.Thread.run(Thread.java:829)
Caused by: java.lang.NoClassDefFoundError: com/fasterxml/jackson/databind/AnnotationIntrospector
	at java.base/java.lang.Class.getDeclaringClass0(Native Method)
	at java.base/java.lang.Class.getEnclosingClass(Class.java:1517)
	at org.evosuite.utils.generic.GenericClassUtils.isMissingTypeParameters(GenericClassUtils.java:74)
	at org.evosuite.utils.generic.GenericClassImpl.addTypeParameters(GenericClassImpl.java:63)
	at org.evosuite.utils.generic.GenericClassImpl.readObject(GenericClassImpl.java:1685)
	at jdk.internal.reflect.GeneratedMethodAccessor9.invoke(Unknown Source)
	at java.base/jdk.internal.reflect.DelegatingMethodAccessorImpl.invoke(DelegatingMethodAccessorImpl.java:43)
	at java.base/java.lang.reflect.Method.invoke(Method.java:566)
	at java.base/java.io.ObjectStreamClass.invokeReadObject(ObjectStreamClass.java:1046)
	at java.base/java.io.ObjectInputStream.readSerialData(ObjectInputStream.java:2357)
	at java.base/java.io.ObjectInputStream.readOrdinaryObject(ObjectInputStream.java:2228)
	at java.base/java.io.ObjectInputStream.readObject0(ObjectInputStream.java:1687)
	at java.base/java.io.ObjectInputStream.defaultReadFields(ObjectInputStream.java:2496)
	at java.base/java.io.ObjectInputStream.readSerialData(ObjectInputStream.java:2390)
	at java.base/java.io.ObjectInputStream.readOrdinaryObject(ObjectInputStream.java:2228)
	at java.base/java.io.ObjectInputStream.readObject0(ObjectInputStream.java:1687)
	at java.base/java.io.ObjectInputStream.defaultReadFields(ObjectInputStream.java:2496)
	at java.base/java.io.ObjectInputStream.readSerialData(ObjectInputStream.java:2390)
	at java.base/java.io.ObjectInputStream.readOrdinaryObject(ObjectInputStream.java:2228)
	at java.base/java.io.ObjectInputStream.readObject0(ObjectInputStream.java:1687)
	at java.base/java.io.ObjectInputStream.skipCustomData(ObjectInputStream.java:2451)
	at java.base/java.io.ObjectInputStream.readSerialData(ObjectInputStream.java:2400)
	at java.base/java.io.ObjectInputStream.readOrdinaryObject(ObjectInputStream.java:2228)
	at java.base/java.io.ObjectInputStream.readObject0(ObjectInputStream.java:1687)
	at java.base/java.io.ObjectInputStream.defaultReadFields(ObjectInputStream.java:2496)
	at java.base/java.io.ObjectInputStream.readSerialData(ObjectInputStream.java:2390)
	at java.base/java.io.ObjectInputStream.readOrdinaryObject(ObjectInputStream.java:2228)
	at java.base/java.io.ObjectInputStream.readObject0(ObjectInputStream.java:1687)
	at java.base/java.io.ObjectInputStream.defaultReadFields(ObjectInputStream.java:2496)
	at java.base/java.io.ObjectInputStream.defaultReadObject(ObjectInputStream.java:625)
	at org.evosuite.testcase.DefaultTestCase.readObject(DefaultTestCase.java:1217)
	at jdk.internal.reflect.GeneratedMethodAccessor14.invoke(Unknown Source)
	at java.base/jdk.internal.reflect.DelegatingMethodAccessorImpl.invoke(DelegatingMethodAccessorImpl.java:43)
	at java.base/java.lang.reflect.Method.invoke(Method.java:566)
	at java.base/java.io.ObjectStreamClass.invokeReadObject(ObjectStreamClass.java:1046)
	at java.base/java.io.ObjectInputStream.readSerialData(ObjectInputStream.java:2357)
	at java.base/java.io.ObjectInputStream.readOrdinaryObject(ObjectInputStream.java:2228)
	at java.base/java.io.ObjectInputStream.readObject0(ObjectInputStream.java:1687)
	at java.base/java.io.ObjectInputStream.defaultReadFields(ObjectInputStream.java:2496)
	at java.base/java.io.ObjectInputStream.readSerialData(ObjectInputStream.java:2390)
	at java.base/java.io.ObjectInputStream.readOrdinaryObject(ObjectInputStream.java:2228)
	at java.base/java.io.ObjectInputStream.readObject0(ObjectInputStream.java:1687)
	at java.base/java.io.ObjectInputStream.skipCustomData(ObjectInputStream.java:2451)
	at java.base/java.io.ObjectInputStream.readSerialData(ObjectInputStream.java:2400)
	at java.base/java.io.ObjectInputStream.readOrdinaryObject(ObjectInputStream.java:2228)
	at java.base/java.io.ObjectInputStream.readObject0(ObjectInputStream.java:1687)
	at java.base/java.io.ObjectInputStream.defaultReadFields(ObjectInputStream.java:2496)
	at java.base/java.io.ObjectInputStream.readSerialData(ObjectInputStream.java:2390)
	at java.base/java.io.ObjectInputStream.readOrdinaryObject(ObjectInputStream.java:2228)
	at java.base/java.io.ObjectInputStream.readObject0(ObjectInputStream.java:1687)
	at java.base/java.io.ObjectInputStream.readObject(ObjectInputStream.java:489)
	at java.base/java.io.ObjectInputStream.readObject(ObjectInputStream.java:447)
	at java.rmi/sun.rmi.server.UnicastRef.unmarshalValue(UnicastRef.java:327)
	at java.rmi/sun.rmi.server.UnicastServerRef.dispatch(UnicastServerRef.java:339)
	at java.rmi/sun.rmi.transport.Transport$1.run(Transport.java:200)
	at java.rmi/sun.rmi.transport.Transport$1.run(Transport.java:197)
	at java.base/java.security.AccessController.doPrivileged(Native Method)
	at java.rmi/sun.rmi.transport.Transport.serviceCall(Transport.java:196)
	at java.rmi/sun.rmi.transport.tcp.TCPTransport.handleMessages(TCPTransport.java:562)
	at java.rmi/sun.rmi.transport.tcp.TCPTransport$ConnectionHandler.run0(TCPTransport.java:796)
	at java.rmi/sun.rmi.transport.tcp.TCPTransport$ConnectionHandler.lambda$run$0(TCPTransport.java:677)
	at java.base/java.security.AccessController.doPrivileged(Native Method)
	at java.rmi/sun.rmi.transport.tcp.TCPTransport$ConnectionHandler.run(TCPTransport.java:676)
	at java.base/java.util.concurrent.ThreadPoolExecutor.runWorker(ThreadPoolExecutor.java:1128)
	at java.base/java.util.concurrent.ThreadPoolExecutor$Worker.run(ThreadPoolExecutor.java:628)
	... 1 common frames omitted
[MASTER] 15:57:18.699 [logback-1] WARN  ClientNodeImpl - Cannot send statistics to master; continuing without statistics
java.rmi.ServerError: Error occurred in server thread; nested exception is: 
	java.lang.NoClassDefFoundError: com/fasterxml/jackson/databind/AnnotationIntrospector
	at java.rmi/sun.rmi.server.UnicastServerRef.dispatch(UnicastServerRef.java:388)
	at java.rmi/sun.rmi.transport.Transport$1.run(Transport.java:200)
	at java.rmi/sun.rmi.transport.Transport$1.run(Transport.java:197)
	at java.base/java.security.AccessController.doPrivileged(Native Method)
	at java.rmi/sun.rmi.transport.Transport.serviceCall(Transport.java:196)
	at java.rmi/sun.rmi.transport.tcp.TCPTransport.handleMessages(TCPTransport.java:562)
	at java.rmi/sun.rmi.transport.tcp.TCPTransport$ConnectionHandler.run0(TCPTransport.java:796)
	at java.rmi/sun.rmi.transport.tcp.TCPTransport$ConnectionHandler.lambda$run$0(TCPTransport.java:677)
	at java.base/java.security.AccessController.doPrivileged(Native Method)
	at java.rmi/sun.rmi.transport.tcp.TCPTransport$ConnectionHandler.run(TCPTransport.java:676)
	at java.base/java.util.concurrent.ThreadPoolExecutor.runWorker(ThreadPoolExecutor.java:1128)
	at java.base/java.util.concurrent.ThreadPoolExecutor$Worker.run(ThreadPoolExecutor.java:628)
	at java.base/java.lang.Thread.run(Thread.java:829)
	at java.rmi/sun.rmi.transport.StreamRemoteCall.exceptionReceivedFromServer(StreamRemoteCall.java:303)
	at java.rmi/sun.rmi.transport.StreamRemoteCall.executeCall(StreamRemoteCall.java:279)
	at java.rmi/sun.rmi.server.UnicastRef.invoke(UnicastRef.java:164)
	at java.rmi/java.rmi.server.RemoteObjectInvocationHandler.invokeRemoteMethod(RemoteObjectInvocationHandler.java:217)
	at java.rmi/java.rmi.server.RemoteObjectInvocationHandler.invoke(RemoteObjectInvocationHandler.java:162)
	at com.sun.proxy.$Proxy7.evosuite_collectStatistics(Unknown Source)
	at org.evosuite.rmi.service.ClientNodeImpl.updateStatistics(ClientNodeImpl.java:251)
	at org.evosuite.statistics.StatisticsSender.sendIndividualToMaster(StatisticsSender.java:62)
	at org.evosuite.statistics.StatisticsListener.lambda$new$0(StatisticsListener.java:76)
	at java.base/java.lang.Thread.run(Thread.java:829)
Caused by: java.lang.NoClassDefFoundError: com/fasterxml/jackson/databind/AnnotationIntrospector
	at java.base/java.lang.Class.getDeclaringClass0(Native Method)
	at java.base/java.lang.Class.getEnclosingClass(Class.java:1517)
	at org.evosuite.utils.generic.GenericClassUtils.isMissingTypeParameters(GenericClassUtils.java:74)
	at org.evosuite.utils.generic.GenericClassImpl.addTypeParameters(GenericClassImpl.java:63)
	at org.evosuite.utils.generic.GenericClassImpl.readObject(GenericClassImpl.java:1685)
	at jdk.internal.reflect.GeneratedMethodAccessor9.invoke(Unknown Source)
	at java.base/jdk.internal.reflect.DelegatingMethodAccessorImpl.invoke(DelegatingMethodAccessorImpl.java:43)
	at java.base/java.lang.reflect.Method.invoke(Method.java:566)
	at java.base/java.io.ObjectStreamClass.invokeReadObject(ObjectStreamClass.java:1046)
	at java.base/java.io.ObjectInputStream.readSerialData(ObjectInputStream.java:2357)
	at java.base/java.io.ObjectInputStream.readOrdinaryObject(ObjectInputStream.java:2228)
	at java.base/java.io.ObjectInputStream.readObject0(ObjectInputStream.java:1687)
	at java.base/java.io.ObjectInputStream.defaultReadFields(ObjectInputStream.java:2496)
	at java.base/java.io.ObjectInputStream.readSerialData(ObjectInputStream.java:2390)
	at java.base/java.io.ObjectInputStream.readOrdinaryObject(ObjectInputStream.java:2228)
	at java.base/java.io.ObjectInputStream.readObject0(ObjectInputStream.java:1687)
	at java.base/java.io.ObjectInputStream.defaultReadFields(ObjectInputStream.java:2496)
	at java.base/java.io.ObjectInputStream.readSerialData(ObjectInputStream.java:2390)
	at java.base/java.io.ObjectInputStream.readOrdinaryObject(ObjectInputStream.java:2228)
	at java.base/java.io.ObjectInputStream.readObject0(ObjectInputStream.java:1687)
	at java.base/java.io.ObjectInputStream.skipCustomData(ObjectInputStream.java:2451)
	at java.base/java.io.ObjectInputStream.readSerialData(ObjectInputStream.java:2400)
	at java.base/java.io.ObjectInputStream.readOrdinaryObject(ObjectInputStream.java:2228)
	at java.base/java.io.ObjectInputStream.readObject0(ObjectInputStream.java:1687)
	at java.base/java.io.ObjectInputStream.defaultReadFields(ObjectInputStream.java:2496)
	at java.base/java.io.ObjectInputStream.readSerialData(ObjectInputStream.java:2390)
	at java.base/java.io.ObjectInputStream.readOrdinaryObject(ObjectInputStream.java:2228)
	at java.base/java.io.ObjectInputStream.readObject0(ObjectInputStream.java:1687)
	at java.base/java.io.ObjectInputStream.defaultReadFields(ObjectInputStream.java:2496)
	at java.base/java.io.ObjectInputStream.defaultReadObject(ObjectInputStream.java:625)
	at org.evosuite.testcase.DefaultTestCase.readObject(DefaultTestCase.java:1217)
	at jdk.internal.reflect.GeneratedMethodAccessor14.invoke(Unknown Source)
	at java.base/jdk.internal.reflect.DelegatingMethodAccessorImpl.invoke(DelegatingMethodAccessorImpl.java:43)
	at java.base/java.lang.reflect.Method.invoke(Method.java:566)
	at java.base/java.io.ObjectStreamClass.invokeReadObject(ObjectStreamClass.java:1046)
	at java.base/java.io.ObjectInputStream.readSerialData(ObjectInputStream.java:2357)
	at java.base/java.io.ObjectInputStream.readOrdinaryObject(ObjectInputStream.java:2228)
	at java.base/java.io.ObjectInputStream.readObject0(ObjectInputStream.java:1687)
	at java.base/java.io.ObjectInputStream.defaultReadFields(ObjectInputStream.java:2496)
	at java.base/java.io.ObjectInputStream.readSerialData(ObjectInputStream.java:2390)
	at java.base/java.io.ObjectInputStream.readOrdinaryObject(ObjectInputStream.java:2228)
	at java.base/java.io.ObjectInputStream.readObject0(ObjectInputStream.java:1687)
	at java.base/java.io.ObjectInputStream.skipCustomData(ObjectInputStream.java:2451)
	at java.base/java.io.ObjectInputStream.readSerialData(ObjectInputStream.java:2400)
	at java.base/java.io.ObjectInputStream.readOrdinaryObject(ObjectInputStream.java:2228)
	at java.base/java.io.ObjectInputStream.readObject0(ObjectInputStream.java:1687)
	at java.base/java.io.ObjectInputStream.defaultReadFields(ObjectInputStream.java:2496)
	at java.base/java.io.ObjectInputStream.readSerialData(ObjectInputStream.java:2390)
	at java.base/java.io.ObjectInputStream.readOrdinaryObject(ObjectInputStream.java:2228)
	at java.base/java.io.ObjectInputStream.readObject0(ObjectInputStream.java:1687)
	at java.base/java.io.ObjectInputStream.readObject(ObjectInputStream.java:489)
	at java.base/java.io.ObjectInputStream.readObject(ObjectInputStream.java:447)
	at java.rmi/sun.rmi.server.UnicastRef.unmarshalValue(UnicastRef.java:327)
	at java.rmi/sun.rmi.server.UnicastServerRef.dispatch(UnicastServerRef.java:339)
	at java.rmi/sun.rmi.transport.Transport$1.run(Transport.java:200)
	at java.rmi/sun.rmi.transport.Transport$1.run(Transport.java:197)
	at java.base/java.security.AccessController.doPrivileged(Native Method)
	at java.rmi/sun.rmi.transport.Transport.serviceCall(Transport.java:196)
	at java.rmi/sun.rmi.transport.tcp.TCPTransport.handleMessages(TCPTransport.java:562)
	at java.rmi/sun.rmi.transport.tcp.TCPTransport$ConnectionHandler.run0(TCPTransport.java:796)
	at java.rmi/sun.rmi.transport.tcp.TCPTransport$ConnectionHandler.lambda$run$0(TCPTransport.java:677)
	at java.base/java.security.AccessController.doPrivileged(Native Method)
	at java.rmi/sun.rmi.transport.tcp.TCPTransport$ConnectionHandler.run(TCPTransport.java:676)
	at java.base/java.util.concurrent.ThreadPoolExecutor.runWorker(ThreadPoolExecutor.java:1128)
	at java.base/java.util.concurrent.ThreadPoolExecutor$Worker.run(ThreadPoolExecutor.java:628)
	... 1 common frames omitted
[Progress:====>                         15%] [Cov:=======>                           20%][MASTER] 15:57:19.109 [logback-1] WARN  ClientNodeImpl - Cannot send statistics to master; continuing without statistics
java.rmi.ServerError: Error occurred in server thread; nested exception is: 
	java.lang.NoClassDefFoundError: com/fasterxml/jackson/databind/AnnotationIntrospector
	at java.rmi/sun.rmi.server.UnicastServerRef.dispatch(UnicastServerRef.java:388)
	at java.rmi/sun.rmi.transport.Transport$1.run(Transport.java:200)
	at java.rmi/sun.rmi.transport.Transport$1.run(Transport.java:197)
	at java.base/java.security.AccessController.doPrivileged(Native Method)
	at java.rmi/sun.rmi.transport.Transport.serviceCall(Transport.java:196)
	at java.rmi/sun.rmi.transport.tcp.TCPTransport.handleMessages(TCPTransport.java:562)
	at java.rmi/sun.rmi.transport.tcp.TCPTransport$ConnectionHandler.run0(TCPTransport.java:796)
	at java.rmi/sun.rmi.transport.tcp.TCPTransport$ConnectionHandler.lambda$run$0(TCPTransport.java:677)
	at java.base/java.security.AccessController.doPrivileged(Native Method)
	at java.rmi/sun.rmi.transport.tcp.TCPTransport$ConnectionHandler.run(TCPTransport.java:676)
	at java.base/java.util.concurrent.ThreadPoolExecutor.runWorker(ThreadPoolExecutor.java:1128)
	at java.base/java.util.concurrent.ThreadPoolExecutor$Worker.run(ThreadPoolExecutor.java:628)
	at java.base/java.lang.Thread.run(Thread.java:829)
	at java.rmi/sun.rmi.transport.StreamRemoteCall.exceptionReceivedFromServer(StreamRemoteCall.java:303)
	at java.rmi/sun.rmi.transport.StreamRemoteCall.executeCall(StreamRemoteCall.java:279)
	at java.rmi/sun.rmi.server.UnicastRef.invoke(UnicastRef.java:164)
	at java.rmi/java.rmi.server.RemoteObjectInvocationHandler.invokeRemoteMethod(RemoteObjectInvocationHandler.java:217)
	at java.rmi/java.rmi.server.RemoteObjectInvocationHandler.invoke(RemoteObjectInvocationHandler.java:162)
	at com.sun.proxy.$Proxy7.evosuite_collectStatistics(Unknown Source)
	at org.evosuite.rmi.service.ClientNodeImpl.updateStatistics(ClientNodeImpl.java:251)
	at org.evosuite.statistics.StatisticsSender.sendIndividualToMaster(StatisticsSender.java:62)
	at org.evosuite.statistics.StatisticsListener.lambda$new$0(StatisticsListener.java:76)
	at java.base/java.lang.Thread.run(Thread.java:829)
Caused by: java.lang.NoClassDefFoundError: com/fasterxml/jackson/databind/AnnotationIntrospector
	at java.base/java.lang.Class.getDeclaringClass0(Native Method)
	at java.base/java.lang.Class.getEnclosingClass(Class.java:1517)
	at org.evosuite.utils.generic.GenericClassUtils.isMissingTypeParameters(GenericClassUtils.java:74)
	at org.evosuite.utils.generic.GenericClassImpl.addTypeParameters(GenericClassImpl.java:63)
	at org.evosuite.utils.generic.GenericClassImpl.readObject(GenericClassImpl.java:1685)
	at jdk.internal.reflect.GeneratedMethodAccessor9.invoke(Unknown Source)
	at java.base/jdk.internal.reflect.DelegatingMethodAccessorImpl.invoke(DelegatingMethodAccessorImpl.java:43)
	at java.base/java.lang.reflect.Method.invoke(Method.java:566)
	at java.base/java.io.ObjectStreamClass.invokeReadObject(ObjectStreamClass.java:1046)
	at java.base/java.io.ObjectInputStream.readSerialData(ObjectInputStream.java:2357)
	at java.base/java.io.ObjectInputStream.readOrdinaryObject(ObjectInputStream.java:2228)
	at java.base/java.io.ObjectInputStream.readObject0(ObjectInputStream.java:1687)
	at java.base/java.io.ObjectInputStream.defaultReadFields(ObjectInputStream.java:2496)
	at java.base/java.io.ObjectInputStream.readSerialData(ObjectInputStream.java:2390)
	at java.base/java.io.ObjectInputStream.readOrdinaryObject(ObjectInputStream.java:2228)
	at java.base/java.io.ObjectInputStream.readObject0(ObjectInputStream.java:1687)
	at java.base/java.io.ObjectInputStream.defaultReadFields(ObjectInputStream.java:2496)
	at java.base/java.io.ObjectInputStream.readSerialData(ObjectInputStream.java:2390)
	at java.base/java.io.ObjectInputStream.readOrdinaryObject(ObjectInputStream.java:2228)
	at java.base/java.io.ObjectInputStream.readObject0(ObjectInputStream.java:1687)
	at java.base/java.io.ObjectInputStream.skipCustomData(ObjectInputStream.java:2451)
	at java.base/java.io.ObjectInputStream.readSerialData(ObjectInputStream.java:2400)
	at java.base/java.io.ObjectInputStream.readOrdinaryObject(ObjectInputStream.java:2228)
	at java.base/java.io.ObjectInputStream.readObject0(ObjectInputStream.java:1687)
	at java.base/java.io.ObjectInputStream.defaultReadFields(ObjectInputStream.java:2496)
	at java.base/java.io.ObjectInputStream.readSerialData(ObjectInputStream.java:2390)
	at java.base/java.io.ObjectInputStream.readOrdinaryObject(ObjectInputStream.java:2228)
	at java.base/java.io.ObjectInputStream.readObject0(ObjectInputStream.java:1687)
	at java.base/java.io.ObjectInputStream.defaultReadFields(ObjectInputStream.java:2496)
	at java.base/java.io.ObjectInputStream.defaultReadObject(ObjectInputStream.java:625)
	at org.evosuite.testcase.DefaultTestCase.readObject(DefaultTestCase.java:1217)
	at jdk.internal.reflect.GeneratedMethodAccessor14.invoke(Unknown Source)
	at java.base/jdk.internal.reflect.DelegatingMethodAccessorImpl.invoke(DelegatingMethodAccessorImpl.java:43)
	at java.base/java.lang.reflect.Method.invoke(Method.java:566)
	at java.base/java.io.ObjectStreamClass.invokeReadObject(ObjectStreamClass.java:1046)
	at java.base/java.io.ObjectInputStream.readSerialData(ObjectInputStream.java:2357)
	at java.base/java.io.ObjectInputStream.readOrdinaryObject(ObjectInputStream.java:2228)
	at java.base/java.io.ObjectInputStream.readObject0(ObjectInputStream.java:1687)
	at java.base/java.io.ObjectInputStream.defaultReadFields(ObjectInputStream.java:2496)
	at java.base/java.io.ObjectInputStream.readSerialData(ObjectInputStream.java:2390)
	at java.base/java.io.ObjectInputStream.readOrdinaryObject(ObjectInputStream.java:2228)
	at java.base/java.io.ObjectInputStream.readObject0(ObjectInputStream.java:1687)
	at java.base/java.io.ObjectInputStream.skipCustomData(ObjectInputStream.java:2451)
	at java.base/java.io.ObjectInputStream.readSerialData(ObjectInputStream.java:2400)
	at java.base/java.io.ObjectInputStream.readOrdinaryObject(ObjectInputStream.java:2228)
	at java.base/java.io.ObjectInputStream.readObject0(ObjectInputStream.java:1687)
	at java.base/java.io.ObjectInputStream.defaultReadFields(ObjectInputStream.java:2496)
	at java.base/java.io.ObjectInputStream.readSerialData(ObjectInputStream.java:2390)
	at java.base/java.io.ObjectInputStream.readOrdinaryObject(ObjectInputStream.java:2228)
	at java.base/java.io.ObjectInputStream.readObject0(ObjectInputStream.java:1687)
	at java.base/java.io.ObjectInputStream.readObject(ObjectInputStream.java:489)
	at java.base/java.io.ObjectInputStream.readObject(ObjectInputStream.java:447)
	at java.rmi/sun.rmi.server.UnicastRef.unmarshalValue(UnicastRef.java:327)
	at java.rmi/sun.rmi.server.UnicastServerRef.dispatch(UnicastServerRef.java:339)
	at java.rmi/sun.rmi.transport.Transport$1.run(Transport.java:200)
	at java.rmi/sun.rmi.transport.Transport$1.run(Transport.java:197)
	at java.base/java.security.AccessController.doPrivileged(Native Method)
	at java.rmi/sun.rmi.transport.Transport.serviceCall(Transport.java:196)
	at java.rmi/sun.rmi.transport.tcp.TCPTransport.handleMessages(TCPTransport.java:562)
	at java.rmi/sun.rmi.transport.tcp.TCPTransport$ConnectionHandler.run0(TCPTransport.java:796)
	at java.rmi/sun.rmi.transport.tcp.TCPTransport$ConnectionHandler.lambda$run$0(TCPTransport.java:677)
	at java.base/java.security.AccessController.doPrivileged(Native Method)
	at java.rmi/sun.rmi.transport.tcp.TCPTransport$ConnectionHandler.run(TCPTransport.java:676)
	at java.base/java.util.concurrent.ThreadPoolExecutor.runWorker(ThreadPoolExecutor.java:1128)
	at java.base/java.util.concurrent.ThreadPoolExecutor$Worker.run(ThreadPoolExecutor.java:628)
	... 1 common frames omitted
[Progress:====>                         15%] [Cov:=======>                           20%][Progress:====>                         15%] [Cov:=======>                           20%]GWO iteration=20 bestFitness=3473.997619047619 population=50 a=1.6
========== GWO EVOLVE iteration=20 population=50 ==========
[Progress:====>                         15%] [Cov:=======>                           20%][Progress:====>                         16%] [Cov:=======>                           20%][Progress:====>                         16%] [Cov:=======>                           20%][Progress:=====>                        18%] [Cov:=======>                           20%][Progress:=====>                        18%] [Cov:=======>                           20%][Progress:=====>                        19%] [Cov:=======>                           20%][Progress:=====>                        19%] [Cov:=======>                           20%][Progress:======>                       20%] [Cov:=======>                           20%][MASTER] 15:57:25.156 [logback-1] WARN  ClientNodeImpl - Cannot send statistics to master; continuing without statistics
java.rmi.ServerError: Error occurred in server thread; nested exception is: 
	java.lang.NoClassDefFoundError: com/fasterxml/jackson/databind/AnnotationIntrospector
	at java.rmi/sun.rmi.server.UnicastServerRef.dispatch(UnicastServerRef.java:388)
	at java.rmi/sun.rmi.transport.Transport$1.run(Transport.java:200)
	at java.rmi/sun.rmi.transport.Transport$1.run(Transport.java:197)
	at java.base/java.security.AccessController.doPrivileged(Native Method)
	at java.rmi/sun.rmi.transport.Transport.serviceCall(Transport.java:196)
	at java.rmi/sun.rmi.transport.tcp.TCPTransport.handleMessages(TCPTransport.java:562)
	at java.rmi/sun.rmi.transport.tcp.TCPTransport$ConnectionHandler.run0(TCPTransport.java:796)
	at java.rmi/sun.rmi.transport.tcp.TCPTransport$ConnectionHandler.lambda$run$0(TCPTransport.java:677)
	at java.base/java.security.AccessController.doPrivileged(Native Method)
	at java.rmi/sun.rmi.transport.tcp.TCPTransport$ConnectionHandler.run(TCPTransport.java:676)
	at java.base/java.util.concurrent.ThreadPoolExecutor.runWorker(ThreadPoolExecutor.java:1128)
	at java.base/java.util.concurrent.ThreadPoolExecutor$Worker.run(ThreadPoolExecutor.java:628)
	at java.base/java.lang.Thread.run(Thread.java:829)
	at java.rmi/sun.rmi.transport.StreamRemoteCall.exceptionReceivedFromServer(StreamRemoteCall.java:303)
	at java.rmi/sun.rmi.transport.StreamRemoteCall.executeCall(StreamRemoteCall.java:279)
	at java.rmi/sun.rmi.server.UnicastRef.invoke(UnicastRef.java:164)
	at java.rmi/java.rmi.server.RemoteObjectInvocationHandler.invokeRemoteMethod(RemoteObjectInvocationHandler.java:217)
	at java.rmi/java.rmi.server.RemoteObjectInvocationHandler.invoke(RemoteObjectInvocationHandler.java:162)
	at com.sun.proxy.$Proxy7.evosuite_collectStatistics(Unknown Source)
	at org.evosuite.rmi.service.ClientNodeImpl.updateStatistics(ClientNodeImpl.java:251)
	at org.evosuite.statistics.StatisticsSender.sendIndividualToMaster(StatisticsSender.java:62)
	at org.evosuite.statistics.StatisticsListener.lambda$new$0(StatisticsListener.java:76)
	at java.base/java.lang.Thread.run(Thread.java:829)
Caused by: java.lang.NoClassDefFoundError: com/fasterxml/jackson/databind/AnnotationIntrospector
	at java.base/java.lang.Class.getDeclaringClass0(Native Method)
	at java.base/java.lang.Class.getEnclosingClass(Class.java:1517)
	at org.evosuite.utils.generic.GenericClassUtils.isMissingTypeParameters(GenericClassUtils.java:74)
	at org.evosuite.utils.generic.GenericClassImpl.addTypeParameters(GenericClassImpl.java:63)
	at org.evosuite.utils.generic.GenericClassImpl.readObject(GenericClassImpl.java:1685)
	at jdk.internal.reflect.GeneratedMethodAccessor9.invoke(Unknown Source)
	at java.base/jdk.internal.reflect.DelegatingMethodAccessorImpl.invoke(DelegatingMethodAccessorImpl.java:43)
	at java.base/java.lang.reflect.Method.invoke(Method.java:566)
	at java.base/java.io.ObjectStreamClass.invokeReadObject(ObjectStreamClass.java:1046)
	at java.base/java.io.ObjectInputStream.readSerialData(ObjectInputStream.java:2357)
	at java.base/java.io.ObjectInputStream.readOrdinaryObject(ObjectInputStream.java:2228)
	at java.base/java.io.ObjectInputStream.readObject0(ObjectInputStream.java:1687)
	at java.base/java.io.ObjectInputStream.defaultReadFields(ObjectInputStream.java:2496)
	at java.base/java.io.ObjectInputStream.readSerialData(ObjectInputStream.java:2390)
	at java.base/java.io.ObjectInputStream.readOrdinaryObject(ObjectInputStream.java:2228)
	at java.base/java.io.ObjectInputStream.readObject0(ObjectInputStream.java:1687)
	at java.base/java.io.ObjectInputStream.defaultReadFields(ObjectInputStream.java:2496)
	at java.base/java.io.ObjectInputStream.readSerialData(ObjectInputStream.java:2390)
	at java.base/java.io.ObjectInputStream.readOrdinaryObject(ObjectInputStream.java:2228)
	at java.base/java.io.ObjectInputStream.readObject0(ObjectInputStream.java:1687)
	at java.base/java.io.ObjectInputStream.skipCustomData(ObjectInputStream.java:2451)
	at java.base/java.io.ObjectInputStream.readSerialData(ObjectInputStream.java:2400)
	at java.base/java.io.ObjectInputStream.readOrdinaryObject(ObjectInputStream.java:2228)
	at java.base/java.io.ObjectInputStream.readObject0(ObjectInputStream.java:1687)
	at java.base/java.io.ObjectInputStream.defaultReadFields(ObjectInputStream.java:2496)
	at java.base/java.io.ObjectInputStream.readSerialData(ObjectInputStream.java:2390)
	at java.base/java.io.ObjectInputStream.readOrdinaryObject(ObjectInputStream.java:2228)
	at java.base/java.io.ObjectInputStream.readObject0(ObjectInputStream.java:1687)
	at java.base/java.io.ObjectInputStream.defaultReadFields(ObjectInputStream.java:2496)
	at java.base/java.io.ObjectInputStream.defaultReadObject(ObjectInputStream.java:625)
	at org.evosuite.testcase.DefaultTestCase.readObject(DefaultTestCase.java:1217)
	at jdk.internal.reflect.GeneratedMethodAccessor14.invoke(Unknown Source)
	at java.base/jdk.internal.reflect.DelegatingMethodAccessorImpl.invoke(DelegatingMethodAccessorImpl.java:43)
	at java.base/java.lang.reflect.Method.invoke(Method.java:566)
	at java.base/java.io.ObjectStreamClass.invokeReadObject(ObjectStreamClass.java:1046)
	at java.base/java.io.ObjectInputStream.readSerialData(ObjectInputStream.java:2357)
	at java.base/java.io.ObjectInputStream.readOrdinaryObject(ObjectInputStream.java:2228)
	at java.base/java.io.ObjectInputStream.readObject0(ObjectInputStream.java:1687)
	at java.base/java.io.ObjectInputStream.defaultReadFields(ObjectInputStream.java:2496)
	at java.base/java.io.ObjectInputStream.readSerialData(ObjectInputStream.java:2390)
	at java.base/java.io.ObjectInputStream.readOrdinaryObject(ObjectInputStream.java:2228)
	at java.base/java.io.ObjectInputStream.readObject0(ObjectInputStream.java:1687)
	at java.base/java.io.ObjectInputStream.skipCustomData(ObjectInputStream.java:2451)
	at java.base/java.io.ObjectInputStream.readSerialData(ObjectInputStream.java:2400)
	at java.base/java.io.ObjectInputStream.readOrdinaryObject(ObjectInputStream.java:2228)
	at java.base/java.io.ObjectInputStream.readObject0(ObjectInputStream.java:1687)
	at java.base/java.io.ObjectInputStream.defaultReadFields(ObjectInputStream.java:2496)
	at java.base/java.io.ObjectInputStream.readSerialData(ObjectInputStream.java:2390)
	at java.base/java.io.ObjectInputStream.readOrdinaryObject(ObjectInputStream.java:2228)
	at java.base/java.io.ObjectInputStream.readObject0(ObjectInputStream.java:1687)
	at java.base/java.io.ObjectInputStream.readObject(ObjectInputStream.java:489)
	at java.base/java.io.ObjectInputStream.readObject(ObjectInputStream.java:447)
	at java.rmi/sun.rmi.server.UnicastRef.unmarshalValue(UnicastRef.java:327)
	at java.rmi/sun.rmi.server.UnicastServerRef.dispatch(UnicastServerRef.java:339)
	at java.rmi/sun.rmi.transport.Transport$1.run(Transport.java:200)
	at java.rmi/sun.rmi.transport.Transport$1.run(Transport.java:197)
	at java.base/java.security.AccessController.doPrivileged(Native Method)
	at java.rmi/sun.rmi.transport.Transport.serviceCall(Transport.java:196)
	at java.rmi/sun.rmi.transport.tcp.TCPTransport.handleMessages(TCPTransport.java:562)
	at java.rmi/sun.rmi.transport.tcp.TCPTransport$ConnectionHandler.run0(TCPTransport.java:796)
	at java.rmi/sun.rmi.transport.tcp.TCPTransport$ConnectionHandler.lambda$run$0(TCPTransport.java:677)
	at java.base/java.security.AccessController.doPrivileged(Native Method)
	at java.rmi/sun.rmi.transport.tcp.TCPTransport$ConnectionHandler.run(TCPTransport.java:676)
	at java.base/java.util.concurrent.ThreadPoolExecutor.runWorker(ThreadPoolExecutor.java:1128)
	at java.base/java.util.concurrent.ThreadPoolExecutor$Worker.run(ThreadPoolExecutor.java:628)
	... 1 common frames omitted
[Progress:======>                       20%] [Cov:=======>                           20%][MASTER] 15:57:25.407 [logback-1] WARN  ClientNodeImpl - Cannot send statistics to master; continuing without statistics
java.rmi.ServerError: Error occurred in server thread; nested exception is: 
	java.lang.NoClassDefFoundError: com/fasterxml/jackson/databind/AnnotationIntrospector
	at java.rmi/sun.rmi.server.UnicastServerRef.dispatch(UnicastServerRef.java:388)
	at java.rmi/sun.rmi.transport.Transport$1.run(Transport.java:200)
	at java.rmi/sun.rmi.transport.Transport$1.run(Transport.java:197)
	at java.base/java.security.AccessController.doPrivileged(Native Method)
	at java.rmi/sun.rmi.transport.Transport.serviceCall(Transport.java:196)
	at java.rmi/sun.rmi.transport.tcp.TCPTransport.handleMessages(TCPTransport.java:562)
	at java.rmi/sun.rmi.transport.tcp.TCPTransport$ConnectionHandler.run0(TCPTransport.java:796)
	at java.rmi/sun.rmi.transport.tcp.TCPTransport$ConnectionHandler.lambda$run$0(TCPTransport.java:677)
	at java.base/java.security.AccessController.doPrivileged(Native Method)
	at java.rmi/sun.rmi.transport.tcp.TCPTransport$ConnectionHandler.run(TCPTransport.java:676)
	at java.base/java.util.concurrent.ThreadPoolExecutor.runWorker(ThreadPoolExecutor.java:1128)
	at java.base/java.util.concurrent.ThreadPoolExecutor$Worker.run(ThreadPoolExecutor.java:628)
	at java.base/java.lang.Thread.run(Thread.java:829)
	at java.rmi/sun.rmi.transport.StreamRemoteCall.exceptionReceivedFromServer(StreamRemoteCall.java:303)
	at java.rmi/sun.rmi.transport.StreamRemoteCall.executeCall(StreamRemoteCall.java:279)
	at java.rmi/sun.rmi.server.UnicastRef.invoke(UnicastRef.java:164)
	at java.rmi/java.rmi.server.RemoteObjectInvocationHandler.invokeRemoteMethod(RemoteObjectInvocationHandler.java:217)
	at java.rmi/java.rmi.server.RemoteObjectInvocationHandler.invoke(RemoteObjectInvocationHandler.java:162)
	at com.sun.proxy.$Proxy7.evosuite_collectStatistics(Unknown Source)
	at org.evosuite.rmi.service.ClientNodeImpl.updateStatistics(ClientNodeImpl.java:251)
	at org.evosuite.statistics.StatisticsSender.sendIndividualToMaster(StatisticsSender.java:62)
	at org.evosuite.statistics.StatisticsListener.lambda$new$0(StatisticsListener.java:76)
	at java.base/java.lang.Thread.run(Thread.java:829)
Caused by: java.lang.NoClassDefFoundError: com/fasterxml/jackson/databind/AnnotationIntrospector
	at java.base/java.lang.Class.getDeclaringClass0(Native Method)
	at java.base/java.lang.Class.getEnclosingClass(Class.java:1517)
	at org.evosuite.utils.generic.GenericClassUtils.isMissingTypeParameters(GenericClassUtils.java:74)
	at org.evosuite.utils.generic.GenericClassImpl.addTypeParameters(GenericClassImpl.java:63)
	at org.evosuite.utils.generic.GenericClassImpl.readObject(GenericClassImpl.java:1685)
	at jdk.internal.reflect.GeneratedMethodAccessor9.invoke(Unknown Source)
	at java.base/jdk.internal.reflect.DelegatingMethodAccessorImpl.invoke(DelegatingMethodAccessorImpl.java:43)
	at java.base/java.lang.reflect.Method.invoke(Method.java:566)
	at java.base/java.io.ObjectStreamClass.invokeReadObject(ObjectStreamClass.java:1046)
	at java.base/java.io.ObjectInputStream.readSerialData(ObjectInputStream.java:2357)
	at java.base/java.io.ObjectInputStream.readOrdinaryObject(ObjectInputStream.java:2228)
	at java.base/java.io.ObjectInputStream.readObject0(ObjectInputStream.java:1687)
	at java.base/java.io.ObjectInputStream.defaultReadFields(ObjectInputStream.java:2496)
	at java.base/java.io.ObjectInputStream.readSerialData(ObjectInputStream.java:2390)
	at java.base/java.io.ObjectInputStream.readOrdinaryObject(ObjectInputStream.java:2228)
	at java.base/java.io.ObjectInputStream.readObject0(ObjectInputStream.java:1687)
	at java.base/java.io.ObjectInputStream.defaultReadFields(ObjectInputStream.java:2496)
	at java.base/java.io.ObjectInputStream.readSerialData(ObjectInputStream.java:2390)
	at java.base/java.io.ObjectInputStream.readOrdinaryObject(ObjectInputStream.java:2228)
	at java.base/java.io.ObjectInputStream.readObject0(ObjectInputStream.java:1687)
	at java.base/java.io.ObjectInputStream.skipCustomData(ObjectInputStream.java:2451)
	at java.base/java.io.ObjectInputStream.readSerialData(ObjectInputStream.java:2400)
	at java.base/java.io.ObjectInputStream.readOrdinaryObject(ObjectInputStream.java:2228)
	at java.base/java.io.ObjectInputStream.readObject0(ObjectInputStream.java:1687)
	at java.base/java.io.ObjectInputStream.defaultReadFields(ObjectInputStream.java:2496)
	at java.base/java.io.ObjectInputStream.readSerialData(ObjectInputStream.java:2390)
	at java.base/java.io.ObjectInputStream.readOrdinaryObject(ObjectInputStream.java:2228)
	at java.base/java.io.ObjectInputStream.readObject0(ObjectInputStream.java:1687)
	at java.base/java.io.ObjectInputStream.defaultReadFields(ObjectInputStream.java:2496)
	at java.base/java.io.ObjectInputStream.defaultReadObject(ObjectInputStream.java:625)
	at org.evosuite.testcase.DefaultTestCase.readObject(DefaultTestCase.java:1217)
	at jdk.internal.reflect.GeneratedMethodAccessor14.invoke(Unknown Source)
	at java.base/jdk.internal.reflect.DelegatingMethodAccessorImpl.invoke(DelegatingMethodAccessorImpl.java:43)
	at java.base/java.lang.reflect.Method.invoke(Method.java:566)
	at java.base/java.io.ObjectStreamClass.invokeReadObject(ObjectStreamClass.java:1046)
	at java.base/java.io.ObjectInputStream.readSerialData(ObjectInputStream.java:2357)
	at java.base/java.io.ObjectInputStream.readOrdinaryObject(ObjectInputStream.java:2228)
	at java.base/java.io.ObjectInputStream.readObject0(ObjectInputStream.java:1687)
	at java.base/java.io.ObjectInputStream.defaultReadFields(ObjectInputStream.java:2496)
	at java.base/java.io.ObjectInputStream.readSerialData(ObjectInputStream.java:2390)
	at java.base/java.io.ObjectInputStream.readOrdinaryObject(ObjectInputStream.java:2228)
	at java.base/java.io.ObjectInputStream.readObject0(ObjectInputStream.java:1687)
	at java.base/java.io.ObjectInputStream.skipCustomData(ObjectInputStream.java:2451)
	at java.base/java.io.ObjectInputStream.readSerialData(ObjectInputStream.java:2400)
	at java.base/java.io.ObjectInputStream.readOrdinaryObject(ObjectInputStream.java:2228)
	at java.base/java.io.ObjectInputStream.readObject0(ObjectInputStream.java:1687)
	at java.base/java.io.ObjectInputStream.defaultReadFields(ObjectInputStream.java:2496)
	at java.base/java.io.ObjectInputStream.readSerialData(ObjectInputStream.java:2390)
	at java.base/java.io.ObjectInputStream.readOrdinaryObject(ObjectInputStream.java:2228)
	at java.base/java.io.ObjectInputStream.readObject0(ObjectInputStream.java:1687)
	at java.base/java.io.ObjectInputStream.readObject(ObjectInputStream.java:489)
	at java.base/java.io.ObjectInputStream.readObject(ObjectInputStream.java:447)
	at java.rmi/sun.rmi.server.UnicastRef.unmarshalValue(UnicastRef.java:327)
	at java.rmi/sun.rmi.server.UnicastServerRef.dispatch(UnicastServerRef.java:339)
	at java.rmi/sun.rmi.transport.Transport$1.run(Transport.java:200)
	at java.rmi/sun.rmi.transport.Transport$1.run(Transport.java:197)
	at java.base/java.security.AccessController.doPrivileged(Native Method)
	at java.rmi/sun.rmi.transport.Transport.serviceCall(Transport.java:196)
	at java.rmi/sun.rmi.transport.tcp.TCPTransport.handleMessages(TCPTransport.java:562)
	at java.rmi/sun.rmi.transport.tcp.TCPTransport$ConnectionHandler.run0(TCPTransport.java:796)
	at java.rmi/sun.rmi.transport.tcp.TCPTransport$ConnectionHandler.lambda$run$0(TCPTransport.java:677)
	at java.base/java.security.AccessController.doPrivileged(Native Method)
	at java.rmi/sun.rmi.transport.tcp.TCPTransport$ConnectionHandler.run(TCPTransport.java:676)
	at java.base/java.util.concurrent.ThreadPoolExecutor.runWorker(ThreadPoolExecutor.java:1128)
	at java.base/java.util.concurrent.ThreadPoolExecutor$Worker.run(ThreadPoolExecutor.java:628)
	... 1 common frames omitted
[MASTER] 15:57:25.643 [logback-1] WARN  ClientNodeImpl - Cannot send statistics to master; continuing without statistics
java.rmi.ServerError: Error occurred in server thread; nested exception is: 
	java.lang.NoClassDefFoundError: com/fasterxml/jackson/databind/AnnotationIntrospector
	at java.rmi/sun.rmi.server.UnicastServerRef.dispatch(UnicastServerRef.java:388)
	at java.rmi/sun.rmi.transport.Transport$1.run(Transport.java:200)
	at java.rmi/sun.rmi.transport.Transport$1.run(Transport.java:197)
	at java.base/java.security.AccessController.doPrivileged(Native Method)
	at java.rmi/sun.rmi.transport.Transport.serviceCall(Transport.java:196)
	at java.rmi/sun.rmi.transport.tcp.TCPTransport.handleMessages(TCPTransport.java:562)
	at java.rmi/sun.rmi.transport.tcp.TCPTransport$ConnectionHandler.run0(TCPTransport.java:796)
	at java.rmi/sun.rmi.transport.tcp.TCPTransport$ConnectionHandler.lambda$run$0(TCPTransport.java:677)
	at java.base/java.security.AccessController.doPrivileged(Native Method)
	at java.rmi/sun.rmi.transport.tcp.TCPTransport$ConnectionHandler.run(TCPTransport.java:676)
	at java.base/java.util.concurrent.ThreadPoolExecutor.runWorker(ThreadPoolExecutor.java:1128)
	at java.base/java.util.concurrent.ThreadPoolExecutor$Worker.run(ThreadPoolExecutor.java:628)
	at java.base/java.lang.Thread.run(Thread.java:829)
	at java.rmi/sun.rmi.transport.StreamRemoteCall.exceptionReceivedFromServer(StreamRemoteCall.java:303)
	at java.rmi/sun.rmi.transport.StreamRemoteCall.executeCall(StreamRemoteCall.java:279)
	at java.rmi/sun.rmi.server.UnicastRef.invoke(UnicastRef.java:164)
	at java.rmi/java.rmi.server.RemoteObjectInvocationHandler.invokeRemoteMethod(RemoteObjectInvocationHandler.java:217)
	at java.rmi/java.rmi.server.RemoteObjectInvocationHandler.invoke(RemoteObjectInvocationHandler.java:162)
	at com.sun.proxy.$Proxy7.evosuite_collectStatistics(Unknown Source)
	at org.evosuite.rmi.service.ClientNodeImpl.updateStatistics(ClientNodeImpl.java:251)
	at org.evosuite.statistics.StatisticsSender.sendIndividualToMaster(StatisticsSender.java:62)
	at org.evosuite.statistics.StatisticsListener.lambda$new$0(StatisticsListener.java:76)
	at java.base/java.lang.Thread.run(Thread.java:829)
Caused by: java.lang.NoClassDefFoundError: com/fasterxml/jackson/databind/AnnotationIntrospector
	at java.base/java.lang.Class.getDeclaringClass0(Native Method)
	at java.base/java.lang.Class.getEnclosingClass(Class.java:1517)
	at org.evosuite.utils.generic.GenericClassUtils.isMissingTypeParameters(GenericClassUtils.java:74)
	at org.evosuite.utils.generic.GenericClassImpl.addTypeParameters(GenericClassImpl.java:63)
	at org.evosuite.utils.generic.GenericClassImpl.readObject(GenericClassImpl.java:1685)
	at jdk.internal.reflect.GeneratedMethodAccessor9.invoke(Unknown Source)
	at java.base/jdk.internal.reflect.DelegatingMethodAccessorImpl.invoke(DelegatingMethodAccessorImpl.java:43)
	at java.base/java.lang.reflect.Method.invoke(Method.java:566)
	at java.base/java.io.ObjectStreamClass.invokeReadObject(ObjectStreamClass.java:1046)
	at java.base/java.io.ObjectInputStream.readSerialData(ObjectInputStream.java:2357)
	at java.base/java.io.ObjectInputStream.readOrdinaryObject(ObjectInputStream.java:2228)
	at java.base/java.io.ObjectInputStream.readObject0(ObjectInputStream.java:1687)
	at java.base/java.io.ObjectInputStream.defaultReadFields(ObjectInputStream.java:2496)
	at java.base/java.io.ObjectInputStream.readSerialData(ObjectInputStream.java:2390)
	at java.base/java.io.ObjectInputStream.readOrdinaryObject(ObjectInputStream.java:2228)
	at java.base/java.io.ObjectInputStream.readObject0(ObjectInputStream.java:1687)
	at java.base/java.io.ObjectInputStream.defaultReadFields(ObjectInputStream.java:2496)
	at java.base/java.io.ObjectInputStream.readSerialData(ObjectInputStream.java:2390)
	at java.base/java.io.ObjectInputStream.readOrdinaryObject(ObjectInputStream.java:2228)
	at java.base/java.io.ObjectInputStream.readObject0(ObjectInputStream.java:1687)
	at java.base/java.io.ObjectInputStream.skipCustomData(ObjectInputStream.java:2451)
	at java.base/java.io.ObjectInputStream.readSerialData(ObjectInputStream.java:2400)
	at java.base/java.io.ObjectInputStream.readOrdinaryObject(ObjectInputStream.java:2228)
	at java.base/java.io.ObjectInputStream.readObject0(ObjectInputStream.java:1687)
	at java.base/java.io.ObjectInputStream.defaultReadFields(ObjectInputStream.java:2496)
	at java.base/java.io.ObjectInputStream.readSerialData(ObjectInputStream.java:2390)
	at java.base/java.io.ObjectInputStream.readOrdinaryObject(ObjectInputStream.java:2228)
	at java.base/java.io.ObjectInputStream.readObject0(ObjectInputStream.java:1687)
	at java.base/java.io.ObjectInputStream.defaultReadFields(ObjectInputStream.java:2496)
	at java.base/java.io.ObjectInputStream.defaultReadObject(ObjectInputStream.java:625)
	at org.evosuite.testcase.DefaultTestCase.readObject(DefaultTestCase.java:1217)
	at jdk.internal.reflect.GeneratedMethodAccessor14.invoke(Unknown Source)
	at java.base/jdk.internal.reflect.DelegatingMethodAccessorImpl.invoke(DelegatingMethodAccessorImpl.java:43)
	at java.base/java.lang.reflect.Method.invoke(Method.java:566)
	at java.base/java.io.ObjectStreamClass.invokeReadObject(ObjectStreamClass.java:1046)
	at java.base/java.io.ObjectInputStream.readSerialData(ObjectInputStream.java:2357)
	at java.base/java.io.ObjectInputStream.readOrdinaryObject(ObjectInputStream.java:2228)
	at java.base/java.io.ObjectInputStream.readObject0(ObjectInputStream.java:1687)
	at java.base/java.io.ObjectInputStream.defaultReadFields(ObjectInputStream.java:2496)
	at java.base/java.io.ObjectInputStream.readSerialData(ObjectInputStream.java:2390)
	at java.base/java.io.ObjectInputStream.readOrdinaryObject(ObjectInputStream.java:2228)
	at java.base/java.io.ObjectInputStream.readObject0(ObjectInputStream.java:1687)
	at java.base/java.io.ObjectInputStream.skipCustomData(ObjectInputStream.java:2451)
	at java.base/java.io.ObjectInputStream.readSerialData(ObjectInputStream.java:2400)
	at java.base/java.io.ObjectInputStream.readOrdinaryObject(ObjectInputStream.java:2228)
	at java.base/java.io.ObjectInputStream.readObject0(ObjectInputStream.java:1687)
	at java.base/java.io.ObjectInputStream.defaultReadFields(ObjectInputStream.java:2496)
	at java.base/java.io.ObjectInputStream.readSerialData(ObjectInputStream.java:2390)
	at java.base/java.io.ObjectInputStream.readOrdinaryObject(ObjectInputStream.java:2228)
	at java.base/java.io.ObjectInputStream.readObject0(ObjectInputStream.java:1687)
	at java.base/java.io.ObjectInputStream.readObject(ObjectInputStream.java:489)
	at java.base/java.io.ObjectInputStream.readObject(ObjectInputStream.java:447)
	at java.rmi/sun.rmi.server.UnicastRef.unmarshalValue(UnicastRef.java:327)
	at java.rmi/sun.rmi.server.UnicastServerRef.dispatch(UnicastServerRef.java:339)
	at java.rmi/sun.rmi.transport.Transport$1.run(Transport.java:200)
	at java.rmi/sun.rmi.transport.Transport$1.run(Transport.java:197)
	at java.base/java.security.AccessController.doPrivileged(Native Method)
	at java.rmi/sun.rmi.transport.Transport.serviceCall(Transport.java:196)
	at java.rmi/sun.rmi.transport.tcp.TCPTransport.handleMessages(TCPTransport.java:562)
	at java.rmi/sun.rmi.transport.tcp.TCPTransport$ConnectionHandler.run0(TCPTransport.java:796)
	at java.rmi/sun.rmi.transport.tcp.TCPTransport$ConnectionHandler.lambda$run$0(TCPTransport.java:677)
	at java.base/java.security.AccessController.doPrivileged(Native Method)
	at java.rmi/sun.rmi.transport.tcp.TCPTransport$ConnectionHandler.run(TCPTransport.java:676)
	at java.base/java.util.concurrent.ThreadPoolExecutor.runWorker(ThreadPoolExecutor.java:1128)
	at java.base/java.util.concurrent.ThreadPoolExecutor$Worker.run(ThreadPoolExecutor.java:628)
	... 1 common frames omitted
[MASTER] 15:57:25.860 [logback-1] WARN  ClientNodeImpl - Cannot send statistics to master; continuing without statistics
java.rmi.ServerError: Error occurred in server thread; nested exception is: 
	java.lang.NoClassDefFoundError: com/fasterxml/jackson/databind/AnnotationIntrospector
	at java.rmi/sun.rmi.server.UnicastServerRef.dispatch(UnicastServerRef.java:388)
	at java.rmi/sun.rmi.transport.Transport$1.run(Transport.java:200)
	at java.rmi/sun.rmi.transport.Transport$1.run(Transport.java:197)
	at java.base/java.security.AccessController.doPrivileged(Native Method)
	at java.rmi/sun.rmi.transport.Transport.serviceCall(Transport.java:196)
	at java.rmi/sun.rmi.transport.tcp.TCPTransport.handleMessages(TCPTransport.java:562)
	at java.rmi/sun.rmi.transport.tcp.TCPTransport$ConnectionHandler.run0(TCPTransport.java:796)
	at java.rmi/sun.rmi.transport.tcp.TCPTransport$ConnectionHandler.lambda$run$0(TCPTransport.java:677)
	at java.base/java.security.AccessController.doPrivileged(Native Method)
	at java.rmi/sun.rmi.transport.tcp.TCPTransport$ConnectionHandler.run(TCPTransport.java:676)
	at java.base/java.util.concurrent.ThreadPoolExecutor.runWorker(ThreadPoolExecutor.java:1128)
	at java.base/java.util.concurrent.ThreadPoolExecutor$Worker.run(ThreadPoolExecutor.java:628)
	at java.base/java.lang.Thread.run(Thread.java:829)
	at java.rmi/sun.rmi.transport.StreamRemoteCall.exceptionReceivedFromServer(StreamRemoteCall.java:303)
	at java.rmi/sun.rmi.transport.StreamRemoteCall.executeCall(StreamRemoteCall.java:279)
	at java.rmi/sun.rmi.server.UnicastRef.invoke(UnicastRef.java:164)
	at java.rmi/java.rmi.server.RemoteObjectInvocationHandler.invokeRemoteMethod(RemoteObjectInvocationHandler.java:217)
	at java.rmi/java.rmi.server.RemoteObjectInvocationHandler.invoke(RemoteObjectInvocationHandler.java:162)
	at com.sun.proxy.$Proxy7.evosuite_collectStatistics(Unknown Source)
	at org.evosuite.rmi.service.ClientNodeImpl.updateStatistics(ClientNodeImpl.java:251)
	at org.evosuite.statistics.StatisticsSender.sendIndividualToMaster(StatisticsSender.java:62)
	at org.evosuite.statistics.StatisticsListener.lambda$new$0(StatisticsListener.java:76)
	at java.base/java.lang.Thread.run(Thread.java:829)
Caused by: java.lang.NoClassDefFoundError: com/fasterxml/jackson/databind/AnnotationIntrospector
	at java.base/java.lang.Class.getDeclaringClass0(Native Method)
	at java.base/java.lang.Class.getEnclosingClass(Class.java:1517)
	at org.evosuite.utils.generic.GenericClassUtils.isMissingTypeParameters(GenericClassUtils.java:74)
	at org.evosuite.utils.generic.GenericClassImpl.addTypeParameters(GenericClassImpl.java:63)
	at org.evosuite.utils.generic.GenericClassImpl.readObject(GenericClassImpl.java:1685)
	at jdk.internal.reflect.GeneratedMethodAccessor9.invoke(Unknown Source)
	at java.base/jdk.internal.reflect.DelegatingMethodAccessorImpl.invoke(DelegatingMethodAccessorImpl.java:43)
	at java.base/java.lang.reflect.Method.invoke(Method.java:566)
	at java.base/java.io.ObjectStreamClass.invokeReadObject(ObjectStreamClass.java:1046)
	at java.base/java.io.ObjectInputStream.readSerialData(ObjectInputStream.java:2357)
	at java.base/java.io.ObjectInputStream.readOrdinaryObject(ObjectInputStream.java:2228)
	at java.base/java.io.ObjectInputStream.readObject0(ObjectInputStream.java:1687)
	at java.base/java.io.ObjectInputStream.defaultReadFields(ObjectInputStream.java:2496)
	at java.base/java.io.ObjectInputStream.readSerialData(ObjectInputStream.java:2390)
	at java.base/java.io.ObjectInputStream.readOrdinaryObject(ObjectInputStream.java:2228)
	at java.base/java.io.ObjectInputStream.readObject0(ObjectInputStream.java:1687)
	at java.base/java.io.ObjectInputStream.defaultReadFields(ObjectInputStream.java:2496)
	at java.base/java.io.ObjectInputStream.readSerialData(ObjectInputStream.java:2390)
	at java.base/java.io.ObjectInputStream.readOrdinaryObject(ObjectInputStream.java:2228)
	at java.base/java.io.ObjectInputStream.readObject0(ObjectInputStream.java:1687)
	at java.base/java.io.ObjectInputStream.skipCustomData(ObjectInputStream.java:2451)
	at java.base/java.io.ObjectInputStream.readSerialData(ObjectInputStream.java:2400)
	at java.base/java.io.ObjectInputStream.readOrdinaryObject(ObjectInputStream.java:2228)
	at java.base/java.io.ObjectInputStream.readObject0(ObjectInputStream.java:1687)
	at java.base/java.io.ObjectInputStream.defaultReadFields(ObjectInputStream.java:2496)
	at java.base/java.io.ObjectInputStream.readSerialData(ObjectInputStream.java:2390)
	at java.base/java.io.ObjectInputStream.readOrdinaryObject(ObjectInputStream.java:2228)
	at java.base/java.io.ObjectInputStream.readObject0(ObjectInputStream.java:1687)
	at java.base/java.io.ObjectInputStream.defaultReadFields(ObjectInputStream.java:2496)
	at java.base/java.io.ObjectInputStream.defaultReadObject(ObjectInputStream.java:625)
	at org.evosuite.testcase.DefaultTestCase.readObject(DefaultTestCase.java:1217)
	at jdk.internal.reflect.GeneratedMethodAccessor14.invoke(Unknown Source)
	at java.base/jdk.internal.reflect.DelegatingMethodAccessorImpl.invoke(DelegatingMethodAccessorImpl.java:43)
	at java.base/java.lang.reflect.Method.invoke(Method.java:566)
	at java.base/java.io.ObjectStreamClass.invokeReadObject(ObjectStreamClass.java:1046)
	at java.base/java.io.ObjectInputStream.readSerialData(ObjectInputStream.java:2357)
	at java.base/java.io.ObjectInputStream.readOrdinaryObject(ObjectInputStream.java:2228)
	at java.base/java.io.ObjectInputStream.readObject0(ObjectInputStream.java:1687)
	at java.base/java.io.ObjectInputStream.defaultReadFields(ObjectInputStream.java:2496)
	at java.base/java.io.ObjectInputStream.readSerialData(ObjectInputStream.java:2390)
	at java.base/java.io.ObjectInputStream.readOrdinaryObject(ObjectInputStream.java:2228)
	at java.base/java.io.ObjectInputStream.readObject0(ObjectInputStream.java:1687)
	at java.base/java.io.ObjectInputStream.skipCustomData(ObjectInputStream.java:2451)
	at java.base/java.io.ObjectInputStream.readSerialData(ObjectInputStream.java:2400)
	at java.base/java.io.ObjectInputStream.readOrdinaryObject(ObjectInputStream.java:2228)
	at java.base/java.io.ObjectInputStream.readObject0(ObjectInputStream.java:1687)
	at java.base/java.io.ObjectInputStream.defaultReadFields(ObjectInputStream.java:2496)
	at java.base/java.io.ObjectInputStream.readSerialData(ObjectInputStream.java:2390)
	at java.base/java.io.ObjectInputStream.readOrdinaryObject(ObjectInputStream.java:2228)
	at java.base/java.io.ObjectInputStream.readObject0(ObjectInputStream.java:1687)
	at java.base/java.io.ObjectInputStream.readObject(ObjectInputStream.java:489)
	at java.base/java.io.ObjectInputStream.readObject(ObjectInputStream.java:447)
	at java.rmi/sun.rmi.server.UnicastRef.unmarshalValue(UnicastRef.java:327)
	at java.rmi/sun.rmi.server.UnicastServerRef.dispatch(UnicastServerRef.java:339)
	at java.rmi/sun.rmi.transport.Transport$1.run(Transport.java:200)
	at java.rmi/sun.rmi.transport.Transport$1.run(Transport.java:197)
	at java.base/java.security.AccessController.doPrivileged(Native Method)
	at java.rmi/sun.rmi.transport.Transport.serviceCall(Transport.java:196)
	at java.rmi/sun.rmi.transport.tcp.TCPTransport.handleMessages(TCPTransport.java:562)
	at java.rmi/sun.rmi.transport.tcp.TCPTransport$ConnectionHandler.run0(TCPTransport.java:796)
	at java.rmi/sun.rmi.transport.tcp.TCPTransport$ConnectionHandler.lambda$run$0(TCPTransport.java:677)
	at java.base/java.security.AccessController.doPrivileged(Native Method)
	at java.rmi/sun.rmi.transport.tcp.TCPTransport$ConnectionHandler.run(TCPTransport.java:676)
	at java.base/java.util.concurrent.ThreadPoolExecutor.runWorker(ThreadPoolExecutor.java:1128)
	at java.base/java.util.concurrent.ThreadPoolExecutor$Worker.run(ThreadPoolExecutor.java:628)
	... 1 common frames omitted
[Progress:======>                       20%] [Cov:=======>                           20%][Progress:======>                       20%] [Cov:=======>                           20%][Progress:======>                       21%] [Cov:=======>                           20%][MASTER] 15:57:27.179 [logback-1] WARN  ClientNodeImpl - Cannot send statistics to master; continuing without statistics
java.rmi.ServerError: Error occurred in server thread; nested exception is: 
	java.lang.NoClassDefFoundError: com/fasterxml/jackson/databind/AnnotationIntrospector
	at java.rmi/sun.rmi.server.UnicastServerRef.dispatch(UnicastServerRef.java:388)
	at java.rmi/sun.rmi.transport.Transport$1.run(Transport.java:200)
	at java.rmi/sun.rmi.transport.Transport$1.run(Transport.java:197)
	at java.base/java.security.AccessController.doPrivileged(Native Method)
	at java.rmi/sun.rmi.transport.Transport.serviceCall(Transport.java:196)
	at java.rmi/sun.rmi.transport.tcp.TCPTransport.handleMessages(TCPTransport.java:562)
	at java.rmi/sun.rmi.transport.tcp.TCPTransport$ConnectionHandler.run0(TCPTransport.java:796)
	at java.rmi/sun.rmi.transport.tcp.TCPTransport$ConnectionHandler.lambda$run$0(TCPTransport.java:677)
	at java.base/java.security.AccessController.doPrivileged(Native Method)
	at java.rmi/sun.rmi.transport.tcp.TCPTransport$ConnectionHandler.run(TCPTransport.java:676)
	at java.base/java.util.concurrent.ThreadPoolExecutor.runWorker(ThreadPoolExecutor.java:1128)
	at java.base/java.util.concurrent.ThreadPoolExecutor$Worker.run(ThreadPoolExecutor.java:628)
	at java.base/java.lang.Thread.run(Thread.java:829)
	at java.rmi/sun.rmi.transport.StreamRemoteCall.exceptionReceivedFromServer(StreamRemoteCall.java:303)
	at java.rmi/sun.rmi.transport.StreamRemoteCall.executeCall(StreamRemoteCall.java:279)
	at java.rmi/sun.rmi.server.UnicastRef.invoke(UnicastRef.java:164)
	at java.rmi/java.rmi.server.RemoteObjectInvocationHandler.invokeRemoteMethod(RemoteObjectInvocationHandler.java:217)
	at java.rmi/java.rmi.server.RemoteObjectInvocationHandler.invoke(RemoteObjectInvocationHandler.java:162)
	at com.sun.proxy.$Proxy7.evosuite_collectStatistics(Unknown Source)
	at org.evosuite.rmi.service.ClientNodeImpl.updateStatistics(ClientNodeImpl.java:251)
	at org.evosuite.statistics.StatisticsSender.sendIndividualToMaster(StatisticsSender.java:62)
	at org.evosuite.statistics.StatisticsListener.lambda$new$0(StatisticsListener.java:76)
	at java.base/java.lang.Thread.run(Thread.java:829)
Caused by: java.lang.NoClassDefFoundError: com/fasterxml/jackson/databind/AnnotationIntrospector
	at java.base/java.lang.Class.getDeclaringClass0(Native Method)
	at java.base/java.lang.Class.getEnclosingClass(Class.java:1517)
	at org.evosuite.utils.generic.GenericClassUtils.isMissingTypeParameters(GenericClassUtils.java:74)
	at org.evosuite.utils.generic.GenericClassImpl.addTypeParameters(GenericClassImpl.java:63)
	at org.evosuite.utils.generic.GenericClassImpl.readObject(GenericClassImpl.java:1685)
	at jdk.internal.reflect.GeneratedMethodAccessor9.invoke(Unknown Source)
	at java.base/jdk.internal.reflect.DelegatingMethodAccessorImpl.invoke(DelegatingMethodAccessorImpl.java:43)
	at java.base/java.lang.reflect.Method.invoke(Method.java:566)
	at java.base/java.io.ObjectStreamClass.invokeReadObject(ObjectStreamClass.java:1046)
	at java.base/java.io.ObjectInputStream.readSerialData(ObjectInputStream.java:2357)
	at java.base/java.io.ObjectInputStream.readOrdinaryObject(ObjectInputStream.java:2228)
	at java.base/java.io.ObjectInputStream.readObject0(ObjectInputStream.java:1687)
	at java.base/java.io.ObjectInputStream.defaultReadFields(ObjectInputStream.java:2496)
	at java.base/java.io.ObjectInputStream.readSerialData(ObjectInputStream.java:2390)
	at java.base/java.io.ObjectInputStream.readOrdinaryObject(ObjectInputStream.java:2228)
	at java.base/java.io.ObjectInputStream.readObject0(ObjectInputStream.java:1687)
	at java.base/java.io.ObjectInputStream.defaultReadFields(ObjectInputStream.java:2496)
	at java.base/java.io.ObjectInputStream.readSerialData(ObjectInputStream.java:2390)
	at java.base/java.io.ObjectInputStream.readOrdinaryObject(ObjectInputStream.java:2228)
	at java.base/java.io.ObjectInputStream.readObject0(ObjectInputStream.java:1687)
	at java.base/java.io.ObjectInputStream.skipCustomData(ObjectInputStream.java:2451)
	at java.base/java.io.ObjectInputStream.readSerialData(ObjectInputStream.java:2400)
	at java.base/java.io.ObjectInputStream.readOrdinaryObject(ObjectInputStream.java:2228)
	at java.base/java.io.ObjectInputStream.readObject0(ObjectInputStream.java:1687)
	at java.base/java.io.ObjectInputStream.defaultReadFields(ObjectInputStream.java:2496)
	at java.base/java.io.ObjectInputStream.readSerialData(ObjectInputStream.java:2390)
	at java.base/java.io.ObjectInputStream.readOrdinaryObject(ObjectInputStream.java:2228)
	at java.base/java.io.ObjectInputStream.readObject0(ObjectInputStream.java:1687)
	at java.base/java.io.ObjectInputStream.defaultReadFields(ObjectInputStream.java:2496)
	at java.base/java.io.ObjectInputStream.defaultReadObject(ObjectInputStream.java:625)
	at org.evosuite.testcase.DefaultTestCase.readObject(DefaultTestCase.java:1217)
	at jdk.internal.reflect.GeneratedMethodAccessor14.invoke(Unknown Source)
	at java.base/jdk.internal.reflect.DelegatingMethodAccessorImpl.invoke(DelegatingMethodAccessorImpl.java:43)
	at java.base/java.lang.reflect.Method.invoke(Method.java:566)
	at java.base/java.io.ObjectStreamClass.invokeReadObject(ObjectStreamClass.java:1046)
	at java.base/java.io.ObjectInputStream.readSerialData(ObjectInputStream.java:2357)
	at java.base/java.io.ObjectInputStream.readOrdinaryObject(ObjectInputStream.java:2228)
	at java.base/java.io.ObjectInputStream.readObject0(ObjectInputStream.java:1687)
	at java.base/java.io.ObjectInputStream.defaultReadFields(ObjectInputStream.java:2496)
	at java.base/java.io.ObjectInputStream.readSerialData(ObjectInputStream.java:2390)
	at java.base/java.io.ObjectInputStream.readOrdinaryObject(ObjectInputStream.java:2228)
	at java.base/java.io.ObjectInputStream.readObject0(ObjectInputStream.java:1687)
	at java.base/java.io.ObjectInputStream.skipCustomData(ObjectInputStream.java:2451)
	at java.base/java.io.ObjectInputStream.readSerialData(ObjectInputStream.java:2400)
	at java.base/java.io.ObjectInputStream.readOrdinaryObject(ObjectInputStream.java:2228)
	at java.base/java.io.ObjectInputStream.readObject0(ObjectInputStream.java:1687)
	at java.base/java.io.ObjectInputStream.defaultReadFields(ObjectInputStream.java:2496)
	at java.base/java.io.ObjectInputStream.readSerialData(ObjectInputStream.java:2390)
	at java.base/java.io.ObjectInputStream.readOrdinaryObject(ObjectInputStream.java:2228)
	at java.base/java.io.ObjectInputStream.readObject0(ObjectInputStream.java:1687)
	at java.base/java.io.ObjectInputStream.readObject(ObjectInputStream.java:489)
	at java.base/java.io.ObjectInputStream.readObject(ObjectInputStream.java:447)
	at java.rmi/sun.rmi.server.UnicastRef.unmarshalValue(UnicastRef.java:327)
	at java.rmi/sun.rmi.server.UnicastServerRef.dispatch(UnicastServerRef.java:339)
	at java.rmi/sun.rmi.transport.Transport$1.run(Transport.java:200)
	at java.rmi/sun.rmi.transport.Transport$1.run(Transport.java:197)
	at java.base/java.security.AccessController.doPrivileged(Native Method)
	at java.rmi/sun.rmi.transport.Transport.serviceCall(Transport.java:196)
	at java.rmi/sun.rmi.transport.tcp.TCPTransport.handleMessages(TCPTransport.java:562)
	at java.rmi/sun.rmi.transport.tcp.TCPTransport$ConnectionHandler.run0(TCPTransport.java:796)
	at java.rmi/sun.rmi.transport.tcp.TCPTransport$ConnectionHandler.lambda$run$0(TCPTransport.java:677)
	at java.base/java.security.AccessController.doPrivileged(Native Method)
	at java.rmi/sun.rmi.transport.tcp.TCPTransport$ConnectionHandler.run(TCPTransport.java:676)
	at java.base/java.util.concurrent.ThreadPoolExecutor.runWorker(ThreadPoolExecutor.java:1128)
	at java.base/java.util.concurrent.ThreadPoolExecutor$Worker.run(ThreadPoolExecutor.java:628)
	... 1 common frames omitted
[MASTER] 15:57:27.431 [logback-1] WARN  ClientNodeImpl - Cannot send statistics to master; continuing without statistics
java.rmi.ServerError: Error occurred in server thread; nested exception is: 
	java.lang.NoClassDefFoundError: com/fasterxml/jackson/databind/AnnotationIntrospector
	at java.rmi/sun.rmi.server.UnicastServerRef.dispatch(UnicastServerRef.java:388)
	at java.rmi/sun.rmi.transport.Transport$1.run(Transport.java:200)
	at java.rmi/sun.rmi.transport.Transport$1.run(Transport.java:197)
	at java.base/java.security.AccessController.doPrivileged(Native Method)
	at java.rmi/sun.rmi.transport.Transport.serviceCall(Transport.java:196)
	at java.rmi/sun.rmi.transport.tcp.TCPTransport.handleMessages(TCPTransport.java:562)
	at java.rmi/sun.rmi.transport.tcp.TCPTransport$ConnectionHandler.run0(TCPTransport.java:796)
	at java.rmi/sun.rmi.transport.tcp.TCPTransport$ConnectionHandler.lambda$run$0(TCPTransport.java:677)
	at java.base/java.security.AccessController.doPrivileged(Native Method)
	at java.rmi/sun.rmi.transport.tcp.TCPTransport$ConnectionHandler.run(TCPTransport.java:676)
	at java.base/java.util.concurrent.ThreadPoolExecutor.runWorker(ThreadPoolExecutor.java:1128)
	at java.base/java.util.concurrent.ThreadPoolExecutor$Worker.run(ThreadPoolExecutor.java:628)
	at java.base/java.lang.Thread.run(Thread.java:829)
	at java.rmi/sun.rmi.transport.StreamRemoteCall.exceptionReceivedFromServer(StreamRemoteCall.java:303)
	at java.rmi/sun.rmi.transport.StreamRemoteCall.executeCall(StreamRemoteCall.java:279)
	at java.rmi/sun.rmi.server.UnicastRef.invoke(UnicastRef.java:164)
	at java.rmi/java.rmi.server.RemoteObjectInvocationHandler.invokeRemoteMethod(RemoteObjectInvocationHandler.java:217)
	at java.rmi/java.rmi.server.RemoteObjectInvocationHandler.invoke(RemoteObjectInvocationHandler.java:162)
	at com.sun.proxy.$Proxy7.evosuite_collectStatistics(Unknown Source)
	at org.evosuite.rmi.service.ClientNodeImpl.updateStatistics(ClientNodeImpl.java:251)
	at org.evosuite.statistics.StatisticsSender.sendIndividualToMaster(StatisticsSender.java:62)
	at org.evosuite.statistics.StatisticsListener.lambda$new$0(StatisticsListener.java:76)
	at java.base/java.lang.Thread.run(Thread.java:829)
Caused by: java.lang.NoClassDefFoundError: com/fasterxml/jackson/databind/AnnotationIntrospector
	at java.base/java.lang.Class.getDeclaringClass0(Native Method)
	at java.base/java.lang.Class.getEnclosingClass(Class.java:1517)
	at org.evosuite.utils.generic.GenericClassUtils.isMissingTypeParameters(GenericClassUtils.java:74)
	at org.evosuite.utils.generic.GenericClassImpl.addTypeParameters(GenericClassImpl.java:63)
	at org.evosuite.utils.generic.GenericClassImpl.readObject(GenericClassImpl.java:1685)
	at jdk.internal.reflect.GeneratedMethodAccessor9.invoke(Unknown Source)
	at java.base/jdk.internal.reflect.DelegatingMethodAccessorImpl.invoke(DelegatingMethodAccessorImpl.java:43)
	at java.base/java.lang.reflect.Method.invoke(Method.java:566)
	at java.base/java.io.ObjectStreamClass.invokeReadObject(ObjectStreamClass.java:1046)
	at java.base/java.io.ObjectInputStream.readSerialData(ObjectInputStream.java:2357)
	at java.base/java.io.ObjectInputStream.readOrdinaryObject(ObjectInputStream.java:2228)
	at java.base/java.io.ObjectInputStream.readObject0(ObjectInputStream.java:1687)
	at java.base/java.io.ObjectInputStream.defaultReadFields(ObjectInputStream.java:2496)
	at java.base/java.io.ObjectInputStream.readSerialData(ObjectInputStream.java:2390)
	at java.base/java.io.ObjectInputStream.readOrdinaryObject(ObjectInputStream.java:2228)
	at java.base/java.io.ObjectInputStream.readObject0(ObjectInputStream.java:1687)
	at java.base/java.io.ObjectInputStream.defaultReadFields(ObjectInputStream.java:2496)
	at java.base/java.io.ObjectInputStream.readSerialData(ObjectInputStream.java:2390)
	at java.base/java.io.ObjectInputStream.readOrdinaryObject(ObjectInputStream.java:2228)
	at java.base/java.io.ObjectInputStream.readObject0(ObjectInputStream.java:1687)
	at java.base/java.io.ObjectInputStream.skipCustomData(ObjectInputStream.java:2451)
	at java.base/java.io.ObjectInputStream.readSerialData(ObjectInputStream.java:2400)
	at java.base/java.io.ObjectInputStream.readOrdinaryObject(ObjectInputStream.java:2228)
	at java.base/java.io.ObjectInputStream.readObject0(ObjectInputStream.java:1687)
	at java.base/java.io.ObjectInputStream.defaultReadFields(ObjectInputStream.java:2496)
	at java.base/java.io.ObjectInputStream.readSerialData(ObjectInputStream.java:2390)
	at java.base/java.io.ObjectInputStream.readOrdinaryObject(ObjectInputStream.java:2228)
	at java.base/java.io.ObjectInputStream.readObject0(ObjectInputStream.java:1687)
	at java.base/java.io.ObjectInputStream.defaultReadFields(ObjectInputStream.java:2496)
	at java.base/java.io.ObjectInputStream.defaultReadObject(ObjectInputStream.java:625)
	at org.evosuite.testcase.DefaultTestCase.readObject(DefaultTestCase.java:1217)
	at jdk.internal.reflect.GeneratedMethodAccessor14.invoke(Unknown Source)
	at java.base/jdk.internal.reflect.DelegatingMethodAccessorImpl.invoke(DelegatingMethodAccessorImpl.java:43)
	at java.base/java.lang.reflect.Method.invoke(Method.java:566)
	at java.base/java.io.ObjectStreamClass.invokeReadObject(ObjectStreamClass.java:1046)
	at java.base/java.io.ObjectInputStream.readSerialData(ObjectInputStream.java:2357)
	at java.base/java.io.ObjectInputStream.readOrdinaryObject(ObjectInputStream.java:2228)
	at java.base/java.io.ObjectInputStream.readObject0(ObjectInputStream.java:1687)
	at java.base/java.io.ObjectInputStream.defaultReadFields(ObjectInputStream.java:2496)
	at java.base/java.io.ObjectInputStream.readSerialData(ObjectInputStream.java:2390)
	at java.base/java.io.ObjectInputStream.readOrdinaryObject(ObjectInputStream.java:2228)
	at java.base/java.io.ObjectInputStream.readObject0(ObjectInputStream.java:1687)
	at java.base/java.io.ObjectInputStream.skipCustomData(ObjectInputStream.java:2451)
	at java.base/java.io.ObjectInputStream.readSerialData(ObjectInputStream.java:2400)
	at java.base/java.io.ObjectInputStream.readOrdinaryObject(ObjectInputStream.java:2228)
	at java.base/java.io.ObjectInputStream.readObject0(ObjectInputStream.java:1687)
	at java.base/java.io.ObjectInputStream.defaultReadFields(ObjectInputStream.java:2496)
	at java.base/java.io.ObjectInputStream.readSerialData(ObjectInputStream.java:2390)
	at java.base/java.io.ObjectInputStream.readOrdinaryObject(ObjectInputStream.java:2228)
	at java.base/java.io.ObjectInputStream.readObject0(ObjectInputStream.java:1687)
	at java.base/java.io.ObjectInputStream.readObject(ObjectInputStream.java:489)
	at java.base/java.io.ObjectInputStream.readObject(ObjectInputStream.java:447)
	at java.rmi/sun.rmi.server.UnicastRef.unmarshalValue(UnicastRef.java:327)
	at java.rmi/sun.rmi.server.UnicastServerRef.dispatch(UnicastServerRef.java:339)
	at java.rmi/sun.rmi.transport.Transport$1.run(Transport.java:200)
	at java.rmi/sun.rmi.transport.Transport$1.run(Transport.java:197)
	at java.base/java.security.AccessController.doPrivileged(Native Method)
	at java.rmi/sun.rmi.transport.Transport.serviceCall(Transport.java:196)
	at java.rmi/sun.rmi.transport.tcp.TCPTransport.handleMessages(TCPTransport.java:562)
	at java.rmi/sun.rmi.transport.tcp.TCPTransport$ConnectionHandler.run0(TCPTransport.java:796)
	at java.rmi/sun.rmi.transport.tcp.TCPTransport$ConnectionHandler.lambda$run$0(TCPTransport.java:677)
	at java.base/java.security.AccessController.doPrivileged(Native Method)
	at java.rmi/sun.rmi.transport.tcp.TCPTransport$ConnectionHandler.run(TCPTransport.java:676)
	at java.base/java.util.concurrent.ThreadPoolExecutor.runWorker(ThreadPoolExecutor.java:1128)
	at java.base/java.util.concurrent.ThreadPoolExecutor$Worker.run(ThreadPoolExecutor.java:628)
	... 1 common frames omitted
[Progress:======>                       21%] [Cov:=======>                           20%][MASTER] 15:57:27.670 [logback-1] WARN  ClientNodeImpl - Cannot send statistics to master; continuing without statistics
java.rmi.ServerError: Error occurred in server thread; nested exception is: 
	java.lang.NoClassDefFoundError: com/fasterxml/jackson/databind/AnnotationIntrospector
	at java.rmi/sun.rmi.server.UnicastServerRef.dispatch(UnicastServerRef.java:388)
	at java.rmi/sun.rmi.transport.Transport$1.run(Transport.java:200)
	at java.rmi/sun.rmi.transport.Transport$1.run(Transport.java:197)
	at java.base/java.security.AccessController.doPrivileged(Native Method)
	at java.rmi/sun.rmi.transport.Transport.serviceCall(Transport.java:196)
	at java.rmi/sun.rmi.transport.tcp.TCPTransport.handleMessages(TCPTransport.java:562)
	at java.rmi/sun.rmi.transport.tcp.TCPTransport$ConnectionHandler.run0(TCPTransport.java:796)
	at java.rmi/sun.rmi.transport.tcp.TCPTransport$ConnectionHandler.lambda$run$0(TCPTransport.java:677)
	at java.base/java.security.AccessController.doPrivileged(Native Method)
	at java.rmi/sun.rmi.transport.tcp.TCPTransport$ConnectionHandler.run(TCPTransport.java:676)
	at java.base/java.util.concurrent.ThreadPoolExecutor.runWorker(ThreadPoolExecutor.java:1128)
	at java.base/java.util.concurrent.ThreadPoolExecutor$Worker.run(ThreadPoolExecutor.java:628)
	at java.base/java.lang.Thread.run(Thread.java:829)
	at java.rmi/sun.rmi.transport.StreamRemoteCall.exceptionReceivedFromServer(StreamRemoteCall.java:303)
	at java.rmi/sun.rmi.transport.StreamRemoteCall.executeCall(StreamRemoteCall.java:279)
	at java.rmi/sun.rmi.server.UnicastRef.invoke(UnicastRef.java:164)
	at java.rmi/java.rmi.server.RemoteObjectInvocationHandler.invokeRemoteMethod(RemoteObjectInvocationHandler.java:217)
	at java.rmi/java.rmi.server.RemoteObjectInvocationHandler.invoke(RemoteObjectInvocationHandler.java:162)
	at com.sun.proxy.$Proxy7.evosuite_collectStatistics(Unknown Source)
	at org.evosuite.rmi.service.ClientNodeImpl.updateStatistics(ClientNodeImpl.java:251)
	at org.evosuite.statistics.StatisticsSender.sendIndividualToMaster(StatisticsSender.java:62)
	at org.evosuite.statistics.StatisticsListener.lambda$new$0(StatisticsListener.java:76)
	at java.base/java.lang.Thread.run(Thread.java:829)
Caused by: java.lang.NoClassDefFoundError: com/fasterxml/jackson/databind/AnnotationIntrospector
	at java.base/java.lang.Class.getDeclaringClass0(Native Method)
	at java.base/java.lang.Class.getEnclosingClass(Class.java:1517)
	at org.evosuite.utils.generic.GenericClassUtils.isMissingTypeParameters(GenericClassUtils.java:74)
	at org.evosuite.utils.generic.GenericClassImpl.addTypeParameters(GenericClassImpl.java:63)
	at org.evosuite.utils.generic.GenericClassImpl.readObject(GenericClassImpl.java:1685)
	at jdk.internal.reflect.GeneratedMethodAccessor9.invoke(Unknown Source)
	at java.base/jdk.internal.reflect.DelegatingMethodAccessorImpl.invoke(DelegatingMethodAccessorImpl.java:43)
	at java.base/java.lang.reflect.Method.invoke(Method.java:566)
	at java.base/java.io.ObjectStreamClass.invokeReadObject(ObjectStreamClass.java:1046)
	at java.base/java.io.ObjectInputStream.readSerialData(ObjectInputStream.java:2357)
	at java.base/java.io.ObjectInputStream.readOrdinaryObject(ObjectInputStream.java:2228)
	at java.base/java.io.ObjectInputStream.readObject0(ObjectInputStream.java:1687)
	at java.base/java.io.ObjectInputStream.defaultReadFields(ObjectInputStream.java:2496)
	at java.base/java.io.ObjectInputStream.readSerialData(ObjectInputStream.java:2390)
	at java.base/java.io.ObjectInputStream.readOrdinaryObject(ObjectInputStream.java:2228)
	at java.base/java.io.ObjectInputStream.readObject0(ObjectInputStream.java:1687)
	at java.base/java.io.ObjectInputStream.defaultReadFields(ObjectInputStream.java:2496)
	at java.base/java.io.ObjectInputStream.readSerialData(ObjectInputStream.java:2390)
	at java.base/java.io.ObjectInputStream.readOrdinaryObject(ObjectInputStream.java:2228)
	at java.base/java.io.ObjectInputStream.readObject0(ObjectInputStream.java:1687)
	at java.base/java.io.ObjectInputStream.skipCustomData(ObjectInputStream.java:2451)
	at java.base/java.io.ObjectInputStream.readSerialData(ObjectInputStream.java:2400)
	at java.base/java.io.ObjectInputStream.readOrdinaryObject(ObjectInputStream.java:2228)
	at java.base/java.io.ObjectInputStream.readObject0(ObjectInputStream.java:1687)
	at java.base/java.io.ObjectInputStream.defaultReadFields(ObjectInputStream.java:2496)
	at java.base/java.io.ObjectInputStream.readSerialData(ObjectInputStream.java:2390)
	at java.base/java.io.ObjectInputStream.readOrdinaryObject(ObjectInputStream.java:2228)
	at java.base/java.io.ObjectInputStream.readObject0(ObjectInputStream.java:1687)
	at java.base/java.io.ObjectInputStream.defaultReadFields(ObjectInputStream.java:2496)
	at java.base/java.io.ObjectInputStream.defaultReadObject(ObjectInputStream.java:625)
	at org.evosuite.testcase.DefaultTestCase.readObject(DefaultTestCase.java:1217)
	at jdk.internal.reflect.GeneratedMethodAccessor14.invoke(Unknown Source)
	at java.base/jdk.internal.reflect.DelegatingMethodAccessorImpl.invoke(DelegatingMethodAccessorImpl.java:43)
	at java.base/java.lang.reflect.Method.invoke(Method.java:566)
	at java.base/java.io.ObjectStreamClass.invokeReadObject(ObjectStreamClass.java:1046)
	at java.base/java.io.ObjectInputStream.readSerialData(ObjectInputStream.java:2357)
	at java.base/java.io.ObjectInputStream.readOrdinaryObject(ObjectInputStream.java:2228)
	at java.base/java.io.ObjectInputStream.readObject0(ObjectInputStream.java:1687)
	at java.base/java.io.ObjectInputStream.defaultReadFields(ObjectInputStream.java:2496)
	at java.base/java.io.ObjectInputStream.readSerialData(ObjectInputStream.java:2390)
	at java.base/java.io.ObjectInputStream.readOrdinaryObject(ObjectInputStream.java:2228)
	at java.base/java.io.ObjectInputStream.readObject0(ObjectInputStream.java:1687)
	at java.base/java.io.ObjectInputStream.skipCustomData(ObjectInputStream.java:2451)
	at java.base/java.io.ObjectInputStream.readSerialData(ObjectInputStream.java:2400)
	at java.base/java.io.ObjectInputStream.readOrdinaryObject(ObjectInputStream.java:2228)
	at java.base/java.io.ObjectInputStream.readObject0(ObjectInputStream.java:1687)
	at java.base/java.io.ObjectInputStream.defaultReadFields(ObjectInputStream.java:2496)
	at java.base/java.io.ObjectInputStream.readSerialData(ObjectInputStream.java:2390)
	at java.base/java.io.ObjectInputStream.readOrdinaryObject(ObjectInputStream.java:2228)
	at java.base/java.io.ObjectInputStream.readObject0(ObjectInputStream.java:1687)
	at java.base/java.io.ObjectInputStream.readObject(ObjectInputStream.java:489)
	at java.base/java.io.ObjectInputStream.readObject(ObjectInputStream.java:447)
	at java.rmi/sun.rmi.server.UnicastRef.unmarshalValue(UnicastRef.java:327)
	at java.rmi/sun.rmi.server.UnicastServerRef.dispatch(UnicastServerRef.java:339)
	at java.rmi/sun.rmi.transport.Transport$1.run(Transport.java:200)
	at java.rmi/sun.rmi.transport.Transport$1.run(Transport.java:197)
	at java.base/java.security.AccessController.doPrivileged(Native Method)
	at java.rmi/sun.rmi.transport.Transport.serviceCall(Transport.java:196)
	at java.rmi/sun.rmi.transport.tcp.TCPTransport.handleMessages(TCPTransport.java:562)
	at java.rmi/sun.rmi.transport.tcp.TCPTransport$ConnectionHandler.run0(TCPTransport.java:796)
	at java.rmi/sun.rmi.transport.tcp.TCPTransport$ConnectionHandler.lambda$run$0(TCPTransport.java:677)
	at java.base/java.security.AccessController.doPrivileged(Native Method)
	at java.rmi/sun.rmi.transport.tcp.TCPTransport$ConnectionHandler.run(TCPTransport.java:676)
	at java.base/java.util.concurrent.ThreadPoolExecutor.runWorker(ThreadPoolExecutor.java:1128)
	at java.base/java.util.concurrent.ThreadPoolExecutor$Worker.run(ThreadPoolExecutor.java:628)
	... 1 common frames omitted
[Progress:======>                       22%] [Cov:=======>                           20%][MASTER] 15:57:27.922 [logback-1] WARN  ClientNodeImpl - Cannot send statistics to master; continuing without statistics
java.rmi.ServerError: Error occurred in server thread; nested exception is: 
	java.lang.NoClassDefFoundError: com/fasterxml/jackson/databind/AnnotationIntrospector
	at java.rmi/sun.rmi.server.UnicastServerRef.dispatch(UnicastServerRef.java:388)
	at java.rmi/sun.rmi.transport.Transport$1.run(Transport.java:200)
	at java.rmi/sun.rmi.transport.Transport$1.run(Transport.java:197)
	at java.base/java.security.AccessController.doPrivileged(Native Method)
	at java.rmi/sun.rmi.transport.Transport.serviceCall(Transport.java:196)
	at java.rmi/sun.rmi.transport.tcp.TCPTransport.handleMessages(TCPTransport.java:562)
	at java.rmi/sun.rmi.transport.tcp.TCPTransport$ConnectionHandler.run0(TCPTransport.java:796)
	at java.rmi/sun.rmi.transport.tcp.TCPTransport$ConnectionHandler.lambda$run$0(TCPTransport.java:677)
	at java.base/java.security.AccessController.doPrivileged(Native Method)
	at java.rmi/sun.rmi.transport.tcp.TCPTransport$ConnectionHandler.run(TCPTransport.java:676)
	at java.base/java.util.concurrent.ThreadPoolExecutor.runWorker(ThreadPoolExecutor.java:1128)
	at java.base/java.util.concurrent.ThreadPoolExecutor$Worker.run(ThreadPoolExecutor.java:628)
	at java.base/java.lang.Thread.run(Thread.java:829)
	at java.rmi/sun.rmi.transport.StreamRemoteCall.exceptionReceivedFromServer(StreamRemoteCall.java:303)
	at java.rmi/sun.rmi.transport.StreamRemoteCall.executeCall(StreamRemoteCall.java:279)
	at java.rmi/sun.rmi.server.UnicastRef.invoke(UnicastRef.java:164)
	at java.rmi/java.rmi.server.RemoteObjectInvocationHandler.invokeRemoteMethod(RemoteObjectInvocationHandler.java:217)
	at java.rmi/java.rmi.server.RemoteObjectInvocationHandler.invoke(RemoteObjectInvocationHandler.java:162)
	at com.sun.proxy.$Proxy7.evosuite_collectStatistics(Unknown Source)
	at org.evosuite.rmi.service.ClientNodeImpl.updateStatistics(ClientNodeImpl.java:251)
	at org.evosuite.statistics.StatisticsSender.sendIndividualToMaster(StatisticsSender.java:62)
	at org.evosuite.statistics.StatisticsListener.lambda$new$0(StatisticsListener.java:76)
	at java.base/java.lang.Thread.run(Thread.java:829)
Caused by: java.lang.NoClassDefFoundError: com/fasterxml/jackson/databind/AnnotationIntrospector
	at java.base/java.lang.Class.getDeclaringClass0(Native Method)
	at java.base/java.lang.Class.getEnclosingClass(Class.java:1517)
	at org.evosuite.utils.generic.GenericClassUtils.isMissingTypeParameters(GenericClassUtils.java:74)
	at org.evosuite.utils.generic.GenericClassImpl.addTypeParameters(GenericClassImpl.java:63)
	at org.evosuite.utils.generic.GenericClassImpl.readObject(GenericClassImpl.java:1685)
	at jdk.internal.reflect.GeneratedMethodAccessor9.invoke(Unknown Source)
	at java.base/jdk.internal.reflect.DelegatingMethodAccessorImpl.invoke(DelegatingMethodAccessorImpl.java:43)
	at java.base/java.lang.reflect.Method.invoke(Method.java:566)
	at java.base/java.io.ObjectStreamClass.invokeReadObject(ObjectStreamClass.java:1046)
	at java.base/java.io.ObjectInputStream.readSerialData(ObjectInputStream.java:2357)
	at java.base/java.io.ObjectInputStream.readOrdinaryObject(ObjectInputStream.java:2228)
	at java.base/java.io.ObjectInputStream.readObject0(ObjectInputStream.java:1687)
	at java.base/java.io.ObjectInputStream.defaultReadFields(ObjectInputStream.java:2496)
	at java.base/java.io.ObjectInputStream.readSerialData(ObjectInputStream.java:2390)
	at java.base/java.io.ObjectInputStream.readOrdinaryObject(ObjectInputStream.java:2228)
	at java.base/java.io.ObjectInputStream.readObject0(ObjectInputStream.java:1687)
	at java.base/java.io.ObjectInputStream.defaultReadFields(ObjectInputStream.java:2496)
	at java.base/java.io.ObjectInputStream.readSerialData(ObjectInputStream.java:2390)
	at java.base/java.io.ObjectInputStream.readOrdinaryObject(ObjectInputStream.java:2228)
	at java.base/java.io.ObjectInputStream.readObject0(ObjectInputStream.java:1687)
	at java.base/java.io.ObjectInputStream.skipCustomData(ObjectInputStream.java:2451)
	at java.base/java.io.ObjectInputStream.readSerialData(ObjectInputStream.java:2400)
	at java.base/java.io.ObjectInputStream.readOrdinaryObject(ObjectInputStream.java:2228)
	at java.base/java.io.ObjectInputStream.readObject0(ObjectInputStream.java:1687)
	at java.base/java.io.ObjectInputStream.defaultReadFields(ObjectInputStream.java:2496)
	at java.base/java.io.ObjectInputStream.readSerialData(ObjectInputStream.java:2390)
	at java.base/java.io.ObjectInputStream.readOrdinaryObject(ObjectInputStream.java:2228)
	at java.base/java.io.ObjectInputStream.readObject0(ObjectInputStream.java:1687)
	at java.base/java.io.ObjectInputStream.defaultReadFields(ObjectInputStream.java:2496)
	at java.base/java.io.ObjectInputStream.defaultReadObject(ObjectInputStream.java:625)
	at org.evosuite.testcase.DefaultTestCase.readObject(DefaultTestCase.java:1217)
	at jdk.internal.reflect.GeneratedMethodAccessor14.invoke(Unknown Source)
	at java.base/jdk.internal.reflect.DelegatingMethodAccessorImpl.invoke(DelegatingMethodAccessorImpl.java:43)
	at java.base/java.lang.reflect.Method.invoke(Method.java:566)
	at java.base/java.io.ObjectStreamClass.invokeReadObject(ObjectStreamClass.java:1046)
	at java.base/java.io.ObjectInputStream.readSerialData(ObjectInputStream.java:2357)
	at java.base/java.io.ObjectInputStream.readOrdinaryObject(ObjectInputStream.java:2228)
	at java.base/java.io.ObjectInputStream.readObject0(ObjectInputStream.java:1687)
	at java.base/java.io.ObjectInputStream.defaultReadFields(ObjectInputStream.java:2496)
	at java.base/java.io.ObjectInputStream.readSerialData(ObjectInputStream.java:2390)
	at java.base/java.io.ObjectInputStream.readOrdinaryObject(ObjectInputStream.java:2228)
	at java.base/java.io.ObjectInputStream.readObject0(ObjectInputStream.java:1687)
	at java.base/java.io.ObjectInputStream.skipCustomData(ObjectInputStream.java:2451)
	at java.base/java.io.ObjectInputStream.readSerialData(ObjectInputStream.java:2400)
	at java.base/java.io.ObjectInputStream.readOrdinaryObject(ObjectInputStream.java:2228)
	at java.base/java.io.ObjectInputStream.readObject0(ObjectInputStream.java:1687)
	at java.base/java.io.ObjectInputStream.defaultReadFields(ObjectInputStream.java:2496)
	at java.base/java.io.ObjectInputStream.readSerialData(ObjectInputStream.java:2390)
	at java.base/java.io.ObjectInputStream.readOrdinaryObject(ObjectInputStream.java:2228)
	at java.base/java.io.ObjectInputStream.readObject0(ObjectInputStream.java:1687)
	at java.base/java.io.ObjectInputStream.readObject(ObjectInputStream.java:489)
	at java.base/java.io.ObjectInputStream.readObject(ObjectInputStream.java:447)
	at java.rmi/sun.rmi.server.UnicastRef.unmarshalValue(UnicastRef.java:327)
	at java.rmi/sun.rmi.server.UnicastServerRef.dispatch(UnicastServerRef.java:339)
	at java.rmi/sun.rmi.transport.Transport$1.run(Transport.java:200)
	at java.rmi/sun.rmi.transport.Transport$1.run(Transport.java:197)
	at java.base/java.security.AccessController.doPrivileged(Native Method)
	at java.rmi/sun.rmi.transport.Transport.serviceCall(Transport.java:196)
	at java.rmi/sun.rmi.transport.tcp.TCPTransport.handleMessages(TCPTransport.java:562)
	at java.rmi/sun.rmi.transport.tcp.TCPTransport$ConnectionHandler.run0(TCPTransport.java:796)
	at java.rmi/sun.rmi.transport.tcp.TCPTransport$ConnectionHandler.lambda$run$0(TCPTransport.java:677)
	at java.base/java.security.AccessController.doPrivileged(Native Method)
	at java.rmi/sun.rmi.transport.tcp.TCPTransport$ConnectionHandler.run(TCPTransport.java:676)
	at java.base/java.util.concurrent.ThreadPoolExecutor.runWorker(ThreadPoolExecutor.java:1128)
	at java.base/java.util.concurrent.ThreadPoolExecutor$Worker.run(ThreadPoolExecutor.java:628)
	... 1 common frames omitted
[Progress:======>                       22%] [Cov:=======>                           20%][Progress:======>                       23%] [Cov:=======>                           20%][MASTER] 15:57:28.915 [logback-1] WARN  ClientNodeImpl - Cannot send statistics to master; continuing without statistics
java.rmi.ServerError: Error occurred in server thread; nested exception is: 
	java.lang.NoClassDefFoundError: com/fasterxml/jackson/databind/AnnotationIntrospector
	at java.rmi/sun.rmi.server.UnicastServerRef.dispatch(UnicastServerRef.java:388)
	at java.rmi/sun.rmi.transport.Transport$1.run(Transport.java:200)
	at java.rmi/sun.rmi.transport.Transport$1.run(Transport.java:197)
	at java.base/java.security.AccessController.doPrivileged(Native Method)
	at java.rmi/sun.rmi.transport.Transport.serviceCall(Transport.java:196)
	at java.rmi/sun.rmi.transport.tcp.TCPTransport.handleMessages(TCPTransport.java:562)
	at java.rmi/sun.rmi.transport.tcp.TCPTransport$ConnectionHandler.run0(TCPTransport.java:796)
	at java.rmi/sun.rmi.transport.tcp.TCPTransport$ConnectionHandler.lambda$run$0(TCPTransport.java:677)
	at java.base/java.security.AccessController.doPrivileged(Native Method)
	at java.rmi/sun.rmi.transport.tcp.TCPTransport$ConnectionHandler.run(TCPTransport.java:676)
	at java.base/java.util.concurrent.ThreadPoolExecutor.runWorker(ThreadPoolExecutor.java:1128)
	at java.base/java.util.concurrent.ThreadPoolExecutor$Worker.run(ThreadPoolExecutor.java:628)
	at java.base/java.lang.Thread.run(Thread.java:829)
	at java.rmi/sun.rmi.transport.StreamRemoteCall.exceptionReceivedFromServer(StreamRemoteCall.java:303)
	at java.rmi/sun.rmi.transport.StreamRemoteCall.executeCall(StreamRemoteCall.java:279)
	at java.rmi/sun.rmi.server.UnicastRef.invoke(UnicastRef.java:164)
	at java.rmi/java.rmi.server.RemoteObjectInvocationHandler.invokeRemoteMethod(RemoteObjectInvocationHandler.java:217)
	at java.rmi/java.rmi.server.RemoteObjectInvocationHandler.invoke(RemoteObjectInvocationHandler.java:162)
	at com.sun.proxy.$Proxy7.evosuite_collectStatistics(Unknown Source)
	at org.evosuite.rmi.service.ClientNodeImpl.updateStatistics(ClientNodeImpl.java:251)
	at org.evosuite.statistics.StatisticsSender.sendIndividualToMaster(StatisticsSender.java:62)
	at org.evosuite.statistics.StatisticsListener.lambda$new$0(StatisticsListener.java:76)
	at java.base/java.lang.Thread.run(Thread.java:829)
Caused by: java.lang.NoClassDefFoundError: com/fasterxml/jackson/databind/AnnotationIntrospector
	at java.base/java.lang.Class.getDeclaringClass0(Native Method)
	at java.base/java.lang.Class.getEnclosingClass(Class.java:1517)
	at org.evosuite.utils.generic.GenericClassUtils.isMissingTypeParameters(GenericClassUtils.java:74)
	at org.evosuite.utils.generic.GenericClassImpl.addTypeParameters(GenericClassImpl.java:63)
	at org.evosuite.utils.generic.GenericClassImpl.readObject(GenericClassImpl.java:1685)
	at jdk.internal.reflect.GeneratedMethodAccessor9.invoke(Unknown Source)
	at java.base/jdk.internal.reflect.DelegatingMethodAccessorImpl.invoke(DelegatingMethodAccessorImpl.java:43)
	at java.base/java.lang.reflect.Method.invoke(Method.java:566)
	at java.base/java.io.ObjectStreamClass.invokeReadObject(ObjectStreamClass.java:1046)
	at java.base/java.io.ObjectInputStream.readSerialData(ObjectInputStream.java:2357)
	at java.base/java.io.ObjectInputStream.readOrdinaryObject(ObjectInputStream.java:2228)
	at java.base/java.io.ObjectInputStream.readObject0(ObjectInputStream.java:1687)
	at java.base/java.io.ObjectInputStream.defaultReadFields(ObjectInputStream.java:2496)
	at java.base/java.io.ObjectInputStream.readSerialData(ObjectInputStream.java:2390)
	at java.base/java.io.ObjectInputStream.readOrdinaryObject(ObjectInputStream.java:2228)
	at java.base/java.io.ObjectInputStream.readObject0(ObjectInputStream.java:1687)
	at java.base/java.io.ObjectInputStream.defaultReadFields(ObjectInputStream.java:2496)
	at java.base/java.io.ObjectInputStream.readSerialData(ObjectInputStream.java:2390)
	at java.base/java.io.ObjectInputStream.readOrdinaryObject(ObjectInputStream.java:2228)
	at java.base/java.io.ObjectInputStream.readObject0(ObjectInputStream.java:1687)
	at java.base/java.io.ObjectInputStream.skipCustomData(ObjectInputStream.java:2451)
	at java.base/java.io.ObjectInputStream.readSerialData(ObjectInputStream.java:2400)
	at java.base/java.io.ObjectInputStream.readOrdinaryObject(ObjectInputStream.java:2228)
	at java.base/java.io.ObjectInputStream.readObject0(ObjectInputStream.java:1687)
	at java.base/java.io.ObjectInputStream.defaultReadFields(ObjectInputStream.java:2496)
	at java.base/java.io.ObjectInputStream.readSerialData(ObjectInputStream.java:2390)
	at java.base/java.io.ObjectInputStream.readOrdinaryObject(ObjectInputStream.java:2228)
	at java.base/java.io.ObjectInputStream.readObject0(ObjectInputStream.java:1687)
	at java.base/java.io.ObjectInputStream.defaultReadFields(ObjectInputStream.java:2496)
	at java.base/java.io.ObjectInputStream.defaultReadObject(ObjectInputStream.java:625)
	at org.evosuite.testcase.DefaultTestCase.readObject(DefaultTestCase.java:1217)
	at jdk.internal.reflect.GeneratedMethodAccessor14.invoke(Unknown Source)
	at java.base/jdk.internal.reflect.DelegatingMethodAccessorImpl.invoke(DelegatingMethodAccessorImpl.java:43)
	at java.base/java.lang.reflect.Method.invoke(Method.java:566)
	at java.base/java.io.ObjectStreamClass.invokeReadObject(ObjectStreamClass.java:1046)
	at java.base/java.io.ObjectInputStream.readSerialData(ObjectInputStream.java:2357)
	at java.base/java.io.ObjectInputStream.readOrdinaryObject(ObjectInputStream.java:2228)
	at java.base/java.io.ObjectInputStream.readObject0(ObjectInputStream.java:1687)
	at java.base/java.io.ObjectInputStream.defaultReadFields(ObjectInputStream.java:2496)
	at java.base/java.io.ObjectInputStream.readSerialData(ObjectInputStream.java:2390)
	at java.base/java.io.ObjectInputStream.readOrdinaryObject(ObjectInputStream.java:2228)
	at java.base/java.io.ObjectInputStream.readObject0(ObjectInputStream.java:1687)
	at java.base/java.io.ObjectInputStream.skipCustomData(ObjectInputStream.java:2451)
	at java.base/java.io.ObjectInputStream.readSerialData(ObjectInputStream.java:2400)
	at java.base/java.io.ObjectInputStream.readOrdinaryObject(ObjectInputStream.java:2228)
	at java.base/java.io.ObjectInputStream.readObject0(ObjectInputStream.java:1687)
	at java.base/java.io.ObjectInputStream.defaultReadFields(ObjectInputStream.java:2496)
	at java.base/java.io.ObjectInputStream.readSerialData(ObjectInputStream.java:2390)
	at java.base/java.io.ObjectInputStream.readOrdinaryObject(ObjectInputStream.java:2228)
	at java.base/java.io.ObjectInputStream.readObject0(ObjectInputStream.java:1687)
	at java.base/java.io.ObjectInputStream.readObject(ObjectInputStream.java:489)
	at java.base/java.io.ObjectInputStream.readObject(ObjectInputStream.java:447)
	at java.rmi/sun.rmi.server.UnicastRef.unmarshalValue(UnicastRef.java:327)
	at java.rmi/sun.rmi.server.UnicastServerRef.dispatch(UnicastServerRef.java:339)
	at java.rmi/sun.rmi.transport.Transport$1.run(Transport.java:200)
	at java.rmi/sun.rmi.transport.Transport$1.run(Transport.java:197)
	at java.base/java.security.AccessController.doPrivileged(Native Method)
	at java.rmi/sun.rmi.transport.Transport.serviceCall(Transport.java:196)
	at java.rmi/sun.rmi.transport.tcp.TCPTransport.handleMessages(TCPTransport.java:562)
	at java.rmi/sun.rmi.transport.tcp.TCPTransport$ConnectionHandler.run0(TCPTransport.java:796)
	at java.rmi/sun.rmi.transport.tcp.TCPTransport$ConnectionHandler.lambda$run$0(TCPTransport.java:677)
	at java.base/java.security.AccessController.doPrivileged(Native Method)
	at java.rmi/sun.rmi.transport.tcp.TCPTransport$ConnectionHandler.run(TCPTransport.java:676)
	at java.base/java.util.concurrent.ThreadPoolExecutor.runWorker(ThreadPoolExecutor.java:1128)
	at java.base/java.util.concurrent.ThreadPoolExecutor$Worker.run(ThreadPoolExecutor.java:628)
	... 1 common frames omitted
[Progress:======>                       23%] [Cov:=======>                           20%][MASTER] 15:57:29.169 [logback-1] WARN  ClientNodeImpl - Cannot send statistics to master; continuing without statistics
java.rmi.ServerError: Error occurred in server thread; nested exception is: 
	java.lang.NoClassDefFoundError: com/fasterxml/jackson/databind/AnnotationIntrospector
	at java.rmi/sun.rmi.server.UnicastServerRef.dispatch(UnicastServerRef.java:388)
	at java.rmi/sun.rmi.transport.Transport$1.run(Transport.java:200)
	at java.rmi/sun.rmi.transport.Transport$1.run(Transport.java:197)
	at java.base/java.security.AccessController.doPrivileged(Native Method)
	at java.rmi/sun.rmi.transport.Transport.serviceCall(Transport.java:196)
	at java.rmi/sun.rmi.transport.tcp.TCPTransport.handleMessages(TCPTransport.java:562)
	at java.rmi/sun.rmi.transport.tcp.TCPTransport$ConnectionHandler.run0(TCPTransport.java:796)
	at java.rmi/sun.rmi.transport.tcp.TCPTransport$ConnectionHandler.lambda$run$0(TCPTransport.java:677)
	at java.base/java.security.AccessController.doPrivileged(Native Method)
	at java.rmi/sun.rmi.transport.tcp.TCPTransport$ConnectionHandler.run(TCPTransport.java:676)
	at java.base/java.util.concurrent.ThreadPoolExecutor.runWorker(ThreadPoolExecutor.java:1128)
	at java.base/java.util.concurrent.ThreadPoolExecutor$Worker.run(ThreadPoolExecutor.java:628)
	at java.base/java.lang.Thread.run(Thread.java:829)
	at java.rmi/sun.rmi.transport.StreamRemoteCall.exceptionReceivedFromServer(StreamRemoteCall.java:303)
	at java.rmi/sun.rmi.transport.StreamRemoteCall.executeCall(StreamRemoteCall.java:279)
	at java.rmi/sun.rmi.server.UnicastRef.invoke(UnicastRef.java:164)
	at java.rmi/java.rmi.server.RemoteObjectInvocationHandler.invokeRemoteMethod(RemoteObjectInvocationHandler.java:217)
	at java.rmi/java.rmi.server.RemoteObjectInvocationHandler.invoke(RemoteObjectInvocationHandler.java:162)
	at com.sun.proxy.$Proxy7.evosuite_collectStatistics(Unknown Source)
	at org.evosuite.rmi.service.ClientNodeImpl.updateStatistics(ClientNodeImpl.java:251)
	at org.evosuite.statistics.StatisticsSender.sendIndividualToMaster(StatisticsSender.java:62)
	at org.evosuite.statistics.StatisticsListener.lambda$new$0(StatisticsListener.java:76)
	at java.base/java.lang.Thread.run(Thread.java:829)
Caused by: java.lang.NoClassDefFoundError: com/fasterxml/jackson/databind/AnnotationIntrospector
	at java.base/java.lang.Class.getDeclaringClass0(Native Method)
	at java.base/java.lang.Class.getEnclosingClass(Class.java:1517)
	at org.evosuite.utils.generic.GenericClassUtils.isMissingTypeParameters(GenericClassUtils.java:74)
	at org.evosuite.utils.generic.GenericClassImpl.addTypeParameters(GenericClassImpl.java:63)
	at org.evosuite.utils.generic.GenericClassImpl.readObject(GenericClassImpl.java:1685)
	at jdk.internal.reflect.GeneratedMethodAccessor9.invoke(Unknown Source)
	at java.base/jdk.internal.reflect.DelegatingMethodAccessorImpl.invoke(DelegatingMethodAccessorImpl.java:43)
	at java.base/java.lang.reflect.Method.invoke(Method.java:566)
	at java.base/java.io.ObjectStreamClass.invokeReadObject(ObjectStreamClass.java:1046)
	at java.base/java.io.ObjectInputStream.readSerialData(ObjectInputStream.java:2357)
	at java.base/java.io.ObjectInputStream.readOrdinaryObject(ObjectInputStream.java:2228)
	at java.base/java.io.ObjectInputStream.readObject0(ObjectInputStream.java:1687)
	at java.base/java.io.ObjectInputStream.defaultReadFields(ObjectInputStream.java:2496)
	at java.base/java.io.ObjectInputStream.readSerialData(ObjectInputStream.java:2390)
	at java.base/java.io.ObjectInputStream.readOrdinaryObject(ObjectInputStream.java:2228)
	at java.base/java.io.ObjectInputStream.readObject0(ObjectInputStream.java:1687)
	at java.base/java.io.ObjectInputStream.defaultReadFields(ObjectInputStream.java:2496)
	at java.base/java.io.ObjectInputStream.readSerialData(ObjectInputStream.java:2390)
	at java.base/java.io.ObjectInputStream.readOrdinaryObject(ObjectInputStream.java:2228)
	at java.base/java.io.ObjectInputStream.readObject0(ObjectInputStream.java:1687)
	at java.base/java.io.ObjectInputStream.skipCustomData(ObjectInputStream.java:2451)
	at java.base/java.io.ObjectInputStream.readSerialData(ObjectInputStream.java:2400)
	at java.base/java.io.ObjectInputStream.readOrdinaryObject(ObjectInputStream.java:2228)
	at java.base/java.io.ObjectInputStream.readObject0(ObjectInputStream.java:1687)
	at java.base/java.io.ObjectInputStream.defaultReadFields(ObjectInputStream.java:2496)
	at java.base/java.io.ObjectInputStream.readSerialData(ObjectInputStream.java:2390)
	at java.base/java.io.ObjectInputStream.readOrdinaryObject(ObjectInputStream.java:2228)
	at java.base/java.io.ObjectInputStream.readObject0(ObjectInputStream.java:1687)
	at java.base/java.io.ObjectInputStream.defaultReadFields(ObjectInputStream.java:2496)
	at java.base/java.io.ObjectInputStream.defaultReadObject(ObjectInputStream.java:625)
	at org.evosuite.testcase.DefaultTestCase.readObject(DefaultTestCase.java:1217)
	at jdk.internal.reflect.GeneratedMethodAccessor14.invoke(Unknown Source)
	at java.base/jdk.internal.reflect.DelegatingMethodAccessorImpl.invoke(DelegatingMethodAccessorImpl.java:43)
	at java.base/java.lang.reflect.Method.invoke(Method.java:566)
	at java.base/java.io.ObjectStreamClass.invokeReadObject(ObjectStreamClass.java:1046)
	at java.base/java.io.ObjectInputStream.readSerialData(ObjectInputStream.java:2357)
	at java.base/java.io.ObjectInputStream.readOrdinaryObject(ObjectInputStream.java:2228)
	at java.base/java.io.ObjectInputStream.readObject0(ObjectInputStream.java:1687)
	at java.base/java.io.ObjectInputStream.defaultReadFields(ObjectInputStream.java:2496)
	at java.base/java.io.ObjectInputStream.readSerialData(ObjectInputStream.java:2390)
	at java.base/java.io.ObjectInputStream.readOrdinaryObject(ObjectInputStream.java:2228)
	at java.base/java.io.ObjectInputStream.readObject0(ObjectInputStream.java:1687)
	at java.base/java.io.ObjectInputStream.skipCustomData(ObjectInputStream.java:2451)
	at java.base/java.io.ObjectInputStream.readSerialData(ObjectInputStream.java:2400)
	at java.base/java.io.ObjectInputStream.readOrdinaryObject(ObjectInputStream.java:2228)
	at java.base/java.io.ObjectInputStream.readObject0(ObjectInputStream.java:1687)
	at java.base/java.io.ObjectInputStream.defaultReadFields(ObjectInputStream.java:2496)
	at java.base/java.io.ObjectInputStream.readSerialData(ObjectInputStream.java:2390)
	at java.base/java.io.ObjectInputStream.readOrdinaryObject(ObjectInputStream.java:2228)
	at java.base/java.io.ObjectInputStream.readObject0(ObjectInputStream.java:1687)
	at java.base/java.io.ObjectInputStream.readObject(ObjectInputStream.java:489)
	at java.base/java.io.ObjectInputStream.readObject(ObjectInputStream.java:447)
	at java.rmi/sun.rmi.server.UnicastRef.unmarshalValue(UnicastRef.java:327)
	at java.rmi/sun.rmi.server.UnicastServerRef.dispatch(UnicastServerRef.java:339)
	at java.rmi/sun.rmi.transport.Transport$1.run(Transport.java:200)
	at java.rmi/sun.rmi.transport.Transport$1.run(Transport.java:197)
	at java.base/java.security.AccessController.doPrivileged(Native Method)
	at java.rmi/sun.rmi.transport.Transport.serviceCall(Transport.java:196)
	at java.rmi/sun.rmi.transport.tcp.TCPTransport.handleMessages(TCPTransport.java:562)
	at java.rmi/sun.rmi.transport.tcp.TCPTransport$ConnectionHandler.run0(TCPTransport.java:796)
	at java.rmi/sun.rmi.transport.tcp.TCPTransport$ConnectionHandler.lambda$run$0(TCPTransport.java:677)
	at java.base/java.security.AccessController.doPrivileged(Native Method)
	at java.rmi/sun.rmi.transport.tcp.TCPTransport$ConnectionHandler.run(TCPTransport.java:676)
	at java.base/java.util.concurrent.ThreadPoolExecutor.runWorker(ThreadPoolExecutor.java:1128)
	at java.base/java.util.concurrent.ThreadPoolExecutor$Worker.run(ThreadPoolExecutor.java:628)
	... 1 common frames omitted
[MASTER] 15:57:29.438 [logback-1] WARN  ClientNodeImpl - Cannot send statistics to master; continuing without statistics
java.rmi.ServerError: Error occurred in server thread; nested exception is: 
	java.lang.NoClassDefFoundError: com/fasterxml/jackson/databind/AnnotationIntrospector
	at java.rmi/sun.rmi.server.UnicastServerRef.dispatch(UnicastServerRef.java:388)
	at java.rmi/sun.rmi.transport.Transport$1.run(Transport.java:200)
	at java.rmi/sun.rmi.transport.Transport$1.run(Transport.java:197)
	at java.base/java.security.AccessController.doPrivileged(Native Method)
	at java.rmi/sun.rmi.transport.Transport.serviceCall(Transport.java:196)
	at java.rmi/sun.rmi.transport.tcp.TCPTransport.handleMessages(TCPTransport.java:562)
	at java.rmi/sun.rmi.transport.tcp.TCPTransport$ConnectionHandler.run0(TCPTransport.java:796)
	at java.rmi/sun.rmi.transport.tcp.TCPTransport$ConnectionHandler.lambda$run$0(TCPTransport.java:677)
	at java.base/java.security.AccessController.doPrivileged(Native Method)
	at java.rmi/sun.rmi.transport.tcp.TCPTransport$ConnectionHandler.run(TCPTransport.java:676)
	at java.base/java.util.concurrent.ThreadPoolExecutor.runWorker(ThreadPoolExecutor.java:1128)
	at java.base/java.util.concurrent.ThreadPoolExecutor$Worker.run(ThreadPoolExecutor.java:628)
	at java.base/java.lang.Thread.run(Thread.java:829)
	at java.rmi/sun.rmi.transport.StreamRemoteCall.exceptionReceivedFromServer(StreamRemoteCall.java:303)
	at java.rmi/sun.rmi.transport.StreamRemoteCall.executeCall(StreamRemoteCall.java:279)
	at java.rmi/sun.rmi.server.UnicastRef.invoke(UnicastRef.java:164)
	at java.rmi/java.rmi.server.RemoteObjectInvocationHandler.invokeRemoteMethod(RemoteObjectInvocationHandler.java:217)
	at java.rmi/java.rmi.server.RemoteObjectInvocationHandler.invoke(RemoteObjectInvocationHandler.java:162)
	at com.sun.proxy.$Proxy7.evosuite_collectStatistics(Unknown Source)
	at org.evosuite.rmi.service.ClientNodeImpl.updateStatistics(ClientNodeImpl.java:251)
	at org.evosuite.statistics.StatisticsSender.sendIndividualToMaster(StatisticsSender.java:62)
	at org.evosuite.statistics.StatisticsListener.lambda$new$0(StatisticsListener.java:76)
	at java.base/java.lang.Thread.run(Thread.java:829)
Caused by: java.lang.NoClassDefFoundError: com/fasterxml/jackson/databind/AnnotationIntrospector
	at java.base/java.lang.Class.getDeclaringClass0(Native Method)
	at java.base/java.lang.Class.getEnclosingClass(Class.java:1517)
	at org.evosuite.utils.generic.GenericClassUtils.isMissingTypeParameters(GenericClassUtils.java:74)
	at org.evosuite.utils.generic.GenericClassImpl.addTypeParameters(GenericClassImpl.java:63)
	at org.evosuite.utils.generic.GenericClassImpl.readObject(GenericClassImpl.java:1685)
	at jdk.internal.reflect.GeneratedMethodAccessor9.invoke(Unknown Source)
	at java.base/jdk.internal.reflect.DelegatingMethodAccessorImpl.invoke(DelegatingMethodAccessorImpl.java:43)
	at java.base/java.lang.reflect.Method.invoke(Method.java:566)
	at java.base/java.io.ObjectStreamClass.invokeReadObject(ObjectStreamClass.java:1046)
	at java.base/java.io.ObjectInputStream.readSerialData(ObjectInputStream.java:2357)
	at java.base/java.io.ObjectInputStream.readOrdinaryObject(ObjectInputStream.java:2228)
	at java.base/java.io.ObjectInputStream.readObject0(ObjectInputStream.java:1687)
	at java.base/java.io.ObjectInputStream.defaultReadFields(ObjectInputStream.java:2496)
	at java.base/java.io.ObjectInputStream.readSerialData(ObjectInputStream.java:2390)
	at java.base/java.io.ObjectInputStream.readOrdinaryObject(ObjectInputStream.java:2228)
	at java.base/java.io.ObjectInputStream.readObject0(ObjectInputStream.java:1687)
	at java.base/java.io.ObjectInputStream.defaultReadFields(ObjectInputStream.java:2496)
	at java.base/java.io.ObjectInputStream.readSerialData(ObjectInputStream.java:2390)
	at java.base/java.io.ObjectInputStream.readOrdinaryObject(ObjectInputStream.java:2228)
	at java.base/java.io.ObjectInputStream.readObject0(ObjectInputStream.java:1687)
	at java.base/java.io.ObjectInputStream.skipCustomData(ObjectInputStream.java:2451)
	at java.base/java.io.ObjectInputStream.readSerialData(ObjectInputStream.java:2400)
	at java.base/java.io.ObjectInputStream.readOrdinaryObject(ObjectInputStream.java:2228)
	at java.base/java.io.ObjectInputStream.readObject0(ObjectInputStream.java:1687)
	at java.base/java.io.ObjectInputStream.defaultReadFields(ObjectInputStream.java:2496)
	at java.base/java.io.ObjectInputStream.readSerialData(ObjectInputStream.java:2390)
	at java.base/java.io.ObjectInputStream.readOrdinaryObject(ObjectInputStream.java:2228)
	at java.base/java.io.ObjectInputStream.readObject0(ObjectInputStream.java:1687)
	at java.base/java.io.ObjectInputStream.defaultReadFields(ObjectInputStream.java:2496)
	at java.base/java.io.ObjectInputStream.defaultReadObject(ObjectInputStream.java:625)
	at org.evosuite.testcase.DefaultTestCase.readObject(DefaultTestCase.java:1217)
	at jdk.internal.reflect.GeneratedMethodAccessor14.invoke(Unknown Source)
	at java.base/jdk.internal.reflect.DelegatingMethodAccessorImpl.invoke(DelegatingMethodAccessorImpl.java:43)
	at java.base/java.lang.reflect.Method.invoke(Method.java:566)
	at java.base/java.io.ObjectStreamClass.invokeReadObject(ObjectStreamClass.java:1046)
	at java.base/java.io.ObjectInputStream.readSerialData(ObjectInputStream.java:2357)
	at java.base/java.io.ObjectInputStream.readOrdinaryObject(ObjectInputStream.java:2228)
	at java.base/java.io.ObjectInputStream.readObject0(ObjectInputStream.java:1687)
	at java.base/java.io.ObjectInputStream.defaultReadFields(ObjectInputStream.java:2496)
	at java.base/java.io.ObjectInputStream.readSerialData(ObjectInputStream.java:2390)
	at java.base/java.io.ObjectInputStream.readOrdinaryObject(ObjectInputStream.java:2228)
	at java.base/java.io.ObjectInputStream.readObject0(ObjectInputStream.java:1687)
	at java.base/java.io.ObjectInputStream.skipCustomData(ObjectInputStream.java:2451)
	at java.base/java.io.ObjectInputStream.readSerialData(ObjectInputStream.java:2400)
	at java.base/java.io.ObjectInputStream.readOrdinaryObject(ObjectInputStream.java:2228)
	at java.base/java.io.ObjectInputStream.readObject0(ObjectInputStream.java:1687)
	at java.base/java.io.ObjectInputStream.defaultReadFields(ObjectInputStream.java:2496)
	at java.base/java.io.ObjectInputStream.readSerialData(ObjectInputStream.java:2390)
	at java.base/java.io.ObjectInputStream.readOrdinaryObject(ObjectInputStream.java:2228)
	at java.base/java.io.ObjectInputStream.readObject0(ObjectInputStream.java:1687)
	at java.base/java.io.ObjectInputStream.readObject(ObjectInputStream.java:489)
	at java.base/java.io.ObjectInputStream.readObject(ObjectInputStream.java:447)
	at java.rmi/sun.rmi.server.UnicastRef.unmarshalValue(UnicastRef.java:327)
	at java.rmi/sun.rmi.server.UnicastServerRef.dispatch(UnicastServerRef.java:339)
	at java.rmi/sun.rmi.transport.Transport$1.run(Transport.java:200)
	at java.rmi/sun.rmi.transport.Transport$1.run(Transport.java:197)
	at java.base/java.security.AccessController.doPrivileged(Native Method)
	at java.rmi/sun.rmi.transport.Transport.serviceCall(Transport.java:196)
	at java.rmi/sun.rmi.transport.tcp.TCPTransport.handleMessages(TCPTransport.java:562)
	at java.rmi/sun.rmi.transport.tcp.TCPTransport$ConnectionHandler.run0(TCPTransport.java:796)
	at java.rmi/sun.rmi.transport.tcp.TCPTransport$ConnectionHandler.lambda$run$0(TCPTransport.java:677)
	at java.base/java.security.AccessController.doPrivileged(Native Method)
	at java.rmi/sun.rmi.transport.tcp.TCPTransport$ConnectionHandler.run(TCPTransport.java:676)
	at java.base/java.util.concurrent.ThreadPoolExecutor.runWorker(ThreadPoolExecutor.java:1128)
	at java.base/java.util.concurrent.ThreadPoolExecutor$Worker.run(ThreadPoolExecutor.java:628)
	... 1 common frames omitted
[Progress:======>                       23%] [Cov:=======>                           20%][Progress:=======>                      24%] [Cov:=======>                           20%][Progress:=======>                      24%] [Cov:=======>                           20%][Progress:=======>                      25%] [Cov:=======>                           20%][Progress:=======>                      25%] [Cov:=======>                           20%][MASTER] 15:57:31.633 [logback-1] WARN  ClientNodeImpl - Cannot send statistics to master; continuing without statistics
java.rmi.ServerError: Error occurred in server thread; nested exception is: 
	java.lang.NoClassDefFoundError: com/fasterxml/jackson/databind/AnnotationIntrospector
	at java.rmi/sun.rmi.server.UnicastServerRef.dispatch(UnicastServerRef.java:388)
	at java.rmi/sun.rmi.transport.Transport$1.run(Transport.java:200)
	at java.rmi/sun.rmi.transport.Transport$1.run(Transport.java:197)
	at java.base/java.security.AccessController.doPrivileged(Native Method)
	at java.rmi/sun.rmi.transport.Transport.serviceCall(Transport.java:196)
	at java.rmi/sun.rmi.transport.tcp.TCPTransport.handleMessages(TCPTransport.java:562)
	at java.rmi/sun.rmi.transport.tcp.TCPTransport$ConnectionHandler.run0(TCPTransport.java:796)
	at java.rmi/sun.rmi.transport.tcp.TCPTransport$ConnectionHandler.lambda$run$0(TCPTransport.java:677)
	at java.base/java.security.AccessController.doPrivileged(Native Method)
	at java.rmi/sun.rmi.transport.tcp.TCPTransport$ConnectionHandler.run(TCPTransport.java:676)
	at java.base/java.util.concurrent.ThreadPoolExecutor.runWorker(ThreadPoolExecutor.java:1128)
	at java.base/java.util.concurrent.ThreadPoolExecutor$Worker.run(ThreadPoolExecutor.java:628)
	at java.base/java.lang.Thread.run(Thread.java:829)
	at java.rmi/sun.rmi.transport.StreamRemoteCall.exceptionReceivedFromServer(StreamRemoteCall.java:303)
	at java.rmi/sun.rmi.transport.StreamRemoteCall.executeCall(StreamRemoteCall.java:279)
	at java.rmi/sun.rmi.server.UnicastRef.invoke(UnicastRef.java:164)
	at java.rmi/java.rmi.server.RemoteObjectInvocationHandler.invokeRemoteMethod(RemoteObjectInvocationHandler.java:217)
	at java.rmi/java.rmi.server.RemoteObjectInvocationHandler.invoke(RemoteObjectInvocationHandler.java:162)
	at com.sun.proxy.$Proxy7.evosuite_collectStatistics(Unknown Source)
	at org.evosuite.rmi.service.ClientNodeImpl.updateStatistics(ClientNodeImpl.java:251)
	at org.evosuite.statistics.StatisticsSender.sendIndividualToMaster(StatisticsSender.java:62)
	at org.evosuite.statistics.StatisticsListener.lambda$new$0(StatisticsListener.java:76)
	at java.base/java.lang.Thread.run(Thread.java:829)
Caused by: java.lang.NoClassDefFoundError: com/fasterxml/jackson/databind/AnnotationIntrospector
	at java.base/java.lang.Class.getDeclaringClass0(Native Method)
	at java.base/java.lang.Class.getEnclosingClass(Class.java:1517)
	at org.evosuite.utils.generic.GenericClassUtils.isMissingTypeParameters(GenericClassUtils.java:74)
	at org.evosuite.utils.generic.GenericClassImpl.addTypeParameters(GenericClassImpl.java:63)
	at org.evosuite.utils.generic.GenericClassImpl.readObject(GenericClassImpl.java:1685)
	at jdk.internal.reflect.GeneratedMethodAccessor9.invoke(Unknown Source)
	at java.base/jdk.internal.reflect.DelegatingMethodAccessorImpl.invoke(DelegatingMethodAccessorImpl.java:43)
	at java.base/java.lang.reflect.Method.invoke(Method.java:566)
	at java.base/java.io.ObjectStreamClass.invokeReadObject(ObjectStreamClass.java:1046)
	at java.base/java.io.ObjectInputStream.readSerialData(ObjectInputStream.java:2357)
	at java.base/java.io.ObjectInputStream.readOrdinaryObject(ObjectInputStream.java:2228)
	at java.base/java.io.ObjectInputStream.readObject0(ObjectInputStream.java:1687)
	at java.base/java.io.ObjectInputStream.defaultReadFields(ObjectInputStream.java:2496)
	at java.base/java.io.ObjectInputStream.readSerialData(ObjectInputStream.java:2390)
	at java.base/java.io.ObjectInputStream.readOrdinaryObject(ObjectInputStream.java:2228)
	at java.base/java.io.ObjectInputStream.readObject0(ObjectInputStream.java:1687)
	at java.base/java.io.ObjectInputStream.defaultReadFields(ObjectInputStream.java:2496)
	at java.base/java.io.ObjectInputStream.readSerialData(ObjectInputStream.java:2390)
	at java.base/java.io.ObjectInputStream.readOrdinaryObject(ObjectInputStream.java:2228)
	at java.base/java.io.ObjectInputStream.readObject0(ObjectInputStream.java:1687)
	at java.base/java.io.ObjectInputStream.skipCustomData(ObjectInputStream.java:2451)
	at java.base/java.io.ObjectInputStream.readSerialData(ObjectInputStream.java:2400)
	at java.base/java.io.ObjectInputStream.readOrdinaryObject(ObjectInputStream.java:2228)
	at java.base/java.io.ObjectInputStream.readObject0(ObjectInputStream.java:1687)
	at java.base/java.io.ObjectInputStream.defaultReadFields(ObjectInputStream.java:2496)
	at java.base/java.io.ObjectInputStream.readSerialData(ObjectInputStream.java:2390)
	at java.base/java.io.ObjectInputStream.readOrdinaryObject(ObjectInputStream.java:2228)
	at java.base/java.io.ObjectInputStream.readObject0(ObjectInputStream.java:1687)
	at java.base/java.io.ObjectInputStream.defaultReadFields(ObjectInputStream.java:2496)
	at java.base/java.io.ObjectInputStream.defaultReadObject(ObjectInputStream.java:625)
	at org.evosuite.testcase.DefaultTestCase.readObject(DefaultTestCase.java:1217)
	at jdk.internal.reflect.GeneratedMethodAccessor14.invoke(Unknown Source)
	at java.base/jdk.internal.reflect.DelegatingMethodAccessorImpl.invoke(DelegatingMethodAccessorImpl.java:43)
	at java.base/java.lang.reflect.Method.invoke(Method.java:566)
	at java.base/java.io.ObjectStreamClass.invokeReadObject(ObjectStreamClass.java:1046)
	at java.base/java.io.ObjectInputStream.readSerialData(ObjectInputStream.java:2357)
	at java.base/java.io.ObjectInputStream.readOrdinaryObject(ObjectInputStream.java:2228)
	at java.base/java.io.ObjectInputStream.readObject0(ObjectInputStream.java:1687)
	at java.base/java.io.ObjectInputStream.defaultReadFields(ObjectInputStream.java:2496)
	at java.base/java.io.ObjectInputStream.readSerialData(ObjectInputStream.java:2390)
	at java.base/java.io.ObjectInputStream.readOrdinaryObject(ObjectInputStream.java:2228)
	at java.base/java.io.ObjectInputStream.readObject0(ObjectInputStream.java:1687)
	at java.base/java.io.ObjectInputStream.skipCustomData(ObjectInputStream.java:2451)
	at java.base/java.io.ObjectInputStream.readSerialData(ObjectInputStream.java:2400)
	at java.base/java.io.ObjectInputStream.readOrdinaryObject(ObjectInputStream.java:2228)
	at java.base/java.io.ObjectInputStream.readObject0(ObjectInputStream.java:1687)
	at java.base/java.io.ObjectInputStream.defaultReadFields(ObjectInputStream.java:2496)
	at java.base/java.io.ObjectInputStream.readSerialData(ObjectInputStream.java:2390)
	at java.base/java.io.ObjectInputStream.readOrdinaryObject(ObjectInputStream.java:2228)
	at java.base/java.io.ObjectInputStream.readObject0(ObjectInputStream.java:1687)
	at java.base/java.io.ObjectInputStream.readObject(ObjectInputStream.java:489)
	at java.base/java.io.ObjectInputStream.readObject(ObjectInputStream.java:447)
	at java.rmi/sun.rmi.server.UnicastRef.unmarshalValue(UnicastRef.java:327)
	at java.rmi/sun.rmi.server.UnicastServerRef.dispatch(UnicastServerRef.java:339)
	at java.rmi/sun.rmi.transport.Transport$1.run(Transport.java:200)
	at java.rmi/sun.rmi.transport.Transport$1.run(Transport.java:197)
	at java.base/java.security.AccessController.doPrivileged(Native Method)
	at java.rmi/sun.rmi.transport.Transport.serviceCall(Transport.java:196)
	at java.rmi/sun.rmi.transport.tcp.TCPTransport.handleMessages(TCPTransport.java:562)
	at java.rmi/sun.rmi.transport.tcp.TCPTransport$ConnectionHandler.run0(TCPTransport.java:796)
	at java.rmi/sun.rmi.transport.tcp.TCPTransport$ConnectionHandler.lambda$run$0(TCPTransport.java:677)
	at java.base/java.security.AccessController.doPrivileged(Native Method)
	at java.rmi/sun.rmi.transport.tcp.TCPTransport$ConnectionHandler.run(TCPTransport.java:676)
	at java.base/java.util.concurrent.ThreadPoolExecutor.runWorker(ThreadPoolExecutor.java:1128)
	at java.base/java.util.concurrent.ThreadPoolExecutor$Worker.run(ThreadPoolExecutor.java:628)
	... 1 common frames omitted
[MASTER] 15:57:31.938 [logback-1] WARN  ClientNodeImpl - Cannot send statistics to master; continuing without statistics
java.rmi.ServerError: Error occurred in server thread; nested exception is: 
	java.lang.NoClassDefFoundError: com/fasterxml/jackson/databind/AnnotationIntrospector
	at java.rmi/sun.rmi.server.UnicastServerRef.dispatch(UnicastServerRef.java:388)
	at java.rmi/sun.rmi.transport.Transport$1.run(Transport.java:200)
	at java.rmi/sun.rmi.transport.Transport$1.run(Transport.java:197)
	at java.base/java.security.AccessController.doPrivileged(Native Method)
	at java.rmi/sun.rmi.transport.Transport.serviceCall(Transport.java:196)
	at java.rmi/sun.rmi.transport.tcp.TCPTransport.handleMessages(TCPTransport.java:562)
	at java.rmi/sun.rmi.transport.tcp.TCPTransport$ConnectionHandler.run0(TCPTransport.java:796)
	at java.rmi/sun.rmi.transport.tcp.TCPTransport$ConnectionHandler.lambda$run$0(TCPTransport.java:677)
	at java.base/java.security.AccessController.doPrivileged(Native Method)
	at java.rmi/sun.rmi.transport.tcp.TCPTransport$ConnectionHandler.run(TCPTransport.java:676)
	at java.base/java.util.concurrent.ThreadPoolExecutor.runWorker(ThreadPoolExecutor.java:1128)
	at java.base/java.util.concurrent.ThreadPoolExecutor$Worker.run(ThreadPoolExecutor.java:628)
	at java.base/java.lang.Thread.run(Thread.java:829)
	at java.rmi/sun.rmi.transport.StreamRemoteCall.exceptionReceivedFromServer(StreamRemoteCall.java:303)
	at java.rmi/sun.rmi.transport.StreamRemoteCall.executeCall(StreamRemoteCall.java:279)
	at java.rmi/sun.rmi.server.UnicastRef.invoke(UnicastRef.java:164)
	at java.rmi/java.rmi.server.RemoteObjectInvocationHandler.invokeRemoteMethod(RemoteObjectInvocationHandler.java:217)
	at java.rmi/java.rmi.server.RemoteObjectInvocationHandler.invoke(RemoteObjectInvocationHandler.java:162)
	at com.sun.proxy.$Proxy7.evosuite_collectStatistics(Unknown Source)
	at org.evosuite.rmi.service.ClientNodeImpl.updateStatistics(ClientNodeImpl.java:251)
	at org.evosuite.statistics.StatisticsSender.sendIndividualToMaster(StatisticsSender.java:62)
	at org.evosuite.statistics.StatisticsListener.lambda$new$0(StatisticsListener.java:76)
	at java.base/java.lang.Thread.run(Thread.java:829)
Caused by: java.lang.NoClassDefFoundError: com/fasterxml/jackson/databind/AnnotationIntrospector
	at java.base/java.lang.Class.getDeclaringClass0(Native Method)
	at java.base/java.lang.Class.getEnclosingClass(Class.java:1517)
	at org.evosuite.utils.generic.GenericClassUtils.isMissingTypeParameters(GenericClassUtils.java:74)
	at org.evosuite.utils.generic.GenericClassImpl.addTypeParameters(GenericClassImpl.java:63)
	at org.evosuite.utils.generic.GenericClassImpl.readObject(GenericClassImpl.java:1685)
	at jdk.internal.reflect.GeneratedMethodAccessor9.invoke(Unknown Source)
	at java.base/jdk.internal.reflect.DelegatingMethodAccessorImpl.invoke(DelegatingMethodAccessorImpl.java:43)
	at java.base/java.lang.reflect.Method.invoke(Method.java:566)
	at java.base/java.io.ObjectStreamClass.invokeReadObject(ObjectStreamClass.java:1046)
	at java.base/java.io.ObjectInputStream.readSerialData(ObjectInputStream.java:2357)
	at java.base/java.io.ObjectInputStream.readOrdinaryObject(ObjectInputStream.java:2228)
	at java.base/java.io.ObjectInputStream.readObject0(ObjectInputStream.java:1687)
	at java.base/java.io.ObjectInputStream.defaultReadFields(ObjectInputStream.java:2496)
	at java.base/java.io.ObjectInputStream.readSerialData(ObjectInputStream.java:2390)
	at java.base/java.io.ObjectInputStream.readOrdinaryObject(ObjectInputStream.java:2228)
	at java.base/java.io.ObjectInputStream.readObject0(ObjectInputStream.java:1687)
	at java.base/java.io.ObjectInputStream.defaultReadFields(ObjectInputStream.java:2496)
	at java.base/java.io.ObjectInputStream.readSerialData(ObjectInputStream.java:2390)
	at java.base/java.io.ObjectInputStream.readOrdinaryObject(ObjectInputStream.java:2228)
	at java.base/java.io.ObjectInputStream.readObject0(ObjectInputStream.java:1687)
	at java.base/java.io.ObjectInputStream.skipCustomData(ObjectInputStream.java:2451)
	at java.base/java.io.ObjectInputStream.readSerialData(ObjectInputStream.java:2400)
	at java.base/java.io.ObjectInputStream.readOrdinaryObject(ObjectInputStream.java:2228)
	at java.base/java.io.ObjectInputStream.readObject0(ObjectInputStream.java:1687)
	at java.base/java.io.ObjectInputStream.defaultReadFields(ObjectInputStream.java:2496)
	at java.base/java.io.ObjectInputStream.readSerialData(ObjectInputStream.java:2390)
	at java.base/java.io.ObjectInputStream.readOrdinaryObject(ObjectInputStream.java:2228)
	at java.base/java.io.ObjectInputStream.readObject0(ObjectInputStream.java:1687)
	at java.base/java.io.ObjectInputStream.defaultReadFields(ObjectInputStream.java:2496)
	at java.base/java.io.ObjectInputStream.defaultReadObject(ObjectInputStream.java:625)
	at org.evosuite.testcase.DefaultTestCase.readObject(DefaultTestCase.java:1217)
	at jdk.internal.reflect.GeneratedMethodAccessor14.invoke(Unknown Source)
	at java.base/jdk.internal.reflect.DelegatingMethodAccessorImpl.invoke(DelegatingMethodAccessorImpl.java:43)
	at java.base/java.lang.reflect.Method.invoke(Method.java:566)
	at java.base/java.io.ObjectStreamClass.invokeReadObject(ObjectStreamClass.java:1046)
	at java.base/java.io.ObjectInputStream.readSerialData(ObjectInputStream.java:2357)
	at java.base/java.io.ObjectInputStream.readOrdinaryObject(ObjectInputStream.java:2228)
	at java.base/java.io.ObjectInputStream.readObject0(ObjectInputStream.java:1687)
	at java.base/java.io.ObjectInputStream.defaultReadFields(ObjectInputStream.java:2496)
	at java.base/java.io.ObjectInputStream.readSerialData(ObjectInputStream.java:2390)
	at java.base/java.io.ObjectInputStream.readOrdinaryObject(ObjectInputStream.java:2228)
	at java.base/java.io.ObjectInputStream.readObject0(ObjectInputStream.java:1687)
	at java.base/java.io.ObjectInputStream.skipCustomData(ObjectInputStream.java:2451)
	at java.base/java.io.ObjectInputStream.readSerialData(ObjectInputStream.java:2400)
	at java.base/java.io.ObjectInputStream.readOrdinaryObject(ObjectInputStream.java:2228)
	at java.base/java.io.ObjectInputStream.readObject0(ObjectInputStream.java:1687)
	at java.base/java.io.ObjectInputStream.defaultReadFields(ObjectInputStream.java:2496)
	at java.base/java.io.ObjectInputStream.readSerialData(ObjectInputStream.java:2390)
	at java.base/java.io.ObjectInputStream.readOrdinaryObject(ObjectInputStream.java:2228)
	at java.base/java.io.ObjectInputStream.readObject0(ObjectInputStream.java:1687)
	at java.base/java.io.ObjectInputStream.readObject(ObjectInputStream.java:489)
	at java.base/java.io.ObjectInputStream.readObject(ObjectInputStream.java:447)
	at java.rmi/sun.rmi.server.UnicastRef.unmarshalValue(UnicastRef.java:327)
	at java.rmi/sun.rmi.server.UnicastServerRef.dispatch(UnicastServerRef.java:339)
	at java.rmi/sun.rmi.transport.Transport$1.run(Transport.java:200)
	at java.rmi/sun.rmi.transport.Transport$1.run(Transport.java:197)
	at java.base/java.security.AccessController.doPrivileged(Native Method)
	at java.rmi/sun.rmi.transport.Transport.serviceCall(Transport.java:196)
	at java.rmi/sun.rmi.transport.tcp.TCPTransport.handleMessages(TCPTransport.java:562)
	at java.rmi/sun.rmi.transport.tcp.TCPTransport$ConnectionHandler.run0(TCPTransport.java:796)
	at java.rmi/sun.rmi.transport.tcp.TCPTransport$ConnectionHandler.lambda$run$0(TCPTransport.java:677)
	at java.base/java.security.AccessController.doPrivileged(Native Method)
	at java.rmi/sun.rmi.transport.tcp.TCPTransport$ConnectionHandler.run(TCPTransport.java:676)
	at java.base/java.util.concurrent.ThreadPoolExecutor.runWorker(ThreadPoolExecutor.java:1128)
	at java.base/java.util.concurrent.ThreadPoolExecutor$Worker.run(ThreadPoolExecutor.java:628)
	... 1 common frames omitted
[MASTER] 15:57:32.248 [logback-1] WARN  ClientNodeImpl - Cannot send statistics to master; continuing without statistics
java.rmi.ServerError: Error occurred in server thread; nested exception is: 
	java.lang.NoClassDefFoundError: com/fasterxml/jackson/databind/AnnotationIntrospector
	at java.rmi/sun.rmi.server.UnicastServerRef.dispatch(UnicastServerRef.java:388)
	at java.rmi/sun.rmi.transport.Transport$1.run(Transport.java:200)
	at java.rmi/sun.rmi.transport.Transport$1.run(Transport.java:197)
	at java.base/java.security.AccessController.doPrivileged(Native Method)
	at java.rmi/sun.rmi.transport.Transport.serviceCall(Transport.java:196)
	at java.rmi/sun.rmi.transport.tcp.TCPTransport.handleMessages(TCPTransport.java:562)
	at java.rmi/sun.rmi.transport.tcp.TCPTransport$ConnectionHandler.run0(TCPTransport.java:796)
	at java.rmi/sun.rmi.transport.tcp.TCPTransport$ConnectionHandler.lambda$run$0(TCPTransport.java:677)
	at java.base/java.security.AccessController.doPrivileged(Native Method)
	at java.rmi/sun.rmi.transport.tcp.TCPTransport$ConnectionHandler.run(TCPTransport.java:676)
	at java.base/java.util.concurrent.ThreadPoolExecutor.runWorker(ThreadPoolExecutor.java:1128)
	at java.base/java.util.concurrent.ThreadPoolExecutor$Worker.run(ThreadPoolExecutor.java:628)
	at java.base/java.lang.Thread.run(Thread.java:829)
	at java.rmi/sun.rmi.transport.StreamRemoteCall.exceptionReceivedFromServer(StreamRemoteCall.java:303)
	at java.rmi/sun.rmi.transport.StreamRemoteCall.executeCall(StreamRemoteCall.java:279)
	at java.rmi/sun.rmi.server.UnicastRef.invoke(UnicastRef.java:164)
	at java.rmi/java.rmi.server.RemoteObjectInvocationHandler.invokeRemoteMethod(RemoteObjectInvocationHandler.java:217)
	at java.rmi/java.rmi.server.RemoteObjectInvocationHandler.invoke(RemoteObjectInvocationHandler.java:162)
	at com.sun.proxy.$Proxy7.evosuite_collectStatistics(Unknown Source)
	at org.evosuite.rmi.service.ClientNodeImpl.updateStatistics(ClientNodeImpl.java:251)
	at org.evosuite.statistics.StatisticsSender.sendIndividualToMaster(StatisticsSender.java:62)
	at org.evosuite.statistics.StatisticsListener.lambda$new$0(StatisticsListener.java:76)
	at java.base/java.lang.Thread.run(Thread.java:829)
Caused by: java.lang.NoClassDefFoundError: com/fasterxml/jackson/databind/AnnotationIntrospector
	at java.base/java.lang.Class.getDeclaringClass0(Native Method)
	at java.base/java.lang.Class.getEnclosingClass(Class.java:1517)
	at org.evosuite.utils.generic.GenericClassUtils.isMissingTypeParameters(GenericClassUtils.java:74)
	at org.evosuite.utils.generic.GenericClassImpl.addTypeParameters(GenericClassImpl.java:63)
	at org.evosuite.utils.generic.GenericClassImpl.readObject(GenericClassImpl.java:1685)
	at jdk.internal.reflect.GeneratedMethodAccessor9.invoke(Unknown Source)
	at java.base/jdk.internal.reflect.DelegatingMethodAccessorImpl.invoke(DelegatingMethodAccessorImpl.java:43)
	at java.base/java.lang.reflect.Method.invoke(Method.java:566)
	at java.base/java.io.ObjectStreamClass.invokeReadObject(ObjectStreamClass.java:1046)
	at java.base/java.io.ObjectInputStream.readSerialData(ObjectInputStream.java:2357)
	at java.base/java.io.ObjectInputStream.readOrdinaryObject(ObjectInputStream.java:2228)
	at java.base/java.io.ObjectInputStream.readObject0(ObjectInputStream.java:1687)
	at java.base/java.io.ObjectInputStream.defaultReadFields(ObjectInputStream.java:2496)
	at java.base/java.io.ObjectInputStream.readSerialData(ObjectInputStream.java:2390)
	at java.base/java.io.ObjectInputStream.readOrdinaryObject(ObjectInputStream.java:2228)
	at java.base/java.io.ObjectInputStream.readObject0(ObjectInputStream.java:1687)
	at java.base/java.io.ObjectInputStream.defaultReadFields(ObjectInputStream.java:2496)
	at java.base/java.io.ObjectInputStream.readSerialData(ObjectInputStream.java:2390)
	at java.base/java.io.ObjectInputStream.readOrdinaryObject(ObjectInputStream.java:2228)
	at java.base/java.io.ObjectInputStream.readObject0(ObjectInputStream.java:1687)
	at java.base/java.io.ObjectInputStream.skipCustomData(ObjectInputStream.java:2451)
	at java.base/java.io.ObjectInputStream.readSerialData(ObjectInputStream.java:2400)
	at java.base/java.io.ObjectInputStream.readOrdinaryObject(ObjectInputStream.java:2228)
	at java.base/java.io.ObjectInputStream.readObject0(ObjectInputStream.java:1687)
	at java.base/java.io.ObjectInputStream.defaultReadFields(ObjectInputStream.java:2496)
	at java.base/java.io.ObjectInputStream.readSerialData(ObjectInputStream.java:2390)
	at java.base/java.io.ObjectInputStream.readOrdinaryObject(ObjectInputStream.java:2228)
	at java.base/java.io.ObjectInputStream.readObject0(ObjectInputStream.java:1687)
	at java.base/java.io.ObjectInputStream.defaultReadFields(ObjectInputStream.java:2496)
	at java.base/java.io.ObjectInputStream.defaultReadObject(ObjectInputStream.java:625)
	at org.evosuite.testcase.DefaultTestCase.readObject(DefaultTestCase.java:1217)
	at jdk.internal.reflect.GeneratedMethodAccessor14.invoke(Unknown Source)
	at java.base/jdk.internal.reflect.DelegatingMethodAccessorImpl.invoke(DelegatingMethodAccessorImpl.java:43)
	at java.base/java.lang.reflect.Method.invoke(Method.java:566)
	at java.base/java.io.ObjectStreamClass.invokeReadObject(ObjectStreamClass.java:1046)
	at java.base/java.io.ObjectInputStream.readSerialData(ObjectInputStream.java:2357)
	at java.base/java.io.ObjectInputStream.readOrdinaryObject(ObjectInputStream.java:2228)
	at java.base/java.io.ObjectInputStream.readObject0(ObjectInputStream.java:1687)
	at java.base/java.io.ObjectInputStream.defaultReadFields(ObjectInputStream.java:2496)
	at java.base/java.io.ObjectInputStream.readSerialData(ObjectInputStream.java:2390)
	at java.base/java.io.ObjectInputStream.readOrdinaryObject(ObjectInputStream.java:2228)
	at java.base/java.io.ObjectInputStream.readObject0(ObjectInputStream.java:1687)
	at java.base/java.io.ObjectInputStream.skipCustomData(ObjectInputStream.java:2451)
	at java.base/java.io.ObjectInputStream.readSerialData(ObjectInputStream.java:2400)
	at java.base/java.io.ObjectInputStream.readOrdinaryObject(ObjectInputStream.java:2228)
	at java.base/java.io.ObjectInputStream.readObject0(ObjectInputStream.java:1687)
	at java.base/java.io.ObjectInputStream.defaultReadFields(ObjectInputStream.java:2496)
	at java.base/java.io.ObjectInputStream.readSerialData(ObjectInputStream.java:2390)
	at java.base/java.io.ObjectInputStream.readOrdinaryObject(ObjectInputStream.java:2228)
	at java.base/java.io.ObjectInputStream.readObject0(ObjectInputStream.java:1687)
	at java.base/java.io.ObjectInputStream.readObject(ObjectInputStream.java:489)
	at java.base/java.io.ObjectInputStream.readObject(ObjectInputStream.java:447)
	at java.rmi/sun.rmi.server.UnicastRef.unmarshalValue(UnicastRef.java:327)
	at java.rmi/sun.rmi.server.UnicastServerRef.dispatch(UnicastServerRef.java:339)
	at java.rmi/sun.rmi.transport.Transport$1.run(Transport.java:200)
	at java.rmi/sun.rmi.transport.Transport$1.run(Transport.java:197)
	at java.base/java.security.AccessController.doPrivileged(Native Method)
	at java.rmi/sun.rmi.transport.Transport.serviceCall(Transport.java:196)
	at java.rmi/sun.rmi.transport.tcp.TCPTransport.handleMessages(TCPTransport.java:562)
	at java.rmi/sun.rmi.transport.tcp.TCPTransport$ConnectionHandler.run0(TCPTransport.java:796)
	at java.rmi/sun.rmi.transport.tcp.TCPTransport$ConnectionHandler.lambda$run$0(TCPTransport.java:677)
	at java.base/java.security.AccessController.doPrivileged(Native Method)
	at java.rmi/sun.rmi.transport.tcp.TCPTransport$ConnectionHandler.run(TCPTransport.java:676)
	at java.base/java.util.concurrent.ThreadPoolExecutor.runWorker(ThreadPoolExecutor.java:1128)
	at java.base/java.util.concurrent.ThreadPoolExecutor$Worker.run(ThreadPoolExecutor.java:628)
	... 1 common frames omitted
[Progress:=======>                      25%] [Cov:=======>                           20%][MASTER] 15:57:32.523 [logback-1] WARN  ClientNodeImpl - Cannot send statistics to master; continuing without statistics
java.rmi.ServerError: Error occurred in server thread; nested exception is: 
	java.lang.NoClassDefFoundError: com/fasterxml/jackson/databind/AnnotationIntrospector
	at java.rmi/sun.rmi.server.UnicastServerRef.dispatch(UnicastServerRef.java:388)
	at java.rmi/sun.rmi.transport.Transport$1.run(Transport.java:200)
	at java.rmi/sun.rmi.transport.Transport$1.run(Transport.java:197)
	at java.base/java.security.AccessController.doPrivileged(Native Method)
	at java.rmi/sun.rmi.transport.Transport.serviceCall(Transport.java:196)
	at java.rmi/sun.rmi.transport.tcp.TCPTransport.handleMessages(TCPTransport.java:562)
	at java.rmi/sun.rmi.transport.tcp.TCPTransport$ConnectionHandler.run0(TCPTransport.java:796)
	at java.rmi/sun.rmi.transport.tcp.TCPTransport$ConnectionHandler.lambda$run$0(TCPTransport.java:677)
	at java.base/java.security.AccessController.doPrivileged(Native Method)
	at java.rmi/sun.rmi.transport.tcp.TCPTransport$ConnectionHandler.run(TCPTransport.java:676)
	at java.base/java.util.concurrent.ThreadPoolExecutor.runWorker(ThreadPoolExecutor.java:1128)
	at java.base/java.util.concurrent.ThreadPoolExecutor$Worker.run(ThreadPoolExecutor.java:628)
	at java.base/java.lang.Thread.run(Thread.java:829)
	at java.rmi/sun.rmi.transport.StreamRemoteCall.exceptionReceivedFromServer(StreamRemoteCall.java:303)
	at java.rmi/sun.rmi.transport.StreamRemoteCall.executeCall(StreamRemoteCall.java:279)
	at java.rmi/sun.rmi.server.UnicastRef.invoke(UnicastRef.java:164)
	at java.rmi/java.rmi.server.RemoteObjectInvocationHandler.invokeRemoteMethod(RemoteObjectInvocationHandler.java:217)
	at java.rmi/java.rmi.server.RemoteObjectInvocationHandler.invoke(RemoteObjectInvocationHandler.java:162)
	at com.sun.proxy.$Proxy7.evosuite_collectStatistics(Unknown Source)
	at org.evosuite.rmi.service.ClientNodeImpl.updateStatistics(ClientNodeImpl.java:251)
	at org.evosuite.statistics.StatisticsSender.sendIndividualToMaster(StatisticsSender.java:62)
	at org.evosuite.statistics.StatisticsListener.lambda$new$0(StatisticsListener.java:76)
	at java.base/java.lang.Thread.run(Thread.java:829)
Caused by: java.lang.NoClassDefFoundError: com/fasterxml/jackson/databind/AnnotationIntrospector
	at java.base/java.lang.Class.getDeclaringClass0(Native Method)
	at java.base/java.lang.Class.getEnclosingClass(Class.java:1517)
	at org.evosuite.utils.generic.GenericClassUtils.isMissingTypeParameters(GenericClassUtils.java:74)
	at org.evosuite.utils.generic.GenericClassImpl.addTypeParameters(GenericClassImpl.java:63)
	at org.evosuite.utils.generic.GenericClassImpl.readObject(GenericClassImpl.java:1685)
	at jdk.internal.reflect.GeneratedMethodAccessor9.invoke(Unknown Source)
	at java.base/jdk.internal.reflect.DelegatingMethodAccessorImpl.invoke(DelegatingMethodAccessorImpl.java:43)
	at java.base/java.lang.reflect.Method.invoke(Method.java:566)
	at java.base/java.io.ObjectStreamClass.invokeReadObject(ObjectStreamClass.java:1046)
	at java.base/java.io.ObjectInputStream.readSerialData(ObjectInputStream.java:2357)
	at java.base/java.io.ObjectInputStream.readOrdinaryObject(ObjectInputStream.java:2228)
	at java.base/java.io.ObjectInputStream.readObject0(ObjectInputStream.java:1687)
	at java.base/java.io.ObjectInputStream.defaultReadFields(ObjectInputStream.java:2496)
	at java.base/java.io.ObjectInputStream.readSerialData(ObjectInputStream.java:2390)
	at java.base/java.io.ObjectInputStream.readOrdinaryObject(ObjectInputStream.java:2228)
	at java.base/java.io.ObjectInputStream.readObject0(ObjectInputStream.java:1687)
	at java.base/java.io.ObjectInputStream.defaultReadFields(ObjectInputStream.java:2496)
	at java.base/java.io.ObjectInputStream.readSerialData(ObjectInputStream.java:2390)
	at java.base/java.io.ObjectInputStream.readOrdinaryObject(ObjectInputStream.java:2228)
	at java.base/java.io.ObjectInputStream.readObject0(ObjectInputStream.java:1687)
	at java.base/java.io.ObjectInputStream.skipCustomData(ObjectInputStream.java:2451)
	at java.base/java.io.ObjectInputStream.readSerialData(ObjectInputStream.java:2400)
	at java.base/java.io.ObjectInputStream.readOrdinaryObject(ObjectInputStream.java:2228)
	at java.base/java.io.ObjectInputStream.readObject0(ObjectInputStream.java:1687)
	at java.base/java.io.ObjectInputStream.defaultReadFields(ObjectInputStream.java:2496)
	at java.base/java.io.ObjectInputStream.readSerialData(ObjectInputStream.java:2390)
	at java.base/java.io.ObjectInputStream.readOrdinaryObject(ObjectInputStream.java:2228)
	at java.base/java.io.ObjectInputStream.readObject0(ObjectInputStream.java:1687)
	at java.base/java.io.ObjectInputStream.defaultReadFields(ObjectInputStream.java:2496)
	at java.base/java.io.ObjectInputStream.defaultReadObject(ObjectInputStream.java:625)
	at org.evosuite.testcase.DefaultTestCase.readObject(DefaultTestCase.java:1217)
	at jdk.internal.reflect.GeneratedMethodAccessor14.invoke(Unknown Source)
	at java.base/jdk.internal.reflect.DelegatingMethodAccessorImpl.invoke(DelegatingMethodAccessorImpl.java:43)
	at java.base/java.lang.reflect.Method.invoke(Method.java:566)
	at java.base/java.io.ObjectStreamClass.invokeReadObject(ObjectStreamClass.java:1046)
	at java.base/java.io.ObjectInputStream.readSerialData(ObjectInputStream.java:2357)
	at java.base/java.io.ObjectInputStream.readOrdinaryObject(ObjectInputStream.java:2228)
	at java.base/java.io.ObjectInputStream.readObject0(ObjectInputStream.java:1687)
	at java.base/java.io.ObjectInputStream.defaultReadFields(ObjectInputStream.java:2496)
	at java.base/java.io.ObjectInputStream.readSerialData(ObjectInputStream.java:2390)
	at java.base/java.io.ObjectInputStream.readOrdinaryObject(ObjectInputStream.java:2228)
	at java.base/java.io.ObjectInputStream.readObject0(ObjectInputStream.java:1687)
	at java.base/java.io.ObjectInputStream.skipCustomData(ObjectInputStream.java:2451)
	at java.base/java.io.ObjectInputStream.readSerialData(ObjectInputStream.java:2400)
	at java.base/java.io.ObjectInputStream.readOrdinaryObject(ObjectInputStream.java:2228)
	at java.base/java.io.ObjectInputStream.readObject0(ObjectInputStream.java:1687)
	at java.base/java.io.ObjectInputStream.defaultReadFields(ObjectInputStream.java:2496)
	at java.base/java.io.ObjectInputStream.readSerialData(ObjectInputStream.java:2390)
	at java.base/java.io.ObjectInputStream.readOrdinaryObject(ObjectInputStream.java:2228)
	at java.base/java.io.ObjectInputStream.readObject0(ObjectInputStream.java:1687)
	at java.base/java.io.ObjectInputStream.readObject(ObjectInputStream.java:489)
	at java.base/java.io.ObjectInputStream.readObject(ObjectInputStream.java:447)
	at java.rmi/sun.rmi.server.UnicastRef.unmarshalValue(UnicastRef.java:327)
	at java.rmi/sun.rmi.server.UnicastServerRef.dispatch(UnicastServerRef.java:339)
	at java.rmi/sun.rmi.transport.Transport$1.run(Transport.java:200)
	at java.rmi/sun.rmi.transport.Transport$1.run(Transport.java:197)
	at java.base/java.security.AccessController.doPrivileged(Native Method)
	at java.rmi/sun.rmi.transport.Transport.serviceCall(Transport.java:196)
	at java.rmi/sun.rmi.transport.tcp.TCPTransport.handleMessages(TCPTransport.java:562)
	at java.rmi/sun.rmi.transport.tcp.TCPTransport$ConnectionHandler.run0(TCPTransport.java:796)
	at java.rmi/sun.rmi.transport.tcp.TCPTransport$ConnectionHandler.lambda$run$0(TCPTransport.java:677)
	at java.base/java.security.AccessController.doPrivileged(Native Method)
	at java.rmi/sun.rmi.transport.tcp.TCPTransport$ConnectionHandler.run(TCPTransport.java:676)
	at java.base/java.util.concurrent.ThreadPoolExecutor.runWorker(ThreadPoolExecutor.java:1128)
	at java.base/java.util.concurrent.ThreadPoolExecutor$Worker.run(ThreadPoolExecutor.java:628)
	... 1 common frames omitted
[MASTER] 15:57:32.815 [logback-1] WARN  ClientNodeImpl - Cannot send statistics to master; continuing without statistics
java.rmi.ServerError: Error occurred in server thread; nested exception is: 
	java.lang.NoClassDefFoundError: com/fasterxml/jackson/databind/AnnotationIntrospector
	at java.rmi/sun.rmi.server.UnicastServerRef.dispatch(UnicastServerRef.java:388)
	at java.rmi/sun.rmi.transport.Transport$1.run(Transport.java:200)
	at java.rmi/sun.rmi.transport.Transport$1.run(Transport.java:197)
	at java.base/java.security.AccessController.doPrivileged(Native Method)
	at java.rmi/sun.rmi.transport.Transport.serviceCall(Transport.java:196)
	at java.rmi/sun.rmi.transport.tcp.TCPTransport.handleMessages(TCPTransport.java:562)
	at java.rmi/sun.rmi.transport.tcp.TCPTransport$ConnectionHandler.run0(TCPTransport.java:796)
	at java.rmi/sun.rmi.transport.tcp.TCPTransport$ConnectionHandler.lambda$run$0(TCPTransport.java:677)
	at java.base/java.security.AccessController.doPrivileged(Native Method)
	at java.rmi/sun.rmi.transport.tcp.TCPTransport$ConnectionHandler.run(TCPTransport.java:676)
	at java.base/java.util.concurrent.ThreadPoolExecutor.runWorker(ThreadPoolExecutor.java:1128)
	at java.base/java.util.concurrent.ThreadPoolExecutor$Worker.run(ThreadPoolExecutor.java:628)
	at java.base/java.lang.Thread.run(Thread.java:829)
	at java.rmi/sun.rmi.transport.StreamRemoteCall.exceptionReceivedFromServer(StreamRemoteCall.java:303)
	at java.rmi/sun.rmi.transport.StreamRemoteCall.executeCall(StreamRemoteCall.java:279)
	at java.rmi/sun.rmi.server.UnicastRef.invoke(UnicastRef.java:164)
	at java.rmi/java.rmi.server.RemoteObjectInvocationHandler.invokeRemoteMethod(RemoteObjectInvocationHandler.java:217)
	at java.rmi/java.rmi.server.RemoteObjectInvocationHandler.invoke(RemoteObjectInvocationHandler.java:162)
	at com.sun.proxy.$Proxy7.evosuite_collectStatistics(Unknown Source)
	at org.evosuite.rmi.service.ClientNodeImpl.updateStatistics(ClientNodeImpl.java:251)
	at org.evosuite.statistics.StatisticsSender.sendIndividualToMaster(StatisticsSender.java:62)
	at org.evosuite.statistics.StatisticsListener.lambda$new$0(StatisticsListener.java:76)
	at java.base/java.lang.Thread.run(Thread.java:829)
Caused by: java.lang.NoClassDefFoundError: com/fasterxml/jackson/databind/AnnotationIntrospector
	at java.base/java.lang.Class.getDeclaringClass0(Native Method)
	at java.base/java.lang.Class.getEnclosingClass(Class.java:1517)
	at org.evosuite.utils.generic.GenericClassUtils.isMissingTypeParameters(GenericClassUtils.java:74)
	at org.evosuite.utils.generic.GenericClassImpl.addTypeParameters(GenericClassImpl.java:63)
	at org.evosuite.utils.generic.GenericClassImpl.readObject(GenericClassImpl.java:1685)
	at jdk.internal.reflect.GeneratedMethodAccessor9.invoke(Unknown Source)
	at java.base/jdk.internal.reflect.DelegatingMethodAccessorImpl.invoke(DelegatingMethodAccessorImpl.java:43)
	at java.base/java.lang.reflect.Method.invoke(Method.java:566)
	at java.base/java.io.ObjectStreamClass.invokeReadObject(ObjectStreamClass.java:1046)
	at java.base/java.io.ObjectInputStream.readSerialData(ObjectInputStream.java:2357)
	at java.base/java.io.ObjectInputStream.readOrdinaryObject(ObjectInputStream.java:2228)
	at java.base/java.io.ObjectInputStream.readObject0(ObjectInputStream.java:1687)
	at java.base/java.io.ObjectInputStream.defaultReadFields(ObjectInputStream.java:2496)
	at java.base/java.io.ObjectInputStream.readSerialData(ObjectInputStream.java:2390)
	at java.base/java.io.ObjectInputStream.readOrdinaryObject(ObjectInputStream.java:2228)
	at java.base/java.io.ObjectInputStream.readObject0(ObjectInputStream.java:1687)
	at java.base/java.io.ObjectInputStream.defaultReadFields(ObjectInputStream.java:2496)
	at java.base/java.io.ObjectInputStream.readSerialData(ObjectInputStream.java:2390)
	at java.base/java.io.ObjectInputStream.readOrdinaryObject(ObjectInputStream.java:2228)
	at java.base/java.io.ObjectInputStream.readObject0(ObjectInputStream.java:1687)
	at java.base/java.io.ObjectInputStream.skipCustomData(ObjectInputStream.java:2451)
	at java.base/java.io.ObjectInputStream.readSerialData(ObjectInputStream.java:2400)
	at java.base/java.io.ObjectInputStream.readOrdinaryObject(ObjectInputStream.java:2228)
	at java.base/java.io.ObjectInputStream.readObject0(ObjectInputStream.java:1687)
	at java.base/java.io.ObjectInputStream.defaultReadFields(ObjectInputStream.java:2496)
	at java.base/java.io.ObjectInputStream.readSerialData(ObjectInputStream.java:2390)
	at java.base/java.io.ObjectInputStream.readOrdinaryObject(ObjectInputStream.java:2228)
	at java.base/java.io.ObjectInputStream.readObject0(ObjectInputStream.java:1687)
	at java.base/java.io.ObjectInputStream.defaultReadFields(ObjectInputStream.java:2496)
	at java.base/java.io.ObjectInputStream.defaultReadObject(ObjectInputStream.java:625)
	at org.evosuite.testcase.DefaultTestCase.readObject(DefaultTestCase.java:1217)
	at jdk.internal.reflect.GeneratedMethodAccessor14.invoke(Unknown Source)
	at java.base/jdk.internal.reflect.DelegatingMethodAccessorImpl.invoke(DelegatingMethodAccessorImpl.java:43)
	at java.base/java.lang.reflect.Method.invoke(Method.java:566)
	at java.base/java.io.ObjectStreamClass.invokeReadObject(ObjectStreamClass.java:1046)
	at java.base/java.io.ObjectInputStream.readSerialData(ObjectInputStream.java:2357)
	at java.base/java.io.ObjectInputStream.readOrdinaryObject(ObjectInputStream.java:2228)
	at java.base/java.io.ObjectInputStream.readObject0(ObjectInputStream.java:1687)
	at java.base/java.io.ObjectInputStream.defaultReadFields(ObjectInputStream.java:2496)
	at java.base/java.io.ObjectInputStream.readSerialData(ObjectInputStream.java:2390)
	at java.base/java.io.ObjectInputStream.readOrdinaryObject(ObjectInputStream.java:2228)
	at java.base/java.io.ObjectInputStream.readObject0(ObjectInputStream.java:1687)
	at java.base/java.io.ObjectInputStream.skipCustomData(ObjectInputStream.java:2451)
	at java.base/java.io.ObjectInputStream.readSerialData(ObjectInputStream.java:2400)
	at java.base/java.io.ObjectInputStream.readOrdinaryObject(ObjectInputStream.java:2228)
	at java.base/java.io.ObjectInputStream.readObject0(ObjectInputStream.java:1687)
	at java.base/java.io.ObjectInputStream.defaultReadFields(ObjectInputStream.java:2496)
	at java.base/java.io.ObjectInputStream.readSerialData(ObjectInputStream.java:2390)
	at java.base/java.io.ObjectInputStream.readOrdinaryObject(ObjectInputStream.java:2228)
	at java.base/java.io.ObjectInputStream.readObject0(ObjectInputStream.java:1687)
	at java.base/java.io.ObjectInputStream.readObject(ObjectInputStream.java:489)
	at java.base/java.io.ObjectInputStream.readObject(ObjectInputStream.java:447)
	at java.rmi/sun.rmi.server.UnicastRef.unmarshalValue(UnicastRef.java:327)
	at java.rmi/sun.rmi.server.UnicastServerRef.dispatch(UnicastServerRef.java:339)
	at java.rmi/sun.rmi.transport.Transport$1.run(Transport.java:200)
	at java.rmi/sun.rmi.transport.Transport$1.run(Transport.java:197)
	at java.base/java.security.AccessController.doPrivileged(Native Method)
	at java.rmi/sun.rmi.transport.Transport.serviceCall(Transport.java:196)
	at java.rmi/sun.rmi.transport.tcp.TCPTransport.handleMessages(TCPTransport.java:562)
	at java.rmi/sun.rmi.transport.tcp.TCPTransport$ConnectionHandler.run0(TCPTransport.java:796)
	at java.rmi/sun.rmi.transport.tcp.TCPTransport$ConnectionHandler.lambda$run$0(TCPTransport.java:677)
	at java.base/java.security.AccessController.doPrivileged(Native Method)
	at java.rmi/sun.rmi.transport.tcp.TCPTransport$ConnectionHandler.run(TCPTransport.java:676)
	at java.base/java.util.concurrent.ThreadPoolExecutor.runWorker(ThreadPoolExecutor.java:1128)
	at java.base/java.util.concurrent.ThreadPoolExecutor$Worker.run(ThreadPoolExecutor.java:628)
	... 1 common frames omitted
[Progress:=======>                      26%] [Cov:=======>                           20%][MASTER] 15:57:33.089 [logback-1] WARN  ClientNodeImpl - Cannot send statistics to master; continuing without statistics
java.rmi.ServerError: Error occurred in server thread; nested exception is: 
	java.lang.NoClassDefFoundError: com/fasterxml/jackson/databind/AnnotationIntrospector
	at java.rmi/sun.rmi.server.UnicastServerRef.dispatch(UnicastServerRef.java:388)
	at java.rmi/sun.rmi.transport.Transport$1.run(Transport.java:200)
	at java.rmi/sun.rmi.transport.Transport$1.run(Transport.java:197)
	at java.base/java.security.AccessController.doPrivileged(Native Method)
	at java.rmi/sun.rmi.transport.Transport.serviceCall(Transport.java:196)
	at java.rmi/sun.rmi.transport.tcp.TCPTransport.handleMessages(TCPTransport.java:562)
	at java.rmi/sun.rmi.transport.tcp.TCPTransport$ConnectionHandler.run0(TCPTransport.java:796)
	at java.rmi/sun.rmi.transport.tcp.TCPTransport$ConnectionHandler.lambda$run$0(TCPTransport.java:677)
	at java.base/java.security.AccessController.doPrivileged(Native Method)
	at java.rmi/sun.rmi.transport.tcp.TCPTransport$ConnectionHandler.run(TCPTransport.java:676)
	at java.base/java.util.concurrent.ThreadPoolExecutor.runWorker(ThreadPoolExecutor.java:1128)
	at java.base/java.util.concurrent.ThreadPoolExecutor$Worker.run(ThreadPoolExecutor.java:628)
	at java.base/java.lang.Thread.run(Thread.java:829)
	at java.rmi/sun.rmi.transport.StreamRemoteCall.exceptionReceivedFromServer(StreamRemoteCall.java:303)
	at java.rmi/sun.rmi.transport.StreamRemoteCall.executeCall(StreamRemoteCall.java:279)
	at java.rmi/sun.rmi.server.UnicastRef.invoke(UnicastRef.java:164)
	at java.rmi/java.rmi.server.RemoteObjectInvocationHandler.invokeRemoteMethod(RemoteObjectInvocationHandler.java:217)
	at java.rmi/java.rmi.server.RemoteObjectInvocationHandler.invoke(RemoteObjectInvocationHandler.java:162)
	at com.sun.proxy.$Proxy7.evosuite_collectStatistics(Unknown Source)
	at org.evosuite.rmi.service.ClientNodeImpl.updateStatistics(ClientNodeImpl.java:251)
	at org.evosuite.statistics.StatisticsSender.sendIndividualToMaster(StatisticsSender.java:62)
	at org.evosuite.statistics.StatisticsListener.lambda$new$0(StatisticsListener.java:76)
	at java.base/java.lang.Thread.run(Thread.java:829)
Caused by: java.lang.NoClassDefFoundError: com/fasterxml/jackson/databind/AnnotationIntrospector
	at java.base/java.lang.Class.getDeclaringClass0(Native Method)
	at java.base/java.lang.Class.getEnclosingClass(Class.java:1517)
	at org.evosuite.utils.generic.GenericClassUtils.isMissingTypeParameters(GenericClassUtils.java:74)
	at org.evosuite.utils.generic.GenericClassImpl.addTypeParameters(GenericClassImpl.java:63)
	at org.evosuite.utils.generic.GenericClassImpl.readObject(GenericClassImpl.java:1685)
	at jdk.internal.reflect.GeneratedMethodAccessor9.invoke(Unknown Source)
	at java.base/jdk.internal.reflect.DelegatingMethodAccessorImpl.invoke(DelegatingMethodAccessorImpl.java:43)
	at java.base/java.lang.reflect.Method.invoke(Method.java:566)
	at java.base/java.io.ObjectStreamClass.invokeReadObject(ObjectStreamClass.java:1046)
	at java.base/java.io.ObjectInputStream.readSerialData(ObjectInputStream.java:2357)
	at java.base/java.io.ObjectInputStream.readOrdinaryObject(ObjectInputStream.java:2228)
	at java.base/java.io.ObjectInputStream.readObject0(ObjectInputStream.java:1687)
	at java.base/java.io.ObjectInputStream.defaultReadFields(ObjectInputStream.java:2496)
	at java.base/java.io.ObjectInputStream.readSerialData(ObjectInputStream.java:2390)
	at java.base/java.io.ObjectInputStream.readOrdinaryObject(ObjectInputStream.java:2228)
	at java.base/java.io.ObjectInputStream.readObject0(ObjectInputStream.java:1687)
	at java.base/java.io.ObjectInputStream.defaultReadFields(ObjectInputStream.java:2496)
	at java.base/java.io.ObjectInputStream.readSerialData(ObjectInputStream.java:2390)
	at java.base/java.io.ObjectInputStream.readOrdinaryObject(ObjectInputStream.java:2228)
	at java.base/java.io.ObjectInputStream.readObject0(ObjectInputStream.java:1687)
	at java.base/java.io.ObjectInputStream.skipCustomData(ObjectInputStream.java:2451)
	at java.base/java.io.ObjectInputStream.readSerialData(ObjectInputStream.java:2400)
	at java.base/java.io.ObjectInputStream.readOrdinaryObject(ObjectInputStream.java:2228)
	at java.base/java.io.ObjectInputStream.readObject0(ObjectInputStream.java:1687)
	at java.base/java.io.ObjectInputStream.defaultReadFields(ObjectInputStream.java:2496)
	at java.base/java.io.ObjectInputStream.readSerialData(ObjectInputStream.java:2390)
	at java.base/java.io.ObjectInputStream.readOrdinaryObject(ObjectInputStream.java:2228)
	at java.base/java.io.ObjectInputStream.readObject0(ObjectInputStream.java:1687)
	at java.base/java.io.ObjectInputStream.defaultReadFields(ObjectInputStream.java:2496)
	at java.base/java.io.ObjectInputStream.defaultReadObject(ObjectInputStream.java:625)
	at org.evosuite.testcase.DefaultTestCase.readObject(DefaultTestCase.java:1217)
	at jdk.internal.reflect.GeneratedMethodAccessor14.invoke(Unknown Source)
	at java.base/jdk.internal.reflect.DelegatingMethodAccessorImpl.invoke(DelegatingMethodAccessorImpl.java:43)
	at java.base/java.lang.reflect.Method.invoke(Method.java:566)
	at java.base/java.io.ObjectStreamClass.invokeReadObject(ObjectStreamClass.java:1046)
	at java.base/java.io.ObjectInputStream.readSerialData(ObjectInputStream.java:2357)
	at java.base/java.io.ObjectInputStream.readOrdinaryObject(ObjectInputStream.java:2228)
	at java.base/java.io.ObjectInputStream.readObject0(ObjectInputStream.java:1687)
	at java.base/java.io.ObjectInputStream.defaultReadFields(ObjectInputStream.java:2496)
	at java.base/java.io.ObjectInputStream.readSerialData(ObjectInputStream.java:2390)
	at java.base/java.io.ObjectInputStream.readOrdinaryObject(ObjectInputStream.java:2228)
	at java.base/java.io.ObjectInputStream.readObject0(ObjectInputStream.java:1687)
	at java.base/java.io.ObjectInputStream.skipCustomData(ObjectInputStream.java:2451)
	at java.base/java.io.ObjectInputStream.readSerialData(ObjectInputStream.java:2400)
	at java.base/java.io.ObjectInputStream.readOrdinaryObject(ObjectInputStream.java:2228)
	at java.base/java.io.ObjectInputStream.readObject0(ObjectInputStream.java:1687)
	at java.base/java.io.ObjectInputStream.defaultReadFields(ObjectInputStream.java:2496)
	at java.base/java.io.ObjectInputStream.readSerialData(ObjectInputStream.java:2390)
	at java.base/java.io.ObjectInputStream.readOrdinaryObject(ObjectInputStream.java:2228)
	at java.base/java.io.ObjectInputStream.readObject0(ObjectInputStream.java:1687)
	at java.base/java.io.ObjectInputStream.readObject(ObjectInputStream.java:489)
	at java.base/java.io.ObjectInputStream.readObject(ObjectInputStream.java:447)
	at java.rmi/sun.rmi.server.UnicastRef.unmarshalValue(UnicastRef.java:327)
	at java.rmi/sun.rmi.server.UnicastServerRef.dispatch(UnicastServerRef.java:339)
	at java.rmi/sun.rmi.transport.Transport$1.run(Transport.java:200)
	at java.rmi/sun.rmi.transport.Transport$1.run(Transport.java:197)
	at java.base/java.security.AccessController.doPrivileged(Native Method)
	at java.rmi/sun.rmi.transport.Transport.serviceCall(Transport.java:196)
	at java.rmi/sun.rmi.transport.tcp.TCPTransport.handleMessages(TCPTransport.java:562)
	at java.rmi/sun.rmi.transport.tcp.TCPTransport$ConnectionHandler.run0(TCPTransport.java:796)
	at java.rmi/sun.rmi.transport.tcp.TCPTransport$ConnectionHandler.lambda$run$0(TCPTransport.java:677)
	at java.base/java.security.AccessController.doPrivileged(Native Method)
	at java.rmi/sun.rmi.transport.tcp.TCPTransport$ConnectionHandler.run(TCPTransport.java:676)
	at java.base/java.util.concurrent.ThreadPoolExecutor.runWorker(ThreadPoolExecutor.java:1128)
	at java.base/java.util.concurrent.ThreadPoolExecutor$Worker.run(ThreadPoolExecutor.java:628)
	... 1 common frames omitted
[Progress:=======>                      26%] [Cov:=======>                           20%][MASTER] 15:57:33.389 [logback-1] WARN  ClientNodeImpl - Cannot send statistics to master; continuing without statistics
java.rmi.ServerError: Error occurred in server thread; nested exception is: 
	java.lang.NoClassDefFoundError: com/fasterxml/jackson/databind/AnnotationIntrospector
	at java.rmi/sun.rmi.server.UnicastServerRef.dispatch(UnicastServerRef.java:388)
	at java.rmi/sun.rmi.transport.Transport$1.run(Transport.java:200)
	at java.rmi/sun.rmi.transport.Transport$1.run(Transport.java:197)
	at java.base/java.security.AccessController.doPrivileged(Native Method)
	at java.rmi/sun.rmi.transport.Transport.serviceCall(Transport.java:196)
	at java.rmi/sun.rmi.transport.tcp.TCPTransport.handleMessages(TCPTransport.java:562)
	at java.rmi/sun.rmi.transport.tcp.TCPTransport$ConnectionHandler.run0(TCPTransport.java:796)
	at java.rmi/sun.rmi.transport.tcp.TCPTransport$ConnectionHandler.lambda$run$0(TCPTransport.java:677)
	at java.base/java.security.AccessController.doPrivileged(Native Method)
	at java.rmi/sun.rmi.transport.tcp.TCPTransport$ConnectionHandler.run(TCPTransport.java:676)
	at java.base/java.util.concurrent.ThreadPoolExecutor.runWorker(ThreadPoolExecutor.java:1128)
	at java.base/java.util.concurrent.ThreadPoolExecutor$Worker.run(ThreadPoolExecutor.java:628)
	at java.base/java.lang.Thread.run(Thread.java:829)
	at java.rmi/sun.rmi.transport.StreamRemoteCall.exceptionReceivedFromServer(StreamRemoteCall.java:303)
	at java.rmi/sun.rmi.transport.StreamRemoteCall.executeCall(StreamRemoteCall.java:279)
	at java.rmi/sun.rmi.server.UnicastRef.invoke(UnicastRef.java:164)
	at java.rmi/java.rmi.server.RemoteObjectInvocationHandler.invokeRemoteMethod(RemoteObjectInvocationHandler.java:217)
	at java.rmi/java.rmi.server.RemoteObjectInvocationHandler.invoke(RemoteObjectInvocationHandler.java:162)
	at com.sun.proxy.$Proxy7.evosuite_collectStatistics(Unknown Source)
	at org.evosuite.rmi.service.ClientNodeImpl.updateStatistics(ClientNodeImpl.java:251)
	at org.evosuite.statistics.StatisticsSender.sendIndividualToMaster(StatisticsSender.java:62)
	at org.evosuite.statistics.StatisticsListener.lambda$new$0(StatisticsListener.java:76)
	at java.base/java.lang.Thread.run(Thread.java:829)
Caused by: java.lang.NoClassDefFoundError: com/fasterxml/jackson/databind/AnnotationIntrospector
	at java.base/java.lang.Class.getDeclaringClass0(Native Method)
	at java.base/java.lang.Class.getEnclosingClass(Class.java:1517)
	at org.evosuite.utils.generic.GenericClassUtils.isMissingTypeParameters(GenericClassUtils.java:74)
	at org.evosuite.utils.generic.GenericClassImpl.addTypeParameters(GenericClassImpl.java:63)
	at org.evosuite.utils.generic.GenericClassImpl.readObject(GenericClassImpl.java:1685)
	at jdk.internal.reflect.GeneratedMethodAccessor9.invoke(Unknown Source)
	at java.base/jdk.internal.reflect.DelegatingMethodAccessorImpl.invoke(DelegatingMethodAccessorImpl.java:43)
	at java.base/java.lang.reflect.Method.invoke(Method.java:566)
	at java.base/java.io.ObjectStreamClass.invokeReadObject(ObjectStreamClass.java:1046)
	at java.base/java.io.ObjectInputStream.readSerialData(ObjectInputStream.java:2357)
	at java.base/java.io.ObjectInputStream.readOrdinaryObject(ObjectInputStream.java:2228)
	at java.base/java.io.ObjectInputStream.readObject0(ObjectInputStream.java:1687)
	at java.base/java.io.ObjectInputStream.defaultReadFields(ObjectInputStream.java:2496)
	at java.base/java.io.ObjectInputStream.readSerialData(ObjectInputStream.java:2390)
	at java.base/java.io.ObjectInputStream.readOrdinaryObject(ObjectInputStream.java:2228)
	at java.base/java.io.ObjectInputStream.readObject0(ObjectInputStream.java:1687)
	at java.base/java.io.ObjectInputStream.defaultReadFields(ObjectInputStream.java:2496)
	at java.base/java.io.ObjectInputStream.readSerialData(ObjectInputStream.java:2390)
	at java.base/java.io.ObjectInputStream.readOrdinaryObject(ObjectInputStream.java:2228)
	at java.base/java.io.ObjectInputStream.readObject0(ObjectInputStream.java:1687)
	at java.base/java.io.ObjectInputStream.skipCustomData(ObjectInputStream.java:2451)
	at java.base/java.io.ObjectInputStream.readSerialData(ObjectInputStream.java:2400)
	at java.base/java.io.ObjectInputStream.readOrdinaryObject(ObjectInputStream.java:2228)
	at java.base/java.io.ObjectInputStream.readObject0(ObjectInputStream.java:1687)
	at java.base/java.io.ObjectInputStream.defaultReadFields(ObjectInputStream.java:2496)
	at java.base/java.io.ObjectInputStream.readSerialData(ObjectInputStream.java:2390)
	at java.base/java.io.ObjectInputStream.readOrdinaryObject(ObjectInputStream.java:2228)
	at java.base/java.io.ObjectInputStream.readObject0(ObjectInputStream.java:1687)
	at java.base/java.io.ObjectInputStream.defaultReadFields(ObjectInputStream.java:2496)
	at java.base/java.io.ObjectInputStream.defaultReadObject(ObjectInputStream.java:625)
	at org.evosuite.testcase.DefaultTestCase.readObject(DefaultTestCase.java:1217)
	at jdk.internal.reflect.GeneratedMethodAccessor14.invoke(Unknown Source)
	at java.base/jdk.internal.reflect.DelegatingMethodAccessorImpl.invoke(DelegatingMethodAccessorImpl.java:43)
	at java.base/java.lang.reflect.Method.invoke(Method.java:566)
	at java.base/java.io.ObjectStreamClass.invokeReadObject(ObjectStreamClass.java:1046)
	at java.base/java.io.ObjectInputStream.readSerialData(ObjectInputStream.java:2357)
	at java.base/java.io.ObjectInputStream.readOrdinaryObject(ObjectInputStream.java:2228)
	at java.base/java.io.ObjectInputStream.readObject0(ObjectInputStream.java:1687)
	at java.base/java.io.ObjectInputStream.defaultReadFields(ObjectInputStream.java:2496)
	at java.base/java.io.ObjectInputStream.readSerialData(ObjectInputStream.java:2390)
	at java.base/java.io.ObjectInputStream.readOrdinaryObject(ObjectInputStream.java:2228)
	at java.base/java.io.ObjectInputStream.readObject0(ObjectInputStream.java:1687)
	at java.base/java.io.ObjectInputStream.skipCustomData(ObjectInputStream.java:2451)
	at java.base/java.io.ObjectInputStream.readSerialData(ObjectInputStream.java:2400)
	at java.base/java.io.ObjectInputStream.readOrdinaryObject(ObjectInputStream.java:2228)
	at java.base/java.io.ObjectInputStream.readObject0(ObjectInputStream.java:1687)
	at java.base/java.io.ObjectInputStream.defaultReadFields(ObjectInputStream.java:2496)
	at java.base/java.io.ObjectInputStream.readSerialData(ObjectInputStream.java:2390)
	at java.base/java.io.ObjectInputStream.readOrdinaryObject(ObjectInputStream.java:2228)
	at java.base/java.io.ObjectInputStream.readObject0(ObjectInputStream.java:1687)
	at java.base/java.io.ObjectInputStream.readObject(ObjectInputStream.java:489)
	at java.base/java.io.ObjectInputStream.readObject(ObjectInputStream.java:447)
	at java.rmi/sun.rmi.server.UnicastRef.unmarshalValue(UnicastRef.java:327)
	at java.rmi/sun.rmi.server.UnicastServerRef.dispatch(UnicastServerRef.java:339)
	at java.rmi/sun.rmi.transport.Transport$1.run(Transport.java:200)
	at java.rmi/sun.rmi.transport.Transport$1.run(Transport.java:197)
	at java.base/java.security.AccessController.doPrivileged(Native Method)
	at java.rmi/sun.rmi.transport.Transport.serviceCall(Transport.java:196)
	at java.rmi/sun.rmi.transport.tcp.TCPTransport.handleMessages(TCPTransport.java:562)
	at java.rmi/sun.rmi.transport.tcp.TCPTransport$ConnectionHandler.run0(TCPTransport.java:796)
	at java.rmi/sun.rmi.transport.tcp.TCPTransport$ConnectionHandler.lambda$run$0(TCPTransport.java:677)
	at java.base/java.security.AccessController.doPrivileged(Native Method)
	at java.rmi/sun.rmi.transport.tcp.TCPTransport$ConnectionHandler.run(TCPTransport.java:676)
	at java.base/java.util.concurrent.ThreadPoolExecutor.runWorker(ThreadPoolExecutor.java:1128)
	at java.base/java.util.concurrent.ThreadPoolExecutor$Worker.run(ThreadPoolExecutor.java:628)
	... 1 common frames omitted
[MASTER] 15:57:33.659 [logback-1] WARN  ClientNodeImpl - Cannot send statistics to master; continuing without statistics
java.rmi.ServerError: Error occurred in server thread; nested exception is: 
	java.lang.NoClassDefFoundError: com/fasterxml/jackson/databind/AnnotationIntrospector
	at java.rmi/sun.rmi.server.UnicastServerRef.dispatch(UnicastServerRef.java:388)
	at java.rmi/sun.rmi.transport.Transport$1.run(Transport.java:200)
	at java.rmi/sun.rmi.transport.Transport$1.run(Transport.java:197)
	at java.base/java.security.AccessController.doPrivileged(Native Method)
	at java.rmi/sun.rmi.transport.Transport.serviceCall(Transport.java:196)
	at java.rmi/sun.rmi.transport.tcp.TCPTransport.handleMessages(TCPTransport.java:562)
	at java.rmi/sun.rmi.transport.tcp.TCPTransport$ConnectionHandler.run0(TCPTransport.java:796)
	at java.rmi/sun.rmi.transport.tcp.TCPTransport$ConnectionHandler.lambda$run$0(TCPTransport.java:677)
	at java.base/java.security.AccessController.doPrivileged(Native Method)
	at java.rmi/sun.rmi.transport.tcp.TCPTransport$ConnectionHandler.run(TCPTransport.java:676)
	at java.base/java.util.concurrent.ThreadPoolExecutor.runWorker(ThreadPoolExecutor.java:1128)
	at java.base/java.util.concurrent.ThreadPoolExecutor$Worker.run(ThreadPoolExecutor.java:628)
	at java.base/java.lang.Thread.run(Thread.java:829)
	at java.rmi/sun.rmi.transport.StreamRemoteCall.exceptionReceivedFromServer(StreamRemoteCall.java:303)
	at java.rmi/sun.rmi.transport.StreamRemoteCall.executeCall(StreamRemoteCall.java:279)
	at java.rmi/sun.rmi.server.UnicastRef.invoke(UnicastRef.java:164)
	at java.rmi/java.rmi.server.RemoteObjectInvocationHandler.invokeRemoteMethod(RemoteObjectInvocationHandler.java:217)
	at java.rmi/java.rmi.server.RemoteObjectInvocationHandler.invoke(RemoteObjectInvocationHandler.java:162)
	at com.sun.proxy.$Proxy7.evosuite_collectStatistics(Unknown Source)
	at org.evosuite.rmi.service.ClientNodeImpl.updateStatistics(ClientNodeImpl.java:251)
	at org.evosuite.statistics.StatisticsSender.sendIndividualToMaster(StatisticsSender.java:62)
	at org.evosuite.statistics.StatisticsListener.lambda$new$0(StatisticsListener.java:76)
	at java.base/java.lang.Thread.run(Thread.java:829)
Caused by: java.lang.NoClassDefFoundError: com/fasterxml/jackson/databind/AnnotationIntrospector
	at java.base/java.lang.Class.getDeclaringClass0(Native Method)
	at java.base/java.lang.Class.getEnclosingClass(Class.java:1517)
	at org.evosuite.utils.generic.GenericClassUtils.isMissingTypeParameters(GenericClassUtils.java:74)
	at org.evosuite.utils.generic.GenericClassImpl.addTypeParameters(GenericClassImpl.java:63)
	at org.evosuite.utils.generic.GenericClassImpl.readObject(GenericClassImpl.java:1685)
	at jdk.internal.reflect.GeneratedMethodAccessor9.invoke(Unknown Source)
	at java.base/jdk.internal.reflect.DelegatingMethodAccessorImpl.invoke(DelegatingMethodAccessorImpl.java:43)
	at java.base/java.lang.reflect.Method.invoke(Method.java:566)
	at java.base/java.io.ObjectStreamClass.invokeReadObject(ObjectStreamClass.java:1046)
	at java.base/java.io.ObjectInputStream.readSerialData(ObjectInputStream.java:2357)
	at java.base/java.io.ObjectInputStream.readOrdinaryObject(ObjectInputStream.java:2228)
	at java.base/java.io.ObjectInputStream.readObject0(ObjectInputStream.java:1687)
	at java.base/java.io.ObjectInputStream.defaultReadFields(ObjectInputStream.java:2496)
	at java.base/java.io.ObjectInputStream.readSerialData(ObjectInputStream.java:2390)
	at java.base/java.io.ObjectInputStream.readOrdinaryObject(ObjectInputStream.java:2228)
	at java.base/java.io.ObjectInputStream.readObject0(ObjectInputStream.java:1687)
	at java.base/java.io.ObjectInputStream.defaultReadFields(ObjectInputStream.java:2496)
	at java.base/java.io.ObjectInputStream.readSerialData(ObjectInputStream.java:2390)
	at java.base/java.io.ObjectInputStream.readOrdinaryObject(ObjectInputStream.java:2228)
	at java.base/java.io.ObjectInputStream.readObject0(ObjectInputStream.java:1687)
	at java.base/java.io.ObjectInputStream.skipCustomData(ObjectInputStream.java:2451)
	at java.base/java.io.ObjectInputStream.readSerialData(ObjectInputStream.java:2400)
	at java.base/java.io.ObjectInputStream.readOrdinaryObject(ObjectInputStream.java:2228)
	at java.base/java.io.ObjectInputStream.readObject0(ObjectInputStream.java:1687)
	at java.base/java.io.ObjectInputStream.defaultReadFields(ObjectInputStream.java:2496)
	at java.base/java.io.ObjectInputStream.readSerialData(ObjectInputStream.java:2390)
	at java.base/java.io.ObjectInputStream.readOrdinaryObject(ObjectInputStream.java:2228)
	at java.base/java.io.ObjectInputStream.readObject0(ObjectInputStream.java:1687)
	at java.base/java.io.ObjectInputStream.defaultReadFields(ObjectInputStream.java:2496)
	at java.base/java.io.ObjectInputStream.defaultReadObject(ObjectInputStream.java:625)
	at org.evosuite.testcase.DefaultTestCase.readObject(DefaultTestCase.java:1217)
	at jdk.internal.reflect.GeneratedMethodAccessor14.invoke(Unknown Source)
	at java.base/jdk.internal.reflect.DelegatingMethodAccessorImpl.invoke(DelegatingMethodAccessorImpl.java:43)
	at java.base/java.lang.reflect.Method.invoke(Method.java:566)
	at java.base/java.io.ObjectStreamClass.invokeReadObject(ObjectStreamClass.java:1046)
	at java.base/java.io.ObjectInputStream.readSerialData(ObjectInputStream.java:2357)
	at java.base/java.io.ObjectInputStream.readOrdinaryObject(ObjectInputStream.java:2228)
	at java.base/java.io.ObjectInputStream.readObject0(ObjectInputStream.java:1687)
	at java.base/java.io.ObjectInputStream.defaultReadFields(ObjectInputStream.java:2496)
	at java.base/java.io.ObjectInputStream.readSerialData(ObjectInputStream.java:2390)
	at java.base/java.io.ObjectInputStream.readOrdinaryObject(ObjectInputStream.java:2228)
	at java.base/java.io.ObjectInputStream.readObject0(ObjectInputStream.java:1687)
	at java.base/java.io.ObjectInputStream.skipCustomData(ObjectInputStream.java:2451)
	at java.base/java.io.ObjectInputStream.readSerialData(ObjectInputStream.java:2400)
	at java.base/java.io.ObjectInputStream.readOrdinaryObject(ObjectInputStream.java:2228)
	at java.base/java.io.ObjectInputStream.readObject0(ObjectInputStream.java:1687)
	at java.base/java.io.ObjectInputStream.defaultReadFields(ObjectInputStream.java:2496)
	at java.base/java.io.ObjectInputStream.readSerialData(ObjectInputStream.java:2390)
	at java.base/java.io.ObjectInputStream.readOrdinaryObject(ObjectInputStream.java:2228)
	at java.base/java.io.ObjectInputStream.readObject0(ObjectInputStream.java:1687)
	at java.base/java.io.ObjectInputStream.readObject(ObjectInputStream.java:489)
	at java.base/java.io.ObjectInputStream.readObject(ObjectInputStream.java:447)
	at java.rmi/sun.rmi.server.UnicastRef.unmarshalValue(UnicastRef.java:327)
	at java.rmi/sun.rmi.server.UnicastServerRef.dispatch(UnicastServerRef.java:339)
	at java.rmi/sun.rmi.transport.Transport$1.run(Transport.java:200)
	at java.rmi/sun.rmi.transport.Transport$1.run(Transport.java:197)
	at java.base/java.security.AccessController.doPrivileged(Native Method)
	at java.rmi/sun.rmi.transport.Transport.serviceCall(Transport.java:196)
	at java.rmi/sun.rmi.transport.tcp.TCPTransport.handleMessages(TCPTransport.java:562)
	at java.rmi/sun.rmi.transport.tcp.TCPTransport$ConnectionHandler.run0(TCPTransport.java:796)
	at java.rmi/sun.rmi.transport.tcp.TCPTransport$ConnectionHandler.lambda$run$0(TCPTransport.java:677)
	at java.base/java.security.AccessController.doPrivileged(Native Method)
	at java.rmi/sun.rmi.transport.tcp.TCPTransport$ConnectionHandler.run(TCPTransport.java:676)
	at java.base/java.util.concurrent.ThreadPoolExecutor.runWorker(ThreadPoolExecutor.java:1128)
	at java.base/java.util.concurrent.ThreadPoolExecutor$Worker.run(ThreadPoolExecutor.java:628)
	... 1 common frames omitted
[Progress:========>                     27%] [Cov:=======>                           20%][Progress:========>                     27%] [Cov:=======>                           20%][Progress:========>                     27%] [Cov:=======>                           20%][Progress:========>                     28%] [Cov:=======>                           20%][Progress:========>                     28%] [Cov:=======>                           20%][Progress:========>                     29%] [Cov:=======>                           20%][MASTER] 15:57:36.137 [logback-1] WARN  ClientNodeImpl - Cannot send statistics to master; continuing without statistics
java.rmi.ServerError: Error occurred in server thread; nested exception is: 
	java.lang.NoClassDefFoundError: com/fasterxml/jackson/databind/AnnotationIntrospector
	at java.rmi/sun.rmi.server.UnicastServerRef.dispatch(UnicastServerRef.java:388)
	at java.rmi/sun.rmi.transport.Transport$1.run(Transport.java:200)
	at java.rmi/sun.rmi.transport.Transport$1.run(Transport.java:197)
	at java.base/java.security.AccessController.doPrivileged(Native Method)
	at java.rmi/sun.rmi.transport.Transport.serviceCall(Transport.java:196)
	at java.rmi/sun.rmi.transport.tcp.TCPTransport.handleMessages(TCPTransport.java:562)
	at java.rmi/sun.rmi.transport.tcp.TCPTransport$ConnectionHandler.run0(TCPTransport.java:796)
	at java.rmi/sun.rmi.transport.tcp.TCPTransport$ConnectionHandler.lambda$run$0(TCPTransport.java:677)
	at java.base/java.security.AccessController.doPrivileged(Native Method)
	at java.rmi/sun.rmi.transport.tcp.TCPTransport$ConnectionHandler.run(TCPTransport.java:676)
	at java.base/java.util.concurrent.ThreadPoolExecutor.runWorker(ThreadPoolExecutor.java:1128)
	at java.base/java.util.concurrent.ThreadPoolExecutor$Worker.run(ThreadPoolExecutor.java:628)
	at java.base/java.lang.Thread.run(Thread.java:829)
	at java.rmi/sun.rmi.transport.StreamRemoteCall.exceptionReceivedFromServer(StreamRemoteCall.java:303)
	at java.rmi/sun.rmi.transport.StreamRemoteCall.executeCall(StreamRemoteCall.java:279)
	at java.rmi/sun.rmi.server.UnicastRef.invoke(UnicastRef.java:164)
	at java.rmi/java.rmi.server.RemoteObjectInvocationHandler.invokeRemoteMethod(RemoteObjectInvocationHandler.java:217)
	at java.rmi/java.rmi.server.RemoteObjectInvocationHandler.invoke(RemoteObjectInvocationHandler.java:162)
	at com.sun.proxy.$Proxy7.evosuite_collectStatistics(Unknown Source)
	at org.evosuite.rmi.service.ClientNodeImpl.updateStatistics(ClientNodeImpl.java:251)
	at org.evosuite.statistics.StatisticsSender.sendIndividualToMaster(StatisticsSender.java:62)
	at org.evosuite.statistics.StatisticsListener.lambda$new$0(StatisticsListener.java:76)
	at java.base/java.lang.Thread.run(Thread.java:829)
Caused by: java.lang.NoClassDefFoundError: com/fasterxml/jackson/databind/AnnotationIntrospector
	at java.base/java.lang.Class.getDeclaringClass0(Native Method)
	at java.base/java.lang.Class.getEnclosingClass(Class.java:1517)
	at org.evosuite.utils.generic.GenericClassUtils.isMissingTypeParameters(GenericClassUtils.java:74)
	at org.evosuite.utils.generic.GenericClassImpl.addTypeParameters(GenericClassImpl.java:63)
	at org.evosuite.utils.generic.GenericClassImpl.readObject(GenericClassImpl.java:1685)
	at jdk.internal.reflect.GeneratedMethodAccessor9.invoke(Unknown Source)
	at java.base/jdk.internal.reflect.DelegatingMethodAccessorImpl.invoke(DelegatingMethodAccessorImpl.java:43)
	at java.base/java.lang.reflect.Method.invoke(Method.java:566)
	at java.base/java.io.ObjectStreamClass.invokeReadObject(ObjectStreamClass.java:1046)
	at java.base/java.io.ObjectInputStream.readSerialData(ObjectInputStream.java:2357)
	at java.base/java.io.ObjectInputStream.readOrdinaryObject(ObjectInputStream.java:2228)
	at java.base/java.io.ObjectInputStream.readObject0(ObjectInputStream.java:1687)
	at java.base/java.io.ObjectInputStream.defaultReadFields(ObjectInputStream.java:2496)
	at java.base/java.io.ObjectInputStream.readSerialData(ObjectInputStream.java:2390)
	at java.base/java.io.ObjectInputStream.readOrdinaryObject(ObjectInputStream.java:2228)
	at java.base/java.io.ObjectInputStream.readObject0(ObjectInputStream.java:1687)
	at java.base/java.io.ObjectInputStream.defaultReadFields(ObjectInputStream.java:2496)
	at java.base/java.io.ObjectInputStream.readSerialData(ObjectInputStream.java:2390)
	at java.base/java.io.ObjectInputStream.readOrdinaryObject(ObjectInputStream.java:2228)
	at java.base/java.io.ObjectInputStream.readObject0(ObjectInputStream.java:1687)
	at java.base/java.io.ObjectInputStream.skipCustomData(ObjectInputStream.java:2451)
	at java.base/java.io.ObjectInputStream.readSerialData(ObjectInputStream.java:2400)
	at java.base/java.io.ObjectInputStream.readOrdinaryObject(ObjectInputStream.java:2228)
	at java.base/java.io.ObjectInputStream.readObject0(ObjectInputStream.java:1687)
	at java.base/java.io.ObjectInputStream.defaultReadFields(ObjectInputStream.java:2496)
	at java.base/java.io.ObjectInputStream.readSerialData(ObjectInputStream.java:2390)
	at java.base/java.io.ObjectInputStream.readOrdinaryObject(ObjectInputStream.java:2228)
	at java.base/java.io.ObjectInputStream.readObject0(ObjectInputStream.java:1687)
	at java.base/java.io.ObjectInputStream.defaultReadFields(ObjectInputStream.java:2496)
	at java.base/java.io.ObjectInputStream.defaultReadObject(ObjectInputStream.java:625)
	at org.evosuite.testcase.DefaultTestCase.readObject(DefaultTestCase.java:1217)
	at jdk.internal.reflect.GeneratedMethodAccessor14.invoke(Unknown Source)
	at java.base/jdk.internal.reflect.DelegatingMethodAccessorImpl.invoke(DelegatingMethodAccessorImpl.java:43)
	at java.base/java.lang.reflect.Method.invoke(Method.java:566)
	at java.base/java.io.ObjectStreamClass.invokeReadObject(ObjectStreamClass.java:1046)
	at java.base/java.io.ObjectInputStream.readSerialData(ObjectInputStream.java:2357)
	at java.base/java.io.ObjectInputStream.readOrdinaryObject(ObjectInputStream.java:2228)
	at java.base/java.io.ObjectInputStream.readObject0(ObjectInputStream.java:1687)
	at java.base/java.io.ObjectInputStream.defaultReadFields(ObjectInputStream.java:2496)
	at java.base/java.io.ObjectInputStream.readSerialData(ObjectInputStream.java:2390)
	at java.base/java.io.ObjectInputStream.readOrdinaryObject(ObjectInputStream.java:2228)
	at java.base/java.io.ObjectInputStream.readObject0(ObjectInputStream.java:1687)
	at java.base/java.io.ObjectInputStream.skipCustomData(ObjectInputStream.java:2451)
	at java.base/java.io.ObjectInputStream.readSerialData(ObjectInputStream.java:2400)
	at java.base/java.io.ObjectInputStream.readOrdinaryObject(ObjectInputStream.java:2228)
	at java.base/java.io.ObjectInputStream.readObject0(ObjectInputStream.java:1687)
	at java.base/java.io.ObjectInputStream.defaultReadFields(ObjectInputStream.java:2496)
	at java.base/java.io.ObjectInputStream.readSerialData(ObjectInputStream.java:2390)
	at java.base/java.io.ObjectInputStream.readOrdinaryObject(ObjectInputStream.java:2228)
	at java.base/java.io.ObjectInputStream.readObject0(ObjectInputStream.java:1687)
	at java.base/java.io.ObjectInputStream.readObject(ObjectInputStream.java:489)
	at java.base/java.io.ObjectInputStream.readObject(ObjectInputStream.java:447)
	at java.rmi/sun.rmi.server.UnicastRef.unmarshalValue(UnicastRef.java:327)
	at java.rmi/sun.rmi.server.UnicastServerRef.dispatch(UnicastServerRef.java:339)
	at java.rmi/sun.rmi.transport.Transport$1.run(Transport.java:200)
	at java.rmi/sun.rmi.transport.Transport$1.run(Transport.java:197)
	at java.base/java.security.AccessController.doPrivileged(Native Method)
	at java.rmi/sun.rmi.transport.Transport.serviceCall(Transport.java:196)
	at java.rmi/sun.rmi.transport.tcp.TCPTransport.handleMessages(TCPTransport.java:562)
	at java.rmi/sun.rmi.transport.tcp.TCPTransport$ConnectionHandler.run0(TCPTransport.java:796)
	at java.rmi/sun.rmi.transport.tcp.TCPTransport$ConnectionHandler.lambda$run$0(TCPTransport.java:677)
	at java.base/java.security.AccessController.doPrivileged(Native Method)
	at java.rmi/sun.rmi.transport.tcp.TCPTransport$ConnectionHandler.run(TCPTransport.java:676)
	at java.base/java.util.concurrent.ThreadPoolExecutor.runWorker(ThreadPoolExecutor.java:1128)
	at java.base/java.util.concurrent.ThreadPoolExecutor$Worker.run(ThreadPoolExecutor.java:628)
	... 1 common frames omitted
[Progress:========>                     29%] [Cov:=======>                           20%][Progress:=========>                    30%] [Cov:=======>                           20%][Progress:=========>                    30%] [Cov:=======>                           20%]GWO iteration=40 bestFitness=3455.997619047619 population=50 a=1.2
========== GWO EVOLVE iteration=40 population=50 ==========
[Progress:=========>                    30%] [Cov:=======>                           21%][Progress:=========>                    30%] [Cov:=======>                           21%][MASTER] 15:57:37.973 [logback-1] WARN  ClientNodeImpl - Cannot send statistics to master; continuing without statistics
java.rmi.ServerError: Error occurred in server thread; nested exception is: 
	java.lang.NoClassDefFoundError: com/fasterxml/jackson/databind/AnnotationIntrospector
	at java.rmi/sun.rmi.server.UnicastServerRef.dispatch(UnicastServerRef.java:388)
	at java.rmi/sun.rmi.transport.Transport$1.run(Transport.java:200)
	at java.rmi/sun.rmi.transport.Transport$1.run(Transport.java:197)
	at java.base/java.security.AccessController.doPrivileged(Native Method)
	at java.rmi/sun.rmi.transport.Transport.serviceCall(Transport.java:196)
	at java.rmi/sun.rmi.transport.tcp.TCPTransport.handleMessages(TCPTransport.java:562)
	at java.rmi/sun.rmi.transport.tcp.TCPTransport$ConnectionHandler.run0(TCPTransport.java:796)
	at java.rmi/sun.rmi.transport.tcp.TCPTransport$ConnectionHandler.lambda$run$0(TCPTransport.java:677)
	at java.base/java.security.AccessController.doPrivileged(Native Method)
	at java.rmi/sun.rmi.transport.tcp.TCPTransport$ConnectionHandler.run(TCPTransport.java:676)
	at java.base/java.util.concurrent.ThreadPoolExecutor.runWorker(ThreadPoolExecutor.java:1128)
	at java.base/java.util.concurrent.ThreadPoolExecutor$Worker.run(ThreadPoolExecutor.java:628)
	at java.base/java.lang.Thread.run(Thread.java:829)
	at java.rmi/sun.rmi.transport.StreamRemoteCall.exceptionReceivedFromServer(StreamRemoteCall.java:303)
	at java.rmi/sun.rmi.transport.StreamRemoteCall.executeCall(StreamRemoteCall.java:279)
	at java.rmi/sun.rmi.server.UnicastRef.invoke(UnicastRef.java:164)
	at java.rmi/java.rmi.server.RemoteObjectInvocationHandler.invokeRemoteMethod(RemoteObjectInvocationHandler.java:217)
	at java.rmi/java.rmi.server.RemoteObjectInvocationHandler.invoke(RemoteObjectInvocationHandler.java:162)
	at com.sun.proxy.$Proxy7.evosuite_collectStatistics(Unknown Source)
	at org.evosuite.rmi.service.ClientNodeImpl.updateStatistics(ClientNodeImpl.java:251)
	at org.evosuite.statistics.StatisticsSender.sendIndividualToMaster(StatisticsSender.java:62)
	at org.evosuite.statistics.StatisticsListener.lambda$new$0(StatisticsListener.java:76)
	at java.base/java.lang.Thread.run(Thread.java:829)
Caused by: java.lang.NoClassDefFoundError: com/fasterxml/jackson/databind/AnnotationIntrospector
	at java.base/java.lang.Class.getDeclaringClass0(Native Method)
	at java.base/java.lang.Class.getEnclosingClass(Class.java:1517)
	at org.evosuite.utils.generic.GenericClassUtils.isMissingTypeParameters(GenericClassUtils.java:74)
	at org.evosuite.utils.generic.GenericClassImpl.addTypeParameters(GenericClassImpl.java:63)
	at org.evosuite.utils.generic.GenericClassImpl.readObject(GenericClassImpl.java:1685)
	at jdk.internal.reflect.GeneratedMethodAccessor9.invoke(Unknown Source)
	at java.base/jdk.internal.reflect.DelegatingMethodAccessorImpl.invoke(DelegatingMethodAccessorImpl.java:43)
	at java.base/java.lang.reflect.Method.invoke(Method.java:566)
	at java.base/java.io.ObjectStreamClass.invokeReadObject(ObjectStreamClass.java:1046)
	at java.base/java.io.ObjectInputStream.readSerialData(ObjectInputStream.java:2357)
	at java.base/java.io.ObjectInputStream.readOrdinaryObject(ObjectInputStream.java:2228)
	at java.base/java.io.ObjectInputStream.readObject0(ObjectInputStream.java:1687)
	at java.base/java.io.ObjectInputStream.defaultReadFields(ObjectInputStream.java:2496)
	at java.base/java.io.ObjectInputStream.readSerialData(ObjectInputStream.java:2390)
	at java.base/java.io.ObjectInputStream.readOrdinaryObject(ObjectInputStream.java:2228)
	at java.base/java.io.ObjectInputStream.readObject0(ObjectInputStream.java:1687)
	at java.base/java.io.ObjectInputStream.defaultReadFields(ObjectInputStream.java:2496)
	at java.base/java.io.ObjectInputStream.readSerialData(ObjectInputStream.java:2390)
	at java.base/java.io.ObjectInputStream.readOrdinaryObject(ObjectInputStream.java:2228)
	at java.base/java.io.ObjectInputStream.readObject0(ObjectInputStream.java:1687)
	at java.base/java.io.ObjectInputStream.skipCustomData(ObjectInputStream.java:2451)
	at java.base/java.io.ObjectInputStream.readSerialData(ObjectInputStream.java:2400)
	at java.base/java.io.ObjectInputStream.readOrdinaryObject(ObjectInputStream.java:2228)
	at java.base/java.io.ObjectInputStream.readObject0(ObjectInputStream.java:1687)
	at java.base/java.io.ObjectInputStream.defaultReadFields(ObjectInputStream.java:2496)
	at java.base/java.io.ObjectInputStream.readSerialData(ObjectInputStream.java:2390)
	at java.base/java.io.ObjectInputStream.readOrdinaryObject(ObjectInputStream.java:2228)
	at java.base/java.io.ObjectInputStream.readObject0(ObjectInputStream.java:1687)
	at java.base/java.io.ObjectInputStream.defaultReadFields(ObjectInputStream.java:2496)
	at java.base/java.io.ObjectInputStream.defaultReadObject(ObjectInputStream.java:625)
	at org.evosuite.testcase.DefaultTestCase.readObject(DefaultTestCase.java:1217)
	at jdk.internal.reflect.GeneratedMethodAccessor14.invoke(Unknown Source)
	at java.base/jdk.internal.reflect.DelegatingMethodAccessorImpl.invoke(DelegatingMethodAccessorImpl.java:43)
	at java.base/java.lang.reflect.Method.invoke(Method.java:566)
	at java.base/java.io.ObjectStreamClass.invokeReadObject(ObjectStreamClass.java:1046)
	at java.base/java.io.ObjectInputStream.readSerialData(ObjectInputStream.java:2357)
	at java.base/java.io.ObjectInputStream.readOrdinaryObject(ObjectInputStream.java:2228)
	at java.base/java.io.ObjectInputStream.readObject0(ObjectInputStream.java:1687)
	at java.base/java.io.ObjectInputStream.defaultReadFields(ObjectInputStream.java:2496)
	at java.base/java.io.ObjectInputStream.readSerialData(ObjectInputStream.java:2390)
	at java.base/java.io.ObjectInputStream.readOrdinaryObject(ObjectInputStream.java:2228)
	at java.base/java.io.ObjectInputStream.readObject0(ObjectInputStream.java:1687)
	at java.base/java.io.ObjectInputStream.skipCustomData(ObjectInputStream.java:2451)
	at java.base/java.io.ObjectInputStream.readSerialData(ObjectInputStream.java:2400)
	at java.base/java.io.ObjectInputStream.readOrdinaryObject(ObjectInputStream.java:2228)
	at java.base/java.io.ObjectInputStream.readObject0(ObjectInputStream.java:1687)
	at java.base/java.io.ObjectInputStream.defaultReadFields(ObjectInputStream.java:2496)
	at java.base/java.io.ObjectInputStream.readSerialData(ObjectInputStream.java:2390)
	at java.base/java.io.ObjectInputStream.readOrdinaryObject(ObjectInputStream.java:2228)
	at java.base/java.io.ObjectInputStream.readObject0(ObjectInputStream.java:1687)
	at java.base/java.io.ObjectInputStream.readObject(ObjectInputStream.java:489)
	at java.base/java.io.ObjectInputStream.readObject(ObjectInputStream.java:447)
	at java.rmi/sun.rmi.server.UnicastRef.unmarshalValue(UnicastRef.java:327)
	at java.rmi/sun.rmi.server.UnicastServerRef.dispatch(UnicastServerRef.java:339)
	at java.rmi/sun.rmi.transport.Transport$1.run(Transport.java:200)
	at java.rmi/sun.rmi.transport.Transport$1.run(Transport.java:197)
	at java.base/java.security.AccessController.doPrivileged(Native Method)
	at java.rmi/sun.rmi.transport.Transport.serviceCall(Transport.java:196)
	at java.rmi/sun.rmi.transport.tcp.TCPTransport.handleMessages(TCPTransport.java:562)
	at java.rmi/sun.rmi.transport.tcp.TCPTransport$ConnectionHandler.run0(TCPTransport.java:796)
	at java.rmi/sun.rmi.transport.tcp.TCPTransport$ConnectionHandler.lambda$run$0(TCPTransport.java:677)
	at java.base/java.security.AccessController.doPrivileged(Native Method)
	at java.rmi/sun.rmi.transport.tcp.TCPTransport$ConnectionHandler.run(TCPTransport.java:676)
	at java.base/java.util.concurrent.ThreadPoolExecutor.runWorker(ThreadPoolExecutor.java:1128)
	at java.base/java.util.concurrent.ThreadPoolExecutor$Worker.run(ThreadPoolExecutor.java:628)
	... 1 common frames omitted
[MASTER] 15:57:38.264 [logback-1] WARN  ClientNodeImpl - Cannot send statistics to master; continuing without statistics
java.rmi.ServerError: Error occurred in server thread; nested exception is: 
	java.lang.NoClassDefFoundError: com/fasterxml/jackson/databind/AnnotationIntrospector
	at java.rmi/sun.rmi.server.UnicastServerRef.dispatch(UnicastServerRef.java:388)
	at java.rmi/sun.rmi.transport.Transport$1.run(Transport.java:200)
	at java.rmi/sun.rmi.transport.Transport$1.run(Transport.java:197)
	at java.base/java.security.AccessController.doPrivileged(Native Method)
	at java.rmi/sun.rmi.transport.Transport.serviceCall(Transport.java:196)
	at java.rmi/sun.rmi.transport.tcp.TCPTransport.handleMessages(TCPTransport.java:562)
	at java.rmi/sun.rmi.transport.tcp.TCPTransport$ConnectionHandler.run0(TCPTransport.java:796)
	at java.rmi/sun.rmi.transport.tcp.TCPTransport$ConnectionHandler.lambda$run$0(TCPTransport.java:677)
	at java.base/java.security.AccessController.doPrivileged(Native Method)
	at java.rmi/sun.rmi.transport.tcp.TCPTransport$ConnectionHandler.run(TCPTransport.java:676)
	at java.base/java.util.concurrent.ThreadPoolExecutor.runWorker(ThreadPoolExecutor.java:1128)
	at java.base/java.util.concurrent.ThreadPoolExecutor$Worker.run(ThreadPoolExecutor.java:628)
	at java.base/java.lang.Thread.run(Thread.java:829)
	at java.rmi/sun.rmi.transport.StreamRemoteCall.exceptionReceivedFromServer(StreamRemoteCall.java:303)
	at java.rmi/sun.rmi.transport.StreamRemoteCall.executeCall(StreamRemoteCall.java:279)
	at java.rmi/sun.rmi.server.UnicastRef.invoke(UnicastRef.java:164)
	at java.rmi/java.rmi.server.RemoteObjectInvocationHandler.invokeRemoteMethod(RemoteObjectInvocationHandler.java:217)
	at java.rmi/java.rmi.server.RemoteObjectInvocationHandler.invoke(RemoteObjectInvocationHandler.java:162)
	at com.sun.proxy.$Proxy7.evosuite_collectStatistics(Unknown Source)
	at org.evosuite.rmi.service.ClientNodeImpl.updateStatistics(ClientNodeImpl.java:251)
	at org.evosuite.statistics.StatisticsSender.sendIndividualToMaster(StatisticsSender.java:62)
	at org.evosuite.statistics.StatisticsListener.lambda$new$0(StatisticsListener.java:76)
	at java.base/java.lang.Thread.run(Thread.java:829)
Caused by: java.lang.NoClassDefFoundError: com/fasterxml/jackson/databind/AnnotationIntrospector
	at java.base/java.lang.Class.getDeclaringClass0(Native Method)
	at java.base/java.lang.Class.getEnclosingClass(Class.java:1517)
	at org.evosuite.utils.generic.GenericClassUtils.isMissingTypeParameters(GenericClassUtils.java:74)
	at org.evosuite.utils.generic.GenericClassImpl.addTypeParameters(GenericClassImpl.java:63)
	at org.evosuite.utils.generic.GenericClassImpl.readObject(GenericClassImpl.java:1685)
	at jdk.internal.reflect.GeneratedMethodAccessor9.invoke(Unknown Source)
	at java.base/jdk.internal.reflect.DelegatingMethodAccessorImpl.invoke(DelegatingMethodAccessorImpl.java:43)
	at java.base/java.lang.reflect.Method.invoke(Method.java:566)
	at java.base/java.io.ObjectStreamClass.invokeReadObject(ObjectStreamClass.java:1046)
	at java.base/java.io.ObjectInputStream.readSerialData(ObjectInputStream.java:2357)
	at java.base/java.io.ObjectInputStream.readOrdinaryObject(ObjectInputStream.java:2228)
	at java.base/java.io.ObjectInputStream.readObject0(ObjectInputStream.java:1687)
	at java.base/java.io.ObjectInputStream.defaultReadFields(ObjectInputStream.java:2496)
	at java.base/java.io.ObjectInputStream.readSerialData(ObjectInputStream.java:2390)
	at java.base/java.io.ObjectInputStream.readOrdinaryObject(ObjectInputStream.java:2228)
	at java.base/java.io.ObjectInputStream.readObject0(ObjectInputStream.java:1687)
	at java.base/java.io.ObjectInputStream.defaultReadFields(ObjectInputStream.java:2496)
	at java.base/java.io.ObjectInputStream.readSerialData(ObjectInputStream.java:2390)
	at java.base/java.io.ObjectInputStream.readOrdinaryObject(ObjectInputStream.java:2228)
	at java.base/java.io.ObjectInputStream.readObject0(ObjectInputStream.java:1687)
	at java.base/java.io.ObjectInputStream.skipCustomData(ObjectInputStream.java:2451)
	at java.base/java.io.ObjectInputStream.readSerialData(ObjectInputStream.java:2400)
	at java.base/java.io.ObjectInputStream.readOrdinaryObject(ObjectInputStream.java:2228)
	at java.base/java.io.ObjectInputStream.readObject0(ObjectInputStream.java:1687)
	at java.base/java.io.ObjectInputStream.defaultReadFields(ObjectInputStream.java:2496)
	at java.base/java.io.ObjectInputStream.readSerialData(ObjectInputStream.java:2390)
	at java.base/java.io.ObjectInputStream.readOrdinaryObject(ObjectInputStream.java:2228)
	at java.base/java.io.ObjectInputStream.readObject0(ObjectInputStream.java:1687)
	at java.base/java.io.ObjectInputStream.defaultReadFields(ObjectInputStream.java:2496)
	at java.base/java.io.ObjectInputStream.defaultReadObject(ObjectInputStream.java:625)
	at org.evosuite.testcase.DefaultTestCase.readObject(DefaultTestCase.java:1217)
	at jdk.internal.reflect.GeneratedMethodAccessor14.invoke(Unknown Source)
	at java.base/jdk.internal.reflect.DelegatingMethodAccessorImpl.invoke(DelegatingMethodAccessorImpl.java:43)
	at java.base/java.lang.reflect.Method.invoke(Method.java:566)
	at java.base/java.io.ObjectStreamClass.invokeReadObject(ObjectStreamClass.java:1046)
	at java.base/java.io.ObjectInputStream.readSerialData(ObjectInputStream.java:2357)
	at java.base/java.io.ObjectInputStream.readOrdinaryObject(ObjectInputStream.java:2228)
	at java.base/java.io.ObjectInputStream.readObject0(ObjectInputStream.java:1687)
	at java.base/java.io.ObjectInputStream.defaultReadFields(ObjectInputStream.java:2496)
	at java.base/java.io.ObjectInputStream.readSerialData(ObjectInputStream.java:2390)
	at java.base/java.io.ObjectInputStream.readOrdinaryObject(ObjectInputStream.java:2228)
	at java.base/java.io.ObjectInputStream.readObject0(ObjectInputStream.java:1687)
	at java.base/java.io.ObjectInputStream.skipCustomData(ObjectInputStream.java:2451)
	at java.base/java.io.ObjectInputStream.readSerialData(ObjectInputStream.java:2400)
	at java.base/java.io.ObjectInputStream.readOrdinaryObject(ObjectInputStream.java:2228)
	at java.base/java.io.ObjectInputStream.readObject0(ObjectInputStream.java:1687)
	at java.base/java.io.ObjectInputStream.defaultReadFields(ObjectInputStream.java:2496)
	at java.base/java.io.ObjectInputStream.readSerialData(ObjectInputStream.java:2390)
	at java.base/java.io.ObjectInputStream.readOrdinaryObject(ObjectInputStream.java:2228)
	at java.base/java.io.ObjectInputStream.readObject0(ObjectInputStream.java:1687)
	at java.base/java.io.ObjectInputStream.readObject(ObjectInputStream.java:489)
	at java.base/java.io.ObjectInputStream.readObject(ObjectInputStream.java:447)
	at java.rmi/sun.rmi.server.UnicastRef.unmarshalValue(UnicastRef.java:327)
	at java.rmi/sun.rmi.server.UnicastServerRef.dispatch(UnicastServerRef.java:339)
	at java.rmi/sun.rmi.transport.Transport$1.run(Transport.java:200)
	at java.rmi/sun.rmi.transport.Transport$1.run(Transport.java:197)
	at java.base/java.security.AccessController.doPrivileged(Native Method)
	at java.rmi/sun.rmi.transport.Transport.serviceCall(Transport.java:196)
	at java.rmi/sun.rmi.transport.tcp.TCPTransport.handleMessages(TCPTransport.java:562)
	at java.rmi/sun.rmi.transport.tcp.TCPTransport$ConnectionHandler.run0(TCPTransport.java:796)
	at java.rmi/sun.rmi.transport.tcp.TCPTransport$ConnectionHandler.lambda$run$0(TCPTransport.java:677)
	at java.base/java.security.AccessController.doPrivileged(Native Method)
	at java.rmi/sun.rmi.transport.tcp.TCPTransport$ConnectionHandler.run(TCPTransport.java:676)
	at java.base/java.util.concurrent.ThreadPoolExecutor.runWorker(ThreadPoolExecutor.java:1128)
	at java.base/java.util.concurrent.ThreadPoolExecutor$Worker.run(ThreadPoolExecutor.java:628)
	... 1 common frames omitted
[MASTER] 15:57:38.572 [logback-1] WARN  ClientNodeImpl - Cannot send statistics to master; continuing without statistics
java.rmi.ServerError: Error occurred in server thread; nested exception is: 
	java.lang.NoClassDefFoundError: com/fasterxml/jackson/databind/AnnotationIntrospector
	at java.rmi/sun.rmi.server.UnicastServerRef.dispatch(UnicastServerRef.java:388)
	at java.rmi/sun.rmi.transport.Transport$1.run(Transport.java:200)
	at java.rmi/sun.rmi.transport.Transport$1.run(Transport.java:197)
	at java.base/java.security.AccessController.doPrivileged(Native Method)
	at java.rmi/sun.rmi.transport.Transport.serviceCall(Transport.java:196)
	at java.rmi/sun.rmi.transport.tcp.TCPTransport.handleMessages(TCPTransport.java:562)
	at java.rmi/sun.rmi.transport.tcp.TCPTransport$ConnectionHandler.run0(TCPTransport.java:796)
	at java.rmi/sun.rmi.transport.tcp.TCPTransport$ConnectionHandler.lambda$run$0(TCPTransport.java:677)
	at java.base/java.security.AccessController.doPrivileged(Native Method)
	at java.rmi/sun.rmi.transport.tcp.TCPTransport$ConnectionHandler.run(TCPTransport.java:676)
	at java.base/java.util.concurrent.ThreadPoolExecutor.runWorker(ThreadPoolExecutor.java:1128)
	at java.base/java.util.concurrent.ThreadPoolExecutor$Worker.run(ThreadPoolExecutor.java:628)
	at java.base/java.lang.Thread.run(Thread.java:829)
	at java.rmi/sun.rmi.transport.StreamRemoteCall.exceptionReceivedFromServer(StreamRemoteCall.java:303)
	at java.rmi/sun.rmi.transport.StreamRemoteCall.executeCall(StreamRemoteCall.java:279)
	at java.rmi/sun.rmi.server.UnicastRef.invoke(UnicastRef.java:164)
	at java.rmi/java.rmi.server.RemoteObjectInvocationHandler.invokeRemoteMethod(RemoteObjectInvocationHandler.java:217)
	at java.rmi/java.rmi.server.RemoteObjectInvocationHandler.invoke(RemoteObjectInvocationHandler.java:162)
	at com.sun.proxy.$Proxy7.evosuite_collectStatistics(Unknown Source)
	at org.evosuite.rmi.service.ClientNodeImpl.updateStatistics(ClientNodeImpl.java:251)
	at org.evosuite.statistics.StatisticsSender.sendIndividualToMaster(StatisticsSender.java:62)
	at org.evosuite.statistics.StatisticsListener.lambda$new$0(StatisticsListener.java:76)
	at java.base/java.lang.Thread.run(Thread.java:829)
Caused by: java.lang.NoClassDefFoundError: com/fasterxml/jackson/databind/AnnotationIntrospector
	at java.base/java.lang.Class.getDeclaringClass0(Native Method)
	at java.base/java.lang.Class.getEnclosingClass(Class.java:1517)
	at org.evosuite.utils.generic.GenericClassUtils.isMissingTypeParameters(GenericClassUtils.java:74)
	at org.evosuite.utils.generic.GenericClassImpl.addTypeParameters(GenericClassImpl.java:63)
	at org.evosuite.utils.generic.GenericClassImpl.readObject(GenericClassImpl.java:1685)
	at jdk.internal.reflect.GeneratedMethodAccessor9.invoke(Unknown Source)
	at java.base/jdk.internal.reflect.DelegatingMethodAccessorImpl.invoke(DelegatingMethodAccessorImpl.java:43)
	at java.base/java.lang.reflect.Method.invoke(Method.java:566)
	at java.base/java.io.ObjectStreamClass.invokeReadObject(ObjectStreamClass.java:1046)
	at java.base/java.io.ObjectInputStream.readSerialData(ObjectInputStream.java:2357)
	at java.base/java.io.ObjectInputStream.readOrdinaryObject(ObjectInputStream.java:2228)
	at java.base/java.io.ObjectInputStream.readObject0(ObjectInputStream.java:1687)
	at java.base/java.io.ObjectInputStream.defaultReadFields(ObjectInputStream.java:2496)
	at java.base/java.io.ObjectInputStream.readSerialData(ObjectInputStream.java:2390)
	at java.base/java.io.ObjectInputStream.readOrdinaryObject(ObjectInputStream.java:2228)
	at java.base/java.io.ObjectInputStream.readObject0(ObjectInputStream.java:1687)
	at java.base/java.io.ObjectInputStream.defaultReadFields(ObjectInputStream.java:2496)
	at java.base/java.io.ObjectInputStream.readSerialData(ObjectInputStream.java:2390)
	at java.base/java.io.ObjectInputStream.readOrdinaryObject(ObjectInputStream.java:2228)
	at java.base/java.io.ObjectInputStream.readObject0(ObjectInputStream.java:1687)
	at java.base/java.io.ObjectInputStream.skipCustomData(ObjectInputStream.java:2451)
	at java.base/java.io.ObjectInputStream.readSerialData(ObjectInputStream.java:2400)
	at java.base/java.io.ObjectInputStream.readOrdinaryObject(ObjectInputStream.java:2228)
	at java.base/java.io.ObjectInputStream.readObject0(ObjectInputStream.java:1687)
	at java.base/java.io.ObjectInputStream.defaultReadFields(ObjectInputStream.java:2496)
	at java.base/java.io.ObjectInputStream.readSerialData(ObjectInputStream.java:2390)
	at java.base/java.io.ObjectInputStream.readOrdinaryObject(ObjectInputStream.java:2228)
	at java.base/java.io.ObjectInputStream.readObject0(ObjectInputStream.java:1687)
	at java.base/java.io.ObjectInputStream.defaultReadFields(ObjectInputStream.java:2496)
	at java.base/java.io.ObjectInputStream.defaultReadObject(ObjectInputStream.java:625)
	at org.evosuite.testcase.DefaultTestCase.readObject(DefaultTestCase.java:1217)
	at jdk.internal.reflect.GeneratedMethodAccessor14.invoke(Unknown Source)
	at java.base/jdk.internal.reflect.DelegatingMethodAccessorImpl.invoke(DelegatingMethodAccessorImpl.java:43)
	at java.base/java.lang.reflect.Method.invoke(Method.java:566)
	at java.base/java.io.ObjectStreamClass.invokeReadObject(ObjectStreamClass.java:1046)
	at java.base/java.io.ObjectInputStream.readSerialData(ObjectInputStream.java:2357)
	at java.base/java.io.ObjectInputStream.readOrdinaryObject(ObjectInputStream.java:2228)
	at java.base/java.io.ObjectInputStream.readObject0(ObjectInputStream.java:1687)
	at java.base/java.io.ObjectInputStream.defaultReadFields(ObjectInputStream.java:2496)
	at java.base/java.io.ObjectInputStream.readSerialData(ObjectInputStream.java:2390)
	at java.base/java.io.ObjectInputStream.readOrdinaryObject(ObjectInputStream.java:2228)
	at java.base/java.io.ObjectInputStream.readObject0(ObjectInputStream.java:1687)
	at java.base/java.io.ObjectInputStream.skipCustomData(ObjectInputStream.java:2451)
	at java.base/java.io.ObjectInputStream.readSerialData(ObjectInputStream.java:2400)
	at java.base/java.io.ObjectInputStream.readOrdinaryObject(ObjectInputStream.java:2228)
	at java.base/java.io.ObjectInputStream.readObject0(ObjectInputStream.java:1687)
	at java.base/java.io.ObjectInputStream.defaultReadFields(ObjectInputStream.java:2496)
	at java.base/java.io.ObjectInputStream.readSerialData(ObjectInputStream.java:2390)
	at java.base/java.io.ObjectInputStream.readOrdinaryObject(ObjectInputStream.java:2228)
	at java.base/java.io.ObjectInputStream.readObject0(ObjectInputStream.java:1687)
	at java.base/java.io.ObjectInputStream.readObject(ObjectInputStream.java:489)
	at java.base/java.io.ObjectInputStream.readObject(ObjectInputStream.java:447)
	at java.rmi/sun.rmi.server.UnicastRef.unmarshalValue(UnicastRef.java:327)
	at java.rmi/sun.rmi.server.UnicastServerRef.dispatch(UnicastServerRef.java:339)
	at java.rmi/sun.rmi.transport.Transport$1.run(Transport.java:200)
	at java.rmi/sun.rmi.transport.Transport$1.run(Transport.java:197)
	at java.base/java.security.AccessController.doPrivileged(Native Method)
	at java.rmi/sun.rmi.transport.Transport.serviceCall(Transport.java:196)
	at java.rmi/sun.rmi.transport.tcp.TCPTransport.handleMessages(TCPTransport.java:562)
	at java.rmi/sun.rmi.transport.tcp.TCPTransport$ConnectionHandler.run0(TCPTransport.java:796)
	at java.rmi/sun.rmi.transport.tcp.TCPTransport$ConnectionHandler.lambda$run$0(TCPTransport.java:677)
	at java.base/java.security.AccessController.doPrivileged(Native Method)
	at java.rmi/sun.rmi.transport.tcp.TCPTransport$ConnectionHandler.run(TCPTransport.java:676)
	at java.base/java.util.concurrent.ThreadPoolExecutor.runWorker(ThreadPoolExecutor.java:1128)
	at java.base/java.util.concurrent.ThreadPoolExecutor$Worker.run(ThreadPoolExecutor.java:628)
	... 1 common frames omitted
[Progress:=========>                    30%] [Cov:=======>                           21%][Progress:=========>                    31%] [Cov:=======>                           20%][Progress:=========>                    31%] [Cov:=======>                           21%][Progress:=========>                    31%] [Cov:=======>                           21%][MASTER] 15:57:39.698 [logback-1] WARN  ClientNodeImpl - Cannot send statistics to master; continuing without statistics
java.rmi.ServerError: Error occurred in server thread; nested exception is: 
	java.lang.NoClassDefFoundError: com/fasterxml/jackson/databind/AnnotationIntrospector
	at java.rmi/sun.rmi.server.UnicastServerRef.dispatch(UnicastServerRef.java:388)
	at java.rmi/sun.rmi.transport.Transport$1.run(Transport.java:200)
	at java.rmi/sun.rmi.transport.Transport$1.run(Transport.java:197)
	at java.base/java.security.AccessController.doPrivileged(Native Method)
	at java.rmi/sun.rmi.transport.Transport.serviceCall(Transport.java:196)
	at java.rmi/sun.rmi.transport.tcp.TCPTransport.handleMessages(TCPTransport.java:562)
	at java.rmi/sun.rmi.transport.tcp.TCPTransport$ConnectionHandler.run0(TCPTransport.java:796)
	at java.rmi/sun.rmi.transport.tcp.TCPTransport$ConnectionHandler.lambda$run$0(TCPTransport.java:677)
	at java.base/java.security.AccessController.doPrivileged(Native Method)
	at java.rmi/sun.rmi.transport.tcp.TCPTransport$ConnectionHandler.run(TCPTransport.java:676)
	at java.base/java.util.concurrent.ThreadPoolExecutor.runWorker(ThreadPoolExecutor.java:1128)
	at java.base/java.util.concurrent.ThreadPoolExecutor$Worker.run(ThreadPoolExecutor.java:628)
	at java.base/java.lang.Thread.run(Thread.java:829)
	at java.rmi/sun.rmi.transport.StreamRemoteCall.exceptionReceivedFromServer(StreamRemoteCall.java:303)
	at java.rmi/sun.rmi.transport.StreamRemoteCall.executeCall(StreamRemoteCall.java:279)
	at java.rmi/sun.rmi.server.UnicastRef.invoke(UnicastRef.java:164)
	at java.rmi/java.rmi.server.RemoteObjectInvocationHandler.invokeRemoteMethod(RemoteObjectInvocationHandler.java:217)
	at java.rmi/java.rmi.server.RemoteObjectInvocationHandler.invoke(RemoteObjectInvocationHandler.java:162)
	at com.sun.proxy.$Proxy7.evosuite_collectStatistics(Unknown Source)
	at org.evosuite.rmi.service.ClientNodeImpl.updateStatistics(ClientNodeImpl.java:251)
	at org.evosuite.statistics.StatisticsSender.sendIndividualToMaster(StatisticsSender.java:62)
	at org.evosuite.statistics.StatisticsListener.lambda$new$0(StatisticsListener.java:76)
	at java.base/java.lang.Thread.run(Thread.java:829)
Caused by: java.lang.NoClassDefFoundError: com/fasterxml/jackson/databind/AnnotationIntrospector
	at java.base/java.lang.Class.getDeclaringClass0(Native Method)
	at java.base/java.lang.Class.getEnclosingClass(Class.java:1517)
	at org.evosuite.utils.generic.GenericClassUtils.isMissingTypeParameters(GenericClassUtils.java:74)
	at org.evosuite.utils.generic.GenericClassImpl.addTypeParameters(GenericClassImpl.java:63)
	at org.evosuite.utils.generic.GenericClassImpl.readObject(GenericClassImpl.java:1685)
	at jdk.internal.reflect.GeneratedMethodAccessor9.invoke(Unknown Source)
	at java.base/jdk.internal.reflect.DelegatingMethodAccessorImpl.invoke(DelegatingMethodAccessorImpl.java:43)
	at java.base/java.lang.reflect.Method.invoke(Method.java:566)
	at java.base/java.io.ObjectStreamClass.invokeReadObject(ObjectStreamClass.java:1046)
	at java.base/java.io.ObjectInputStream.readSerialData(ObjectInputStream.java:2357)
	at java.base/java.io.ObjectInputStream.readOrdinaryObject(ObjectInputStream.java:2228)
	at java.base/java.io.ObjectInputStream.readObject0(ObjectInputStream.java:1687)
	at java.base/java.io.ObjectInputStream.defaultReadFields(ObjectInputStream.java:2496)
	at java.base/java.io.ObjectInputStream.readSerialData(ObjectInputStream.java:2390)
	at java.base/java.io.ObjectInputStream.readOrdinaryObject(ObjectInputStream.java:2228)
	at java.base/java.io.ObjectInputStream.readObject0(ObjectInputStream.java:1687)
	at java.base/java.io.ObjectInputStream.defaultReadFields(ObjectInputStream.java:2496)
	at java.base/java.io.ObjectInputStream.readSerialData(ObjectInputStream.java:2390)
	at java.base/java.io.ObjectInputStream.readOrdinaryObject(ObjectInputStream.java:2228)
	at java.base/java.io.ObjectInputStream.readObject0(ObjectInputStream.java:1687)
	at java.base/java.io.ObjectInputStream.skipCustomData(ObjectInputStream.java:2451)
	at java.base/java.io.ObjectInputStream.readSerialData(ObjectInputStream.java:2400)
	at java.base/java.io.ObjectInputStream.readOrdinaryObject(ObjectInputStream.java:2228)
	at java.base/java.io.ObjectInputStream.readObject0(ObjectInputStream.java:1687)
	at java.base/java.io.ObjectInputStream.defaultReadFields(ObjectInputStream.java:2496)
	at java.base/java.io.ObjectInputStream.readSerialData(ObjectInputStream.java:2390)
	at java.base/java.io.ObjectInputStream.readOrdinaryObject(ObjectInputStream.java:2228)
	at java.base/java.io.ObjectInputStream.readObject0(ObjectInputStream.java:1687)
	at java.base/java.io.ObjectInputStream.defaultReadFields(ObjectInputStream.java:2496)
	at java.base/java.io.ObjectInputStream.defaultReadObject(ObjectInputStream.java:625)
	at org.evosuite.testcase.DefaultTestCase.readObject(DefaultTestCase.java:1217)
	at jdk.internal.reflect.GeneratedMethodAccessor14.invoke(Unknown Source)
	at java.base/jdk.internal.reflect.DelegatingMethodAccessorImpl.invoke(DelegatingMethodAccessorImpl.java:43)
	at java.base/java.lang.reflect.Method.invoke(Method.java:566)
	at java.base/java.io.ObjectStreamClass.invokeReadObject(ObjectStreamClass.java:1046)
	at java.base/java.io.ObjectInputStream.readSerialData(ObjectInputStream.java:2357)
	at java.base/java.io.ObjectInputStream.readOrdinaryObject(ObjectInputStream.java:2228)
	at java.base/java.io.ObjectInputStream.readObject0(ObjectInputStream.java:1687)
	at java.base/java.io.ObjectInputStream.defaultReadFields(ObjectInputStream.java:2496)
	at java.base/java.io.ObjectInputStream.readSerialData(ObjectInputStream.java:2390)
	at java.base/java.io.ObjectInputStream.readOrdinaryObject(ObjectInputStream.java:2228)
	at java.base/java.io.ObjectInputStream.readObject0(ObjectInputStream.java:1687)
	at java.base/java.io.ObjectInputStream.skipCustomData(ObjectInputStream.java:2451)
	at java.base/java.io.ObjectInputStream.readSerialData(ObjectInputStream.java:2400)
	at java.base/java.io.ObjectInputStream.readOrdinaryObject(ObjectInputStream.java:2228)
	at java.base/java.io.ObjectInputStream.readObject0(ObjectInputStream.java:1687)
	at java.base/java.io.ObjectInputStream.defaultReadFields(ObjectInputStream.java:2496)
	at java.base/java.io.ObjectInputStream.readSerialData(ObjectInputStream.java:2390)
	at java.base/java.io.ObjectInputStream.readOrdinaryObject(ObjectInputStream.java:2228)
	at java.base/java.io.ObjectInputStream.readObject0(ObjectInputStream.java:1687)
	at java.base/java.io.ObjectInputStream.readObject(ObjectInputStream.java:489)
	at java.base/java.io.ObjectInputStream.readObject(ObjectInputStream.java:447)
	at java.rmi/sun.rmi.server.UnicastRef.unmarshalValue(UnicastRef.java:327)
	at java.rmi/sun.rmi.server.UnicastServerRef.dispatch(UnicastServerRef.java:339)
	at java.rmi/sun.rmi.transport.Transport$1.run(Transport.java:200)
	at java.rmi/sun.rmi.transport.Transport$1.run(Transport.java:197)
	at java.base/java.security.AccessController.doPrivileged(Native Method)
	at java.rmi/sun.rmi.transport.Transport.serviceCall(Transport.java:196)
	at java.rmi/sun.rmi.transport.tcp.TCPTransport.handleMessages(TCPTransport.java:562)
	at java.rmi/sun.rmi.transport.tcp.TCPTransport$ConnectionHandler.run0(TCPTransport.java:796)
	at java.rmi/sun.rmi.transport.tcp.TCPTransport$ConnectionHandler.lambda$run$0(TCPTransport.java:677)
	at java.base/java.security.AccessController.doPrivileged(Native Method)
	at java.rmi/sun.rmi.transport.tcp.TCPTransport$ConnectionHandler.run(TCPTransport.java:676)
	at java.base/java.util.concurrent.ThreadPoolExecutor.runWorker(ThreadPoolExecutor.java:1128)
	at java.base/java.util.concurrent.ThreadPoolExecutor$Worker.run(ThreadPoolExecutor.java:628)
	... 1 common frames omitted
[Progress:=========>                    32%] [Cov:=======>                           21%][MASTER] 15:57:40.029 [logback-1] WARN  ClientNodeImpl - Cannot send statistics to master; continuing without statistics
java.rmi.ServerError: Error occurred in server thread; nested exception is: 
	java.lang.NoClassDefFoundError: com/fasterxml/jackson/databind/AnnotationIntrospector
	at java.rmi/sun.rmi.server.UnicastServerRef.dispatch(UnicastServerRef.java:388)
	at java.rmi/sun.rmi.transport.Transport$1.run(Transport.java:200)
	at java.rmi/sun.rmi.transport.Transport$1.run(Transport.java:197)
	at java.base/java.security.AccessController.doPrivileged(Native Method)
	at java.rmi/sun.rmi.transport.Transport.serviceCall(Transport.java:196)
	at java.rmi/sun.rmi.transport.tcp.TCPTransport.handleMessages(TCPTransport.java:562)
	at java.rmi/sun.rmi.transport.tcp.TCPTransport$ConnectionHandler.run0(TCPTransport.java:796)
	at java.rmi/sun.rmi.transport.tcp.TCPTransport$ConnectionHandler.lambda$run$0(TCPTransport.java:677)
	at java.base/java.security.AccessController.doPrivileged(Native Method)
	at java.rmi/sun.rmi.transport.tcp.TCPTransport$ConnectionHandler.run(TCPTransport.java:676)
	at java.base/java.util.concurrent.ThreadPoolExecutor.runWorker(ThreadPoolExecutor.java:1128)
	at java.base/java.util.concurrent.ThreadPoolExecutor$Worker.run(ThreadPoolExecutor.java:628)
	at java.base/java.lang.Thread.run(Thread.java:829)
	at java.rmi/sun.rmi.transport.StreamRemoteCall.exceptionReceivedFromServer(StreamRemoteCall.java:303)
	at java.rmi/sun.rmi.transport.StreamRemoteCall.executeCall(StreamRemoteCall.java:279)
	at java.rmi/sun.rmi.server.UnicastRef.invoke(UnicastRef.java:164)
	at java.rmi/java.rmi.server.RemoteObjectInvocationHandler.invokeRemoteMethod(RemoteObjectInvocationHandler.java:217)
	at java.rmi/java.rmi.server.RemoteObjectInvocationHandler.invoke(RemoteObjectInvocationHandler.java:162)
	at com.sun.proxy.$Proxy7.evosuite_collectStatistics(Unknown Source)
	at org.evosuite.rmi.service.ClientNodeImpl.updateStatistics(ClientNodeImpl.java:251)
	at org.evosuite.statistics.StatisticsSender.sendIndividualToMaster(StatisticsSender.java:62)
	at org.evosuite.statistics.StatisticsListener.lambda$new$0(StatisticsListener.java:76)
	at java.base/java.lang.Thread.run(Thread.java:829)
Caused by: java.lang.NoClassDefFoundError: com/fasterxml/jackson/databind/AnnotationIntrospector
	at java.base/java.lang.Class.getDeclaringClass0(Native Method)
	at java.base/java.lang.Class.getEnclosingClass(Class.java:1517)
	at org.evosuite.utils.generic.GenericClassUtils.isMissingTypeParameters(GenericClassUtils.java:74)
	at org.evosuite.utils.generic.GenericClassImpl.addTypeParameters(GenericClassImpl.java:63)
	at org.evosuite.utils.generic.GenericClassImpl.readObject(GenericClassImpl.java:1685)
	at jdk.internal.reflect.GeneratedMethodAccessor9.invoke(Unknown Source)
	at java.base/jdk.internal.reflect.DelegatingMethodAccessorImpl.invoke(DelegatingMethodAccessorImpl.java:43)
	at java.base/java.lang.reflect.Method.invoke(Method.java:566)
	at java.base/java.io.ObjectStreamClass.invokeReadObject(ObjectStreamClass.java:1046)
	at java.base/java.io.ObjectInputStream.readSerialData(ObjectInputStream.java:2357)
	at java.base/java.io.ObjectInputStream.readOrdinaryObject(ObjectInputStream.java:2228)
	at java.base/java.io.ObjectInputStream.readObject0(ObjectInputStream.java:1687)
	at java.base/java.io.ObjectInputStream.defaultReadFields(ObjectInputStream.java:2496)
	at java.base/java.io.ObjectInputStream.readSerialData(ObjectInputStream.java:2390)
	at java.base/java.io.ObjectInputStream.readOrdinaryObject(ObjectInputStream.java:2228)
	at java.base/java.io.ObjectInputStream.readObject0(ObjectInputStream.java:1687)
	at java.base/java.io.ObjectInputStream.defaultReadFields(ObjectInputStream.java:2496)
	at java.base/java.io.ObjectInputStream.readSerialData(ObjectInputStream.java:2390)
	at java.base/java.io.ObjectInputStream.readOrdinaryObject(ObjectInputStream.java:2228)
	at java.base/java.io.ObjectInputStream.readObject0(ObjectInputStream.java:1687)
	at java.base/java.io.ObjectInputStream.skipCustomData(ObjectInputStream.java:2451)
	at java.base/java.io.ObjectInputStream.readSerialData(ObjectInputStream.java:2400)
	at java.base/java.io.ObjectInputStream.readOrdinaryObject(ObjectInputStream.java:2228)
	at java.base/java.io.ObjectInputStream.readObject0(ObjectInputStream.java:1687)
	at java.base/java.io.ObjectInputStream.defaultReadFields(ObjectInputStream.java:2496)
	at java.base/java.io.ObjectInputStream.readSerialData(ObjectInputStream.java:2390)
	at java.base/java.io.ObjectInputStream.readOrdinaryObject(ObjectInputStream.java:2228)
	at java.base/java.io.ObjectInputStream.readObject0(ObjectInputStream.java:1687)
	at java.base/java.io.ObjectInputStream.defaultReadFields(ObjectInputStream.java:2496)
	at java.base/java.io.ObjectInputStream.defaultReadObject(ObjectInputStream.java:625)
	at org.evosuite.testcase.DefaultTestCase.readObject(DefaultTestCase.java:1217)
	at jdk.internal.reflect.GeneratedMethodAccessor14.invoke(Unknown Source)
	at java.base/jdk.internal.reflect.DelegatingMethodAccessorImpl.invoke(DelegatingMethodAccessorImpl.java:43)
	at java.base/java.lang.reflect.Method.invoke(Method.java:566)
	at java.base/java.io.ObjectStreamClass.invokeReadObject(ObjectStreamClass.java:1046)
	at java.base/java.io.ObjectInputStream.readSerialData(ObjectInputStream.java:2357)
	at java.base/java.io.ObjectInputStream.readOrdinaryObject(ObjectInputStream.java:2228)
	at java.base/java.io.ObjectInputStream.readObject0(ObjectInputStream.java:1687)
	at java.base/java.io.ObjectInputStream.defaultReadFields(ObjectInputStream.java:2496)
	at java.base/java.io.ObjectInputStream.readSerialData(ObjectInputStream.java:2390)
	at java.base/java.io.ObjectInputStream.readOrdinaryObject(ObjectInputStream.java:2228)
	at java.base/java.io.ObjectInputStream.readObject0(ObjectInputStream.java:1687)
	at java.base/java.io.ObjectInputStream.skipCustomData(ObjectInputStream.java:2451)
	at java.base/java.io.ObjectInputStream.readSerialData(ObjectInputStream.java:2400)
	at java.base/java.io.ObjectInputStream.readOrdinaryObject(ObjectInputStream.java:2228)
	at java.base/java.io.ObjectInputStream.readObject0(ObjectInputStream.java:1687)
	at java.base/java.io.ObjectInputStream.defaultReadFields(ObjectInputStream.java:2496)
	at java.base/java.io.ObjectInputStream.readSerialData(ObjectInputStream.java:2390)
	at java.base/java.io.ObjectInputStream.readOrdinaryObject(ObjectInputStream.java:2228)
	at java.base/java.io.ObjectInputStream.readObject0(ObjectInputStream.java:1687)
	at java.base/java.io.ObjectInputStream.readObject(ObjectInputStream.java:489)
	at java.base/java.io.ObjectInputStream.readObject(ObjectInputStream.java:447)
	at java.rmi/sun.rmi.server.UnicastRef.unmarshalValue(UnicastRef.java:327)
	at java.rmi/sun.rmi.server.UnicastServerRef.dispatch(UnicastServerRef.java:339)
	at java.rmi/sun.rmi.transport.Transport$1.run(Transport.java:200)
	at java.rmi/sun.rmi.transport.Transport$1.run(Transport.java:197)
	at java.base/java.security.AccessController.doPrivileged(Native Method)
	at java.rmi/sun.rmi.transport.Transport.serviceCall(Transport.java:196)
	at java.rmi/sun.rmi.transport.tcp.TCPTransport.handleMessages(TCPTransport.java:562)
	at java.rmi/sun.rmi.transport.tcp.TCPTransport$ConnectionHandler.run0(TCPTransport.java:796)
	at java.rmi/sun.rmi.transport.tcp.TCPTransport$ConnectionHandler.lambda$run$0(TCPTransport.java:677)
	at java.base/java.security.AccessController.doPrivileged(Native Method)
	at java.rmi/sun.rmi.transport.tcp.TCPTransport$ConnectionHandler.run(TCPTransport.java:676)
	at java.base/java.util.concurrent.ThreadPoolExecutor.runWorker(ThreadPoolExecutor.java:1128)
	at java.base/java.util.concurrent.ThreadPoolExecutor$Worker.run(ThreadPoolExecutor.java:628)
	... 1 common frames omitted
[MASTER] 15:57:40.369 [logback-1] WARN  ClientNodeImpl - Cannot send statistics to master; continuing without statistics
java.rmi.ServerError: Error occurred in server thread; nested exception is: 
	java.lang.NoClassDefFoundError: com/fasterxml/jackson/databind/AnnotationIntrospector
	at java.rmi/sun.rmi.server.UnicastServerRef.dispatch(UnicastServerRef.java:388)
	at java.rmi/sun.rmi.transport.Transport$1.run(Transport.java:200)
	at java.rmi/sun.rmi.transport.Transport$1.run(Transport.java:197)
	at java.base/java.security.AccessController.doPrivileged(Native Method)
	at java.rmi/sun.rmi.transport.Transport.serviceCall(Transport.java:196)
	at java.rmi/sun.rmi.transport.tcp.TCPTransport.handleMessages(TCPTransport.java:562)
	at java.rmi/sun.rmi.transport.tcp.TCPTransport$ConnectionHandler.run0(TCPTransport.java:796)
	at java.rmi/sun.rmi.transport.tcp.TCPTransport$ConnectionHandler.lambda$run$0(TCPTransport.java:677)
	at java.base/java.security.AccessController.doPrivileged(Native Method)
	at java.rmi/sun.rmi.transport.tcp.TCPTransport$ConnectionHandler.run(TCPTransport.java:676)
	at java.base/java.util.concurrent.ThreadPoolExecutor.runWorker(ThreadPoolExecutor.java:1128)
	at java.base/java.util.concurrent.ThreadPoolExecutor$Worker.run(ThreadPoolExecutor.java:628)
	at java.base/java.lang.Thread.run(Thread.java:829)
	at java.rmi/sun.rmi.transport.StreamRemoteCall.exceptionReceivedFromServer(StreamRemoteCall.java:303)
	at java.rmi/sun.rmi.transport.StreamRemoteCall.executeCall(StreamRemoteCall.java:279)
	at java.rmi/sun.rmi.server.UnicastRef.invoke(UnicastRef.java:164)
	at java.rmi/java.rmi.server.RemoteObjectInvocationHandler.invokeRemoteMethod(RemoteObjectInvocationHandler.java:217)
	at java.rmi/java.rmi.server.RemoteObjectInvocationHandler.invoke(RemoteObjectInvocationHandler.java:162)
	at com.sun.proxy.$Proxy7.evosuite_collectStatistics(Unknown Source)
	at org.evosuite.rmi.service.ClientNodeImpl.updateStatistics(ClientNodeImpl.java:251)
	at org.evosuite.statistics.StatisticsSender.sendIndividualToMaster(StatisticsSender.java:62)
	at org.evosuite.statistics.StatisticsListener.lambda$new$0(StatisticsListener.java:76)
	at java.base/java.lang.Thread.run(Thread.java:829)
Caused by: java.lang.NoClassDefFoundError: com/fasterxml/jackson/databind/AnnotationIntrospector
	at java.base/java.lang.Class.getDeclaringClass0(Native Method)
	at java.base/java.lang.Class.getEnclosingClass(Class.java:1517)
	at org.evosuite.utils.generic.GenericClassUtils.isMissingTypeParameters(GenericClassUtils.java:74)
	at org.evosuite.utils.generic.GenericClassImpl.addTypeParameters(GenericClassImpl.java:63)
	at org.evosuite.utils.generic.GenericClassImpl.readObject(GenericClassImpl.java:1685)
	at jdk.internal.reflect.GeneratedMethodAccessor9.invoke(Unknown Source)
	at java.base/jdk.internal.reflect.DelegatingMethodAccessorImpl.invoke(DelegatingMethodAccessorImpl.java:43)
	at java.base/java.lang.reflect.Method.invoke(Method.java:566)
	at java.base/java.io.ObjectStreamClass.invokeReadObject(ObjectStreamClass.java:1046)
	at java.base/java.io.ObjectInputStream.readSerialData(ObjectInputStream.java:2357)
	at java.base/java.io.ObjectInputStream.readOrdinaryObject(ObjectInputStream.java:2228)
	at java.base/java.io.ObjectInputStream.readObject0(ObjectInputStream.java:1687)
	at java.base/java.io.ObjectInputStream.defaultReadFields(ObjectInputStream.java:2496)
	at java.base/java.io.ObjectInputStream.readSerialData(ObjectInputStream.java:2390)
	at java.base/java.io.ObjectInputStream.readOrdinaryObject(ObjectInputStream.java:2228)
	at java.base/java.io.ObjectInputStream.readObject0(ObjectInputStream.java:1687)
	at java.base/java.io.ObjectInputStream.defaultReadFields(ObjectInputStream.java:2496)
	at java.base/java.io.ObjectInputStream.readSerialData(ObjectInputStream.java:2390)
	at java.base/java.io.ObjectInputStream.readOrdinaryObject(ObjectInputStream.java:2228)
	at java.base/java.io.ObjectInputStream.readObject0(ObjectInputStream.java:1687)
	at java.base/java.io.ObjectInputStream.skipCustomData(ObjectInputStream.java:2451)
	at java.base/java.io.ObjectInputStream.readSerialData(ObjectInputStream.java:2400)
	at java.base/java.io.ObjectInputStream.readOrdinaryObject(ObjectInputStream.java:2228)
	at java.base/java.io.ObjectInputStream.readObject0(ObjectInputStream.java:1687)
	at java.base/java.io.ObjectInputStream.defaultReadFields(ObjectInputStream.java:2496)
	at java.base/java.io.ObjectInputStream.readSerialData(ObjectInputStream.java:2390)
	at java.base/java.io.ObjectInputStream.readOrdinaryObject(ObjectInputStream.java:2228)
	at java.base/java.io.ObjectInputStream.readObject0(ObjectInputStream.java:1687)
	at java.base/java.io.ObjectInputStream.defaultReadFields(ObjectInputStream.java:2496)
	at java.base/java.io.ObjectInputStream.defaultReadObject(ObjectInputStream.java:625)
	at org.evosuite.testcase.DefaultTestCase.readObject(DefaultTestCase.java:1217)
	at jdk.internal.reflect.GeneratedMethodAccessor14.invoke(Unknown Source)
	at java.base/jdk.internal.reflect.DelegatingMethodAccessorImpl.invoke(DelegatingMethodAccessorImpl.java:43)
	at java.base/java.lang.reflect.Method.invoke(Method.java:566)
	at java.base/java.io.ObjectStreamClass.invokeReadObject(ObjectStreamClass.java:1046)
	at java.base/java.io.ObjectInputStream.readSerialData(ObjectInputStream.java:2357)
	at java.base/java.io.ObjectInputStream.readOrdinaryObject(ObjectInputStream.java:2228)
	at java.base/java.io.ObjectInputStream.readObject0(ObjectInputStream.java:1687)
	at java.base/java.io.ObjectInputStream.defaultReadFields(ObjectInputStream.java:2496)
	at java.base/java.io.ObjectInputStream.readSerialData(ObjectInputStream.java:2390)
	at java.base/java.io.ObjectInputStream.readOrdinaryObject(ObjectInputStream.java:2228)
	at java.base/java.io.ObjectInputStream.readObject0(ObjectInputStream.java:1687)
	at java.base/java.io.ObjectInputStream.skipCustomData(ObjectInputStream.java:2451)
	at java.base/java.io.ObjectInputStream.readSerialData(ObjectInputStream.java:2400)
	at java.base/java.io.ObjectInputStream.readOrdinaryObject(ObjectInputStream.java:2228)
	at java.base/java.io.ObjectInputStream.readObject0(ObjectInputStream.java:1687)
	at java.base/java.io.ObjectInputStream.defaultReadFields(ObjectInputStream.java:2496)
	at java.base/java.io.ObjectInputStream.readSerialData(ObjectInputStream.java:2390)
	at java.base/java.io.ObjectInputStream.readOrdinaryObject(ObjectInputStream.java:2228)
	at java.base/java.io.ObjectInputStream.readObject0(ObjectInputStream.java:1687)
	at java.base/java.io.ObjectInputStream.readObject(ObjectInputStream.java:489)
	at java.base/java.io.ObjectInputStream.readObject(ObjectInputStream.java:447)
	at java.rmi/sun.rmi.server.UnicastRef.unmarshalValue(UnicastRef.java:327)
	at java.rmi/sun.rmi.server.UnicastServerRef.dispatch(UnicastServerRef.java:339)
	at java.rmi/sun.rmi.transport.Transport$1.run(Transport.java:200)
	at java.rmi/sun.rmi.transport.Transport$1.run(Transport.java:197)
	at java.base/java.security.AccessController.doPrivileged(Native Method)
	at java.rmi/sun.rmi.transport.Transport.serviceCall(Transport.java:196)
	at java.rmi/sun.rmi.transport.tcp.TCPTransport.handleMessages(TCPTransport.java:562)
	at java.rmi/sun.rmi.transport.tcp.TCPTransport$ConnectionHandler.run0(TCPTransport.java:796)
	at java.rmi/sun.rmi.transport.tcp.TCPTransport$ConnectionHandler.lambda$run$0(TCPTransport.java:677)
	at java.base/java.security.AccessController.doPrivileged(Native Method)
	at java.rmi/sun.rmi.transport.tcp.TCPTransport$ConnectionHandler.run(TCPTransport.java:676)
	at java.base/java.util.concurrent.ThreadPoolExecutor.runWorker(ThreadPoolExecutor.java:1128)
	at java.base/java.util.concurrent.ThreadPoolExecutor$Worker.run(ThreadPoolExecutor.java:628)
	... 1 common frames omitted
[Progress:=========>                    32%] [Cov:=======>                           21%][Progress:=========>                    33%] [Cov:=======>                           21%][Progress:=========>                    33%] [Cov:=======>                           21%][Progress:==========>                   34%] [Cov:=======>                           21%][Progress:==========>                   34%] [Cov:=======>                           21%][MASTER] 15:57:42.653 [logback-1] WARN  ClientNodeImpl - Cannot send statistics to master; continuing without statistics
java.rmi.ServerError: Error occurred in server thread; nested exception is: 
	java.lang.NoClassDefFoundError: com/fasterxml/jackson/databind/AnnotationIntrospector
	at java.rmi/sun.rmi.server.UnicastServerRef.dispatch(UnicastServerRef.java:388)
	at java.rmi/sun.rmi.transport.Transport$1.run(Transport.java:200)
	at java.rmi/sun.rmi.transport.Transport$1.run(Transport.java:197)
	at java.base/java.security.AccessController.doPrivileged(Native Method)
	at java.rmi/sun.rmi.transport.Transport.serviceCall(Transport.java:196)
	at java.rmi/sun.rmi.transport.tcp.TCPTransport.handleMessages(TCPTransport.java:562)
	at java.rmi/sun.rmi.transport.tcp.TCPTransport$ConnectionHandler.run0(TCPTransport.java:796)
	at java.rmi/sun.rmi.transport.tcp.TCPTransport$ConnectionHandler.lambda$run$0(TCPTransport.java:677)
	at java.base/java.security.AccessController.doPrivileged(Native Method)
	at java.rmi/sun.rmi.transport.tcp.TCPTransport$ConnectionHandler.run(TCPTransport.java:676)
	at java.base/java.util.concurrent.ThreadPoolExecutor.runWorker(ThreadPoolExecutor.java:1128)
	at java.base/java.util.concurrent.ThreadPoolExecutor$Worker.run(ThreadPoolExecutor.java:628)
	at java.base/java.lang.Thread.run(Thread.java:829)
	at java.rmi/sun.rmi.transport.StreamRemoteCall.exceptionReceivedFromServer(StreamRemoteCall.java:303)
	at java.rmi/sun.rmi.transport.StreamRemoteCall.executeCall(StreamRemoteCall.java:279)
	at java.rmi/sun.rmi.server.UnicastRef.invoke(UnicastRef.java:164)
	at java.rmi/java.rmi.server.RemoteObjectInvocationHandler.invokeRemoteMethod(RemoteObjectInvocationHandler.java:217)
	at java.rmi/java.rmi.server.RemoteObjectInvocationHandler.invoke(RemoteObjectInvocationHandler.java:162)
	at com.sun.proxy.$Proxy7.evosuite_collectStatistics(Unknown Source)
	at org.evosuite.rmi.service.ClientNodeImpl.updateStatistics(ClientNodeImpl.java:251)
	at org.evosuite.statistics.StatisticsSender.sendIndividualToMaster(StatisticsSender.java:62)
	at org.evosuite.statistics.StatisticsListener.lambda$new$0(StatisticsListener.java:76)
	at java.base/java.lang.Thread.run(Thread.java:829)
Caused by: java.lang.NoClassDefFoundError: com/fasterxml/jackson/databind/AnnotationIntrospector
	at java.base/java.lang.Class.getDeclaringClass0(Native Method)
	at java.base/java.lang.Class.getEnclosingClass(Class.java:1517)
	at org.evosuite.utils.generic.GenericClassUtils.isMissingTypeParameters(GenericClassUtils.java:74)
	at org.evosuite.utils.generic.GenericClassImpl.addTypeParameters(GenericClassImpl.java:63)
	at org.evosuite.utils.generic.GenericClassImpl.readObject(GenericClassImpl.java:1685)
	at jdk.internal.reflect.GeneratedMethodAccessor9.invoke(Unknown Source)
	at java.base/jdk.internal.reflect.DelegatingMethodAccessorImpl.invoke(DelegatingMethodAccessorImpl.java:43)
	at java.base/java.lang.reflect.Method.invoke(Method.java:566)
	at java.base/java.io.ObjectStreamClass.invokeReadObject(ObjectStreamClass.java:1046)
	at java.base/java.io.ObjectInputStream.readSerialData(ObjectInputStream.java:2357)
	at java.base/java.io.ObjectInputStream.readOrdinaryObject(ObjectInputStream.java:2228)
	at java.base/java.io.ObjectInputStream.readObject0(ObjectInputStream.java:1687)
	at java.base/java.io.ObjectInputStream.defaultReadFields(ObjectInputStream.java:2496)
	at java.base/java.io.ObjectInputStream.readSerialData(ObjectInputStream.java:2390)
	at java.base/java.io.ObjectInputStream.readOrdinaryObject(ObjectInputStream.java:2228)
	at java.base/java.io.ObjectInputStream.readObject0(ObjectInputStream.java:1687)
	at java.base/java.io.ObjectInputStream.defaultReadFields(ObjectInputStream.java:2496)
	at java.base/java.io.ObjectInputStream.readSerialData(ObjectInputStream.java:2390)
	at java.base/java.io.ObjectInputStream.readOrdinaryObject(ObjectInputStream.java:2228)
	at java.base/java.io.ObjectInputStream.readObject0(ObjectInputStream.java:1687)
	at java.base/java.io.ObjectInputStream.skipCustomData(ObjectInputStream.java:2451)
	at java.base/java.io.ObjectInputStream.readSerialData(ObjectInputStream.java:2400)
	at java.base/java.io.ObjectInputStream.readOrdinaryObject(ObjectInputStream.java:2228)
	at java.base/java.io.ObjectInputStream.readObject0(ObjectInputStream.java:1687)
	at java.base/java.io.ObjectInputStream.defaultReadFields(ObjectInputStream.java:2496)
	at java.base/java.io.ObjectInputStream.readSerialData(ObjectInputStream.java:2390)
	at java.base/java.io.ObjectInputStream.readOrdinaryObject(ObjectInputStream.java:2228)
	at java.base/java.io.ObjectInputStream.readObject0(ObjectInputStream.java:1687)
	at java.base/java.io.ObjectInputStream.defaultReadFields(ObjectInputStream.java:2496)
	at java.base/java.io.ObjectInputStream.defaultReadObject(ObjectInputStream.java:625)
	at org.evosuite.testcase.DefaultTestCase.readObject(DefaultTestCase.java:1217)
	at jdk.internal.reflect.GeneratedMethodAccessor14.invoke(Unknown Source)
	at java.base/jdk.internal.reflect.DelegatingMethodAccessorImpl.invoke(DelegatingMethodAccessorImpl.java:43)
	at java.base/java.lang.reflect.Method.invoke(Method.java:566)
	at java.base/java.io.ObjectStreamClass.invokeReadObject(ObjectStreamClass.java:1046)
	at java.base/java.io.ObjectInputStream.readSerialData(ObjectInputStream.java:2357)
	at java.base/java.io.ObjectInputStream.readOrdinaryObject(ObjectInputStream.java:2228)
	at java.base/java.io.ObjectInputStream.readObject0(ObjectInputStream.java:1687)
	at java.base/java.io.ObjectInputStream.defaultReadFields(ObjectInputStream.java:2496)
	at java.base/java.io.ObjectInputStream.readSerialData(ObjectInputStream.java:2390)
	at java.base/java.io.ObjectInputStream.readOrdinaryObject(ObjectInputStream.java:2228)
	at java.base/java.io.ObjectInputStream.readObject0(ObjectInputStream.java:1687)
	at java.base/java.io.ObjectInputStream.skipCustomData(ObjectInputStream.java:2451)
	at java.base/java.io.ObjectInputStream.readSerialData(ObjectInputStream.java:2400)
	at java.base/java.io.ObjectInputStream.readOrdinaryObject(ObjectInputStream.java:2228)
	at java.base/java.io.ObjectInputStream.readObject0(ObjectInputStream.java:1687)
	at java.base/java.io.ObjectInputStream.defaultReadFields(ObjectInputStream.java:2496)
	at java.base/java.io.ObjectInputStream.readSerialData(ObjectInputStream.java:2390)
	at java.base/java.io.ObjectInputStream.readOrdinaryObject(ObjectInputStream.java:2228)
	at java.base/java.io.ObjectInputStream.readObject0(ObjectInputStream.java:1687)
	at java.base/java.io.ObjectInputStream.readObject(ObjectInputStream.java:489)
	at java.base/java.io.ObjectInputStream.readObject(ObjectInputStream.java:447)
	at java.rmi/sun.rmi.server.UnicastRef.unmarshalValue(UnicastRef.java:327)
	at java.rmi/sun.rmi.server.UnicastServerRef.dispatch(UnicastServerRef.java:339)
	at java.rmi/sun.rmi.transport.Transport$1.run(Transport.java:200)
	at java.rmi/sun.rmi.transport.Transport$1.run(Transport.java:197)
	at java.base/java.security.AccessController.doPrivileged(Native Method)
	at java.rmi/sun.rmi.transport.Transport.serviceCall(Transport.java:196)
	at java.rmi/sun.rmi.transport.tcp.TCPTransport.handleMessages(TCPTransport.java:562)
	at java.rmi/sun.rmi.transport.tcp.TCPTransport$ConnectionHandler.run0(TCPTransport.java:796)
	at java.rmi/sun.rmi.transport.tcp.TCPTransport$ConnectionHandler.lambda$run$0(TCPTransport.java:677)
	at java.base/java.security.AccessController.doPrivileged(Native Method)
	at java.rmi/sun.rmi.transport.tcp.TCPTransport$ConnectionHandler.run(TCPTransport.java:676)
	at java.base/java.util.concurrent.ThreadPoolExecutor.runWorker(ThreadPoolExecutor.java:1128)
	at java.base/java.util.concurrent.ThreadPoolExecutor$Worker.run(ThreadPoolExecutor.java:628)
	... 1 common frames omitted
[Progress:==========>                   35%] [Cov:=======>                           21%][MASTER] 15:57:42.980 [logback-1] WARN  ClientNodeImpl - Cannot send statistics to master; continuing without statistics
java.rmi.ServerError: Error occurred in server thread; nested exception is: 
	java.lang.NoClassDefFoundError: com/fasterxml/jackson/databind/AnnotationIntrospector
	at java.rmi/sun.rmi.server.UnicastServerRef.dispatch(UnicastServerRef.java:388)
	at java.rmi/sun.rmi.transport.Transport$1.run(Transport.java:200)
	at java.rmi/sun.rmi.transport.Transport$1.run(Transport.java:197)
	at java.base/java.security.AccessController.doPrivileged(Native Method)
	at java.rmi/sun.rmi.transport.Transport.serviceCall(Transport.java:196)
	at java.rmi/sun.rmi.transport.tcp.TCPTransport.handleMessages(TCPTransport.java:562)
	at java.rmi/sun.rmi.transport.tcp.TCPTransport$ConnectionHandler.run0(TCPTransport.java:796)
	at java.rmi/sun.rmi.transport.tcp.TCPTransport$ConnectionHandler.lambda$run$0(TCPTransport.java:677)
	at java.base/java.security.AccessController.doPrivileged(Native Method)
	at java.rmi/sun.rmi.transport.tcp.TCPTransport$ConnectionHandler.run(TCPTransport.java:676)
	at java.base/java.util.concurrent.ThreadPoolExecutor.runWorker(ThreadPoolExecutor.java:1128)
	at java.base/java.util.concurrent.ThreadPoolExecutor$Worker.run(ThreadPoolExecutor.java:628)
	at java.base/java.lang.Thread.run(Thread.java:829)
	at java.rmi/sun.rmi.transport.StreamRemoteCall.exceptionReceivedFromServer(StreamRemoteCall.java:303)
	at java.rmi/sun.rmi.transport.StreamRemoteCall.executeCall(StreamRemoteCall.java:279)
	at java.rmi/sun.rmi.server.UnicastRef.invoke(UnicastRef.java:164)
	at java.rmi/java.rmi.server.RemoteObjectInvocationHandler.invokeRemoteMethod(RemoteObjectInvocationHandler.java:217)
	at java.rmi/java.rmi.server.RemoteObjectInvocationHandler.invoke(RemoteObjectInvocationHandler.java:162)
	at com.sun.proxy.$Proxy7.evosuite_collectStatistics(Unknown Source)
	at org.evosuite.rmi.service.ClientNodeImpl.updateStatistics(ClientNodeImpl.java:251)
	at org.evosuite.statistics.StatisticsSender.sendIndividualToMaster(StatisticsSender.java:62)
	at org.evosuite.statistics.StatisticsListener.lambda$new$0(StatisticsListener.java:76)
	at java.base/java.lang.Thread.run(Thread.java:829)
Caused by: java.lang.NoClassDefFoundError: com/fasterxml/jackson/databind/AnnotationIntrospector
	at java.base/java.lang.Class.getDeclaringClass0(Native Method)
	at java.base/java.lang.Class.getEnclosingClass(Class.java:1517)
	at org.evosuite.utils.generic.GenericClassUtils.isMissingTypeParameters(GenericClassUtils.java:74)
	at org.evosuite.utils.generic.GenericClassImpl.addTypeParameters(GenericClassImpl.java:63)
	at org.evosuite.utils.generic.GenericClassImpl.readObject(GenericClassImpl.java:1685)
	at jdk.internal.reflect.GeneratedMethodAccessor9.invoke(Unknown Source)
	at java.base/jdk.internal.reflect.DelegatingMethodAccessorImpl.invoke(DelegatingMethodAccessorImpl.java:43)
	at java.base/java.lang.reflect.Method.invoke(Method.java:566)
	at java.base/java.io.ObjectStreamClass.invokeReadObject(ObjectStreamClass.java:1046)
	at java.base/java.io.ObjectInputStream.readSerialData(ObjectInputStream.java:2357)
	at java.base/java.io.ObjectInputStream.readOrdinaryObject(ObjectInputStream.java:2228)
	at java.base/java.io.ObjectInputStream.readObject0(ObjectInputStream.java:1687)
	at java.base/java.io.ObjectInputStream.defaultReadFields(ObjectInputStream.java:2496)
	at java.base/java.io.ObjectInputStream.readSerialData(ObjectInputStream.java:2390)
	at java.base/java.io.ObjectInputStream.readOrdinaryObject(ObjectInputStream.java:2228)
	at java.base/java.io.ObjectInputStream.readObject0(ObjectInputStream.java:1687)
	at java.base/java.io.ObjectInputStream.defaultReadFields(ObjectInputStream.java:2496)
	at java.base/java.io.ObjectInputStream.readSerialData(ObjectInputStream.java:2390)
	at java.base/java.io.ObjectInputStream.readOrdinaryObject(ObjectInputStream.java:2228)
	at java.base/java.io.ObjectInputStream.readObject0(ObjectInputStream.java:1687)
	at java.base/java.io.ObjectInputStream.skipCustomData(ObjectInputStream.java:2451)
	at java.base/java.io.ObjectInputStream.readSerialData(ObjectInputStream.java:2400)
	at java.base/java.io.ObjectInputStream.readOrdinaryObject(ObjectInputStream.java:2228)
	at java.base/java.io.ObjectInputStream.readObject0(ObjectInputStream.java:1687)
	at java.base/java.io.ObjectInputStream.defaultReadFields(ObjectInputStream.java:2496)
	at java.base/java.io.ObjectInputStream.readSerialData(ObjectInputStream.java:2390)
	at java.base/java.io.ObjectInputStream.readOrdinaryObject(ObjectInputStream.java:2228)
	at java.base/java.io.ObjectInputStream.readObject0(ObjectInputStream.java:1687)
	at java.base/java.io.ObjectInputStream.defaultReadFields(ObjectInputStream.java:2496)
	at java.base/java.io.ObjectInputStream.defaultReadObject(ObjectInputStream.java:625)
	at org.evosuite.testcase.DefaultTestCase.readObject(DefaultTestCase.java:1217)
	at jdk.internal.reflect.GeneratedMethodAccessor14.invoke(Unknown Source)
	at java.base/jdk.internal.reflect.DelegatingMethodAccessorImpl.invoke(DelegatingMethodAccessorImpl.java:43)
	at java.base/java.lang.reflect.Method.invoke(Method.java:566)
	at java.base/java.io.ObjectStreamClass.invokeReadObject(ObjectStreamClass.java:1046)
	at java.base/java.io.ObjectInputStream.readSerialData(ObjectInputStream.java:2357)
	at java.base/java.io.ObjectInputStream.readOrdinaryObject(ObjectInputStream.java:2228)
	at java.base/java.io.ObjectInputStream.readObject0(ObjectInputStream.java:1687)
	at java.base/java.io.ObjectInputStream.defaultReadFields(ObjectInputStream.java:2496)
	at java.base/java.io.ObjectInputStream.readSerialData(ObjectInputStream.java:2390)
	at java.base/java.io.ObjectInputStream.readOrdinaryObject(ObjectInputStream.java:2228)
	at java.base/java.io.ObjectInputStream.readObject0(ObjectInputStream.java:1687)
	at java.base/java.io.ObjectInputStream.skipCustomData(ObjectInputStream.java:2451)
	at java.base/java.io.ObjectInputStream.readSerialData(ObjectInputStream.java:2400)
	at java.base/java.io.ObjectInputStream.readOrdinaryObject(ObjectInputStream.java:2228)
	at java.base/java.io.ObjectInputStream.readObject0(ObjectInputStream.java:1687)
	at java.base/java.io.ObjectInputStream.defaultReadFields(ObjectInputStream.java:2496)
	at java.base/java.io.ObjectInputStream.readSerialData(ObjectInputStream.java:2390)
	at java.base/java.io.ObjectInputStream.readOrdinaryObject(ObjectInputStream.java:2228)
	at java.base/java.io.ObjectInputStream.readObject0(ObjectInputStream.java:1687)
	at java.base/java.io.ObjectInputStream.readObject(ObjectInputStream.java:489)
	at java.base/java.io.ObjectInputStream.readObject(ObjectInputStream.java:447)
	at java.rmi/sun.rmi.server.UnicastRef.unmarshalValue(UnicastRef.java:327)
	at java.rmi/sun.rmi.server.UnicastServerRef.dispatch(UnicastServerRef.java:339)
	at java.rmi/sun.rmi.transport.Transport$1.run(Transport.java:200)
	at java.rmi/sun.rmi.transport.Transport$1.run(Transport.java:197)
	at java.base/java.security.AccessController.doPrivileged(Native Method)
	at java.rmi/sun.rmi.transport.Transport.serviceCall(Transport.java:196)
	at java.rmi/sun.rmi.transport.tcp.TCPTransport.handleMessages(TCPTransport.java:562)
	at java.rmi/sun.rmi.transport.tcp.TCPTransport$ConnectionHandler.run0(TCPTransport.java:796)
	at java.rmi/sun.rmi.transport.tcp.TCPTransport$ConnectionHandler.lambda$run$0(TCPTransport.java:677)
	at java.base/java.security.AccessController.doPrivileged(Native Method)
	at java.rmi/sun.rmi.transport.tcp.TCPTransport$ConnectionHandler.run(TCPTransport.java:676)
	at java.base/java.util.concurrent.ThreadPoolExecutor.runWorker(ThreadPoolExecutor.java:1128)
	at java.base/java.util.concurrent.ThreadPoolExecutor$Worker.run(ThreadPoolExecutor.java:628)
	... 1 common frames omitted
[MASTER] 15:57:43.335 [logback-1] WARN  ClientNodeImpl - Cannot send statistics to master; continuing without statistics
java.rmi.ServerError: Error occurred in server thread; nested exception is: 
	java.lang.NoClassDefFoundError: com/fasterxml/jackson/databind/AnnotationIntrospector
	at java.rmi/sun.rmi.server.UnicastServerRef.dispatch(UnicastServerRef.java:388)
	at java.rmi/sun.rmi.transport.Transport$1.run(Transport.java:200)
	at java.rmi/sun.rmi.transport.Transport$1.run(Transport.java:197)
	at java.base/java.security.AccessController.doPrivileged(Native Method)
	at java.rmi/sun.rmi.transport.Transport.serviceCall(Transport.java:196)
	at java.rmi/sun.rmi.transport.tcp.TCPTransport.handleMessages(TCPTransport.java:562)
	at java.rmi/sun.rmi.transport.tcp.TCPTransport$ConnectionHandler.run0(TCPTransport.java:796)
	at java.rmi/sun.rmi.transport.tcp.TCPTransport$ConnectionHandler.lambda$run$0(TCPTransport.java:677)
	at java.base/java.security.AccessController.doPrivileged(Native Method)
	at java.rmi/sun.rmi.transport.tcp.TCPTransport$ConnectionHandler.run(TCPTransport.java:676)
	at java.base/java.util.concurrent.ThreadPoolExecutor.runWorker(ThreadPoolExecutor.java:1128)
	at java.base/java.util.concurrent.ThreadPoolExecutor$Worker.run(ThreadPoolExecutor.java:628)
	at java.base/java.lang.Thread.run(Thread.java:829)
	at java.rmi/sun.rmi.transport.StreamRemoteCall.exceptionReceivedFromServer(StreamRemoteCall.java:303)
	at java.rmi/sun.rmi.transport.StreamRemoteCall.executeCall(StreamRemoteCall.java:279)
	at java.rmi/sun.rmi.server.UnicastRef.invoke(UnicastRef.java:164)
	at java.rmi/java.rmi.server.RemoteObjectInvocationHandler.invokeRemoteMethod(RemoteObjectInvocationHandler.java:217)
	at java.rmi/java.rmi.server.RemoteObjectInvocationHandler.invoke(RemoteObjectInvocationHandler.java:162)
	at com.sun.proxy.$Proxy7.evosuite_collectStatistics(Unknown Source)
	at org.evosuite.rmi.service.ClientNodeImpl.updateStatistics(ClientNodeImpl.java:251)
	at org.evosuite.statistics.StatisticsSender.sendIndividualToMaster(StatisticsSender.java:62)
	at org.evosuite.statistics.StatisticsListener.lambda$new$0(StatisticsListener.java:76)
	at java.base/java.lang.Thread.run(Thread.java:829)
Caused by: java.lang.NoClassDefFoundError: com/fasterxml/jackson/databind/AnnotationIntrospector
	at java.base/java.lang.Class.getDeclaringClass0(Native Method)
	at java.base/java.lang.Class.getEnclosingClass(Class.java:1517)
	at org.evosuite.utils.generic.GenericClassUtils.isMissingTypeParameters(GenericClassUtils.java:74)
	at org.evosuite.utils.generic.GenericClassImpl.addTypeParameters(GenericClassImpl.java:63)
	at org.evosuite.utils.generic.GenericClassImpl.readObject(GenericClassImpl.java:1685)
	at jdk.internal.reflect.GeneratedMethodAccessor9.invoke(Unknown Source)
	at java.base/jdk.internal.reflect.DelegatingMethodAccessorImpl.invoke(DelegatingMethodAccessorImpl.java:43)
	at java.base/java.lang.reflect.Method.invoke(Method.java:566)
	at java.base/java.io.ObjectStreamClass.invokeReadObject(ObjectStreamClass.java:1046)
	at java.base/java.io.ObjectInputStream.readSerialData(ObjectInputStream.java:2357)
	at java.base/java.io.ObjectInputStream.readOrdinaryObject(ObjectInputStream.java:2228)
	at java.base/java.io.ObjectInputStream.readObject0(ObjectInputStream.java:1687)
	at java.base/java.io.ObjectInputStream.defaultReadFields(ObjectInputStream.java:2496)
	at java.base/java.io.ObjectInputStream.readSerialData(ObjectInputStream.java:2390)
	at java.base/java.io.ObjectInputStream.readOrdinaryObject(ObjectInputStream.java:2228)
	at java.base/java.io.ObjectInputStream.readObject0(ObjectInputStream.java:1687)
	at java.base/java.io.ObjectInputStream.defaultReadFields(ObjectInputStream.java:2496)
	at java.base/java.io.ObjectInputStream.readSerialData(ObjectInputStream.java:2390)
	at java.base/java.io.ObjectInputStream.readOrdinaryObject(ObjectInputStream.java:2228)
	at java.base/java.io.ObjectInputStream.readObject0(ObjectInputStream.java:1687)
	at java.base/java.io.ObjectInputStream.skipCustomData(ObjectInputStream.java:2451)
	at java.base/java.io.ObjectInputStream.readSerialData(ObjectInputStream.java:2400)
	at java.base/java.io.ObjectInputStream.readOrdinaryObject(ObjectInputStream.java:2228)
	at java.base/java.io.ObjectInputStream.readObject0(ObjectInputStream.java:1687)
	at java.base/java.io.ObjectInputStream.defaultReadFields(ObjectInputStream.java:2496)
	at java.base/java.io.ObjectInputStream.readSerialData(ObjectInputStream.java:2390)
	at java.base/java.io.ObjectInputStream.readOrdinaryObject(ObjectInputStream.java:2228)
	at java.base/java.io.ObjectInputStream.readObject0(ObjectInputStream.java:1687)
	at java.base/java.io.ObjectInputStream.defaultReadFields(ObjectInputStream.java:2496)
	at java.base/java.io.ObjectInputStream.defaultReadObject(ObjectInputStream.java:625)
	at org.evosuite.testcase.DefaultTestCase.readObject(DefaultTestCase.java:1217)
	at jdk.internal.reflect.GeneratedMethodAccessor14.invoke(Unknown Source)
	at java.base/jdk.internal.reflect.DelegatingMethodAccessorImpl.invoke(DelegatingMethodAccessorImpl.java:43)
	at java.base/java.lang.reflect.Method.invoke(Method.java:566)
	at java.base/java.io.ObjectStreamClass.invokeReadObject(ObjectStreamClass.java:1046)
	at java.base/java.io.ObjectInputStream.readSerialData(ObjectInputStream.java:2357)
	at java.base/java.io.ObjectInputStream.readOrdinaryObject(ObjectInputStream.java:2228)
	at java.base/java.io.ObjectInputStream.readObject0(ObjectInputStream.java:1687)
	at java.base/java.io.ObjectInputStream.defaultReadFields(ObjectInputStream.java:2496)
	at java.base/java.io.ObjectInputStream.readSerialData(ObjectInputStream.java:2390)
	at java.base/java.io.ObjectInputStream.readOrdinaryObject(ObjectInputStream.java:2228)
	at java.base/java.io.ObjectInputStream.readObject0(ObjectInputStream.java:1687)
	at java.base/java.io.ObjectInputStream.skipCustomData(ObjectInputStream.java:2451)
	at java.base/java.io.ObjectInputStream.readSerialData(ObjectInputStream.java:2400)
	at java.base/java.io.ObjectInputStream.readOrdinaryObject(ObjectInputStream.java:2228)
	at java.base/java.io.ObjectInputStream.readObject0(ObjectInputStream.java:1687)
	at java.base/java.io.ObjectInputStream.defaultReadFields(ObjectInputStream.java:2496)
	at java.base/java.io.ObjectInputStream.readSerialData(ObjectInputStream.java:2390)
	at java.base/java.io.ObjectInputStream.readOrdinaryObject(ObjectInputStream.java:2228)
	at java.base/java.io.ObjectInputStream.readObject0(ObjectInputStream.java:1687)
	at java.base/java.io.ObjectInputStream.readObject(ObjectInputStream.java:489)
	at java.base/java.io.ObjectInputStream.readObject(ObjectInputStream.java:447)
	at java.rmi/sun.rmi.server.UnicastRef.unmarshalValue(UnicastRef.java:327)
	at java.rmi/sun.rmi.server.UnicastServerRef.dispatch(UnicastServerRef.java:339)
	at java.rmi/sun.rmi.transport.Transport$1.run(Transport.java:200)
	at java.rmi/sun.rmi.transport.Transport$1.run(Transport.java:197)
	at java.base/java.security.AccessController.doPrivileged(Native Method)
	at java.rmi/sun.rmi.transport.Transport.serviceCall(Transport.java:196)
	at java.rmi/sun.rmi.transport.tcp.TCPTransport.handleMessages(TCPTransport.java:562)
	at java.rmi/sun.rmi.transport.tcp.TCPTransport$ConnectionHandler.run0(TCPTransport.java:796)
	at java.rmi/sun.rmi.transport.tcp.TCPTransport$ConnectionHandler.lambda$run$0(TCPTransport.java:677)
	at java.base/java.security.AccessController.doPrivileged(Native Method)
	at java.rmi/sun.rmi.transport.tcp.TCPTransport$ConnectionHandler.run(TCPTransport.java:676)
	at java.base/java.util.concurrent.ThreadPoolExecutor.runWorker(ThreadPoolExecutor.java:1128)
	at java.base/java.util.concurrent.ThreadPoolExecutor$Worker.run(ThreadPoolExecutor.java:628)
	... 1 common frames omitted
[Progress:==========>                   35%] [Cov:=======>                           21%][MASTER] 15:57:43.690 [logback-1] WARN  ClientNodeImpl - Cannot send statistics to master; continuing without statistics
java.rmi.ServerError: Error occurred in server thread; nested exception is: 
	java.lang.NoClassDefFoundError: com/fasterxml/jackson/databind/AnnotationIntrospector
	at java.rmi/sun.rmi.server.UnicastServerRef.dispatch(UnicastServerRef.java:388)
	at java.rmi/sun.rmi.transport.Transport$1.run(Transport.java:200)
	at java.rmi/sun.rmi.transport.Transport$1.run(Transport.java:197)
	at java.base/java.security.AccessController.doPrivileged(Native Method)
	at java.rmi/sun.rmi.transport.Transport.serviceCall(Transport.java:196)
	at java.rmi/sun.rmi.transport.tcp.TCPTransport.handleMessages(TCPTransport.java:562)
	at java.rmi/sun.rmi.transport.tcp.TCPTransport$ConnectionHandler.run0(TCPTransport.java:796)
	at java.rmi/sun.rmi.transport.tcp.TCPTransport$ConnectionHandler.lambda$run$0(TCPTransport.java:677)
	at java.base/java.security.AccessController.doPrivileged(Native Method)
	at java.rmi/sun.rmi.transport.tcp.TCPTransport$ConnectionHandler.run(TCPTransport.java:676)
	at java.base/java.util.concurrent.ThreadPoolExecutor.runWorker(ThreadPoolExecutor.java:1128)
	at java.base/java.util.concurrent.ThreadPoolExecutor$Worker.run(ThreadPoolExecutor.java:628)
	at java.base/java.lang.Thread.run(Thread.java:829)
	at java.rmi/sun.rmi.transport.StreamRemoteCall.exceptionReceivedFromServer(StreamRemoteCall.java:303)
	at java.rmi/sun.rmi.transport.StreamRemoteCall.executeCall(StreamRemoteCall.java:279)
	at java.rmi/sun.rmi.server.UnicastRef.invoke(UnicastRef.java:164)
	at java.rmi/java.rmi.server.RemoteObjectInvocationHandler.invokeRemoteMethod(RemoteObjectInvocationHandler.java:217)
	at java.rmi/java.rmi.server.RemoteObjectInvocationHandler.invoke(RemoteObjectInvocationHandler.java:162)
	at com.sun.proxy.$Proxy7.evosuite_collectStatistics(Unknown Source)
	at org.evosuite.rmi.service.ClientNodeImpl.updateStatistics(ClientNodeImpl.java:251)
	at org.evosuite.statistics.StatisticsSender.sendIndividualToMaster(StatisticsSender.java:62)
	at org.evosuite.statistics.StatisticsListener.lambda$new$0(StatisticsListener.java:76)
	at java.base/java.lang.Thread.run(Thread.java:829)
Caused by: java.lang.NoClassDefFoundError: com/fasterxml/jackson/databind/AnnotationIntrospector
	at java.base/java.lang.Class.getDeclaringClass0(Native Method)
	at java.base/java.lang.Class.getEnclosingClass(Class.java:1517)
	at org.evosuite.utils.generic.GenericClassUtils.isMissingTypeParameters(GenericClassUtils.java:74)
	at org.evosuite.utils.generic.GenericClassImpl.addTypeParameters(GenericClassImpl.java:63)
	at org.evosuite.utils.generic.GenericClassImpl.readObject(GenericClassImpl.java:1685)
	at jdk.internal.reflect.GeneratedMethodAccessor9.invoke(Unknown Source)
	at java.base/jdk.internal.reflect.DelegatingMethodAccessorImpl.invoke(DelegatingMethodAccessorImpl.java:43)
	at java.base/java.lang.reflect.Method.invoke(Method.java:566)
	at java.base/java.io.ObjectStreamClass.invokeReadObject(ObjectStreamClass.java:1046)
	at java.base/java.io.ObjectInputStream.readSerialData(ObjectInputStream.java:2357)
	at java.base/java.io.ObjectInputStream.readOrdinaryObject(ObjectInputStream.java:2228)
	at java.base/java.io.ObjectInputStream.readObject0(ObjectInputStream.java:1687)
	at java.base/java.io.ObjectInputStream.defaultReadFields(ObjectInputStream.java:2496)
	at java.base/java.io.ObjectInputStream.readSerialData(ObjectInputStream.java:2390)
	at java.base/java.io.ObjectInputStream.readOrdinaryObject(ObjectInputStream.java:2228)
	at java.base/java.io.ObjectInputStream.readObject0(ObjectInputStream.java:1687)
	at java.base/java.io.ObjectInputStream.defaultReadFields(ObjectInputStream.java:2496)
	at java.base/java.io.ObjectInputStream.readSerialData(ObjectInputStream.java:2390)
	at java.base/java.io.ObjectInputStream.readOrdinaryObject(ObjectInputStream.java:2228)
	at java.base/java.io.ObjectInputStream.readObject0(ObjectInputStream.java:1687)
	at java.base/java.io.ObjectInputStream.skipCustomData(ObjectInputStream.java:2451)
	at java.base/java.io.ObjectInputStream.readSerialData(ObjectInputStream.java:2400)
	at java.base/java.io.ObjectInputStream.readOrdinaryObject(ObjectInputStream.java:2228)
	at java.base/java.io.ObjectInputStream.readObject0(ObjectInputStream.java:1687)
	at java.base/java.io.ObjectInputStream.defaultReadFields(ObjectInputStream.java:2496)
	at java.base/java.io.ObjectInputStream.readSerialData(ObjectInputStream.java:2390)
	at java.base/java.io.ObjectInputStream.readOrdinaryObject(ObjectInputStream.java:2228)
	at java.base/java.io.ObjectInputStream.readObject0(ObjectInputStream.java:1687)
	at java.base/java.io.ObjectInputStream.defaultReadFields(ObjectInputStream.java:2496)
	at java.base/java.io.ObjectInputStream.defaultReadObject(ObjectInputStream.java:625)
	at org.evosuite.testcase.DefaultTestCase.readObject(DefaultTestCase.java:1217)
	at jdk.internal.reflect.GeneratedMethodAccessor14.invoke(Unknown Source)
	at java.base/jdk.internal.reflect.DelegatingMethodAccessorImpl.invoke(DelegatingMethodAccessorImpl.java:43)
	at java.base/java.lang.reflect.Method.invoke(Method.java:566)
	at java.base/java.io.ObjectStreamClass.invokeReadObject(ObjectStreamClass.java:1046)
	at java.base/java.io.ObjectInputStream.readSerialData(ObjectInputStream.java:2357)
	at java.base/java.io.ObjectInputStream.readOrdinaryObject(ObjectInputStream.java:2228)
	at java.base/java.io.ObjectInputStream.readObject0(ObjectInputStream.java:1687)
	at java.base/java.io.ObjectInputStream.defaultReadFields(ObjectInputStream.java:2496)
	at java.base/java.io.ObjectInputStream.readSerialData(ObjectInputStream.java:2390)
	at java.base/java.io.ObjectInputStream.readOrdinaryObject(ObjectInputStream.java:2228)
	at java.base/java.io.ObjectInputStream.readObject0(ObjectInputStream.java:1687)
	at java.base/java.io.ObjectInputStream.skipCustomData(ObjectInputStream.java:2451)
	at java.base/java.io.ObjectInputStream.readSerialData(ObjectInputStream.java:2400)
	at java.base/java.io.ObjectInputStream.readOrdinaryObject(ObjectInputStream.java:2228)
	at java.base/java.io.ObjectInputStream.readObject0(ObjectInputStream.java:1687)
	at java.base/java.io.ObjectInputStream.defaultReadFields(ObjectInputStream.java:2496)
	at java.base/java.io.ObjectInputStream.readSerialData(ObjectInputStream.java:2390)
	at java.base/java.io.ObjectInputStream.readOrdinaryObject(ObjectInputStream.java:2228)
	at java.base/java.io.ObjectInputStream.readObject0(ObjectInputStream.java:1687)
	at java.base/java.io.ObjectInputStream.readObject(ObjectInputStream.java:489)
	at java.base/java.io.ObjectInputStream.readObject(ObjectInputStream.java:447)
	at java.rmi/sun.rmi.server.UnicastRef.unmarshalValue(UnicastRef.java:327)
	at java.rmi/sun.rmi.server.UnicastServerRef.dispatch(UnicastServerRef.java:339)
	at java.rmi/sun.rmi.transport.Transport$1.run(Transport.java:200)
	at java.rmi/sun.rmi.transport.Transport$1.run(Transport.java:197)
	at java.base/java.security.AccessController.doPrivileged(Native Method)
	at java.rmi/sun.rmi.transport.Transport.serviceCall(Transport.java:196)
	at java.rmi/sun.rmi.transport.tcp.TCPTransport.handleMessages(TCPTransport.java:562)
	at java.rmi/sun.rmi.transport.tcp.TCPTransport$ConnectionHandler.run0(TCPTransport.java:796)
	at java.rmi/sun.rmi.transport.tcp.TCPTransport$ConnectionHandler.lambda$run$0(TCPTransport.java:677)
	at java.base/java.security.AccessController.doPrivileged(Native Method)
	at java.rmi/sun.rmi.transport.tcp.TCPTransport$ConnectionHandler.run(TCPTransport.java:676)
	at java.base/java.util.concurrent.ThreadPoolExecutor.runWorker(ThreadPoolExecutor.java:1128)
	at java.base/java.util.concurrent.ThreadPoolExecutor$Worker.run(ThreadPoolExecutor.java:628)
	... 1 common frames omitted
[Progress:==========>                   35%] [Cov:=======>                           21%][Progress:==========>                   36%] [Cov:=======>                           21%][Progress:==========>                   36%] [Cov:=======>                           21%][Progress:===========>                  37%] [Cov:=======>                           21%][MASTER] 15:57:46.132 [logback-1] WARN  ClientNodeImpl - Cannot send statistics to master; continuing without statistics
java.rmi.ServerError: Error occurred in server thread; nested exception is: 
	java.lang.NoClassDefFoundError: com/fasterxml/jackson/databind/AnnotationIntrospector
	at java.rmi/sun.rmi.server.UnicastServerRef.dispatch(UnicastServerRef.java:388)
	at java.rmi/sun.rmi.transport.Transport$1.run(Transport.java:200)
	at java.rmi/sun.rmi.transport.Transport$1.run(Transport.java:197)
	at java.base/java.security.AccessController.doPrivileged(Native Method)
	at java.rmi/sun.rmi.transport.Transport.serviceCall(Transport.java:196)
	at java.rmi/sun.rmi.transport.tcp.TCPTransport.handleMessages(TCPTransport.java:562)
	at java.rmi/sun.rmi.transport.tcp.TCPTransport$ConnectionHandler.run0(TCPTransport.java:796)
	at java.rmi/sun.rmi.transport.tcp.TCPTransport$ConnectionHandler.lambda$run$0(TCPTransport.java:677)
	at java.base/java.security.AccessController.doPrivileged(Native Method)
	at java.rmi/sun.rmi.transport.tcp.TCPTransport$ConnectionHandler.run(TCPTransport.java:676)
	at java.base/java.util.concurrent.ThreadPoolExecutor.runWorker(ThreadPoolExecutor.java:1128)
	at java.base/java.util.concurrent.ThreadPoolExecutor$Worker.run(ThreadPoolExecutor.java:628)
	at java.base/java.lang.Thread.run(Thread.java:829)
	at java.rmi/sun.rmi.transport.StreamRemoteCall.exceptionReceivedFromServer(StreamRemoteCall.java:303)
	at java.rmi/sun.rmi.transport.StreamRemoteCall.executeCall(StreamRemoteCall.java:279)
	at java.rmi/sun.rmi.server.UnicastRef.invoke(UnicastRef.java:164)
	at java.rmi/java.rmi.server.RemoteObjectInvocationHandler.invokeRemoteMethod(RemoteObjectInvocationHandler.java:217)
	at java.rmi/java.rmi.server.RemoteObjectInvocationHandler.invoke(RemoteObjectInvocationHandler.java:162)
	at com.sun.proxy.$Proxy7.evosuite_collectStatistics(Unknown Source)
	at org.evosuite.rmi.service.ClientNodeImpl.updateStatistics(ClientNodeImpl.java:251)
	at org.evosuite.statistics.StatisticsSender.sendIndividualToMaster(StatisticsSender.java:62)
	at org.evosuite.statistics.StatisticsListener.lambda$new$0(StatisticsListener.java:76)
	at java.base/java.lang.Thread.run(Thread.java:829)
Caused by: java.lang.NoClassDefFoundError: com/fasterxml/jackson/databind/AnnotationIntrospector
	at java.base/java.lang.Class.getDeclaringClass0(Native Method)
	at java.base/java.lang.Class.getEnclosingClass(Class.java:1517)
	at org.evosuite.utils.generic.GenericClassUtils.isMissingTypeParameters(GenericClassUtils.java:74)
	at org.evosuite.utils.generic.GenericClassImpl.addTypeParameters(GenericClassImpl.java:63)
	at org.evosuite.utils.generic.GenericClassImpl.readObject(GenericClassImpl.java:1685)
	at jdk.internal.reflect.GeneratedMethodAccessor9.invoke(Unknown Source)
	at java.base/jdk.internal.reflect.DelegatingMethodAccessorImpl.invoke(DelegatingMethodAccessorImpl.java:43)
	at java.base/java.lang.reflect.Method.invoke(Method.java:566)
	at java.base/java.io.ObjectStreamClass.invokeReadObject(ObjectStreamClass.java:1046)
	at java.base/java.io.ObjectInputStream.readSerialData(ObjectInputStream.java:2357)
	at java.base/java.io.ObjectInputStream.readOrdinaryObject(ObjectInputStream.java:2228)
	at java.base/java.io.ObjectInputStream.readObject0(ObjectInputStream.java:1687)
	at java.base/java.io.ObjectInputStream.defaultReadFields(ObjectInputStream.java:2496)
	at java.base/java.io.ObjectInputStream.readSerialData(ObjectInputStream.java:2390)
	at java.base/java.io.ObjectInputStream.readOrdinaryObject(ObjectInputStream.java:2228)
	at java.base/java.io.ObjectInputStream.readObject0(ObjectInputStream.java:1687)
	at java.base/java.io.ObjectInputStream.defaultReadFields(ObjectInputStream.java:2496)
	at java.base/java.io.ObjectInputStream.readSerialData(ObjectInputStream.java:2390)
	at java.base/java.io.ObjectInputStream.readOrdinaryObject(ObjectInputStream.java:2228)
	at java.base/java.io.ObjectInputStream.readObject0(ObjectInputStream.java:1687)
	at java.base/java.io.ObjectInputStream.skipCustomData(ObjectInputStream.java:2451)
	at java.base/java.io.ObjectInputStream.readSerialData(ObjectInputStream.java:2400)
	at java.base/java.io.ObjectInputStream.readOrdinaryObject(ObjectInputStream.java:2228)
	at java.base/java.io.ObjectInputStream.readObject0(ObjectInputStream.java:1687)
	at java.base/java.io.ObjectInputStream.defaultReadFields(ObjectInputStream.java:2496)
	at java.base/java.io.ObjectInputStream.readSerialData(ObjectInputStream.java:2390)
	at java.base/java.io.ObjectInputStream.readOrdinaryObject(ObjectInputStream.java:2228)
	at java.base/java.io.ObjectInputStream.readObject0(ObjectInputStream.java:1687)
	at java.base/java.io.ObjectInputStream.defaultReadFields(ObjectInputStream.java:2496)
	at java.base/java.io.ObjectInputStream.defaultReadObject(ObjectInputStream.java:625)
	at org.evosuite.testcase.DefaultTestCase.readObject(DefaultTestCase.java:1217)
	at jdk.internal.reflect.GeneratedMethodAccessor14.invoke(Unknown Source)
	at java.base/jdk.internal.reflect.DelegatingMethodAccessorImpl.invoke(DelegatingMethodAccessorImpl.java:43)
	at java.base/java.lang.reflect.Method.invoke(Method.java:566)
	at java.base/java.io.ObjectStreamClass.invokeReadObject(ObjectStreamClass.java:1046)
	at java.base/java.io.ObjectInputStream.readSerialData(ObjectInputStream.java:2357)
	at java.base/java.io.ObjectInputStream.readOrdinaryObject(ObjectInputStream.java:2228)
	at java.base/java.io.ObjectInputStream.readObject0(ObjectInputStream.java:1687)
	at java.base/java.io.ObjectInputStream.defaultReadFields(ObjectInputStream.java:2496)
	at java.base/java.io.ObjectInputStream.readSerialData(ObjectInputStream.java:2390)
	at java.base/java.io.ObjectInputStream.readOrdinaryObject(ObjectInputStream.java:2228)
	at java.base/java.io.ObjectInputStream.readObject0(ObjectInputStream.java:1687)
	at java.base/java.io.ObjectInputStream.skipCustomData(ObjectInputStream.java:2451)
	at java.base/java.io.ObjectInputStream.readSerialData(ObjectInputStream.java:2400)
	at java.base/java.io.ObjectInputStream.readOrdinaryObject(ObjectInputStream.java:2228)
	at java.base/java.io.ObjectInputStream.readObject0(ObjectInputStream.java:1687)
	at java.base/java.io.ObjectInputStream.defaultReadFields(ObjectInputStream.java:2496)
	at java.base/java.io.ObjectInputStream.readSerialData(ObjectInputStream.java:2390)
	at java.base/java.io.ObjectInputStream.readOrdinaryObject(ObjectInputStream.java:2228)
	at java.base/java.io.ObjectInputStream.readObject0(ObjectInputStream.java:1687)
	at java.base/java.io.ObjectInputStream.readObject(ObjectInputStream.java:489)
	at java.base/java.io.ObjectInputStream.readObject(ObjectInputStream.java:447)
	at java.rmi/sun.rmi.server.UnicastRef.unmarshalValue(UnicastRef.java:327)
	at java.rmi/sun.rmi.server.UnicastServerRef.dispatch(UnicastServerRef.java:339)
	at java.rmi/sun.rmi.transport.Transport$1.run(Transport.java:200)
	at java.rmi/sun.rmi.transport.Transport$1.run(Transport.java:197)
	at java.base/java.security.AccessController.doPrivileged(Native Method)
	at java.rmi/sun.rmi.transport.Transport.serviceCall(Transport.java:196)
	at java.rmi/sun.rmi.transport.tcp.TCPTransport.handleMessages(TCPTransport.java:562)
	at java.rmi/sun.rmi.transport.tcp.TCPTransport$ConnectionHandler.run0(TCPTransport.java:796)
	at java.rmi/sun.rmi.transport.tcp.TCPTransport$ConnectionHandler.lambda$run$0(TCPTransport.java:677)
	at java.base/java.security.AccessController.doPrivileged(Native Method)
	at java.rmi/sun.rmi.transport.tcp.TCPTransport$ConnectionHandler.run(TCPTransport.java:676)
	at java.base/java.util.concurrent.ThreadPoolExecutor.runWorker(ThreadPoolExecutor.java:1128)
	at java.base/java.util.concurrent.ThreadPoolExecutor$Worker.run(ThreadPoolExecutor.java:628)
	... 1 common frames omitted
[Progress:===========>                  37%] [Cov:=======>                           21%][Progress:===========>                  38%] [Cov:=======>                           21%][Progress:===========>                  38%] [Cov:=======>                           21%][Progress:===========>                  39%] [Cov:=======>                           21%][Progress:===========>                  39%] [Cov:=======>                           21%][Progress:============>                 40%] [Cov:=======>                           21%][Progress:============>                 40%] [Cov:=======>                           21%][Progress:============>                 40%] [Cov:=======>                           21%][MASTER] 15:57:50.612 [logback-1] WARN  ClientNodeImpl - Cannot send statistics to master; continuing without statistics
java.rmi.ServerError: Error occurred in server thread; nested exception is: 
	java.lang.NoClassDefFoundError: com/fasterxml/jackson/databind/AnnotationIntrospector
	at java.rmi/sun.rmi.server.UnicastServerRef.dispatch(UnicastServerRef.java:388)
	at java.rmi/sun.rmi.transport.Transport$1.run(Transport.java:200)
	at java.rmi/sun.rmi.transport.Transport$1.run(Transport.java:197)
	at java.base/java.security.AccessController.doPrivileged(Native Method)
	at java.rmi/sun.rmi.transport.Transport.serviceCall(Transport.java:196)
	at java.rmi/sun.rmi.transport.tcp.TCPTransport.handleMessages(TCPTransport.java:562)
	at java.rmi/sun.rmi.transport.tcp.TCPTransport$ConnectionHandler.run0(TCPTransport.java:796)
	at java.rmi/sun.rmi.transport.tcp.TCPTransport$ConnectionHandler.lambda$run$0(TCPTransport.java:677)
	at java.base/java.security.AccessController.doPrivileged(Native Method)
	at java.rmi/sun.rmi.transport.tcp.TCPTransport$ConnectionHandler.run(TCPTransport.java:676)
	at java.base/java.util.concurrent.ThreadPoolExecutor.runWorker(ThreadPoolExecutor.java:1128)
	at java.base/java.util.concurrent.ThreadPoolExecutor$Worker.run(ThreadPoolExecutor.java:628)
	at java.base/java.lang.Thread.run(Thread.java:829)
	at java.rmi/sun.rmi.transport.StreamRemoteCall.exceptionReceivedFromServer(StreamRemoteCall.java:303)
	at java.rmi/sun.rmi.transport.StreamRemoteCall.executeCall(StreamRemoteCall.java:279)
	at java.rmi/sun.rmi.server.UnicastRef.invoke(UnicastRef.java:164)
	at java.rmi/java.rmi.server.RemoteObjectInvocationHandler.invokeRemoteMethod(RemoteObjectInvocationHandler.java:217)
	at java.rmi/java.rmi.server.RemoteObjectInvocationHandler.invoke(RemoteObjectInvocationHandler.java:162)
	at com.sun.proxy.$Proxy7.evosuite_collectStatistics(Unknown Source)
	at org.evosuite.rmi.service.ClientNodeImpl.updateStatistics(ClientNodeImpl.java:251)
	at org.evosuite.statistics.StatisticsSender.sendIndividualToMaster(StatisticsSender.java:62)
	at org.evosuite.statistics.StatisticsListener.lambda$new$0(StatisticsListener.java:76)
	at java.base/java.lang.Thread.run(Thread.java:829)
Caused by: java.lang.NoClassDefFoundError: com/fasterxml/jackson/databind/AnnotationIntrospector
	at java.base/java.lang.Class.getDeclaringClass0(Native Method)
	at java.base/java.lang.Class.getEnclosingClass(Class.java:1517)
	at org.evosuite.utils.generic.GenericClassUtils.isMissingTypeParameters(GenericClassUtils.java:74)
	at org.evosuite.utils.generic.GenericClassImpl.addTypeParameters(GenericClassImpl.java:63)
	at org.evosuite.utils.generic.GenericClassImpl.readObject(GenericClassImpl.java:1685)
	at jdk.internal.reflect.GeneratedMethodAccessor9.invoke(Unknown Source)
	at java.base/jdk.internal.reflect.DelegatingMethodAccessorImpl.invoke(DelegatingMethodAccessorImpl.java:43)
	at java.base/java.lang.reflect.Method.invoke(Method.java:566)
	at java.base/java.io.ObjectStreamClass.invokeReadObject(ObjectStreamClass.java:1046)
	at java.base/java.io.ObjectInputStream.readSerialData(ObjectInputStream.java:2357)
	at java.base/java.io.ObjectInputStream.readOrdinaryObject(ObjectInputStream.java:2228)
	at java.base/java.io.ObjectInputStream.readObject0(ObjectInputStream.java:1687)
	at java.base/java.io.ObjectInputStream.defaultReadFields(ObjectInputStream.java:2496)
	at java.base/java.io.ObjectInputStream.readSerialData(ObjectInputStream.java:2390)
	at java.base/java.io.ObjectInputStream.readOrdinaryObject(ObjectInputStream.java:2228)
	at java.base/java.io.ObjectInputStream.readObject0(ObjectInputStream.java:1687)
	at java.base/java.io.ObjectInputStream.defaultReadFields(ObjectInputStream.java:2496)
	at java.base/java.io.ObjectInputStream.readSerialData(ObjectInputStream.java:2390)
	at java.base/java.io.ObjectInputStream.readOrdinaryObject(ObjectInputStream.java:2228)
	at java.base/java.io.ObjectInputStream.readObject0(ObjectInputStream.java:1687)
	at java.base/java.io.ObjectInputStream.skipCustomData(ObjectInputStream.java:2451)
	at java.base/java.io.ObjectInputStream.readSerialData(ObjectInputStream.java:2400)
	at java.base/java.io.ObjectInputStream.readOrdinaryObject(ObjectInputStream.java:2228)
	at java.base/java.io.ObjectInputStream.readObject0(ObjectInputStream.java:1687)
	at java.base/java.io.ObjectInputStream.defaultReadFields(ObjectInputStream.java:2496)
	at java.base/java.io.ObjectInputStream.readSerialData(ObjectInputStream.java:2390)
	at java.base/java.io.ObjectInputStream.readOrdinaryObject(ObjectInputStream.java:2228)
	at java.base/java.io.ObjectInputStream.readObject0(ObjectInputStream.java:1687)
	at java.base/java.io.ObjectInputStream.defaultReadFields(ObjectInputStream.java:2496)
	at java.base/java.io.ObjectInputStream.defaultReadObject(ObjectInputStream.java:625)
	at org.evosuite.testcase.DefaultTestCase.readObject(DefaultTestCase.java:1217)
	at jdk.internal.reflect.GeneratedMethodAccessor14.invoke(Unknown Source)
	at java.base/jdk.internal.reflect.DelegatingMethodAccessorImpl.invoke(DelegatingMethodAccessorImpl.java:43)
	at java.base/java.lang.reflect.Method.invoke(Method.java:566)
	at java.base/java.io.ObjectStreamClass.invokeReadObject(ObjectStreamClass.java:1046)
	at java.base/java.io.ObjectInputStream.readSerialData(ObjectInputStream.java:2357)
	at java.base/java.io.ObjectInputStream.readOrdinaryObject(ObjectInputStream.java:2228)
	at java.base/java.io.ObjectInputStream.readObject0(ObjectInputStream.java:1687)
	at java.base/java.io.ObjectInputStream.defaultReadFields(ObjectInputStream.java:2496)
	at java.base/java.io.ObjectInputStream.readSerialData(ObjectInputStream.java:2390)
	at java.base/java.io.ObjectInputStream.readOrdinaryObject(ObjectInputStream.java:2228)
	at java.base/java.io.ObjectInputStream.readObject0(ObjectInputStream.java:1687)
	at java.base/java.io.ObjectInputStream.skipCustomData(ObjectInputStream.java:2451)
	at java.base/java.io.ObjectInputStream.readSerialData(ObjectInputStream.java:2400)
	at java.base/java.io.ObjectInputStream.readOrdinaryObject(ObjectInputStream.java:2228)
	at java.base/java.io.ObjectInputStream.readObject0(ObjectInputStream.java:1687)
	at java.base/java.io.ObjectInputStream.defaultReadFields(ObjectInputStream.java:2496)
	at java.base/java.io.ObjectInputStream.readSerialData(ObjectInputStream.java:2390)
	at java.base/java.io.ObjectInputStream.readOrdinaryObject(ObjectInputStream.java:2228)
	at java.base/java.io.ObjectInputStream.readObject0(ObjectInputStream.java:1687)
	at java.base/java.io.ObjectInputStream.readObject(ObjectInputStream.java:489)
	at java.base/java.io.ObjectInputStream.readObject(ObjectInputStream.java:447)
	at java.rmi/sun.rmi.server.UnicastRef.unmarshalValue(UnicastRef.java:327)
	at java.rmi/sun.rmi.server.UnicastServerRef.dispatch(UnicastServerRef.java:339)
	at java.rmi/sun.rmi.transport.Transport$1.run(Transport.java:200)
	at java.rmi/sun.rmi.transport.Transport$1.run(Transport.java:197)
	at java.base/java.security.AccessController.doPrivileged(Native Method)
	at java.rmi/sun.rmi.transport.Transport.serviceCall(Transport.java:196)
	at java.rmi/sun.rmi.transport.tcp.TCPTransport.handleMessages(TCPTransport.java:562)
	at java.rmi/sun.rmi.transport.tcp.TCPTransport$ConnectionHandler.run0(TCPTransport.java:796)
	at java.rmi/sun.rmi.transport.tcp.TCPTransport$ConnectionHandler.lambda$run$0(TCPTransport.java:677)
	at java.base/java.security.AccessController.doPrivileged(Native Method)
	at java.rmi/sun.rmi.transport.tcp.TCPTransport$ConnectionHandler.run(TCPTransport.java:676)
	at java.base/java.util.concurrent.ThreadPoolExecutor.runWorker(ThreadPoolExecutor.java:1128)
	at java.base/java.util.concurrent.ThreadPoolExecutor$Worker.run(ThreadPoolExecutor.java:628)
	... 1 common frames omitted
[Progress:============>                 41%] [Cov:=======>                           21%][Progress:============>                 41%] [Cov:=======>                           21%][Progress:============>                 42%] [Cov:=======>                           21%][Progress:============>                 42%] [Cov:=======>                           21%][Progress:============>                 43%] [Cov:=======>                           21%][Progress:============>                 43%] [Cov:=======>                           21%][Progress:============>                 43%] [Cov:=======>                           21%][Progress:=============>                44%] [Cov:=======>                           21%][Progress:=============>                45%] [Cov:=======>                           21%][Progress:=============>                45%] [Cov:=======>                           21%][Progress:=============>                46%] [Cov:=======>                           21%][Progress:=============>                46%] [Cov:=======>                           21%]GWO iteration=60 bestFitness=3443.997590361446 population=50 a=0.8
========== GWO EVOLVE iteration=60 population=50 ==========
[Progress:==============>               47%] [Cov:=======>                           21%][Progress:==============>               48%] [Cov:=======>                           21%][Progress:==============>               48%] [Cov:=======>                           21%][Progress:==============>               49%] [Cov:=======>                           21%][Progress:==============>               49%] [Cov:=======>                           21%][Progress:==============>               49%] [Cov:=======>                           21%][Progress:===============>              50%] [Cov:=======>                           21%][Progress:===============>              50%] [Cov:=======>                           21%][Progress:===============>              50%] [Cov:=======>                           21%][MASTER] 15:58:02.839 [logback-1] WARN  ClientNodeImpl - Cannot send statistics to master; continuing without statistics
java.rmi.ServerError: Error occurred in server thread; nested exception is: 
	java.lang.NoClassDefFoundError: com/fasterxml/jackson/databind/AnnotationIntrospector
	at java.rmi/sun.rmi.server.UnicastServerRef.dispatch(UnicastServerRef.java:388)
	at java.rmi/sun.rmi.transport.Transport$1.run(Transport.java:200)
	at java.rmi/sun.rmi.transport.Transport$1.run(Transport.java:197)
	at java.base/java.security.AccessController.doPrivileged(Native Method)
	at java.rmi/sun.rmi.transport.Transport.serviceCall(Transport.java:196)
	at java.rmi/sun.rmi.transport.tcp.TCPTransport.handleMessages(TCPTransport.java:562)
	at java.rmi/sun.rmi.transport.tcp.TCPTransport$ConnectionHandler.run0(TCPTransport.java:796)
	at java.rmi/sun.rmi.transport.tcp.TCPTransport$ConnectionHandler.lambda$run$0(TCPTransport.java:677)
	at java.base/java.security.AccessController.doPrivileged(Native Method)
	at java.rmi/sun.rmi.transport.tcp.TCPTransport$ConnectionHandler.run(TCPTransport.java:676)
	at java.base/java.util.concurrent.ThreadPoolExecutor.runWorker(ThreadPoolExecutor.java:1128)
	at java.base/java.util.concurrent.ThreadPoolExecutor$Worker.run(ThreadPoolExecutor.java:628)
	at java.base/java.lang.Thread.run(Thread.java:829)
	at java.rmi/sun.rmi.transport.StreamRemoteCall.exceptionReceivedFromServer(StreamRemoteCall.java:303)
	at java.rmi/sun.rmi.transport.StreamRemoteCall.executeCall(StreamRemoteCall.java:279)
	at java.rmi/sun.rmi.server.UnicastRef.invoke(UnicastRef.java:164)
	at java.rmi/java.rmi.server.RemoteObjectInvocationHandler.invokeRemoteMethod(RemoteObjectInvocationHandler.java:217)
	at java.rmi/java.rmi.server.RemoteObjectInvocationHandler.invoke(RemoteObjectInvocationHandler.java:162)
	at com.sun.proxy.$Proxy7.evosuite_collectStatistics(Unknown Source)
	at org.evosuite.rmi.service.ClientNodeImpl.updateStatistics(ClientNodeImpl.java:251)
	at org.evosuite.statistics.StatisticsSender.sendIndividualToMaster(StatisticsSender.java:62)
	at org.evosuite.statistics.StatisticsListener.lambda$new$0(StatisticsListener.java:76)
	at java.base/java.lang.Thread.run(Thread.java:829)
Caused by: java.lang.NoClassDefFoundError: com/fasterxml/jackson/databind/AnnotationIntrospector
	at java.base/java.lang.Class.getDeclaringClass0(Native Method)
	at java.base/java.lang.Class.getEnclosingClass(Class.java:1517)
	at org.evosuite.utils.generic.GenericClassUtils.isMissingTypeParameters(GenericClassUtils.java:74)
	at org.evosuite.utils.generic.GenericClassImpl.addTypeParameters(GenericClassImpl.java:63)
	at org.evosuite.utils.generic.GenericClassImpl.readObject(GenericClassImpl.java:1685)
	at jdk.internal.reflect.GeneratedMethodAccessor9.invoke(Unknown Source)
	at java.base/jdk.internal.reflect.DelegatingMethodAccessorImpl.invoke(DelegatingMethodAccessorImpl.java:43)
	at java.base/java.lang.reflect.Method.invoke(Method.java:566)
	at java.base/java.io.ObjectStreamClass.invokeReadObject(ObjectStreamClass.java:1046)
	at java.base/java.io.ObjectInputStream.readSerialData(ObjectInputStream.java:2357)
	at java.base/java.io.ObjectInputStream.readOrdinaryObject(ObjectInputStream.java:2228)
	at java.base/java.io.ObjectInputStream.readObject0(ObjectInputStream.java:1687)
	at java.base/java.io.ObjectInputStream.defaultReadFields(ObjectInputStream.java:2496)
	at java.base/java.io.ObjectInputStream.readSerialData(ObjectInputStream.java:2390)
	at java.base/java.io.ObjectInputStream.readOrdinaryObject(ObjectInputStream.java:2228)
	at java.base/java.io.ObjectInputStream.readObject0(ObjectInputStream.java:1687)
	at java.base/java.io.ObjectInputStream.defaultReadFields(ObjectInputStream.java:2496)
	at java.base/java.io.ObjectInputStream.readSerialData(ObjectInputStream.java:2390)
	at java.base/java.io.ObjectInputStream.readOrdinaryObject(ObjectInputStream.java:2228)
	at java.base/java.io.ObjectInputStream.readObject0(ObjectInputStream.java:1687)
	at java.base/java.io.ObjectInputStream.skipCustomData(ObjectInputStream.java:2451)
	at java.base/java.io.ObjectInputStream.readSerialData(ObjectInputStream.java:2400)
	at java.base/java.io.ObjectInputStream.readOrdinaryObject(ObjectInputStream.java:2228)
	at java.base/java.io.ObjectInputStream.readObject0(ObjectInputStream.java:1687)
	at java.base/java.io.ObjectInputStream.defaultReadFields(ObjectInputStream.java:2496)
	at java.base/java.io.ObjectInputStream.readSerialData(ObjectInputStream.java:2390)
	at java.base/java.io.ObjectInputStream.readOrdinaryObject(ObjectInputStream.java:2228)
	at java.base/java.io.ObjectInputStream.readObject0(ObjectInputStream.java:1687)
	at java.base/java.io.ObjectInputStream.defaultReadFields(ObjectInputStream.java:2496)
	at java.base/java.io.ObjectInputStream.defaultReadObject(ObjectInputStream.java:625)
	at org.evosuite.testcase.DefaultTestCase.readObject(DefaultTestCase.java:1217)
	at jdk.internal.reflect.GeneratedMethodAccessor14.invoke(Unknown Source)
	at java.base/jdk.internal.reflect.DelegatingMethodAccessorImpl.invoke(DelegatingMethodAccessorImpl.java:43)
	at java.base/java.lang.reflect.Method.invoke(Method.java:566)
	at java.base/java.io.ObjectStreamClass.invokeReadObject(ObjectStreamClass.java:1046)
	at java.base/java.io.ObjectInputStream.readSerialData(ObjectInputStream.java:2357)
	at java.base/java.io.ObjectInputStream.readOrdinaryObject(ObjectInputStream.java:2228)
	at java.base/java.io.ObjectInputStream.readObject0(ObjectInputStream.java:1687)
	at java.base/java.io.ObjectInputStream.defaultReadFields(ObjectInputStream.java:2496)
	at java.base/java.io.ObjectInputStream.readSerialData(ObjectInputStream.java:2390)
	at java.base/java.io.ObjectInputStream.readOrdinaryObject(ObjectInputStream.java:2228)
	at java.base/java.io.ObjectInputStream.readObject0(ObjectInputStream.java:1687)
	at java.base/java.io.ObjectInputStream.skipCustomData(ObjectInputStream.java:2451)
	at java.base/java.io.ObjectInputStream.readSerialData(ObjectInputStream.java:2400)
	at java.base/java.io.ObjectInputStream.readOrdinaryObject(ObjectInputStream.java:2228)
	at java.base/java.io.ObjectInputStream.readObject0(ObjectInputStream.java:1687)
	at java.base/java.io.ObjectInputStream.defaultReadFields(ObjectInputStream.java:2496)
	at java.base/java.io.ObjectInputStream.readSerialData(ObjectInputStream.java:2390)
	at java.base/java.io.ObjectInputStream.readOrdinaryObject(ObjectInputStream.java:2228)
	at java.base/java.io.ObjectInputStream.readObject0(ObjectInputStream.java:1687)
	at java.base/java.io.ObjectInputStream.readObject(ObjectInputStream.java:489)
	at java.base/java.io.ObjectInputStream.readObject(ObjectInputStream.java:447)
	at java.rmi/sun.rmi.server.UnicastRef.unmarshalValue(UnicastRef.java:327)
	at java.rmi/sun.rmi.server.UnicastServerRef.dispatch(UnicastServerRef.java:339)
	at java.rmi/sun.rmi.transport.Transport$1.run(Transport.java:200)
	at java.rmi/sun.rmi.transport.Transport$1.run(Transport.java:197)
	at java.base/java.security.AccessController.doPrivileged(Native Method)
	at java.rmi/sun.rmi.transport.Transport.serviceCall(Transport.java:196)
	at java.rmi/sun.rmi.transport.tcp.TCPTransport.handleMessages(TCPTransport.java:562)
	at java.rmi/sun.rmi.transport.tcp.TCPTransport$ConnectionHandler.run0(TCPTransport.java:796)
	at java.rmi/sun.rmi.transport.tcp.TCPTransport$ConnectionHandler.lambda$run$0(TCPTransport.java:677)
	at java.base/java.security.AccessController.doPrivileged(Native Method)
	at java.rmi/sun.rmi.transport.tcp.TCPTransport$ConnectionHandler.run(TCPTransport.java:676)
	at java.base/java.util.concurrent.ThreadPoolExecutor.runWorker(ThreadPoolExecutor.java:1128)
	at java.base/java.util.concurrent.ThreadPoolExecutor$Worker.run(ThreadPoolExecutor.java:628)
	... 1 common frames omitted
[Progress:===============>              51%] [Cov:=======>                           21%][Progress:===============>              51%] [Cov:=======>                           21%][Progress:===============>              52%] [Cov:=======>                           21%][MASTER] 15:58:04.475 [logback-1] WARN  ClientNodeImpl - Cannot send statistics to master; continuing without statistics
java.rmi.ServerError: Error occurred in server thread; nested exception is: 
	java.lang.NoClassDefFoundError: com/fasterxml/jackson/databind/AnnotationIntrospector
	at java.rmi/sun.rmi.server.UnicastServerRef.dispatch(UnicastServerRef.java:388)
	at java.rmi/sun.rmi.transport.Transport$1.run(Transport.java:200)
	at java.rmi/sun.rmi.transport.Transport$1.run(Transport.java:197)
	at java.base/java.security.AccessController.doPrivileged(Native Method)
	at java.rmi/sun.rmi.transport.Transport.serviceCall(Transport.java:196)
	at java.rmi/sun.rmi.transport.tcp.TCPTransport.handleMessages(TCPTransport.java:562)
	at java.rmi/sun.rmi.transport.tcp.TCPTransport$ConnectionHandler.run0(TCPTransport.java:796)
	at java.rmi/sun.rmi.transport.tcp.TCPTransport$ConnectionHandler.lambda$run$0(TCPTransport.java:677)
	at java.base/java.security.AccessController.doPrivileged(Native Method)
	at java.rmi/sun.rmi.transport.tcp.TCPTransport$ConnectionHandler.run(TCPTransport.java:676)
	at java.base/java.util.concurrent.ThreadPoolExecutor.runWorker(ThreadPoolExecutor.java:1128)
	at java.base/java.util.concurrent.ThreadPoolExecutor$Worker.run(ThreadPoolExecutor.java:628)
	at java.base/java.lang.Thread.run(Thread.java:829)
	at java.rmi/sun.rmi.transport.StreamRemoteCall.exceptionReceivedFromServer(StreamRemoteCall.java:303)
	at java.rmi/sun.rmi.transport.StreamRemoteCall.executeCall(StreamRemoteCall.java:279)
	at java.rmi/sun.rmi.server.UnicastRef.invoke(UnicastRef.java:164)
	at java.rmi/java.rmi.server.RemoteObjectInvocationHandler.invokeRemoteMethod(RemoteObjectInvocationHandler.java:217)
	at java.rmi/java.rmi.server.RemoteObjectInvocationHandler.invoke(RemoteObjectInvocationHandler.java:162)
	at com.sun.proxy.$Proxy7.evosuite_collectStatistics(Unknown Source)
	at org.evosuite.rmi.service.ClientNodeImpl.updateStatistics(ClientNodeImpl.java:251)
	at org.evosuite.statistics.StatisticsSender.sendIndividualToMaster(StatisticsSender.java:62)
	at org.evosuite.statistics.StatisticsListener.lambda$new$0(StatisticsListener.java:76)
	at java.base/java.lang.Thread.run(Thread.java:829)
Caused by: java.lang.NoClassDefFoundError: com/fasterxml/jackson/databind/AnnotationIntrospector
	at java.base/java.lang.Class.getDeclaringClass0(Native Method)
	at java.base/java.lang.Class.getEnclosingClass(Class.java:1517)
	at org.evosuite.utils.generic.GenericClassUtils.isMissingTypeParameters(GenericClassUtils.java:74)
	at org.evosuite.utils.generic.GenericClassImpl.addTypeParameters(GenericClassImpl.java:63)
	at org.evosuite.utils.generic.GenericClassImpl.readObject(GenericClassImpl.java:1685)
	at jdk.internal.reflect.GeneratedMethodAccessor9.invoke(Unknown Source)
	at java.base/jdk.internal.reflect.DelegatingMethodAccessorImpl.invoke(DelegatingMethodAccessorImpl.java:43)
	at java.base/java.lang.reflect.Method.invoke(Method.java:566)
	at java.base/java.io.ObjectStreamClass.invokeReadObject(ObjectStreamClass.java:1046)
	at java.base/java.io.ObjectInputStream.readSerialData(ObjectInputStream.java:2357)
	at java.base/java.io.ObjectInputStream.readOrdinaryObject(ObjectInputStream.java:2228)
	at java.base/java.io.ObjectInputStream.readObject0(ObjectInputStream.java:1687)
	at java.base/java.io.ObjectInputStream.defaultReadFields(ObjectInputStream.java:2496)
	at java.base/java.io.ObjectInputStream.readSerialData(ObjectInputStream.java:2390)
	at java.base/java.io.ObjectInputStream.readOrdinaryObject(ObjectInputStream.java:2228)
	at java.base/java.io.ObjectInputStream.readObject0(ObjectInputStream.java:1687)
	at java.base/java.io.ObjectInputStream.defaultReadFields(ObjectInputStream.java:2496)
	at java.base/java.io.ObjectInputStream.readSerialData(ObjectInputStream.java:2390)
	at java.base/java.io.ObjectInputStream.readOrdinaryObject(ObjectInputStream.java:2228)
	at java.base/java.io.ObjectInputStream.readObject0(ObjectInputStream.java:1687)
	at java.base/java.io.ObjectInputStream.skipCustomData(ObjectInputStream.java:2451)
	at java.base/java.io.ObjectInputStream.readSerialData(ObjectInputStream.java:2400)
	at java.base/java.io.ObjectInputStream.readOrdinaryObject(ObjectInputStream.java:2228)
	at java.base/java.io.ObjectInputStream.readObject0(ObjectInputStream.java:1687)
	at java.base/java.io.ObjectInputStream.defaultReadFields(ObjectInputStream.java:2496)
	at java.base/java.io.ObjectInputStream.readSerialData(ObjectInputStream.java:2390)
	at java.base/java.io.ObjectInputStream.readOrdinaryObject(ObjectInputStream.java:2228)
	at java.base/java.io.ObjectInputStream.readObject0(ObjectInputStream.java:1687)
	at java.base/java.io.ObjectInputStream.defaultReadFields(ObjectInputStream.java:2496)
	at java.base/java.io.ObjectInputStream.defaultReadObject(ObjectInputStream.java:625)
	at org.evosuite.testcase.DefaultTestCase.readObject(DefaultTestCase.java:1217)
	at jdk.internal.reflect.GeneratedMethodAccessor14.invoke(Unknown Source)
	at java.base/jdk.internal.reflect.DelegatingMethodAccessorImpl.invoke(DelegatingMethodAccessorImpl.java:43)
	at java.base/java.lang.reflect.Method.invoke(Method.java:566)
	at java.base/java.io.ObjectStreamClass.invokeReadObject(ObjectStreamClass.java:1046)
	at java.base/java.io.ObjectInputStream.readSerialData(ObjectInputStream.java:2357)
	at java.base/java.io.ObjectInputStream.readOrdinaryObject(ObjectInputStream.java:2228)
	at java.base/java.io.ObjectInputStream.readObject0(ObjectInputStream.java:1687)
	at java.base/java.io.ObjectInputStream.defaultReadFields(ObjectInputStream.java:2496)
	at java.base/java.io.ObjectInputStream.readSerialData(ObjectInputStream.java:2390)
	at java.base/java.io.ObjectInputStream.readOrdinaryObject(ObjectInputStream.java:2228)
	at java.base/java.io.ObjectInputStream.readObject0(ObjectInputStream.java:1687)
	at java.base/java.io.ObjectInputStream.skipCustomData(ObjectInputStream.java:2451)
	at java.base/java.io.ObjectInputStream.readSerialData(ObjectInputStream.java:2400)
	at java.base/java.io.ObjectInputStream.readOrdinaryObject(ObjectInputStream.java:2228)
	at java.base/java.io.ObjectInputStream.readObject0(ObjectInputStream.java:1687)
	at java.base/java.io.ObjectInputStream.defaultReadFields(ObjectInputStream.java:2496)
	at java.base/java.io.ObjectInputStream.readSerialData(ObjectInputStream.java:2390)
	at java.base/java.io.ObjectInputStream.readOrdinaryObject(ObjectInputStream.java:2228)
	at java.base/java.io.ObjectInputStream.readObject0(ObjectInputStream.java:1687)
	at java.base/java.io.ObjectInputStream.readObject(ObjectInputStream.java:489)
	at java.base/java.io.ObjectInputStream.readObject(ObjectInputStream.java:447)
	at java.rmi/sun.rmi.server.UnicastRef.unmarshalValue(UnicastRef.java:327)
	at java.rmi/sun.rmi.server.UnicastServerRef.dispatch(UnicastServerRef.java:339)
	at java.rmi/sun.rmi.transport.Transport$1.run(Transport.java:200)
	at java.rmi/sun.rmi.transport.Transport$1.run(Transport.java:197)
	at java.base/java.security.AccessController.doPrivileged(Native Method)
	at java.rmi/sun.rmi.transport.Transport.serviceCall(Transport.java:196)
	at java.rmi/sun.rmi.transport.tcp.TCPTransport.handleMessages(TCPTransport.java:562)
	at java.rmi/sun.rmi.transport.tcp.TCPTransport$ConnectionHandler.run0(TCPTransport.java:796)
	at java.rmi/sun.rmi.transport.tcp.TCPTransport$ConnectionHandler.lambda$run$0(TCPTransport.java:677)
	at java.base/java.security.AccessController.doPrivileged(Native Method)
	at java.rmi/sun.rmi.transport.tcp.TCPTransport$ConnectionHandler.run(TCPTransport.java:676)
	at java.base/java.util.concurrent.ThreadPoolExecutor.runWorker(ThreadPoolExecutor.java:1128)
	at java.base/java.util.concurrent.ThreadPoolExecutor$Worker.run(ThreadPoolExecutor.java:628)
	... 1 common frames omitted
[Progress:===============>              52%] [Cov:=======>                           21%][Progress:===============>              53%] [Cov:=======>                           21%][Progress:===============>              53%] [Cov:=======>                           21%][Progress:================>             54%] [Cov:=======>                           21%][Progress:================>             54%] [Cov:=======>                           21%][Progress:================>             55%] [Cov:=======>                           21%][MASTER] 15:58:07.287 [logback-1] WARN  ClientNodeImpl - Cannot send statistics to master; continuing without statistics
java.rmi.ServerError: Error occurred in server thread; nested exception is: 
	java.lang.NoClassDefFoundError: com/fasterxml/jackson/databind/AnnotationIntrospector
	at java.rmi/sun.rmi.server.UnicastServerRef.dispatch(UnicastServerRef.java:388)
	at java.rmi/sun.rmi.transport.Transport$1.run(Transport.java:200)
	at java.rmi/sun.rmi.transport.Transport$1.run(Transport.java:197)
	at java.base/java.security.AccessController.doPrivileged(Native Method)
	at java.rmi/sun.rmi.transport.Transport.serviceCall(Transport.java:196)
	at java.rmi/sun.rmi.transport.tcp.TCPTransport.handleMessages(TCPTransport.java:562)
	at java.rmi/sun.rmi.transport.tcp.TCPTransport$ConnectionHandler.run0(TCPTransport.java:796)
	at java.rmi/sun.rmi.transport.tcp.TCPTransport$ConnectionHandler.lambda$run$0(TCPTransport.java:677)
	at java.base/java.security.AccessController.doPrivileged(Native Method)
	at java.rmi/sun.rmi.transport.tcp.TCPTransport$ConnectionHandler.run(TCPTransport.java:676)
	at java.base/java.util.concurrent.ThreadPoolExecutor.runWorker(ThreadPoolExecutor.java:1128)
	at java.base/java.util.concurrent.ThreadPoolExecutor$Worker.run(ThreadPoolExecutor.java:628)
	at java.base/java.lang.Thread.run(Thread.java:829)
	at java.rmi/sun.rmi.transport.StreamRemoteCall.exceptionReceivedFromServer(StreamRemoteCall.java:303)
	at java.rmi/sun.rmi.transport.StreamRemoteCall.executeCall(StreamRemoteCall.java:279)
	at java.rmi/sun.rmi.server.UnicastRef.invoke(UnicastRef.java:164)
	at java.rmi/java.rmi.server.RemoteObjectInvocationHandler.invokeRemoteMethod(RemoteObjectInvocationHandler.java:217)
	at java.rmi/java.rmi.server.RemoteObjectInvocationHandler.invoke(RemoteObjectInvocationHandler.java:162)
	at com.sun.proxy.$Proxy7.evosuite_collectStatistics(Unknown Source)
	at org.evosuite.rmi.service.ClientNodeImpl.updateStatistics(ClientNodeImpl.java:251)
	at org.evosuite.statistics.StatisticsSender.sendIndividualToMaster(StatisticsSender.java:62)
	at org.evosuite.statistics.StatisticsListener.lambda$new$0(StatisticsListener.java:76)
	at java.base/java.lang.Thread.run(Thread.java:829)
Caused by: java.lang.NoClassDefFoundError: com/fasterxml/jackson/databind/AnnotationIntrospector
	at java.base/java.lang.Class.getDeclaringClass0(Native Method)
	at java.base/java.lang.Class.getEnclosingClass(Class.java:1517)
	at org.evosuite.utils.generic.GenericClassUtils.isMissingTypeParameters(GenericClassUtils.java:74)
	at org.evosuite.utils.generic.GenericClassImpl.addTypeParameters(GenericClassImpl.java:63)
	at org.evosuite.utils.generic.GenericClassImpl.readObject(GenericClassImpl.java:1685)
	at jdk.internal.reflect.GeneratedMethodAccessor9.invoke(Unknown Source)
	at java.base/jdk.internal.reflect.DelegatingMethodAccessorImpl.invoke(DelegatingMethodAccessorImpl.java:43)
	at java.base/java.lang.reflect.Method.invoke(Method.java:566)
	at java.base/java.io.ObjectStreamClass.invokeReadObject(ObjectStreamClass.java:1046)
	at java.base/java.io.ObjectInputStream.readSerialData(ObjectInputStream.java:2357)
	at java.base/java.io.ObjectInputStream.readOrdinaryObject(ObjectInputStream.java:2228)
	at java.base/java.io.ObjectInputStream.readObject0(ObjectInputStream.java:1687)
	at java.base/java.io.ObjectInputStream.defaultReadFields(ObjectInputStream.java:2496)
	at java.base/java.io.ObjectInputStream.readSerialData(ObjectInputStream.java:2390)
	at java.base/java.io.ObjectInputStream.readOrdinaryObject(ObjectInputStream.java:2228)
	at java.base/java.io.ObjectInputStream.readObject0(ObjectInputStream.java:1687)
	at java.base/java.io.ObjectInputStream.defaultReadFields(ObjectInputStream.java:2496)
	at java.base/java.io.ObjectInputStream.readSerialData(ObjectInputStream.java:2390)
	at java.base/java.io.ObjectInputStream.readOrdinaryObject(ObjectInputStream.java:2228)
	at java.base/java.io.ObjectInputStream.readObject0(ObjectInputStream.java:1687)
	at java.base/java.io.ObjectInputStream.readObject(ObjectInputStream.java:489)
	at java.base/java.io.ObjectInputStream.readObject(ObjectInputStream.java:447)
	at java.base/java.util.ArrayList.readObject(ArrayList.java:929)
	at java.base/jdk.internal.reflect.GeneratedMethodAccessor7.invoke(Unknown Source)
	at java.base/jdk.internal.reflect.DelegatingMethodAccessorImpl.invoke(DelegatingMethodAccessorImpl.java:43)
	at java.base/java.lang.reflect.Method.invoke(Method.java:566)
	at java.base/java.io.ObjectStreamClass.invokeReadObject(ObjectStreamClass.java:1046)
	at java.base/java.io.ObjectInputStream.readSerialData(ObjectInputStream.java:2357)
	at java.base/java.io.ObjectInputStream.readOrdinaryObject(ObjectInputStream.java:2228)
	at java.base/java.io.ObjectInputStream.readObject0(ObjectInputStream.java:1687)
	at java.base/java.io.ObjectInputStream.defaultReadFields(ObjectInputStream.java:2496)
	at java.base/java.io.ObjectInputStream.readSerialData(ObjectInputStream.java:2390)
	at java.base/java.io.ObjectInputStream.readOrdinaryObject(ObjectInputStream.java:2228)
	at java.base/java.io.ObjectInputStream.readObject0(ObjectInputStream.java:1687)
	at java.base/java.io.ObjectInputStream.defaultReadFields(ObjectInputStream.java:2496)
	at java.base/java.io.ObjectInputStream.defaultReadObject(ObjectInputStream.java:625)
	at org.evosuite.testcase.DefaultTestCase.readObject(DefaultTestCase.java:1217)
	at jdk.internal.reflect.GeneratedMethodAccessor14.invoke(Unknown Source)
	at java.base/jdk.internal.reflect.DelegatingMethodAccessorImpl.invoke(DelegatingMethodAccessorImpl.java:43)
	at java.base/java.lang.reflect.Method.invoke(Method.java:566)
	at java.base/java.io.ObjectStreamClass.invokeReadObject(ObjectStreamClass.java:1046)
	at java.base/java.io.ObjectInputStream.readSerialData(ObjectInputStream.java:2357)
	at java.base/java.io.ObjectInputStream.readOrdinaryObject(ObjectInputStream.java:2228)
	at java.base/java.io.ObjectInputStream.readObject0(ObjectInputStream.java:1687)
	at java.base/java.io.ObjectInputStream.defaultReadFields(ObjectInputStream.java:2496)
	at java.base/java.io.ObjectInputStream.readSerialData(ObjectInputStream.java:2390)
	at java.base/java.io.ObjectInputStream.readOrdinaryObject(ObjectInputStream.java:2228)
	at java.base/java.io.ObjectInputStream.readObject0(ObjectInputStream.java:1687)
	at java.base/java.io.ObjectInputStream.skipCustomData(ObjectInputStream.java:2451)
	at java.base/java.io.ObjectInputStream.readSerialData(ObjectInputStream.java:2400)
	at java.base/java.io.ObjectInputStream.readOrdinaryObject(ObjectInputStream.java:2228)
	at java.base/java.io.ObjectInputStream.readObject0(ObjectInputStream.java:1687)
	at java.base/java.io.ObjectInputStream.defaultReadFields(ObjectInputStream.java:2496)
	at java.base/java.io.ObjectInputStream.readSerialData(ObjectInputStream.java:2390)
	at java.base/java.io.ObjectInputStream.readOrdinaryObject(ObjectInputStream.java:2228)
	at java.base/java.io.ObjectInputStream.readObject0(ObjectInputStream.java:1687)
	at java.base/java.io.ObjectInputStream.readObject(ObjectInputStream.java:489)
	at java.base/java.io.ObjectInputStream.readObject(ObjectInputStream.java:447)
	at java.rmi/sun.rmi.server.UnicastRef.unmarshalValue(UnicastRef.java:327)
	at java.rmi/sun.rmi.server.UnicastServerRef.dispatch(UnicastServerRef.java:339)
	at java.rmi/sun.rmi.transport.Transport$1.run(Transport.java:200)
	at java.rmi/sun.rmi.transport.Transport$1.run(Transport.java:197)
	at java.base/java.security.AccessController.doPrivileged(Native Method)
	at java.rmi/sun.rmi.transport.Transport.serviceCall(Transport.java:196)
	at java.rmi/sun.rmi.transport.tcp.TCPTransport.handleMessages(TCPTransport.java:562)
	at java.rmi/sun.rmi.transport.tcp.TCPTransport$ConnectionHandler.run0(TCPTransport.java:796)
	at java.rmi/sun.rmi.transport.tcp.TCPTransport$ConnectionHandler.lambda$run$0(TCPTransport.java:677)
	at java.base/java.security.AccessController.doPrivileged(Native Method)
	at java.rmi/sun.rmi.transport.tcp.TCPTransport$ConnectionHandler.run(TCPTransport.java:676)
	at java.base/java.util.concurrent.ThreadPoolExecutor.runWorker(ThreadPoolExecutor.java:1128)
	at java.base/java.util.concurrent.ThreadPoolExecutor$Worker.run(ThreadPoolExecutor.java:628)
	... 1 common frames omitted
[Progress:================>             55%] [Cov:=======>                           21%][Progress:================>             55%] [Cov:=======>                           21%][Progress:================>             56%] [Cov:=======>                           21%][Progress:================>             56%] [Cov:=======>                           21%][Progress:=================>            57%] [Cov:=======>                           21%][Progress:=================>            57%] [Cov:=======>                           21%][Progress:=================>            58%] [Cov:=======>                           21%][Progress:=================>            58%] [Cov:=======>                           21%][Progress:=================>            59%] [Cov:=======>                           21%][Progress:=================>            59%] [Cov:=======>                           21%][Progress:==================>           60%] [Cov:=======>                           21%][Progress:==================>           60%] [Cov:=======>                           21%][Progress:==================>           60%] [Cov:=======>                           21%][Progress:==================>           60%] [Cov:=======>                           21%][Progress:==================>           61%] [Cov:=======>                           21%][Progress:==================>           61%] [Cov:=======>                           21%][Progress:==================>           62%] [Cov:=======>                           21%][Progress:==================>           62%] [Cov:=======>                           21%]GWO iteration=80 bestFitness=3441.997590361446 population=50 a=0.3999999999999999
========== GWO EVOLVE iteration=80 population=50 ==========
[Progress:==================>           63%] [Cov:=======>                           21%][Progress:==================>           63%] [Cov:=======>                           21%][Progress:===================>          64%] [Cov:=======>                           21%][Progress:===================>          64%] [Cov:=======>                           21%][Progress:===================>          64%] [Cov:=======>                           21%][Progress:===================>          65%] [Cov:=======>                           21%][Progress:===================>          65%] [Cov:=======>                           21%][Progress:===================>          65%] [Cov:=======>                           21%][Progress:===================>          66%] [Cov:=======>                           21%][Progress:===================>          66%] [Cov:=======>                           21%][Progress:====================>         67%] [Cov:=======>                           21%][Progress:====================>         67%] [Cov:=======>                           21%][Progress:====================>         67%] [Cov:=======>                           21%][Progress:====================>         68%] [Cov:=======>                           21%][Progress:====================>         68%] [Cov:=======>                           21%][Progress:====================>         69%] [Cov:=======>                           21%][Progress:====================>         69%] [Cov:=======>                           21%][Progress:=====================>        70%] [Cov:=======>                           21%][Progress:=====================>        70%] [Cov:=======>                           21%][Progress:=====================>        70%] [Cov:=======>                           21%][Progress:=====================>        71%] [Cov:=======>                           21%][Progress:=====================>        71%] [Cov:=======>                           21%][Progress:=====================>        72%] [Cov:=======>                           21%][Progress:=====================>        72%] [Cov:=======>                           21%][Progress:=====================>        73%] [Cov:=======>                           21%][Progress:=====================>        73%] [Cov:=======>                           21%][Progress:=====================>        73%] [Cov:=======>                           21%][Progress:======================>       75%] [Cov:=======>                           21%][Progress:======================>       76%] [Cov:=======>                           21%][Progress:======================>       76%] [Cov:=======>                           21%][Progress:=======================>      77%] [Cov:=======>                           21%][Progress:=======================>      77%] [Cov:=======>                           21%][Progress:=======================>      77%] [Cov:=======>                           21%][Progress:=======================>      78%] [Cov:=======>                           21%][Progress:=======================>      78%] [Cov:=======>                           21%]GWO iteration=100 bestFitness=3441.997590361446 population=50 a=0.0
========== GWO EVOLVE iteration=100 population=50 ==========
[Progress:=======================>      79%] [Cov:=======>                           21%][Progress:=======================>      79%] [Cov:=======>                           21%][Progress:========================>     80%] [Cov:=======>                           21%][Progress:========================>     80%] [Cov:=======>                           21%][Progress:========================>     80%] [Cov:=======>                           21%][Progress:========================>     80%] [Cov:=======>                           21%][Progress:========================>     81%] [Cov:=======>                           21%][MASTER] 15:58:39.243 [logback-1] WARN  ClientNodeImpl - Cannot send statistics to master; continuing without statistics
java.rmi.ServerError: Error occurred in server thread; nested exception is: 
	java.lang.NoClassDefFoundError: com/fasterxml/jackson/databind/AnnotationIntrospector
	at java.rmi/sun.rmi.server.UnicastServerRef.dispatch(UnicastServerRef.java:388)
	at java.rmi/sun.rmi.transport.Transport$1.run(Transport.java:200)
	at java.rmi/sun.rmi.transport.Transport$1.run(Transport.java:197)
	at java.base/java.security.AccessController.doPrivileged(Native Method)
	at java.rmi/sun.rmi.transport.Transport.serviceCall(Transport.java:196)
	at java.rmi/sun.rmi.transport.tcp.TCPTransport.handleMessages(TCPTransport.java:562)
	at java.rmi/sun.rmi.transport.tcp.TCPTransport$ConnectionHandler.run0(TCPTransport.java:796)
	at java.rmi/sun.rmi.transport.tcp.TCPTransport$ConnectionHandler.lambda$run$0(TCPTransport.java:677)
	at java.base/java.security.AccessController.doPrivileged(Native Method)
	at java.rmi/sun.rmi.transport.tcp.TCPTransport$ConnectionHandler.run(TCPTransport.java:676)
	at java.base/java.util.concurrent.ThreadPoolExecutor.runWorker(ThreadPoolExecutor.java:1128)
	at java.base/java.util.concurrent.ThreadPoolExecutor$Worker.run(ThreadPoolExecutor.java:628)
	at java.base/java.lang.Thread.run(Thread.java:829)
	at java.rmi/sun.rmi.transport.StreamRemoteCall.exceptionReceivedFromServer(StreamRemoteCall.java:303)
	at java.rmi/sun.rmi.transport.StreamRemoteCall.executeCall(StreamRemoteCall.java:279)
	at java.rmi/sun.rmi.server.UnicastRef.invoke(UnicastRef.java:164)
	at java.rmi/java.rmi.server.RemoteObjectInvocationHandler.invokeRemoteMethod(RemoteObjectInvocationHandler.java:217)
	at java.rmi/java.rmi.server.RemoteObjectInvocationHandler.invoke(RemoteObjectInvocationHandler.java:162)
	at com.sun.proxy.$Proxy7.evosuite_collectStatistics(Unknown Source)
	at org.evosuite.rmi.service.ClientNodeImpl.updateStatistics(ClientNodeImpl.java:251)
	at org.evosuite.statistics.StatisticsSender.sendIndividualToMaster(StatisticsSender.java:62)
	at org.evosuite.statistics.StatisticsListener.lambda$new$0(StatisticsListener.java:76)
	at java.base/java.lang.Thread.run(Thread.java:829)
Caused by: java.lang.NoClassDefFoundError: com/fasterxml/jackson/databind/AnnotationIntrospector
	at java.base/java.lang.Class.getDeclaringClass0(Native Method)
	at java.base/java.lang.Class.getEnclosingClass(Class.java:1517)
	at org.evosuite.utils.generic.GenericClassUtils.isMissingTypeParameters(GenericClassUtils.java:74)
	at org.evosuite.utils.generic.GenericClassImpl.addTypeParameters(GenericClassImpl.java:63)
	at org.evosuite.utils.generic.GenericClassImpl.readObject(GenericClassImpl.java:1685)
	at jdk.internal.reflect.GeneratedMethodAccessor9.invoke(Unknown Source)
	at java.base/jdk.internal.reflect.DelegatingMethodAccessorImpl.invoke(DelegatingMethodAccessorImpl.java:43)
	at java.base/java.lang.reflect.Method.invoke(Method.java:566)
	at java.base/java.io.ObjectStreamClass.invokeReadObject(ObjectStreamClass.java:1046)
	at java.base/java.io.ObjectInputStream.readSerialData(ObjectInputStream.java:2357)
	at java.base/java.io.ObjectInputStream.readOrdinaryObject(ObjectInputStream.java:2228)
	at java.base/java.io.ObjectInputStream.readObject0(ObjectInputStream.java:1687)
	at java.base/java.io.ObjectInputStream.defaultReadFields(ObjectInputStream.java:2496)
	at java.base/java.io.ObjectInputStream.readSerialData(ObjectInputStream.java:2390)
	at java.base/java.io.ObjectInputStream.readOrdinaryObject(ObjectInputStream.java:2228)
	at java.base/java.io.ObjectInputStream.readObject0(ObjectInputStream.java:1687)
	at java.base/java.io.ObjectInputStream.defaultReadFields(ObjectInputStream.java:2496)
	at java.base/java.io.ObjectInputStream.readSerialData(ObjectInputStream.java:2390)
	at java.base/java.io.ObjectInputStream.readOrdinaryObject(ObjectInputStream.java:2228)
	at java.base/java.io.ObjectInputStream.readObject0(ObjectInputStream.java:1687)
	at java.base/java.io.ObjectInputStream.readObject(ObjectInputStream.java:489)
	at java.base/java.io.ObjectInputStream.readObject(ObjectInputStream.java:447)
	at java.base/java.util.ArrayList.readObject(ArrayList.java:929)
	at java.base/jdk.internal.reflect.GeneratedMethodAccessor7.invoke(Unknown Source)
	at java.base/jdk.internal.reflect.DelegatingMethodAccessorImpl.invoke(DelegatingMethodAccessorImpl.java:43)
	at java.base/java.lang.reflect.Method.invoke(Method.java:566)
	at java.base/java.io.ObjectStreamClass.invokeReadObject(ObjectStreamClass.java:1046)
	at java.base/java.io.ObjectInputStream.readSerialData(ObjectInputStream.java:2357)
	at java.base/java.io.ObjectInputStream.readOrdinaryObject(ObjectInputStream.java:2228)
	at java.base/java.io.ObjectInputStream.readObject0(ObjectInputStream.java:1687)
	at java.base/java.io.ObjectInputStream.defaultReadFields(ObjectInputStream.java:2496)
	at java.base/java.io.ObjectInputStream.readSerialData(ObjectInputStream.java:2390)
	at java.base/java.io.ObjectInputStream.readOrdinaryObject(ObjectInputStream.java:2228)
	at java.base/java.io.ObjectInputStream.readObject0(ObjectInputStream.java:1687)
	at java.base/java.io.ObjectInputStream.defaultReadFields(ObjectInputStream.java:2496)
	at java.base/java.io.ObjectInputStream.defaultReadObject(ObjectInputStream.java:625)
	at org.evosuite.testcase.DefaultTestCase.readObject(DefaultTestCase.java:1217)
	at jdk.internal.reflect.GeneratedMethodAccessor14.invoke(Unknown Source)
	at java.base/jdk.internal.reflect.DelegatingMethodAccessorImpl.invoke(DelegatingMethodAccessorImpl.java:43)
	at java.base/java.lang.reflect.Method.invoke(Method.java:566)
	at java.base/java.io.ObjectStreamClass.invokeReadObject(ObjectStreamClass.java:1046)
	at java.base/java.io.ObjectInputStream.readSerialData(ObjectInputStream.java:2357)
	at java.base/java.io.ObjectInputStream.readOrdinaryObject(ObjectInputStream.java:2228)
	at java.base/java.io.ObjectInputStream.readObject0(ObjectInputStream.java:1687)
	at java.base/java.io.ObjectInputStream.defaultReadFields(ObjectInputStream.java:2496)
	at java.base/java.io.ObjectInputStream.readSerialData(ObjectInputStream.java:2390)
	at java.base/java.io.ObjectInputStream.readOrdinaryObject(ObjectInputStream.java:2228)
	at java.base/java.io.ObjectInputStream.readObject0(ObjectInputStream.java:1687)
	at java.base/java.io.ObjectInputStream.skipCustomData(ObjectInputStream.java:2451)
	at java.base/java.io.ObjectInputStream.readSerialData(ObjectInputStream.java:2400)
	at java.base/java.io.ObjectInputStream.readOrdinaryObject(ObjectInputStream.java:2228)
	at java.base/java.io.ObjectInputStream.readObject0(ObjectInputStream.java:1687)
	at java.base/java.io.ObjectInputStream.defaultReadFields(ObjectInputStream.java:2496)
	at java.base/java.io.ObjectInputStream.readSerialData(ObjectInputStream.java:2390)
	at java.base/java.io.ObjectInputStream.readOrdinaryObject(ObjectInputStream.java:2228)
	at java.base/java.io.ObjectInputStream.readObject0(ObjectInputStream.java:1687)
	at java.base/java.io.ObjectInputStream.readObject(ObjectInputStream.java:489)
	at java.base/java.io.ObjectInputStream.readObject(ObjectInputStream.java:447)
	at java.rmi/sun.rmi.server.UnicastRef.unmarshalValue(UnicastRef.java:327)
	at java.rmi/sun.rmi.server.UnicastServerRef.dispatch(UnicastServerRef.java:339)
	at java.rmi/sun.rmi.transport.Transport$1.run(Transport.java:200)
	at java.rmi/sun.rmi.transport.Transport$1.run(Transport.java:197)
	at java.base/java.security.AccessController.doPrivileged(Native Method)
	at java.rmi/sun.rmi.transport.Transport.serviceCall(Transport.java:196)
	at java.rmi/sun.rmi.transport.tcp.TCPTransport.handleMessages(TCPTransport.java:562)
	at java.rmi/sun.rmi.transport.tcp.TCPTransport$ConnectionHandler.run0(TCPTransport.java:796)
	at java.rmi/sun.rmi.transport.tcp.TCPTransport$ConnectionHandler.lambda$run$0(TCPTransport.java:677)
	at java.base/java.security.AccessController.doPrivileged(Native Method)
	at java.rmi/sun.rmi.transport.tcp.TCPTransport$ConnectionHandler.run(TCPTransport.java:676)
	at java.base/java.util.concurrent.ThreadPoolExecutor.runWorker(ThreadPoolExecutor.java:1128)
	at java.base/java.util.concurrent.ThreadPoolExecutor$Worker.run(ThreadPoolExecutor.java:628)
	... 1 common frames omitted
[Progress:========================>     81%] [Cov:=======>                           21%][Progress:========================>     82%] [Cov:=======>                           21%][Progress:========================>     82%] [Cov:=======>                           21%][Progress:========================>     83%] [Cov:=======>                           21%][Progress:========================>     83%] [Cov:=======>                           21%][Progress:========================>     83%] [Cov:=======>                           21%][Progress:=========================>    84%] [Cov:=======>                           21%][Progress:=========================>    84%] [Cov:=======>                           21%][Progress:=========================>    85%] [Cov:=======>                           21%][Progress:=========================>    85%] [Cov:=======>                           21%][Progress:=========================>    85%] [Cov:=======>                           21%][Progress:=========================>    85%] [Cov:=======>                           21%][Progress:=========================>    86%] [Cov:=======>                           21%][Progress:=========================>    86%] [Cov:=======>                           21%][Progress:==========================>   87%] [Cov:=======>                           21%][Progress:==========================>   87%] [Cov:=======>                           21%][Progress:==========================>   88%] [Cov:=======>                           21%][Progress:==========================>   88%] [Cov:=======>                           21%][Progress:==========================>   89%] [Cov:=======>                           21%][Progress:==========================>   89%] [Cov:=======>                           21%][Progress:==========================>   89%] [Cov:=======>                           21%][Progress:===========================>  90%] [Cov:=======>                           21%][Progress:===========================>  90%] [Cov:=======>                           21%][Progress:===========================>  90%] [Cov:=======>                           21%][Progress:===========================>  91%] [Cov:=======>                           21%][Progress:===========================>  91%] [Cov:=======>                           21%]GWO iteration=120 bestFitness=3440.997590361446 population=50 a=0.0
========== GWO EVOLVE iteration=120 population=50 ==========
[Progress:===========================>  91%] [Cov:=======>                           21%][Progress:===========================>  92%] [Cov:=======>                           21%][Progress:===========================>  92%] [Cov:=======>                           21%][Progress:===========================>  93%] [Cov:=======>                           21%][Progress:===========================>  93%] [Cov:=======>                           21%][Progress:============================> 94%] [Cov:=======>                           21%][Progress:============================> 94%] [Cov:=======>                           21%][Progress:============================> 94%] [Cov:=======>                           21%][Progress:============================> 95%] [Cov:=======>                           21%][Progress:============================> 95%] [Cov:=======>                           21%][Progress:============================> 95%] [Cov:=======>                           21%][Progress:============================> 96%] [Cov:=======>                           21%][Progress:============================> 96%] [Cov:=======>                           21%][Progress:============================> 96%] [Cov:=======>                           21%][Progress:=============================>97%] [Cov:=======>                           21%][Progress:=============================>97%] [Cov:=======>                           21%][Progress:=============================>98%] [Cov:=======>                           21%][Progress:=============================>98%] [Cov:=======>                           21%][Progress:=============================>98%] [Cov:=======>                           21%][Progress:=============================>99%] [Cov:=======>                           21%][Progress:=============================>99%] [Cov:=======>                           21%][Progress:==============================100%] [Cov:=======>                           21%][Progress:==============================100%] [Cov:=======>                           21%][Progress:==============================100%] [Cov:=======>                           21%][Progress:==============================100%] [Cov:========>                          23%][MASTER] 15:59:02.062 [logback-1] WARN  ClientNodeImpl - Cannot send statistics to master; continuing without statistics
java.rmi.ServerError: Error occurred in server thread; nested exception is: 
	java.lang.NoClassDefFoundError: com/fasterxml/jackson/databind/AnnotationIntrospector
	at java.rmi/sun.rmi.server.UnicastServerRef.dispatch(UnicastServerRef.java:388)
	at java.rmi/sun.rmi.transport.Transport$1.run(Transport.java:200)
	at java.rmi/sun.rmi.transport.Transport$1.run(Transport.java:197)
	at java.base/java.security.AccessController.doPrivileged(Native Method)
	at java.rmi/sun.rmi.transport.Transport.serviceCall(Transport.java:196)
	at java.rmi/sun.rmi.transport.tcp.TCPTransport.handleMessages(TCPTransport.java:562)
	at java.rmi/sun.rmi.transport.tcp.TCPTransport$ConnectionHandler.run0(TCPTransport.java:796)
	at java.rmi/sun.rmi.transport.tcp.TCPTransport$ConnectionHandler.lambda$run$0(TCPTransport.java:677)
	at java.base/java.security.AccessController.doPrivileged(Native Method)
	at java.rmi/sun.rmi.transport.tcp.TCPTransport$ConnectionHandler.run(TCPTransport.java:676)
	at java.base/java.util.concurrent.ThreadPoolExecutor.runWorker(ThreadPoolExecutor.java:1128)
	at java.base/java.util.concurrent.ThreadPoolExecutor$Worker.run(ThreadPoolExecutor.java:628)
	at java.base/java.lang.Thread.run(Thread.java:829)
	at java.rmi/sun.rmi.transport.StreamRemoteCall.exceptionReceivedFromServer(StreamRemoteCall.java:303)
	at java.rmi/sun.rmi.transport.StreamRemoteCall.executeCall(StreamRemoteCall.java:279)
	at java.rmi/sun.rmi.server.UnicastRef.invoke(UnicastRef.java:164)
	at java.rmi/java.rmi.server.RemoteObjectInvocationHandler.invokeRemoteMethod(RemoteObjectInvocationHandler.java:217)
	at java.rmi/java.rmi.server.RemoteObjectInvocationHandler.invoke(RemoteObjectInvocationHandler.java:162)
	at com.sun.proxy.$Proxy7.evosuite_collectStatistics(Unknown Source)
	at org.evosuite.rmi.service.ClientNodeImpl.updateStatistics(ClientNodeImpl.java:251)
	at org.evosuite.statistics.StatisticsSender.sendIndividualToMaster(StatisticsSender.java:62)
	at org.evosuite.statistics.StatisticsListener.lambda$new$0(StatisticsListener.java:76)
	at java.base/java.lang.Thread.run(Thread.java:829)
Caused by: java.lang.NoClassDefFoundError: com/fasterxml/jackson/databind/AnnotationIntrospector
	at java.base/java.lang.Class.getDeclaringClass0(Native Method)
	at java.base/java.lang.Class.getEnclosingClass(Class.java:1517)
	at org.evosuite.utils.generic.GenericClassUtils.isMissingTypeParameters(GenericClassUtils.java:74)
	at org.evosuite.utils.generic.GenericClassImpl.addTypeParameters(GenericClassImpl.java:63)
	at org.evosuite.utils.generic.GenericClassImpl.readObject(GenericClassImpl.java:1685)
	at jdk.internal.reflect.GeneratedMethodAccessor9.invoke(Unknown Source)
	at java.base/jdk.internal.reflect.DelegatingMethodAccessorImpl.invoke(DelegatingMethodAccessorImpl.java:43)
	at java.base/java.lang.reflect.Method.invoke(Method.java:566)
	at java.base/java.io.ObjectStreamClass.invokeReadObject(ObjectStreamClass.java:1046)
	at java.base/java.io.ObjectInputStream.readSerialData(ObjectInputStream.java:2357)
	at java.base/java.io.ObjectInputStream.readOrdinaryObject(ObjectInputStream.java:2228)
	at java.base/java.io.ObjectInputStream.readObject0(ObjectInputStream.java:1687)
	at java.base/java.io.ObjectInputStream.defaultReadFields(ObjectInputStream.java:2496)
	at java.base/java.io.ObjectInputStream.readSerialData(ObjectInputStream.java:2390)
	at java.base/java.io.ObjectInputStream.readOrdinaryObject(ObjectInputStream.java:2228)
	at java.base/java.io.ObjectInputStream.readObject0(ObjectInputStream.java:1687)
	at java.base/java.io.ObjectInputStream.defaultReadFields(ObjectInputStream.java:2496)
	at java.base/java.io.ObjectInputStream.readSerialData(ObjectInputStream.java:2390)
	at java.base/java.io.ObjectInputStream.readOrdinaryObject(ObjectInputStream.java:2228)
	at java.base/java.io.ObjectInputStream.readObject0(ObjectInputStream.java:1687)
	at java.base/java.io.ObjectInputStream.readObject(ObjectInputStream.java:489)
	at java.base/java.io.ObjectInputStream.readObject(ObjectInputStream.java:447)
	at java.base/java.util.ArrayList.readObject(ArrayList.java:929)
	at java.base/jdk.internal.reflect.GeneratedMethodAccessor7.invoke(Unknown Source)
	at java.base/jdk.internal.reflect.DelegatingMethodAccessorImpl.invoke(DelegatingMethodAccessorImpl.java:43)
	at java.base/java.lang.reflect.Method.invoke(Method.java:566)
	at java.base/java.io.ObjectStreamClass.invokeReadObject(ObjectStreamClass.java:1046)
	at java.base/java.io.ObjectInputStream.readSerialData(ObjectInputStream.java:2357)
	at java.base/java.io.ObjectInputStream.readOrdinaryObject(ObjectInputStream.java:2228)
	at java.base/java.io.ObjectInputStream.readObject0(ObjectInputStream.java:1687)
	at java.base/java.io.ObjectInputStream.defaultReadFields(ObjectInputStream.java:2496)
	at java.base/java.io.ObjectInputStream.readSerialData(ObjectInputStream.java:2390)
	at java.base/java.io.ObjectInputStream.readOrdinaryObject(ObjectInputStream.java:2228)
	at java.base/java.io.ObjectInputStream.readObject0(ObjectInputStream.java:1687)
	at java.base/java.io.ObjectInputStream.defaultReadFields(ObjectInputStream.java:2496)
	at java.base/java.io.ObjectInputStream.defaultReadObject(ObjectInputStream.java:625)
	at org.evosuite.testcase.DefaultTestCase.readObject(DefaultTestCase.java:1217)
	at jdk.internal.reflect.GeneratedMethodAccessor14.invoke(Unknown Source)
	at java.base/jdk.internal.reflect.DelegatingMethodAccessorImpl.invoke(DelegatingMethodAccessorImpl.java:43)
	at java.base/java.lang.reflect.Method.invoke(Method.java:566)
	at java.base/java.io.ObjectStreamClass.invokeReadObject(ObjectStreamClass.java:1046)
	at java.base/java.io.ObjectInputStream.readSerialData(ObjectInputStream.java:2357)
	at java.base/java.io.ObjectInputStream.readOrdinaryObject(ObjectInputStream.java:2228)
	at java.base/java.io.ObjectInputStream.readObject0(ObjectInputStream.java:1687)
	at java.base/java.io.ObjectInputStream.defaultReadFields(ObjectInputStream.java:2496)
	at java.base/java.io.ObjectInputStream.readSerialData(ObjectInputStream.java:2390)
	at java.base/java.io.ObjectInputStream.readOrdinaryObject(ObjectInputStream.java:2228)
	at java.base/java.io.ObjectInputStream.readObject0(ObjectInputStream.java:1687)
	at java.base/java.io.ObjectInputStream.skipCustomData(ObjectInputStream.java:2451)
	at java.base/java.io.ObjectInputStream.readSerialData(ObjectInputStream.java:2400)
	at java.base/java.io.ObjectInputStream.readOrdinaryObject(ObjectInputStream.java:2228)
	at java.base/java.io.ObjectInputStream.readObject0(ObjectInputStream.java:1687)
	at java.base/java.io.ObjectInputStream.defaultReadFields(ObjectInputStream.java:2496)
	at java.base/java.io.ObjectInputStream.readSerialData(ObjectInputStream.java:2390)
	at java.base/java.io.ObjectInputStream.readOrdinaryObject(ObjectInputStream.java:2228)
	at java.base/java.io.ObjectInputStream.readObject0(ObjectInputStream.java:1687)
	at java.base/java.io.ObjectInputStream.readObject(ObjectInputStream.java:489)
	at java.base/java.io.ObjectInputStream.readObject(ObjectInputStream.java:447)
	at java.rmi/sun.rmi.server.UnicastRef.unmarshalValue(UnicastRef.java:327)
	at java.rmi/sun.rmi.server.UnicastServerRef.dispatch(UnicastServerRef.java:339)
	at java.rmi/sun.rmi.transport.Transport$1.run(Transport.java:200)
	at java.rmi/sun.rmi.transport.Transport$1.run(Transport.java:197)
	at java.base/java.security.AccessController.doPrivileged(Native Method)
	at java.rmi/sun.rmi.transport.Transport.serviceCall(Transport.java:196)
	at java.rmi/sun.rmi.transport.tcp.TCPTransport.handleMessages(TCPTransport.java:562)
	at java.rmi/sun.rmi.transport.tcp.TCPTransport$ConnectionHandler.run0(TCPTransport.java:796)
	at java.rmi/sun.rmi.transport.tcp.TCPTransport$ConnectionHandler.lambda$run$0(TCPTransport.java:677)
	at java.base/java.security.AccessController.doPrivileged(Native Method)
	at java.rmi/sun.rmi.transport.tcp.TCPTransport$ConnectionHandler.run(TCPTransport.java:676)
	at java.base/java.util.concurrent.ThreadPoolExecutor.runWorker(ThreadPoolExecutor.java:1128)
	at java.base/java.util.concurrent.ThreadPoolExecutor$Worker.run(ThreadPoolExecutor.java:628)
	... 1 common frames omitted

* Search finished after 122s and 135 generations, 44441 statements, best individual has fitness: 3441.497590361446
[MASTER] 15:59:02.210 [logback-1] WARN  ClientNodeImpl - Cannot send statistics to master; continuing without statistics
java.rmi.ServerError: Error occurred in server thread; nested exception is: 
	java.lang.NoClassDefFoundError: com/fasterxml/jackson/databind/AnnotationIntrospector
	at java.rmi/sun.rmi.server.UnicastServerRef.dispatch(UnicastServerRef.java:388)
	at java.rmi/sun.rmi.transport.Transport$1.run(Transport.java:200)
	at java.rmi/sun.rmi.transport.Transport$1.run(Transport.java:197)
	at java.base/java.security.AccessController.doPrivileged(Native Method)
	at java.rmi/sun.rmi.transport.Transport.serviceCall(Transport.java:196)
	at java.rmi/sun.rmi.transport.tcp.TCPTransport.handleMessages(TCPTransport.java:562)
	at java.rmi/sun.rmi.transport.tcp.TCPTransport$ConnectionHandler.run0(TCPTransport.java:796)
	at java.rmi/sun.rmi.transport.tcp.TCPTransport$ConnectionHandler.lambda$run$0(TCPTransport.java:677)
	at java.base/java.security.AccessController.doPrivileged(Native Method)
	at java.rmi/sun.rmi.transport.tcp.TCPTransport$ConnectionHandler.run(TCPTransport.java:676)
	at java.base/java.util.concurrent.ThreadPoolExecutor.runWorker(ThreadPoolExecutor.java:1128)
	at java.base/java.util.concurrent.ThreadPoolExecutor$Worker.run(ThreadPoolExecutor.java:628)
	at java.base/java.lang.Thread.run(Thread.java:829)
	at java.rmi/sun.rmi.transport.StreamRemoteCall.exceptionReceivedFromServer(StreamRemoteCall.java:303)
	at java.rmi/sun.rmi.transport.StreamRemoteCall.executeCall(StreamRemoteCall.java:279)
	at java.rmi/sun.rmi.server.UnicastRef.invoke(UnicastRef.java:164)
	at java.rmi/java.rmi.server.RemoteObjectInvocationHandler.invokeRemoteMethod(RemoteObjectInvocationHandler.java:217)
	at java.rmi/java.rmi.server.RemoteObjectInvocationHandler.invoke(RemoteObjectInvocationHandler.java:162)
	at com.sun.proxy.$Proxy7.evosuite_collectStatistics(Unknown Source)
	at org.evosuite.rmi.service.ClientNodeImpl.updateStatistics(ClientNodeImpl.java:251)
	at org.evosuite.statistics.StatisticsSender.sendIndividualToMaster(StatisticsSender.java:62)
	at org.evosuite.statistics.StatisticsSender.executedAndThenSendIndividualToMaster(StatisticsSender.java:91)
	at org.evosuite.TestSuiteGenerator.generateTests(TestSuiteGenerator.java:636)
	at org.evosuite.TestSuiteGenerator.generateTestSuite(TestSuiteGenerator.java:208)
	at org.evosuite.rmi.service.ClientNodeImpl.lambda$startNewSearch$0(ClientNodeImpl.java:140)
	at java.base/java.util.concurrent.Executors$RunnableAdapter.call(Executors.java:515)
	at java.base/java.util.concurrent.FutureTask.run(FutureTask.java:264)
	at java.base/java.util.concurrent.ThreadPoolExecutor.runWorker(ThreadPoolExecutor.java:1128)
	at java.base/java.util.concurrent.ThreadPoolExecutor$Worker.run(ThreadPoolExecutor.java:628)
	at java.base/java.lang.Thread.run(Thread.java:829)
Caused by: java.lang.NoClassDefFoundError: com/fasterxml/jackson/databind/AnnotationIntrospector
	at java.base/java.lang.Class.getDeclaringClass0(Native Method)
	at java.base/java.lang.Class.getEnclosingClass(Class.java:1517)
	at org.evosuite.utils.generic.GenericClassUtils.isMissingTypeParameters(GenericClassUtils.java:74)
	at org.evosuite.utils.generic.GenericClassImpl.addTypeParameters(GenericClassImpl.java:63)
	at org.evosuite.utils.generic.GenericClassImpl.readObject(GenericClassImpl.java:1685)
	at jdk.internal.reflect.GeneratedMethodAccessor9.invoke(Unknown Source)
	at java.base/jdk.internal.reflect.DelegatingMethodAccessorImpl.invoke(DelegatingMethodAccessorImpl.java:43)
	at java.base/java.lang.reflect.Method.invoke(Method.java:566)
	at java.base/java.io.ObjectStreamClass.invokeReadObject(ObjectStreamClass.java:1046)
	at java.base/java.io.ObjectInputStream.readSerialData(ObjectInputStream.java:2357)
	at java.base/java.io.ObjectInputStream.readOrdinaryObject(ObjectInputStream.java:2228)
	at java.base/java.io.ObjectInputStream.readObject0(ObjectInputStream.java:1687)
	at java.base/java.io.ObjectInputStream.defaultReadFields(ObjectInputStream.java:2496)
	at java.base/java.io.ObjectInputStream.readSerialData(ObjectInputStream.java:2390)
	at java.base/java.io.ObjectInputStream.readOrdinaryObject(ObjectInputStream.java:2228)
	at java.base/java.io.ObjectInputStream.readObject0(ObjectInputStream.java:1687)
	at java.base/java.io.ObjectInputStream.defaultReadFields(ObjectInputStream.java:2496)
	at java.base/java.io.ObjectInputStream.readSerialData(ObjectInputStream.java:2390)
	at java.base/java.io.ObjectInputStream.readOrdinaryObject(ObjectInputStream.java:2228)
	at java.base/java.io.ObjectInputStream.readObject0(ObjectInputStream.java:1687)
	at java.base/java.io.ObjectInputStream.readObject(ObjectInputStream.java:489)
	at java.base/java.io.ObjectInputStream.readObject(ObjectInputStream.java:447)
	at java.base/java.util.ArrayList.readObject(ArrayList.java:929)
	at java.base/jdk.internal.reflect.GeneratedMethodAccessor7.invoke(Unknown Source)
	at java.base/jdk.internal.reflect.DelegatingMethodAccessorImpl.invoke(DelegatingMethodAccessorImpl.java:43)
	at java.base/java.lang.reflect.Method.invoke(Method.java:566)
	at java.base/java.io.ObjectStreamClass.invokeReadObject(ObjectStreamClass.java:1046)
	at java.base/java.io.ObjectInputStream.readSerialData(ObjectInputStream.java:2357)
	at java.base/java.io.ObjectInputStream.readOrdinaryObject(ObjectInputStream.java:2228)
	at java.base/java.io.ObjectInputStream.readObject0(ObjectInputStream.java:1687)
	at java.base/java.io.ObjectInputStream.defaultReadFields(ObjectInputStream.java:2496)
	at java.base/java.io.ObjectInputStream.readSerialData(ObjectInputStream.java:2390)
	at java.base/java.io.ObjectInputStream.readOrdinaryObject(ObjectInputStream.java:2228)
	at java.base/java.io.ObjectInputStream.readObject0(ObjectInputStream.java:1687)
	at java.base/java.io.ObjectInputStream.defaultReadFields(ObjectInputStream.java:2496)
	at java.base/java.io.ObjectInputStream.defaultReadObject(ObjectInputStream.java:625)
	at org.evosuite.testcase.DefaultTestCase.readObject(DefaultTestCase.java:1217)
	at jdk.internal.reflect.GeneratedMethodAccessor14.invoke(Unknown Source)
	at java.base/jdk.internal.reflect.DelegatingMethodAccessorImpl.invoke(DelegatingMethodAccessorImpl.java:43)
	at java.base/java.lang.reflect.Method.invoke(Method.java:566)
	at java.base/java.io.ObjectStreamClass.invokeReadObject(ObjectStreamClass.java:1046)
	at java.base/java.io.ObjectInputStream.readSerialData(ObjectInputStream.java:2357)
	at java.base/java.io.ObjectInputStream.readOrdinaryObject(ObjectInputStream.java:2228)
	at java.base/java.io.ObjectInputStream.readObject0(ObjectInputStream.java:1687)
	at java.base/java.io.ObjectInputStream.defaultReadFields(ObjectInputStream.java:2496)
	at java.base/java.io.ObjectInputStream.readSerialData(ObjectInputStream.java:2390)
	at java.base/java.io.ObjectInputStream.readOrdinaryObject(ObjectInputStream.java:2228)
	at java.base/java.io.ObjectInputStream.readObject0(ObjectInputStream.java:1687)
	at java.base/java.io.ObjectInputStream.skipCustomData(ObjectInputStream.java:2451)
	at java.base/java.io.ObjectInputStream.readSerialData(ObjectInputStream.java:2400)
	at java.base/java.io.ObjectInputStream.readOrdinaryObject(ObjectInputStream.java:2228)
	at java.base/java.io.ObjectInputStream.readObject0(ObjectInputStream.java:1687)
	at java.base/java.io.ObjectInputStream.defaultReadFields(ObjectInputStream.java:2496)
	at java.base/java.io.ObjectInputStream.readSerialData(ObjectInputStream.java:2390)
	at java.base/java.io.ObjectInputStream.readOrdinaryObject(ObjectInputStream.java:2228)
	at java.base/java.io.ObjectInputStream.readObject0(ObjectInputStream.java:1687)
	at java.base/java.io.ObjectInputStream.readObject(ObjectInputStream.java:489)
	at java.base/java.io.ObjectInputStream.readObject(ObjectInputStream.java:447)
	at java.rmi/sun.rmi.server.UnicastRef.unmarshalValue(UnicastRef.java:327)
	at java.rmi/sun.rmi.server.UnicastServerRef.dispatch(UnicastServerRef.java:339)
	at java.rmi/sun.rmi.transport.Transport$1.run(Transport.java:200)
	at java.rmi/sun.rmi.transport.Transport$1.run(Transport.java:197)
	at java.base/java.security.AccessController.doPrivileged(Native Method)
	at java.rmi/sun.rmi.transport.Transport.serviceCall(Transport.java:196)
	at java.rmi/sun.rmi.transport.tcp.TCPTransport.handleMessages(TCPTransport.java:562)
	at java.rmi/sun.rmi.transport.tcp.TCPTransport$ConnectionHandler.run0(TCPTransport.java:796)
	at java.rmi/sun.rmi.transport.tcp.TCPTransport$ConnectionHandler.lambda$run$0(TCPTransport.java:677)
	at java.base/java.security.AccessController.doPrivileged(Native Method)
	at java.rmi/sun.rmi.transport.tcp.TCPTransport$ConnectionHandler.run(TCPTransport.java:676)
	... 3 common frames omitted
* Minimizing test suite
* Going to analyze the coverage criteria
* Coverage analysis for criterion LINE
* Coverage of criterion LINE: 12%
* Total number of goals: 471
* Number of covered goals: 57
* Coverage analysis for criterion BRANCH
* Coverage of criterion BRANCH: 11%
* Total number of goals: 418
* Number of covered goals: 45
* Coverage analysis for criterion EXCEPTION
* Coverage of criterion EXCEPTION: 100%
* Total number of goals: 1
* Number of covered goals: 1
* Coverage analysis for criterion WEAKMUTATION
* Coverage of criterion WEAKMUTATION: 14%
* Total number of goals: 430
* Number of covered goals: 60
* Coverage analysis for criterion OUTPUT
* Coverage of criterion OUTPUT: 0%
* Total number of goals: 188
* Number of covered goals: 0
* Coverage analysis for criterion METHOD
* Coverage of criterion METHOD: 20%
* Total number of goals: 71
* Number of covered goals: 14
* Coverage analysis for criterion METHODNOEXCEPTION
* Coverage of criterion METHODNOEXCEPTION: 17%
* Total number of goals: 71
* Number of covered goals: 12
* Coverage analysis for criterion CBRANCH
* Coverage of criterion CBRANCH: 11%
* Total number of goals: 418
* Number of covered goals: 45
* Generated 26 tests with total length 102
* Resulting test suite's coverage: 23% (average coverage for all fitness functions)
[MASTER] 15:59:03.539 [logback-1] WARN  ClientNodeImpl - Cannot send statistics to master; continuing without statistics
java.rmi.ServerError: Error occurred in server thread; nested exception is: 
	java.lang.NoClassDefFoundError: com/fasterxml/jackson/databind/PropertyName
	at java.rmi/sun.rmi.server.UnicastServerRef.dispatch(UnicastServerRef.java:388)
	at java.rmi/sun.rmi.transport.Transport$1.run(Transport.java:200)
	at java.rmi/sun.rmi.transport.Transport$1.run(Transport.java:197)
	at java.base/java.security.AccessController.doPrivileged(Native Method)
	at java.rmi/sun.rmi.transport.Transport.serviceCall(Transport.java:196)
	at java.rmi/sun.rmi.transport.tcp.TCPTransport.handleMessages(TCPTransport.java:562)
	at java.rmi/sun.rmi.transport.tcp.TCPTransport$ConnectionHandler.run0(TCPTransport.java:796)
	at java.rmi/sun.rmi.transport.tcp.TCPTransport$ConnectionHandler.lambda$run$0(TCPTransport.java:677)
	at java.base/java.security.AccessController.doPrivileged(Native Method)
	at java.rmi/sun.rmi.transport.tcp.TCPTransport$ConnectionHandler.run(TCPTransport.java:676)
	at java.base/java.util.concurrent.ThreadPoolExecutor.runWorker(ThreadPoolExecutor.java:1128)
	at java.base/java.util.concurrent.ThreadPoolExecutor$Worker.run(ThreadPoolExecutor.java:628)
	at java.base/java.lang.Thread.run(Thread.java:829)
	at java.rmi/sun.rmi.transport.StreamRemoteCall.exceptionReceivedFromServer(StreamRemoteCall.java:303)
	at java.rmi/sun.rmi.transport.StreamRemoteCall.executeCall(StreamRemoteCall.java:279)
	at java.rmi/sun.rmi.server.UnicastRef.invoke(UnicastRef.java:164)
	at java.rmi/java.rmi.server.RemoteObjectInvocationHandler.invokeRemoteMethod(RemoteObjectInvocationHandler.java:217)
	at java.rmi/java.rmi.server.RemoteObjectInvocationHandler.invoke(RemoteObjectInvocationHandler.java:162)
	at com.sun.proxy.$Proxy7.evosuite_collectStatistics(Unknown Source)
	at org.evosuite.rmi.service.ClientNodeImpl.updateStatistics(ClientNodeImpl.java:251)
	at org.evosuite.statistics.StatisticsSender.sendIndividualToMaster(StatisticsSender.java:62)
	at org.evosuite.statistics.StatisticsSender.executedAndThenSendIndividualToMaster(StatisticsSender.java:91)
	at org.evosuite.TestSuiteGenerator.postProcessTests(TestSuiteGenerator.java:445)
	at org.evosuite.TestSuiteGenerator.generateTestSuite(TestSuiteGenerator.java:218)
	at org.evosuite.rmi.service.ClientNodeImpl.lambda$startNewSearch$0(ClientNodeImpl.java:140)
	at java.base/java.util.concurrent.Executors$RunnableAdapter.call(Executors.java:515)
	at java.base/java.util.concurrent.FutureTask.run(FutureTask.java:264)
	at java.base/java.util.concurrent.ThreadPoolExecutor.runWorker(ThreadPoolExecutor.java:1128)
	at java.base/java.util.concurrent.ThreadPoolExecutor$Worker.run(ThreadPoolExecutor.java:628)
	at java.base/java.lang.Thread.run(Thread.java:829)
Caused by: java.lang.NoClassDefFoundError: com/fasterxml/jackson/databind/PropertyName
	at java.base/java.lang.Class.getDeclaredConstructors0(Native Method)
	at java.base/java.lang.Class.privateGetDeclaredConstructors(Class.java:3137)
	at java.base/java.lang.Class.getDeclaredConstructors(Class.java:2357)
	at org.evosuite.utils.generic.GenericConstructor.readObject(GenericConstructor.java:314)
	at java.base/jdk.internal.reflect.NativeMethodAccessorImpl.invoke0(Native Method)
	at java.base/jdk.internal.reflect.NativeMethodAccessorImpl.invoke(NativeMethodAccessorImpl.java:62)
	at java.base/jdk.internal.reflect.DelegatingMethodAccessorImpl.invoke(DelegatingMethodAccessorImpl.java:43)
	at java.base/java.lang.reflect.Method.invoke(Method.java:566)
	at java.base/java.io.ObjectStreamClass.invokeReadObject(ObjectStreamClass.java:1046)
	at java.base/java.io.ObjectInputStream.readSerialData(ObjectInputStream.java:2357)
	at java.base/java.io.ObjectInputStream.readOrdinaryObject(ObjectInputStream.java:2228)
	at java.base/java.io.ObjectInputStream.readObject0(ObjectInputStream.java:1687)
	at java.base/java.io.ObjectInputStream.defaultReadFields(ObjectInputStream.java:2496)
	at java.base/java.io.ObjectInputStream.readSerialData(ObjectInputStream.java:2346)
	at java.base/java.io.ObjectInputStream.readOrdinaryObject(ObjectInputStream.java:2228)
	at java.base/java.io.ObjectInputStream.readObject0(ObjectInputStream.java:1687)
	at java.base/java.io.ObjectInputStream.skipCustomData(ObjectInputStream.java:2451)
	at java.base/java.io.ObjectInputStream.readSerialData(ObjectInputStream.java:2400)
	at java.base/java.io.ObjectInputStream.readOrdinaryObject(ObjectInputStream.java:2228)
	at java.base/java.io.ObjectInputStream.readObject0(ObjectInputStream.java:1687)
	at java.base/java.io.ObjectInputStream.defaultReadFields(ObjectInputStream.java:2496)
	at java.base/java.io.ObjectInputStream.readSerialData(ObjectInputStream.java:2390)
	at java.base/java.io.ObjectInputStream.readOrdinaryObject(ObjectInputStream.java:2228)
	at java.base/java.io.ObjectInputStream.readObject0(ObjectInputStream.java:1687)
	at java.base/java.io.ObjectInputStream.defaultReadFields(ObjectInputStream.java:2496)
	at java.base/java.io.ObjectInputStream.defaultReadObject(ObjectInputStream.java:625)
	at org.evosuite.testcase.DefaultTestCase.readObject(DefaultTestCase.java:1217)
	at jdk.internal.reflect.GeneratedMethodAccessor14.invoke(Unknown Source)
	at java.base/jdk.internal.reflect.DelegatingMethodAccessorImpl.invoke(DelegatingMethodAccessorImpl.java:43)
	at java.base/java.lang.reflect.Method.invoke(Method.java:566)
	at java.base/java.io.ObjectStreamClass.invokeReadObject(ObjectStreamClass.java:1046)
	at java.base/java.io.ObjectInputStream.readSerialData(ObjectInputStream.java:2357)
	at java.base/java.io.ObjectInputStream.readOrdinaryObject(ObjectInputStream.java:2228)
	at java.base/java.io.ObjectInputStream.readObject0(ObjectInputStream.java:1687)
	at java.base/java.io.ObjectInputStream.defaultReadFields(ObjectInputStream.java:2496)
	at java.base/java.io.ObjectInputStream.readSerialData(ObjectInputStream.java:2390)
	at java.base/java.io.ObjectInputStream.readOrdinaryObject(ObjectInputStream.java:2228)
	at java.base/java.io.ObjectInputStream.readObject0(ObjectInputStream.java:1687)
	at java.base/java.io.ObjectInputStream.skipCustomData(ObjectInputStream.java:2451)
	at java.base/java.io.ObjectInputStream.readSerialData(ObjectInputStream.java:2400)
	at java.base/java.io.ObjectInputStream.readOrdinaryObject(ObjectInputStream.java:2228)
	at java.base/java.io.ObjectInputStream.readObject0(ObjectInputStream.java:1687)
	at java.base/java.io.ObjectInputStream.defaultReadFields(ObjectInputStream.java:2496)
	at java.base/java.io.ObjectInputStream.readSerialData(ObjectInputStream.java:2390)
	at java.base/java.io.ObjectInputStream.readOrdinaryObject(ObjectInputStream.java:2228)
	at java.base/java.io.ObjectInputStream.readObject0(ObjectInputStream.java:1687)
	at java.base/java.io.ObjectInputStream.readObject(ObjectInputStream.java:489)
	at java.base/java.io.ObjectInputStream.readObject(ObjectInputStream.java:447)
	at java.rmi/sun.rmi.server.UnicastRef.unmarshalValue(UnicastRef.java:327)
	at java.rmi/sun.rmi.server.UnicastServerRef.dispatch(UnicastServerRef.java:339)
	at java.rmi/sun.rmi.transport.Transport$1.run(Transport.java:200)
	at java.rmi/sun.rmi.transport.Transport$1.run(Transport.java:197)
	at java.base/java.security.AccessController.doPrivileged(Native Method)
	at java.rmi/sun.rmi.transport.Transport.serviceCall(Transport.java:196)
	at java.rmi/sun.rmi.transport.tcp.TCPTransport.handleMessages(TCPTransport.java:562)
	at java.rmi/sun.rmi.transport.tcp.TCPTransport$ConnectionHandler.run0(TCPTransport.java:796)
	at java.rmi/sun.rmi.transport.tcp.TCPTransport$ConnectionHandler.lambda$run$0(TCPTransport.java:677)
	at java.base/java.security.AccessController.doPrivileged(Native Method)
	at java.rmi/sun.rmi.transport.tcp.TCPTransport$ConnectionHandler.run(TCPTransport.java:676)
	... 3 common frames omitted
Caused by: java.lang.ClassNotFoundException: Class not found: com/fasterxml/jackson/core/io/SerializedString: java.lang.NullPointerException: Class not found com/fasterxml/jackson/core/io/SerializedString
	at org.evosuite.instrumentation.InstrumentingClassLoader.instrumentClass(InstrumentingClassLoader.java:158)
	at org.evosuite.instrumentation.InstrumentingClassLoader.loadClass(InstrumentingClassLoader.java:126)
	... 62 common frames omitted
Caused by: java.lang.RuntimeException: Class not found: com/fasterxml/jackson/core/io/SerializedString: java.lang.NullPointerException: Class not found com/fasterxml/jackson/core/io/SerializedString
	at org.evosuite.runtime.util.ComputeClassWriter.getCommonSuperClass(ComputeClassWriter.java:56)
	at org.evosuite.shaded.org.objectweb.asm.SymbolTable.addMergedType(SymbolTable.java:1202)
	at org.evosuite.shaded.org.objectweb.asm.Frame.merge(Frame.java:1299)
	at org.evosuite.shaded.org.objectweb.asm.Frame.merge(Frame.java:1197)
	at org.evosuite.shaded.org.objectweb.asm.MethodWriter.computeAllFrames(MethodWriter.java:1610)
	at org.evosuite.shaded.org.objectweb.asm.MethodWriter.visitMaxs(MethodWriter.java:1546)
	at org.evosuite.shaded.org.objectweb.asm.MethodVisitor.visitMaxs(MethodVisitor.java:773)
	at org.evosuite.shaded.org.objectweb.asm.MethodVisitor.visitMaxs(MethodVisitor.java:773)
	at org.evosuite.shaded.org.objectweb.asm.MethodVisitor.visitMaxs(MethodVisitor.java:773)
	at org.evosuite.runtime.instrumentation.LoopCounterMethodAdapter.visitMaxs(LoopCounterMethodAdapter.java:48)
	at org.evosuite.shaded.org.objectweb.asm.tree.MethodNode.accept(MethodNode.java:769)
	at org.evosuite.shaded.org.objectweb.asm.commons.JSRInlinerAdapter.visitEnd(JSRInlinerAdapter.java:158)
	at org.evosuite.shaded.org.objectweb.asm.MethodVisitor.visitEnd(MethodVisitor.java:783)
	at org.evosuite.shaded.org.objectweb.asm.MethodVisitor.visitEnd(MethodVisitor.java:783)
	at org.evosuite.shaded.org.objectweb.asm.MethodVisitor.visitEnd(MethodVisitor.java:783)
	at org.evosuite.shaded.org.objectweb.asm.tree.MethodNode.accept(MethodNode.java:772)
	at org.evosuite.shaded.org.objectweb.asm.tree.MethodNode.accept(MethodNode.java:649)
	at org.evosuite.shaded.org.objectweb.asm.tree.ClassNode.accept(ClassNode.java:452)
	at org.evosuite.instrumentation.BytecodeInstrumentation.transformBytes(BytecodeInstrumentation.java:282)
	at org.evosuite.instrumentation.InstrumentingClassLoader.getTransformedBytes(InstrumentingClassLoader.java:135)
	at org.evosuite.instrumentation.InstrumentingClassLoader.instrumentClass(InstrumentingClassLoader.java:149)
	... 63 common frames omitted
Caused by: java.lang.NullPointerException: Class not found com/fasterxml/jackson/core/io/SerializedString
	at org.evosuite.runtime.util.ComputeClassWriter.typeInfo(ComputeClassWriter.java:179)
	at org.evosuite.runtime.util.ComputeClassWriter.getCommonSuperClass(ComputeClassWriter.java:53)
	... 83 common frames omitted
* Generating assertions
* Resulting test suite's mutation score: 5%
* Compiling and checking tests
[MASTER] 15:59:07.616 [logback-1] WARN  ClientNodeImpl - Cannot send statistics to master; continuing without statistics
java.rmi.ServerError: Error occurred in server thread; nested exception is: 
	java.lang.NoClassDefFoundError: com/fasterxml/jackson/databind/PropertyName
	at java.rmi/sun.rmi.server.UnicastServerRef.dispatch(UnicastServerRef.java:388)
	at java.rmi/sun.rmi.transport.Transport$1.run(Transport.java:200)
	at java.rmi/sun.rmi.transport.Transport$1.run(Transport.java:197)
	at java.base/java.security.AccessController.doPrivileged(Native Method)
	at java.rmi/sun.rmi.transport.Transport.serviceCall(Transport.java:196)
	at java.rmi/sun.rmi.transport.tcp.TCPTransport.handleMessages(TCPTransport.java:562)
	at java.rmi/sun.rmi.transport.tcp.TCPTransport$ConnectionHandler.run0(TCPTransport.java:796)
	at java.rmi/sun.rmi.transport.tcp.TCPTransport$ConnectionHandler.lambda$run$0(TCPTransport.java:677)
	at java.base/java.security.AccessController.doPrivileged(Native Method)
	at java.rmi/sun.rmi.transport.tcp.TCPTransport$ConnectionHandler.run(TCPTransport.java:676)
	at java.base/java.util.concurrent.ThreadPoolExecutor.runWorker(ThreadPoolExecutor.java:1128)
	at java.base/java.util.concurrent.ThreadPoolExecutor$Worker.run(ThreadPoolExecutor.java:628)
	at java.base/java.lang.Thread.run(Thread.java:829)
	at java.rmi/sun.rmi.transport.StreamRemoteCall.exceptionReceivedFromServer(StreamRemoteCall.java:303)
	at java.rmi/sun.rmi.transport.StreamRemoteCall.executeCall(StreamRemoteCall.java:279)
	at java.rmi/sun.rmi.server.UnicastRef.invoke(UnicastRef.java:164)
	at java.rmi/java.rmi.server.RemoteObjectInvocationHandler.invokeRemoteMethod(RemoteObjectInvocationHandler.java:217)
	at java.rmi/java.rmi.server.RemoteObjectInvocationHandler.invoke(RemoteObjectInvocationHandler.java:162)
	at com.sun.proxy.$Proxy7.evosuite_collectStatistics(Unknown Source)
	at org.evosuite.rmi.service.ClientNodeImpl.updateStatistics(ClientNodeImpl.java:251)
	at org.evosuite.statistics.StatisticsSender.sendIndividualToMaster(StatisticsSender.java:62)
	at org.evosuite.TestSuiteGenerator.postProcessTests(TestSuiteGenerator.java:502)
	at org.evosuite.TestSuiteGenerator.generateTestSuite(TestSuiteGenerator.java:218)
	at org.evosuite.rmi.service.ClientNodeImpl.lambda$startNewSearch$0(ClientNodeImpl.java:140)
	at java.base/java.util.concurrent.Executors$RunnableAdapter.call(Executors.java:515)
	at java.base/java.util.concurrent.FutureTask.run(FutureTask.java:264)
	at java.base/java.util.concurrent.ThreadPoolExecutor.runWorker(ThreadPoolExecutor.java:1128)
	at java.base/java.util.concurrent.ThreadPoolExecutor$Worker.run(ThreadPoolExecutor.java:628)
	at java.base/java.lang.Thread.run(Thread.java:829)
Caused by: java.lang.NoClassDefFoundError: com/fasterxml/jackson/databind/PropertyName
	at java.base/java.lang.Class.getDeclaredConstructors0(Native Method)
	at java.base/java.lang.Class.privateGetDeclaredConstructors(Class.java:3137)
	at java.base/java.lang.Class.getDeclaredConstructors(Class.java:2357)
	at org.evosuite.utils.generic.GenericConstructor.readObject(GenericConstructor.java:314)
	at java.base/jdk.internal.reflect.NativeMethodAccessorImpl.invoke0(Native Method)
	at java.base/jdk.internal.reflect.NativeMethodAccessorImpl.invoke(NativeMethodAccessorImpl.java:62)
	at java.base/jdk.internal.reflect.DelegatingMethodAccessorImpl.invoke(DelegatingMethodAccessorImpl.java:43)
	at java.base/java.lang.reflect.Method.invoke(Method.java:566)
	at java.base/java.io.ObjectStreamClass.invokeReadObject(ObjectStreamClass.java:1046)
	at java.base/java.io.ObjectInputStream.readSerialData(ObjectInputStream.java:2357)
	at java.base/java.io.ObjectInputStream.readOrdinaryObject(ObjectInputStream.java:2228)
	at java.base/java.io.ObjectInputStream.readObject0(ObjectInputStream.java:1687)
	at java.base/java.io.ObjectInputStream.defaultReadFields(ObjectInputStream.java:2496)
	at java.base/java.io.ObjectInputStream.readSerialData(ObjectInputStream.java:2346)
	at java.base/java.io.ObjectInputStream.readOrdinaryObject(ObjectInputStream.java:2228)
	at java.base/java.io.ObjectInputStream.readObject0(ObjectInputStream.java:1687)
	at java.base/java.io.ObjectInputStream.skipCustomData(ObjectInputStream.java:2451)
	at java.base/java.io.ObjectInputStream.readSerialData(ObjectInputStream.java:2400)
	at java.base/java.io.ObjectInputStream.readOrdinaryObject(ObjectInputStream.java:2228)
	at java.base/java.io.ObjectInputStream.readObject0(ObjectInputStream.java:1687)
	at java.base/java.io.ObjectInputStream.defaultReadFields(ObjectInputStream.java:2496)
	at java.base/java.io.ObjectInputStream.readSerialData(ObjectInputStream.java:2390)
	at java.base/java.io.ObjectInputStream.readOrdinaryObject(ObjectInputStream.java:2228)
	at java.base/java.io.ObjectInputStream.readObject0(ObjectInputStream.java:1687)
	at java.base/java.io.ObjectInputStream.defaultReadFields(ObjectInputStream.java:2496)
	at java.base/java.io.ObjectInputStream.defaultReadObject(ObjectInputStream.java:625)
	at org.evosuite.testcase.DefaultTestCase.readObject(DefaultTestCase.java:1217)
	at jdk.internal.reflect.GeneratedMethodAccessor14.invoke(Unknown Source)
	at java.base/jdk.internal.reflect.DelegatingMethodAccessorImpl.invoke(DelegatingMethodAccessorImpl.java:43)
	at java.base/java.lang.reflect.Method.invoke(Method.java:566)
	at java.base/java.io.ObjectStreamClass.invokeReadObject(ObjectStreamClass.java:1046)
	at java.base/java.io.ObjectInputStream.readSerialData(ObjectInputStream.java:2357)
	at java.base/java.io.ObjectInputStream.readOrdinaryObject(ObjectInputStream.java:2228)
	at java.base/java.io.ObjectInputStream.readObject0(ObjectInputStream.java:1687)
	at java.base/java.io.ObjectInputStream.defaultReadFields(ObjectInputStream.java:2496)
	at java.base/java.io.ObjectInputStream.readSerialData(ObjectInputStream.java:2390)
	at java.base/java.io.ObjectInputStream.readOrdinaryObject(ObjectInputStream.java:2228)
	at java.base/java.io.ObjectInputStream.readObject0(ObjectInputStream.java:1687)
	at java.base/java.io.ObjectInputStream.skipCustomData(ObjectInputStream.java:2451)
	at java.base/java.io.ObjectInputStream.readSerialData(ObjectInputStream.java:2400)
	at java.base/java.io.ObjectInputStream.readOrdinaryObject(ObjectInputStream.java:2228)
	at java.base/java.io.ObjectInputStream.readObject0(ObjectInputStream.java:1687)
	at java.base/java.io.ObjectInputStream.defaultReadFields(ObjectInputStream.java:2496)
	at java.base/java.io.ObjectInputStream.readSerialData(ObjectInputStream.java:2390)
	at java.base/java.io.ObjectInputStream.readOrdinaryObject(ObjectInputStream.java:2228)
	at java.base/java.io.ObjectInputStream.readObject0(ObjectInputStream.java:1687)
	at java.base/java.io.ObjectInputStream.readObject(ObjectInputStream.java:489)
	at java.base/java.io.ObjectInputStream.readObject(ObjectInputStream.java:447)
	at java.rmi/sun.rmi.server.UnicastRef.unmarshalValue(UnicastRef.java:327)
	at java.rmi/sun.rmi.server.UnicastServerRef.dispatch(UnicastServerRef.java:339)
	at java.rmi/sun.rmi.transport.Transport$1.run(Transport.java:200)
	at java.rmi/sun.rmi.transport.Transport$1.run(Transport.java:197)
	at java.base/java.security.AccessController.doPrivileged(Native Method)
	at java.rmi/sun.rmi.transport.Transport.serviceCall(Transport.java:196)
	at java.rmi/sun.rmi.transport.tcp.TCPTransport.handleMessages(TCPTransport.java:562)
	at java.rmi/sun.rmi.transport.tcp.TCPTransport$ConnectionHandler.run0(TCPTransport.java:796)
	at java.rmi/sun.rmi.transport.tcp.TCPTransport$ConnectionHandler.lambda$run$0(TCPTransport.java:677)
	at java.base/java.security.AccessController.doPrivileged(Native Method)
	at java.rmi/sun.rmi.transport.tcp.TCPTransport$ConnectionHandler.run(TCPTransport.java:676)
	... 3 common frames omitted
Caused by: java.lang.ClassNotFoundException: Class not found: com/fasterxml/jackson/core/io/SerializedString: java.lang.NullPointerException: Class not found com/fasterxml/jackson/core/io/SerializedString
	at org.evosuite.instrumentation.InstrumentingClassLoader.instrumentClass(InstrumentingClassLoader.java:158)
	at org.evosuite.instrumentation.InstrumentingClassLoader.loadClass(InstrumentingClassLoader.java:126)
	... 62 common frames omitted
Caused by: java.lang.RuntimeException: Class not found: com/fasterxml/jackson/core/io/SerializedString: java.lang.NullPointerException: Class not found com/fasterxml/jackson/core/io/SerializedString
	at org.evosuite.runtime.util.ComputeClassWriter.getCommonSuperClass(ComputeClassWriter.java:56)
	at org.evosuite.shaded.org.objectweb.asm.SymbolTable.addMergedType(SymbolTable.java:1202)
	at org.evosuite.shaded.org.objectweb.asm.Frame.merge(Frame.java:1299)
	at org.evosuite.shaded.org.objectweb.asm.Frame.merge(Frame.java:1197)
	at org.evosuite.shaded.org.objectweb.asm.MethodWriter.computeAllFrames(MethodWriter.java:1610)
	at org.evosuite.shaded.org.objectweb.asm.MethodWriter.visitMaxs(MethodWriter.java:1546)
	at org.evosuite.shaded.org.objectweb.asm.MethodVisitor.visitMaxs(MethodVisitor.java:773)
	at org.evosuite.shaded.org.objectweb.asm.MethodVisitor.visitMaxs(MethodVisitor.java:773)
	at org.evosuite.shaded.org.objectweb.asm.MethodVisitor.visitMaxs(MethodVisitor.java:773)
	at org.evosuite.runtime.instrumentation.LoopCounterMethodAdapter.visitMaxs(LoopCounterMethodAdapter.java:48)
	at org.evosuite.shaded.org.objectweb.asm.tree.MethodNode.accept(MethodNode.java:769)
	at org.evosuite.shaded.org.objectweb.asm.commons.JSRInlinerAdapter.visitEnd(JSRInlinerAdapter.java:158)
	at org.evosuite.shaded.org.objectweb.asm.MethodVisitor.visitEnd(MethodVisitor.java:783)
	at org.evosuite.shaded.org.objectweb.asm.MethodVisitor.visitEnd(MethodVisitor.java:783)
	at org.evosuite.shaded.org.objectweb.asm.MethodVisitor.visitEnd(MethodVisitor.java:783)
	at org.evosuite.shaded.org.objectweb.asm.tree.MethodNode.accept(MethodNode.java:772)
	at org.evosuite.shaded.org.objectweb.asm.tree.MethodNode.accept(MethodNode.java:649)
	at org.evosuite.shaded.org.objectweb.asm.tree.ClassNode.accept(ClassNode.java:452)
	at org.evosuite.instrumentation.BytecodeInstrumentation.transformBytes(BytecodeInstrumentation.java:282)
	at org.evosuite.instrumentation.InstrumentingClassLoader.getTransformedBytes(InstrumentingClassLoader.java:135)
	at org.evosuite.instrumentation.InstrumentingClassLoader.instrumentClass(InstrumentingClassLoader.java:149)
	... 63 common frames omitted
Caused by: java.lang.NullPointerException: Class not found com/fasterxml/jackson/core/io/SerializedString
	at org.evosuite.runtime.util.ComputeClassWriter.typeInfo(ComputeClassWriter.java:179)
	at org.evosuite.runtime.util.ComputeClassWriter.getCommonSuperClass(ComputeClassWriter.java:53)
	... 83 common frames omitted
* Writing tests to file
* Writing JUnit test case 'POJOPropertyBuilder_ESTest' to /home/user/evosuite-results/JacksonDatabind-73b/GWO/com_fasterxml_jackson_databind_introspect_POJOPropertyBuilder/evosuite-tests
* Done!

[MASTER] 15:59:17.577 [logback-2] ERROR ClientNodeImpl - Error when generating tests for: com.fasterxml.jackson.databind.introspect.POJOPropertyBuilder with seed 1789981017106. Configuration id : null
java.rmi.ServerError: Error occurred in server thread; nested exception is: 
	java.lang.NoClassDefFoundError: com/fasterxml/jackson/databind/AnnotationIntrospector
	at java.rmi/sun.rmi.server.UnicastServerRef.dispatch(UnicastServerRef.java:388)
	at java.rmi/sun.rmi.transport.Transport$1.run(Transport.java:200)
	at java.rmi/sun.rmi.transport.Transport$1.run(Transport.java:197)
	at java.base/java.security.AccessController.doPrivileged(Native Method)
	at java.rmi/sun.rmi.transport.Transport.serviceCall(Transport.java:196)
	at java.rmi/sun.rmi.transport.tcp.TCPTransport.handleMessages(TCPTransport.java:562)
	at java.rmi/sun.rmi.transport.tcp.TCPTransport$ConnectionHandler.run0(TCPTransport.java:796)
	at java.rmi/sun.rmi.transport.tcp.TCPTransport$ConnectionHandler.lambda$run$0(TCPTransport.java:677)
	at java.base/java.security.AccessController.doPrivileged(Native Method)
	at java.rmi/sun.rmi.transport.tcp.TCPTransport$ConnectionHandler.run(TCPTransport.java:676)
	at java.base/java.util.concurrent.ThreadPoolExecutor.runWorker(ThreadPoolExecutor.java:1128)
	at java.base/java.util.concurrent.ThreadPoolExecutor$Worker.run(ThreadPoolExecutor.java:628)
	at java.base/java.lang.Thread.run(Thread.java:829)
	at java.rmi/sun.rmi.transport.StreamRemoteCall.exceptionReceivedFromServer(StreamRemoteCall.java:303)
	at java.rmi/sun.rmi.transport.StreamRemoteCall.executeCall(StreamRemoteCall.java:279)
	at java.rmi/sun.rmi.server.UnicastRef.invoke(UnicastRef.java:164)
	at java.rmi/java.rmi.server.RemoteObjectInvocationHandler.invokeRemoteMethod(RemoteObjectInvocationHandler.java:217)
	at java.rmi/java.rmi.server.RemoteObjectInvocationHandler.invoke(RemoteObjectInvocationHandler.java:162)
	at com.sun.proxy.$Proxy7.evosuite_collectTestGenerationResult(Unknown Source)
	at org.evosuite.rmi.service.ClientNodeImpl.lambda$startNewSearch$0(ClientNodeImpl.java:144)
	at java.base/java.util.concurrent.Executors$RunnableAdapter.call(Executors.java:515)
	at java.base/java.util.concurrent.FutureTask.run(FutureTask.java:264)
	at java.base/java.util.concurrent.ThreadPoolExecutor.runWorker(ThreadPoolExecutor.java:1128)
	at java.base/java.util.concurrent.ThreadPoolExecutor$Worker.run(ThreadPoolExecutor.java:628)
	at java.base/java.lang.Thread.run(Thread.java:829)
Caused by: java.lang.NoClassDefFoundError: com/fasterxml/jackson/databind/AnnotationIntrospector
	at java.base/java.lang.Class.getDeclaringClass0(Native Method)
	at java.base/java.lang.Class.getEnclosingClass(Class.java:1517)
	at org.evosuite.utils.generic.GenericClassUtils.isMissingTypeParameters(GenericClassUtils.java:74)
	at org.evosuite.utils.generic.GenericClassImpl.addTypeParameters(GenericClassImpl.java:63)
	at org.evosuite.utils.generic.GenericClassImpl.readObject(GenericClassImpl.java:1685)
	at jdk.internal.reflect.GeneratedMethodAccessor9.invoke(Unknown Source)
	at java.base/jdk.internal.reflect.DelegatingMethodAccessorImpl.invoke(DelegatingMethodAccessorImpl.java:43)
	at java.base/java.lang.reflect.Method.invoke(Method.java:566)
	at java.base/java.io.ObjectStreamClass.invokeReadObject(ObjectStreamClass.java:1046)
	at java.base/java.io.ObjectInputStream.readSerialData(ObjectInputStream.java:2357)
	at java.base/java.io.ObjectInputStream.readOrdinaryObject(ObjectInputStream.java:2228)
	at java.base/java.io.ObjectInputStream.readObject0(ObjectInputStream.java:1687)
	at java.base/java.io.ObjectInputStream.defaultReadFields(ObjectInputStream.java:2496)
	at java.base/java.io.ObjectInputStream.readSerialData(ObjectInputStream.java:2390)
	at java.base/java.io.ObjectInputStream.readOrdinaryObject(ObjectInputStream.java:2228)
	at java.base/java.io.ObjectInputStream.readObject0(ObjectInputStream.java:1687)
	at java.base/java.io.ObjectInputStream.defaultReadFields(ObjectInputStream.java:2496)
	at java.base/java.io.ObjectInputStream.readSerialData(ObjectInputStream.java:2390)
	at java.base/java.io.ObjectInputStream.readOrdinaryObject(ObjectInputStream.java:2228)
	at java.base/java.io.ObjectInputStream.readObject0(ObjectInputStream.java:1687)
	at java.base/java.io.ObjectInputStream.readObject(ObjectInputStream.java:489)
	at java.base/java.io.ObjectInputStream.readObject(ObjectInputStream.java:447)
	at java.base/java.util.ArrayList.readObject(ArrayList.java:929)
	at java.base/jdk.internal.reflect.GeneratedMethodAccessor7.invoke(Unknown Source)
	at java.base/jdk.internal.reflect.DelegatingMethodAccessorImpl.invoke(DelegatingMethodAccessorImpl.java:43)
	at java.base/java.lang.reflect.Method.invoke(Method.java:566)
	at java.base/java.io.ObjectStreamClass.invokeReadObject(ObjectStreamClass.java:1046)
	at java.base/java.io.ObjectInputStream.readSerialData(ObjectInputStream.java:2357)
	at java.base/java.io.ObjectInputStream.readOrdinaryObject(ObjectInputStream.java:2228)
	at java.base/java.io.ObjectInputStream.readObject0(ObjectInputStream.java:1687)
	at java.base/java.io.ObjectInputStream.defaultReadFields(ObjectInputStream.java:2496)
	at java.base/java.io.ObjectInputStream.readSerialData(ObjectInputStream.java:2390)
	at java.base/java.io.ObjectInputStream.readOrdinaryObject(ObjectInputStream.java:2228)
	at java.base/java.io.ObjectInputStream.readObject0(ObjectInputStream.java:1687)
	at java.base/java.io.ObjectInputStream.defaultReadFields(ObjectInputStream.java:2496)
	at java.base/java.io.ObjectInputStream.defaultReadObject(ObjectInputStream.java:625)
	at org.evosuite.testcase.DefaultTestCase.readObject(DefaultTestCase.java:1217)
	at jdk.internal.reflect.GeneratedMethodAccessor14.invoke(Unknown Source)
	at java.base/jdk.internal.reflect.DelegatingMethodAccessorImpl.invoke(DelegatingMethodAccessorImpl.java:43)
	at java.base/java.lang.reflect.Method.invoke(Method.java:566)
	at java.base/java.io.ObjectStreamClass.invokeReadObject(ObjectStreamClass.java:1046)
	at java.base/java.io.ObjectInputStream.readSerialData(ObjectInputStream.java:2357)
	at java.base/java.io.ObjectInputStream.readOrdinaryObject(ObjectInputStream.java:2228)
	at java.base/java.io.ObjectInputStream.readObject0(ObjectInputStream.java:1687)
	at java.base/java.io.ObjectInputStream.skipCustomData(ObjectInputStream.java:2451)
	at java.base/java.io.ObjectInputStream.readSerialData(ObjectInputStream.java:2400)
	at java.base/java.io.ObjectInputStream.readOrdinaryObject(ObjectInputStream.java:2228)
	at java.base/java.io.ObjectInputStream.readObject0(ObjectInputStream.java:1687)
	at java.base/java.io.ObjectInputStream.defaultReadFields(ObjectInputStream.java:2496)
	at java.base/java.io.ObjectInputStream.readSerialData(ObjectInputStream.java:2390)
	at java.base/java.io.ObjectInputStream.readOrdinaryObject(ObjectInputStream.java:2228)
	at java.base/java.io.ObjectInputStream.readObject0(ObjectInputStream.java:1687)
	at java.base/java.io.ObjectInputStream.readObject(ObjectInputStream.java:489)
	at java.base/java.io.ObjectInputStream.readObject(ObjectInputStream.java:447)
	at java.base/java.util.ArrayList.readObject(ArrayList.java:929)
	at java.base/jdk.internal.reflect.GeneratedMethodAccessor7.invoke(Unknown Source)
	at java.base/jdk.internal.reflect.DelegatingMethodAccessorImpl.invoke(DelegatingMethodAccessorImpl.java:43)
	at java.base/java.lang.reflect.Method.invoke(Method.java:566)
	at java.base/java.io.ObjectStreamClass.invokeReadObject(ObjectStreamClass.java:1046)
	at java.base/java.io.ObjectInputStream.readSerialData(ObjectInputStream.java:2357)
	at java.base/java.io.ObjectInputStream.readOrdinaryObject(ObjectInputStream.java:2228)
	at java.base/java.io.ObjectInputStream.readObject0(ObjectInputStream.java:1687)
	at java.base/java.io.ObjectInputStream.readObject(ObjectInputStream.java:489)
	at java.base/java.io.ObjectInputStream.readObject(ObjectInputStream.java:447)
	at java.rmi/sun.rmi.server.UnicastRef.unmarshalValue(UnicastRef.java:327)
	at java.rmi/sun.rmi.server.UnicastServerRef.dispatch(UnicastServerRef.java:339)
	at java.rmi/sun.rmi.transport.Transport$1.run(Transport.java:200)
	at java.rmi/sun.rmi.transport.Transport$1.run(Transport.java:197)
	at java.base/java.security.AccessController.doPrivileged(Native Method)
	at java.rmi/sun.rmi.transport.Transport.serviceCall(Transport.java:196)
	at java.rmi/sun.rmi.transport.tcp.TCPTransport.handleMessages(TCPTransport.java:562)
	at java.rmi/sun.rmi.transport.tcp.TCPTransport$ConnectionHandler.run0(TCPTransport.java:796)
	at java.rmi/sun.rmi.transport.tcp.TCPTransport$ConnectionHandler.lambda$run$0(TCPTransport.java:677)
	at java.base/java.security.AccessController.doPrivileged(Native Method)
	at java.rmi/sun.rmi.transport.tcp.TCPTransport$ConnectionHandler.run(TCPTransport.java:676)
	... 3 common frames omitted
* Computation finished
[MASTER] 15:59:17.680 [main] ERROR SearchStatistics - No statistics has been saved because EvoSuite failed to generate any test case
[MASTER] 15:59:17.784 [main] ERROR TestGeneration - failed to write statistics data
