* EvoSuite 1.2.1-SNAPSHOT
* Going to generate test cases for class: org.apache.commons.compress.archivers.zip.ZipArchiveEntry
* Starting Client-0
* Connecting to master process on port 3566
* Analyzing classpath: 
  - /home/user/d4j-workspace/Compress-42b/target/classes
  - /home/user/defects4j/framework/projects/Compress/lib/org/tukaani/xz/1.6/xz-1.6.jar
  - /home/user/defects4j/framework/projects/Compress/lib/junit/junit/4.12/junit-4.12.jar
  - /home/user/defects4j/framework/projects/Compress/lib/org/hamcrest/hamcrest-core/1.3/hamcrest-core-1.3.jar
  - /home/user/defects4j/framework/projects/Compress/lib/org/tukaani/xz/1.6/xz-1.6.jar
  - /home/user/defects4j/framework/projects/Compress/lib/org/powermock/powermock-module-junit4/1.6.4/powermock-module-junit4-1.6.4.jar
  - /home/user/defects4j/framework/projects/Compress/lib/org/powermock/powermock-module-junit4-common/1.6.4/powermock-module-junit4-common-1.6.4.jar
  - /home/user/defects4j/framework/projects/Compress/lib/org/powermock/powermock-core/1.6.4/powermock-core-1.6.4.jar
  - /home/user/defects4j/framework/projects/Compress/lib/org/javassist/javassist/3.20.0-GA/javassist-3.20.0-GA.jar
  - /home/user/defects4j/framework/projects/Compress/lib/org/powermock/powermock-reflect/1.6.4/powermock-reflect-1.6.4.jar
  - /home/user/defects4j/framework/projects/Compress/lib/org/powermock/powermock-api-mockito/1.6.4/powermock-api-mockito-1.6.4.jar
  - /home/user/defects4j/framework/projects/Compress/lib/org/mockito/mockito-core/1.10.19/mockito-core-1.10.19.jar
  - /home/user/defects4j/framework/projects/Compress/lib/org/objenesis/objenesis/2.1/objenesis-2.1.jar
  - /home/user/defects4j/framework/projects/Compress/lib/org/powermock/powermock-api-support/1.6.4/powermock-api-support-1.6.4.jar
  - /home/user/d4j-workspace/Compress-42b/target/classes
  - /home/user/d4j-workspace/Compress-42b/target/test-classes
  - /home/user/d4j-workspace/Compress-42b/target/classes
  - /home/user/d4j-workspace/Compress-42b/target/test-classes
[MASTER] 20:16:55.592 [logback-1] WARN  InheritanceTree - Class not in inheritance graph: java.util.Locale$IsoCountryCode
* Finished analyzing classpath
* Generating tests for class org.apache.commons.compress.archivers.zip.ZipArchiveEntry
* Test criteria:
  - Line Coverage
  - Branch Coverage
  - Exception
  - Mutation testing (weak)
  - Method-Output Coverage
  - Top-Level Method Coverage
  - No-Exception Top-Level Method Coverage
  - Context Branch Coverage
* Setting up search algorithm for whole suite generation
========== CUSTOM GWO INITIALIZED ==========
* Total number of test goals: 
  - Line 251
  - Branch 164
  - Exception 0
  - MutationFactory 312
  - Output 68
  - Method 49
  - MethodNoException 49
  - CBranchFitnessFactory 164
[Progress:>                             0%] [Cov:>                                  0%]* Using seed 1789737413956
* Starting evolution
[Progress:>                             0%] [Cov:>                                  2%][Progress:>                             0%] [Cov:=>                                 3%][Progress:>                             0%] [Cov:=====>                             15%][Progress:>                             0%] [Cov:=====>                             17%][Progress:>                             0%] [Cov:======>                            18%][Progress:>                             0%] [Cov:=======>                           21%][Progress:>                             0%] [Cov:=========>                         28%][Progress:>                             0%] [Cov:==========>                        30%][Progress:>                             0%] [Cov:============>                      35%][Progress:>                             0%] [Cov:==============>                    40%][Progress:>                             0%] [Cov:==============>                    41%][MASTER] 20:16:56.816 [logback-1] WARN  ClientNodeImpl - Cannot send statistics to master; continuing without statistics
java.rmi.ServerException: RemoteException occurred in server thread; nested exception is: 
	java.rmi.UnmarshalException: error unmarshalling arguments; nested exception is: 
	java.lang.ClassNotFoundException: Class not found: org/apache/commons/compress/archivers/zip/UnparseableExtraFieldData: java.lang.NullPointerException: Class not found org/apache/commons/compress/archivers/zip/UnparseableExtraFieldData
	at java.rmi/sun.rmi.server.UnicastServerRef.dispatch(UnicastServerRef.java:391)
	at java.rmi/sun.rmi.transport.Transport$1.run(Transport.java:200)
	at java.rmi/sun.rmi.transport.Transport$1.run(Transport.java:197)
	at java.base/java.security.AccessController.doPrivileged(Native Method)
	at java.rmi/sun.rmi.transport.Transport.serviceCall(Transport.java:196)
	at java.rmi/sun.rmi.transport.tcp.TCPTransport.handleMessages(TCPTransport.java:562)
	at java.rmi/sun.rmi.transport.tcp.TCPTransport$ConnectionHandler.run0(TCPTransport.java:796)
	at java.rmi/sun.rmi.transport.tcp.TCPTransport$ConnectionHandler.lambda$run$0(TCPTransport.java:677)
	at java.base/java.security.AccessController.doPrivileged(Native Method)
	at java.rmi/sun.rmi.transport.tcp.TCPTransport$ConnectionHandler.run(TCPTransport.java:676)
	at java.base/java.util.concurrent.ThreadPoolExecutor.runWorker(ThreadPoolExecutor.java:1128)
	at java.base/java.util.concurrent.ThreadPoolExecutor$Worker.run(ThreadPoolExecutor.java:628)
	at java.base/java.lang.Thread.run(Thread.java:829)
	at java.rmi/sun.rmi.transport.StreamRemoteCall.exceptionReceivedFromServer(StreamRemoteCall.java:303)
	at java.rmi/sun.rmi.transport.StreamRemoteCall.executeCall(StreamRemoteCall.java:279)
	at java.rmi/sun.rmi.server.UnicastRef.invoke(UnicastRef.java:164)
	at java.rmi/java.rmi.server.RemoteObjectInvocationHandler.invokeRemoteMethod(RemoteObjectInvocationHandler.java:217)
	at java.rmi/java.rmi.server.RemoteObjectInvocationHandler.invoke(RemoteObjectInvocationHandler.java:162)
	at com.sun.proxy.$Proxy7.evosuite_collectStatistics(Unknown Source)
	at org.evosuite.rmi.service.ClientNodeImpl.updateStatistics(ClientNodeImpl.java:251)
	at org.evosuite.statistics.StatisticsSender.sendIndividualToMaster(StatisticsSender.java:62)
	at org.evosuite.statistics.StatisticsListener.lambda$new$0(StatisticsListener.java:76)
	at java.base/java.lang.Thread.run(Thread.java:829)
Caused by: java.rmi.UnmarshalException: error unmarshalling arguments; nested exception is: 
	java.lang.ClassNotFoundException: Class not found: org/apache/commons/compress/archivers/zip/UnparseableExtraFieldData: java.lang.NullPointerException: Class not found org/apache/commons/compress/archivers/zip/UnparseableExtraFieldData
	at java.rmi/sun.rmi.server.UnicastServerRef.dispatch(UnicastServerRef.java:350)
	at java.rmi/sun.rmi.transport.Transport$1.run(Transport.java:200)
	at java.rmi/sun.rmi.transport.Transport$1.run(Transport.java:197)
	at java.base/java.security.AccessController.doPrivileged(Native Method)
	at java.rmi/sun.rmi.transport.Transport.serviceCall(Transport.java:196)
	at java.rmi/sun.rmi.transport.tcp.TCPTransport.handleMessages(TCPTransport.java:562)
	at java.rmi/sun.rmi.transport.tcp.TCPTransport$ConnectionHandler.run0(TCPTransport.java:796)
	at java.rmi/sun.rmi.transport.tcp.TCPTransport$ConnectionHandler.lambda$run$0(TCPTransport.java:677)
	at java.base/java.security.AccessController.doPrivileged(Native Method)
	at java.rmi/sun.rmi.transport.tcp.TCPTransport$ConnectionHandler.run(TCPTransport.java:676)
	at java.base/java.util.concurrent.ThreadPoolExecutor.runWorker(ThreadPoolExecutor.java:1128)
	at java.base/java.util.concurrent.ThreadPoolExecutor$Worker.run(ThreadPoolExecutor.java:628)
	... 1 common frames omitted
Caused by: java.lang.ClassNotFoundException: Class not found: org/apache/commons/compress/archivers/zip/UnparseableExtraFieldData: java.lang.NullPointerException: Class not found org/apache/commons/compress/archivers/zip/UnparseableExtraFieldData
	at org.evosuite.instrumentation.InstrumentingClassLoader.instrumentClass(InstrumentingClassLoader.java:158)
	at org.evosuite.instrumentation.InstrumentingClassLoader.loadClass(InstrumentingClassLoader.java:126)
	at org.evosuite.utils.generic.GenericClassImpl.getClass(GenericClassImpl.java:139)
	at org.evosuite.utils.generic.GenericClassImpl.getClass(GenericClassImpl.java:105)
	at org.evosuite.utils.generic.GenericClassImpl.readObject(GenericClassImpl.java:1671)
	at java.base/jdk.internal.reflect.NativeMethodAccessorImpl.invoke0(Native Method)
	at java.base/jdk.internal.reflect.NativeMethodAccessorImpl.invoke(NativeMethodAccessorImpl.java:62)
	at java.base/jdk.internal.reflect.DelegatingMethodAccessorImpl.invoke(DelegatingMethodAccessorImpl.java:43)
	at java.base/java.lang.reflect.Method.invoke(Method.java:566)
	at java.base/java.io.ObjectStreamClass.invokeReadObject(ObjectStreamClass.java:1046)
	at java.base/java.io.ObjectInputStream.readSerialData(ObjectInputStream.java:2357)
	at java.base/java.io.ObjectInputStream.readOrdinaryObject(ObjectInputStream.java:2228)
	at java.base/java.io.ObjectInputStream.readObject0(ObjectInputStream.java:1687)
	at java.base/java.io.ObjectInputStream.defaultReadFields(ObjectInputStream.java:2496)
	at java.base/java.io.ObjectInputStream.readSerialData(ObjectInputStream.java:2390)
	at java.base/java.io.ObjectInputStream.readOrdinaryObject(ObjectInputStream.java:2228)
	at java.base/java.io.ObjectInputStream.readObject0(ObjectInputStream.java:1687)
	at java.base/java.io.ObjectInputStream.defaultReadFields(ObjectInputStream.java:2496)
	at java.base/java.io.ObjectInputStream.readSerialData(ObjectInputStream.java:2390)
	at java.base/java.io.ObjectInputStream.readOrdinaryObject(ObjectInputStream.java:2228)
	at java.base/java.io.ObjectInputStream.readObject0(ObjectInputStream.java:1687)
	at java.base/java.io.ObjectInputStream.readObject(ObjectInputStream.java:489)
	at java.base/java.io.ObjectInputStream.readObject(ObjectInputStream.java:447)
	at java.base/java.util.ArrayList.readObject(ArrayList.java:929)
	at java.base/jdk.internal.reflect.GeneratedMethodAccessor7.invoke(Unknown Source)
	at java.base/jdk.internal.reflect.DelegatingMethodAccessorImpl.invoke(DelegatingMethodAccessorImpl.java:43)
	at java.base/java.lang.reflect.Method.invoke(Method.java:566)
	at java.base/java.io.ObjectStreamClass.invokeReadObject(ObjectStreamClass.java:1046)
	at java.base/java.io.ObjectInputStream.readSerialData(ObjectInputStream.java:2357)
	at java.base/java.io.ObjectInputStream.readOrdinaryObject(ObjectInputStream.java:2228)
	at java.base/java.io.ObjectInputStream.readObject0(ObjectInputStream.java:1687)
	at java.base/java.io.ObjectInputStream.defaultReadFields(ObjectInputStream.java:2496)
	at java.base/java.io.ObjectInputStream.readSerialData(ObjectInputStream.java:2390)
	at java.base/java.io.ObjectInputStream.readOrdinaryObject(ObjectInputStream.java:2228)
	at java.base/java.io.ObjectInputStream.readObject0(ObjectInputStream.java:1687)
	at java.base/java.io.ObjectInputStream.defaultReadFields(ObjectInputStream.java:2496)
	at java.base/java.io.ObjectInputStream.defaultReadObject(ObjectInputStream.java:625)
	at org.evosuite.testcase.DefaultTestCase.readObject(DefaultTestCase.java:1217)
	at java.base/jdk.internal.reflect.NativeMethodAccessorImpl.invoke0(Native Method)
	at java.base/jdk.internal.reflect.NativeMethodAccessorImpl.invoke(NativeMethodAccessorImpl.java:62)
	at java.base/jdk.internal.reflect.DelegatingMethodAccessorImpl.invoke(DelegatingMethodAccessorImpl.java:43)
	at java.base/java.lang.reflect.Method.invoke(Method.java:566)
	at java.base/java.io.ObjectStreamClass.invokeReadObject(ObjectStreamClass.java:1046)
	at java.base/java.io.ObjectInputStream.readSerialData(ObjectInputStream.java:2357)
	at java.base/java.io.ObjectInputStream.readOrdinaryObject(ObjectInputStream.java:2228)
	at java.base/java.io.ObjectInputStream.readObject0(ObjectInputStream.java:1687)
	at java.base/java.io.ObjectInputStream.defaultReadFields(ObjectInputStream.java:2496)
	at java.base/java.io.ObjectInputStream.readSerialData(ObjectInputStream.java:2390)
	at java.base/java.io.ObjectInputStream.readOrdinaryObject(ObjectInputStream.java:2228)
	at java.base/java.io.ObjectInputStream.readObject0(ObjectInputStream.java:1687)
	at java.base/java.io.ObjectInputStream.readObject(ObjectInputStream.java:489)
	at java.base/java.io.ObjectInputStream.readObject(ObjectInputStream.java:447)
	at java.base/java.util.ArrayList.readObject(ArrayList.java:929)
	at java.base/jdk.internal.reflect.GeneratedMethodAccessor7.invoke(Unknown Source)
	at java.base/jdk.internal.reflect.DelegatingMethodAccessorImpl.invoke(DelegatingMethodAccessorImpl.java:43)
	at java.base/java.lang.reflect.Method.invoke(Method.java:566)
	at java.base/java.io.ObjectStreamClass.invokeReadObject(ObjectStreamClass.java:1046)
	at java.base/java.io.ObjectInputStream.readSerialData(ObjectInputStream.java:2357)
	at java.base/java.io.ObjectInputStream.readOrdinaryObject(ObjectInputStream.java:2228)
	at java.base/java.io.ObjectInputStream.readObject0(ObjectInputStream.java:1687)
	at java.base/java.io.ObjectInputStream.defaultReadFields(ObjectInputStream.java:2496)
	at java.base/java.io.ObjectInputStream.readSerialData(ObjectInputStream.java:2390)
	at java.base/java.io.ObjectInputStream.readOrdinaryObject(ObjectInputStream.java:2228)
	at java.base/java.io.ObjectInputStream.readObject0(ObjectInputStream.java:1687)
	at java.base/java.io.ObjectInputStream.readObject(ObjectInputStream.java:489)
	at java.base/java.io.ObjectInputStream.readObject(ObjectInputStream.java:447)
	at java.rmi/sun.rmi.server.UnicastRef.unmarshalValue(UnicastRef.java:327)
	at java.rmi/sun.rmi.server.UnicastServerRef.dispatch(UnicastServerRef.java:339)
	... 12 common frames omitted
Caused by: java.lang.RuntimeException: Class not found: org/apache/commons/compress/archivers/zip/UnparseableExtraFieldData: java.lang.NullPointerException: Class not found org/apache/commons/compress/archivers/zip/UnparseableExtraFieldData
	at org.evosuite.runtime.util.ComputeClassWriter.getCommonSuperClass(ComputeClassWriter.java:56)
	at org.evosuite.shaded.org.objectweb.asm.SymbolTable.addMergedType(SymbolTable.java:1202)
	at org.evosuite.shaded.org.objectweb.asm.Frame.merge(Frame.java:1299)
	at org.evosuite.shaded.org.objectweb.asm.Frame.merge(Frame.java:1197)
	at org.evosuite.shaded.org.objectweb.asm.MethodWriter.computeAllFrames(MethodWriter.java:1610)
	at org.evosuite.shaded.org.objectweb.asm.MethodWriter.visitMaxs(MethodWriter.java:1546)
	at org.evosuite.shaded.org.objectweb.asm.MethodVisitor.visitMaxs(MethodVisitor.java:773)
	at org.evosuite.shaded.org.objectweb.asm.MethodVisitor.visitMaxs(MethodVisitor.java:773)
	at org.evosuite.shaded.org.objectweb.asm.MethodVisitor.visitMaxs(MethodVisitor.java:773)
	at org.evosuite.runtime.instrumentation.LoopCounterMethodAdapter.visitMaxs(LoopCounterMethodAdapter.java:48)
	at org.evosuite.shaded.org.objectweb.asm.MethodVisitor.visitMaxs(MethodVisitor.java:773)
	at org.evosuite.shaded.org.objectweb.asm.MethodVisitor.visitMaxs(MethodVisitor.java:773)
	at org.evosuite.shaded.org.objectweb.asm.commons.LocalVariablesSorter.visitMaxs(LocalVariablesSorter.java:148)
	at org.evosuite.instrumentation.MethodEntryAdapter.visitMaxs(MethodEntryAdapter.java:115)
	at org.evosuite.shaded.org.objectweb.asm.MethodVisitor.visitMaxs(MethodVisitor.java:773)
	at org.evosuite.instrumentation.LineNumberMethodAdapter.visitMaxs(LineNumberMethodAdapter.java:134)
	at org.evosuite.shaded.org.objectweb.asm.MethodVisitor.visitMaxs(MethodVisitor.java:773)
	at org.evosuite.shaded.org.objectweb.asm.commons.LocalVariablesSorter.visitMaxs(LocalVariablesSorter.java:148)
	at org.evosuite.shaded.org.objectweb.asm.MethodVisitor.visitMaxs(MethodVisitor.java:773)
	at org.evosuite.shaded.org.objectweb.asm.tree.MethodNode.accept(MethodNode.java:769)
	at org.evosuite.shaded.org.objectweb.asm.commons.JSRInlinerAdapter.visitEnd(JSRInlinerAdapter.java:158)
	at org.evosuite.shaded.org.objectweb.asm.tree.MethodNode.accept(MethodNode.java:772)
	at org.evosuite.graphs.cfg.CFGMethodAdapter.visitEnd(CFGMethodAdapter.java:249)
	at org.evosuite.shaded.org.objectweb.asm.MethodVisitor.visitEnd(MethodVisitor.java:783)
	at org.evosuite.shaded.org.objectweb.asm.MethodVisitor.visitEnd(MethodVisitor.java:783)
	at org.evosuite.shaded.org.objectweb.asm.tree.MethodNode.accept(MethodNode.java:772)
	at org.evosuite.shaded.org.objectweb.asm.tree.MethodNode.accept(MethodNode.java:649)
	at org.evosuite.shaded.org.objectweb.asm.tree.ClassNode.accept(ClassNode.java:452)
	at org.evosuite.instrumentation.BytecodeInstrumentation.transformBytes(BytecodeInstrumentation.java:282)
	at org.evosuite.instrumentation.InstrumentingClassLoader.getTransformedBytes(InstrumentingClassLoader.java:135)
	at org.evosuite.instrumentation.InstrumentingClassLoader.instrumentClass(InstrumentingClassLoader.java:149)
	... 79 common frames omitted
Caused by: java.lang.NullPointerException: Class not found org/apache/commons/compress/archivers/zip/UnparseableExtraFieldData
	at org.evosuite.runtime.util.ComputeClassWriter.typeInfo(ComputeClassWriter.java:179)
	at org.evosuite.runtime.util.ComputeClassWriter.getCommonSuperClass(ComputeClassWriter.java:53)
	... 109 common frames omitted
[MASTER] 20:16:57.048 [logback-1] WARN  ClientNodeImpl - Cannot send statistics to master; continuing without statistics
java.rmi.ServerException: RemoteException occurred in server thread; nested exception is: 
	java.rmi.UnmarshalException: error unmarshalling arguments; nested exception is: 
	java.lang.ClassNotFoundException: expect to get instruction without BasicBlock already set
	at java.rmi/sun.rmi.server.UnicastServerRef.dispatch(UnicastServerRef.java:391)
	at java.rmi/sun.rmi.transport.Transport$1.run(Transport.java:200)
	at java.rmi/sun.rmi.transport.Transport$1.run(Transport.java:197)
	at java.base/java.security.AccessController.doPrivileged(Native Method)
	at java.rmi/sun.rmi.transport.Transport.serviceCall(Transport.java:196)
	at java.rmi/sun.rmi.transport.tcp.TCPTransport.handleMessages(TCPTransport.java:562)
	at java.rmi/sun.rmi.transport.tcp.TCPTransport$ConnectionHandler.run0(TCPTransport.java:796)
	at java.rmi/sun.rmi.transport.tcp.TCPTransport$ConnectionHandler.lambda$run$0(TCPTransport.java:677)
	at java.base/java.security.AccessController.doPrivileged(Native Method)
	at java.rmi/sun.rmi.transport.tcp.TCPTransport$ConnectionHandler.run(TCPTransport.java:676)
	at java.base/java.util.concurrent.ThreadPoolExecutor.runWorker(ThreadPoolExecutor.java:1128)
	at java.base/java.util.concurrent.ThreadPoolExecutor$Worker.run(ThreadPoolExecutor.java:628)
	at java.base/java.lang.Thread.run(Thread.java:829)
	at java.rmi/sun.rmi.transport.StreamRemoteCall.exceptionReceivedFromServer(StreamRemoteCall.java:303)
	at java.rmi/sun.rmi.transport.StreamRemoteCall.executeCall(StreamRemoteCall.java:279)
	at java.rmi/sun.rmi.server.UnicastRef.invoke(UnicastRef.java:164)
	at java.rmi/java.rmi.server.RemoteObjectInvocationHandler.invokeRemoteMethod(RemoteObjectInvocationHandler.java:217)
	at java.rmi/java.rmi.server.RemoteObjectInvocationHandler.invoke(RemoteObjectInvocationHandler.java:162)
	at com.sun.proxy.$Proxy7.evosuite_collectStatistics(Unknown Source)
	at org.evosuite.rmi.service.ClientNodeImpl.updateStatistics(ClientNodeImpl.java:251)
	at org.evosuite.statistics.StatisticsSender.sendIndividualToMaster(StatisticsSender.java:62)
	at org.evosuite.statistics.StatisticsListener.lambda$new$0(StatisticsListener.java:76)
	at java.base/java.lang.Thread.run(Thread.java:829)
Caused by: java.rmi.UnmarshalException: error unmarshalling arguments; nested exception is: 
	java.lang.ClassNotFoundException: expect to get instruction without BasicBlock already set
	at java.rmi/sun.rmi.server.UnicastServerRef.dispatch(UnicastServerRef.java:350)
	at java.rmi/sun.rmi.transport.Transport$1.run(Transport.java:200)
	at java.rmi/sun.rmi.transport.Transport$1.run(Transport.java:197)
	at java.base/java.security.AccessController.doPrivileged(Native Method)
	at java.rmi/sun.rmi.transport.Transport.serviceCall(Transport.java:196)
	at java.rmi/sun.rmi.transport.tcp.TCPTransport.handleMessages(TCPTransport.java:562)
	at java.rmi/sun.rmi.transport.tcp.TCPTransport$ConnectionHandler.run0(TCPTransport.java:796)
	at java.rmi/sun.rmi.transport.tcp.TCPTransport$ConnectionHandler.lambda$run$0(TCPTransport.java:677)
	at java.base/java.security.AccessController.doPrivileged(Native Method)
	at java.rmi/sun.rmi.transport.tcp.TCPTransport$ConnectionHandler.run(TCPTransport.java:676)
	at java.base/java.util.concurrent.ThreadPoolExecutor.runWorker(ThreadPoolExecutor.java:1128)
	at java.base/java.util.concurrent.ThreadPoolExecutor$Worker.run(ThreadPoolExecutor.java:628)
	... 1 common frames omitted
Caused by: java.lang.ClassNotFoundException: expect to get instruction without BasicBlock already set
	at org.evosuite.instrumentation.InstrumentingClassLoader.instrumentClass(InstrumentingClassLoader.java:158)
	at org.evosuite.instrumentation.InstrumentingClassLoader.loadClass(InstrumentingClassLoader.java:126)
	at org.evosuite.utils.generic.GenericClassImpl.getClass(GenericClassImpl.java:139)
	at org.evosuite.utils.generic.GenericClassImpl.getClass(GenericClassImpl.java:105)
	at org.evosuite.utils.generic.GenericClassImpl.readObject(GenericClassImpl.java:1671)
	at jdk.internal.reflect.GeneratedMethodAccessor9.invoke(Unknown Source)
	at java.base/jdk.internal.reflect.DelegatingMethodAccessorImpl.invoke(DelegatingMethodAccessorImpl.java:43)
	at java.base/java.lang.reflect.Method.invoke(Method.java:566)
	at java.base/java.io.ObjectStreamClass.invokeReadObject(ObjectStreamClass.java:1046)
	at java.base/java.io.ObjectInputStream.readSerialData(ObjectInputStream.java:2357)
	at java.base/java.io.ObjectInputStream.readOrdinaryObject(ObjectInputStream.java:2228)
	at java.base/java.io.ObjectInputStream.readObject0(ObjectInputStream.java:1687)
	at java.base/java.io.ObjectInputStream.defaultReadFields(ObjectInputStream.java:2496)
	at java.base/java.io.ObjectInputStream.readSerialData(ObjectInputStream.java:2390)
	at java.base/java.io.ObjectInputStream.readOrdinaryObject(ObjectInputStream.java:2228)
	at java.base/java.io.ObjectInputStream.readObject0(ObjectInputStream.java:1687)
	at java.base/java.io.ObjectInputStream.defaultReadFields(ObjectInputStream.java:2496)
	at java.base/java.io.ObjectInputStream.readSerialData(ObjectInputStream.java:2390)
	at java.base/java.io.ObjectInputStream.readOrdinaryObject(ObjectInputStream.java:2228)
	at java.base/java.io.ObjectInputStream.readObject0(ObjectInputStream.java:1687)
	at java.base/java.io.ObjectInputStream.readObject(ObjectInputStream.java:489)
	at java.base/java.io.ObjectInputStream.readObject(ObjectInputStream.java:447)
	at java.base/java.util.ArrayList.readObject(ArrayList.java:929)
	at java.base/jdk.internal.reflect.GeneratedMethodAccessor7.invoke(Unknown Source)
	at java.base/jdk.internal.reflect.DelegatingMethodAccessorImpl.invoke(DelegatingMethodAccessorImpl.java:43)
	at java.base/java.lang.reflect.Method.invoke(Method.java:566)
	at java.base/java.io.ObjectStreamClass.invokeReadObject(ObjectStreamClass.java:1046)
	at java.base/java.io.ObjectInputStream.readSerialData(ObjectInputStream.java:2357)
	at java.base/java.io.ObjectInputStream.readOrdinaryObject(ObjectInputStream.java:2228)
	at java.base/java.io.ObjectInputStream.readObject0(ObjectInputStream.java:1687)
	at java.base/java.io.ObjectInputStream.defaultReadFields(ObjectInputStream.java:2496)
	at java.base/java.io.ObjectInputStream.readSerialData(ObjectInputStream.java:2390)
	at java.base/java.io.ObjectInputStream.readOrdinaryObject(ObjectInputStream.java:2228)
	at java.base/java.io.ObjectInputStream.readObject0(ObjectInputStream.java:1687)
	at java.base/java.io.ObjectInputStream.defaultReadFields(ObjectInputStream.java:2496)
	at java.base/java.io.ObjectInputStream.defaultReadObject(ObjectInputStream.java:625)
	at org.evosuite.testcase.DefaultTestCase.readObject(DefaultTestCase.java:1217)
	at java.base/jdk.internal.reflect.NativeMethodAccessorImpl.invoke0(Native Method)
	at java.base/jdk.internal.reflect.NativeMethodAccessorImpl.invoke(NativeMethodAccessorImpl.java:62)
	at java.base/jdk.internal.reflect.DelegatingMethodAccessorImpl.invoke(DelegatingMethodAccessorImpl.java:43)
	at java.base/java.lang.reflect.Method.invoke(Method.java:566)
	at java.base/java.io.ObjectStreamClass.invokeReadObject(ObjectStreamClass.java:1046)
	at java.base/java.io.ObjectInputStream.readSerialData(ObjectInputStream.java:2357)
	at java.base/java.io.ObjectInputStream.readOrdinaryObject(ObjectInputStream.java:2228)
	at java.base/java.io.ObjectInputStream.readObject0(ObjectInputStream.java:1687)
	at java.base/java.io.ObjectInputStream.defaultReadFields(ObjectInputStream.java:2496)
	at java.base/java.io.ObjectInputStream.readSerialData(ObjectInputStream.java:2390)
	at java.base/java.io.ObjectInputStream.readOrdinaryObject(ObjectInputStream.java:2228)
	at java.base/java.io.ObjectInputStream.readObject0(ObjectInputStream.java:1687)
	at java.base/java.io.ObjectInputStream.readObject(ObjectInputStream.java:489)
	at java.base/java.io.ObjectInputStream.readObject(ObjectInputStream.java:447)
	at java.base/java.util.ArrayList.readObject(ArrayList.java:929)
	at java.base/jdk.internal.reflect.GeneratedMethodAccessor7.invoke(Unknown Source)
	at java.base/jdk.internal.reflect.DelegatingMethodAccessorImpl.invoke(DelegatingMethodAccessorImpl.java:43)
	at java.base/java.lang.reflect.Method.invoke(Method.java:566)
	at java.base/java.io.ObjectStreamClass.invokeReadObject(ObjectStreamClass.java:1046)
	at java.base/java.io.ObjectInputStream.readSerialData(ObjectInputStream.java:2357)
	at java.base/java.io.ObjectInputStream.readOrdinaryObject(ObjectInputStream.java:2228)
	at java.base/java.io.ObjectInputStream.readObject0(ObjectInputStream.java:1687)
	at java.base/java.io.ObjectInputStream.defaultReadFields(ObjectInputStream.java:2496)
	at java.base/java.io.ObjectInputStream.readSerialData(ObjectInputStream.java:2390)
	at java.base/java.io.ObjectInputStream.readOrdinaryObject(ObjectInputStream.java:2228)
	at java.base/java.io.ObjectInputStream.readObject0(ObjectInputStream.java:1687)
	at java.base/java.io.ObjectInputStream.readObject(ObjectInputStream.java:489)
	at java.base/java.io.ObjectInputStream.readObject(ObjectInputStream.java:447)
	at java.rmi/sun.rmi.server.UnicastRef.unmarshalValue(UnicastRef.java:327)
	at java.rmi/sun.rmi.server.UnicastServerRef.dispatch(UnicastServerRef.java:339)
	... 12 common frames omitted
Caused by: java.lang.IllegalArgumentException: expect to get instruction without BasicBlock already set
	at org.evosuite.graphs.cfg.BasicBlock.appendInstruction(BasicBlock.java:225)
	at org.evosuite.graphs.cfg.BasicBlock.setInstructions(BasicBlock.java:206)
	at org.evosuite.graphs.cfg.BasicBlock.<init>(BasicBlock.java:106)
	at org.evosuite.graphs.cfg.RawControlFlowGraph.determineBasicBlockFor(RawControlFlowGraph.java:314)
	at org.evosuite.graphs.cfg.ActualControlFlowGraph.computeNodes(ActualControlFlowGraph.java:295)
	at org.evosuite.graphs.cfg.ActualControlFlowGraph.computeGraph(ActualControlFlowGraph.java:262)
	at org.evosuite.graphs.cfg.ActualControlFlowGraph.<init>(ActualControlFlowGraph.java:97)
	at org.evosuite.graphs.cfg.CFGGenerator.computeActualCFG(CFGGenerator.java:218)
	at org.evosuite.graphs.cfg.CFGGenerator.registerCFGs(CFGGenerator.java:102)
	at org.evosuite.graphs.cfg.CFGMethodAdapter.visitEnd(CFGMethodAdapter.java:219)
	at org.evosuite.shaded.org.objectweb.asm.MethodVisitor.visitEnd(MethodVisitor.java:783)
	at org.evosuite.shaded.org.objectweb.asm.MethodVisitor.visitEnd(MethodVisitor.java:783)
	at org.evosuite.shaded.org.objectweb.asm.MethodVisitor.visitEnd(MethodVisitor.java:783)
	at org.evosuite.shaded.org.objectweb.asm.tree.MethodNode.accept(MethodNode.java:772)
	at org.evosuite.shaded.org.objectweb.asm.tree.MethodNode.accept(MethodNode.java:649)
	at org.evosuite.shaded.org.objectweb.asm.tree.ClassNode.accept(ClassNode.java:452)
	at org.evosuite.instrumentation.BytecodeInstrumentation.transformBytes(BytecodeInstrumentation.java:282)
	at org.evosuite.instrumentation.InstrumentingClassLoader.getTransformedBytes(InstrumentingClassLoader.java:135)
	at org.evosuite.instrumentation.InstrumentingClassLoader.instrumentClass(InstrumentingClassLoader.java:149)
	... 78 common frames omitted
[Progress:>                             0%] [Cov:===============>                   43%][Progress:>                             0%] [Cov:===============>                   45%][Progress:>                             0%] [Cov:===============>                   45%]========== GWO EVOLVE iteration=0 population=50 ==========
[MASTER] 20:16:57.587 [logback-1] WARN  ClientNodeImpl - Cannot send statistics to master; continuing without statistics
java.rmi.ServerException: RemoteException occurred in server thread; nested exception is: 
	java.rmi.UnmarshalException: error unmarshalling arguments; nested exception is: 
	java.lang.ClassNotFoundException: expect to get instruction without BasicBlock already set
	at java.rmi/sun.rmi.server.UnicastServerRef.dispatch(UnicastServerRef.java:391)
	at java.rmi/sun.rmi.transport.Transport$1.run(Transport.java:200)
	at java.rmi/sun.rmi.transport.Transport$1.run(Transport.java:197)
	at java.base/java.security.AccessController.doPrivileged(Native Method)
	at java.rmi/sun.rmi.transport.Transport.serviceCall(Transport.java:196)
	at java.rmi/sun.rmi.transport.tcp.TCPTransport.handleMessages(TCPTransport.java:562)
	at java.rmi/sun.rmi.transport.tcp.TCPTransport$ConnectionHandler.run0(TCPTransport.java:796)
	at java.rmi/sun.rmi.transport.tcp.TCPTransport$ConnectionHandler.lambda$run$0(TCPTransport.java:677)
	at java.base/java.security.AccessController.doPrivileged(Native Method)
	at java.rmi/sun.rmi.transport.tcp.TCPTransport$ConnectionHandler.run(TCPTransport.java:676)
	at java.base/java.util.concurrent.ThreadPoolExecutor.runWorker(ThreadPoolExecutor.java:1128)
	at java.base/java.util.concurrent.ThreadPoolExecutor$Worker.run(ThreadPoolExecutor.java:628)
	at java.base/java.lang.Thread.run(Thread.java:829)
	at java.rmi/sun.rmi.transport.StreamRemoteCall.exceptionReceivedFromServer(StreamRemoteCall.java:303)
	at java.rmi/sun.rmi.transport.StreamRemoteCall.executeCall(StreamRemoteCall.java:279)
	at java.rmi/sun.rmi.server.UnicastRef.invoke(UnicastRef.java:164)
	at java.rmi/java.rmi.server.RemoteObjectInvocationHandler.invokeRemoteMethod(RemoteObjectInvocationHandler.java:217)
	at java.rmi/java.rmi.server.RemoteObjectInvocationHandler.invoke(RemoteObjectInvocationHandler.java:162)
	at com.sun.proxy.$Proxy7.evosuite_collectStatistics(Unknown Source)
	at org.evosuite.rmi.service.ClientNodeImpl.updateStatistics(ClientNodeImpl.java:251)
	at org.evosuite.statistics.StatisticsSender.sendIndividualToMaster(StatisticsSender.java:62)
	at org.evosuite.statistics.StatisticsListener.lambda$new$0(StatisticsListener.java:76)
	at java.base/java.lang.Thread.run(Thread.java:829)
Caused by: java.rmi.UnmarshalException: error unmarshalling arguments; nested exception is: 
	java.lang.ClassNotFoundException: expect to get instruction without BasicBlock already set
	at java.rmi/sun.rmi.server.UnicastServerRef.dispatch(UnicastServerRef.java:350)
	at java.rmi/sun.rmi.transport.Transport$1.run(Transport.java:200)
	at java.rmi/sun.rmi.transport.Transport$1.run(Transport.java:197)
	at java.base/java.security.AccessController.doPrivileged(Native Method)
	at java.rmi/sun.rmi.transport.Transport.serviceCall(Transport.java:196)
	at java.rmi/sun.rmi.transport.tcp.TCPTransport.handleMessages(TCPTransport.java:562)
	at java.rmi/sun.rmi.transport.tcp.TCPTransport$ConnectionHandler.run0(TCPTransport.java:796)
	at java.rmi/sun.rmi.transport.tcp.TCPTransport$ConnectionHandler.lambda$run$0(TCPTransport.java:677)
	at java.base/java.security.AccessController.doPrivileged(Native Method)
	at java.rmi/sun.rmi.transport.tcp.TCPTransport$ConnectionHandler.run(TCPTransport.java:676)
	at java.base/java.util.concurrent.ThreadPoolExecutor.runWorker(ThreadPoolExecutor.java:1128)
	at java.base/java.util.concurrent.ThreadPoolExecutor$Worker.run(ThreadPoolExecutor.java:628)
	... 1 common frames omitted
Caused by: java.lang.ClassNotFoundException: expect to get instruction without BasicBlock already set
	at org.evosuite.instrumentation.InstrumentingClassLoader.instrumentClass(InstrumentingClassLoader.java:158)
	at org.evosuite.instrumentation.InstrumentingClassLoader.loadClass(InstrumentingClassLoader.java:126)
	at org.evosuite.utils.generic.GenericClassImpl.getClass(GenericClassImpl.java:139)
	at org.evosuite.utils.generic.GenericClassImpl.getClass(GenericClassImpl.java:105)
	at org.evosuite.utils.generic.GenericClassImpl.readObject(GenericClassImpl.java:1671)
	at jdk.internal.reflect.GeneratedMethodAccessor9.invoke(Unknown Source)
	at java.base/jdk.internal.reflect.DelegatingMethodAccessorImpl.invoke(DelegatingMethodAccessorImpl.java:43)
	at java.base/java.lang.reflect.Method.invoke(Method.java:566)
	at java.base/java.io.ObjectStreamClass.invokeReadObject(ObjectStreamClass.java:1046)
	at java.base/java.io.ObjectInputStream.readSerialData(ObjectInputStream.java:2357)
	at java.base/java.io.ObjectInputStream.readOrdinaryObject(ObjectInputStream.java:2228)
	at java.base/java.io.ObjectInputStream.readObject0(ObjectInputStream.java:1687)
	at java.base/java.io.ObjectInputStream.defaultReadFields(ObjectInputStream.java:2496)
	at java.base/java.io.ObjectInputStream.readSerialData(ObjectInputStream.java:2390)
	at java.base/java.io.ObjectInputStream.readOrdinaryObject(ObjectInputStream.java:2228)
	at java.base/java.io.ObjectInputStream.readObject0(ObjectInputStream.java:1687)
	at java.base/java.io.ObjectInputStream.defaultReadFields(ObjectInputStream.java:2496)
	at java.base/java.io.ObjectInputStream.readSerialData(ObjectInputStream.java:2390)
	at java.base/java.io.ObjectInputStream.readOrdinaryObject(ObjectInputStream.java:2228)
	at java.base/java.io.ObjectInputStream.readObject0(ObjectInputStream.java:1687)
	at java.base/java.io.ObjectInputStream.readObject(ObjectInputStream.java:489)
	at java.base/java.io.ObjectInputStream.readObject(ObjectInputStream.java:447)
	at java.base/java.util.ArrayList.readObject(ArrayList.java:929)
	at java.base/jdk.internal.reflect.GeneratedMethodAccessor7.invoke(Unknown Source)
	at java.base/jdk.internal.reflect.DelegatingMethodAccessorImpl.invoke(DelegatingMethodAccessorImpl.java:43)
	at java.base/java.lang.reflect.Method.invoke(Method.java:566)
	at java.base/java.io.ObjectStreamClass.invokeReadObject(ObjectStreamClass.java:1046)
	at java.base/java.io.ObjectInputStream.readSerialData(ObjectInputStream.java:2357)
	at java.base/java.io.ObjectInputStream.readOrdinaryObject(ObjectInputStream.java:2228)
	at java.base/java.io.ObjectInputStream.readObject0(ObjectInputStream.java:1687)
	at java.base/java.io.ObjectInputStream.defaultReadFields(ObjectInputStream.java:2496)
	at java.base/java.io.ObjectInputStream.readSerialData(ObjectInputStream.java:2390)
	at java.base/java.io.ObjectInputStream.readOrdinaryObject(ObjectInputStream.java:2228)
	at java.base/java.io.ObjectInputStream.readObject0(ObjectInputStream.java:1687)
	at java.base/java.io.ObjectInputStream.defaultReadFields(ObjectInputStream.java:2496)
	at java.base/java.io.ObjectInputStream.defaultReadObject(ObjectInputStream.java:625)
	at org.evosuite.testcase.DefaultTestCase.readObject(DefaultTestCase.java:1217)
	at java.base/jdk.internal.reflect.NativeMethodAccessorImpl.invoke0(Native Method)
	at java.base/jdk.internal.reflect.NativeMethodAccessorImpl.invoke(NativeMethodAccessorImpl.java:62)
	at java.base/jdk.internal.reflect.DelegatingMethodAccessorImpl.invoke(DelegatingMethodAccessorImpl.java:43)
	at java.base/java.lang.reflect.Method.invoke(Method.java:566)
	at java.base/java.io.ObjectStreamClass.invokeReadObject(ObjectStreamClass.java:1046)
	at java.base/java.io.ObjectInputStream.readSerialData(ObjectInputStream.java:2357)
	at java.base/java.io.ObjectInputStream.readOrdinaryObject(ObjectInputStream.java:2228)
	at java.base/java.io.ObjectInputStream.readObject0(ObjectInputStream.java:1687)
	at java.base/java.io.ObjectInputStream.defaultReadFields(ObjectInputStream.java:2496)
	at java.base/java.io.ObjectInputStream.readSerialData(ObjectInputStream.java:2390)
	at java.base/java.io.ObjectInputStream.readOrdinaryObject(ObjectInputStream.java:2228)
	at java.base/java.io.ObjectInputStream.readObject0(ObjectInputStream.java:1687)
	at java.base/java.io.ObjectInputStream.readObject(ObjectInputStream.java:489)
	at java.base/java.io.ObjectInputStream.readObject(ObjectInputStream.java:447)
	at java.base/java.util.ArrayList.readObject(ArrayList.java:929)
	at java.base/jdk.internal.reflect.GeneratedMethodAccessor7.invoke(Unknown Source)
	at java.base/jdk.internal.reflect.DelegatingMethodAccessorImpl.invoke(DelegatingMethodAccessorImpl.java:43)
	at java.base/java.lang.reflect.Method.invoke(Method.java:566)
	at java.base/java.io.ObjectStreamClass.invokeReadObject(ObjectStreamClass.java:1046)
	at java.base/java.io.ObjectInputStream.readSerialData(ObjectInputStream.java:2357)
	at java.base/java.io.ObjectInputStream.readOrdinaryObject(ObjectInputStream.java:2228)
	at java.base/java.io.ObjectInputStream.readObject0(ObjectInputStream.java:1687)
	at java.base/java.io.ObjectInputStream.defaultReadFields(ObjectInputStream.java:2496)
	at java.base/java.io.ObjectInputStream.readSerialData(ObjectInputStream.java:2390)
	at java.base/java.io.ObjectInputStream.readOrdinaryObject(ObjectInputStream.java:2228)
	at java.base/java.io.ObjectInputStream.readObject0(ObjectInputStream.java:1687)
	at java.base/java.io.ObjectInputStream.readObject(ObjectInputStream.java:489)
	at java.base/java.io.ObjectInputStream.readObject(ObjectInputStream.java:447)
	at java.rmi/sun.rmi.server.UnicastRef.unmarshalValue(UnicastRef.java:327)
	at java.rmi/sun.rmi.server.UnicastServerRef.dispatch(UnicastServerRef.java:339)
	... 12 common frames omitted
Caused by: java.lang.IllegalArgumentException: expect to get instruction without BasicBlock already set
	at org.evosuite.graphs.cfg.BasicBlock.appendInstruction(BasicBlock.java:225)
	at org.evosuite.graphs.cfg.BasicBlock.setInstructions(BasicBlock.java:206)
	at org.evosuite.graphs.cfg.BasicBlock.<init>(BasicBlock.java:106)
	at org.evosuite.graphs.cfg.RawControlFlowGraph.determineBasicBlockFor(RawControlFlowGraph.java:314)
	at org.evosuite.graphs.cfg.ActualControlFlowGraph.computeNodes(ActualControlFlowGraph.java:295)
	at org.evosuite.graphs.cfg.ActualControlFlowGraph.computeGraph(ActualControlFlowGraph.java:262)
	at org.evosuite.graphs.cfg.ActualControlFlowGraph.<init>(ActualControlFlowGraph.java:97)
	at org.evosuite.graphs.cfg.CFGGenerator.computeActualCFG(CFGGenerator.java:218)
	at org.evosuite.graphs.cfg.CFGGenerator.registerCFGs(CFGGenerator.java:102)
	at org.evosuite.graphs.cfg.CFGMethodAdapter.visitEnd(CFGMethodAdapter.java:219)
	at org.evosuite.shaded.org.objectweb.asm.MethodVisitor.visitEnd(MethodVisitor.java:783)
	at org.evosuite.shaded.org.objectweb.asm.MethodVisitor.visitEnd(MethodVisitor.java:783)
	at org.evosuite.shaded.org.objectweb.asm.MethodVisitor.visitEnd(MethodVisitor.java:783)
	at org.evosuite.shaded.org.objectweb.asm.tree.MethodNode.accept(MethodNode.java:772)
	at org.evosuite.shaded.org.objectweb.asm.tree.MethodNode.accept(MethodNode.java:649)
	at org.evosuite.shaded.org.objectweb.asm.tree.ClassNode.accept(ClassNode.java:452)
	at org.evosuite.instrumentation.BytecodeInstrumentation.transformBytes(BytecodeInstrumentation.java:282)
	at org.evosuite.instrumentation.InstrumentingClassLoader.getTransformedBytes(InstrumentingClassLoader.java:135)
	at org.evosuite.instrumentation.InstrumentingClassLoader.instrumentClass(InstrumentingClassLoader.java:149)
	... 78 common frames omitted
[Progress:>                             1%] [Cov:========>                          23%][Progress:>                             1%] [Cov:==============>                    41%][Progress:>                             1%] [Cov:==============>                    42%][Progress:>                             1%] [Cov:===============>                   45%][Progress:>                             1%] [Cov:===============>                   45%]GWO iteration=1 bestFitness=980.1260625436513 population=50 a=1.98
========== GWO EVOLVE iteration=1 population=50 ==========
[MASTER] 20:16:58.427 [logback-1] WARN  ClientNodeImpl - Cannot send statistics to master; continuing without statistics
java.rmi.ServerException: RemoteException occurred in server thread; nested exception is: 
	java.rmi.UnmarshalException: error unmarshalling arguments; nested exception is: 
	java.lang.ClassNotFoundException: expect to get instruction without BasicBlock already set
	at java.rmi/sun.rmi.server.UnicastServerRef.dispatch(UnicastServerRef.java:391)
	at java.rmi/sun.rmi.transport.Transport$1.run(Transport.java:200)
	at java.rmi/sun.rmi.transport.Transport$1.run(Transport.java:197)
	at java.base/java.security.AccessController.doPrivileged(Native Method)
	at java.rmi/sun.rmi.transport.Transport.serviceCall(Transport.java:196)
	at java.rmi/sun.rmi.transport.tcp.TCPTransport.handleMessages(TCPTransport.java:562)
	at java.rmi/sun.rmi.transport.tcp.TCPTransport$ConnectionHandler.run0(TCPTransport.java:796)
	at java.rmi/sun.rmi.transport.tcp.TCPTransport$ConnectionHandler.lambda$run$0(TCPTransport.java:677)
	at java.base/java.security.AccessController.doPrivileged(Native Method)
	at java.rmi/sun.rmi.transport.tcp.TCPTransport$ConnectionHandler.run(TCPTransport.java:676)
	at java.base/java.util.concurrent.ThreadPoolExecutor.runWorker(ThreadPoolExecutor.java:1128)
	at java.base/java.util.concurrent.ThreadPoolExecutor$Worker.run(ThreadPoolExecutor.java:628)
	at java.base/java.lang.Thread.run(Thread.java:829)
	at java.rmi/sun.rmi.transport.StreamRemoteCall.exceptionReceivedFromServer(StreamRemoteCall.java:303)
	at java.rmi/sun.rmi.transport.StreamRemoteCall.executeCall(StreamRemoteCall.java:279)
	at java.rmi/sun.rmi.server.UnicastRef.invoke(UnicastRef.java:164)
	at java.rmi/java.rmi.server.RemoteObjectInvocationHandler.invokeRemoteMethod(RemoteObjectInvocationHandler.java:217)
	at java.rmi/java.rmi.server.RemoteObjectInvocationHandler.invoke(RemoteObjectInvocationHandler.java:162)
	at com.sun.proxy.$Proxy7.evosuite_collectStatistics(Unknown Source)
	at org.evosuite.rmi.service.ClientNodeImpl.updateStatistics(ClientNodeImpl.java:251)
	at org.evosuite.statistics.StatisticsSender.sendIndividualToMaster(StatisticsSender.java:62)
	at org.evosuite.statistics.StatisticsListener.lambda$new$0(StatisticsListener.java:76)
	at java.base/java.lang.Thread.run(Thread.java:829)
Caused by: java.rmi.UnmarshalException: error unmarshalling arguments; nested exception is: 
	java.lang.ClassNotFoundException: expect to get instruction without BasicBlock already set
	at java.rmi/sun.rmi.server.UnicastServerRef.dispatch(UnicastServerRef.java:350)
	at java.rmi/sun.rmi.transport.Transport$1.run(Transport.java:200)
	at java.rmi/sun.rmi.transport.Transport$1.run(Transport.java:197)
	at java.base/java.security.AccessController.doPrivileged(Native Method)
	at java.rmi/sun.rmi.transport.Transport.serviceCall(Transport.java:196)
	at java.rmi/sun.rmi.transport.tcp.TCPTransport.handleMessages(TCPTransport.java:562)
	at java.rmi/sun.rmi.transport.tcp.TCPTransport$ConnectionHandler.run0(TCPTransport.java:796)
	at java.rmi/sun.rmi.transport.tcp.TCPTransport$ConnectionHandler.lambda$run$0(TCPTransport.java:677)
	at java.base/java.security.AccessController.doPrivileged(Native Method)
	at java.rmi/sun.rmi.transport.tcp.TCPTransport$ConnectionHandler.run(TCPTransport.java:676)
	at java.base/java.util.concurrent.ThreadPoolExecutor.runWorker(ThreadPoolExecutor.java:1128)
	at java.base/java.util.concurrent.ThreadPoolExecutor$Worker.run(ThreadPoolExecutor.java:628)
	... 1 common frames omitted
Caused by: java.lang.ClassNotFoundException: expect to get instruction without BasicBlock already set
	at org.evosuite.instrumentation.InstrumentingClassLoader.instrumentClass(InstrumentingClassLoader.java:158)
	at org.evosuite.instrumentation.InstrumentingClassLoader.loadClass(InstrumentingClassLoader.java:126)
	at org.evosuite.utils.generic.GenericClassImpl.getClass(GenericClassImpl.java:139)
	at org.evosuite.utils.generic.GenericClassImpl.getClass(GenericClassImpl.java:105)
	at org.evosuite.utils.generic.GenericClassImpl.readObject(GenericClassImpl.java:1671)
	at jdk.internal.reflect.GeneratedMethodAccessor9.invoke(Unknown Source)
	at java.base/jdk.internal.reflect.DelegatingMethodAccessorImpl.invoke(DelegatingMethodAccessorImpl.java:43)
	at java.base/java.lang.reflect.Method.invoke(Method.java:566)
	at java.base/java.io.ObjectStreamClass.invokeReadObject(ObjectStreamClass.java:1046)
	at java.base/java.io.ObjectInputStream.readSerialData(ObjectInputStream.java:2357)
	at java.base/java.io.ObjectInputStream.readOrdinaryObject(ObjectInputStream.java:2228)
	at java.base/java.io.ObjectInputStream.readObject0(ObjectInputStream.java:1687)
	at java.base/java.io.ObjectInputStream.defaultReadFields(ObjectInputStream.java:2496)
	at java.base/java.io.ObjectInputStream.readSerialData(ObjectInputStream.java:2390)
	at java.base/java.io.ObjectInputStream.readOrdinaryObject(ObjectInputStream.java:2228)
	at java.base/java.io.ObjectInputStream.readObject0(ObjectInputStream.java:1687)
	at java.base/java.io.ObjectInputStream.defaultReadFields(ObjectInputStream.java:2496)
	at java.base/java.io.ObjectInputStream.readSerialData(ObjectInputStream.java:2390)
	at java.base/java.io.ObjectInputStream.readOrdinaryObject(ObjectInputStream.java:2228)
	at java.base/java.io.ObjectInputStream.readObject0(ObjectInputStream.java:1687)
	at java.base/java.io.ObjectInputStream.readObject(ObjectInputStream.java:489)
	at java.base/java.io.ObjectInputStream.readObject(ObjectInputStream.java:447)
	at java.base/java.util.ArrayList.readObject(ArrayList.java:929)
	at java.base/jdk.internal.reflect.GeneratedMethodAccessor7.invoke(Unknown Source)
	at java.base/jdk.internal.reflect.DelegatingMethodAccessorImpl.invoke(DelegatingMethodAccessorImpl.java:43)
	at java.base/java.lang.reflect.Method.invoke(Method.java:566)
	at java.base/java.io.ObjectStreamClass.invokeReadObject(ObjectStreamClass.java:1046)
	at java.base/java.io.ObjectInputStream.readSerialData(ObjectInputStream.java:2357)
	at java.base/java.io.ObjectInputStream.readOrdinaryObject(ObjectInputStream.java:2228)
	at java.base/java.io.ObjectInputStream.readObject0(ObjectInputStream.java:1687)
	at java.base/java.io.ObjectInputStream.defaultReadFields(ObjectInputStream.java:2496)
	at java.base/java.io.ObjectInputStream.readSerialData(ObjectInputStream.java:2390)
	at java.base/java.io.ObjectInputStream.readOrdinaryObject(ObjectInputStream.java:2228)
	at java.base/java.io.ObjectInputStream.readObject0(ObjectInputStream.java:1687)
	at java.base/java.io.ObjectInputStream.defaultReadFields(ObjectInputStream.java:2496)
	at java.base/java.io.ObjectInputStream.defaultReadObject(ObjectInputStream.java:625)
	at org.evosuite.testcase.DefaultTestCase.readObject(DefaultTestCase.java:1217)
	at jdk.internal.reflect.GeneratedMethodAccessor16.invoke(Unknown Source)
	at java.base/jdk.internal.reflect.DelegatingMethodAccessorImpl.invoke(DelegatingMethodAccessorImpl.java:43)
	at java.base/java.lang.reflect.Method.invoke(Method.java:566)
	at java.base/java.io.ObjectStreamClass.invokeReadObject(ObjectStreamClass.java:1046)
	at java.base/java.io.ObjectInputStream.readSerialData(ObjectInputStream.java:2357)
	at java.base/java.io.ObjectInputStream.readOrdinaryObject(ObjectInputStream.java:2228)
	at java.base/java.io.ObjectInputStream.readObject0(ObjectInputStream.java:1687)
	at java.base/java.io.ObjectInputStream.defaultReadFields(ObjectInputStream.java:2496)
	at java.base/java.io.ObjectInputStream.readSerialData(ObjectInputStream.java:2390)
	at java.base/java.io.ObjectInputStream.readOrdinaryObject(ObjectInputStream.java:2228)
	at java.base/java.io.ObjectInputStream.readObject0(ObjectInputStream.java:1687)
	at java.base/java.io.ObjectInputStream.readObject(ObjectInputStream.java:489)
	at java.base/java.io.ObjectInputStream.readObject(ObjectInputStream.java:447)
	at java.base/java.util.ArrayList.readObject(ArrayList.java:929)
	at java.base/jdk.internal.reflect.GeneratedMethodAccessor7.invoke(Unknown Source)
	at java.base/jdk.internal.reflect.DelegatingMethodAccessorImpl.invoke(DelegatingMethodAccessorImpl.java:43)
	at java.base/java.lang.reflect.Method.invoke(Method.java:566)
	at java.base/java.io.ObjectStreamClass.invokeReadObject(ObjectStreamClass.java:1046)
	at java.base/java.io.ObjectInputStream.readSerialData(ObjectInputStream.java:2357)
	at java.base/java.io.ObjectInputStream.readOrdinaryObject(ObjectInputStream.java:2228)
	at java.base/java.io.ObjectInputStream.readObject0(ObjectInputStream.java:1687)
	at java.base/java.io.ObjectInputStream.defaultReadFields(ObjectInputStream.java:2496)
	at java.base/java.io.ObjectInputStream.readSerialData(ObjectInputStream.java:2390)
	at java.base/java.io.ObjectInputStream.readOrdinaryObject(ObjectInputStream.java:2228)
	at java.base/java.io.ObjectInputStream.readObject0(ObjectInputStream.java:1687)
	at java.base/java.io.ObjectInputStream.readObject(ObjectInputStream.java:489)
	at java.base/java.io.ObjectInputStream.readObject(ObjectInputStream.java:447)
	at java.rmi/sun.rmi.server.UnicastRef.unmarshalValue(UnicastRef.java:327)
	at java.rmi/sun.rmi.server.UnicastServerRef.dispatch(UnicastServerRef.java:339)
	... 12 common frames omitted
Caused by: java.lang.IllegalArgumentException: expect to get instruction without BasicBlock already set
	at org.evosuite.graphs.cfg.BasicBlock.appendInstruction(BasicBlock.java:225)
	at org.evosuite.graphs.cfg.BasicBlock.setInstructions(BasicBlock.java:206)
	at org.evosuite.graphs.cfg.BasicBlock.<init>(BasicBlock.java:106)
	at org.evosuite.graphs.cfg.RawControlFlowGraph.determineBasicBlockFor(RawControlFlowGraph.java:314)
	at org.evosuite.graphs.cfg.ActualControlFlowGraph.computeNodes(ActualControlFlowGraph.java:295)
	at org.evosuite.graphs.cfg.ActualControlFlowGraph.computeGraph(ActualControlFlowGraph.java:262)
	at org.evosuite.graphs.cfg.ActualControlFlowGraph.<init>(ActualControlFlowGraph.java:97)
	at org.evosuite.graphs.cfg.CFGGenerator.computeActualCFG(CFGGenerator.java:218)
	at org.evosuite.graphs.cfg.CFGGenerator.registerCFGs(CFGGenerator.java:102)
	at org.evosuite.graphs.cfg.CFGMethodAdapter.visitEnd(CFGMethodAdapter.java:219)
	at org.evosuite.shaded.org.objectweb.asm.MethodVisitor.visitEnd(MethodVisitor.java:783)
	at org.evosuite.shaded.org.objectweb.asm.MethodVisitor.visitEnd(MethodVisitor.java:783)
	at org.evosuite.shaded.org.objectweb.asm.MethodVisitor.visitEnd(MethodVisitor.java:783)
	at org.evosuite.shaded.org.objectweb.asm.tree.MethodNode.accept(MethodNode.java:772)
	at org.evosuite.shaded.org.objectweb.asm.tree.MethodNode.accept(MethodNode.java:649)
	at org.evosuite.shaded.org.objectweb.asm.tree.ClassNode.accept(ClassNode.java:452)
	at org.evosuite.instrumentation.BytecodeInstrumentation.transformBytes(BytecodeInstrumentation.java:282)
	at org.evosuite.instrumentation.InstrumentingClassLoader.getTransformedBytes(InstrumentingClassLoader.java:135)
	at org.evosuite.instrumentation.InstrumentingClassLoader.instrumentClass(InstrumentingClassLoader.java:149)
	... 77 common frames omitted
[Progress:>                             1%] [Cov:================>                  46%][Progress:>                             2%] [Cov:===============>                   45%][Progress:>                             2%] [Cov:================>                  46%]GWO iteration=2 bestFitness=956.6257901234703 population=50 a=1.96
========== GWO EVOLVE iteration=2 population=50 ==========
[Progress:>                             2%] [Cov:================>                  47%][Progress:>                             2%] [Cov:================>                  48%][Progress:>                             2%] [Cov:=================>                 49%][MASTER] 20:16:59.257 [logback-1] WARN  ClientNodeImpl - Cannot send statistics to master; continuing without statistics
java.rmi.ServerException: RemoteException occurred in server thread; nested exception is: 
	java.rmi.UnmarshalException: error unmarshalling arguments; nested exception is: 
	java.lang.ClassNotFoundException: expect to get instruction without BasicBlock already set
	at java.rmi/sun.rmi.server.UnicastServerRef.dispatch(UnicastServerRef.java:391)
	at java.rmi/sun.rmi.transport.Transport$1.run(Transport.java:200)
	at java.rmi/sun.rmi.transport.Transport$1.run(Transport.java:197)
	at java.base/java.security.AccessController.doPrivileged(Native Method)
	at java.rmi/sun.rmi.transport.Transport.serviceCall(Transport.java:196)
	at java.rmi/sun.rmi.transport.tcp.TCPTransport.handleMessages(TCPTransport.java:562)
	at java.rmi/sun.rmi.transport.tcp.TCPTransport$ConnectionHandler.run0(TCPTransport.java:796)
	at java.rmi/sun.rmi.transport.tcp.TCPTransport$ConnectionHandler.lambda$run$0(TCPTransport.java:677)
	at java.base/java.security.AccessController.doPrivileged(Native Method)
	at java.rmi/sun.rmi.transport.tcp.TCPTransport$ConnectionHandler.run(TCPTransport.java:676)
	at java.base/java.util.concurrent.ThreadPoolExecutor.runWorker(ThreadPoolExecutor.java:1128)
	at java.base/java.util.concurrent.ThreadPoolExecutor$Worker.run(ThreadPoolExecutor.java:628)
	at java.base/java.lang.Thread.run(Thread.java:829)
	at java.rmi/sun.rmi.transport.StreamRemoteCall.exceptionReceivedFromServer(StreamRemoteCall.java:303)
	at java.rmi/sun.rmi.transport.StreamRemoteCall.executeCall(StreamRemoteCall.java:279)
	at java.rmi/sun.rmi.server.UnicastRef.invoke(UnicastRef.java:164)
	at java.rmi/java.rmi.server.RemoteObjectInvocationHandler.invokeRemoteMethod(RemoteObjectInvocationHandler.java:217)
	at java.rmi/java.rmi.server.RemoteObjectInvocationHandler.invoke(RemoteObjectInvocationHandler.java:162)
	at com.sun.proxy.$Proxy7.evosuite_collectStatistics(Unknown Source)
	at org.evosuite.rmi.service.ClientNodeImpl.updateStatistics(ClientNodeImpl.java:251)
	at org.evosuite.statistics.StatisticsSender.sendIndividualToMaster(StatisticsSender.java:62)
	at org.evosuite.statistics.StatisticsListener.lambda$new$0(StatisticsListener.java:76)
	at java.base/java.lang.Thread.run(Thread.java:829)
Caused by: java.rmi.UnmarshalException: error unmarshalling arguments; nested exception is: 
	java.lang.ClassNotFoundException: expect to get instruction without BasicBlock already set
	at java.rmi/sun.rmi.server.UnicastServerRef.dispatch(UnicastServerRef.java:350)
	at java.rmi/sun.rmi.transport.Transport$1.run(Transport.java:200)
	at java.rmi/sun.rmi.transport.Transport$1.run(Transport.java:197)
	at java.base/java.security.AccessController.doPrivileged(Native Method)
	at java.rmi/sun.rmi.transport.Transport.serviceCall(Transport.java:196)
	at java.rmi/sun.rmi.transport.tcp.TCPTransport.handleMessages(TCPTransport.java:562)
	at java.rmi/sun.rmi.transport.tcp.TCPTransport$ConnectionHandler.run0(TCPTransport.java:796)
	at java.rmi/sun.rmi.transport.tcp.TCPTransport$ConnectionHandler.lambda$run$0(TCPTransport.java:677)
	at java.base/java.security.AccessController.doPrivileged(Native Method)
	at java.rmi/sun.rmi.transport.tcp.TCPTransport$ConnectionHandler.run(TCPTransport.java:676)
	at java.base/java.util.concurrent.ThreadPoolExecutor.runWorker(ThreadPoolExecutor.java:1128)
	at java.base/java.util.concurrent.ThreadPoolExecutor$Worker.run(ThreadPoolExecutor.java:628)
	... 1 common frames omitted
Caused by: java.lang.ClassNotFoundException: expect to get instruction without BasicBlock already set
	at org.evosuite.instrumentation.InstrumentingClassLoader.instrumentClass(InstrumentingClassLoader.java:158)
	at org.evosuite.instrumentation.InstrumentingClassLoader.loadClass(InstrumentingClassLoader.java:126)
	at org.evosuite.utils.generic.GenericClassImpl.getClass(GenericClassImpl.java:139)
	at org.evosuite.utils.generic.GenericClassImpl.getClass(GenericClassImpl.java:105)
	at org.evosuite.utils.generic.GenericClassImpl.readObject(GenericClassImpl.java:1671)
	at jdk.internal.reflect.GeneratedMethodAccessor9.invoke(Unknown Source)
	at java.base/jdk.internal.reflect.DelegatingMethodAccessorImpl.invoke(DelegatingMethodAccessorImpl.java:43)
	at java.base/java.lang.reflect.Method.invoke(Method.java:566)
	at java.base/java.io.ObjectStreamClass.invokeReadObject(ObjectStreamClass.java:1046)
	at java.base/java.io.ObjectInputStream.readSerialData(ObjectInputStream.java:2357)
	at java.base/java.io.ObjectInputStream.readOrdinaryObject(ObjectInputStream.java:2228)
	at java.base/java.io.ObjectInputStream.readObject0(ObjectInputStream.java:1687)
	at java.base/java.io.ObjectInputStream.defaultReadFields(ObjectInputStream.java:2496)
	at java.base/java.io.ObjectInputStream.readSerialData(ObjectInputStream.java:2390)
	at java.base/java.io.ObjectInputStream.readOrdinaryObject(ObjectInputStream.java:2228)
	at java.base/java.io.ObjectInputStream.readObject0(ObjectInputStream.java:1687)
	at java.base/java.io.ObjectInputStream.defaultReadFields(ObjectInputStream.java:2496)
	at java.base/java.io.ObjectInputStream.readSerialData(ObjectInputStream.java:2390)
	at java.base/java.io.ObjectInputStream.readOrdinaryObject(ObjectInputStream.java:2228)
	at java.base/java.io.ObjectInputStream.readObject0(ObjectInputStream.java:1687)
	at java.base/java.io.ObjectInputStream.readObject(ObjectInputStream.java:489)
	at java.base/java.io.ObjectInputStream.readObject(ObjectInputStream.java:447)
	at java.base/java.util.ArrayList.readObject(ArrayList.java:929)
	at java.base/jdk.internal.reflect.GeneratedMethodAccessor7.invoke(Unknown Source)
	at java.base/jdk.internal.reflect.DelegatingMethodAccessorImpl.invoke(DelegatingMethodAccessorImpl.java:43)
	at java.base/java.lang.reflect.Method.invoke(Method.java:566)
	at java.base/java.io.ObjectStreamClass.invokeReadObject(ObjectStreamClass.java:1046)
	at java.base/java.io.ObjectInputStream.readSerialData(ObjectInputStream.java:2357)
	at java.base/java.io.ObjectInputStream.readOrdinaryObject(ObjectInputStream.java:2228)
	at java.base/java.io.ObjectInputStream.readObject0(ObjectInputStream.java:1687)
	at java.base/java.io.ObjectInputStream.defaultReadFields(ObjectInputStream.java:2496)
	at java.base/java.io.ObjectInputStream.readSerialData(ObjectInputStream.java:2390)
	at java.base/java.io.ObjectInputStream.readOrdinaryObject(ObjectInputStream.java:2228)
	at java.base/java.io.ObjectInputStream.readObject0(ObjectInputStream.java:1687)
	at java.base/java.io.ObjectInputStream.defaultReadFields(ObjectInputStream.java:2496)
	at java.base/java.io.ObjectInputStream.defaultReadObject(ObjectInputStream.java:625)
	at org.evosuite.testcase.DefaultTestCase.readObject(DefaultTestCase.java:1217)
	at jdk.internal.reflect.GeneratedMethodAccessor16.invoke(Unknown Source)
	at java.base/jdk.internal.reflect.DelegatingMethodAccessorImpl.invoke(DelegatingMethodAccessorImpl.java:43)
	at java.base/java.lang.reflect.Method.invoke(Method.java:566)
	at java.base/java.io.ObjectStreamClass.invokeReadObject(ObjectStreamClass.java:1046)
	at java.base/java.io.ObjectInputStream.readSerialData(ObjectInputStream.java:2357)
	at java.base/java.io.ObjectInputStream.readOrdinaryObject(ObjectInputStream.java:2228)
	at java.base/java.io.ObjectInputStream.readObject0(ObjectInputStream.java:1687)
	at java.base/java.io.ObjectInputStream.defaultReadFields(ObjectInputStream.java:2496)
	at java.base/java.io.ObjectInputStream.readSerialData(ObjectInputStream.java:2390)
	at java.base/java.io.ObjectInputStream.readOrdinaryObject(ObjectInputStream.java:2228)
	at java.base/java.io.ObjectInputStream.readObject0(ObjectInputStream.java:1687)
	at java.base/java.io.ObjectInputStream.readObject(ObjectInputStream.java:489)
	at java.base/java.io.ObjectInputStream.readObject(ObjectInputStream.java:447)
	at java.base/java.util.ArrayList.readObject(ArrayList.java:929)
	at java.base/jdk.internal.reflect.GeneratedMethodAccessor7.invoke(Unknown Source)
	at java.base/jdk.internal.reflect.DelegatingMethodAccessorImpl.invoke(DelegatingMethodAccessorImpl.java:43)
	at java.base/java.lang.reflect.Method.invoke(Method.java:566)
	at java.base/java.io.ObjectStreamClass.invokeReadObject(ObjectStreamClass.java:1046)
	at java.base/java.io.ObjectInputStream.readSerialData(ObjectInputStream.java:2357)
	at java.base/java.io.ObjectInputStream.readOrdinaryObject(ObjectInputStream.java:2228)
	at java.base/java.io.ObjectInputStream.readObject0(ObjectInputStream.java:1687)
	at java.base/java.io.ObjectInputStream.defaultReadFields(ObjectInputStream.java:2496)
	at java.base/java.io.ObjectInputStream.readSerialData(ObjectInputStream.java:2390)
	at java.base/java.io.ObjectInputStream.readOrdinaryObject(ObjectInputStream.java:2228)
	at java.base/java.io.ObjectInputStream.readObject0(ObjectInputStream.java:1687)
	at java.base/java.io.ObjectInputStream.readObject(ObjectInputStream.java:489)
	at java.base/java.io.ObjectInputStream.readObject(ObjectInputStream.java:447)
	at java.rmi/sun.rmi.server.UnicastRef.unmarshalValue(UnicastRef.java:327)
	at java.rmi/sun.rmi.server.UnicastServerRef.dispatch(UnicastServerRef.java:339)
	... 12 common frames omitted
Caused by: java.lang.IllegalArgumentException: expect to get instruction without BasicBlock already set
	at org.evosuite.graphs.cfg.BasicBlock.appendInstruction(BasicBlock.java:225)
	at org.evosuite.graphs.cfg.BasicBlock.setInstructions(BasicBlock.java:206)
	at org.evosuite.graphs.cfg.BasicBlock.<init>(BasicBlock.java:106)
	at org.evosuite.graphs.cfg.RawControlFlowGraph.determineBasicBlockFor(RawControlFlowGraph.java:314)
	at org.evosuite.graphs.cfg.ActualControlFlowGraph.computeNodes(ActualControlFlowGraph.java:295)
	at org.evosuite.graphs.cfg.ActualControlFlowGraph.computeGraph(ActualControlFlowGraph.java:262)
	at org.evosuite.graphs.cfg.ActualControlFlowGraph.<init>(ActualControlFlowGraph.java:97)
	at org.evosuite.graphs.cfg.CFGGenerator.computeActualCFG(CFGGenerator.java:218)
	at org.evosuite.graphs.cfg.CFGGenerator.registerCFGs(CFGGenerator.java:102)
	at org.evosuite.graphs.cfg.CFGMethodAdapter.visitEnd(CFGMethodAdapter.java:219)
	at org.evosuite.shaded.org.objectweb.asm.MethodVisitor.visitEnd(MethodVisitor.java:783)
	at org.evosuite.shaded.org.objectweb.asm.MethodVisitor.visitEnd(MethodVisitor.java:783)
	at org.evosuite.shaded.org.objectweb.asm.MethodVisitor.visitEnd(MethodVisitor.java:783)
	at org.evosuite.shaded.org.objectweb.asm.tree.MethodNode.accept(MethodNode.java:772)
	at org.evosuite.shaded.org.objectweb.asm.tree.MethodNode.accept(MethodNode.java:649)
	at org.evosuite.shaded.org.objectweb.asm.tree.ClassNode.accept(ClassNode.java:452)
	at org.evosuite.instrumentation.BytecodeInstrumentation.transformBytes(BytecodeInstrumentation.java:282)
	at org.evosuite.instrumentation.InstrumentingClassLoader.getTransformedBytes(InstrumentingClassLoader.java:135)
	at org.evosuite.instrumentation.InstrumentingClassLoader.instrumentClass(InstrumentingClassLoader.java:149)
	... 77 common frames omitted
[Progress:>                             2%] [Cov:=================>                 50%][Progress:>                             2%] [Cov:=================>                 51%][Progress:>                             2%] [Cov:==================>                52%][Progress:>                             2%] [Cov:==================>                53%][Progress:>                             2%] [Cov:==================>                54%][Progress:>                             2%] [Cov:==================>                54%]GWO iteration=3 bestFitness=780.4910283757415 population=50 a=1.94
========== GWO EVOLVE iteration=3 population=50 ==========
[Progress:>                             3%] [Cov:=================>                 49%][Progress:>                             3%] [Cov:==================>                54%][MASTER] 20:17:00.112 [logback-1] WARN  ClientNodeImpl - Cannot send statistics to master; continuing without statistics
java.rmi.ServerException: RemoteException occurred in server thread; nested exception is: 
	java.rmi.UnmarshalException: error unmarshalling arguments; nested exception is: 
	java.lang.ClassNotFoundException: expect to get instruction without BasicBlock already set
	at java.rmi/sun.rmi.server.UnicastServerRef.dispatch(UnicastServerRef.java:391)
	at java.rmi/sun.rmi.transport.Transport$1.run(Transport.java:200)
	at java.rmi/sun.rmi.transport.Transport$1.run(Transport.java:197)
	at java.base/java.security.AccessController.doPrivileged(Native Method)
	at java.rmi/sun.rmi.transport.Transport.serviceCall(Transport.java:196)
	at java.rmi/sun.rmi.transport.tcp.TCPTransport.handleMessages(TCPTransport.java:562)
	at java.rmi/sun.rmi.transport.tcp.TCPTransport$ConnectionHandler.run0(TCPTransport.java:796)
	at java.rmi/sun.rmi.transport.tcp.TCPTransport$ConnectionHandler.lambda$run$0(TCPTransport.java:677)
	at java.base/java.security.AccessController.doPrivileged(Native Method)
	at java.rmi/sun.rmi.transport.tcp.TCPTransport$ConnectionHandler.run(TCPTransport.java:676)
	at java.base/java.util.concurrent.ThreadPoolExecutor.runWorker(ThreadPoolExecutor.java:1128)
	at java.base/java.util.concurrent.ThreadPoolExecutor$Worker.run(ThreadPoolExecutor.java:628)
	at java.base/java.lang.Thread.run(Thread.java:829)
	at java.rmi/sun.rmi.transport.StreamRemoteCall.exceptionReceivedFromServer(StreamRemoteCall.java:303)
	at java.rmi/sun.rmi.transport.StreamRemoteCall.executeCall(StreamRemoteCall.java:279)
	at java.rmi/sun.rmi.server.UnicastRef.invoke(UnicastRef.java:164)
	at java.rmi/java.rmi.server.RemoteObjectInvocationHandler.invokeRemoteMethod(RemoteObjectInvocationHandler.java:217)
	at java.rmi/java.rmi.server.RemoteObjectInvocationHandler.invoke(RemoteObjectInvocationHandler.java:162)
	at com.sun.proxy.$Proxy7.evosuite_collectStatistics(Unknown Source)
	at org.evosuite.rmi.service.ClientNodeImpl.updateStatistics(ClientNodeImpl.java:251)
	at org.evosuite.statistics.StatisticsSender.sendIndividualToMaster(StatisticsSender.java:62)
	at org.evosuite.statistics.StatisticsListener.lambda$new$0(StatisticsListener.java:76)
	at java.base/java.lang.Thread.run(Thread.java:829)
Caused by: java.rmi.UnmarshalException: error unmarshalling arguments; nested exception is: 
	java.lang.ClassNotFoundException: expect to get instruction without BasicBlock already set
	at java.rmi/sun.rmi.server.UnicastServerRef.dispatch(UnicastServerRef.java:350)
	at java.rmi/sun.rmi.transport.Transport$1.run(Transport.java:200)
	at java.rmi/sun.rmi.transport.Transport$1.run(Transport.java:197)
	at java.base/java.security.AccessController.doPrivileged(Native Method)
	at java.rmi/sun.rmi.transport.Transport.serviceCall(Transport.java:196)
	at java.rmi/sun.rmi.transport.tcp.TCPTransport.handleMessages(TCPTransport.java:562)
	at java.rmi/sun.rmi.transport.tcp.TCPTransport$ConnectionHandler.run0(TCPTransport.java:796)
	at java.rmi/sun.rmi.transport.tcp.TCPTransport$ConnectionHandler.lambda$run$0(TCPTransport.java:677)
	at java.base/java.security.AccessController.doPrivileged(Native Method)
	at java.rmi/sun.rmi.transport.tcp.TCPTransport$ConnectionHandler.run(TCPTransport.java:676)
	at java.base/java.util.concurrent.ThreadPoolExecutor.runWorker(ThreadPoolExecutor.java:1128)
	at java.base/java.util.concurrent.ThreadPoolExecutor$Worker.run(ThreadPoolExecutor.java:628)
	... 1 common frames omitted
Caused by: java.lang.ClassNotFoundException: expect to get instruction without BasicBlock already set
	at org.evosuite.instrumentation.InstrumentingClassLoader.instrumentClass(InstrumentingClassLoader.java:158)
	at org.evosuite.instrumentation.InstrumentingClassLoader.loadClass(InstrumentingClassLoader.java:126)
	at org.evosuite.utils.generic.GenericClassImpl.getClass(GenericClassImpl.java:139)
	at org.evosuite.utils.generic.GenericClassImpl.getClass(GenericClassImpl.java:105)
	at org.evosuite.utils.generic.GenericClassImpl.readObject(GenericClassImpl.java:1671)
	at jdk.internal.reflect.GeneratedMethodAccessor9.invoke(Unknown Source)
	at java.base/jdk.internal.reflect.DelegatingMethodAccessorImpl.invoke(DelegatingMethodAccessorImpl.java:43)
	at java.base/java.lang.reflect.Method.invoke(Method.java:566)
	at java.base/java.io.ObjectStreamClass.invokeReadObject(ObjectStreamClass.java:1046)
	at java.base/java.io.ObjectInputStream.readSerialData(ObjectInputStream.java:2357)
	at java.base/java.io.ObjectInputStream.readOrdinaryObject(ObjectInputStream.java:2228)
	at java.base/java.io.ObjectInputStream.readObject0(ObjectInputStream.java:1687)
	at java.base/java.io.ObjectInputStream.defaultReadFields(ObjectInputStream.java:2496)
	at java.base/java.io.ObjectInputStream.readSerialData(ObjectInputStream.java:2390)
	at java.base/java.io.ObjectInputStream.readOrdinaryObject(ObjectInputStream.java:2228)
	at java.base/java.io.ObjectInputStream.readObject0(ObjectInputStream.java:1687)
	at java.base/java.io.ObjectInputStream.defaultReadFields(ObjectInputStream.java:2496)
	at java.base/java.io.ObjectInputStream.readSerialData(ObjectInputStream.java:2390)
	at java.base/java.io.ObjectInputStream.readOrdinaryObject(ObjectInputStream.java:2228)
	at java.base/java.io.ObjectInputStream.readObject0(ObjectInputStream.java:1687)
	at java.base/java.io.ObjectInputStream.readObject(ObjectInputStream.java:489)
	at java.base/java.io.ObjectInputStream.readObject(ObjectInputStream.java:447)
	at java.base/java.util.ArrayList.readObject(ArrayList.java:929)
	at java.base/jdk.internal.reflect.GeneratedMethodAccessor7.invoke(Unknown Source)
	at java.base/jdk.internal.reflect.DelegatingMethodAccessorImpl.invoke(DelegatingMethodAccessorImpl.java:43)
	at java.base/java.lang.reflect.Method.invoke(Method.java:566)
	at java.base/java.io.ObjectStreamClass.invokeReadObject(ObjectStreamClass.java:1046)
	at java.base/java.io.ObjectInputStream.readSerialData(ObjectInputStream.java:2357)
	at java.base/java.io.ObjectInputStream.readOrdinaryObject(ObjectInputStream.java:2228)
	at java.base/java.io.ObjectInputStream.readObject0(ObjectInputStream.java:1687)
	at java.base/java.io.ObjectInputStream.defaultReadFields(ObjectInputStream.java:2496)
	at java.base/java.io.ObjectInputStream.readSerialData(ObjectInputStream.java:2390)
	at java.base/java.io.ObjectInputStream.readOrdinaryObject(ObjectInputStream.java:2228)
	at java.base/java.io.ObjectInputStream.readObject0(ObjectInputStream.java:1687)
	at java.base/java.io.ObjectInputStream.defaultReadFields(ObjectInputStream.java:2496)
	at java.base/java.io.ObjectInputStream.defaultReadObject(ObjectInputStream.java:625)
	at org.evosuite.testcase.DefaultTestCase.readObject(DefaultTestCase.java:1217)
	at jdk.internal.reflect.GeneratedMethodAccessor16.invoke(Unknown Source)
	at java.base/jdk.internal.reflect.DelegatingMethodAccessorImpl.invoke(DelegatingMethodAccessorImpl.java:43)
	at java.base/java.lang.reflect.Method.invoke(Method.java:566)
	at java.base/java.io.ObjectStreamClass.invokeReadObject(ObjectStreamClass.java:1046)
	at java.base/java.io.ObjectInputStream.readSerialData(ObjectInputStream.java:2357)
	at java.base/java.io.ObjectInputStream.readOrdinaryObject(ObjectInputStream.java:2228)
	at java.base/java.io.ObjectInputStream.readObject0(ObjectInputStream.java:1687)
	at java.base/java.io.ObjectInputStream.defaultReadFields(ObjectInputStream.java:2496)
	at java.base/java.io.ObjectInputStream.readSerialData(ObjectInputStream.java:2390)
	at java.base/java.io.ObjectInputStream.readOrdinaryObject(ObjectInputStream.java:2228)
	at java.base/java.io.ObjectInputStream.readObject0(ObjectInputStream.java:1687)
	at java.base/java.io.ObjectInputStream.readObject(ObjectInputStream.java:489)
	at java.base/java.io.ObjectInputStream.readObject(ObjectInputStream.java:447)
	at java.base/java.util.ArrayList.readObject(ArrayList.java:929)
	at java.base/jdk.internal.reflect.GeneratedMethodAccessor7.invoke(Unknown Source)
	at java.base/jdk.internal.reflect.DelegatingMethodAccessorImpl.invoke(DelegatingMethodAccessorImpl.java:43)
	at java.base/java.lang.reflect.Method.invoke(Method.java:566)
	at java.base/java.io.ObjectStreamClass.invokeReadObject(ObjectStreamClass.java:1046)
	at java.base/java.io.ObjectInputStream.readSerialData(ObjectInputStream.java:2357)
	at java.base/java.io.ObjectInputStream.readOrdinaryObject(ObjectInputStream.java:2228)
	at java.base/java.io.ObjectInputStream.readObject0(ObjectInputStream.java:1687)
	at java.base/java.io.ObjectInputStream.defaultReadFields(ObjectInputStream.java:2496)
	at java.base/java.io.ObjectInputStream.readSerialData(ObjectInputStream.java:2390)
	at java.base/java.io.ObjectInputStream.readOrdinaryObject(ObjectInputStream.java:2228)
	at java.base/java.io.ObjectInputStream.readObject0(ObjectInputStream.java:1687)
	at java.base/java.io.ObjectInputStream.readObject(ObjectInputStream.java:489)
	at java.base/java.io.ObjectInputStream.readObject(ObjectInputStream.java:447)
	at java.rmi/sun.rmi.server.UnicastRef.unmarshalValue(UnicastRef.java:327)
	at java.rmi/sun.rmi.server.UnicastServerRef.dispatch(UnicastServerRef.java:339)
	... 12 common frames omitted
Caused by: java.lang.IllegalArgumentException: expect to get instruction without BasicBlock already set
	at org.evosuite.graphs.cfg.BasicBlock.appendInstruction(BasicBlock.java:225)
	at org.evosuite.graphs.cfg.BasicBlock.setInstructions(BasicBlock.java:206)
	at org.evosuite.graphs.cfg.BasicBlock.<init>(BasicBlock.java:106)
	at org.evosuite.graphs.cfg.RawControlFlowGraph.determineBasicBlockFor(RawControlFlowGraph.java:314)
	at org.evosuite.graphs.cfg.ActualControlFlowGraph.computeNodes(ActualControlFlowGraph.java:295)
	at org.evosuite.graphs.cfg.ActualControlFlowGraph.computeGraph(ActualControlFlowGraph.java:262)
	at org.evosuite.graphs.cfg.ActualControlFlowGraph.<init>(ActualControlFlowGraph.java:97)
	at org.evosuite.graphs.cfg.CFGGenerator.computeActualCFG(CFGGenerator.java:218)
	at org.evosuite.graphs.cfg.CFGGenerator.registerCFGs(CFGGenerator.java:102)
	at org.evosuite.graphs.cfg.CFGMethodAdapter.visitEnd(CFGMethodAdapter.java:219)
	at org.evosuite.shaded.org.objectweb.asm.MethodVisitor.visitEnd(MethodVisitor.java:783)
	at org.evosuite.shaded.org.objectweb.asm.MethodVisitor.visitEnd(MethodVisitor.java:783)
	at org.evosuite.shaded.org.objectweb.asm.MethodVisitor.visitEnd(MethodVisitor.java:783)
	at org.evosuite.shaded.org.objectweb.asm.tree.MethodNode.accept(MethodNode.java:772)
	at org.evosuite.shaded.org.objectweb.asm.tree.MethodNode.accept(MethodNode.java:649)
	at org.evosuite.shaded.org.objectweb.asm.tree.ClassNode.accept(ClassNode.java:452)
	at org.evosuite.instrumentation.BytecodeInstrumentation.transformBytes(BytecodeInstrumentation.java:282)
	at org.evosuite.instrumentation.InstrumentingClassLoader.getTransformedBytes(InstrumentingClassLoader.java:135)
	at org.evosuite.instrumentation.InstrumentingClassLoader.instrumentClass(InstrumentingClassLoader.java:149)
	... 77 common frames omitted
[Progress:>                             3%] [Cov:==================>                54%]GWO iteration=4 bestFitness=778.4910283757415 population=50 a=1.92
========== GWO EVOLVE iteration=4 population=50 ==========
[Progress:>                             3%] [Cov:===================>               55%][Progress:>                             3%] [Cov:===================>               56%][Progress:>                             3%] [Cov:===================>               57%][Progress:=>                            4%] [Cov:==============>                    40%][Progress:=>                            4%] [Cov:==============>                    41%][Progress:=>                            4%] [Cov:==================>                54%][Progress:=>                            4%] [Cov:===================>               55%]GWO iteration=5 bestFitness=731.4908689242546 population=50 a=1.9
[Progress:=>                            4%] [Cov:===================>               57%][MASTER] 20:17:01.067 [logback-1] WARN  ClientNodeImpl - Cannot send statistics to master; continuing without statistics
java.rmi.ServerException: RemoteException occurred in server thread; nested exception is: 
	java.rmi.UnmarshalException: error unmarshalling arguments; nested exception is: 
	java.lang.ClassNotFoundException: expect to get instruction without BasicBlock already set
	at java.rmi/sun.rmi.server.UnicastServerRef.dispatch(UnicastServerRef.java:391)
	at java.rmi/sun.rmi.transport.Transport$1.run(Transport.java:200)
	at java.rmi/sun.rmi.transport.Transport$1.run(Transport.java:197)
	at java.base/java.security.AccessController.doPrivileged(Native Method)
	at java.rmi/sun.rmi.transport.Transport.serviceCall(Transport.java:196)
	at java.rmi/sun.rmi.transport.tcp.TCPTransport.handleMessages(TCPTransport.java:562)
	at java.rmi/sun.rmi.transport.tcp.TCPTransport$ConnectionHandler.run0(TCPTransport.java:796)
	at java.rmi/sun.rmi.transport.tcp.TCPTransport$ConnectionHandler.lambda$run$0(TCPTransport.java:677)
	at java.base/java.security.AccessController.doPrivileged(Native Method)
	at java.rmi/sun.rmi.transport.tcp.TCPTransport$ConnectionHandler.run(TCPTransport.java:676)
	at java.base/java.util.concurrent.ThreadPoolExecutor.runWorker(ThreadPoolExecutor.java:1128)
	at java.base/java.util.concurrent.ThreadPoolExecutor$Worker.run(ThreadPoolExecutor.java:628)
	at java.base/java.lang.Thread.run(Thread.java:829)
	at java.rmi/sun.rmi.transport.StreamRemoteCall.exceptionReceivedFromServer(StreamRemoteCall.java:303)
	at java.rmi/sun.rmi.transport.StreamRemoteCall.executeCall(StreamRemoteCall.java:279)
	at java.rmi/sun.rmi.server.UnicastRef.invoke(UnicastRef.java:164)
	at java.rmi/java.rmi.server.RemoteObjectInvocationHandler.invokeRemoteMethod(RemoteObjectInvocationHandler.java:217)
	at java.rmi/java.rmi.server.RemoteObjectInvocationHandler.invoke(RemoteObjectInvocationHandler.java:162)
	at com.sun.proxy.$Proxy7.evosuite_collectStatistics(Unknown Source)
	at org.evosuite.rmi.service.ClientNodeImpl.updateStatistics(ClientNodeImpl.java:251)
	at org.evosuite.statistics.StatisticsSender.sendIndividualToMaster(StatisticsSender.java:62)
	at org.evosuite.statistics.StatisticsListener.lambda$new$0(StatisticsListener.java:76)
	at java.base/java.lang.Thread.run(Thread.java:829)
Caused by: java.rmi.UnmarshalException: error unmarshalling arguments; nested exception is: 
	java.lang.ClassNotFoundException: expect to get instruction without BasicBlock already set
	at java.rmi/sun.rmi.server.UnicastServerRef.dispatch(UnicastServerRef.java:350)
	at java.rmi/sun.rmi.transport.Transport$1.run(Transport.java:200)
	at java.rmi/sun.rmi.transport.Transport$1.run(Transport.java:197)
	at java.base/java.security.AccessController.doPrivileged(Native Method)
	at java.rmi/sun.rmi.transport.Transport.serviceCall(Transport.java:196)
	at java.rmi/sun.rmi.transport.tcp.TCPTransport.handleMessages(TCPTransport.java:562)
	at java.rmi/sun.rmi.transport.tcp.TCPTransport$ConnectionHandler.run0(TCPTransport.java:796)
	at java.rmi/sun.rmi.transport.tcp.TCPTransport$ConnectionHandler.lambda$run$0(TCPTransport.java:677)
	at java.base/java.security.AccessController.doPrivileged(Native Method)
	at java.rmi/sun.rmi.transport.tcp.TCPTransport$ConnectionHandler.run(TCPTransport.java:676)
	at java.base/java.util.concurrent.ThreadPoolExecutor.runWorker(ThreadPoolExecutor.java:1128)
	at java.base/java.util.concurrent.ThreadPoolExecutor$Worker.run(ThreadPoolExecutor.java:628)
	... 1 common frames omitted
Caused by: java.lang.ClassNotFoundException: expect to get instruction without BasicBlock already set
	at org.evosuite.instrumentation.InstrumentingClassLoader.instrumentClass(InstrumentingClassLoader.java:158)
	at org.evosuite.instrumentation.InstrumentingClassLoader.loadClass(InstrumentingClassLoader.java:126)
	at org.evosuite.utils.generic.GenericClassImpl.getClass(GenericClassImpl.java:139)
	at org.evosuite.utils.generic.GenericClassImpl.getClass(GenericClassImpl.java:105)
	at org.evosuite.utils.generic.GenericClassImpl.readObject(GenericClassImpl.java:1671)
	at jdk.internal.reflect.GeneratedMethodAccessor9.invoke(Unknown Source)
	at java.base/jdk.internal.reflect.DelegatingMethodAccessorImpl.invoke(DelegatingMethodAccessorImpl.java:43)
	at java.base/java.lang.reflect.Method.invoke(Method.java:566)
	at java.base/java.io.ObjectStreamClass.invokeReadObject(ObjectStreamClass.java:1046)
	at java.base/java.io.ObjectInputStream.readSerialData(ObjectInputStream.java:2357)
	at java.base/java.io.ObjectInputStream.readOrdinaryObject(ObjectInputStream.java:2228)
	at java.base/java.io.ObjectInputStream.readObject0(ObjectInputStream.java:1687)
	at java.base/java.io.ObjectInputStream.defaultReadFields(ObjectInputStream.java:2496)
	at java.base/java.io.ObjectInputStream.readSerialData(ObjectInputStream.java:2390)
	at java.base/java.io.ObjectInputStream.readOrdinaryObject(ObjectInputStream.java:2228)
	at java.base/java.io.ObjectInputStream.readObject0(ObjectInputStream.java:1687)
	at java.base/java.io.ObjectInputStream.defaultReadFields(ObjectInputStream.java:2496)
	at java.base/java.io.ObjectInputStream.readSerialData(ObjectInputStream.java:2390)
	at java.base/java.io.ObjectInputStream.readOrdinaryObject(ObjectInputStream.java:2228)
	at java.base/java.io.ObjectInputStream.readObject0(ObjectInputStream.java:1687)
	at java.base/java.io.ObjectInputStream.readObject(ObjectInputStream.java:489)
	at java.base/java.io.ObjectInputStream.readObject(ObjectInputStream.java:447)
	at java.base/java.util.ArrayList.readObject(ArrayList.java:929)
	at java.base/jdk.internal.reflect.GeneratedMethodAccessor7.invoke(Unknown Source)
	at java.base/jdk.internal.reflect.DelegatingMethodAccessorImpl.invoke(DelegatingMethodAccessorImpl.java:43)
	at java.base/java.lang.reflect.Method.invoke(Method.java:566)
	at java.base/java.io.ObjectStreamClass.invokeReadObject(ObjectStreamClass.java:1046)
	at java.base/java.io.ObjectInputStream.readSerialData(ObjectInputStream.java:2357)
	at java.base/java.io.ObjectInputStream.readOrdinaryObject(ObjectInputStream.java:2228)
	at java.base/java.io.ObjectInputStream.readObject0(ObjectInputStream.java:1687)
	at java.base/java.io.ObjectInputStream.defaultReadFields(ObjectInputStream.java:2496)
	at java.base/java.io.ObjectInputStream.readSerialData(ObjectInputStream.java:2390)
	at java.base/java.io.ObjectInputStream.readOrdinaryObject(ObjectInputStream.java:2228)
	at java.base/java.io.ObjectInputStream.readObject0(ObjectInputStream.java:1687)
	at java.base/java.io.ObjectInputStream.defaultReadFields(ObjectInputStream.java:2496)
	at java.base/java.io.ObjectInputStream.defaultReadObject(ObjectInputStream.java:625)
	at org.evosuite.testcase.DefaultTestCase.readObject(DefaultTestCase.java:1217)
	at jdk.internal.reflect.GeneratedMethodAccessor16.invoke(Unknown Source)
	at java.base/jdk.internal.reflect.DelegatingMethodAccessorImpl.invoke(DelegatingMethodAccessorImpl.java:43)
	at java.base/java.lang.reflect.Method.invoke(Method.java:566)
	at java.base/java.io.ObjectStreamClass.invokeReadObject(ObjectStreamClass.java:1046)
	at java.base/java.io.ObjectInputStream.readSerialData(ObjectInputStream.java:2357)
	at java.base/java.io.ObjectInputStream.readOrdinaryObject(ObjectInputStream.java:2228)
	at java.base/java.io.ObjectInputStream.readObject0(ObjectInputStream.java:1687)
	at java.base/java.io.ObjectInputStream.defaultReadFields(ObjectInputStream.java:2496)
	at java.base/java.io.ObjectInputStream.readSerialData(ObjectInputStream.java:2390)
	at java.base/java.io.ObjectInputStream.readOrdinaryObject(ObjectInputStream.java:2228)
	at java.base/java.io.ObjectInputStream.readObject0(ObjectInputStream.java:1687)
	at java.base/java.io.ObjectInputStream.readObject(ObjectInputStream.java:489)
	at java.base/java.io.ObjectInputStream.readObject(ObjectInputStream.java:447)
	at java.base/java.util.ArrayList.readObject(ArrayList.java:929)
	at java.base/jdk.internal.reflect.GeneratedMethodAccessor7.invoke(Unknown Source)
	at java.base/jdk.internal.reflect.DelegatingMethodAccessorImpl.invoke(DelegatingMethodAccessorImpl.java:43)
	at java.base/java.lang.reflect.Method.invoke(Method.java:566)
	at java.base/java.io.ObjectStreamClass.invokeReadObject(ObjectStreamClass.java:1046)
	at java.base/java.io.ObjectInputStream.readSerialData(ObjectInputStream.java:2357)
	at java.base/java.io.ObjectInputStream.readOrdinaryObject(ObjectInputStream.java:2228)
	at java.base/java.io.ObjectInputStream.readObject0(ObjectInputStream.java:1687)
	at java.base/java.io.ObjectInputStream.defaultReadFields(ObjectInputStream.java:2496)
	at java.base/java.io.ObjectInputStream.readSerialData(ObjectInputStream.java:2390)
	at java.base/java.io.ObjectInputStream.readOrdinaryObject(ObjectInputStream.java:2228)
	at java.base/java.io.ObjectInputStream.readObject0(ObjectInputStream.java:1687)
	at java.base/java.io.ObjectInputStream.readObject(ObjectInputStream.java:489)
	at java.base/java.io.ObjectInputStream.readObject(ObjectInputStream.java:447)
	at java.rmi/sun.rmi.server.UnicastRef.unmarshalValue(UnicastRef.java:327)
	at java.rmi/sun.rmi.server.UnicastServerRef.dispatch(UnicastServerRef.java:339)
	... 12 common frames omitted
Caused by: java.lang.IllegalArgumentException: expect to get instruction without BasicBlock already set
	at org.evosuite.graphs.cfg.BasicBlock.appendInstruction(BasicBlock.java:225)
	at org.evosuite.graphs.cfg.BasicBlock.setInstructions(BasicBlock.java:206)
	at org.evosuite.graphs.cfg.BasicBlock.<init>(BasicBlock.java:106)
	at org.evosuite.graphs.cfg.RawControlFlowGraph.determineBasicBlockFor(RawControlFlowGraph.java:314)
	at org.evosuite.graphs.cfg.ActualControlFlowGraph.computeNodes(ActualControlFlowGraph.java:295)
	at org.evosuite.graphs.cfg.ActualControlFlowGraph.computeGraph(ActualControlFlowGraph.java:262)
	at org.evosuite.graphs.cfg.ActualControlFlowGraph.<init>(ActualControlFlowGraph.java:97)
	at org.evosuite.graphs.cfg.CFGGenerator.computeActualCFG(CFGGenerator.java:218)
	at org.evosuite.graphs.cfg.CFGGenerator.registerCFGs(CFGGenerator.java:102)
	at org.evosuite.graphs.cfg.CFGMethodAdapter.visitEnd(CFGMethodAdapter.java:219)
	at org.evosuite.shaded.org.objectweb.asm.MethodVisitor.visitEnd(MethodVisitor.java:783)
	at org.evosuite.shaded.org.objectweb.asm.MethodVisitor.visitEnd(MethodVisitor.java:783)
	at org.evosuite.shaded.org.objectweb.asm.MethodVisitor.visitEnd(MethodVisitor.java:783)
	at org.evosuite.shaded.org.objectweb.asm.tree.MethodNode.accept(MethodNode.java:772)
	at org.evosuite.shaded.org.objectweb.asm.tree.MethodNode.accept(MethodNode.java:649)
	at org.evosuite.shaded.org.objectweb.asm.tree.ClassNode.accept(ClassNode.java:452)
	at org.evosuite.instrumentation.BytecodeInstrumentation.transformBytes(BytecodeInstrumentation.java:282)
	at org.evosuite.instrumentation.InstrumentingClassLoader.getTransformedBytes(InstrumentingClassLoader.java:135)
	at org.evosuite.instrumentation.InstrumentingClassLoader.instrumentClass(InstrumentingClassLoader.java:149)
	... 77 common frames omitted
[Progress:=>                            4%] [Cov:====================>              58%][Progress:=>                            4%] [Cov:===================>               56%][Progress:=>                            5%] [Cov:===================>               55%][Progress:=>                            5%] [Cov:===================>               56%][Progress:=>                            5%] [Cov:===================>               57%][Progress:=>                            5%] [Cov:====================>              58%][Progress:=>                            5%] [Cov:====================>              59%][Progress:=>                            5%] [Cov:====================>              58%][MASTER] 20:17:02.271 [logback-1] WARN  ClientNodeImpl - Cannot send statistics to master; continuing without statistics
java.rmi.ServerException: RemoteException occurred in server thread; nested exception is: 
	java.rmi.UnmarshalException: error unmarshalling arguments; nested exception is: 
	java.lang.ClassNotFoundException: expect to get instruction without BasicBlock already set
	at java.rmi/sun.rmi.server.UnicastServerRef.dispatch(UnicastServerRef.java:391)
	at java.rmi/sun.rmi.transport.Transport$1.run(Transport.java:200)
	at java.rmi/sun.rmi.transport.Transport$1.run(Transport.java:197)
	at java.base/java.security.AccessController.doPrivileged(Native Method)
	at java.rmi/sun.rmi.transport.Transport.serviceCall(Transport.java:196)
	at java.rmi/sun.rmi.transport.tcp.TCPTransport.handleMessages(TCPTransport.java:562)
	at java.rmi/sun.rmi.transport.tcp.TCPTransport$ConnectionHandler.run0(TCPTransport.java:796)
	at java.rmi/sun.rmi.transport.tcp.TCPTransport$ConnectionHandler.lambda$run$0(TCPTransport.java:677)
	at java.base/java.security.AccessController.doPrivileged(Native Method)
	at java.rmi/sun.rmi.transport.tcp.TCPTransport$ConnectionHandler.run(TCPTransport.java:676)
	at java.base/java.util.concurrent.ThreadPoolExecutor.runWorker(ThreadPoolExecutor.java:1128)
	at java.base/java.util.concurrent.ThreadPoolExecutor$Worker.run(ThreadPoolExecutor.java:628)
	at java.base/java.lang.Thread.run(Thread.java:829)
	at java.rmi/sun.rmi.transport.StreamRemoteCall.exceptionReceivedFromServer(StreamRemoteCall.java:303)
	at java.rmi/sun.rmi.transport.StreamRemoteCall.executeCall(StreamRemoteCall.java:279)
	at java.rmi/sun.rmi.server.UnicastRef.invoke(UnicastRef.java:164)
	at java.rmi/java.rmi.server.RemoteObjectInvocationHandler.invokeRemoteMethod(RemoteObjectInvocationHandler.java:217)
	at java.rmi/java.rmi.server.RemoteObjectInvocationHandler.invoke(RemoteObjectInvocationHandler.java:162)
	at com.sun.proxy.$Proxy7.evosuite_collectStatistics(Unknown Source)
	at org.evosuite.rmi.service.ClientNodeImpl.updateStatistics(ClientNodeImpl.java:251)
	at org.evosuite.statistics.StatisticsSender.sendIndividualToMaster(StatisticsSender.java:62)
	at org.evosuite.statistics.StatisticsListener.lambda$new$0(StatisticsListener.java:76)
	at java.base/java.lang.Thread.run(Thread.java:829)
Caused by: java.rmi.UnmarshalException: error unmarshalling arguments; nested exception is: 
	java.lang.ClassNotFoundException: expect to get instruction without BasicBlock already set
	at java.rmi/sun.rmi.server.UnicastServerRef.dispatch(UnicastServerRef.java:350)
	at java.rmi/sun.rmi.transport.Transport$1.run(Transport.java:200)
	at java.rmi/sun.rmi.transport.Transport$1.run(Transport.java:197)
	at java.base/java.security.AccessController.doPrivileged(Native Method)
	at java.rmi/sun.rmi.transport.Transport.serviceCall(Transport.java:196)
	at java.rmi/sun.rmi.transport.tcp.TCPTransport.handleMessages(TCPTransport.java:562)
	at java.rmi/sun.rmi.transport.tcp.TCPTransport$ConnectionHandler.run0(TCPTransport.java:796)
	at java.rmi/sun.rmi.transport.tcp.TCPTransport$ConnectionHandler.lambda$run$0(TCPTransport.java:677)
	at java.base/java.security.AccessController.doPrivileged(Native Method)
	at java.rmi/sun.rmi.transport.tcp.TCPTransport$ConnectionHandler.run(TCPTransport.java:676)
	at java.base/java.util.concurrent.ThreadPoolExecutor.runWorker(ThreadPoolExecutor.java:1128)
	at java.base/java.util.concurrent.ThreadPoolExecutor$Worker.run(ThreadPoolExecutor.java:628)
	... 1 common frames omitted
Caused by: java.lang.ClassNotFoundException: expect to get instruction without BasicBlock already set
	at org.evosuite.instrumentation.InstrumentingClassLoader.instrumentClass(InstrumentingClassLoader.java:158)
	at org.evosuite.instrumentation.InstrumentingClassLoader.loadClass(InstrumentingClassLoader.java:126)
	at org.evosuite.utils.generic.GenericClassImpl.getClass(GenericClassImpl.java:139)
	at org.evosuite.utils.generic.GenericClassImpl.getClass(GenericClassImpl.java:105)
	at org.evosuite.utils.generic.GenericClassImpl.readObject(GenericClassImpl.java:1671)
	at jdk.internal.reflect.GeneratedMethodAccessor9.invoke(Unknown Source)
	at java.base/jdk.internal.reflect.DelegatingMethodAccessorImpl.invoke(DelegatingMethodAccessorImpl.java:43)
	at java.base/java.lang.reflect.Method.invoke(Method.java:566)
	at java.base/java.io.ObjectStreamClass.invokeReadObject(ObjectStreamClass.java:1046)
	at java.base/java.io.ObjectInputStream.readSerialData(ObjectInputStream.java:2357)
	at java.base/java.io.ObjectInputStream.readOrdinaryObject(ObjectInputStream.java:2228)
	at java.base/java.io.ObjectInputStream.readObject0(ObjectInputStream.java:1687)
	at java.base/java.io.ObjectInputStream.defaultReadFields(ObjectInputStream.java:2496)
	at java.base/java.io.ObjectInputStream.readSerialData(ObjectInputStream.java:2390)
	at java.base/java.io.ObjectInputStream.readOrdinaryObject(ObjectInputStream.java:2228)
	at java.base/java.io.ObjectInputStream.readObject0(ObjectInputStream.java:1687)
	at java.base/java.io.ObjectInputStream.defaultReadFields(ObjectInputStream.java:2496)
	at java.base/java.io.ObjectInputStream.readSerialData(ObjectInputStream.java:2390)
	at java.base/java.io.ObjectInputStream.readOrdinaryObject(ObjectInputStream.java:2228)
	at java.base/java.io.ObjectInputStream.readObject0(ObjectInputStream.java:1687)
	at java.base/java.io.ObjectInputStream.readObject(ObjectInputStream.java:489)
	at java.base/java.io.ObjectInputStream.readObject(ObjectInputStream.java:447)
	at java.base/java.util.ArrayList.readObject(ArrayList.java:929)
	at java.base/jdk.internal.reflect.GeneratedMethodAccessor7.invoke(Unknown Source)
	at java.base/jdk.internal.reflect.DelegatingMethodAccessorImpl.invoke(DelegatingMethodAccessorImpl.java:43)
	at java.base/java.lang.reflect.Method.invoke(Method.java:566)
	at java.base/java.io.ObjectStreamClass.invokeReadObject(ObjectStreamClass.java:1046)
	at java.base/java.io.ObjectInputStream.readSerialData(ObjectInputStream.java:2357)
	at java.base/java.io.ObjectInputStream.readOrdinaryObject(ObjectInputStream.java:2228)
	at java.base/java.io.ObjectInputStream.readObject0(ObjectInputStream.java:1687)
	at java.base/java.io.ObjectInputStream.defaultReadFields(ObjectInputStream.java:2496)
	at java.base/java.io.ObjectInputStream.readSerialData(ObjectInputStream.java:2390)
	at java.base/java.io.ObjectInputStream.readOrdinaryObject(ObjectInputStream.java:2228)
	at java.base/java.io.ObjectInputStream.readObject0(ObjectInputStream.java:1687)
	at java.base/java.io.ObjectInputStream.defaultReadFields(ObjectInputStream.java:2496)
	at java.base/java.io.ObjectInputStream.defaultReadObject(ObjectInputStream.java:625)
	at org.evosuite.testcase.DefaultTestCase.readObject(DefaultTestCase.java:1217)
	at jdk.internal.reflect.GeneratedMethodAccessor16.invoke(Unknown Source)
	at java.base/jdk.internal.reflect.DelegatingMethodAccessorImpl.invoke(DelegatingMethodAccessorImpl.java:43)
	at java.base/java.lang.reflect.Method.invoke(Method.java:566)
	at java.base/java.io.ObjectStreamClass.invokeReadObject(ObjectStreamClass.java:1046)
	at java.base/java.io.ObjectInputStream.readSerialData(ObjectInputStream.java:2357)
	at java.base/java.io.ObjectInputStream.readOrdinaryObject(ObjectInputStream.java:2228)
	at java.base/java.io.ObjectInputStream.readObject0(ObjectInputStream.java:1687)
	at java.base/java.io.ObjectInputStream.defaultReadFields(ObjectInputStream.java:2496)
	at java.base/java.io.ObjectInputStream.readSerialData(ObjectInputStream.java:2390)
	at java.base/java.io.ObjectInputStream.readOrdinaryObject(ObjectInputStream.java:2228)
	at java.base/java.io.ObjectInputStream.readObject0(ObjectInputStream.java:1687)
	at java.base/java.io.ObjectInputStream.readObject(ObjectInputStream.java:489)
	at java.base/java.io.ObjectInputStream.readObject(ObjectInputStream.java:447)
	at java.base/java.util.ArrayList.readObject(ArrayList.java:929)
	at java.base/jdk.internal.reflect.GeneratedMethodAccessor7.invoke(Unknown Source)
	at java.base/jdk.internal.reflect.DelegatingMethodAccessorImpl.invoke(DelegatingMethodAccessorImpl.java:43)
	at java.base/java.lang.reflect.Method.invoke(Method.java:566)
	at java.base/java.io.ObjectStreamClass.invokeReadObject(ObjectStreamClass.java:1046)
	at java.base/java.io.ObjectInputStream.readSerialData(ObjectInputStream.java:2357)
	at java.base/java.io.ObjectInputStream.readOrdinaryObject(ObjectInputStream.java:2228)
	at java.base/java.io.ObjectInputStream.readObject0(ObjectInputStream.java:1687)
	at java.base/java.io.ObjectInputStream.defaultReadFields(ObjectInputStream.java:2496)
	at java.base/java.io.ObjectInputStream.readSerialData(ObjectInputStream.java:2390)
	at java.base/java.io.ObjectInputStream.readOrdinaryObject(ObjectInputStream.java:2228)
	at java.base/java.io.ObjectInputStream.readObject0(ObjectInputStream.java:1687)
	at java.base/java.io.ObjectInputStream.readObject(ObjectInputStream.java:489)
	at java.base/java.io.ObjectInputStream.readObject(ObjectInputStream.java:447)
	at java.rmi/sun.rmi.server.UnicastRef.unmarshalValue(UnicastRef.java:327)
	at java.rmi/sun.rmi.server.UnicastServerRef.dispatch(UnicastServerRef.java:339)
	... 12 common frames omitted
Caused by: java.lang.IllegalArgumentException: expect to get instruction without BasicBlock already set
	at org.evosuite.graphs.cfg.BasicBlock.appendInstruction(BasicBlock.java:225)
	at org.evosuite.graphs.cfg.BasicBlock.setInstructions(BasicBlock.java:206)
	at org.evosuite.graphs.cfg.BasicBlock.<init>(BasicBlock.java:106)
	at org.evosuite.graphs.cfg.RawControlFlowGraph.determineBasicBlockFor(RawControlFlowGraph.java:314)
	at org.evosuite.graphs.cfg.ActualControlFlowGraph.computeNodes(ActualControlFlowGraph.java:295)
	at org.evosuite.graphs.cfg.ActualControlFlowGraph.computeGraph(ActualControlFlowGraph.java:262)
	at org.evosuite.graphs.cfg.ActualControlFlowGraph.<init>(ActualControlFlowGraph.java:97)
	at org.evosuite.graphs.cfg.CFGGenerator.computeActualCFG(CFGGenerator.java:218)
	at org.evosuite.graphs.cfg.CFGGenerator.registerCFGs(CFGGenerator.java:102)
	at org.evosuite.graphs.cfg.CFGMethodAdapter.visitEnd(CFGMethodAdapter.java:219)
	at org.evosuite.shaded.org.objectweb.asm.MethodVisitor.visitEnd(MethodVisitor.java:783)
	at org.evosuite.shaded.org.objectweb.asm.MethodVisitor.visitEnd(MethodVisitor.java:783)
	at org.evosuite.shaded.org.objectweb.asm.MethodVisitor.visitEnd(MethodVisitor.java:783)
	at org.evosuite.shaded.org.objectweb.asm.tree.MethodNode.accept(MethodNode.java:772)
	at org.evosuite.shaded.org.objectweb.asm.tree.MethodNode.accept(MethodNode.java:649)
	at org.evosuite.shaded.org.objectweb.asm.tree.ClassNode.accept(ClassNode.java:452)
	at org.evosuite.instrumentation.BytecodeInstrumentation.transformBytes(BytecodeInstrumentation.java:282)
	at org.evosuite.instrumentation.InstrumentingClassLoader.getTransformedBytes(InstrumentingClassLoader.java:135)
	at org.evosuite.instrumentation.InstrumentingClassLoader.instrumentClass(InstrumentingClassLoader.java:149)
	... 77 common frames omitted
[Progress:=>                            5%] [Cov:====================>              59%][Progress:=>                            5%] [Cov:====================>              58%][Progress:=>                            5%] [Cov:====================>              59%][Progress:=>                            5%] [Cov:=====================>             60%][MASTER] 20:17:03.267 [logback-1] WARN  ClientNodeImpl - Cannot send statistics to master; continuing without statistics
java.rmi.ServerException: RemoteException occurred in server thread; nested exception is: 
	java.rmi.UnmarshalException: error unmarshalling arguments; nested exception is: 
	java.lang.ClassNotFoundException: expect to get instruction without BasicBlock already set
	at java.rmi/sun.rmi.server.UnicastServerRef.dispatch(UnicastServerRef.java:391)
	at java.rmi/sun.rmi.transport.Transport$1.run(Transport.java:200)
	at java.rmi/sun.rmi.transport.Transport$1.run(Transport.java:197)
	at java.base/java.security.AccessController.doPrivileged(Native Method)
	at java.rmi/sun.rmi.transport.Transport.serviceCall(Transport.java:196)
	at java.rmi/sun.rmi.transport.tcp.TCPTransport.handleMessages(TCPTransport.java:562)
	at java.rmi/sun.rmi.transport.tcp.TCPTransport$ConnectionHandler.run0(TCPTransport.java:796)
	at java.rmi/sun.rmi.transport.tcp.TCPTransport$ConnectionHandler.lambda$run$0(TCPTransport.java:677)
	at java.base/java.security.AccessController.doPrivileged(Native Method)
	at java.rmi/sun.rmi.transport.tcp.TCPTransport$ConnectionHandler.run(TCPTransport.java:676)
	at java.base/java.util.concurrent.ThreadPoolExecutor.runWorker(ThreadPoolExecutor.java:1128)
	at java.base/java.util.concurrent.ThreadPoolExecutor$Worker.run(ThreadPoolExecutor.java:628)
	at java.base/java.lang.Thread.run(Thread.java:829)
	at java.rmi/sun.rmi.transport.StreamRemoteCall.exceptionReceivedFromServer(StreamRemoteCall.java:303)
	at java.rmi/sun.rmi.transport.StreamRemoteCall.executeCall(StreamRemoteCall.java:279)
	at java.rmi/sun.rmi.server.UnicastRef.invoke(UnicastRef.java:164)
	at java.rmi/java.rmi.server.RemoteObjectInvocationHandler.invokeRemoteMethod(RemoteObjectInvocationHandler.java:217)
	at java.rmi/java.rmi.server.RemoteObjectInvocationHandler.invoke(RemoteObjectInvocationHandler.java:162)
	at com.sun.proxy.$Proxy7.evosuite_collectStatistics(Unknown Source)
	at org.evosuite.rmi.service.ClientNodeImpl.updateStatistics(ClientNodeImpl.java:251)
	at org.evosuite.statistics.StatisticsSender.sendIndividualToMaster(StatisticsSender.java:62)
	at org.evosuite.statistics.StatisticsListener.lambda$new$0(StatisticsListener.java:76)
	at java.base/java.lang.Thread.run(Thread.java:829)
Caused by: java.rmi.UnmarshalException: error unmarshalling arguments; nested exception is: 
	java.lang.ClassNotFoundException: expect to get instruction without BasicBlock already set
	at java.rmi/sun.rmi.server.UnicastServerRef.dispatch(UnicastServerRef.java:350)
	at java.rmi/sun.rmi.transport.Transport$1.run(Transport.java:200)
	at java.rmi/sun.rmi.transport.Transport$1.run(Transport.java:197)
	at java.base/java.security.AccessController.doPrivileged(Native Method)
	at java.rmi/sun.rmi.transport.Transport.serviceCall(Transport.java:196)
	at java.rmi/sun.rmi.transport.tcp.TCPTransport.handleMessages(TCPTransport.java:562)
	at java.rmi/sun.rmi.transport.tcp.TCPTransport$ConnectionHandler.run0(TCPTransport.java:796)
	at java.rmi/sun.rmi.transport.tcp.TCPTransport$ConnectionHandler.lambda$run$0(TCPTransport.java:677)
	at java.base/java.security.AccessController.doPrivileged(Native Method)
	at java.rmi/sun.rmi.transport.tcp.TCPTransport$ConnectionHandler.run(TCPTransport.java:676)
	at java.base/java.util.concurrent.ThreadPoolExecutor.runWorker(ThreadPoolExecutor.java:1128)
	at java.base/java.util.concurrent.ThreadPoolExecutor$Worker.run(ThreadPoolExecutor.java:628)
	... 1 common frames omitted
Caused by: java.lang.ClassNotFoundException: expect to get instruction without BasicBlock already set
	at org.evosuite.instrumentation.InstrumentingClassLoader.instrumentClass(InstrumentingClassLoader.java:158)
	at org.evosuite.instrumentation.InstrumentingClassLoader.loadClass(InstrumentingClassLoader.java:126)
	at org.evosuite.utils.generic.GenericClassImpl.getClass(GenericClassImpl.java:139)
	at org.evosuite.utils.generic.GenericClassImpl.getClass(GenericClassImpl.java:105)
	at org.evosuite.utils.generic.GenericClassImpl.readObject(GenericClassImpl.java:1671)
	at jdk.internal.reflect.GeneratedMethodAccessor9.invoke(Unknown Source)
	at java.base/jdk.internal.reflect.DelegatingMethodAccessorImpl.invoke(DelegatingMethodAccessorImpl.java:43)
	at java.base/java.lang.reflect.Method.invoke(Method.java:566)
	at java.base/java.io.ObjectStreamClass.invokeReadObject(ObjectStreamClass.java:1046)
	at java.base/java.io.ObjectInputStream.readSerialData(ObjectInputStream.java:2357)
	at java.base/java.io.ObjectInputStream.readOrdinaryObject(ObjectInputStream.java:2228)
	at java.base/java.io.ObjectInputStream.readObject0(ObjectInputStream.java:1687)
	at java.base/java.io.ObjectInputStream.defaultReadFields(ObjectInputStream.java:2496)
	at java.base/java.io.ObjectInputStream.readSerialData(ObjectInputStream.java:2390)
	at java.base/java.io.ObjectInputStream.readOrdinaryObject(ObjectInputStream.java:2228)
	at java.base/java.io.ObjectInputStream.readObject0(ObjectInputStream.java:1687)
	at java.base/java.io.ObjectInputStream.defaultReadFields(ObjectInputStream.java:2496)
	at java.base/java.io.ObjectInputStream.readSerialData(ObjectInputStream.java:2390)
	at java.base/java.io.ObjectInputStream.readOrdinaryObject(ObjectInputStream.java:2228)
	at java.base/java.io.ObjectInputStream.readObject0(ObjectInputStream.java:1687)
	at java.base/java.io.ObjectInputStream.readObject(ObjectInputStream.java:489)
	at java.base/java.io.ObjectInputStream.readObject(ObjectInputStream.java:447)
	at java.base/java.util.ArrayList.readObject(ArrayList.java:929)
	at java.base/jdk.internal.reflect.GeneratedMethodAccessor7.invoke(Unknown Source)
	at java.base/jdk.internal.reflect.DelegatingMethodAccessorImpl.invoke(DelegatingMethodAccessorImpl.java:43)
	at java.base/java.lang.reflect.Method.invoke(Method.java:566)
	at java.base/java.io.ObjectStreamClass.invokeReadObject(ObjectStreamClass.java:1046)
	at java.base/java.io.ObjectInputStream.readSerialData(ObjectInputStream.java:2357)
	at java.base/java.io.ObjectInputStream.readOrdinaryObject(ObjectInputStream.java:2228)
	at java.base/java.io.ObjectInputStream.readObject0(ObjectInputStream.java:1687)
	at java.base/java.io.ObjectInputStream.defaultReadFields(ObjectInputStream.java:2496)
	at java.base/java.io.ObjectInputStream.readSerialData(ObjectInputStream.java:2390)
	at java.base/java.io.ObjectInputStream.readOrdinaryObject(ObjectInputStream.java:2228)
	at java.base/java.io.ObjectInputStream.readObject0(ObjectInputStream.java:1687)
	at java.base/java.io.ObjectInputStream.defaultReadFields(ObjectInputStream.java:2496)
	at java.base/java.io.ObjectInputStream.defaultReadObject(ObjectInputStream.java:625)
	at org.evosuite.testcase.DefaultTestCase.readObject(DefaultTestCase.java:1217)
	at jdk.internal.reflect.GeneratedMethodAccessor16.invoke(Unknown Source)
	at java.base/jdk.internal.reflect.DelegatingMethodAccessorImpl.invoke(DelegatingMethodAccessorImpl.java:43)
	at java.base/java.lang.reflect.Method.invoke(Method.java:566)
	at java.base/java.io.ObjectStreamClass.invokeReadObject(ObjectStreamClass.java:1046)
	at java.base/java.io.ObjectInputStream.readSerialData(ObjectInputStream.java:2357)
	at java.base/java.io.ObjectInputStream.readOrdinaryObject(ObjectInputStream.java:2228)
	at java.base/java.io.ObjectInputStream.readObject0(ObjectInputStream.java:1687)
	at java.base/java.io.ObjectInputStream.defaultReadFields(ObjectInputStream.java:2496)
	at java.base/java.io.ObjectInputStream.readSerialData(ObjectInputStream.java:2390)
	at java.base/java.io.ObjectInputStream.readOrdinaryObject(ObjectInputStream.java:2228)
	at java.base/java.io.ObjectInputStream.readObject0(ObjectInputStream.java:1687)
	at java.base/java.io.ObjectInputStream.readObject(ObjectInputStream.java:489)
	at java.base/java.io.ObjectInputStream.readObject(ObjectInputStream.java:447)
	at java.base/java.util.ArrayList.readObject(ArrayList.java:929)
	at java.base/jdk.internal.reflect.GeneratedMethodAccessor7.invoke(Unknown Source)
	at java.base/jdk.internal.reflect.DelegatingMethodAccessorImpl.invoke(DelegatingMethodAccessorImpl.java:43)
	at java.base/java.lang.reflect.Method.invoke(Method.java:566)
	at java.base/java.io.ObjectStreamClass.invokeReadObject(ObjectStreamClass.java:1046)
	at java.base/java.io.ObjectInputStream.readSerialData(ObjectInputStream.java:2357)
	at java.base/java.io.ObjectInputStream.readOrdinaryObject(ObjectInputStream.java:2228)
	at java.base/java.io.ObjectInputStream.readObject0(ObjectInputStream.java:1687)
	at java.base/java.io.ObjectInputStream.defaultReadFields(ObjectInputStream.java:2496)
	at java.base/java.io.ObjectInputStream.readSerialData(ObjectInputStream.java:2390)
	at java.base/java.io.ObjectInputStream.readOrdinaryObject(ObjectInputStream.java:2228)
	at java.base/java.io.ObjectInputStream.readObject0(ObjectInputStream.java:1687)
	at java.base/java.io.ObjectInputStream.readObject(ObjectInputStream.java:489)
	at java.base/java.io.ObjectInputStream.readObject(ObjectInputStream.java:447)
	at java.rmi/sun.rmi.server.UnicastRef.unmarshalValue(UnicastRef.java:327)
	at java.rmi/sun.rmi.server.UnicastServerRef.dispatch(UnicastServerRef.java:339)
	... 12 common frames omitted
Caused by: java.lang.IllegalArgumentException: expect to get instruction without BasicBlock already set
	at org.evosuite.graphs.cfg.BasicBlock.appendInstruction(BasicBlock.java:225)
	at org.evosuite.graphs.cfg.BasicBlock.setInstructions(BasicBlock.java:206)
	at org.evosuite.graphs.cfg.BasicBlock.<init>(BasicBlock.java:106)
	at org.evosuite.graphs.cfg.RawControlFlowGraph.determineBasicBlockFor(RawControlFlowGraph.java:314)
	at org.evosuite.graphs.cfg.ActualControlFlowGraph.computeNodes(ActualControlFlowGraph.java:295)
	at org.evosuite.graphs.cfg.ActualControlFlowGraph.computeGraph(ActualControlFlowGraph.java:262)
	at org.evosuite.graphs.cfg.ActualControlFlowGraph.<init>(ActualControlFlowGraph.java:97)
	at org.evosuite.graphs.cfg.CFGGenerator.computeActualCFG(CFGGenerator.java:218)
	at org.evosuite.graphs.cfg.CFGGenerator.registerCFGs(CFGGenerator.java:102)
	at org.evosuite.graphs.cfg.CFGMethodAdapter.visitEnd(CFGMethodAdapter.java:219)
	at org.evosuite.shaded.org.objectweb.asm.MethodVisitor.visitEnd(MethodVisitor.java:783)
	at org.evosuite.shaded.org.objectweb.asm.MethodVisitor.visitEnd(MethodVisitor.java:783)
	at org.evosuite.shaded.org.objectweb.asm.MethodVisitor.visitEnd(MethodVisitor.java:783)
	at org.evosuite.shaded.org.objectweb.asm.tree.MethodNode.accept(MethodNode.java:772)
	at org.evosuite.shaded.org.objectweb.asm.tree.MethodNode.accept(MethodNode.java:649)
	at org.evosuite.shaded.org.objectweb.asm.tree.ClassNode.accept(ClassNode.java:452)
	at org.evosuite.instrumentation.BytecodeInstrumentation.transformBytes(BytecodeInstrumentation.java:282)
	at org.evosuite.instrumentation.InstrumentingClassLoader.getTransformedBytes(InstrumentingClassLoader.java:135)
	at org.evosuite.instrumentation.InstrumentingClassLoader.instrumentClass(InstrumentingClassLoader.java:149)
	... 77 common frames omitted
[Progress:=>                            5%] [Cov:=====================>             60%][Progress:=>                            6%] [Cov:===================>               55%][Progress:=>                            6%] [Cov:====================>              58%][Progress:=>                            6%] [Cov:====================>              59%][Progress:=>                            6%] [Cov:=====================>             60%][Progress:=>                            6%] [Cov:=====================>             61%][MASTER] 20:17:04.383 [logback-1] WARN  ClientNodeImpl - Cannot send statistics to master; continuing without statistics
java.rmi.ServerException: RemoteException occurred in server thread; nested exception is: 
	java.rmi.UnmarshalException: error unmarshalling arguments; nested exception is: 
	java.lang.ClassNotFoundException: expect to get instruction without BasicBlock already set
	at java.rmi/sun.rmi.server.UnicastServerRef.dispatch(UnicastServerRef.java:391)
	at java.rmi/sun.rmi.transport.Transport$1.run(Transport.java:200)
	at java.rmi/sun.rmi.transport.Transport$1.run(Transport.java:197)
	at java.base/java.security.AccessController.doPrivileged(Native Method)
	at java.rmi/sun.rmi.transport.Transport.serviceCall(Transport.java:196)
	at java.rmi/sun.rmi.transport.tcp.TCPTransport.handleMessages(TCPTransport.java:562)
	at java.rmi/sun.rmi.transport.tcp.TCPTransport$ConnectionHandler.run0(TCPTransport.java:796)
	at java.rmi/sun.rmi.transport.tcp.TCPTransport$ConnectionHandler.lambda$run$0(TCPTransport.java:677)
	at java.base/java.security.AccessController.doPrivileged(Native Method)
	at java.rmi/sun.rmi.transport.tcp.TCPTransport$ConnectionHandler.run(TCPTransport.java:676)
	at java.base/java.util.concurrent.ThreadPoolExecutor.runWorker(ThreadPoolExecutor.java:1128)
	at java.base/java.util.concurrent.ThreadPoolExecutor$Worker.run(ThreadPoolExecutor.java:628)
	at java.base/java.lang.Thread.run(Thread.java:829)
	at java.rmi/sun.rmi.transport.StreamRemoteCall.exceptionReceivedFromServer(StreamRemoteCall.java:303)
	at java.rmi/sun.rmi.transport.StreamRemoteCall.executeCall(StreamRemoteCall.java:279)
	at java.rmi/sun.rmi.server.UnicastRef.invoke(UnicastRef.java:164)
	at java.rmi/java.rmi.server.RemoteObjectInvocationHandler.invokeRemoteMethod(RemoteObjectInvocationHandler.java:217)
	at java.rmi/java.rmi.server.RemoteObjectInvocationHandler.invoke(RemoteObjectInvocationHandler.java:162)
	at com.sun.proxy.$Proxy7.evosuite_collectStatistics(Unknown Source)
	at org.evosuite.rmi.service.ClientNodeImpl.updateStatistics(ClientNodeImpl.java:251)
	at org.evosuite.statistics.StatisticsSender.sendIndividualToMaster(StatisticsSender.java:62)
	at org.evosuite.statistics.StatisticsListener.lambda$new$0(StatisticsListener.java:76)
	at java.base/java.lang.Thread.run(Thread.java:829)
Caused by: java.rmi.UnmarshalException: error unmarshalling arguments; nested exception is: 
	java.lang.ClassNotFoundException: expect to get instruction without BasicBlock already set
	at java.rmi/sun.rmi.server.UnicastServerRef.dispatch(UnicastServerRef.java:350)
	at java.rmi/sun.rmi.transport.Transport$1.run(Transport.java:200)
	at java.rmi/sun.rmi.transport.Transport$1.run(Transport.java:197)
	at java.base/java.security.AccessController.doPrivileged(Native Method)
	at java.rmi/sun.rmi.transport.Transport.serviceCall(Transport.java:196)
	at java.rmi/sun.rmi.transport.tcp.TCPTransport.handleMessages(TCPTransport.java:562)
	at java.rmi/sun.rmi.transport.tcp.TCPTransport$ConnectionHandler.run0(TCPTransport.java:796)
	at java.rmi/sun.rmi.transport.tcp.TCPTransport$ConnectionHandler.lambda$run$0(TCPTransport.java:677)
	at java.base/java.security.AccessController.doPrivileged(Native Method)
	at java.rmi/sun.rmi.transport.tcp.TCPTransport$ConnectionHandler.run(TCPTransport.java:676)
	at java.base/java.util.concurrent.ThreadPoolExecutor.runWorker(ThreadPoolExecutor.java:1128)
	at java.base/java.util.concurrent.ThreadPoolExecutor$Worker.run(ThreadPoolExecutor.java:628)
	... 1 common frames omitted
Caused by: java.lang.ClassNotFoundException: expect to get instruction without BasicBlock already set
	at org.evosuite.instrumentation.InstrumentingClassLoader.instrumentClass(InstrumentingClassLoader.java:158)
	at org.evosuite.instrumentation.InstrumentingClassLoader.loadClass(InstrumentingClassLoader.java:126)
	at org.evosuite.utils.generic.GenericClassImpl.getClass(GenericClassImpl.java:139)
	at org.evosuite.utils.generic.GenericClassImpl.getClass(GenericClassImpl.java:105)
	at org.evosuite.utils.generic.GenericClassImpl.readObject(GenericClassImpl.java:1671)
	at jdk.internal.reflect.GeneratedMethodAccessor9.invoke(Unknown Source)
	at java.base/jdk.internal.reflect.DelegatingMethodAccessorImpl.invoke(DelegatingMethodAccessorImpl.java:43)
	at java.base/java.lang.reflect.Method.invoke(Method.java:566)
	at java.base/java.io.ObjectStreamClass.invokeReadObject(ObjectStreamClass.java:1046)
	at java.base/java.io.ObjectInputStream.readSerialData(ObjectInputStream.java:2357)
	at java.base/java.io.ObjectInputStream.readOrdinaryObject(ObjectInputStream.java:2228)
	at java.base/java.io.ObjectInputStream.readObject0(ObjectInputStream.java:1687)
	at java.base/java.io.ObjectInputStream.defaultReadFields(ObjectInputStream.java:2496)
	at java.base/java.io.ObjectInputStream.readSerialData(ObjectInputStream.java:2390)
	at java.base/java.io.ObjectInputStream.readOrdinaryObject(ObjectInputStream.java:2228)
	at java.base/java.io.ObjectInputStream.readObject0(ObjectInputStream.java:1687)
	at java.base/java.io.ObjectInputStream.defaultReadFields(ObjectInputStream.java:2496)
	at java.base/java.io.ObjectInputStream.readSerialData(ObjectInputStream.java:2390)
	at java.base/java.io.ObjectInputStream.readOrdinaryObject(ObjectInputStream.java:2228)
	at java.base/java.io.ObjectInputStream.readObject0(ObjectInputStream.java:1687)
	at java.base/java.io.ObjectInputStream.readObject(ObjectInputStream.java:489)
	at java.base/java.io.ObjectInputStream.readObject(ObjectInputStream.java:447)
	at java.base/java.util.ArrayList.readObject(ArrayList.java:929)
	at java.base/jdk.internal.reflect.GeneratedMethodAccessor7.invoke(Unknown Source)
	at java.base/jdk.internal.reflect.DelegatingMethodAccessorImpl.invoke(DelegatingMethodAccessorImpl.java:43)
	at java.base/java.lang.reflect.Method.invoke(Method.java:566)
	at java.base/java.io.ObjectStreamClass.invokeReadObject(ObjectStreamClass.java:1046)
	at java.base/java.io.ObjectInputStream.readSerialData(ObjectInputStream.java:2357)
	at java.base/java.io.ObjectInputStream.readOrdinaryObject(ObjectInputStream.java:2228)
	at java.base/java.io.ObjectInputStream.readObject0(ObjectInputStream.java:1687)
	at java.base/java.io.ObjectInputStream.defaultReadFields(ObjectInputStream.java:2496)
	at java.base/java.io.ObjectInputStream.readSerialData(ObjectInputStream.java:2390)
	at java.base/java.io.ObjectInputStream.readOrdinaryObject(ObjectInputStream.java:2228)
	at java.base/java.io.ObjectInputStream.readObject0(ObjectInputStream.java:1687)
	at java.base/java.io.ObjectInputStream.defaultReadFields(ObjectInputStream.java:2496)
	at java.base/java.io.ObjectInputStream.defaultReadObject(ObjectInputStream.java:625)
	at org.evosuite.testcase.DefaultTestCase.readObject(DefaultTestCase.java:1217)
	at jdk.internal.reflect.GeneratedMethodAccessor16.invoke(Unknown Source)
	at java.base/jdk.internal.reflect.DelegatingMethodAccessorImpl.invoke(DelegatingMethodAccessorImpl.java:43)
	at java.base/java.lang.reflect.Method.invoke(Method.java:566)
	at java.base/java.io.ObjectStreamClass.invokeReadObject(ObjectStreamClass.java:1046)
	at java.base/java.io.ObjectInputStream.readSerialData(ObjectInputStream.java:2357)
	at java.base/java.io.ObjectInputStream.readOrdinaryObject(ObjectInputStream.java:2228)
	at java.base/java.io.ObjectInputStream.readObject0(ObjectInputStream.java:1687)
	at java.base/java.io.ObjectInputStream.defaultReadFields(ObjectInputStream.java:2496)
	at java.base/java.io.ObjectInputStream.readSerialData(ObjectInputStream.java:2390)
	at java.base/java.io.ObjectInputStream.readOrdinaryObject(ObjectInputStream.java:2228)
	at java.base/java.io.ObjectInputStream.readObject0(ObjectInputStream.java:1687)
	at java.base/java.io.ObjectInputStream.readObject(ObjectInputStream.java:489)
	at java.base/java.io.ObjectInputStream.readObject(ObjectInputStream.java:447)
	at java.base/java.util.ArrayList.readObject(ArrayList.java:929)
	at java.base/jdk.internal.reflect.GeneratedMethodAccessor7.invoke(Unknown Source)
	at java.base/jdk.internal.reflect.DelegatingMethodAccessorImpl.invoke(DelegatingMethodAccessorImpl.java:43)
	at java.base/java.lang.reflect.Method.invoke(Method.java:566)
	at java.base/java.io.ObjectStreamClass.invokeReadObject(ObjectStreamClass.java:1046)
	at java.base/java.io.ObjectInputStream.readSerialData(ObjectInputStream.java:2357)
	at java.base/java.io.ObjectInputStream.readOrdinaryObject(ObjectInputStream.java:2228)
	at java.base/java.io.ObjectInputStream.readObject0(ObjectInputStream.java:1687)
	at java.base/java.io.ObjectInputStream.defaultReadFields(ObjectInputStream.java:2496)
	at java.base/java.io.ObjectInputStream.readSerialData(ObjectInputStream.java:2390)
	at java.base/java.io.ObjectInputStream.readOrdinaryObject(ObjectInputStream.java:2228)
	at java.base/java.io.ObjectInputStream.readObject0(ObjectInputStream.java:1687)
	at java.base/java.io.ObjectInputStream.readObject(ObjectInputStream.java:489)
	at java.base/java.io.ObjectInputStream.readObject(ObjectInputStream.java:447)
	at java.rmi/sun.rmi.server.UnicastRef.unmarshalValue(UnicastRef.java:327)
	at java.rmi/sun.rmi.server.UnicastServerRef.dispatch(UnicastServerRef.java:339)
	... 12 common frames omitted
Caused by: java.lang.IllegalArgumentException: expect to get instruction without BasicBlock already set
	at org.evosuite.graphs.cfg.BasicBlock.appendInstruction(BasicBlock.java:225)
	at org.evosuite.graphs.cfg.BasicBlock.setInstructions(BasicBlock.java:206)
	at org.evosuite.graphs.cfg.BasicBlock.<init>(BasicBlock.java:106)
	at org.evosuite.graphs.cfg.RawControlFlowGraph.determineBasicBlockFor(RawControlFlowGraph.java:314)
	at org.evosuite.graphs.cfg.ActualControlFlowGraph.computeNodes(ActualControlFlowGraph.java:295)
	at org.evosuite.graphs.cfg.ActualControlFlowGraph.computeGraph(ActualControlFlowGraph.java:262)
	at org.evosuite.graphs.cfg.ActualControlFlowGraph.<init>(ActualControlFlowGraph.java:97)
	at org.evosuite.graphs.cfg.CFGGenerator.computeActualCFG(CFGGenerator.java:218)
	at org.evosuite.graphs.cfg.CFGGenerator.registerCFGs(CFGGenerator.java:102)
	at org.evosuite.graphs.cfg.CFGMethodAdapter.visitEnd(CFGMethodAdapter.java:219)
	at org.evosuite.shaded.org.objectweb.asm.MethodVisitor.visitEnd(MethodVisitor.java:783)
	at org.evosuite.shaded.org.objectweb.asm.MethodVisitor.visitEnd(MethodVisitor.java:783)
	at org.evosuite.shaded.org.objectweb.asm.MethodVisitor.visitEnd(MethodVisitor.java:783)
	at org.evosuite.shaded.org.objectweb.asm.tree.MethodNode.accept(MethodNode.java:772)
	at org.evosuite.shaded.org.objectweb.asm.tree.MethodNode.accept(MethodNode.java:649)
	at org.evosuite.shaded.org.objectweb.asm.tree.ClassNode.accept(ClassNode.java:452)
	at org.evosuite.instrumentation.BytecodeInstrumentation.transformBytes(BytecodeInstrumentation.java:282)
	at org.evosuite.instrumentation.InstrumentingClassLoader.getTransformedBytes(InstrumentingClassLoader.java:135)
	at org.evosuite.instrumentation.InstrumentingClassLoader.instrumentClass(InstrumentingClassLoader.java:149)
	... 77 common frames omitted
[Progress:=>                            6%] [Cov:=====================>             61%][Progress:==>                           7%] [Cov:====================>              59%][Progress:==>                           7%] [Cov:=====================>             60%][Progress:==>                           7%] [Cov:=====================>             61%][Progress:==>                           7%] [Cov:=====================>             61%][Progress:==>                           7%] [Cov:=====================>             62%][MASTER] 20:17:05.613 [logback-1] WARN  ClientNodeImpl - Cannot send statistics to master; continuing without statistics
java.rmi.ServerException: RemoteException occurred in server thread; nested exception is: 
	java.rmi.UnmarshalException: error unmarshalling arguments; nested exception is: 
	java.lang.ClassNotFoundException: expect to get instruction without BasicBlock already set
	at java.rmi/sun.rmi.server.UnicastServerRef.dispatch(UnicastServerRef.java:391)
	at java.rmi/sun.rmi.transport.Transport$1.run(Transport.java:200)
	at java.rmi/sun.rmi.transport.Transport$1.run(Transport.java:197)
	at java.base/java.security.AccessController.doPrivileged(Native Method)
	at java.rmi/sun.rmi.transport.Transport.serviceCall(Transport.java:196)
	at java.rmi/sun.rmi.transport.tcp.TCPTransport.handleMessages(TCPTransport.java:562)
	at java.rmi/sun.rmi.transport.tcp.TCPTransport$ConnectionHandler.run0(TCPTransport.java:796)
	at java.rmi/sun.rmi.transport.tcp.TCPTransport$ConnectionHandler.lambda$run$0(TCPTransport.java:677)
	at java.base/java.security.AccessController.doPrivileged(Native Method)
	at java.rmi/sun.rmi.transport.tcp.TCPTransport$ConnectionHandler.run(TCPTransport.java:676)
	at java.base/java.util.concurrent.ThreadPoolExecutor.runWorker(ThreadPoolExecutor.java:1128)
	at java.base/java.util.concurrent.ThreadPoolExecutor$Worker.run(ThreadPoolExecutor.java:628)
	at java.base/java.lang.Thread.run(Thread.java:829)
	at java.rmi/sun.rmi.transport.StreamRemoteCall.exceptionReceivedFromServer(StreamRemoteCall.java:303)
	at java.rmi/sun.rmi.transport.StreamRemoteCall.executeCall(StreamRemoteCall.java:279)
	at java.rmi/sun.rmi.server.UnicastRef.invoke(UnicastRef.java:164)
	at java.rmi/java.rmi.server.RemoteObjectInvocationHandler.invokeRemoteMethod(RemoteObjectInvocationHandler.java:217)
	at java.rmi/java.rmi.server.RemoteObjectInvocationHandler.invoke(RemoteObjectInvocationHandler.java:162)
	at com.sun.proxy.$Proxy7.evosuite_collectStatistics(Unknown Source)
	at org.evosuite.rmi.service.ClientNodeImpl.updateStatistics(ClientNodeImpl.java:251)
	at org.evosuite.statistics.StatisticsSender.sendIndividualToMaster(StatisticsSender.java:62)
	at org.evosuite.statistics.StatisticsListener.lambda$new$0(StatisticsListener.java:76)
	at java.base/java.lang.Thread.run(Thread.java:829)
Caused by: java.rmi.UnmarshalException: error unmarshalling arguments; nested exception is: 
	java.lang.ClassNotFoundException: expect to get instruction without BasicBlock already set
	at java.rmi/sun.rmi.server.UnicastServerRef.dispatch(UnicastServerRef.java:350)
	at java.rmi/sun.rmi.transport.Transport$1.run(Transport.java:200)
	at java.rmi/sun.rmi.transport.Transport$1.run(Transport.java:197)
	at java.base/java.security.AccessController.doPrivileged(Native Method)
	at java.rmi/sun.rmi.transport.Transport.serviceCall(Transport.java:196)
	at java.rmi/sun.rmi.transport.tcp.TCPTransport.handleMessages(TCPTransport.java:562)
	at java.rmi/sun.rmi.transport.tcp.TCPTransport$ConnectionHandler.run0(TCPTransport.java:796)
	at java.rmi/sun.rmi.transport.tcp.TCPTransport$ConnectionHandler.lambda$run$0(TCPTransport.java:677)
	at java.base/java.security.AccessController.doPrivileged(Native Method)
	at java.rmi/sun.rmi.transport.tcp.TCPTransport$ConnectionHandler.run(TCPTransport.java:676)
	at java.base/java.util.concurrent.ThreadPoolExecutor.runWorker(ThreadPoolExecutor.java:1128)
	at java.base/java.util.concurrent.ThreadPoolExecutor$Worker.run(ThreadPoolExecutor.java:628)
	... 1 common frames omitted
Caused by: java.lang.ClassNotFoundException: expect to get instruction without BasicBlock already set
	at org.evosuite.instrumentation.InstrumentingClassLoader.instrumentClass(InstrumentingClassLoader.java:158)
	at org.evosuite.instrumentation.InstrumentingClassLoader.loadClass(InstrumentingClassLoader.java:126)
	at org.evosuite.utils.generic.GenericClassImpl.getClass(GenericClassImpl.java:139)
	at org.evosuite.utils.generic.GenericClassImpl.getClass(GenericClassImpl.java:105)
	at org.evosuite.utils.generic.GenericClassImpl.readObject(GenericClassImpl.java:1671)
	at jdk.internal.reflect.GeneratedMethodAccessor9.invoke(Unknown Source)
	at java.base/jdk.internal.reflect.DelegatingMethodAccessorImpl.invoke(DelegatingMethodAccessorImpl.java:43)
	at java.base/java.lang.reflect.Method.invoke(Method.java:566)
	at java.base/java.io.ObjectStreamClass.invokeReadObject(ObjectStreamClass.java:1046)
	at java.base/java.io.ObjectInputStream.readSerialData(ObjectInputStream.java:2357)
	at java.base/java.io.ObjectInputStream.readOrdinaryObject(ObjectInputStream.java:2228)
	at java.base/java.io.ObjectInputStream.readObject0(ObjectInputStream.java:1687)
	at java.base/java.io.ObjectInputStream.defaultReadFields(ObjectInputStream.java:2496)
	at java.base/java.io.ObjectInputStream.readSerialData(ObjectInputStream.java:2390)
	at java.base/java.io.ObjectInputStream.readOrdinaryObject(ObjectInputStream.java:2228)
	at java.base/java.io.ObjectInputStream.readObject0(ObjectInputStream.java:1687)
	at java.base/java.io.ObjectInputStream.defaultReadFields(ObjectInputStream.java:2496)
	at java.base/java.io.ObjectInputStream.readSerialData(ObjectInputStream.java:2390)
	at java.base/java.io.ObjectInputStream.readOrdinaryObject(ObjectInputStream.java:2228)
	at java.base/java.io.ObjectInputStream.readObject0(ObjectInputStream.java:1687)
	at java.base/java.io.ObjectInputStream.readObject(ObjectInputStream.java:489)
	at java.base/java.io.ObjectInputStream.readObject(ObjectInputStream.java:447)
	at java.base/java.util.ArrayList.readObject(ArrayList.java:929)
	at java.base/jdk.internal.reflect.GeneratedMethodAccessor7.invoke(Unknown Source)
	at java.base/jdk.internal.reflect.DelegatingMethodAccessorImpl.invoke(DelegatingMethodAccessorImpl.java:43)
	at java.base/java.lang.reflect.Method.invoke(Method.java:566)
	at java.base/java.io.ObjectStreamClass.invokeReadObject(ObjectStreamClass.java:1046)
	at java.base/java.io.ObjectInputStream.readSerialData(ObjectInputStream.java:2357)
	at java.base/java.io.ObjectInputStream.readOrdinaryObject(ObjectInputStream.java:2228)
	at java.base/java.io.ObjectInputStream.readObject0(ObjectInputStream.java:1687)
	at java.base/java.io.ObjectInputStream.defaultReadFields(ObjectInputStream.java:2496)
	at java.base/java.io.ObjectInputStream.readSerialData(ObjectInputStream.java:2390)
	at java.base/java.io.ObjectInputStream.readOrdinaryObject(ObjectInputStream.java:2228)
	at java.base/java.io.ObjectInputStream.readObject0(ObjectInputStream.java:1687)
	at java.base/java.io.ObjectInputStream.defaultReadFields(ObjectInputStream.java:2496)
	at java.base/java.io.ObjectInputStream.defaultReadObject(ObjectInputStream.java:625)
	at org.evosuite.testcase.DefaultTestCase.readObject(DefaultTestCase.java:1217)
	at jdk.internal.reflect.GeneratedMethodAccessor16.invoke(Unknown Source)
	at java.base/jdk.internal.reflect.DelegatingMethodAccessorImpl.invoke(DelegatingMethodAccessorImpl.java:43)
	at java.base/java.lang.reflect.Method.invoke(Method.java:566)
	at java.base/java.io.ObjectStreamClass.invokeReadObject(ObjectStreamClass.java:1046)
	at java.base/java.io.ObjectInputStream.readSerialData(ObjectInputStream.java:2357)
	at java.base/java.io.ObjectInputStream.readOrdinaryObject(ObjectInputStream.java:2228)
	at java.base/java.io.ObjectInputStream.readObject0(ObjectInputStream.java:1687)
	at java.base/java.io.ObjectInputStream.defaultReadFields(ObjectInputStream.java:2496)
	at java.base/java.io.ObjectInputStream.readSerialData(ObjectInputStream.java:2390)
	at java.base/java.io.ObjectInputStream.readOrdinaryObject(ObjectInputStream.java:2228)
	at java.base/java.io.ObjectInputStream.readObject0(ObjectInputStream.java:1687)
	at java.base/java.io.ObjectInputStream.readObject(ObjectInputStream.java:489)
	at java.base/java.io.ObjectInputStream.readObject(ObjectInputStream.java:447)
	at java.base/java.util.ArrayList.readObject(ArrayList.java:929)
	at java.base/jdk.internal.reflect.GeneratedMethodAccessor7.invoke(Unknown Source)
	at java.base/jdk.internal.reflect.DelegatingMethodAccessorImpl.invoke(DelegatingMethodAccessorImpl.java:43)
	at java.base/java.lang.reflect.Method.invoke(Method.java:566)
	at java.base/java.io.ObjectStreamClass.invokeReadObject(ObjectStreamClass.java:1046)
	at java.base/java.io.ObjectInputStream.readSerialData(ObjectInputStream.java:2357)
	at java.base/java.io.ObjectInputStream.readOrdinaryObject(ObjectInputStream.java:2228)
	at java.base/java.io.ObjectInputStream.readObject0(ObjectInputStream.java:1687)
	at java.base/java.io.ObjectInputStream.defaultReadFields(ObjectInputStream.java:2496)
	at java.base/java.io.ObjectInputStream.readSerialData(ObjectInputStream.java:2390)
	at java.base/java.io.ObjectInputStream.readOrdinaryObject(ObjectInputStream.java:2228)
	at java.base/java.io.ObjectInputStream.readObject0(ObjectInputStream.java:1687)
	at java.base/java.io.ObjectInputStream.readObject(ObjectInputStream.java:489)
	at java.base/java.io.ObjectInputStream.readObject(ObjectInputStream.java:447)
	at java.rmi/sun.rmi.server.UnicastRef.unmarshalValue(UnicastRef.java:327)
	at java.rmi/sun.rmi.server.UnicastServerRef.dispatch(UnicastServerRef.java:339)
	... 12 common frames omitted
Caused by: java.lang.IllegalArgumentException: expect to get instruction without BasicBlock already set
	at org.evosuite.graphs.cfg.BasicBlock.appendInstruction(BasicBlock.java:225)
	at org.evosuite.graphs.cfg.BasicBlock.setInstructions(BasicBlock.java:206)
	at org.evosuite.graphs.cfg.BasicBlock.<init>(BasicBlock.java:106)
	at org.evosuite.graphs.cfg.RawControlFlowGraph.determineBasicBlockFor(RawControlFlowGraph.java:314)
	at org.evosuite.graphs.cfg.ActualControlFlowGraph.computeNodes(ActualControlFlowGraph.java:295)
	at org.evosuite.graphs.cfg.ActualControlFlowGraph.computeGraph(ActualControlFlowGraph.java:262)
	at org.evosuite.graphs.cfg.ActualControlFlowGraph.<init>(ActualControlFlowGraph.java:97)
	at org.evosuite.graphs.cfg.CFGGenerator.computeActualCFG(CFGGenerator.java:218)
	at org.evosuite.graphs.cfg.CFGGenerator.registerCFGs(CFGGenerator.java:102)
	at org.evosuite.graphs.cfg.CFGMethodAdapter.visitEnd(CFGMethodAdapter.java:219)
	at org.evosuite.shaded.org.objectweb.asm.MethodVisitor.visitEnd(MethodVisitor.java:783)
	at org.evosuite.shaded.org.objectweb.asm.MethodVisitor.visitEnd(MethodVisitor.java:783)
	at org.evosuite.shaded.org.objectweb.asm.MethodVisitor.visitEnd(MethodVisitor.java:783)
	at org.evosuite.shaded.org.objectweb.asm.tree.MethodNode.accept(MethodNode.java:772)
	at org.evosuite.shaded.org.objectweb.asm.tree.MethodNode.accept(MethodNode.java:649)
	at org.evosuite.shaded.org.objectweb.asm.tree.ClassNode.accept(ClassNode.java:452)
	at org.evosuite.instrumentation.BytecodeInstrumentation.transformBytes(BytecodeInstrumentation.java:282)
	at org.evosuite.instrumentation.InstrumentingClassLoader.getTransformedBytes(InstrumentingClassLoader.java:135)
	at org.evosuite.instrumentation.InstrumentingClassLoader.instrumentClass(InstrumentingClassLoader.java:149)
	... 77 common frames omitted
[Progress:==>                           8%] [Cov:====================>              59%][Progress:==>                           8%] [Cov:=====================>             61%][Progress:==>                           8%] [Cov:=====================>             62%][Progress:==>                           8%] [Cov:======================>            63%][Progress:==>                           8%] [Cov:======================>            64%][Progress:==>                           8%] [Cov:======================>            65%][Progress:==>                           8%] [Cov:======================>            65%][Progress:==>                           9%] [Cov:======================>            65%][Progress:==>                           9%] [Cov:======================>            64%][Progress:==>                           9%] [Cov:======================>            65%][MASTER] 20:17:06.999 [logback-1] WARN  ClientNodeImpl - Cannot send statistics to master; continuing without statistics
java.rmi.ServerException: RemoteException occurred in server thread; nested exception is: 
	java.rmi.UnmarshalException: error unmarshalling arguments; nested exception is: 
	java.lang.ClassNotFoundException: expect to get instruction without BasicBlock already set
	at java.rmi/sun.rmi.server.UnicastServerRef.dispatch(UnicastServerRef.java:391)
	at java.rmi/sun.rmi.transport.Transport$1.run(Transport.java:200)
	at java.rmi/sun.rmi.transport.Transport$1.run(Transport.java:197)
	at java.base/java.security.AccessController.doPrivileged(Native Method)
	at java.rmi/sun.rmi.transport.Transport.serviceCall(Transport.java:196)
	at java.rmi/sun.rmi.transport.tcp.TCPTransport.handleMessages(TCPTransport.java:562)
	at java.rmi/sun.rmi.transport.tcp.TCPTransport$ConnectionHandler.run0(TCPTransport.java:796)
	at java.rmi/sun.rmi.transport.tcp.TCPTransport$ConnectionHandler.lambda$run$0(TCPTransport.java:677)
	at java.base/java.security.AccessController.doPrivileged(Native Method)
	at java.rmi/sun.rmi.transport.tcp.TCPTransport$ConnectionHandler.run(TCPTransport.java:676)
	at java.base/java.util.concurrent.ThreadPoolExecutor.runWorker(ThreadPoolExecutor.java:1128)
	at java.base/java.util.concurrent.ThreadPoolExecutor$Worker.run(ThreadPoolExecutor.java:628)
	at java.base/java.lang.Thread.run(Thread.java:829)
	at java.rmi/sun.rmi.transport.StreamRemoteCall.exceptionReceivedFromServer(StreamRemoteCall.java:303)
	at java.rmi/sun.rmi.transport.StreamRemoteCall.executeCall(StreamRemoteCall.java:279)
	at java.rmi/sun.rmi.server.UnicastRef.invoke(UnicastRef.java:164)
	at java.rmi/java.rmi.server.RemoteObjectInvocationHandler.invokeRemoteMethod(RemoteObjectInvocationHandler.java:217)
	at java.rmi/java.rmi.server.RemoteObjectInvocationHandler.invoke(RemoteObjectInvocationHandler.java:162)
	at com.sun.proxy.$Proxy7.evosuite_collectStatistics(Unknown Source)
	at org.evosuite.rmi.service.ClientNodeImpl.updateStatistics(ClientNodeImpl.java:251)
	at org.evosuite.statistics.StatisticsSender.sendIndividualToMaster(StatisticsSender.java:62)
	at org.evosuite.statistics.StatisticsListener.lambda$new$0(StatisticsListener.java:76)
	at java.base/java.lang.Thread.run(Thread.java:829)
Caused by: java.rmi.UnmarshalException: error unmarshalling arguments; nested exception is: 
	java.lang.ClassNotFoundException: expect to get instruction without BasicBlock already set
	at java.rmi/sun.rmi.server.UnicastServerRef.dispatch(UnicastServerRef.java:350)
	at java.rmi/sun.rmi.transport.Transport$1.run(Transport.java:200)
	at java.rmi/sun.rmi.transport.Transport$1.run(Transport.java:197)
	at java.base/java.security.AccessController.doPrivileged(Native Method)
	at java.rmi/sun.rmi.transport.Transport.serviceCall(Transport.java:196)
	at java.rmi/sun.rmi.transport.tcp.TCPTransport.handleMessages(TCPTransport.java:562)
	at java.rmi/sun.rmi.transport.tcp.TCPTransport$ConnectionHandler.run0(TCPTransport.java:796)
	at java.rmi/sun.rmi.transport.tcp.TCPTransport$ConnectionHandler.lambda$run$0(TCPTransport.java:677)
	at java.base/java.security.AccessController.doPrivileged(Native Method)
	at java.rmi/sun.rmi.transport.tcp.TCPTransport$ConnectionHandler.run(TCPTransport.java:676)
	at java.base/java.util.concurrent.ThreadPoolExecutor.runWorker(ThreadPoolExecutor.java:1128)
	at java.base/java.util.concurrent.ThreadPoolExecutor$Worker.run(ThreadPoolExecutor.java:628)
	... 1 common frames omitted
Caused by: java.lang.ClassNotFoundException: expect to get instruction without BasicBlock already set
	at org.evosuite.instrumentation.InstrumentingClassLoader.instrumentClass(InstrumentingClassLoader.java:158)
	at org.evosuite.instrumentation.InstrumentingClassLoader.loadClass(InstrumentingClassLoader.java:126)
	at org.evosuite.utils.generic.GenericClassImpl.getClass(GenericClassImpl.java:139)
	at org.evosuite.utils.generic.GenericClassImpl.getClass(GenericClassImpl.java:105)
	at org.evosuite.utils.generic.GenericClassImpl.readObject(GenericClassImpl.java:1671)
	at jdk.internal.reflect.GeneratedMethodAccessor9.invoke(Unknown Source)
	at java.base/jdk.internal.reflect.DelegatingMethodAccessorImpl.invoke(DelegatingMethodAccessorImpl.java:43)
	at java.base/java.lang.reflect.Method.invoke(Method.java:566)
	at java.base/java.io.ObjectStreamClass.invokeReadObject(ObjectStreamClass.java:1046)
	at java.base/java.io.ObjectInputStream.readSerialData(ObjectInputStream.java:2357)
	at java.base/java.io.ObjectInputStream.readOrdinaryObject(ObjectInputStream.java:2228)
	at java.base/java.io.ObjectInputStream.readObject0(ObjectInputStream.java:1687)
	at java.base/java.io.ObjectInputStream.defaultReadFields(ObjectInputStream.java:2496)
	at java.base/java.io.ObjectInputStream.readSerialData(ObjectInputStream.java:2390)
	at java.base/java.io.ObjectInputStream.readOrdinaryObject(ObjectInputStream.java:2228)
	at java.base/java.io.ObjectInputStream.readObject0(ObjectInputStream.java:1687)
	at java.base/java.io.ObjectInputStream.defaultReadFields(ObjectInputStream.java:2496)
	at java.base/java.io.ObjectInputStream.readSerialData(ObjectInputStream.java:2390)
	at java.base/java.io.ObjectInputStream.readOrdinaryObject(ObjectInputStream.java:2228)
	at java.base/java.io.ObjectInputStream.readObject0(ObjectInputStream.java:1687)
	at java.base/java.io.ObjectInputStream.readObject(ObjectInputStream.java:489)
	at java.base/java.io.ObjectInputStream.readObject(ObjectInputStream.java:447)
	at java.base/java.util.ArrayList.readObject(ArrayList.java:929)
	at java.base/jdk.internal.reflect.GeneratedMethodAccessor7.invoke(Unknown Source)
	at java.base/jdk.internal.reflect.DelegatingMethodAccessorImpl.invoke(DelegatingMethodAccessorImpl.java:43)
	at java.base/java.lang.reflect.Method.invoke(Method.java:566)
	at java.base/java.io.ObjectStreamClass.invokeReadObject(ObjectStreamClass.java:1046)
	at java.base/java.io.ObjectInputStream.readSerialData(ObjectInputStream.java:2357)
	at java.base/java.io.ObjectInputStream.readOrdinaryObject(ObjectInputStream.java:2228)
	at java.base/java.io.ObjectInputStream.readObject0(ObjectInputStream.java:1687)
	at java.base/java.io.ObjectInputStream.defaultReadFields(ObjectInputStream.java:2496)
	at java.base/java.io.ObjectInputStream.readSerialData(ObjectInputStream.java:2390)
	at java.base/java.io.ObjectInputStream.readOrdinaryObject(ObjectInputStream.java:2228)
	at java.base/java.io.ObjectInputStream.readObject0(ObjectInputStream.java:1687)
	at java.base/java.io.ObjectInputStream.defaultReadFields(ObjectInputStream.java:2496)
	at java.base/java.io.ObjectInputStream.defaultReadObject(ObjectInputStream.java:625)
	at org.evosuite.testcase.DefaultTestCase.readObject(DefaultTestCase.java:1217)
	at jdk.internal.reflect.GeneratedMethodAccessor16.invoke(Unknown Source)
	at java.base/jdk.internal.reflect.DelegatingMethodAccessorImpl.invoke(DelegatingMethodAccessorImpl.java:43)
	at java.base/java.lang.reflect.Method.invoke(Method.java:566)
	at java.base/java.io.ObjectStreamClass.invokeReadObject(ObjectStreamClass.java:1046)
	at java.base/java.io.ObjectInputStream.readSerialData(ObjectInputStream.java:2357)
	at java.base/java.io.ObjectInputStream.readOrdinaryObject(ObjectInputStream.java:2228)
	at java.base/java.io.ObjectInputStream.readObject0(ObjectInputStream.java:1687)
	at java.base/java.io.ObjectInputStream.defaultReadFields(ObjectInputStream.java:2496)
	at java.base/java.io.ObjectInputStream.readSerialData(ObjectInputStream.java:2390)
	at java.base/java.io.ObjectInputStream.readOrdinaryObject(ObjectInputStream.java:2228)
	at java.base/java.io.ObjectInputStream.readObject0(ObjectInputStream.java:1687)
	at java.base/java.io.ObjectInputStream.readObject(ObjectInputStream.java:489)
	at java.base/java.io.ObjectInputStream.readObject(ObjectInputStream.java:447)
	at java.base/java.util.ArrayList.readObject(ArrayList.java:929)
	at java.base/jdk.internal.reflect.GeneratedMethodAccessor7.invoke(Unknown Source)
	at java.base/jdk.internal.reflect.DelegatingMethodAccessorImpl.invoke(DelegatingMethodAccessorImpl.java:43)
	at java.base/java.lang.reflect.Method.invoke(Method.java:566)
	at java.base/java.io.ObjectStreamClass.invokeReadObject(ObjectStreamClass.java:1046)
	at java.base/java.io.ObjectInputStream.readSerialData(ObjectInputStream.java:2357)
	at java.base/java.io.ObjectInputStream.readOrdinaryObject(ObjectInputStream.java:2228)
	at java.base/java.io.ObjectInputStream.readObject0(ObjectInputStream.java:1687)
	at java.base/java.io.ObjectInputStream.defaultReadFields(ObjectInputStream.java:2496)
	at java.base/java.io.ObjectInputStream.readSerialData(ObjectInputStream.java:2390)
	at java.base/java.io.ObjectInputStream.readOrdinaryObject(ObjectInputStream.java:2228)
	at java.base/java.io.ObjectInputStream.readObject0(ObjectInputStream.java:1687)
	at java.base/java.io.ObjectInputStream.readObject(ObjectInputStream.java:489)
	at java.base/java.io.ObjectInputStream.readObject(ObjectInputStream.java:447)
	at java.rmi/sun.rmi.server.UnicastRef.unmarshalValue(UnicastRef.java:327)
	at java.rmi/sun.rmi.server.UnicastServerRef.dispatch(UnicastServerRef.java:339)
	... 12 common frames omitted
Caused by: java.lang.IllegalArgumentException: expect to get instruction without BasicBlock already set
	at org.evosuite.graphs.cfg.BasicBlock.appendInstruction(BasicBlock.java:225)
	at org.evosuite.graphs.cfg.BasicBlock.setInstructions(BasicBlock.java:206)
	at org.evosuite.graphs.cfg.BasicBlock.<init>(BasicBlock.java:106)
	at org.evosuite.graphs.cfg.RawControlFlowGraph.determineBasicBlockFor(RawControlFlowGraph.java:314)
	at org.evosuite.graphs.cfg.ActualControlFlowGraph.computeNodes(ActualControlFlowGraph.java:295)
	at org.evosuite.graphs.cfg.ActualControlFlowGraph.computeGraph(ActualControlFlowGraph.java:262)
	at org.evosuite.graphs.cfg.ActualControlFlowGraph.<init>(ActualControlFlowGraph.java:97)
	at org.evosuite.graphs.cfg.CFGGenerator.computeActualCFG(CFGGenerator.java:218)
	at org.evosuite.graphs.cfg.CFGGenerator.registerCFGs(CFGGenerator.java:102)
	at org.evosuite.graphs.cfg.CFGMethodAdapter.visitEnd(CFGMethodAdapter.java:219)
	at org.evosuite.shaded.org.objectweb.asm.MethodVisitor.visitEnd(MethodVisitor.java:783)
	at org.evosuite.shaded.org.objectweb.asm.MethodVisitor.visitEnd(MethodVisitor.java:783)
	at org.evosuite.shaded.org.objectweb.asm.MethodVisitor.visitEnd(MethodVisitor.java:783)
	at org.evosuite.shaded.org.objectweb.asm.tree.MethodNode.accept(MethodNode.java:772)
	at org.evosuite.shaded.org.objectweb.asm.tree.MethodNode.accept(MethodNode.java:649)
	at org.evosuite.shaded.org.objectweb.asm.tree.ClassNode.accept(ClassNode.java:452)
	at org.evosuite.instrumentation.BytecodeInstrumentation.transformBytes(BytecodeInstrumentation.java:282)
	at org.evosuite.instrumentation.InstrumentingClassLoader.getTransformedBytes(InstrumentingClassLoader.java:135)
	at org.evosuite.instrumentation.InstrumentingClassLoader.instrumentClass(InstrumentingClassLoader.java:149)
	... 77 common frames omitted
[Progress:==>                           9%] [Cov:=======================>           66%][MASTER] 20:17:07.724 [logback-1] WARN  ClientNodeImpl - Cannot send statistics to master; continuing without statistics
java.rmi.ServerException: RemoteException occurred in server thread; nested exception is: 
	java.rmi.UnmarshalException: error unmarshalling arguments; nested exception is: 
	java.lang.ClassNotFoundException: expect to get instruction without BasicBlock already set
	at java.rmi/sun.rmi.server.UnicastServerRef.dispatch(UnicastServerRef.java:391)
	at java.rmi/sun.rmi.transport.Transport$1.run(Transport.java:200)
	at java.rmi/sun.rmi.transport.Transport$1.run(Transport.java:197)
	at java.base/java.security.AccessController.doPrivileged(Native Method)
	at java.rmi/sun.rmi.transport.Transport.serviceCall(Transport.java:196)
	at java.rmi/sun.rmi.transport.tcp.TCPTransport.handleMessages(TCPTransport.java:562)
	at java.rmi/sun.rmi.transport.tcp.TCPTransport$ConnectionHandler.run0(TCPTransport.java:796)
	at java.rmi/sun.rmi.transport.tcp.TCPTransport$ConnectionHandler.lambda$run$0(TCPTransport.java:677)
	at java.base/java.security.AccessController.doPrivileged(Native Method)
	at java.rmi/sun.rmi.transport.tcp.TCPTransport$ConnectionHandler.run(TCPTransport.java:676)
	at java.base/java.util.concurrent.ThreadPoolExecutor.runWorker(ThreadPoolExecutor.java:1128)
	at java.base/java.util.concurrent.ThreadPoolExecutor$Worker.run(ThreadPoolExecutor.java:628)
	at java.base/java.lang.Thread.run(Thread.java:829)
	at java.rmi/sun.rmi.transport.StreamRemoteCall.exceptionReceivedFromServer(StreamRemoteCall.java:303)
	at java.rmi/sun.rmi.transport.StreamRemoteCall.executeCall(StreamRemoteCall.java:279)
	at java.rmi/sun.rmi.server.UnicastRef.invoke(UnicastRef.java:164)
	at java.rmi/java.rmi.server.RemoteObjectInvocationHandler.invokeRemoteMethod(RemoteObjectInvocationHandler.java:217)
	at java.rmi/java.rmi.server.RemoteObjectInvocationHandler.invoke(RemoteObjectInvocationHandler.java:162)
	at com.sun.proxy.$Proxy7.evosuite_collectStatistics(Unknown Source)
	at org.evosuite.rmi.service.ClientNodeImpl.updateStatistics(ClientNodeImpl.java:251)
	at org.evosuite.statistics.StatisticsSender.sendIndividualToMaster(StatisticsSender.java:62)
	at org.evosuite.statistics.StatisticsListener.lambda$new$0(StatisticsListener.java:76)
	at java.base/java.lang.Thread.run(Thread.java:829)
Caused by: java.rmi.UnmarshalException: error unmarshalling arguments; nested exception is: 
	java.lang.ClassNotFoundException: expect to get instruction without BasicBlock already set
	at java.rmi/sun.rmi.server.UnicastServerRef.dispatch(UnicastServerRef.java:350)
	at java.rmi/sun.rmi.transport.Transport$1.run(Transport.java:200)
	at java.rmi/sun.rmi.transport.Transport$1.run(Transport.java:197)
	at java.base/java.security.AccessController.doPrivileged(Native Method)
	at java.rmi/sun.rmi.transport.Transport.serviceCall(Transport.java:196)
	at java.rmi/sun.rmi.transport.tcp.TCPTransport.handleMessages(TCPTransport.java:562)
	at java.rmi/sun.rmi.transport.tcp.TCPTransport$ConnectionHandler.run0(TCPTransport.java:796)
	at java.rmi/sun.rmi.transport.tcp.TCPTransport$ConnectionHandler.lambda$run$0(TCPTransport.java:677)
	at java.base/java.security.AccessController.doPrivileged(Native Method)
	at java.rmi/sun.rmi.transport.tcp.TCPTransport$ConnectionHandler.run(TCPTransport.java:676)
	at java.base/java.util.concurrent.ThreadPoolExecutor.runWorker(ThreadPoolExecutor.java:1128)
	at java.base/java.util.concurrent.ThreadPoolExecutor$Worker.run(ThreadPoolExecutor.java:628)
	... 1 common frames omitted
Caused by: java.lang.ClassNotFoundException: expect to get instruction without BasicBlock already set
	at org.evosuite.instrumentation.InstrumentingClassLoader.instrumentClass(InstrumentingClassLoader.java:158)
	at org.evosuite.instrumentation.InstrumentingClassLoader.loadClass(InstrumentingClassLoader.java:126)
	at org.evosuite.utils.generic.GenericClassImpl.getClass(GenericClassImpl.java:139)
	at org.evosuite.utils.generic.GenericClassImpl.getClass(GenericClassImpl.java:105)
	at org.evosuite.utils.generic.GenericClassImpl.readObject(GenericClassImpl.java:1671)
	at jdk.internal.reflect.GeneratedMethodAccessor9.invoke(Unknown Source)
	at java.base/jdk.internal.reflect.DelegatingMethodAccessorImpl.invoke(DelegatingMethodAccessorImpl.java:43)
	at java.base/java.lang.reflect.Method.invoke(Method.java:566)
	at java.base/java.io.ObjectStreamClass.invokeReadObject(ObjectStreamClass.java:1046)
	at java.base/java.io.ObjectInputStream.readSerialData(ObjectInputStream.java:2357)
	at java.base/java.io.ObjectInputStream.readOrdinaryObject(ObjectInputStream.java:2228)
	at java.base/java.io.ObjectInputStream.readObject0(ObjectInputStream.java:1687)
	at java.base/java.io.ObjectInputStream.defaultReadFields(ObjectInputStream.java:2496)
	at java.base/java.io.ObjectInputStream.readSerialData(ObjectInputStream.java:2390)
	at java.base/java.io.ObjectInputStream.readOrdinaryObject(ObjectInputStream.java:2228)
	at java.base/java.io.ObjectInputStream.readObject0(ObjectInputStream.java:1687)
	at java.base/java.io.ObjectInputStream.defaultReadFields(ObjectInputStream.java:2496)
	at java.base/java.io.ObjectInputStream.readSerialData(ObjectInputStream.java:2390)
	at java.base/java.io.ObjectInputStream.readOrdinaryObject(ObjectInputStream.java:2228)
	at java.base/java.io.ObjectInputStream.readObject0(ObjectInputStream.java:1687)
	at java.base/java.io.ObjectInputStream.readObject(ObjectInputStream.java:489)
	at java.base/java.io.ObjectInputStream.readObject(ObjectInputStream.java:447)
	at java.base/java.util.ArrayList.readObject(ArrayList.java:929)
	at java.base/jdk.internal.reflect.GeneratedMethodAccessor7.invoke(Unknown Source)
	at java.base/jdk.internal.reflect.DelegatingMethodAccessorImpl.invoke(DelegatingMethodAccessorImpl.java:43)
	at java.base/java.lang.reflect.Method.invoke(Method.java:566)
	at java.base/java.io.ObjectStreamClass.invokeReadObject(ObjectStreamClass.java:1046)
	at java.base/java.io.ObjectInputStream.readSerialData(ObjectInputStream.java:2357)
	at java.base/java.io.ObjectInputStream.readOrdinaryObject(ObjectInputStream.java:2228)
	at java.base/java.io.ObjectInputStream.readObject0(ObjectInputStream.java:1687)
	at java.base/java.io.ObjectInputStream.defaultReadFields(ObjectInputStream.java:2496)
	at java.base/java.io.ObjectInputStream.readSerialData(ObjectInputStream.java:2390)
	at java.base/java.io.ObjectInputStream.readOrdinaryObject(ObjectInputStream.java:2228)
	at java.base/java.io.ObjectInputStream.readObject0(ObjectInputStream.java:1687)
	at java.base/java.io.ObjectInputStream.defaultReadFields(ObjectInputStream.java:2496)
	at java.base/java.io.ObjectInputStream.defaultReadObject(ObjectInputStream.java:625)
	at org.evosuite.testcase.DefaultTestCase.readObject(DefaultTestCase.java:1217)
	at jdk.internal.reflect.GeneratedMethodAccessor16.invoke(Unknown Source)
	at java.base/jdk.internal.reflect.DelegatingMethodAccessorImpl.invoke(DelegatingMethodAccessorImpl.java:43)
	at java.base/java.lang.reflect.Method.invoke(Method.java:566)
	at java.base/java.io.ObjectStreamClass.invokeReadObject(ObjectStreamClass.java:1046)
	at java.base/java.io.ObjectInputStream.readSerialData(ObjectInputStream.java:2357)
	at java.base/java.io.ObjectInputStream.readOrdinaryObject(ObjectInputStream.java:2228)
	at java.base/java.io.ObjectInputStream.readObject0(ObjectInputStream.java:1687)
	at java.base/java.io.ObjectInputStream.defaultReadFields(ObjectInputStream.java:2496)
	at java.base/java.io.ObjectInputStream.readSerialData(ObjectInputStream.java:2390)
	at java.base/java.io.ObjectInputStream.readOrdinaryObject(ObjectInputStream.java:2228)
	at java.base/java.io.ObjectInputStream.readObject0(ObjectInputStream.java:1687)
	at java.base/java.io.ObjectInputStream.readObject(ObjectInputStream.java:489)
	at java.base/java.io.ObjectInputStream.readObject(ObjectInputStream.java:447)
	at java.base/java.util.ArrayList.readObject(ArrayList.java:929)
	at java.base/jdk.internal.reflect.GeneratedMethodAccessor7.invoke(Unknown Source)
	at java.base/jdk.internal.reflect.DelegatingMethodAccessorImpl.invoke(DelegatingMethodAccessorImpl.java:43)
	at java.base/java.lang.reflect.Method.invoke(Method.java:566)
	at java.base/java.io.ObjectStreamClass.invokeReadObject(ObjectStreamClass.java:1046)
	at java.base/java.io.ObjectInputStream.readSerialData(ObjectInputStream.java:2357)
	at java.base/java.io.ObjectInputStream.readOrdinaryObject(ObjectInputStream.java:2228)
	at java.base/java.io.ObjectInputStream.readObject0(ObjectInputStream.java:1687)
	at java.base/java.io.ObjectInputStream.defaultReadFields(ObjectInputStream.java:2496)
	at java.base/java.io.ObjectInputStream.readSerialData(ObjectInputStream.java:2390)
	at java.base/java.io.ObjectInputStream.readOrdinaryObject(ObjectInputStream.java:2228)
	at java.base/java.io.ObjectInputStream.readObject0(ObjectInputStream.java:1687)
	at java.base/java.io.ObjectInputStream.readObject(ObjectInputStream.java:489)
	at java.base/java.io.ObjectInputStream.readObject(ObjectInputStream.java:447)
	at java.rmi/sun.rmi.server.UnicastRef.unmarshalValue(UnicastRef.java:327)
	at java.rmi/sun.rmi.server.UnicastServerRef.dispatch(UnicastServerRef.java:339)
	... 12 common frames omitted
Caused by: java.lang.IllegalArgumentException: expect to get instruction without BasicBlock already set
	at org.evosuite.graphs.cfg.BasicBlock.appendInstruction(BasicBlock.java:225)
	at org.evosuite.graphs.cfg.BasicBlock.setInstructions(BasicBlock.java:206)
	at org.evosuite.graphs.cfg.BasicBlock.<init>(BasicBlock.java:106)
	at org.evosuite.graphs.cfg.RawControlFlowGraph.determineBasicBlockFor(RawControlFlowGraph.java:314)
	at org.evosuite.graphs.cfg.ActualControlFlowGraph.computeNodes(ActualControlFlowGraph.java:295)
	at org.evosuite.graphs.cfg.ActualControlFlowGraph.computeGraph(ActualControlFlowGraph.java:262)
	at org.evosuite.graphs.cfg.ActualControlFlowGraph.<init>(ActualControlFlowGraph.java:97)
	at org.evosuite.graphs.cfg.CFGGenerator.computeActualCFG(CFGGenerator.java:218)
	at org.evosuite.graphs.cfg.CFGGenerator.registerCFGs(CFGGenerator.java:102)
	at org.evosuite.graphs.cfg.CFGMethodAdapter.visitEnd(CFGMethodAdapter.java:219)
	at org.evosuite.shaded.org.objectweb.asm.MethodVisitor.visitEnd(MethodVisitor.java:783)
	at org.evosuite.shaded.org.objectweb.asm.MethodVisitor.visitEnd(MethodVisitor.java:783)
	at org.evosuite.shaded.org.objectweb.asm.MethodVisitor.visitEnd(MethodVisitor.java:783)
	at org.evosuite.shaded.org.objectweb.asm.tree.MethodNode.accept(MethodNode.java:772)
	at org.evosuite.shaded.org.objectweb.asm.tree.MethodNode.accept(MethodNode.java:649)
	at org.evosuite.shaded.org.objectweb.asm.tree.ClassNode.accept(ClassNode.java:452)
	at org.evosuite.instrumentation.BytecodeInstrumentation.transformBytes(BytecodeInstrumentation.java:282)
	at org.evosuite.instrumentation.InstrumentingClassLoader.getTransformedBytes(InstrumentingClassLoader.java:135)
	at org.evosuite.instrumentation.InstrumentingClassLoader.instrumentClass(InstrumentingClassLoader.java:149)
	... 77 common frames omitted
[Progress:===>                          10%] [Cov:======================>            64%][Progress:===>                          10%] [Cov:======================>            64%][Progress:===>                          10%] [Cov:=======================>           66%][Progress:===>                          11%] [Cov:======================>            65%][Progress:===>                          11%] [Cov:=======================>           66%][Progress:===>                          11%] [Cov:=======================>           67%][Progress:===>                          11%] [Cov:=======================>           68%][Progress:===>                          11%] [Cov:=======================>           66%][Progress:===>                          11%] [Cov:=======================>           68%][Progress:===>                          12%] [Cov:=======================>           68%][Progress:===>                          12%] [Cov:========================>          69%][MASTER] 20:17:11.261 [logback-1] WARN  ClientNodeImpl - Cannot send statistics to master; continuing without statistics
java.rmi.ServerException: RemoteException occurred in server thread; nested exception is: 
	java.rmi.UnmarshalException: error unmarshalling arguments; nested exception is: 
	java.lang.ClassNotFoundException: expect to get instruction without BasicBlock already set
	at java.rmi/sun.rmi.server.UnicastServerRef.dispatch(UnicastServerRef.java:391)
	at java.rmi/sun.rmi.transport.Transport$1.run(Transport.java:200)
	at java.rmi/sun.rmi.transport.Transport$1.run(Transport.java:197)
	at java.base/java.security.AccessController.doPrivileged(Native Method)
	at java.rmi/sun.rmi.transport.Transport.serviceCall(Transport.java:196)
	at java.rmi/sun.rmi.transport.tcp.TCPTransport.handleMessages(TCPTransport.java:562)
	at java.rmi/sun.rmi.transport.tcp.TCPTransport$ConnectionHandler.run0(TCPTransport.java:796)
	at java.rmi/sun.rmi.transport.tcp.TCPTransport$ConnectionHandler.lambda$run$0(TCPTransport.java:677)
	at java.base/java.security.AccessController.doPrivileged(Native Method)
	at java.rmi/sun.rmi.transport.tcp.TCPTransport$ConnectionHandler.run(TCPTransport.java:676)
	at java.base/java.util.concurrent.ThreadPoolExecutor.runWorker(ThreadPoolExecutor.java:1128)
	at java.base/java.util.concurrent.ThreadPoolExecutor$Worker.run(ThreadPoolExecutor.java:628)
	at java.base/java.lang.Thread.run(Thread.java:829)
	at java.rmi/sun.rmi.transport.StreamRemoteCall.exceptionReceivedFromServer(StreamRemoteCall.java:303)
	at java.rmi/sun.rmi.transport.StreamRemoteCall.executeCall(StreamRemoteCall.java:279)
	at java.rmi/sun.rmi.server.UnicastRef.invoke(UnicastRef.java:164)
	at java.rmi/java.rmi.server.RemoteObjectInvocationHandler.invokeRemoteMethod(RemoteObjectInvocationHandler.java:217)
	at java.rmi/java.rmi.server.RemoteObjectInvocationHandler.invoke(RemoteObjectInvocationHandler.java:162)
	at com.sun.proxy.$Proxy7.evosuite_collectStatistics(Unknown Source)
	at org.evosuite.rmi.service.ClientNodeImpl.updateStatistics(ClientNodeImpl.java:251)
	at org.evosuite.statistics.StatisticsSender.sendIndividualToMaster(StatisticsSender.java:62)
	at org.evosuite.statistics.StatisticsListener.lambda$new$0(StatisticsListener.java:76)
	at java.base/java.lang.Thread.run(Thread.java:829)
Caused by: java.rmi.UnmarshalException: error unmarshalling arguments; nested exception is: 
	java.lang.ClassNotFoundException: expect to get instruction without BasicBlock already set
	at java.rmi/sun.rmi.server.UnicastServerRef.dispatch(UnicastServerRef.java:350)
	at java.rmi/sun.rmi.transport.Transport$1.run(Transport.java:200)
	at java.rmi/sun.rmi.transport.Transport$1.run(Transport.java:197)
	at java.base/java.security.AccessController.doPrivileged(Native Method)
	at java.rmi/sun.rmi.transport.Transport.serviceCall(Transport.java:196)
	at java.rmi/sun.rmi.transport.tcp.TCPTransport.handleMessages(TCPTransport.java:562)
	at java.rmi/sun.rmi.transport.tcp.TCPTransport$ConnectionHandler.run0(TCPTransport.java:796)
	at java.rmi/sun.rmi.transport.tcp.TCPTransport$ConnectionHandler.lambda$run$0(TCPTransport.java:677)
	at java.base/java.security.AccessController.doPrivileged(Native Method)
	at java.rmi/sun.rmi.transport.tcp.TCPTransport$ConnectionHandler.run(TCPTransport.java:676)
	at java.base/java.util.concurrent.ThreadPoolExecutor.runWorker(ThreadPoolExecutor.java:1128)
	at java.base/java.util.concurrent.ThreadPoolExecutor$Worker.run(ThreadPoolExecutor.java:628)
	... 1 common frames omitted
Caused by: java.lang.ClassNotFoundException: expect to get instruction without BasicBlock already set
	at org.evosuite.instrumentation.InstrumentingClassLoader.instrumentClass(InstrumentingClassLoader.java:158)
	at org.evosuite.instrumentation.InstrumentingClassLoader.loadClass(InstrumentingClassLoader.java:126)
	at org.evosuite.utils.generic.GenericClassImpl.getClass(GenericClassImpl.java:139)
	at org.evosuite.utils.generic.GenericClassImpl.getClass(GenericClassImpl.java:105)
	at org.evosuite.utils.generic.GenericClassImpl.readObject(GenericClassImpl.java:1671)
	at jdk.internal.reflect.GeneratedMethodAccessor9.invoke(Unknown Source)
	at java.base/jdk.internal.reflect.DelegatingMethodAccessorImpl.invoke(DelegatingMethodAccessorImpl.java:43)
	at java.base/java.lang.reflect.Method.invoke(Method.java:566)
	at java.base/java.io.ObjectStreamClass.invokeReadObject(ObjectStreamClass.java:1046)
	at java.base/java.io.ObjectInputStream.readSerialData(ObjectInputStream.java:2357)
	at java.base/java.io.ObjectInputStream.readOrdinaryObject(ObjectInputStream.java:2228)
	at java.base/java.io.ObjectInputStream.readObject0(ObjectInputStream.java:1687)
	at java.base/java.io.ObjectInputStream.defaultReadFields(ObjectInputStream.java:2496)
	at java.base/java.io.ObjectInputStream.readSerialData(ObjectInputStream.java:2390)
	at java.base/java.io.ObjectInputStream.readOrdinaryObject(ObjectInputStream.java:2228)
	at java.base/java.io.ObjectInputStream.readObject0(ObjectInputStream.java:1687)
	at java.base/java.io.ObjectInputStream.defaultReadFields(ObjectInputStream.java:2496)
	at java.base/java.io.ObjectInputStream.readSerialData(ObjectInputStream.java:2390)
	at java.base/java.io.ObjectInputStream.readOrdinaryObject(ObjectInputStream.java:2228)
	at java.base/java.io.ObjectInputStream.readObject0(ObjectInputStream.java:1687)
	at java.base/java.io.ObjectInputStream.readObject(ObjectInputStream.java:489)
	at java.base/java.io.ObjectInputStream.readObject(ObjectInputStream.java:447)
	at java.base/java.util.ArrayList.readObject(ArrayList.java:929)
	at java.base/jdk.internal.reflect.GeneratedMethodAccessor7.invoke(Unknown Source)
	at java.base/jdk.internal.reflect.DelegatingMethodAccessorImpl.invoke(DelegatingMethodAccessorImpl.java:43)
	at java.base/java.lang.reflect.Method.invoke(Method.java:566)
	at java.base/java.io.ObjectStreamClass.invokeReadObject(ObjectStreamClass.java:1046)
	at java.base/java.io.ObjectInputStream.readSerialData(ObjectInputStream.java:2357)
	at java.base/java.io.ObjectInputStream.readOrdinaryObject(ObjectInputStream.java:2228)
	at java.base/java.io.ObjectInputStream.readObject0(ObjectInputStream.java:1687)
	at java.base/java.io.ObjectInputStream.defaultReadFields(ObjectInputStream.java:2496)
	at java.base/java.io.ObjectInputStream.readSerialData(ObjectInputStream.java:2390)
	at java.base/java.io.ObjectInputStream.readOrdinaryObject(ObjectInputStream.java:2228)
	at java.base/java.io.ObjectInputStream.readObject0(ObjectInputStream.java:1687)
	at java.base/java.io.ObjectInputStream.defaultReadFields(ObjectInputStream.java:2496)
	at java.base/java.io.ObjectInputStream.defaultReadObject(ObjectInputStream.java:625)
	at org.evosuite.testcase.DefaultTestCase.readObject(DefaultTestCase.java:1217)
	at jdk.internal.reflect.GeneratedMethodAccessor16.invoke(Unknown Source)
	at java.base/jdk.internal.reflect.DelegatingMethodAccessorImpl.invoke(DelegatingMethodAccessorImpl.java:43)
	at java.base/java.lang.reflect.Method.invoke(Method.java:566)
	at java.base/java.io.ObjectStreamClass.invokeReadObject(ObjectStreamClass.java:1046)
	at java.base/java.io.ObjectInputStream.readSerialData(ObjectInputStream.java:2357)
	at java.base/java.io.ObjectInputStream.readOrdinaryObject(ObjectInputStream.java:2228)
	at java.base/java.io.ObjectInputStream.readObject0(ObjectInputStream.java:1687)
	at java.base/java.io.ObjectInputStream.defaultReadFields(ObjectInputStream.java:2496)
	at java.base/java.io.ObjectInputStream.readSerialData(ObjectInputStream.java:2390)
	at java.base/java.io.ObjectInputStream.readOrdinaryObject(ObjectInputStream.java:2228)
	at java.base/java.io.ObjectInputStream.readObject0(ObjectInputStream.java:1687)
	at java.base/java.io.ObjectInputStream.readObject(ObjectInputStream.java:489)
	at java.base/java.io.ObjectInputStream.readObject(ObjectInputStream.java:447)
	at java.base/java.util.ArrayList.readObject(ArrayList.java:929)
	at java.base/jdk.internal.reflect.GeneratedMethodAccessor7.invoke(Unknown Source)
	at java.base/jdk.internal.reflect.DelegatingMethodAccessorImpl.invoke(DelegatingMethodAccessorImpl.java:43)
	at java.base/java.lang.reflect.Method.invoke(Method.java:566)
	at java.base/java.io.ObjectStreamClass.invokeReadObject(ObjectStreamClass.java:1046)
	at java.base/java.io.ObjectInputStream.readSerialData(ObjectInputStream.java:2357)
	at java.base/java.io.ObjectInputStream.readOrdinaryObject(ObjectInputStream.java:2228)
	at java.base/java.io.ObjectInputStream.readObject0(ObjectInputStream.java:1687)
	at java.base/java.io.ObjectInputStream.defaultReadFields(ObjectInputStream.java:2496)
	at java.base/java.io.ObjectInputStream.readSerialData(ObjectInputStream.java:2390)
	at java.base/java.io.ObjectInputStream.readOrdinaryObject(ObjectInputStream.java:2228)
	at java.base/java.io.ObjectInputStream.readObject0(ObjectInputStream.java:1687)
	at java.base/java.io.ObjectInputStream.readObject(ObjectInputStream.java:489)
	at java.base/java.io.ObjectInputStream.readObject(ObjectInputStream.java:447)
	at java.rmi/sun.rmi.server.UnicastRef.unmarshalValue(UnicastRef.java:327)
	at java.rmi/sun.rmi.server.UnicastServerRef.dispatch(UnicastServerRef.java:339)
	... 12 common frames omitted
Caused by: java.lang.IllegalArgumentException: expect to get instruction without BasicBlock already set
	at org.evosuite.graphs.cfg.BasicBlock.appendInstruction(BasicBlock.java:225)
	at org.evosuite.graphs.cfg.BasicBlock.setInstructions(BasicBlock.java:206)
	at org.evosuite.graphs.cfg.BasicBlock.<init>(BasicBlock.java:106)
	at org.evosuite.graphs.cfg.RawControlFlowGraph.determineBasicBlockFor(RawControlFlowGraph.java:314)
	at org.evosuite.graphs.cfg.ActualControlFlowGraph.computeNodes(ActualControlFlowGraph.java:295)
	at org.evosuite.graphs.cfg.ActualControlFlowGraph.computeGraph(ActualControlFlowGraph.java:262)
	at org.evosuite.graphs.cfg.ActualControlFlowGraph.<init>(ActualControlFlowGraph.java:97)
	at org.evosuite.graphs.cfg.CFGGenerator.computeActualCFG(CFGGenerator.java:218)
	at org.evosuite.graphs.cfg.CFGGenerator.registerCFGs(CFGGenerator.java:102)
	at org.evosuite.graphs.cfg.CFGMethodAdapter.visitEnd(CFGMethodAdapter.java:219)
	at org.evosuite.shaded.org.objectweb.asm.MethodVisitor.visitEnd(MethodVisitor.java:783)
	at org.evosuite.shaded.org.objectweb.asm.MethodVisitor.visitEnd(MethodVisitor.java:783)
	at org.evosuite.shaded.org.objectweb.asm.MethodVisitor.visitEnd(MethodVisitor.java:783)
	at org.evosuite.shaded.org.objectweb.asm.tree.MethodNode.accept(MethodNode.java:772)
	at org.evosuite.shaded.org.objectweb.asm.tree.MethodNode.accept(MethodNode.java:649)
	at org.evosuite.shaded.org.objectweb.asm.tree.ClassNode.accept(ClassNode.java:452)
	at org.evosuite.instrumentation.BytecodeInstrumentation.transformBytes(BytecodeInstrumentation.java:282)
	at org.evosuite.instrumentation.InstrumentingClassLoader.getTransformedBytes(InstrumentingClassLoader.java:135)
	at org.evosuite.instrumentation.InstrumentingClassLoader.instrumentClass(InstrumentingClassLoader.java:149)
	... 77 common frames omitted
[Progress:===>                          12%] [Cov:=======================>           66%][Progress:===>                          12%] [Cov:=======================>           68%][Progress:===>                          13%] [Cov:=======================>           68%][Progress:===>                          13%] [Cov:=======================>           67%][Progress:===>                          13%] [Cov:=======================>           68%][Progress:====>                         14%] [Cov:=======================>           67%][Progress:====>                         14%] [Cov:=======================>           68%][Progress:====>                         14%] [Cov:=======================>           68%][Progress:====>                         14%] [Cov:========================>          69%][MASTER] 20:17:13.505 [logback-1] WARN  ClientNodeImpl - Cannot send statistics to master; continuing without statistics
java.rmi.ServerException: RemoteException occurred in server thread; nested exception is: 
	java.rmi.UnmarshalException: error unmarshalling arguments; nested exception is: 
	java.lang.ClassNotFoundException: expect to get instruction without BasicBlock already set
	at java.rmi/sun.rmi.server.UnicastServerRef.dispatch(UnicastServerRef.java:391)
	at java.rmi/sun.rmi.transport.Transport$1.run(Transport.java:200)
	at java.rmi/sun.rmi.transport.Transport$1.run(Transport.java:197)
	at java.base/java.security.AccessController.doPrivileged(Native Method)
	at java.rmi/sun.rmi.transport.Transport.serviceCall(Transport.java:196)
	at java.rmi/sun.rmi.transport.tcp.TCPTransport.handleMessages(TCPTransport.java:562)
	at java.rmi/sun.rmi.transport.tcp.TCPTransport$ConnectionHandler.run0(TCPTransport.java:796)
	at java.rmi/sun.rmi.transport.tcp.TCPTransport$ConnectionHandler.lambda$run$0(TCPTransport.java:677)
	at java.base/java.security.AccessController.doPrivileged(Native Method)
	at java.rmi/sun.rmi.transport.tcp.TCPTransport$ConnectionHandler.run(TCPTransport.java:676)
	at java.base/java.util.concurrent.ThreadPoolExecutor.runWorker(ThreadPoolExecutor.java:1128)
	at java.base/java.util.concurrent.ThreadPoolExecutor$Worker.run(ThreadPoolExecutor.java:628)
	at java.base/java.lang.Thread.run(Thread.java:829)
	at java.rmi/sun.rmi.transport.StreamRemoteCall.exceptionReceivedFromServer(StreamRemoteCall.java:303)
	at java.rmi/sun.rmi.transport.StreamRemoteCall.executeCall(StreamRemoteCall.java:279)
	at java.rmi/sun.rmi.server.UnicastRef.invoke(UnicastRef.java:164)
	at java.rmi/java.rmi.server.RemoteObjectInvocationHandler.invokeRemoteMethod(RemoteObjectInvocationHandler.java:217)
	at java.rmi/java.rmi.server.RemoteObjectInvocationHandler.invoke(RemoteObjectInvocationHandler.java:162)
	at com.sun.proxy.$Proxy7.evosuite_collectStatistics(Unknown Source)
	at org.evosuite.rmi.service.ClientNodeImpl.updateStatistics(ClientNodeImpl.java:251)
	at org.evosuite.statistics.StatisticsSender.sendIndividualToMaster(StatisticsSender.java:62)
	at org.evosuite.statistics.StatisticsListener.lambda$new$0(StatisticsListener.java:76)
	at java.base/java.lang.Thread.run(Thread.java:829)
Caused by: java.rmi.UnmarshalException: error unmarshalling arguments; nested exception is: 
	java.lang.ClassNotFoundException: expect to get instruction without BasicBlock already set
	at java.rmi/sun.rmi.server.UnicastServerRef.dispatch(UnicastServerRef.java:350)
	at java.rmi/sun.rmi.transport.Transport$1.run(Transport.java:200)
	at java.rmi/sun.rmi.transport.Transport$1.run(Transport.java:197)
	at java.base/java.security.AccessController.doPrivileged(Native Method)
	at java.rmi/sun.rmi.transport.Transport.serviceCall(Transport.java:196)
	at java.rmi/sun.rmi.transport.tcp.TCPTransport.handleMessages(TCPTransport.java:562)
	at java.rmi/sun.rmi.transport.tcp.TCPTransport$ConnectionHandler.run0(TCPTransport.java:796)
	at java.rmi/sun.rmi.transport.tcp.TCPTransport$ConnectionHandler.lambda$run$0(TCPTransport.java:677)
	at java.base/java.security.AccessController.doPrivileged(Native Method)
	at java.rmi/sun.rmi.transport.tcp.TCPTransport$ConnectionHandler.run(TCPTransport.java:676)
	at java.base/java.util.concurrent.ThreadPoolExecutor.runWorker(ThreadPoolExecutor.java:1128)
	at java.base/java.util.concurrent.ThreadPoolExecutor$Worker.run(ThreadPoolExecutor.java:628)
	... 1 common frames omitted
Caused by: java.lang.ClassNotFoundException: expect to get instruction without BasicBlock already set
	at org.evosuite.instrumentation.InstrumentingClassLoader.instrumentClass(InstrumentingClassLoader.java:158)
	at org.evosuite.instrumentation.InstrumentingClassLoader.loadClass(InstrumentingClassLoader.java:126)
	at org.evosuite.utils.generic.GenericClassImpl.getClass(GenericClassImpl.java:139)
	at org.evosuite.utils.generic.GenericClassImpl.getClass(GenericClassImpl.java:105)
	at org.evosuite.utils.generic.GenericClassImpl.readObject(GenericClassImpl.java:1671)
	at jdk.internal.reflect.GeneratedMethodAccessor9.invoke(Unknown Source)
	at java.base/jdk.internal.reflect.DelegatingMethodAccessorImpl.invoke(DelegatingMethodAccessorImpl.java:43)
	at java.base/java.lang.reflect.Method.invoke(Method.java:566)
	at java.base/java.io.ObjectStreamClass.invokeReadObject(ObjectStreamClass.java:1046)
	at java.base/java.io.ObjectInputStream.readSerialData(ObjectInputStream.java:2357)
	at java.base/java.io.ObjectInputStream.readOrdinaryObject(ObjectInputStream.java:2228)
	at java.base/java.io.ObjectInputStream.readObject0(ObjectInputStream.java:1687)
	at java.base/java.io.ObjectInputStream.defaultReadFields(ObjectInputStream.java:2496)
	at java.base/java.io.ObjectInputStream.readSerialData(ObjectInputStream.java:2390)
	at java.base/java.io.ObjectInputStream.readOrdinaryObject(ObjectInputStream.java:2228)
	at java.base/java.io.ObjectInputStream.readObject0(ObjectInputStream.java:1687)
	at java.base/java.io.ObjectInputStream.defaultReadFields(ObjectInputStream.java:2496)
	at java.base/java.io.ObjectInputStream.readSerialData(ObjectInputStream.java:2390)
	at java.base/java.io.ObjectInputStream.readOrdinaryObject(ObjectInputStream.java:2228)
	at java.base/java.io.ObjectInputStream.readObject0(ObjectInputStream.java:1687)
	at java.base/java.io.ObjectInputStream.readObject(ObjectInputStream.java:489)
	at java.base/java.io.ObjectInputStream.readObject(ObjectInputStream.java:447)
	at java.base/java.util.ArrayList.readObject(ArrayList.java:929)
	at java.base/jdk.internal.reflect.GeneratedMethodAccessor7.invoke(Unknown Source)
	at java.base/jdk.internal.reflect.DelegatingMethodAccessorImpl.invoke(DelegatingMethodAccessorImpl.java:43)
	at java.base/java.lang.reflect.Method.invoke(Method.java:566)
	at java.base/java.io.ObjectStreamClass.invokeReadObject(ObjectStreamClass.java:1046)
	at java.base/java.io.ObjectInputStream.readSerialData(ObjectInputStream.java:2357)
	at java.base/java.io.ObjectInputStream.readOrdinaryObject(ObjectInputStream.java:2228)
	at java.base/java.io.ObjectInputStream.readObject0(ObjectInputStream.java:1687)
	at java.base/java.io.ObjectInputStream.defaultReadFields(ObjectInputStream.java:2496)
	at java.base/java.io.ObjectInputStream.readSerialData(ObjectInputStream.java:2390)
	at java.base/java.io.ObjectInputStream.readOrdinaryObject(ObjectInputStream.java:2228)
	at java.base/java.io.ObjectInputStream.readObject0(ObjectInputStream.java:1687)
	at java.base/java.io.ObjectInputStream.defaultReadFields(ObjectInputStream.java:2496)
	at java.base/java.io.ObjectInputStream.defaultReadObject(ObjectInputStream.java:625)
	at org.evosuite.testcase.DefaultTestCase.readObject(DefaultTestCase.java:1217)
	at jdk.internal.reflect.GeneratedMethodAccessor16.invoke(Unknown Source)
	at java.base/jdk.internal.reflect.DelegatingMethodAccessorImpl.invoke(DelegatingMethodAccessorImpl.java:43)
	at java.base/java.lang.reflect.Method.invoke(Method.java:566)
	at java.base/java.io.ObjectStreamClass.invokeReadObject(ObjectStreamClass.java:1046)
	at java.base/java.io.ObjectInputStream.readSerialData(ObjectInputStream.java:2357)
	at java.base/java.io.ObjectInputStream.readOrdinaryObject(ObjectInputStream.java:2228)
	at java.base/java.io.ObjectInputStream.readObject0(ObjectInputStream.java:1687)
	at java.base/java.io.ObjectInputStream.defaultReadFields(ObjectInputStream.java:2496)
	at java.base/java.io.ObjectInputStream.readSerialData(ObjectInputStream.java:2390)
	at java.base/java.io.ObjectInputStream.readOrdinaryObject(ObjectInputStream.java:2228)
	at java.base/java.io.ObjectInputStream.readObject0(ObjectInputStream.java:1687)
	at java.base/java.io.ObjectInputStream.readObject(ObjectInputStream.java:489)
	at java.base/java.io.ObjectInputStream.readObject(ObjectInputStream.java:447)
	at java.base/java.util.ArrayList.readObject(ArrayList.java:929)
	at java.base/jdk.internal.reflect.GeneratedMethodAccessor7.invoke(Unknown Source)
	at java.base/jdk.internal.reflect.DelegatingMethodAccessorImpl.invoke(DelegatingMethodAccessorImpl.java:43)
	at java.base/java.lang.reflect.Method.invoke(Method.java:566)
	at java.base/java.io.ObjectStreamClass.invokeReadObject(ObjectStreamClass.java:1046)
	at java.base/java.io.ObjectInputStream.readSerialData(ObjectInputStream.java:2357)
	at java.base/java.io.ObjectInputStream.readOrdinaryObject(ObjectInputStream.java:2228)
	at java.base/java.io.ObjectInputStream.readObject0(ObjectInputStream.java:1687)
	at java.base/java.io.ObjectInputStream.defaultReadFields(ObjectInputStream.java:2496)
	at java.base/java.io.ObjectInputStream.readSerialData(ObjectInputStream.java:2390)
	at java.base/java.io.ObjectInputStream.readOrdinaryObject(ObjectInputStream.java:2228)
	at java.base/java.io.ObjectInputStream.readObject0(ObjectInputStream.java:1687)
	at java.base/java.io.ObjectInputStream.readObject(ObjectInputStream.java:489)
	at java.base/java.io.ObjectInputStream.readObject(ObjectInputStream.java:447)
	at java.rmi/sun.rmi.server.UnicastRef.unmarshalValue(UnicastRef.java:327)
	at java.rmi/sun.rmi.server.UnicastServerRef.dispatch(UnicastServerRef.java:339)
	... 12 common frames omitted
Caused by: java.lang.IllegalArgumentException: expect to get instruction without BasicBlock already set
	at org.evosuite.graphs.cfg.BasicBlock.appendInstruction(BasicBlock.java:225)
	at org.evosuite.graphs.cfg.BasicBlock.setInstructions(BasicBlock.java:206)
	at org.evosuite.graphs.cfg.BasicBlock.<init>(BasicBlock.java:106)
	at org.evosuite.graphs.cfg.RawControlFlowGraph.determineBasicBlockFor(RawControlFlowGraph.java:314)
	at org.evosuite.graphs.cfg.ActualControlFlowGraph.computeNodes(ActualControlFlowGraph.java:295)
	at org.evosuite.graphs.cfg.ActualControlFlowGraph.computeGraph(ActualControlFlowGraph.java:262)
	at org.evosuite.graphs.cfg.ActualControlFlowGraph.<init>(ActualControlFlowGraph.java:97)
	at org.evosuite.graphs.cfg.CFGGenerator.computeActualCFG(CFGGenerator.java:218)
	at org.evosuite.graphs.cfg.CFGGenerator.registerCFGs(CFGGenerator.java:102)
	at org.evosuite.graphs.cfg.CFGMethodAdapter.visitEnd(CFGMethodAdapter.java:219)
	at org.evosuite.shaded.org.objectweb.asm.MethodVisitor.visitEnd(MethodVisitor.java:783)
	at org.evosuite.shaded.org.objectweb.asm.MethodVisitor.visitEnd(MethodVisitor.java:783)
	at org.evosuite.shaded.org.objectweb.asm.MethodVisitor.visitEnd(MethodVisitor.java:783)
	at org.evosuite.shaded.org.objectweb.asm.tree.MethodNode.accept(MethodNode.java:772)
	at org.evosuite.shaded.org.objectweb.asm.tree.MethodNode.accept(MethodNode.java:649)
	at org.evosuite.shaded.org.objectweb.asm.tree.ClassNode.accept(ClassNode.java:452)
	at org.evosuite.instrumentation.BytecodeInstrumentation.transformBytes(BytecodeInstrumentation.java:282)
	at org.evosuite.instrumentation.InstrumentingClassLoader.getTransformedBytes(InstrumentingClassLoader.java:135)
	at org.evosuite.instrumentation.InstrumentingClassLoader.instrumentClass(InstrumentingClassLoader.java:149)
	... 77 common frames omitted
[Progress:====>                         15%] [Cov:=======================>           68%][Progress:====>                         15%] [Cov:=======================>           68%][Progress:====>                         15%] [Cov:========================>          69%][Progress:====>                         15%] [Cov:========================>          69%]GWO iteration=20 bestFitness=433.6535575869433 population=50 a=1.6
========== GWO EVOLVE iteration=20 population=50 ==========
[Progress:====>                         16%] [Cov:=======================>           68%][Progress:====>                         16%] [Cov:========================>          69%][MASTER] 20:17:15.887 [logback-1] WARN  ClientNodeImpl - Cannot send statistics to master; continuing without statistics
java.rmi.ServerException: RemoteException occurred in server thread; nested exception is: 
	java.rmi.UnmarshalException: error unmarshalling arguments; nested exception is: 
	java.lang.ClassNotFoundException: expect to get instruction without BasicBlock already set
	at java.rmi/sun.rmi.server.UnicastServerRef.dispatch(UnicastServerRef.java:391)
	at java.rmi/sun.rmi.transport.Transport$1.run(Transport.java:200)
	at java.rmi/sun.rmi.transport.Transport$1.run(Transport.java:197)
	at java.base/java.security.AccessController.doPrivileged(Native Method)
	at java.rmi/sun.rmi.transport.Transport.serviceCall(Transport.java:196)
	at java.rmi/sun.rmi.transport.tcp.TCPTransport.handleMessages(TCPTransport.java:562)
	at java.rmi/sun.rmi.transport.tcp.TCPTransport$ConnectionHandler.run0(TCPTransport.java:796)
	at java.rmi/sun.rmi.transport.tcp.TCPTransport$ConnectionHandler.lambda$run$0(TCPTransport.java:677)
	at java.base/java.security.AccessController.doPrivileged(Native Method)
	at java.rmi/sun.rmi.transport.tcp.TCPTransport$ConnectionHandler.run(TCPTransport.java:676)
	at java.base/java.util.concurrent.ThreadPoolExecutor.runWorker(ThreadPoolExecutor.java:1128)
	at java.base/java.util.concurrent.ThreadPoolExecutor$Worker.run(ThreadPoolExecutor.java:628)
	at java.base/java.lang.Thread.run(Thread.java:829)
	at java.rmi/sun.rmi.transport.StreamRemoteCall.exceptionReceivedFromServer(StreamRemoteCall.java:303)
	at java.rmi/sun.rmi.transport.StreamRemoteCall.executeCall(StreamRemoteCall.java:279)
	at java.rmi/sun.rmi.server.UnicastRef.invoke(UnicastRef.java:164)
	at java.rmi/java.rmi.server.RemoteObjectInvocationHandler.invokeRemoteMethod(RemoteObjectInvocationHandler.java:217)
	at java.rmi/java.rmi.server.RemoteObjectInvocationHandler.invoke(RemoteObjectInvocationHandler.java:162)
	at com.sun.proxy.$Proxy7.evosuite_collectStatistics(Unknown Source)
	at org.evosuite.rmi.service.ClientNodeImpl.updateStatistics(ClientNodeImpl.java:251)
	at org.evosuite.statistics.StatisticsSender.sendIndividualToMaster(StatisticsSender.java:62)
	at org.evosuite.statistics.StatisticsListener.lambda$new$0(StatisticsListener.java:76)
	at java.base/java.lang.Thread.run(Thread.java:829)
Caused by: java.rmi.UnmarshalException: error unmarshalling arguments; nested exception is: 
	java.lang.ClassNotFoundException: expect to get instruction without BasicBlock already set
	at java.rmi/sun.rmi.server.UnicastServerRef.dispatch(UnicastServerRef.java:350)
	at java.rmi/sun.rmi.transport.Transport$1.run(Transport.java:200)
	at java.rmi/sun.rmi.transport.Transport$1.run(Transport.java:197)
	at java.base/java.security.AccessController.doPrivileged(Native Method)
	at java.rmi/sun.rmi.transport.Transport.serviceCall(Transport.java:196)
	at java.rmi/sun.rmi.transport.tcp.TCPTransport.handleMessages(TCPTransport.java:562)
	at java.rmi/sun.rmi.transport.tcp.TCPTransport$ConnectionHandler.run0(TCPTransport.java:796)
	at java.rmi/sun.rmi.transport.tcp.TCPTransport$ConnectionHandler.lambda$run$0(TCPTransport.java:677)
	at java.base/java.security.AccessController.doPrivileged(Native Method)
	at java.rmi/sun.rmi.transport.tcp.TCPTransport$ConnectionHandler.run(TCPTransport.java:676)
	at java.base/java.util.concurrent.ThreadPoolExecutor.runWorker(ThreadPoolExecutor.java:1128)
	at java.base/java.util.concurrent.ThreadPoolExecutor$Worker.run(ThreadPoolExecutor.java:628)
	... 1 common frames omitted
Caused by: java.lang.ClassNotFoundException: expect to get instruction without BasicBlock already set
	at org.evosuite.instrumentation.InstrumentingClassLoader.instrumentClass(InstrumentingClassLoader.java:158)
	at org.evosuite.instrumentation.InstrumentingClassLoader.loadClass(InstrumentingClassLoader.java:126)
	at org.evosuite.utils.generic.GenericClassImpl.getClass(GenericClassImpl.java:139)
	at org.evosuite.utils.generic.GenericClassImpl.getClass(GenericClassImpl.java:105)
	at org.evosuite.utils.generic.GenericClassImpl.readObject(GenericClassImpl.java:1671)
	at jdk.internal.reflect.GeneratedMethodAccessor9.invoke(Unknown Source)
	at java.base/jdk.internal.reflect.DelegatingMethodAccessorImpl.invoke(DelegatingMethodAccessorImpl.java:43)
	at java.base/java.lang.reflect.Method.invoke(Method.java:566)
	at java.base/java.io.ObjectStreamClass.invokeReadObject(ObjectStreamClass.java:1046)
	at java.base/java.io.ObjectInputStream.readSerialData(ObjectInputStream.java:2357)
	at java.base/java.io.ObjectInputStream.readOrdinaryObject(ObjectInputStream.java:2228)
	at java.base/java.io.ObjectInputStream.readObject0(ObjectInputStream.java:1687)
	at java.base/java.io.ObjectInputStream.defaultReadFields(ObjectInputStream.java:2496)
	at java.base/java.io.ObjectInputStream.readSerialData(ObjectInputStream.java:2390)
	at java.base/java.io.ObjectInputStream.readOrdinaryObject(ObjectInputStream.java:2228)
	at java.base/java.io.ObjectInputStream.readObject0(ObjectInputStream.java:1687)
	at java.base/java.io.ObjectInputStream.defaultReadFields(ObjectInputStream.java:2496)
	at java.base/java.io.ObjectInputStream.readSerialData(ObjectInputStream.java:2390)
	at java.base/java.io.ObjectInputStream.readOrdinaryObject(ObjectInputStream.java:2228)
	at java.base/java.io.ObjectInputStream.readObject0(ObjectInputStream.java:1687)
	at java.base/java.io.ObjectInputStream.readObject(ObjectInputStream.java:489)
	at java.base/java.io.ObjectInputStream.readObject(ObjectInputStream.java:447)
	at java.base/java.util.ArrayList.readObject(ArrayList.java:929)
	at java.base/jdk.internal.reflect.GeneratedMethodAccessor7.invoke(Unknown Source)
	at java.base/jdk.internal.reflect.DelegatingMethodAccessorImpl.invoke(DelegatingMethodAccessorImpl.java:43)
	at java.base/java.lang.reflect.Method.invoke(Method.java:566)
	at java.base/java.io.ObjectStreamClass.invokeReadObject(ObjectStreamClass.java:1046)
	at java.base/java.io.ObjectInputStream.readSerialData(ObjectInputStream.java:2357)
	at java.base/java.io.ObjectInputStream.readOrdinaryObject(ObjectInputStream.java:2228)
	at java.base/java.io.ObjectInputStream.readObject0(ObjectInputStream.java:1687)
	at java.base/java.io.ObjectInputStream.defaultReadFields(ObjectInputStream.java:2496)
	at java.base/java.io.ObjectInputStream.readSerialData(ObjectInputStream.java:2390)
	at java.base/java.io.ObjectInputStream.readOrdinaryObject(ObjectInputStream.java:2228)
	at java.base/java.io.ObjectInputStream.readObject0(ObjectInputStream.java:1687)
	at java.base/java.io.ObjectInputStream.defaultReadFields(ObjectInputStream.java:2496)
	at java.base/java.io.ObjectInputStream.defaultReadObject(ObjectInputStream.java:625)
	at org.evosuite.testcase.DefaultTestCase.readObject(DefaultTestCase.java:1217)
	at jdk.internal.reflect.GeneratedMethodAccessor16.invoke(Unknown Source)
	at java.base/jdk.internal.reflect.DelegatingMethodAccessorImpl.invoke(DelegatingMethodAccessorImpl.java:43)
	at java.base/java.lang.reflect.Method.invoke(Method.java:566)
	at java.base/java.io.ObjectStreamClass.invokeReadObject(ObjectStreamClass.java:1046)
	at java.base/java.io.ObjectInputStream.readSerialData(ObjectInputStream.java:2357)
	at java.base/java.io.ObjectInputStream.readOrdinaryObject(ObjectInputStream.java:2228)
	at java.base/java.io.ObjectInputStream.readObject0(ObjectInputStream.java:1687)
	at java.base/java.io.ObjectInputStream.defaultReadFields(ObjectInputStream.java:2496)
	at java.base/java.io.ObjectInputStream.readSerialData(ObjectInputStream.java:2390)
	at java.base/java.io.ObjectInputStream.readOrdinaryObject(ObjectInputStream.java:2228)
	at java.base/java.io.ObjectInputStream.readObject0(ObjectInputStream.java:1687)
	at java.base/java.io.ObjectInputStream.readObject(ObjectInputStream.java:489)
	at java.base/java.io.ObjectInputStream.readObject(ObjectInputStream.java:447)
	at java.base/java.util.ArrayList.readObject(ArrayList.java:929)
	at java.base/jdk.internal.reflect.GeneratedMethodAccessor7.invoke(Unknown Source)
	at java.base/jdk.internal.reflect.DelegatingMethodAccessorImpl.invoke(DelegatingMethodAccessorImpl.java:43)
	at java.base/java.lang.reflect.Method.invoke(Method.java:566)
	at java.base/java.io.ObjectStreamClass.invokeReadObject(ObjectStreamClass.java:1046)
	at java.base/java.io.ObjectInputStream.readSerialData(ObjectInputStream.java:2357)
	at java.base/java.io.ObjectInputStream.readOrdinaryObject(ObjectInputStream.java:2228)
	at java.base/java.io.ObjectInputStream.readObject0(ObjectInputStream.java:1687)
	at java.base/java.io.ObjectInputStream.defaultReadFields(ObjectInputStream.java:2496)
	at java.base/java.io.ObjectInputStream.readSerialData(ObjectInputStream.java:2390)
	at java.base/java.io.ObjectInputStream.readOrdinaryObject(ObjectInputStream.java:2228)
	at java.base/java.io.ObjectInputStream.readObject0(ObjectInputStream.java:1687)
	at java.base/java.io.ObjectInputStream.readObject(ObjectInputStream.java:489)
	at java.base/java.io.ObjectInputStream.readObject(ObjectInputStream.java:447)
	at java.rmi/sun.rmi.server.UnicastRef.unmarshalValue(UnicastRef.java:327)
	at java.rmi/sun.rmi.server.UnicastServerRef.dispatch(UnicastServerRef.java:339)
	... 12 common frames omitted
Caused by: java.lang.IllegalArgumentException: expect to get instruction without BasicBlock already set
	at org.evosuite.graphs.cfg.BasicBlock.appendInstruction(BasicBlock.java:225)
	at org.evosuite.graphs.cfg.BasicBlock.setInstructions(BasicBlock.java:206)
	at org.evosuite.graphs.cfg.BasicBlock.<init>(BasicBlock.java:106)
	at org.evosuite.graphs.cfg.RawControlFlowGraph.determineBasicBlockFor(RawControlFlowGraph.java:314)
	at org.evosuite.graphs.cfg.ActualControlFlowGraph.computeNodes(ActualControlFlowGraph.java:295)
	at org.evosuite.graphs.cfg.ActualControlFlowGraph.computeGraph(ActualControlFlowGraph.java:262)
	at org.evosuite.graphs.cfg.ActualControlFlowGraph.<init>(ActualControlFlowGraph.java:97)
	at org.evosuite.graphs.cfg.CFGGenerator.computeActualCFG(CFGGenerator.java:218)
	at org.evosuite.graphs.cfg.CFGGenerator.registerCFGs(CFGGenerator.java:102)
	at org.evosuite.graphs.cfg.CFGMethodAdapter.visitEnd(CFGMethodAdapter.java:219)
	at org.evosuite.shaded.org.objectweb.asm.MethodVisitor.visitEnd(MethodVisitor.java:783)
	at org.evosuite.shaded.org.objectweb.asm.MethodVisitor.visitEnd(MethodVisitor.java:783)
	at org.evosuite.shaded.org.objectweb.asm.MethodVisitor.visitEnd(MethodVisitor.java:783)
	at org.evosuite.shaded.org.objectweb.asm.tree.MethodNode.accept(MethodNode.java:772)
	at org.evosuite.shaded.org.objectweb.asm.tree.MethodNode.accept(MethodNode.java:649)
	at org.evosuite.shaded.org.objectweb.asm.tree.ClassNode.accept(ClassNode.java:452)
	at org.evosuite.instrumentation.BytecodeInstrumentation.transformBytes(BytecodeInstrumentation.java:282)
	at org.evosuite.instrumentation.InstrumentingClassLoader.getTransformedBytes(InstrumentingClassLoader.java:135)
	at org.evosuite.instrumentation.InstrumentingClassLoader.instrumentClass(InstrumentingClassLoader.java:149)
	... 77 common frames omitted
[Progress:====>                         16%] [Cov:========================>          70%][Progress:====>                         16%] [Cov:========================>          70%][Progress:=====>                        17%] [Cov:========================>          69%][Progress:=====>                        17%] [Cov:========================>          70%][Progress:=====>                        17%] [Cov:========================>          70%][Progress:=====>                        18%] [Cov:========================>          70%][MASTER] 20:17:18.440 [logback-1] WARN  ClientNodeImpl - Cannot send statistics to master; continuing without statistics
java.rmi.ServerException: RemoteException occurred in server thread; nested exception is: 
	java.rmi.UnmarshalException: error unmarshalling arguments; nested exception is: 
	java.lang.ClassNotFoundException: expect to get instruction without BasicBlock already set
	at java.rmi/sun.rmi.server.UnicastServerRef.dispatch(UnicastServerRef.java:391)
	at java.rmi/sun.rmi.transport.Transport$1.run(Transport.java:200)
	at java.rmi/sun.rmi.transport.Transport$1.run(Transport.java:197)
	at java.base/java.security.AccessController.doPrivileged(Native Method)
	at java.rmi/sun.rmi.transport.Transport.serviceCall(Transport.java:196)
	at java.rmi/sun.rmi.transport.tcp.TCPTransport.handleMessages(TCPTransport.java:562)
	at java.rmi/sun.rmi.transport.tcp.TCPTransport$ConnectionHandler.run0(TCPTransport.java:796)
	at java.rmi/sun.rmi.transport.tcp.TCPTransport$ConnectionHandler.lambda$run$0(TCPTransport.java:677)
	at java.base/java.security.AccessController.doPrivileged(Native Method)
	at java.rmi/sun.rmi.transport.tcp.TCPTransport$ConnectionHandler.run(TCPTransport.java:676)
	at java.base/java.util.concurrent.ThreadPoolExecutor.runWorker(ThreadPoolExecutor.java:1128)
	at java.base/java.util.concurrent.ThreadPoolExecutor$Worker.run(ThreadPoolExecutor.java:628)
	at java.base/java.lang.Thread.run(Thread.java:829)
	at java.rmi/sun.rmi.transport.StreamRemoteCall.exceptionReceivedFromServer(StreamRemoteCall.java:303)
	at java.rmi/sun.rmi.transport.StreamRemoteCall.executeCall(StreamRemoteCall.java:279)
	at java.rmi/sun.rmi.server.UnicastRef.invoke(UnicastRef.java:164)
	at java.rmi/java.rmi.server.RemoteObjectInvocationHandler.invokeRemoteMethod(RemoteObjectInvocationHandler.java:217)
	at java.rmi/java.rmi.server.RemoteObjectInvocationHandler.invoke(RemoteObjectInvocationHandler.java:162)
	at com.sun.proxy.$Proxy7.evosuite_collectStatistics(Unknown Source)
	at org.evosuite.rmi.service.ClientNodeImpl.updateStatistics(ClientNodeImpl.java:251)
	at org.evosuite.statistics.StatisticsSender.sendIndividualToMaster(StatisticsSender.java:62)
	at org.evosuite.statistics.StatisticsListener.lambda$new$0(StatisticsListener.java:76)
	at java.base/java.lang.Thread.run(Thread.java:829)
Caused by: java.rmi.UnmarshalException: error unmarshalling arguments; nested exception is: 
	java.lang.ClassNotFoundException: expect to get instruction without BasicBlock already set
	at java.rmi/sun.rmi.server.UnicastServerRef.dispatch(UnicastServerRef.java:350)
	at java.rmi/sun.rmi.transport.Transport$1.run(Transport.java:200)
	at java.rmi/sun.rmi.transport.Transport$1.run(Transport.java:197)
	at java.base/java.security.AccessController.doPrivileged(Native Method)
	at java.rmi/sun.rmi.transport.Transport.serviceCall(Transport.java:196)
	at java.rmi/sun.rmi.transport.tcp.TCPTransport.handleMessages(TCPTransport.java:562)
	at java.rmi/sun.rmi.transport.tcp.TCPTransport$ConnectionHandler.run0(TCPTransport.java:796)
	at java.rmi/sun.rmi.transport.tcp.TCPTransport$ConnectionHandler.lambda$run$0(TCPTransport.java:677)
	at java.base/java.security.AccessController.doPrivileged(Native Method)
	at java.rmi/sun.rmi.transport.tcp.TCPTransport$ConnectionHandler.run(TCPTransport.java:676)
	at java.base/java.util.concurrent.ThreadPoolExecutor.runWorker(ThreadPoolExecutor.java:1128)
	at java.base/java.util.concurrent.ThreadPoolExecutor$Worker.run(ThreadPoolExecutor.java:628)
	... 1 common frames omitted
Caused by: java.lang.ClassNotFoundException: expect to get instruction without BasicBlock already set
	at org.evosuite.instrumentation.InstrumentingClassLoader.instrumentClass(InstrumentingClassLoader.java:158)
	at org.evosuite.instrumentation.InstrumentingClassLoader.loadClass(InstrumentingClassLoader.java:126)
	at org.evosuite.utils.generic.GenericClassImpl.getClass(GenericClassImpl.java:139)
	at org.evosuite.utils.generic.GenericClassImpl.getClass(GenericClassImpl.java:105)
	at org.evosuite.utils.generic.GenericClassImpl.readObject(GenericClassImpl.java:1671)
	at jdk.internal.reflect.GeneratedMethodAccessor9.invoke(Unknown Source)
	at java.base/jdk.internal.reflect.DelegatingMethodAccessorImpl.invoke(DelegatingMethodAccessorImpl.java:43)
	at java.base/java.lang.reflect.Method.invoke(Method.java:566)
	at java.base/java.io.ObjectStreamClass.invokeReadObject(ObjectStreamClass.java:1046)
	at java.base/java.io.ObjectInputStream.readSerialData(ObjectInputStream.java:2357)
	at java.base/java.io.ObjectInputStream.readOrdinaryObject(ObjectInputStream.java:2228)
	at java.base/java.io.ObjectInputStream.readObject0(ObjectInputStream.java:1687)
	at java.base/java.io.ObjectInputStream.defaultReadFields(ObjectInputStream.java:2496)
	at java.base/java.io.ObjectInputStream.readSerialData(ObjectInputStream.java:2390)
	at java.base/java.io.ObjectInputStream.readOrdinaryObject(ObjectInputStream.java:2228)
	at java.base/java.io.ObjectInputStream.readObject0(ObjectInputStream.java:1687)
	at java.base/java.io.ObjectInputStream.defaultReadFields(ObjectInputStream.java:2496)
	at java.base/java.io.ObjectInputStream.readSerialData(ObjectInputStream.java:2390)
	at java.base/java.io.ObjectInputStream.readOrdinaryObject(ObjectInputStream.java:2228)
	at java.base/java.io.ObjectInputStream.readObject0(ObjectInputStream.java:1687)
	at java.base/java.io.ObjectInputStream.readObject(ObjectInputStream.java:489)
	at java.base/java.io.ObjectInputStream.readObject(ObjectInputStream.java:447)
	at java.base/java.util.ArrayList.readObject(ArrayList.java:929)
	at java.base/jdk.internal.reflect.GeneratedMethodAccessor7.invoke(Unknown Source)
	at java.base/jdk.internal.reflect.DelegatingMethodAccessorImpl.invoke(DelegatingMethodAccessorImpl.java:43)
	at java.base/java.lang.reflect.Method.invoke(Method.java:566)
	at java.base/java.io.ObjectStreamClass.invokeReadObject(ObjectStreamClass.java:1046)
	at java.base/java.io.ObjectInputStream.readSerialData(ObjectInputStream.java:2357)
	at java.base/java.io.ObjectInputStream.readOrdinaryObject(ObjectInputStream.java:2228)
	at java.base/java.io.ObjectInputStream.readObject0(ObjectInputStream.java:1687)
	at java.base/java.io.ObjectInputStream.defaultReadFields(ObjectInputStream.java:2496)
	at java.base/java.io.ObjectInputStream.readSerialData(ObjectInputStream.java:2390)
	at java.base/java.io.ObjectInputStream.readOrdinaryObject(ObjectInputStream.java:2228)
	at java.base/java.io.ObjectInputStream.readObject0(ObjectInputStream.java:1687)
	at java.base/java.io.ObjectInputStream.defaultReadFields(ObjectInputStream.java:2496)
	at java.base/java.io.ObjectInputStream.defaultReadObject(ObjectInputStream.java:625)
	at org.evosuite.testcase.DefaultTestCase.readObject(DefaultTestCase.java:1217)
	at jdk.internal.reflect.GeneratedMethodAccessor16.invoke(Unknown Source)
	at java.base/jdk.internal.reflect.DelegatingMethodAccessorImpl.invoke(DelegatingMethodAccessorImpl.java:43)
	at java.base/java.lang.reflect.Method.invoke(Method.java:566)
	at java.base/java.io.ObjectStreamClass.invokeReadObject(ObjectStreamClass.java:1046)
	at java.base/java.io.ObjectInputStream.readSerialData(ObjectInputStream.java:2357)
	at java.base/java.io.ObjectInputStream.readOrdinaryObject(ObjectInputStream.java:2228)
	at java.base/java.io.ObjectInputStream.readObject0(ObjectInputStream.java:1687)
	at java.base/java.io.ObjectInputStream.defaultReadFields(ObjectInputStream.java:2496)
	at java.base/java.io.ObjectInputStream.readSerialData(ObjectInputStream.java:2390)
	at java.base/java.io.ObjectInputStream.readOrdinaryObject(ObjectInputStream.java:2228)
	at java.base/java.io.ObjectInputStream.readObject0(ObjectInputStream.java:1687)
	at java.base/java.io.ObjectInputStream.readObject(ObjectInputStream.java:489)
	at java.base/java.io.ObjectInputStream.readObject(ObjectInputStream.java:447)
	at java.base/java.util.ArrayList.readObject(ArrayList.java:929)
	at java.base/jdk.internal.reflect.GeneratedMethodAccessor7.invoke(Unknown Source)
	at java.base/jdk.internal.reflect.DelegatingMethodAccessorImpl.invoke(DelegatingMethodAccessorImpl.java:43)
	at java.base/java.lang.reflect.Method.invoke(Method.java:566)
	at java.base/java.io.ObjectStreamClass.invokeReadObject(ObjectStreamClass.java:1046)
	at java.base/java.io.ObjectInputStream.readSerialData(ObjectInputStream.java:2357)
	at java.base/java.io.ObjectInputStream.readOrdinaryObject(ObjectInputStream.java:2228)
	at java.base/java.io.ObjectInputStream.readObject0(ObjectInputStream.java:1687)
	at java.base/java.io.ObjectInputStream.defaultReadFields(ObjectInputStream.java:2496)
	at java.base/java.io.ObjectInputStream.readSerialData(ObjectInputStream.java:2390)
	at java.base/java.io.ObjectInputStream.readOrdinaryObject(ObjectInputStream.java:2228)
	at java.base/java.io.ObjectInputStream.readObject0(ObjectInputStream.java:1687)
	at java.base/java.io.ObjectInputStream.readObject(ObjectInputStream.java:489)
	at java.base/java.io.ObjectInputStream.readObject(ObjectInputStream.java:447)
	at java.rmi/sun.rmi.server.UnicastRef.unmarshalValue(UnicastRef.java:327)
	at java.rmi/sun.rmi.server.UnicastServerRef.dispatch(UnicastServerRef.java:339)
	... 12 common frames omitted
Caused by: java.lang.IllegalArgumentException: expect to get instruction without BasicBlock already set
	at org.evosuite.graphs.cfg.BasicBlock.appendInstruction(BasicBlock.java:225)
	at org.evosuite.graphs.cfg.BasicBlock.setInstructions(BasicBlock.java:206)
	at org.evosuite.graphs.cfg.BasicBlock.<init>(BasicBlock.java:106)
	at org.evosuite.graphs.cfg.RawControlFlowGraph.determineBasicBlockFor(RawControlFlowGraph.java:314)
	at org.evosuite.graphs.cfg.ActualControlFlowGraph.computeNodes(ActualControlFlowGraph.java:295)
	at org.evosuite.graphs.cfg.ActualControlFlowGraph.computeGraph(ActualControlFlowGraph.java:262)
	at org.evosuite.graphs.cfg.ActualControlFlowGraph.<init>(ActualControlFlowGraph.java:97)
	at org.evosuite.graphs.cfg.CFGGenerator.computeActualCFG(CFGGenerator.java:218)
	at org.evosuite.graphs.cfg.CFGGenerator.registerCFGs(CFGGenerator.java:102)
	at org.evosuite.graphs.cfg.CFGMethodAdapter.visitEnd(CFGMethodAdapter.java:219)
	at org.evosuite.shaded.org.objectweb.asm.MethodVisitor.visitEnd(MethodVisitor.java:783)
	at org.evosuite.shaded.org.objectweb.asm.MethodVisitor.visitEnd(MethodVisitor.java:783)
	at org.evosuite.shaded.org.objectweb.asm.MethodVisitor.visitEnd(MethodVisitor.java:783)
	at org.evosuite.shaded.org.objectweb.asm.tree.MethodNode.accept(MethodNode.java:772)
	at org.evosuite.shaded.org.objectweb.asm.tree.MethodNode.accept(MethodNode.java:649)
	at org.evosuite.shaded.org.objectweb.asm.tree.ClassNode.accept(ClassNode.java:452)
	at org.evosuite.instrumentation.BytecodeInstrumentation.transformBytes(BytecodeInstrumentation.java:282)
	at org.evosuite.instrumentation.InstrumentingClassLoader.getTransformedBytes(InstrumentingClassLoader.java:135)
	at org.evosuite.instrumentation.InstrumentingClassLoader.instrumentClass(InstrumentingClassLoader.java:149)
	... 77 common frames omitted
[Progress:=====>                        18%] [Cov:========================>          70%][Progress:=====>                        19%] [Cov:========================>          70%][Progress:=====>                        19%] [Cov:========================>          71%][Progress:=====>                        19%] [Cov:=========================>         72%][Progress:======>                       20%] [Cov:=======================>           68%][Progress:======>                       20%] [Cov:========================>          69%][Progress:======>                       20%] [Cov:========================>          70%][Progress:======>                       20%] [Cov:=========================>         72%][Progress:======>                       20%] [Cov:=========================>         72%][MASTER] 20:17:21.182 [logback-1] WARN  ClientNodeImpl - Cannot send statistics to master; continuing without statistics
java.rmi.ServerException: RemoteException occurred in server thread; nested exception is: 
	java.rmi.UnmarshalException: error unmarshalling arguments; nested exception is: 
	java.lang.ClassNotFoundException: expect to get instruction without BasicBlock already set
	at java.rmi/sun.rmi.server.UnicastServerRef.dispatch(UnicastServerRef.java:391)
	at java.rmi/sun.rmi.transport.Transport$1.run(Transport.java:200)
	at java.rmi/sun.rmi.transport.Transport$1.run(Transport.java:197)
	at java.base/java.security.AccessController.doPrivileged(Native Method)
	at java.rmi/sun.rmi.transport.Transport.serviceCall(Transport.java:196)
	at java.rmi/sun.rmi.transport.tcp.TCPTransport.handleMessages(TCPTransport.java:562)
	at java.rmi/sun.rmi.transport.tcp.TCPTransport$ConnectionHandler.run0(TCPTransport.java:796)
	at java.rmi/sun.rmi.transport.tcp.TCPTransport$ConnectionHandler.lambda$run$0(TCPTransport.java:677)
	at java.base/java.security.AccessController.doPrivileged(Native Method)
	at java.rmi/sun.rmi.transport.tcp.TCPTransport$ConnectionHandler.run(TCPTransport.java:676)
	at java.base/java.util.concurrent.ThreadPoolExecutor.runWorker(ThreadPoolExecutor.java:1128)
	at java.base/java.util.concurrent.ThreadPoolExecutor$Worker.run(ThreadPoolExecutor.java:628)
	at java.base/java.lang.Thread.run(Thread.java:829)
	at java.rmi/sun.rmi.transport.StreamRemoteCall.exceptionReceivedFromServer(StreamRemoteCall.java:303)
	at java.rmi/sun.rmi.transport.StreamRemoteCall.executeCall(StreamRemoteCall.java:279)
	at java.rmi/sun.rmi.server.UnicastRef.invoke(UnicastRef.java:164)
	at java.rmi/java.rmi.server.RemoteObjectInvocationHandler.invokeRemoteMethod(RemoteObjectInvocationHandler.java:217)
	at java.rmi/java.rmi.server.RemoteObjectInvocationHandler.invoke(RemoteObjectInvocationHandler.java:162)
	at com.sun.proxy.$Proxy7.evosuite_collectStatistics(Unknown Source)
	at org.evosuite.rmi.service.ClientNodeImpl.updateStatistics(ClientNodeImpl.java:251)
	at org.evosuite.statistics.StatisticsSender.sendIndividualToMaster(StatisticsSender.java:62)
	at org.evosuite.statistics.StatisticsListener.lambda$new$0(StatisticsListener.java:76)
	at java.base/java.lang.Thread.run(Thread.java:829)
Caused by: java.rmi.UnmarshalException: error unmarshalling arguments; nested exception is: 
	java.lang.ClassNotFoundException: expect to get instruction without BasicBlock already set
	at java.rmi/sun.rmi.server.UnicastServerRef.dispatch(UnicastServerRef.java:350)
	at java.rmi/sun.rmi.transport.Transport$1.run(Transport.java:200)
	at java.rmi/sun.rmi.transport.Transport$1.run(Transport.java:197)
	at java.base/java.security.AccessController.doPrivileged(Native Method)
	at java.rmi/sun.rmi.transport.Transport.serviceCall(Transport.java:196)
	at java.rmi/sun.rmi.transport.tcp.TCPTransport.handleMessages(TCPTransport.java:562)
	at java.rmi/sun.rmi.transport.tcp.TCPTransport$ConnectionHandler.run0(TCPTransport.java:796)
	at java.rmi/sun.rmi.transport.tcp.TCPTransport$ConnectionHandler.lambda$run$0(TCPTransport.java:677)
	at java.base/java.security.AccessController.doPrivileged(Native Method)
	at java.rmi/sun.rmi.transport.tcp.TCPTransport$ConnectionHandler.run(TCPTransport.java:676)
	at java.base/java.util.concurrent.ThreadPoolExecutor.runWorker(ThreadPoolExecutor.java:1128)
	at java.base/java.util.concurrent.ThreadPoolExecutor$Worker.run(ThreadPoolExecutor.java:628)
	... 1 common frames omitted
Caused by: java.lang.ClassNotFoundException: expect to get instruction without BasicBlock already set
	at org.evosuite.instrumentation.InstrumentingClassLoader.instrumentClass(InstrumentingClassLoader.java:158)
	at org.evosuite.instrumentation.InstrumentingClassLoader.loadClass(InstrumentingClassLoader.java:126)
	at org.evosuite.utils.generic.GenericClassImpl.getClass(GenericClassImpl.java:139)
	at org.evosuite.utils.generic.GenericClassImpl.getClass(GenericClassImpl.java:105)
	at org.evosuite.utils.generic.GenericClassImpl.readObject(GenericClassImpl.java:1671)
	at jdk.internal.reflect.GeneratedMethodAccessor9.invoke(Unknown Source)
	at java.base/jdk.internal.reflect.DelegatingMethodAccessorImpl.invoke(DelegatingMethodAccessorImpl.java:43)
	at java.base/java.lang.reflect.Method.invoke(Method.java:566)
	at java.base/java.io.ObjectStreamClass.invokeReadObject(ObjectStreamClass.java:1046)
	at java.base/java.io.ObjectInputStream.readSerialData(ObjectInputStream.java:2357)
	at java.base/java.io.ObjectInputStream.readOrdinaryObject(ObjectInputStream.java:2228)
	at java.base/java.io.ObjectInputStream.readObject0(ObjectInputStream.java:1687)
	at java.base/java.io.ObjectInputStream.defaultReadFields(ObjectInputStream.java:2496)
	at java.base/java.io.ObjectInputStream.readSerialData(ObjectInputStream.java:2390)
	at java.base/java.io.ObjectInputStream.readOrdinaryObject(ObjectInputStream.java:2228)
	at java.base/java.io.ObjectInputStream.readObject0(ObjectInputStream.java:1687)
	at java.base/java.io.ObjectInputStream.defaultReadFields(ObjectInputStream.java:2496)
	at java.base/java.io.ObjectInputStream.readSerialData(ObjectInputStream.java:2390)
	at java.base/java.io.ObjectInputStream.readOrdinaryObject(ObjectInputStream.java:2228)
	at java.base/java.io.ObjectInputStream.readObject0(ObjectInputStream.java:1687)
	at java.base/java.io.ObjectInputStream.readObject(ObjectInputStream.java:489)
	at java.base/java.io.ObjectInputStream.readObject(ObjectInputStream.java:447)
	at java.base/java.util.ArrayList.readObject(ArrayList.java:929)
	at java.base/jdk.internal.reflect.GeneratedMethodAccessor7.invoke(Unknown Source)
	at java.base/jdk.internal.reflect.DelegatingMethodAccessorImpl.invoke(DelegatingMethodAccessorImpl.java:43)
	at java.base/java.lang.reflect.Method.invoke(Method.java:566)
	at java.base/java.io.ObjectStreamClass.invokeReadObject(ObjectStreamClass.java:1046)
	at java.base/java.io.ObjectInputStream.readSerialData(ObjectInputStream.java:2357)
	at java.base/java.io.ObjectInputStream.readOrdinaryObject(ObjectInputStream.java:2228)
	at java.base/java.io.ObjectInputStream.readObject0(ObjectInputStream.java:1687)
	at java.base/java.io.ObjectInputStream.defaultReadFields(ObjectInputStream.java:2496)
	at java.base/java.io.ObjectInputStream.readSerialData(ObjectInputStream.java:2390)
	at java.base/java.io.ObjectInputStream.readOrdinaryObject(ObjectInputStream.java:2228)
	at java.base/java.io.ObjectInputStream.readObject0(ObjectInputStream.java:1687)
	at java.base/java.io.ObjectInputStream.defaultReadFields(ObjectInputStream.java:2496)
	at java.base/java.io.ObjectInputStream.defaultReadObject(ObjectInputStream.java:625)
	at org.evosuite.testcase.DefaultTestCase.readObject(DefaultTestCase.java:1217)
	at jdk.internal.reflect.GeneratedMethodAccessor16.invoke(Unknown Source)
	at java.base/jdk.internal.reflect.DelegatingMethodAccessorImpl.invoke(DelegatingMethodAccessorImpl.java:43)
	at java.base/java.lang.reflect.Method.invoke(Method.java:566)
	at java.base/java.io.ObjectStreamClass.invokeReadObject(ObjectStreamClass.java:1046)
	at java.base/java.io.ObjectInputStream.readSerialData(ObjectInputStream.java:2357)
	at java.base/java.io.ObjectInputStream.readOrdinaryObject(ObjectInputStream.java:2228)
	at java.base/java.io.ObjectInputStream.readObject0(ObjectInputStream.java:1687)
	at java.base/java.io.ObjectInputStream.defaultReadFields(ObjectInputStream.java:2496)
	at java.base/java.io.ObjectInputStream.readSerialData(ObjectInputStream.java:2390)
	at java.base/java.io.ObjectInputStream.readOrdinaryObject(ObjectInputStream.java:2228)
	at java.base/java.io.ObjectInputStream.readObject0(ObjectInputStream.java:1687)
	at java.base/java.io.ObjectInputStream.readObject(ObjectInputStream.java:489)
	at java.base/java.io.ObjectInputStream.readObject(ObjectInputStream.java:447)
	at java.base/java.util.ArrayList.readObject(ArrayList.java:929)
	at java.base/jdk.internal.reflect.GeneratedMethodAccessor7.invoke(Unknown Source)
	at java.base/jdk.internal.reflect.DelegatingMethodAccessorImpl.invoke(DelegatingMethodAccessorImpl.java:43)
	at java.base/java.lang.reflect.Method.invoke(Method.java:566)
	at java.base/java.io.ObjectStreamClass.invokeReadObject(ObjectStreamClass.java:1046)
	at java.base/java.io.ObjectInputStream.readSerialData(ObjectInputStream.java:2357)
	at java.base/java.io.ObjectInputStream.readOrdinaryObject(ObjectInputStream.java:2228)
	at java.base/java.io.ObjectInputStream.readObject0(ObjectInputStream.java:1687)
	at java.base/java.io.ObjectInputStream.defaultReadFields(ObjectInputStream.java:2496)
	at java.base/java.io.ObjectInputStream.readSerialData(ObjectInputStream.java:2390)
	at java.base/java.io.ObjectInputStream.readOrdinaryObject(ObjectInputStream.java:2228)
	at java.base/java.io.ObjectInputStream.readObject0(ObjectInputStream.java:1687)
	at java.base/java.io.ObjectInputStream.readObject(ObjectInputStream.java:489)
	at java.base/java.io.ObjectInputStream.readObject(ObjectInputStream.java:447)
	at java.rmi/sun.rmi.server.UnicastRef.unmarshalValue(UnicastRef.java:327)
	at java.rmi/sun.rmi.server.UnicastServerRef.dispatch(UnicastServerRef.java:339)
	... 12 common frames omitted
Caused by: java.lang.IllegalArgumentException: expect to get instruction without BasicBlock already set
	at org.evosuite.graphs.cfg.BasicBlock.appendInstruction(BasicBlock.java:225)
	at org.evosuite.graphs.cfg.BasicBlock.setInstructions(BasicBlock.java:206)
	at org.evosuite.graphs.cfg.BasicBlock.<init>(BasicBlock.java:106)
	at org.evosuite.graphs.cfg.RawControlFlowGraph.determineBasicBlockFor(RawControlFlowGraph.java:314)
	at org.evosuite.graphs.cfg.ActualControlFlowGraph.computeNodes(ActualControlFlowGraph.java:295)
	at org.evosuite.graphs.cfg.ActualControlFlowGraph.computeGraph(ActualControlFlowGraph.java:262)
	at org.evosuite.graphs.cfg.ActualControlFlowGraph.<init>(ActualControlFlowGraph.java:97)
	at org.evosuite.graphs.cfg.CFGGenerator.computeActualCFG(CFGGenerator.java:218)
	at org.evosuite.graphs.cfg.CFGGenerator.registerCFGs(CFGGenerator.java:102)
	at org.evosuite.graphs.cfg.CFGMethodAdapter.visitEnd(CFGMethodAdapter.java:219)
	at org.evosuite.shaded.org.objectweb.asm.MethodVisitor.visitEnd(MethodVisitor.java:783)
	at org.evosuite.shaded.org.objectweb.asm.MethodVisitor.visitEnd(MethodVisitor.java:783)
	at org.evosuite.shaded.org.objectweb.asm.MethodVisitor.visitEnd(MethodVisitor.java:783)
	at org.evosuite.shaded.org.objectweb.asm.tree.MethodNode.accept(MethodNode.java:772)
	at org.evosuite.shaded.org.objectweb.asm.tree.MethodNode.accept(MethodNode.java:649)
	at org.evosuite.shaded.org.objectweb.asm.tree.ClassNode.accept(ClassNode.java:452)
	at org.evosuite.instrumentation.BytecodeInstrumentation.transformBytes(BytecodeInstrumentation.java:282)
	at org.evosuite.instrumentation.InstrumentingClassLoader.getTransformedBytes(InstrumentingClassLoader.java:135)
	at org.evosuite.instrumentation.InstrumentingClassLoader.instrumentClass(InstrumentingClassLoader.java:149)
	... 77 common frames omitted
[Progress:======>                       21%] [Cov:========================>          70%][Progress:======>                       21%] [Cov:=========================>         72%][Progress:======>                       21%] [Cov:=========================>         73%][Progress:======>                       21%] [Cov:=========================>         73%][Progress:======>                       22%] [Cov:=========================>         72%][Progress:======>                       22%] [Cov:=========================>         73%][Progress:======>                       22%] [Cov:=========================>         73%][Progress:======>                       23%] [Cov:=========================>         73%][MASTER] 20:17:24.055 [logback-1] WARN  ClientNodeImpl - Cannot send statistics to master; continuing without statistics
java.rmi.ServerException: RemoteException occurred in server thread; nested exception is: 
	java.rmi.UnmarshalException: error unmarshalling arguments; nested exception is: 
	java.lang.ClassNotFoundException: expect to get instruction without BasicBlock already set
	at java.rmi/sun.rmi.server.UnicastServerRef.dispatch(UnicastServerRef.java:391)
	at java.rmi/sun.rmi.transport.Transport$1.run(Transport.java:200)
	at java.rmi/sun.rmi.transport.Transport$1.run(Transport.java:197)
	at java.base/java.security.AccessController.doPrivileged(Native Method)
	at java.rmi/sun.rmi.transport.Transport.serviceCall(Transport.java:196)
	at java.rmi/sun.rmi.transport.tcp.TCPTransport.handleMessages(TCPTransport.java:562)
	at java.rmi/sun.rmi.transport.tcp.TCPTransport$ConnectionHandler.run0(TCPTransport.java:796)
	at java.rmi/sun.rmi.transport.tcp.TCPTransport$ConnectionHandler.lambda$run$0(TCPTransport.java:677)
	at java.base/java.security.AccessController.doPrivileged(Native Method)
	at java.rmi/sun.rmi.transport.tcp.TCPTransport$ConnectionHandler.run(TCPTransport.java:676)
	at java.base/java.util.concurrent.ThreadPoolExecutor.runWorker(ThreadPoolExecutor.java:1128)
	at java.base/java.util.concurrent.ThreadPoolExecutor$Worker.run(ThreadPoolExecutor.java:628)
	at java.base/java.lang.Thread.run(Thread.java:829)
	at java.rmi/sun.rmi.transport.StreamRemoteCall.exceptionReceivedFromServer(StreamRemoteCall.java:303)
	at java.rmi/sun.rmi.transport.StreamRemoteCall.executeCall(StreamRemoteCall.java:279)
	at java.rmi/sun.rmi.server.UnicastRef.invoke(UnicastRef.java:164)
	at java.rmi/java.rmi.server.RemoteObjectInvocationHandler.invokeRemoteMethod(RemoteObjectInvocationHandler.java:217)
	at java.rmi/java.rmi.server.RemoteObjectInvocationHandler.invoke(RemoteObjectInvocationHandler.java:162)
	at com.sun.proxy.$Proxy7.evosuite_collectStatistics(Unknown Source)
	at org.evosuite.rmi.service.ClientNodeImpl.updateStatistics(ClientNodeImpl.java:251)
	at org.evosuite.statistics.StatisticsSender.sendIndividualToMaster(StatisticsSender.java:62)
	at org.evosuite.statistics.StatisticsListener.lambda$new$0(StatisticsListener.java:76)
	at java.base/java.lang.Thread.run(Thread.java:829)
Caused by: java.rmi.UnmarshalException: error unmarshalling arguments; nested exception is: 
	java.lang.ClassNotFoundException: expect to get instruction without BasicBlock already set
	at java.rmi/sun.rmi.server.UnicastServerRef.dispatch(UnicastServerRef.java:350)
	at java.rmi/sun.rmi.transport.Transport$1.run(Transport.java:200)
	at java.rmi/sun.rmi.transport.Transport$1.run(Transport.java:197)
	at java.base/java.security.AccessController.doPrivileged(Native Method)
	at java.rmi/sun.rmi.transport.Transport.serviceCall(Transport.java:196)
	at java.rmi/sun.rmi.transport.tcp.TCPTransport.handleMessages(TCPTransport.java:562)
	at java.rmi/sun.rmi.transport.tcp.TCPTransport$ConnectionHandler.run0(TCPTransport.java:796)
	at java.rmi/sun.rmi.transport.tcp.TCPTransport$ConnectionHandler.lambda$run$0(TCPTransport.java:677)
	at java.base/java.security.AccessController.doPrivileged(Native Method)
	at java.rmi/sun.rmi.transport.tcp.TCPTransport$ConnectionHandler.run(TCPTransport.java:676)
	at java.base/java.util.concurrent.ThreadPoolExecutor.runWorker(ThreadPoolExecutor.java:1128)
	at java.base/java.util.concurrent.ThreadPoolExecutor$Worker.run(ThreadPoolExecutor.java:628)
	... 1 common frames omitted
Caused by: java.lang.ClassNotFoundException: expect to get instruction without BasicBlock already set
	at org.evosuite.instrumentation.InstrumentingClassLoader.instrumentClass(InstrumentingClassLoader.java:158)
	at org.evosuite.instrumentation.InstrumentingClassLoader.loadClass(InstrumentingClassLoader.java:126)
	at org.evosuite.utils.generic.GenericClassImpl.getClass(GenericClassImpl.java:139)
	at org.evosuite.utils.generic.GenericClassImpl.getClass(GenericClassImpl.java:105)
	at org.evosuite.utils.generic.GenericClassImpl.readObject(GenericClassImpl.java:1671)
	at jdk.internal.reflect.GeneratedMethodAccessor9.invoke(Unknown Source)
	at java.base/jdk.internal.reflect.DelegatingMethodAccessorImpl.invoke(DelegatingMethodAccessorImpl.java:43)
	at java.base/java.lang.reflect.Method.invoke(Method.java:566)
	at java.base/java.io.ObjectStreamClass.invokeReadObject(ObjectStreamClass.java:1046)
	at java.base/java.io.ObjectInputStream.readSerialData(ObjectInputStream.java:2357)
	at java.base/java.io.ObjectInputStream.readOrdinaryObject(ObjectInputStream.java:2228)
	at java.base/java.io.ObjectInputStream.readObject0(ObjectInputStream.java:1687)
	at java.base/java.io.ObjectInputStream.defaultReadFields(ObjectInputStream.java:2496)
	at java.base/java.io.ObjectInputStream.readSerialData(ObjectInputStream.java:2390)
	at java.base/java.io.ObjectInputStream.readOrdinaryObject(ObjectInputStream.java:2228)
	at java.base/java.io.ObjectInputStream.readObject0(ObjectInputStream.java:1687)
	at java.base/java.io.ObjectInputStream.defaultReadFields(ObjectInputStream.java:2496)
	at java.base/java.io.ObjectInputStream.readSerialData(ObjectInputStream.java:2390)
	at java.base/java.io.ObjectInputStream.readOrdinaryObject(ObjectInputStream.java:2228)
	at java.base/java.io.ObjectInputStream.readObject0(ObjectInputStream.java:1687)
	at java.base/java.io.ObjectInputStream.readObject(ObjectInputStream.java:489)
	at java.base/java.io.ObjectInputStream.readObject(ObjectInputStream.java:447)
	at java.base/java.util.ArrayList.readObject(ArrayList.java:929)
	at java.base/jdk.internal.reflect.GeneratedMethodAccessor7.invoke(Unknown Source)
	at java.base/jdk.internal.reflect.DelegatingMethodAccessorImpl.invoke(DelegatingMethodAccessorImpl.java:43)
	at java.base/java.lang.reflect.Method.invoke(Method.java:566)
	at java.base/java.io.ObjectStreamClass.invokeReadObject(ObjectStreamClass.java:1046)
	at java.base/java.io.ObjectInputStream.readSerialData(ObjectInputStream.java:2357)
	at java.base/java.io.ObjectInputStream.readOrdinaryObject(ObjectInputStream.java:2228)
	at java.base/java.io.ObjectInputStream.readObject0(ObjectInputStream.java:1687)
	at java.base/java.io.ObjectInputStream.defaultReadFields(ObjectInputStream.java:2496)
	at java.base/java.io.ObjectInputStream.readSerialData(ObjectInputStream.java:2390)
	at java.base/java.io.ObjectInputStream.readOrdinaryObject(ObjectInputStream.java:2228)
	at java.base/java.io.ObjectInputStream.readObject0(ObjectInputStream.java:1687)
	at java.base/java.io.ObjectInputStream.defaultReadFields(ObjectInputStream.java:2496)
	at java.base/java.io.ObjectInputStream.defaultReadObject(ObjectInputStream.java:625)
	at org.evosuite.testcase.DefaultTestCase.readObject(DefaultTestCase.java:1217)
	at jdk.internal.reflect.GeneratedMethodAccessor16.invoke(Unknown Source)
	at java.base/jdk.internal.reflect.DelegatingMethodAccessorImpl.invoke(DelegatingMethodAccessorImpl.java:43)
	at java.base/java.lang.reflect.Method.invoke(Method.java:566)
	at java.base/java.io.ObjectStreamClass.invokeReadObject(ObjectStreamClass.java:1046)
	at java.base/java.io.ObjectInputStream.readSerialData(ObjectInputStream.java:2357)
	at java.base/java.io.ObjectInputStream.readOrdinaryObject(ObjectInputStream.java:2228)
	at java.base/java.io.ObjectInputStream.readObject0(ObjectInputStream.java:1687)
	at java.base/java.io.ObjectInputStream.defaultReadFields(ObjectInputStream.java:2496)
	at java.base/java.io.ObjectInputStream.readSerialData(ObjectInputStream.java:2390)
	at java.base/java.io.ObjectInputStream.readOrdinaryObject(ObjectInputStream.java:2228)
	at java.base/java.io.ObjectInputStream.readObject0(ObjectInputStream.java:1687)
	at java.base/java.io.ObjectInputStream.readObject(ObjectInputStream.java:489)
	at java.base/java.io.ObjectInputStream.readObject(ObjectInputStream.java:447)
	at java.base/java.util.ArrayList.readObject(ArrayList.java:929)
	at java.base/jdk.internal.reflect.GeneratedMethodAccessor7.invoke(Unknown Source)
	at java.base/jdk.internal.reflect.DelegatingMethodAccessorImpl.invoke(DelegatingMethodAccessorImpl.java:43)
	at java.base/java.lang.reflect.Method.invoke(Method.java:566)
	at java.base/java.io.ObjectStreamClass.invokeReadObject(ObjectStreamClass.java:1046)
	at java.base/java.io.ObjectInputStream.readSerialData(ObjectInputStream.java:2357)
	at java.base/java.io.ObjectInputStream.readOrdinaryObject(ObjectInputStream.java:2228)
	at java.base/java.io.ObjectInputStream.readObject0(ObjectInputStream.java:1687)
	at java.base/java.io.ObjectInputStream.defaultReadFields(ObjectInputStream.java:2496)
	at java.base/java.io.ObjectInputStream.readSerialData(ObjectInputStream.java:2390)
	at java.base/java.io.ObjectInputStream.readOrdinaryObject(ObjectInputStream.java:2228)
	at java.base/java.io.ObjectInputStream.readObject0(ObjectInputStream.java:1687)
	at java.base/java.io.ObjectInputStream.readObject(ObjectInputStream.java:489)
	at java.base/java.io.ObjectInputStream.readObject(ObjectInputStream.java:447)
	at java.rmi/sun.rmi.server.UnicastRef.unmarshalValue(UnicastRef.java:327)
	at java.rmi/sun.rmi.server.UnicastServerRef.dispatch(UnicastServerRef.java:339)
	... 12 common frames omitted
Caused by: java.lang.IllegalArgumentException: expect to get instruction without BasicBlock already set
	at org.evosuite.graphs.cfg.BasicBlock.appendInstruction(BasicBlock.java:225)
	at org.evosuite.graphs.cfg.BasicBlock.setInstructions(BasicBlock.java:206)
	at org.evosuite.graphs.cfg.BasicBlock.<init>(BasicBlock.java:106)
	at org.evosuite.graphs.cfg.RawControlFlowGraph.determineBasicBlockFor(RawControlFlowGraph.java:314)
	at org.evosuite.graphs.cfg.ActualControlFlowGraph.computeNodes(ActualControlFlowGraph.java:295)
	at org.evosuite.graphs.cfg.ActualControlFlowGraph.computeGraph(ActualControlFlowGraph.java:262)
	at org.evosuite.graphs.cfg.ActualControlFlowGraph.<init>(ActualControlFlowGraph.java:97)
	at org.evosuite.graphs.cfg.CFGGenerator.computeActualCFG(CFGGenerator.java:218)
	at org.evosuite.graphs.cfg.CFGGenerator.registerCFGs(CFGGenerator.java:102)
	at org.evosuite.graphs.cfg.CFGMethodAdapter.visitEnd(CFGMethodAdapter.java:219)
	at org.evosuite.shaded.org.objectweb.asm.MethodVisitor.visitEnd(MethodVisitor.java:783)
	at org.evosuite.shaded.org.objectweb.asm.MethodVisitor.visitEnd(MethodVisitor.java:783)
	at org.evosuite.shaded.org.objectweb.asm.MethodVisitor.visitEnd(MethodVisitor.java:783)
	at org.evosuite.shaded.org.objectweb.asm.tree.MethodNode.accept(MethodNode.java:772)
	at org.evosuite.shaded.org.objectweb.asm.tree.MethodNode.accept(MethodNode.java:649)
	at org.evosuite.shaded.org.objectweb.asm.tree.ClassNode.accept(ClassNode.java:452)
	at org.evosuite.instrumentation.BytecodeInstrumentation.transformBytes(BytecodeInstrumentation.java:282)
	at org.evosuite.instrumentation.InstrumentingClassLoader.getTransformedBytes(InstrumentingClassLoader.java:135)
	at org.evosuite.instrumentation.InstrumentingClassLoader.instrumentClass(InstrumentingClassLoader.java:149)
	... 77 common frames omitted
[Progress:======>                       23%] [Cov:=========================>         74%][Progress:======>                       23%] [Cov:=========================>         74%][Progress:=======>                      24%] [Cov:=========================>         74%][Progress:=======>                      25%] [Cov:=========================>         73%][Progress:=======>                      25%] [Cov:=========================>         74%][Progress:=======>                      25%] [Cov:=========================>         74%][MASTER] 20:17:26.633 [logback-1] WARN  ClientNodeImpl - Cannot send statistics to master; continuing without statistics
java.rmi.ServerException: RemoteException occurred in server thread; nested exception is: 
	java.rmi.UnmarshalException: error unmarshalling arguments; nested exception is: 
	java.lang.ClassNotFoundException: expect to get instruction without BasicBlock already set
	at java.rmi/sun.rmi.server.UnicastServerRef.dispatch(UnicastServerRef.java:391)
	at java.rmi/sun.rmi.transport.Transport$1.run(Transport.java:200)
	at java.rmi/sun.rmi.transport.Transport$1.run(Transport.java:197)
	at java.base/java.security.AccessController.doPrivileged(Native Method)
	at java.rmi/sun.rmi.transport.Transport.serviceCall(Transport.java:196)
	at java.rmi/sun.rmi.transport.tcp.TCPTransport.handleMessages(TCPTransport.java:562)
	at java.rmi/sun.rmi.transport.tcp.TCPTransport$ConnectionHandler.run0(TCPTransport.java:796)
	at java.rmi/sun.rmi.transport.tcp.TCPTransport$ConnectionHandler.lambda$run$0(TCPTransport.java:677)
	at java.base/java.security.AccessController.doPrivileged(Native Method)
	at java.rmi/sun.rmi.transport.tcp.TCPTransport$ConnectionHandler.run(TCPTransport.java:676)
	at java.base/java.util.concurrent.ThreadPoolExecutor.runWorker(ThreadPoolExecutor.java:1128)
	at java.base/java.util.concurrent.ThreadPoolExecutor$Worker.run(ThreadPoolExecutor.java:628)
	at java.base/java.lang.Thread.run(Thread.java:829)
	at java.rmi/sun.rmi.transport.StreamRemoteCall.exceptionReceivedFromServer(StreamRemoteCall.java:303)
	at java.rmi/sun.rmi.transport.StreamRemoteCall.executeCall(StreamRemoteCall.java:279)
	at java.rmi/sun.rmi.server.UnicastRef.invoke(UnicastRef.java:164)
	at java.rmi/java.rmi.server.RemoteObjectInvocationHandler.invokeRemoteMethod(RemoteObjectInvocationHandler.java:217)
	at java.rmi/java.rmi.server.RemoteObjectInvocationHandler.invoke(RemoteObjectInvocationHandler.java:162)
	at com.sun.proxy.$Proxy7.evosuite_collectStatistics(Unknown Source)
	at org.evosuite.rmi.service.ClientNodeImpl.updateStatistics(ClientNodeImpl.java:251)
	at org.evosuite.statistics.StatisticsSender.sendIndividualToMaster(StatisticsSender.java:62)
	at org.evosuite.statistics.StatisticsListener.lambda$new$0(StatisticsListener.java:76)
	at java.base/java.lang.Thread.run(Thread.java:829)
Caused by: java.rmi.UnmarshalException: error unmarshalling arguments; nested exception is: 
	java.lang.ClassNotFoundException: expect to get instruction without BasicBlock already set
	at java.rmi/sun.rmi.server.UnicastServerRef.dispatch(UnicastServerRef.java:350)
	at java.rmi/sun.rmi.transport.Transport$1.run(Transport.java:200)
	at java.rmi/sun.rmi.transport.Transport$1.run(Transport.java:197)
	at java.base/java.security.AccessController.doPrivileged(Native Method)
	at java.rmi/sun.rmi.transport.Transport.serviceCall(Transport.java:196)
	at java.rmi/sun.rmi.transport.tcp.TCPTransport.handleMessages(TCPTransport.java:562)
	at java.rmi/sun.rmi.transport.tcp.TCPTransport$ConnectionHandler.run0(TCPTransport.java:796)
	at java.rmi/sun.rmi.transport.tcp.TCPTransport$ConnectionHandler.lambda$run$0(TCPTransport.java:677)
	at java.base/java.security.AccessController.doPrivileged(Native Method)
	at java.rmi/sun.rmi.transport.tcp.TCPTransport$ConnectionHandler.run(TCPTransport.java:676)
	at java.base/java.util.concurrent.ThreadPoolExecutor.runWorker(ThreadPoolExecutor.java:1128)
	at java.base/java.util.concurrent.ThreadPoolExecutor$Worker.run(ThreadPoolExecutor.java:628)
	... 1 common frames omitted
Caused by: java.lang.ClassNotFoundException: expect to get instruction without BasicBlock already set
	at org.evosuite.instrumentation.InstrumentingClassLoader.instrumentClass(InstrumentingClassLoader.java:158)
	at org.evosuite.instrumentation.InstrumentingClassLoader.loadClass(InstrumentingClassLoader.java:126)
	at org.evosuite.utils.generic.GenericClassImpl.getClass(GenericClassImpl.java:139)
	at org.evosuite.utils.generic.GenericClassImpl.getClass(GenericClassImpl.java:105)
	at org.evosuite.utils.generic.GenericClassImpl.readObject(GenericClassImpl.java:1671)
	at jdk.internal.reflect.GeneratedMethodAccessor9.invoke(Unknown Source)
	at java.base/jdk.internal.reflect.DelegatingMethodAccessorImpl.invoke(DelegatingMethodAccessorImpl.java:43)
	at java.base/java.lang.reflect.Method.invoke(Method.java:566)
	at java.base/java.io.ObjectStreamClass.invokeReadObject(ObjectStreamClass.java:1046)
	at java.base/java.io.ObjectInputStream.readSerialData(ObjectInputStream.java:2357)
	at java.base/java.io.ObjectInputStream.readOrdinaryObject(ObjectInputStream.java:2228)
	at java.base/java.io.ObjectInputStream.readObject0(ObjectInputStream.java:1687)
	at java.base/java.io.ObjectInputStream.defaultReadFields(ObjectInputStream.java:2496)
	at java.base/java.io.ObjectInputStream.readSerialData(ObjectInputStream.java:2390)
	at java.base/java.io.ObjectInputStream.readOrdinaryObject(ObjectInputStream.java:2228)
	at java.base/java.io.ObjectInputStream.readObject0(ObjectInputStream.java:1687)
	at java.base/java.io.ObjectInputStream.defaultReadFields(ObjectInputStream.java:2496)
	at java.base/java.io.ObjectInputStream.readSerialData(ObjectInputStream.java:2390)
	at java.base/java.io.ObjectInputStream.readOrdinaryObject(ObjectInputStream.java:2228)
	at java.base/java.io.ObjectInputStream.readObject0(ObjectInputStream.java:1687)
	at java.base/java.io.ObjectInputStream.readObject(ObjectInputStream.java:489)
	at java.base/java.io.ObjectInputStream.readObject(ObjectInputStream.java:447)
	at java.base/java.util.ArrayList.readObject(ArrayList.java:929)
	at java.base/jdk.internal.reflect.GeneratedMethodAccessor7.invoke(Unknown Source)
	at java.base/jdk.internal.reflect.DelegatingMethodAccessorImpl.invoke(DelegatingMethodAccessorImpl.java:43)
	at java.base/java.lang.reflect.Method.invoke(Method.java:566)
	at java.base/java.io.ObjectStreamClass.invokeReadObject(ObjectStreamClass.java:1046)
	at java.base/java.io.ObjectInputStream.readSerialData(ObjectInputStream.java:2357)
	at java.base/java.io.ObjectInputStream.readOrdinaryObject(ObjectInputStream.java:2228)
	at java.base/java.io.ObjectInputStream.readObject0(ObjectInputStream.java:1687)
	at java.base/java.io.ObjectInputStream.defaultReadFields(ObjectInputStream.java:2496)
	at java.base/java.io.ObjectInputStream.readSerialData(ObjectInputStream.java:2390)
	at java.base/java.io.ObjectInputStream.readOrdinaryObject(ObjectInputStream.java:2228)
	at java.base/java.io.ObjectInputStream.readObject0(ObjectInputStream.java:1687)
	at java.base/java.io.ObjectInputStream.defaultReadFields(ObjectInputStream.java:2496)
	at java.base/java.io.ObjectInputStream.defaultReadObject(ObjectInputStream.java:625)
	at org.evosuite.testcase.DefaultTestCase.readObject(DefaultTestCase.java:1217)
	at jdk.internal.reflect.GeneratedMethodAccessor16.invoke(Unknown Source)
	at java.base/jdk.internal.reflect.DelegatingMethodAccessorImpl.invoke(DelegatingMethodAccessorImpl.java:43)
	at java.base/java.lang.reflect.Method.invoke(Method.java:566)
	at java.base/java.io.ObjectStreamClass.invokeReadObject(ObjectStreamClass.java:1046)
	at java.base/java.io.ObjectInputStream.readSerialData(ObjectInputStream.java:2357)
	at java.base/java.io.ObjectInputStream.readOrdinaryObject(ObjectInputStream.java:2228)
	at java.base/java.io.ObjectInputStream.readObject0(ObjectInputStream.java:1687)
	at java.base/java.io.ObjectInputStream.defaultReadFields(ObjectInputStream.java:2496)
	at java.base/java.io.ObjectInputStream.readSerialData(ObjectInputStream.java:2390)
	at java.base/java.io.ObjectInputStream.readOrdinaryObject(ObjectInputStream.java:2228)
	at java.base/java.io.ObjectInputStream.readObject0(ObjectInputStream.java:1687)
	at java.base/java.io.ObjectInputStream.readObject(ObjectInputStream.java:489)
	at java.base/java.io.ObjectInputStream.readObject(ObjectInputStream.java:447)
	at java.base/java.util.ArrayList.readObject(ArrayList.java:929)
	at java.base/jdk.internal.reflect.GeneratedMethodAccessor7.invoke(Unknown Source)
	at java.base/jdk.internal.reflect.DelegatingMethodAccessorImpl.invoke(DelegatingMethodAccessorImpl.java:43)
	at java.base/java.lang.reflect.Method.invoke(Method.java:566)
	at java.base/java.io.ObjectStreamClass.invokeReadObject(ObjectStreamClass.java:1046)
	at java.base/java.io.ObjectInputStream.readSerialData(ObjectInputStream.java:2357)
	at java.base/java.io.ObjectInputStream.readOrdinaryObject(ObjectInputStream.java:2228)
	at java.base/java.io.ObjectInputStream.readObject0(ObjectInputStream.java:1687)
	at java.base/java.io.ObjectInputStream.defaultReadFields(ObjectInputStream.java:2496)
	at java.base/java.io.ObjectInputStream.readSerialData(ObjectInputStream.java:2390)
	at java.base/java.io.ObjectInputStream.readOrdinaryObject(ObjectInputStream.java:2228)
	at java.base/java.io.ObjectInputStream.readObject0(ObjectInputStream.java:1687)
	at java.base/java.io.ObjectInputStream.readObject(ObjectInputStream.java:489)
	at java.base/java.io.ObjectInputStream.readObject(ObjectInputStream.java:447)
	at java.rmi/sun.rmi.server.UnicastRef.unmarshalValue(UnicastRef.java:327)
	at java.rmi/sun.rmi.server.UnicastServerRef.dispatch(UnicastServerRef.java:339)
	... 12 common frames omitted
Caused by: java.lang.IllegalArgumentException: expect to get instruction without BasicBlock already set
	at org.evosuite.graphs.cfg.BasicBlock.appendInstruction(BasicBlock.java:225)
	at org.evosuite.graphs.cfg.BasicBlock.setInstructions(BasicBlock.java:206)
	at org.evosuite.graphs.cfg.BasicBlock.<init>(BasicBlock.java:106)
	at org.evosuite.graphs.cfg.RawControlFlowGraph.determineBasicBlockFor(RawControlFlowGraph.java:314)
	at org.evosuite.graphs.cfg.ActualControlFlowGraph.computeNodes(ActualControlFlowGraph.java:295)
	at org.evosuite.graphs.cfg.ActualControlFlowGraph.computeGraph(ActualControlFlowGraph.java:262)
	at org.evosuite.graphs.cfg.ActualControlFlowGraph.<init>(ActualControlFlowGraph.java:97)
	at org.evosuite.graphs.cfg.CFGGenerator.computeActualCFG(CFGGenerator.java:218)
	at org.evosuite.graphs.cfg.CFGGenerator.registerCFGs(CFGGenerator.java:102)
	at org.evosuite.graphs.cfg.CFGMethodAdapter.visitEnd(CFGMethodAdapter.java:219)
	at org.evosuite.shaded.org.objectweb.asm.MethodVisitor.visitEnd(MethodVisitor.java:783)
	at org.evosuite.shaded.org.objectweb.asm.MethodVisitor.visitEnd(MethodVisitor.java:783)
	at org.evosuite.shaded.org.objectweb.asm.MethodVisitor.visitEnd(MethodVisitor.java:783)
	at org.evosuite.shaded.org.objectweb.asm.tree.MethodNode.accept(MethodNode.java:772)
	at org.evosuite.shaded.org.objectweb.asm.tree.MethodNode.accept(MethodNode.java:649)
	at org.evosuite.shaded.org.objectweb.asm.tree.ClassNode.accept(ClassNode.java:452)
	at org.evosuite.instrumentation.BytecodeInstrumentation.transformBytes(BytecodeInstrumentation.java:282)
	at org.evosuite.instrumentation.InstrumentingClassLoader.getTransformedBytes(InstrumentingClassLoader.java:135)
	at org.evosuite.instrumentation.InstrumentingClassLoader.instrumentClass(InstrumentingClassLoader.java:149)
	... 77 common frames omitted
[Progress:=======>                      25%] [Cov:=========================>         74%][Progress:=======>                      26%] [Cov:=========================>         74%][Progress:=======>                      26%] [Cov:=========================>         74%][Progress:========>                     27%] [Cov:=========================>         74%][Progress:========>                     27%] [Cov:==========================>        75%][MASTER] 20:17:29.379 [logback-1] WARN  ClientNodeImpl - Cannot send statistics to master; continuing without statistics
java.rmi.ServerException: RemoteException occurred in server thread; nested exception is: 
	java.rmi.UnmarshalException: error unmarshalling arguments; nested exception is: 
	java.lang.ClassNotFoundException: expect to get instruction without BasicBlock already set
	at java.rmi/sun.rmi.server.UnicastServerRef.dispatch(UnicastServerRef.java:391)
	at java.rmi/sun.rmi.transport.Transport$1.run(Transport.java:200)
	at java.rmi/sun.rmi.transport.Transport$1.run(Transport.java:197)
	at java.base/java.security.AccessController.doPrivileged(Native Method)
	at java.rmi/sun.rmi.transport.Transport.serviceCall(Transport.java:196)
	at java.rmi/sun.rmi.transport.tcp.TCPTransport.handleMessages(TCPTransport.java:562)
	at java.rmi/sun.rmi.transport.tcp.TCPTransport$ConnectionHandler.run0(TCPTransport.java:796)
	at java.rmi/sun.rmi.transport.tcp.TCPTransport$ConnectionHandler.lambda$run$0(TCPTransport.java:677)
	at java.base/java.security.AccessController.doPrivileged(Native Method)
	at java.rmi/sun.rmi.transport.tcp.TCPTransport$ConnectionHandler.run(TCPTransport.java:676)
	at java.base/java.util.concurrent.ThreadPoolExecutor.runWorker(ThreadPoolExecutor.java:1128)
	at java.base/java.util.concurrent.ThreadPoolExecutor$Worker.run(ThreadPoolExecutor.java:628)
	at java.base/java.lang.Thread.run(Thread.java:829)
	at java.rmi/sun.rmi.transport.StreamRemoteCall.exceptionReceivedFromServer(StreamRemoteCall.java:303)
	at java.rmi/sun.rmi.transport.StreamRemoteCall.executeCall(StreamRemoteCall.java:279)
	at java.rmi/sun.rmi.server.UnicastRef.invoke(UnicastRef.java:164)
	at java.rmi/java.rmi.server.RemoteObjectInvocationHandler.invokeRemoteMethod(RemoteObjectInvocationHandler.java:217)
	at java.rmi/java.rmi.server.RemoteObjectInvocationHandler.invoke(RemoteObjectInvocationHandler.java:162)
	at com.sun.proxy.$Proxy7.evosuite_collectStatistics(Unknown Source)
	at org.evosuite.rmi.service.ClientNodeImpl.updateStatistics(ClientNodeImpl.java:251)
	at org.evosuite.statistics.StatisticsSender.sendIndividualToMaster(StatisticsSender.java:62)
	at org.evosuite.statistics.StatisticsListener.lambda$new$0(StatisticsListener.java:76)
	at java.base/java.lang.Thread.run(Thread.java:829)
Caused by: java.rmi.UnmarshalException: error unmarshalling arguments; nested exception is: 
	java.lang.ClassNotFoundException: expect to get instruction without BasicBlock already set
	at java.rmi/sun.rmi.server.UnicastServerRef.dispatch(UnicastServerRef.java:350)
	at java.rmi/sun.rmi.transport.Transport$1.run(Transport.java:200)
	at java.rmi/sun.rmi.transport.Transport$1.run(Transport.java:197)
	at java.base/java.security.AccessController.doPrivileged(Native Method)
	at java.rmi/sun.rmi.transport.Transport.serviceCall(Transport.java:196)
	at java.rmi/sun.rmi.transport.tcp.TCPTransport.handleMessages(TCPTransport.java:562)
	at java.rmi/sun.rmi.transport.tcp.TCPTransport$ConnectionHandler.run0(TCPTransport.java:796)
	at java.rmi/sun.rmi.transport.tcp.TCPTransport$ConnectionHandler.lambda$run$0(TCPTransport.java:677)
	at java.base/java.security.AccessController.doPrivileged(Native Method)
	at java.rmi/sun.rmi.transport.tcp.TCPTransport$ConnectionHandler.run(TCPTransport.java:676)
	at java.base/java.util.concurrent.ThreadPoolExecutor.runWorker(ThreadPoolExecutor.java:1128)
	at java.base/java.util.concurrent.ThreadPoolExecutor$Worker.run(ThreadPoolExecutor.java:628)
	... 1 common frames omitted
Caused by: java.lang.ClassNotFoundException: expect to get instruction without BasicBlock already set
	at org.evosuite.instrumentation.InstrumentingClassLoader.instrumentClass(InstrumentingClassLoader.java:158)
	at org.evosuite.instrumentation.InstrumentingClassLoader.loadClass(InstrumentingClassLoader.java:126)
	at org.evosuite.utils.generic.GenericClassImpl.getClass(GenericClassImpl.java:139)
	at org.evosuite.utils.generic.GenericClassImpl.getClass(GenericClassImpl.java:105)
	at org.evosuite.utils.generic.GenericClassImpl.readObject(GenericClassImpl.java:1671)
	at jdk.internal.reflect.GeneratedMethodAccessor9.invoke(Unknown Source)
	at java.base/jdk.internal.reflect.DelegatingMethodAccessorImpl.invoke(DelegatingMethodAccessorImpl.java:43)
	at java.base/java.lang.reflect.Method.invoke(Method.java:566)
	at java.base/java.io.ObjectStreamClass.invokeReadObject(ObjectStreamClass.java:1046)
	at java.base/java.io.ObjectInputStream.readSerialData(ObjectInputStream.java:2357)
	at java.base/java.io.ObjectInputStream.readOrdinaryObject(ObjectInputStream.java:2228)
	at java.base/java.io.ObjectInputStream.readObject0(ObjectInputStream.java:1687)
	at java.base/java.io.ObjectInputStream.defaultReadFields(ObjectInputStream.java:2496)
	at java.base/java.io.ObjectInputStream.readSerialData(ObjectInputStream.java:2390)
	at java.base/java.io.ObjectInputStream.readOrdinaryObject(ObjectInputStream.java:2228)
	at java.base/java.io.ObjectInputStream.readObject0(ObjectInputStream.java:1687)
	at java.base/java.io.ObjectInputStream.defaultReadFields(ObjectInputStream.java:2496)
	at java.base/java.io.ObjectInputStream.readSerialData(ObjectInputStream.java:2390)
	at java.base/java.io.ObjectInputStream.readOrdinaryObject(ObjectInputStream.java:2228)
	at java.base/java.io.ObjectInputStream.readObject0(ObjectInputStream.java:1687)
	at java.base/java.io.ObjectInputStream.readObject(ObjectInputStream.java:489)
	at java.base/java.io.ObjectInputStream.readObject(ObjectInputStream.java:447)
	at java.base/java.util.ArrayList.readObject(ArrayList.java:929)
	at java.base/jdk.internal.reflect.GeneratedMethodAccessor7.invoke(Unknown Source)
	at java.base/jdk.internal.reflect.DelegatingMethodAccessorImpl.invoke(DelegatingMethodAccessorImpl.java:43)
	at java.base/java.lang.reflect.Method.invoke(Method.java:566)
	at java.base/java.io.ObjectStreamClass.invokeReadObject(ObjectStreamClass.java:1046)
	at java.base/java.io.ObjectInputStream.readSerialData(ObjectInputStream.java:2357)
	at java.base/java.io.ObjectInputStream.readOrdinaryObject(ObjectInputStream.java:2228)
	at java.base/java.io.ObjectInputStream.readObject0(ObjectInputStream.java:1687)
	at java.base/java.io.ObjectInputStream.defaultReadFields(ObjectInputStream.java:2496)
	at java.base/java.io.ObjectInputStream.readSerialData(ObjectInputStream.java:2390)
	at java.base/java.io.ObjectInputStream.readOrdinaryObject(ObjectInputStream.java:2228)
	at java.base/java.io.ObjectInputStream.readObject0(ObjectInputStream.java:1687)
	at java.base/java.io.ObjectInputStream.defaultReadFields(ObjectInputStream.java:2496)
	at java.base/java.io.ObjectInputStream.defaultReadObject(ObjectInputStream.java:625)
	at org.evosuite.testcase.DefaultTestCase.readObject(DefaultTestCase.java:1217)
	at jdk.internal.reflect.GeneratedMethodAccessor16.invoke(Unknown Source)
	at java.base/jdk.internal.reflect.DelegatingMethodAccessorImpl.invoke(DelegatingMethodAccessorImpl.java:43)
	at java.base/java.lang.reflect.Method.invoke(Method.java:566)
	at java.base/java.io.ObjectStreamClass.invokeReadObject(ObjectStreamClass.java:1046)
	at java.base/java.io.ObjectInputStream.readSerialData(ObjectInputStream.java:2357)
	at java.base/java.io.ObjectInputStream.readOrdinaryObject(ObjectInputStream.java:2228)
	at java.base/java.io.ObjectInputStream.readObject0(ObjectInputStream.java:1687)
	at java.base/java.io.ObjectInputStream.defaultReadFields(ObjectInputStream.java:2496)
	at java.base/java.io.ObjectInputStream.readSerialData(ObjectInputStream.java:2390)
	at java.base/java.io.ObjectInputStream.readOrdinaryObject(ObjectInputStream.java:2228)
	at java.base/java.io.ObjectInputStream.readObject0(ObjectInputStream.java:1687)
	at java.base/java.io.ObjectInputStream.readObject(ObjectInputStream.java:489)
	at java.base/java.io.ObjectInputStream.readObject(ObjectInputStream.java:447)
	at java.base/java.util.ArrayList.readObject(ArrayList.java:929)
	at java.base/jdk.internal.reflect.GeneratedMethodAccessor7.invoke(Unknown Source)
	at java.base/jdk.internal.reflect.DelegatingMethodAccessorImpl.invoke(DelegatingMethodAccessorImpl.java:43)
	at java.base/java.lang.reflect.Method.invoke(Method.java:566)
	at java.base/java.io.ObjectStreamClass.invokeReadObject(ObjectStreamClass.java:1046)
	at java.base/java.io.ObjectInputStream.readSerialData(ObjectInputStream.java:2357)
	at java.base/java.io.ObjectInputStream.readOrdinaryObject(ObjectInputStream.java:2228)
	at java.base/java.io.ObjectInputStream.readObject0(ObjectInputStream.java:1687)
	at java.base/java.io.ObjectInputStream.defaultReadFields(ObjectInputStream.java:2496)
	at java.base/java.io.ObjectInputStream.readSerialData(ObjectInputStream.java:2390)
	at java.base/java.io.ObjectInputStream.readOrdinaryObject(ObjectInputStream.java:2228)
	at java.base/java.io.ObjectInputStream.readObject0(ObjectInputStream.java:1687)
	at java.base/java.io.ObjectInputStream.readObject(ObjectInputStream.java:489)
	at java.base/java.io.ObjectInputStream.readObject(ObjectInputStream.java:447)
	at java.rmi/sun.rmi.server.UnicastRef.unmarshalValue(UnicastRef.java:327)
	at java.rmi/sun.rmi.server.UnicastServerRef.dispatch(UnicastServerRef.java:339)
	... 12 common frames omitted
Caused by: java.lang.IllegalArgumentException: expect to get instruction without BasicBlock already set
	at org.evosuite.graphs.cfg.BasicBlock.appendInstruction(BasicBlock.java:225)
	at org.evosuite.graphs.cfg.BasicBlock.setInstructions(BasicBlock.java:206)
	at org.evosuite.graphs.cfg.BasicBlock.<init>(BasicBlock.java:106)
	at org.evosuite.graphs.cfg.RawControlFlowGraph.determineBasicBlockFor(RawControlFlowGraph.java:314)
	at org.evosuite.graphs.cfg.ActualControlFlowGraph.computeNodes(ActualControlFlowGraph.java:295)
	at org.evosuite.graphs.cfg.ActualControlFlowGraph.computeGraph(ActualControlFlowGraph.java:262)
	at org.evosuite.graphs.cfg.ActualControlFlowGraph.<init>(ActualControlFlowGraph.java:97)
	at org.evosuite.graphs.cfg.CFGGenerator.computeActualCFG(CFGGenerator.java:218)
	at org.evosuite.graphs.cfg.CFGGenerator.registerCFGs(CFGGenerator.java:102)
	at org.evosuite.graphs.cfg.CFGMethodAdapter.visitEnd(CFGMethodAdapter.java:219)
	at org.evosuite.shaded.org.objectweb.asm.MethodVisitor.visitEnd(MethodVisitor.java:783)
	at org.evosuite.shaded.org.objectweb.asm.MethodVisitor.visitEnd(MethodVisitor.java:783)
	at org.evosuite.shaded.org.objectweb.asm.MethodVisitor.visitEnd(MethodVisitor.java:783)
	at org.evosuite.shaded.org.objectweb.asm.tree.MethodNode.accept(MethodNode.java:772)
	at org.evosuite.shaded.org.objectweb.asm.tree.MethodNode.accept(MethodNode.java:649)
	at org.evosuite.shaded.org.objectweb.asm.tree.ClassNode.accept(ClassNode.java:452)
	at org.evosuite.instrumentation.BytecodeInstrumentation.transformBytes(BytecodeInstrumentation.java:282)
	at org.evosuite.instrumentation.InstrumentingClassLoader.getTransformedBytes(InstrumentingClassLoader.java:135)
	at org.evosuite.instrumentation.InstrumentingClassLoader.instrumentClass(InstrumentingClassLoader.java:149)
	... 77 common frames omitted
[Progress:========>                     28%] [Cov:=========================>         74%][Progress:========>                     28%] [Cov:==========================>        75%][Progress:========>                     29%] [Cov:=========================>         74%][Progress:========>                     29%] [Cov:==========================>        75%][Progress:========>                     29%] [Cov:=========================>         74%][Progress:========>                     29%] [Cov:==========================>        75%][Progress:=========>                    30%] [Cov:==========================>        75%][MASTER] 20:17:32.427 [logback-1] WARN  ClientNodeImpl - Cannot send statistics to master; continuing without statistics
java.rmi.ServerException: RemoteException occurred in server thread; nested exception is: 
	java.rmi.UnmarshalException: error unmarshalling arguments; nested exception is: 
	java.lang.ClassNotFoundException: expect to get instruction without BasicBlock already set
	at java.rmi/sun.rmi.server.UnicastServerRef.dispatch(UnicastServerRef.java:391)
	at java.rmi/sun.rmi.transport.Transport$1.run(Transport.java:200)
	at java.rmi/sun.rmi.transport.Transport$1.run(Transport.java:197)
	at java.base/java.security.AccessController.doPrivileged(Native Method)
	at java.rmi/sun.rmi.transport.Transport.serviceCall(Transport.java:196)
	at java.rmi/sun.rmi.transport.tcp.TCPTransport.handleMessages(TCPTransport.java:562)
	at java.rmi/sun.rmi.transport.tcp.TCPTransport$ConnectionHandler.run0(TCPTransport.java:796)
	at java.rmi/sun.rmi.transport.tcp.TCPTransport$ConnectionHandler.lambda$run$0(TCPTransport.java:677)
	at java.base/java.security.AccessController.doPrivileged(Native Method)
	at java.rmi/sun.rmi.transport.tcp.TCPTransport$ConnectionHandler.run(TCPTransport.java:676)
	at java.base/java.util.concurrent.ThreadPoolExecutor.runWorker(ThreadPoolExecutor.java:1128)
	at java.base/java.util.concurrent.ThreadPoolExecutor$Worker.run(ThreadPoolExecutor.java:628)
	at java.base/java.lang.Thread.run(Thread.java:829)
	at java.rmi/sun.rmi.transport.StreamRemoteCall.exceptionReceivedFromServer(StreamRemoteCall.java:303)
	at java.rmi/sun.rmi.transport.StreamRemoteCall.executeCall(StreamRemoteCall.java:279)
	at java.rmi/sun.rmi.server.UnicastRef.invoke(UnicastRef.java:164)
	at java.rmi/java.rmi.server.RemoteObjectInvocationHandler.invokeRemoteMethod(RemoteObjectInvocationHandler.java:217)
	at java.rmi/java.rmi.server.RemoteObjectInvocationHandler.invoke(RemoteObjectInvocationHandler.java:162)
	at com.sun.proxy.$Proxy7.evosuite_collectStatistics(Unknown Source)
	at org.evosuite.rmi.service.ClientNodeImpl.updateStatistics(ClientNodeImpl.java:251)
	at org.evosuite.statistics.StatisticsSender.sendIndividualToMaster(StatisticsSender.java:62)
	at org.evosuite.statistics.StatisticsListener.lambda$new$0(StatisticsListener.java:76)
	at java.base/java.lang.Thread.run(Thread.java:829)
Caused by: java.rmi.UnmarshalException: error unmarshalling arguments; nested exception is: 
	java.lang.ClassNotFoundException: expect to get instruction without BasicBlock already set
	at java.rmi/sun.rmi.server.UnicastServerRef.dispatch(UnicastServerRef.java:350)
	at java.rmi/sun.rmi.transport.Transport$1.run(Transport.java:200)
	at java.rmi/sun.rmi.transport.Transport$1.run(Transport.java:197)
	at java.base/java.security.AccessController.doPrivileged(Native Method)
	at java.rmi/sun.rmi.transport.Transport.serviceCall(Transport.java:196)
	at java.rmi/sun.rmi.transport.tcp.TCPTransport.handleMessages(TCPTransport.java:562)
	at java.rmi/sun.rmi.transport.tcp.TCPTransport$ConnectionHandler.run0(TCPTransport.java:796)
	at java.rmi/sun.rmi.transport.tcp.TCPTransport$ConnectionHandler.lambda$run$0(TCPTransport.java:677)
	at java.base/java.security.AccessController.doPrivileged(Native Method)
	at java.rmi/sun.rmi.transport.tcp.TCPTransport$ConnectionHandler.run(TCPTransport.java:676)
	at java.base/java.util.concurrent.ThreadPoolExecutor.runWorker(ThreadPoolExecutor.java:1128)
	at java.base/java.util.concurrent.ThreadPoolExecutor$Worker.run(ThreadPoolExecutor.java:628)
	... 1 common frames omitted
Caused by: java.lang.ClassNotFoundException: expect to get instruction without BasicBlock already set
	at org.evosuite.instrumentation.InstrumentingClassLoader.instrumentClass(InstrumentingClassLoader.java:158)
	at org.evosuite.instrumentation.InstrumentingClassLoader.loadClass(InstrumentingClassLoader.java:126)
	at org.evosuite.utils.generic.GenericClassImpl.getClass(GenericClassImpl.java:139)
	at org.evosuite.utils.generic.GenericClassImpl.getClass(GenericClassImpl.java:105)
	at org.evosuite.utils.generic.GenericClassImpl.readObject(GenericClassImpl.java:1671)
	at jdk.internal.reflect.GeneratedMethodAccessor9.invoke(Unknown Source)
	at java.base/jdk.internal.reflect.DelegatingMethodAccessorImpl.invoke(DelegatingMethodAccessorImpl.java:43)
	at java.base/java.lang.reflect.Method.invoke(Method.java:566)
	at java.base/java.io.ObjectStreamClass.invokeReadObject(ObjectStreamClass.java:1046)
	at java.base/java.io.ObjectInputStream.readSerialData(ObjectInputStream.java:2357)
	at java.base/java.io.ObjectInputStream.readOrdinaryObject(ObjectInputStream.java:2228)
	at java.base/java.io.ObjectInputStream.readObject0(ObjectInputStream.java:1687)
	at java.base/java.io.ObjectInputStream.defaultReadFields(ObjectInputStream.java:2496)
	at java.base/java.io.ObjectInputStream.readSerialData(ObjectInputStream.java:2390)
	at java.base/java.io.ObjectInputStream.readOrdinaryObject(ObjectInputStream.java:2228)
	at java.base/java.io.ObjectInputStream.readObject0(ObjectInputStream.java:1687)
	at java.base/java.io.ObjectInputStream.defaultReadFields(ObjectInputStream.java:2496)
	at java.base/java.io.ObjectInputStream.readSerialData(ObjectInputStream.java:2390)
	at java.base/java.io.ObjectInputStream.readOrdinaryObject(ObjectInputStream.java:2228)
	at java.base/java.io.ObjectInputStream.readObject0(ObjectInputStream.java:1687)
	at java.base/java.io.ObjectInputStream.readObject(ObjectInputStream.java:489)
	at java.base/java.io.ObjectInputStream.readObject(ObjectInputStream.java:447)
	at java.base/java.util.ArrayList.readObject(ArrayList.java:929)
	at java.base/jdk.internal.reflect.GeneratedMethodAccessor7.invoke(Unknown Source)
	at java.base/jdk.internal.reflect.DelegatingMethodAccessorImpl.invoke(DelegatingMethodAccessorImpl.java:43)
	at java.base/java.lang.reflect.Method.invoke(Method.java:566)
	at java.base/java.io.ObjectStreamClass.invokeReadObject(ObjectStreamClass.java:1046)
	at java.base/java.io.ObjectInputStream.readSerialData(ObjectInputStream.java:2357)
	at java.base/java.io.ObjectInputStream.readOrdinaryObject(ObjectInputStream.java:2228)
	at java.base/java.io.ObjectInputStream.readObject0(ObjectInputStream.java:1687)
	at java.base/java.io.ObjectInputStream.defaultReadFields(ObjectInputStream.java:2496)
	at java.base/java.io.ObjectInputStream.readSerialData(ObjectInputStream.java:2390)
	at java.base/java.io.ObjectInputStream.readOrdinaryObject(ObjectInputStream.java:2228)
	at java.base/java.io.ObjectInputStream.readObject0(ObjectInputStream.java:1687)
	at java.base/java.io.ObjectInputStream.defaultReadFields(ObjectInputStream.java:2496)
	at java.base/java.io.ObjectInputStream.defaultReadObject(ObjectInputStream.java:625)
	at org.evosuite.testcase.DefaultTestCase.readObject(DefaultTestCase.java:1217)
	at jdk.internal.reflect.GeneratedMethodAccessor16.invoke(Unknown Source)
	at java.base/jdk.internal.reflect.DelegatingMethodAccessorImpl.invoke(DelegatingMethodAccessorImpl.java:43)
	at java.base/java.lang.reflect.Method.invoke(Method.java:566)
	at java.base/java.io.ObjectStreamClass.invokeReadObject(ObjectStreamClass.java:1046)
	at java.base/java.io.ObjectInputStream.readSerialData(ObjectInputStream.java:2357)
	at java.base/java.io.ObjectInputStream.readOrdinaryObject(ObjectInputStream.java:2228)
	at java.base/java.io.ObjectInputStream.readObject0(ObjectInputStream.java:1687)
	at java.base/java.io.ObjectInputStream.defaultReadFields(ObjectInputStream.java:2496)
	at java.base/java.io.ObjectInputStream.readSerialData(ObjectInputStream.java:2390)
	at java.base/java.io.ObjectInputStream.readOrdinaryObject(ObjectInputStream.java:2228)
	at java.base/java.io.ObjectInputStream.readObject0(ObjectInputStream.java:1687)
	at java.base/java.io.ObjectInputStream.readObject(ObjectInputStream.java:489)
	at java.base/java.io.ObjectInputStream.readObject(ObjectInputStream.java:447)
	at java.base/java.util.ArrayList.readObject(ArrayList.java:929)
	at java.base/jdk.internal.reflect.GeneratedMethodAccessor7.invoke(Unknown Source)
	at java.base/jdk.internal.reflect.DelegatingMethodAccessorImpl.invoke(DelegatingMethodAccessorImpl.java:43)
	at java.base/java.lang.reflect.Method.invoke(Method.java:566)
	at java.base/java.io.ObjectStreamClass.invokeReadObject(ObjectStreamClass.java:1046)
	at java.base/java.io.ObjectInputStream.readSerialData(ObjectInputStream.java:2357)
	at java.base/java.io.ObjectInputStream.readOrdinaryObject(ObjectInputStream.java:2228)
	at java.base/java.io.ObjectInputStream.readObject0(ObjectInputStream.java:1687)
	at java.base/java.io.ObjectInputStream.defaultReadFields(ObjectInputStream.java:2496)
	at java.base/java.io.ObjectInputStream.readSerialData(ObjectInputStream.java:2390)
	at java.base/java.io.ObjectInputStream.readOrdinaryObject(ObjectInputStream.java:2228)
	at java.base/java.io.ObjectInputStream.readObject0(ObjectInputStream.java:1687)
	at java.base/java.io.ObjectInputStream.readObject(ObjectInputStream.java:489)
	at java.base/java.io.ObjectInputStream.readObject(ObjectInputStream.java:447)
	at java.rmi/sun.rmi.server.UnicastRef.unmarshalValue(UnicastRef.java:327)
	at java.rmi/sun.rmi.server.UnicastServerRef.dispatch(UnicastServerRef.java:339)
	... 12 common frames omitted
Caused by: java.lang.IllegalArgumentException: expect to get instruction without BasicBlock already set
	at org.evosuite.graphs.cfg.BasicBlock.appendInstruction(BasicBlock.java:225)
	at org.evosuite.graphs.cfg.BasicBlock.setInstructions(BasicBlock.java:206)
	at org.evosuite.graphs.cfg.BasicBlock.<init>(BasicBlock.java:106)
	at org.evosuite.graphs.cfg.RawControlFlowGraph.determineBasicBlockFor(RawControlFlowGraph.java:314)
	at org.evosuite.graphs.cfg.ActualControlFlowGraph.computeNodes(ActualControlFlowGraph.java:295)
	at org.evosuite.graphs.cfg.ActualControlFlowGraph.computeGraph(ActualControlFlowGraph.java:262)
	at org.evosuite.graphs.cfg.ActualControlFlowGraph.<init>(ActualControlFlowGraph.java:97)
	at org.evosuite.graphs.cfg.CFGGenerator.computeActualCFG(CFGGenerator.java:218)
	at org.evosuite.graphs.cfg.CFGGenerator.registerCFGs(CFGGenerator.java:102)
	at org.evosuite.graphs.cfg.CFGMethodAdapter.visitEnd(CFGMethodAdapter.java:219)
	at org.evosuite.shaded.org.objectweb.asm.MethodVisitor.visitEnd(MethodVisitor.java:783)
	at org.evosuite.shaded.org.objectweb.asm.MethodVisitor.visitEnd(MethodVisitor.java:783)
	at org.evosuite.shaded.org.objectweb.asm.MethodVisitor.visitEnd(MethodVisitor.java:783)
	at org.evosuite.shaded.org.objectweb.asm.tree.MethodNode.accept(MethodNode.java:772)
	at org.evosuite.shaded.org.objectweb.asm.tree.MethodNode.accept(MethodNode.java:649)
	at org.evosuite.shaded.org.objectweb.asm.tree.ClassNode.accept(ClassNode.java:452)
	at org.evosuite.instrumentation.BytecodeInstrumentation.transformBytes(BytecodeInstrumentation.java:282)
	at org.evosuite.instrumentation.InstrumentingClassLoader.getTransformedBytes(InstrumentingClassLoader.java:135)
	at org.evosuite.instrumentation.InstrumentingClassLoader.instrumentClass(InstrumentingClassLoader.java:149)
	... 77 common frames omitted
[Progress:=========>                    30%] [Cov:==========================>        75%][Progress:=========>                    31%] [Cov:==========================>        75%][Progress:=========>                    31%] [Cov:==========================>        75%][Progress:=========>                    32%] [Cov:==========================>        75%][Progress:=========>                    32%] [Cov:==========================>        75%][Progress:=========>                    33%] [Cov:==========================>        75%][MASTER] 20:17:36.222 [logback-1] WARN  ClientNodeImpl - Cannot send statistics to master; continuing without statistics
java.rmi.ServerException: RemoteException occurred in server thread; nested exception is: 
	java.rmi.UnmarshalException: error unmarshalling arguments; nested exception is: 
	java.lang.ClassNotFoundException: expect to get instruction without BasicBlock already set
	at java.rmi/sun.rmi.server.UnicastServerRef.dispatch(UnicastServerRef.java:391)
	at java.rmi/sun.rmi.transport.Transport$1.run(Transport.java:200)
	at java.rmi/sun.rmi.transport.Transport$1.run(Transport.java:197)
	at java.base/java.security.AccessController.doPrivileged(Native Method)
	at java.rmi/sun.rmi.transport.Transport.serviceCall(Transport.java:196)
	at java.rmi/sun.rmi.transport.tcp.TCPTransport.handleMessages(TCPTransport.java:562)
	at java.rmi/sun.rmi.transport.tcp.TCPTransport$ConnectionHandler.run0(TCPTransport.java:796)
	at java.rmi/sun.rmi.transport.tcp.TCPTransport$ConnectionHandler.lambda$run$0(TCPTransport.java:677)
	at java.base/java.security.AccessController.doPrivileged(Native Method)
	at java.rmi/sun.rmi.transport.tcp.TCPTransport$ConnectionHandler.run(TCPTransport.java:676)
	at java.base/java.util.concurrent.ThreadPoolExecutor.runWorker(ThreadPoolExecutor.java:1128)
	at java.base/java.util.concurrent.ThreadPoolExecutor$Worker.run(ThreadPoolExecutor.java:628)
	at java.base/java.lang.Thread.run(Thread.java:829)
	at java.rmi/sun.rmi.transport.StreamRemoteCall.exceptionReceivedFromServer(StreamRemoteCall.java:303)
	at java.rmi/sun.rmi.transport.StreamRemoteCall.executeCall(StreamRemoteCall.java:279)
	at java.rmi/sun.rmi.server.UnicastRef.invoke(UnicastRef.java:164)
	at java.rmi/java.rmi.server.RemoteObjectInvocationHandler.invokeRemoteMethod(RemoteObjectInvocationHandler.java:217)
	at java.rmi/java.rmi.server.RemoteObjectInvocationHandler.invoke(RemoteObjectInvocationHandler.java:162)
	at com.sun.proxy.$Proxy7.evosuite_collectStatistics(Unknown Source)
	at org.evosuite.rmi.service.ClientNodeImpl.updateStatistics(ClientNodeImpl.java:251)
	at org.evosuite.statistics.StatisticsSender.sendIndividualToMaster(StatisticsSender.java:62)
	at org.evosuite.statistics.StatisticsListener.lambda$new$0(StatisticsListener.java:76)
	at java.base/java.lang.Thread.run(Thread.java:829)
Caused by: java.rmi.UnmarshalException: error unmarshalling arguments; nested exception is: 
	java.lang.ClassNotFoundException: expect to get instruction without BasicBlock already set
	at java.rmi/sun.rmi.server.UnicastServerRef.dispatch(UnicastServerRef.java:350)
	at java.rmi/sun.rmi.transport.Transport$1.run(Transport.java:200)
	at java.rmi/sun.rmi.transport.Transport$1.run(Transport.java:197)
	at java.base/java.security.AccessController.doPrivileged(Native Method)
	at java.rmi/sun.rmi.transport.Transport.serviceCall(Transport.java:196)
	at java.rmi/sun.rmi.transport.tcp.TCPTransport.handleMessages(TCPTransport.java:562)
	at java.rmi/sun.rmi.transport.tcp.TCPTransport$ConnectionHandler.run0(TCPTransport.java:796)
	at java.rmi/sun.rmi.transport.tcp.TCPTransport$ConnectionHandler.lambda$run$0(TCPTransport.java:677)
	at java.base/java.security.AccessController.doPrivileged(Native Method)
	at java.rmi/sun.rmi.transport.tcp.TCPTransport$ConnectionHandler.run(TCPTransport.java:676)
	at java.base/java.util.concurrent.ThreadPoolExecutor.runWorker(ThreadPoolExecutor.java:1128)
	at java.base/java.util.concurrent.ThreadPoolExecutor$Worker.run(ThreadPoolExecutor.java:628)
	... 1 common frames omitted
Caused by: java.lang.ClassNotFoundException: expect to get instruction without BasicBlock already set
	at org.evosuite.instrumentation.InstrumentingClassLoader.instrumentClass(InstrumentingClassLoader.java:158)
	at org.evosuite.instrumentation.InstrumentingClassLoader.loadClass(InstrumentingClassLoader.java:126)
	at org.evosuite.utils.generic.GenericClassImpl.getClass(GenericClassImpl.java:139)
	at org.evosuite.utils.generic.GenericClassImpl.getClass(GenericClassImpl.java:105)
	at org.evosuite.utils.generic.GenericClassImpl.readObject(GenericClassImpl.java:1671)
	at jdk.internal.reflect.GeneratedMethodAccessor9.invoke(Unknown Source)
	at java.base/jdk.internal.reflect.DelegatingMethodAccessorImpl.invoke(DelegatingMethodAccessorImpl.java:43)
	at java.base/java.lang.reflect.Method.invoke(Method.java:566)
	at java.base/java.io.ObjectStreamClass.invokeReadObject(ObjectStreamClass.java:1046)
	at java.base/java.io.ObjectInputStream.readSerialData(ObjectInputStream.java:2357)
	at java.base/java.io.ObjectInputStream.readOrdinaryObject(ObjectInputStream.java:2228)
	at java.base/java.io.ObjectInputStream.readObject0(ObjectInputStream.java:1687)
	at java.base/java.io.ObjectInputStream.defaultReadFields(ObjectInputStream.java:2496)
	at java.base/java.io.ObjectInputStream.readSerialData(ObjectInputStream.java:2390)
	at java.base/java.io.ObjectInputStream.readOrdinaryObject(ObjectInputStream.java:2228)
	at java.base/java.io.ObjectInputStream.readObject0(ObjectInputStream.java:1687)
	at java.base/java.io.ObjectInputStream.defaultReadFields(ObjectInputStream.java:2496)
	at java.base/java.io.ObjectInputStream.readSerialData(ObjectInputStream.java:2390)
	at java.base/java.io.ObjectInputStream.readOrdinaryObject(ObjectInputStream.java:2228)
	at java.base/java.io.ObjectInputStream.readObject0(ObjectInputStream.java:1687)
	at java.base/java.io.ObjectInputStream.readObject(ObjectInputStream.java:489)
	at java.base/java.io.ObjectInputStream.readObject(ObjectInputStream.java:447)
	at java.base/java.util.ArrayList.readObject(ArrayList.java:929)
	at java.base/jdk.internal.reflect.GeneratedMethodAccessor7.invoke(Unknown Source)
	at java.base/jdk.internal.reflect.DelegatingMethodAccessorImpl.invoke(DelegatingMethodAccessorImpl.java:43)
	at java.base/java.lang.reflect.Method.invoke(Method.java:566)
	at java.base/java.io.ObjectStreamClass.invokeReadObject(ObjectStreamClass.java:1046)
	at java.base/java.io.ObjectInputStream.readSerialData(ObjectInputStream.java:2357)
	at java.base/java.io.ObjectInputStream.readOrdinaryObject(ObjectInputStream.java:2228)
	at java.base/java.io.ObjectInputStream.readObject0(ObjectInputStream.java:1687)
	at java.base/java.io.ObjectInputStream.defaultReadFields(ObjectInputStream.java:2496)
	at java.base/java.io.ObjectInputStream.readSerialData(ObjectInputStream.java:2390)
	at java.base/java.io.ObjectInputStream.readOrdinaryObject(ObjectInputStream.java:2228)
	at java.base/java.io.ObjectInputStream.readObject0(ObjectInputStream.java:1687)
	at java.base/java.io.ObjectInputStream.defaultReadFields(ObjectInputStream.java:2496)
	at java.base/java.io.ObjectInputStream.defaultReadObject(ObjectInputStream.java:625)
	at org.evosuite.testcase.DefaultTestCase.readObject(DefaultTestCase.java:1217)
	at jdk.internal.reflect.GeneratedMethodAccessor16.invoke(Unknown Source)
	at java.base/jdk.internal.reflect.DelegatingMethodAccessorImpl.invoke(DelegatingMethodAccessorImpl.java:43)
	at java.base/java.lang.reflect.Method.invoke(Method.java:566)
	at java.base/java.io.ObjectStreamClass.invokeReadObject(ObjectStreamClass.java:1046)
	at java.base/java.io.ObjectInputStream.readSerialData(ObjectInputStream.java:2357)
	at java.base/java.io.ObjectInputStream.readOrdinaryObject(ObjectInputStream.java:2228)
	at java.base/java.io.ObjectInputStream.readObject0(ObjectInputStream.java:1687)
	at java.base/java.io.ObjectInputStream.defaultReadFields(ObjectInputStream.java:2496)
	at java.base/java.io.ObjectInputStream.readSerialData(ObjectInputStream.java:2390)
	at java.base/java.io.ObjectInputStream.readOrdinaryObject(ObjectInputStream.java:2228)
	at java.base/java.io.ObjectInputStream.readObject0(ObjectInputStream.java:1687)
	at java.base/java.io.ObjectInputStream.readObject(ObjectInputStream.java:489)
	at java.base/java.io.ObjectInputStream.readObject(ObjectInputStream.java:447)
	at java.base/java.util.ArrayList.readObject(ArrayList.java:929)
	at java.base/jdk.internal.reflect.GeneratedMethodAccessor7.invoke(Unknown Source)
	at java.base/jdk.internal.reflect.DelegatingMethodAccessorImpl.invoke(DelegatingMethodAccessorImpl.java:43)
	at java.base/java.lang.reflect.Method.invoke(Method.java:566)
	at java.base/java.io.ObjectStreamClass.invokeReadObject(ObjectStreamClass.java:1046)
	at java.base/java.io.ObjectInputStream.readSerialData(ObjectInputStream.java:2357)
	at java.base/java.io.ObjectInputStream.readOrdinaryObject(ObjectInputStream.java:2228)
	at java.base/java.io.ObjectInputStream.readObject0(ObjectInputStream.java:1687)
	at java.base/java.io.ObjectInputStream.defaultReadFields(ObjectInputStream.java:2496)
	at java.base/java.io.ObjectInputStream.readSerialData(ObjectInputStream.java:2390)
	at java.base/java.io.ObjectInputStream.readOrdinaryObject(ObjectInputStream.java:2228)
	at java.base/java.io.ObjectInputStream.readObject0(ObjectInputStream.java:1687)
	at java.base/java.io.ObjectInputStream.readObject(ObjectInputStream.java:489)
	at java.base/java.io.ObjectInputStream.readObject(ObjectInputStream.java:447)
	at java.rmi/sun.rmi.server.UnicastRef.unmarshalValue(UnicastRef.java:327)
	at java.rmi/sun.rmi.server.UnicastServerRef.dispatch(UnicastServerRef.java:339)
	... 12 common frames omitted
Caused by: java.lang.IllegalArgumentException: expect to get instruction without BasicBlock already set
	at org.evosuite.graphs.cfg.BasicBlock.appendInstruction(BasicBlock.java:225)
	at org.evosuite.graphs.cfg.BasicBlock.setInstructions(BasicBlock.java:206)
	at org.evosuite.graphs.cfg.BasicBlock.<init>(BasicBlock.java:106)
	at org.evosuite.graphs.cfg.RawControlFlowGraph.determineBasicBlockFor(RawControlFlowGraph.java:314)
	at org.evosuite.graphs.cfg.ActualControlFlowGraph.computeNodes(ActualControlFlowGraph.java:295)
	at org.evosuite.graphs.cfg.ActualControlFlowGraph.computeGraph(ActualControlFlowGraph.java:262)
	at org.evosuite.graphs.cfg.ActualControlFlowGraph.<init>(ActualControlFlowGraph.java:97)
	at org.evosuite.graphs.cfg.CFGGenerator.computeActualCFG(CFGGenerator.java:218)
	at org.evosuite.graphs.cfg.CFGGenerator.registerCFGs(CFGGenerator.java:102)
	at org.evosuite.graphs.cfg.CFGMethodAdapter.visitEnd(CFGMethodAdapter.java:219)
	at org.evosuite.shaded.org.objectweb.asm.MethodVisitor.visitEnd(MethodVisitor.java:783)
	at org.evosuite.shaded.org.objectweb.asm.MethodVisitor.visitEnd(MethodVisitor.java:783)
	at org.evosuite.shaded.org.objectweb.asm.MethodVisitor.visitEnd(MethodVisitor.java:783)
	at org.evosuite.shaded.org.objectweb.asm.tree.MethodNode.accept(MethodNode.java:772)
	at org.evosuite.shaded.org.objectweb.asm.tree.MethodNode.accept(MethodNode.java:649)
	at org.evosuite.shaded.org.objectweb.asm.tree.ClassNode.accept(ClassNode.java:452)
	at org.evosuite.instrumentation.BytecodeInstrumentation.transformBytes(BytecodeInstrumentation.java:282)
	at org.evosuite.instrumentation.InstrumentingClassLoader.getTransformedBytes(InstrumentingClassLoader.java:135)
	at org.evosuite.instrumentation.InstrumentingClassLoader.instrumentClass(InstrumentingClassLoader.java:149)
	... 77 common frames omitted
[Progress:=========>                    33%] [Cov:==========================>        76%][Progress:==========>                   34%] [Cov:==========================>        75%][Progress:==========>                   34%] [Cov:==========================>        76%][Progress:==========>                   35%] [Cov:==========================>        76%][Progress:==========>                   35%] [Cov:==========================>        76%][Progress:==========>                   36%] [Cov:==========================>        75%][Progress:==========>                   36%] [Cov:==========================>        76%][Progress:==========>                   36%] [Cov:==========================>        76%][MASTER] 20:17:40.156 [logback-1] WARN  ClientNodeImpl - Cannot send statistics to master; continuing without statistics
java.rmi.ServerException: RemoteException occurred in server thread; nested exception is: 
	java.rmi.UnmarshalException: error unmarshalling arguments; nested exception is: 
	java.lang.ClassNotFoundException: expect to get instruction without BasicBlock already set
	at java.rmi/sun.rmi.server.UnicastServerRef.dispatch(UnicastServerRef.java:391)
	at java.rmi/sun.rmi.transport.Transport$1.run(Transport.java:200)
	at java.rmi/sun.rmi.transport.Transport$1.run(Transport.java:197)
	at java.base/java.security.AccessController.doPrivileged(Native Method)
	at java.rmi/sun.rmi.transport.Transport.serviceCall(Transport.java:196)
	at java.rmi/sun.rmi.transport.tcp.TCPTransport.handleMessages(TCPTransport.java:562)
	at java.rmi/sun.rmi.transport.tcp.TCPTransport$ConnectionHandler.run0(TCPTransport.java:796)
	at java.rmi/sun.rmi.transport.tcp.TCPTransport$ConnectionHandler.lambda$run$0(TCPTransport.java:677)
	at java.base/java.security.AccessController.doPrivileged(Native Method)
	at java.rmi/sun.rmi.transport.tcp.TCPTransport$ConnectionHandler.run(TCPTransport.java:676)
	at java.base/java.util.concurrent.ThreadPoolExecutor.runWorker(ThreadPoolExecutor.java:1128)
	at java.base/java.util.concurrent.ThreadPoolExecutor$Worker.run(ThreadPoolExecutor.java:628)
	at java.base/java.lang.Thread.run(Thread.java:829)
	at java.rmi/sun.rmi.transport.StreamRemoteCall.exceptionReceivedFromServer(StreamRemoteCall.java:303)
	at java.rmi/sun.rmi.transport.StreamRemoteCall.executeCall(StreamRemoteCall.java:279)
	at java.rmi/sun.rmi.server.UnicastRef.invoke(UnicastRef.java:164)
	at java.rmi/java.rmi.server.RemoteObjectInvocationHandler.invokeRemoteMethod(RemoteObjectInvocationHandler.java:217)
	at java.rmi/java.rmi.server.RemoteObjectInvocationHandler.invoke(RemoteObjectInvocationHandler.java:162)
	at com.sun.proxy.$Proxy7.evosuite_collectStatistics(Unknown Source)
	at org.evosuite.rmi.service.ClientNodeImpl.updateStatistics(ClientNodeImpl.java:251)
	at org.evosuite.statistics.StatisticsSender.sendIndividualToMaster(StatisticsSender.java:62)
	at org.evosuite.statistics.StatisticsListener.lambda$new$0(StatisticsListener.java:76)
	at java.base/java.lang.Thread.run(Thread.java:829)
Caused by: java.rmi.UnmarshalException: error unmarshalling arguments; nested exception is: 
	java.lang.ClassNotFoundException: expect to get instruction without BasicBlock already set
	at java.rmi/sun.rmi.server.UnicastServerRef.dispatch(UnicastServerRef.java:350)
	at java.rmi/sun.rmi.transport.Transport$1.run(Transport.java:200)
	at java.rmi/sun.rmi.transport.Transport$1.run(Transport.java:197)
	at java.base/java.security.AccessController.doPrivileged(Native Method)
	at java.rmi/sun.rmi.transport.Transport.serviceCall(Transport.java:196)
	at java.rmi/sun.rmi.transport.tcp.TCPTransport.handleMessages(TCPTransport.java:562)
	at java.rmi/sun.rmi.transport.tcp.TCPTransport$ConnectionHandler.run0(TCPTransport.java:796)
	at java.rmi/sun.rmi.transport.tcp.TCPTransport$ConnectionHandler.lambda$run$0(TCPTransport.java:677)
	at java.base/java.security.AccessController.doPrivileged(Native Method)
	at java.rmi/sun.rmi.transport.tcp.TCPTransport$ConnectionHandler.run(TCPTransport.java:676)
	at java.base/java.util.concurrent.ThreadPoolExecutor.runWorker(ThreadPoolExecutor.java:1128)
	at java.base/java.util.concurrent.ThreadPoolExecutor$Worker.run(ThreadPoolExecutor.java:628)
	... 1 common frames omitted
Caused by: java.lang.ClassNotFoundException: expect to get instruction without BasicBlock already set
	at org.evosuite.instrumentation.InstrumentingClassLoader.instrumentClass(InstrumentingClassLoader.java:158)
	at org.evosuite.instrumentation.InstrumentingClassLoader.loadClass(InstrumentingClassLoader.java:126)
	at org.evosuite.utils.generic.GenericClassImpl.getClass(GenericClassImpl.java:139)
	at org.evosuite.utils.generic.GenericClassImpl.getClass(GenericClassImpl.java:105)
	at org.evosuite.utils.generic.GenericClassImpl.readObject(GenericClassImpl.java:1671)
	at jdk.internal.reflect.GeneratedMethodAccessor9.invoke(Unknown Source)
	at java.base/jdk.internal.reflect.DelegatingMethodAccessorImpl.invoke(DelegatingMethodAccessorImpl.java:43)
	at java.base/java.lang.reflect.Method.invoke(Method.java:566)
	at java.base/java.io.ObjectStreamClass.invokeReadObject(ObjectStreamClass.java:1046)
	at java.base/java.io.ObjectInputStream.readSerialData(ObjectInputStream.java:2357)
	at java.base/java.io.ObjectInputStream.readOrdinaryObject(ObjectInputStream.java:2228)
	at java.base/java.io.ObjectInputStream.readObject0(ObjectInputStream.java:1687)
	at java.base/java.io.ObjectInputStream.defaultReadFields(ObjectInputStream.java:2496)
	at java.base/java.io.ObjectInputStream.readSerialData(ObjectInputStream.java:2390)
	at java.base/java.io.ObjectInputStream.readOrdinaryObject(ObjectInputStream.java:2228)
	at java.base/java.io.ObjectInputStream.readObject0(ObjectInputStream.java:1687)
	at java.base/java.io.ObjectInputStream.defaultReadFields(ObjectInputStream.java:2496)
	at java.base/java.io.ObjectInputStream.readSerialData(ObjectInputStream.java:2390)
	at java.base/java.io.ObjectInputStream.readOrdinaryObject(ObjectInputStream.java:2228)
	at java.base/java.io.ObjectInputStream.readObject0(ObjectInputStream.java:1687)
	at java.base/java.io.ObjectInputStream.readObject(ObjectInputStream.java:489)
	at java.base/java.io.ObjectInputStream.readObject(ObjectInputStream.java:447)
	at java.base/java.util.ArrayList.readObject(ArrayList.java:929)
	at java.base/jdk.internal.reflect.GeneratedMethodAccessor7.invoke(Unknown Source)
	at java.base/jdk.internal.reflect.DelegatingMethodAccessorImpl.invoke(DelegatingMethodAccessorImpl.java:43)
	at java.base/java.lang.reflect.Method.invoke(Method.java:566)
	at java.base/java.io.ObjectStreamClass.invokeReadObject(ObjectStreamClass.java:1046)
	at java.base/java.io.ObjectInputStream.readSerialData(ObjectInputStream.java:2357)
	at java.base/java.io.ObjectInputStream.readOrdinaryObject(ObjectInputStream.java:2228)
	at java.base/java.io.ObjectInputStream.readObject0(ObjectInputStream.java:1687)
	at java.base/java.io.ObjectInputStream.defaultReadFields(ObjectInputStream.java:2496)
	at java.base/java.io.ObjectInputStream.readSerialData(ObjectInputStream.java:2390)
	at java.base/java.io.ObjectInputStream.readOrdinaryObject(ObjectInputStream.java:2228)
	at java.base/java.io.ObjectInputStream.readObject0(ObjectInputStream.java:1687)
	at java.base/java.io.ObjectInputStream.defaultReadFields(ObjectInputStream.java:2496)
	at java.base/java.io.ObjectInputStream.defaultReadObject(ObjectInputStream.java:625)
	at org.evosuite.testcase.DefaultTestCase.readObject(DefaultTestCase.java:1217)
	at jdk.internal.reflect.GeneratedMethodAccessor16.invoke(Unknown Source)
	at java.base/jdk.internal.reflect.DelegatingMethodAccessorImpl.invoke(DelegatingMethodAccessorImpl.java:43)
	at java.base/java.lang.reflect.Method.invoke(Method.java:566)
	at java.base/java.io.ObjectStreamClass.invokeReadObject(ObjectStreamClass.java:1046)
	at java.base/java.io.ObjectInputStream.readSerialData(ObjectInputStream.java:2357)
	at java.base/java.io.ObjectInputStream.readOrdinaryObject(ObjectInputStream.java:2228)
	at java.base/java.io.ObjectInputStream.readObject0(ObjectInputStream.java:1687)
	at java.base/java.io.ObjectInputStream.defaultReadFields(ObjectInputStream.java:2496)
	at java.base/java.io.ObjectInputStream.readSerialData(ObjectInputStream.java:2390)
	at java.base/java.io.ObjectInputStream.readOrdinaryObject(ObjectInputStream.java:2228)
	at java.base/java.io.ObjectInputStream.readObject0(ObjectInputStream.java:1687)
	at java.base/java.io.ObjectInputStream.readObject(ObjectInputStream.java:489)
	at java.base/java.io.ObjectInputStream.readObject(ObjectInputStream.java:447)
	at java.base/java.util.ArrayList.readObject(ArrayList.java:929)
	at java.base/jdk.internal.reflect.GeneratedMethodAccessor7.invoke(Unknown Source)
	at java.base/jdk.internal.reflect.DelegatingMethodAccessorImpl.invoke(DelegatingMethodAccessorImpl.java:43)
	at java.base/java.lang.reflect.Method.invoke(Method.java:566)
	at java.base/java.io.ObjectStreamClass.invokeReadObject(ObjectStreamClass.java:1046)
	at java.base/java.io.ObjectInputStream.readSerialData(ObjectInputStream.java:2357)
	at java.base/java.io.ObjectInputStream.readOrdinaryObject(ObjectInputStream.java:2228)
	at java.base/java.io.ObjectInputStream.readObject0(ObjectInputStream.java:1687)
	at java.base/java.io.ObjectInputStream.defaultReadFields(ObjectInputStream.java:2496)
	at java.base/java.io.ObjectInputStream.readSerialData(ObjectInputStream.java:2390)
	at java.base/java.io.ObjectInputStream.readOrdinaryObject(ObjectInputStream.java:2228)
	at java.base/java.io.ObjectInputStream.readObject0(ObjectInputStream.java:1687)
	at java.base/java.io.ObjectInputStream.readObject(ObjectInputStream.java:489)
	at java.base/java.io.ObjectInputStream.readObject(ObjectInputStream.java:447)
	at java.rmi/sun.rmi.server.UnicastRef.unmarshalValue(UnicastRef.java:327)
	at java.rmi/sun.rmi.server.UnicastServerRef.dispatch(UnicastServerRef.java:339)
	... 12 common frames omitted
Caused by: java.lang.IllegalArgumentException: expect to get instruction without BasicBlock already set
	at org.evosuite.graphs.cfg.BasicBlock.appendInstruction(BasicBlock.java:225)
	at org.evosuite.graphs.cfg.BasicBlock.setInstructions(BasicBlock.java:206)
	at org.evosuite.graphs.cfg.BasicBlock.<init>(BasicBlock.java:106)
	at org.evosuite.graphs.cfg.RawControlFlowGraph.determineBasicBlockFor(RawControlFlowGraph.java:314)
	at org.evosuite.graphs.cfg.ActualControlFlowGraph.computeNodes(ActualControlFlowGraph.java:295)
	at org.evosuite.graphs.cfg.ActualControlFlowGraph.computeGraph(ActualControlFlowGraph.java:262)
	at org.evosuite.graphs.cfg.ActualControlFlowGraph.<init>(ActualControlFlowGraph.java:97)
	at org.evosuite.graphs.cfg.CFGGenerator.computeActualCFG(CFGGenerator.java:218)
	at org.evosuite.graphs.cfg.CFGGenerator.registerCFGs(CFGGenerator.java:102)
	at org.evosuite.graphs.cfg.CFGMethodAdapter.visitEnd(CFGMethodAdapter.java:219)
	at org.evosuite.shaded.org.objectweb.asm.MethodVisitor.visitEnd(MethodVisitor.java:783)
	at org.evosuite.shaded.org.objectweb.asm.MethodVisitor.visitEnd(MethodVisitor.java:783)
	at org.evosuite.shaded.org.objectweb.asm.MethodVisitor.visitEnd(MethodVisitor.java:783)
	at org.evosuite.shaded.org.objectweb.asm.tree.MethodNode.accept(MethodNode.java:772)
	at org.evosuite.shaded.org.objectweb.asm.tree.MethodNode.accept(MethodNode.java:649)
	at org.evosuite.shaded.org.objectweb.asm.tree.ClassNode.accept(ClassNode.java:452)
	at org.evosuite.instrumentation.BytecodeInstrumentation.transformBytes(BytecodeInstrumentation.java:282)
	at org.evosuite.instrumentation.InstrumentingClassLoader.getTransformedBytes(InstrumentingClassLoader.java:135)
	at org.evosuite.instrumentation.InstrumentingClassLoader.instrumentClass(InstrumentingClassLoader.java:149)
	... 77 common frames omitted
[Progress:===========>                  37%] [Cov:==========================>        76%][Progress:===========>                  37%] [Cov:==========================>        76%]GWO iteration=40 bestFitness=344.48275862068965 population=50 a=1.2
========== GWO EVOLVE iteration=40 population=50 ==========
[Progress:===========>                  38%] [Cov:==========================>        76%][Progress:===========>                  38%] [Cov:==========================>        77%][Progress:===========>                  39%] [Cov:==========================>        76%][Progress:============>                 40%] [Cov:==========================>        76%][Progress:============>                 40%] [Cov:==========================>        77%][Progress:============>                 41%] [Cov:==========================>        77%][MASTER] 20:17:45.992 [logback-1] WARN  ClientNodeImpl - Cannot send statistics to master; continuing without statistics
java.rmi.ServerException: RemoteException occurred in server thread; nested exception is: 
	java.rmi.UnmarshalException: error unmarshalling arguments; nested exception is: 
	java.lang.ClassNotFoundException: expect to get instruction without BasicBlock already set
	at java.rmi/sun.rmi.server.UnicastServerRef.dispatch(UnicastServerRef.java:391)
	at java.rmi/sun.rmi.transport.Transport$1.run(Transport.java:200)
	at java.rmi/sun.rmi.transport.Transport$1.run(Transport.java:197)
	at java.base/java.security.AccessController.doPrivileged(Native Method)
	at java.rmi/sun.rmi.transport.Transport.serviceCall(Transport.java:196)
	at java.rmi/sun.rmi.transport.tcp.TCPTransport.handleMessages(TCPTransport.java:562)
	at java.rmi/sun.rmi.transport.tcp.TCPTransport$ConnectionHandler.run0(TCPTransport.java:796)
	at java.rmi/sun.rmi.transport.tcp.TCPTransport$ConnectionHandler.lambda$run$0(TCPTransport.java:677)
	at java.base/java.security.AccessController.doPrivileged(Native Method)
	at java.rmi/sun.rmi.transport.tcp.TCPTransport$ConnectionHandler.run(TCPTransport.java:676)
	at java.base/java.util.concurrent.ThreadPoolExecutor.runWorker(ThreadPoolExecutor.java:1128)
	at java.base/java.util.concurrent.ThreadPoolExecutor$Worker.run(ThreadPoolExecutor.java:628)
	at java.base/java.lang.Thread.run(Thread.java:829)
	at java.rmi/sun.rmi.transport.StreamRemoteCall.exceptionReceivedFromServer(StreamRemoteCall.java:303)
	at java.rmi/sun.rmi.transport.StreamRemoteCall.executeCall(StreamRemoteCall.java:279)
	at java.rmi/sun.rmi.server.UnicastRef.invoke(UnicastRef.java:164)
	at java.rmi/java.rmi.server.RemoteObjectInvocationHandler.invokeRemoteMethod(RemoteObjectInvocationHandler.java:217)
	at java.rmi/java.rmi.server.RemoteObjectInvocationHandler.invoke(RemoteObjectInvocationHandler.java:162)
	at com.sun.proxy.$Proxy7.evosuite_collectStatistics(Unknown Source)
	at org.evosuite.rmi.service.ClientNodeImpl.updateStatistics(ClientNodeImpl.java:251)
	at org.evosuite.statistics.StatisticsSender.sendIndividualToMaster(StatisticsSender.java:62)
	at org.evosuite.statistics.StatisticsListener.lambda$new$0(StatisticsListener.java:76)
	at java.base/java.lang.Thread.run(Thread.java:829)
Caused by: java.rmi.UnmarshalException: error unmarshalling arguments; nested exception is: 
	java.lang.ClassNotFoundException: expect to get instruction without BasicBlock already set
	at java.rmi/sun.rmi.server.UnicastServerRef.dispatch(UnicastServerRef.java:350)
	at java.rmi/sun.rmi.transport.Transport$1.run(Transport.java:200)
	at java.rmi/sun.rmi.transport.Transport$1.run(Transport.java:197)
	at java.base/java.security.AccessController.doPrivileged(Native Method)
	at java.rmi/sun.rmi.transport.Transport.serviceCall(Transport.java:196)
	at java.rmi/sun.rmi.transport.tcp.TCPTransport.handleMessages(TCPTransport.java:562)
	at java.rmi/sun.rmi.transport.tcp.TCPTransport$ConnectionHandler.run0(TCPTransport.java:796)
	at java.rmi/sun.rmi.transport.tcp.TCPTransport$ConnectionHandler.lambda$run$0(TCPTransport.java:677)
	at java.base/java.security.AccessController.doPrivileged(Native Method)
	at java.rmi/sun.rmi.transport.tcp.TCPTransport$ConnectionHandler.run(TCPTransport.java:676)
	at java.base/java.util.concurrent.ThreadPoolExecutor.runWorker(ThreadPoolExecutor.java:1128)
	at java.base/java.util.concurrent.ThreadPoolExecutor$Worker.run(ThreadPoolExecutor.java:628)
	... 1 common frames omitted
Caused by: java.lang.ClassNotFoundException: expect to get instruction without BasicBlock already set
	at org.evosuite.instrumentation.InstrumentingClassLoader.instrumentClass(InstrumentingClassLoader.java:158)
	at org.evosuite.instrumentation.InstrumentingClassLoader.loadClass(InstrumentingClassLoader.java:126)
	at org.evosuite.utils.generic.GenericClassImpl.getClass(GenericClassImpl.java:139)
	at org.evosuite.utils.generic.GenericClassImpl.getClass(GenericClassImpl.java:105)
	at org.evosuite.utils.generic.GenericClassImpl.readObject(GenericClassImpl.java:1671)
	at jdk.internal.reflect.GeneratedMethodAccessor9.invoke(Unknown Source)
	at java.base/jdk.internal.reflect.DelegatingMethodAccessorImpl.invoke(DelegatingMethodAccessorImpl.java:43)
	at java.base/java.lang.reflect.Method.invoke(Method.java:566)
	at java.base/java.io.ObjectStreamClass.invokeReadObject(ObjectStreamClass.java:1046)
	at java.base/java.io.ObjectInputStream.readSerialData(ObjectInputStream.java:2357)
	at java.base/java.io.ObjectInputStream.readOrdinaryObject(ObjectInputStream.java:2228)
	at java.base/java.io.ObjectInputStream.readObject0(ObjectInputStream.java:1687)
	at java.base/java.io.ObjectInputStream.defaultReadFields(ObjectInputStream.java:2496)
	at java.base/java.io.ObjectInputStream.readSerialData(ObjectInputStream.java:2390)
	at java.base/java.io.ObjectInputStream.readOrdinaryObject(ObjectInputStream.java:2228)
	at java.base/java.io.ObjectInputStream.readObject0(ObjectInputStream.java:1687)
	at java.base/java.io.ObjectInputStream.defaultReadFields(ObjectInputStream.java:2496)
	at java.base/java.io.ObjectInputStream.readSerialData(ObjectInputStream.java:2390)
	at java.base/java.io.ObjectInputStream.readOrdinaryObject(ObjectInputStream.java:2228)
	at java.base/java.io.ObjectInputStream.readObject0(ObjectInputStream.java:1687)
	at java.base/java.io.ObjectInputStream.readObject(ObjectInputStream.java:489)
	at java.base/java.io.ObjectInputStream.readObject(ObjectInputStream.java:447)
	at java.base/java.util.ArrayList.readObject(ArrayList.java:929)
	at java.base/jdk.internal.reflect.GeneratedMethodAccessor7.invoke(Unknown Source)
	at java.base/jdk.internal.reflect.DelegatingMethodAccessorImpl.invoke(DelegatingMethodAccessorImpl.java:43)
	at java.base/java.lang.reflect.Method.invoke(Method.java:566)
	at java.base/java.io.ObjectStreamClass.invokeReadObject(ObjectStreamClass.java:1046)
	at java.base/java.io.ObjectInputStream.readSerialData(ObjectInputStream.java:2357)
	at java.base/java.io.ObjectInputStream.readOrdinaryObject(ObjectInputStream.java:2228)
	at java.base/java.io.ObjectInputStream.readObject0(ObjectInputStream.java:1687)
	at java.base/java.io.ObjectInputStream.defaultReadFields(ObjectInputStream.java:2496)
	at java.base/java.io.ObjectInputStream.readSerialData(ObjectInputStream.java:2390)
	at java.base/java.io.ObjectInputStream.readOrdinaryObject(ObjectInputStream.java:2228)
	at java.base/java.io.ObjectInputStream.readObject0(ObjectInputStream.java:1687)
	at java.base/java.io.ObjectInputStream.defaultReadFields(ObjectInputStream.java:2496)
	at java.base/java.io.ObjectInputStream.defaultReadObject(ObjectInputStream.java:625)
	at org.evosuite.testcase.DefaultTestCase.readObject(DefaultTestCase.java:1217)
	at jdk.internal.reflect.GeneratedMethodAccessor16.invoke(Unknown Source)
	at java.base/jdk.internal.reflect.DelegatingMethodAccessorImpl.invoke(DelegatingMethodAccessorImpl.java:43)
	at java.base/java.lang.reflect.Method.invoke(Method.java:566)
	at java.base/java.io.ObjectStreamClass.invokeReadObject(ObjectStreamClass.java:1046)
	at java.base/java.io.ObjectInputStream.readSerialData(ObjectInputStream.java:2357)
	at java.base/java.io.ObjectInputStream.readOrdinaryObject(ObjectInputStream.java:2228)
	at java.base/java.io.ObjectInputStream.readObject0(ObjectInputStream.java:1687)
	at java.base/java.io.ObjectInputStream.defaultReadFields(ObjectInputStream.java:2496)
	at java.base/java.io.ObjectInputStream.readSerialData(ObjectInputStream.java:2390)
	at java.base/java.io.ObjectInputStream.readOrdinaryObject(ObjectInputStream.java:2228)
	at java.base/java.io.ObjectInputStream.readObject0(ObjectInputStream.java:1687)
	at java.base/java.io.ObjectInputStream.readObject(ObjectInputStream.java:489)
	at java.base/java.io.ObjectInputStream.readObject(ObjectInputStream.java:447)
	at java.base/java.util.ArrayList.readObject(ArrayList.java:929)
	at java.base/jdk.internal.reflect.GeneratedMethodAccessor7.invoke(Unknown Source)
	at java.base/jdk.internal.reflect.DelegatingMethodAccessorImpl.invoke(DelegatingMethodAccessorImpl.java:43)
	at java.base/java.lang.reflect.Method.invoke(Method.java:566)
	at java.base/java.io.ObjectStreamClass.invokeReadObject(ObjectStreamClass.java:1046)
	at java.base/java.io.ObjectInputStream.readSerialData(ObjectInputStream.java:2357)
	at java.base/java.io.ObjectInputStream.readOrdinaryObject(ObjectInputStream.java:2228)
	at java.base/java.io.ObjectInputStream.readObject0(ObjectInputStream.java:1687)
	at java.base/java.io.ObjectInputStream.defaultReadFields(ObjectInputStream.java:2496)
	at java.base/java.io.ObjectInputStream.readSerialData(ObjectInputStream.java:2390)
	at java.base/java.io.ObjectInputStream.readOrdinaryObject(ObjectInputStream.java:2228)
	at java.base/java.io.ObjectInputStream.readObject0(ObjectInputStream.java:1687)
	at java.base/java.io.ObjectInputStream.readObject(ObjectInputStream.java:489)
	at java.base/java.io.ObjectInputStream.readObject(ObjectInputStream.java:447)
	at java.rmi/sun.rmi.server.UnicastRef.unmarshalValue(UnicastRef.java:327)
	at java.rmi/sun.rmi.server.UnicastServerRef.dispatch(UnicastServerRef.java:339)
	... 12 common frames omitted
Caused by: java.lang.IllegalArgumentException: expect to get instruction without BasicBlock already set
	at org.evosuite.graphs.cfg.BasicBlock.appendInstruction(BasicBlock.java:225)
	at org.evosuite.graphs.cfg.BasicBlock.setInstructions(BasicBlock.java:206)
	at org.evosuite.graphs.cfg.BasicBlock.<init>(BasicBlock.java:106)
	at org.evosuite.graphs.cfg.RawControlFlowGraph.determineBasicBlockFor(RawControlFlowGraph.java:314)
	at org.evosuite.graphs.cfg.ActualControlFlowGraph.computeNodes(ActualControlFlowGraph.java:295)
	at org.evosuite.graphs.cfg.ActualControlFlowGraph.computeGraph(ActualControlFlowGraph.java:262)
	at org.evosuite.graphs.cfg.ActualControlFlowGraph.<init>(ActualControlFlowGraph.java:97)
	at org.evosuite.graphs.cfg.CFGGenerator.computeActualCFG(CFGGenerator.java:218)
	at org.evosuite.graphs.cfg.CFGGenerator.registerCFGs(CFGGenerator.java:102)
	at org.evosuite.graphs.cfg.CFGMethodAdapter.visitEnd(CFGMethodAdapter.java:219)
	at org.evosuite.shaded.org.objectweb.asm.MethodVisitor.visitEnd(MethodVisitor.java:783)
	at org.evosuite.shaded.org.objectweb.asm.MethodVisitor.visitEnd(MethodVisitor.java:783)
	at org.evosuite.shaded.org.objectweb.asm.MethodVisitor.visitEnd(MethodVisitor.java:783)
	at org.evosuite.shaded.org.objectweb.asm.tree.MethodNode.accept(MethodNode.java:772)
	at org.evosuite.shaded.org.objectweb.asm.tree.MethodNode.accept(MethodNode.java:649)
	at org.evosuite.shaded.org.objectweb.asm.tree.ClassNode.accept(ClassNode.java:452)
	at org.evosuite.instrumentation.BytecodeInstrumentation.transformBytes(BytecodeInstrumentation.java:282)
	at org.evosuite.instrumentation.InstrumentingClassLoader.getTransformedBytes(InstrumentingClassLoader.java:135)
	at org.evosuite.instrumentation.InstrumentingClassLoader.instrumentClass(InstrumentingClassLoader.java:149)
	... 77 common frames omitted
[Progress:============>                 41%] [Cov:==========================>        76%][Progress:============>                 41%] [Cov:==========================>        77%][Progress:============>                 42%] [Cov:==========================>        76%][Progress:============>                 42%] [Cov:==========================>        77%][Progress:============>                 43%] [Cov:==========================>        76%][Progress:============>                 43%] [Cov:==========================>        77%][Progress:============>                 43%] [Cov:==========================>        77%][Progress:=============>                44%] [Cov:==========================>        76%][Progress:=============>                44%] [Cov:==========================>        77%][Progress:=============>                44%] [Cov:==========================>        77%][Progress:=============>                45%] [Cov:==========================>        77%][MASTER] 20:17:50.545 [logback-1] WARN  ClientNodeImpl - Cannot send statistics to master; continuing without statistics
java.rmi.ServerException: RemoteException occurred in server thread; nested exception is: 
	java.rmi.UnmarshalException: error unmarshalling arguments; nested exception is: 
	java.lang.ClassNotFoundException: expect to get instruction without BasicBlock already set
	at java.rmi/sun.rmi.server.UnicastServerRef.dispatch(UnicastServerRef.java:391)
	at java.rmi/sun.rmi.transport.Transport$1.run(Transport.java:200)
	at java.rmi/sun.rmi.transport.Transport$1.run(Transport.java:197)
	at java.base/java.security.AccessController.doPrivileged(Native Method)
	at java.rmi/sun.rmi.transport.Transport.serviceCall(Transport.java:196)
	at java.rmi/sun.rmi.transport.tcp.TCPTransport.handleMessages(TCPTransport.java:562)
	at java.rmi/sun.rmi.transport.tcp.TCPTransport$ConnectionHandler.run0(TCPTransport.java:796)
	at java.rmi/sun.rmi.transport.tcp.TCPTransport$ConnectionHandler.lambda$run$0(TCPTransport.java:677)
	at java.base/java.security.AccessController.doPrivileged(Native Method)
	at java.rmi/sun.rmi.transport.tcp.TCPTransport$ConnectionHandler.run(TCPTransport.java:676)
	at java.base/java.util.concurrent.ThreadPoolExecutor.runWorker(ThreadPoolExecutor.java:1128)
	at java.base/java.util.concurrent.ThreadPoolExecutor$Worker.run(ThreadPoolExecutor.java:628)
	at java.base/java.lang.Thread.run(Thread.java:829)
	at java.rmi/sun.rmi.transport.StreamRemoteCall.exceptionReceivedFromServer(StreamRemoteCall.java:303)
	at java.rmi/sun.rmi.transport.StreamRemoteCall.executeCall(StreamRemoteCall.java:279)
	at java.rmi/sun.rmi.server.UnicastRef.invoke(UnicastRef.java:164)
	at java.rmi/java.rmi.server.RemoteObjectInvocationHandler.invokeRemoteMethod(RemoteObjectInvocationHandler.java:217)
	at java.rmi/java.rmi.server.RemoteObjectInvocationHandler.invoke(RemoteObjectInvocationHandler.java:162)
	at com.sun.proxy.$Proxy7.evosuite_collectStatistics(Unknown Source)
	at org.evosuite.rmi.service.ClientNodeImpl.updateStatistics(ClientNodeImpl.java:251)
	at org.evosuite.statistics.StatisticsSender.sendIndividualToMaster(StatisticsSender.java:62)
	at org.evosuite.statistics.StatisticsListener.lambda$new$0(StatisticsListener.java:76)
	at java.base/java.lang.Thread.run(Thread.java:829)
Caused by: java.rmi.UnmarshalException: error unmarshalling arguments; nested exception is: 
	java.lang.ClassNotFoundException: expect to get instruction without BasicBlock already set
	at java.rmi/sun.rmi.server.UnicastServerRef.dispatch(UnicastServerRef.java:350)
	at java.rmi/sun.rmi.transport.Transport$1.run(Transport.java:200)
	at java.rmi/sun.rmi.transport.Transport$1.run(Transport.java:197)
	at java.base/java.security.AccessController.doPrivileged(Native Method)
	at java.rmi/sun.rmi.transport.Transport.serviceCall(Transport.java:196)
	at java.rmi/sun.rmi.transport.tcp.TCPTransport.handleMessages(TCPTransport.java:562)
	at java.rmi/sun.rmi.transport.tcp.TCPTransport$ConnectionHandler.run0(TCPTransport.java:796)
	at java.rmi/sun.rmi.transport.tcp.TCPTransport$ConnectionHandler.lambda$run$0(TCPTransport.java:677)
	at java.base/java.security.AccessController.doPrivileged(Native Method)
	at java.rmi/sun.rmi.transport.tcp.TCPTransport$ConnectionHandler.run(TCPTransport.java:676)
	at java.base/java.util.concurrent.ThreadPoolExecutor.runWorker(ThreadPoolExecutor.java:1128)
	at java.base/java.util.concurrent.ThreadPoolExecutor$Worker.run(ThreadPoolExecutor.java:628)
	... 1 common frames omitted
Caused by: java.lang.ClassNotFoundException: expect to get instruction without BasicBlock already set
	at org.evosuite.instrumentation.InstrumentingClassLoader.instrumentClass(InstrumentingClassLoader.java:158)
	at org.evosuite.instrumentation.InstrumentingClassLoader.loadClass(InstrumentingClassLoader.java:126)
	at org.evosuite.utils.generic.GenericClassImpl.getClass(GenericClassImpl.java:139)
	at org.evosuite.utils.generic.GenericClassImpl.getClass(GenericClassImpl.java:105)
	at org.evosuite.utils.generic.GenericClassImpl.readObject(GenericClassImpl.java:1671)
	at jdk.internal.reflect.GeneratedMethodAccessor9.invoke(Unknown Source)
	at java.base/jdk.internal.reflect.DelegatingMethodAccessorImpl.invoke(DelegatingMethodAccessorImpl.java:43)
	at java.base/java.lang.reflect.Method.invoke(Method.java:566)
	at java.base/java.io.ObjectStreamClass.invokeReadObject(ObjectStreamClass.java:1046)
	at java.base/java.io.ObjectInputStream.readSerialData(ObjectInputStream.java:2357)
	at java.base/java.io.ObjectInputStream.readOrdinaryObject(ObjectInputStream.java:2228)
	at java.base/java.io.ObjectInputStream.readObject0(ObjectInputStream.java:1687)
	at java.base/java.io.ObjectInputStream.defaultReadFields(ObjectInputStream.java:2496)
	at java.base/java.io.ObjectInputStream.readSerialData(ObjectInputStream.java:2390)
	at java.base/java.io.ObjectInputStream.readOrdinaryObject(ObjectInputStream.java:2228)
	at java.base/java.io.ObjectInputStream.readObject0(ObjectInputStream.java:1687)
	at java.base/java.io.ObjectInputStream.defaultReadFields(ObjectInputStream.java:2496)
	at java.base/java.io.ObjectInputStream.readSerialData(ObjectInputStream.java:2390)
	at java.base/java.io.ObjectInputStream.readOrdinaryObject(ObjectInputStream.java:2228)
	at java.base/java.io.ObjectInputStream.readObject0(ObjectInputStream.java:1687)
	at java.base/java.io.ObjectInputStream.readObject(ObjectInputStream.java:489)
	at java.base/java.io.ObjectInputStream.readObject(ObjectInputStream.java:447)
	at java.base/java.util.ArrayList.readObject(ArrayList.java:929)
	at java.base/jdk.internal.reflect.GeneratedMethodAccessor7.invoke(Unknown Source)
	at java.base/jdk.internal.reflect.DelegatingMethodAccessorImpl.invoke(DelegatingMethodAccessorImpl.java:43)
	at java.base/java.lang.reflect.Method.invoke(Method.java:566)
	at java.base/java.io.ObjectStreamClass.invokeReadObject(ObjectStreamClass.java:1046)
	at java.base/java.io.ObjectInputStream.readSerialData(ObjectInputStream.java:2357)
	at java.base/java.io.ObjectInputStream.readOrdinaryObject(ObjectInputStream.java:2228)
	at java.base/java.io.ObjectInputStream.readObject0(ObjectInputStream.java:1687)
	at java.base/java.io.ObjectInputStream.defaultReadFields(ObjectInputStream.java:2496)
	at java.base/java.io.ObjectInputStream.readSerialData(ObjectInputStream.java:2390)
	at java.base/java.io.ObjectInputStream.readOrdinaryObject(ObjectInputStream.java:2228)
	at java.base/java.io.ObjectInputStream.readObject0(ObjectInputStream.java:1687)
	at java.base/java.io.ObjectInputStream.defaultReadFields(ObjectInputStream.java:2496)
	at java.base/java.io.ObjectInputStream.defaultReadObject(ObjectInputStream.java:625)
	at org.evosuite.testcase.DefaultTestCase.readObject(DefaultTestCase.java:1217)
	at jdk.internal.reflect.GeneratedMethodAccessor16.invoke(Unknown Source)
	at java.base/jdk.internal.reflect.DelegatingMethodAccessorImpl.invoke(DelegatingMethodAccessorImpl.java:43)
	at java.base/java.lang.reflect.Method.invoke(Method.java:566)
	at java.base/java.io.ObjectStreamClass.invokeReadObject(ObjectStreamClass.java:1046)
	at java.base/java.io.ObjectInputStream.readSerialData(ObjectInputStream.java:2357)
	at java.base/java.io.ObjectInputStream.readOrdinaryObject(ObjectInputStream.java:2228)
	at java.base/java.io.ObjectInputStream.readObject0(ObjectInputStream.java:1687)
	at java.base/java.io.ObjectInputStream.defaultReadFields(ObjectInputStream.java:2496)
	at java.base/java.io.ObjectInputStream.readSerialData(ObjectInputStream.java:2390)
	at java.base/java.io.ObjectInputStream.readOrdinaryObject(ObjectInputStream.java:2228)
	at java.base/java.io.ObjectInputStream.readObject0(ObjectInputStream.java:1687)
	at java.base/java.io.ObjectInputStream.readObject(ObjectInputStream.java:489)
	at java.base/java.io.ObjectInputStream.readObject(ObjectInputStream.java:447)
	at java.base/java.util.ArrayList.readObject(ArrayList.java:929)
	at java.base/jdk.internal.reflect.GeneratedMethodAccessor7.invoke(Unknown Source)
	at java.base/jdk.internal.reflect.DelegatingMethodAccessorImpl.invoke(DelegatingMethodAccessorImpl.java:43)
	at java.base/java.lang.reflect.Method.invoke(Method.java:566)
	at java.base/java.io.ObjectStreamClass.invokeReadObject(ObjectStreamClass.java:1046)
	at java.base/java.io.ObjectInputStream.readSerialData(ObjectInputStream.java:2357)
	at java.base/java.io.ObjectInputStream.readOrdinaryObject(ObjectInputStream.java:2228)
	at java.base/java.io.ObjectInputStream.readObject0(ObjectInputStream.java:1687)
	at java.base/java.io.ObjectInputStream.defaultReadFields(ObjectInputStream.java:2496)
	at java.base/java.io.ObjectInputStream.readSerialData(ObjectInputStream.java:2390)
	at java.base/java.io.ObjectInputStream.readOrdinaryObject(ObjectInputStream.java:2228)
	at java.base/java.io.ObjectInputStream.readObject0(ObjectInputStream.java:1687)
	at java.base/java.io.ObjectInputStream.readObject(ObjectInputStream.java:489)
	at java.base/java.io.ObjectInputStream.readObject(ObjectInputStream.java:447)
	at java.rmi/sun.rmi.server.UnicastRef.unmarshalValue(UnicastRef.java:327)
	at java.rmi/sun.rmi.server.UnicastServerRef.dispatch(UnicastServerRef.java:339)
	... 12 common frames omitted
Caused by: java.lang.IllegalArgumentException: expect to get instruction without BasicBlock already set
	at org.evosuite.graphs.cfg.BasicBlock.appendInstruction(BasicBlock.java:225)
	at org.evosuite.graphs.cfg.BasicBlock.setInstructions(BasicBlock.java:206)
	at org.evosuite.graphs.cfg.BasicBlock.<init>(BasicBlock.java:106)
	at org.evosuite.graphs.cfg.RawControlFlowGraph.determineBasicBlockFor(RawControlFlowGraph.java:314)
	at org.evosuite.graphs.cfg.ActualControlFlowGraph.computeNodes(ActualControlFlowGraph.java:295)
	at org.evosuite.graphs.cfg.ActualControlFlowGraph.computeGraph(ActualControlFlowGraph.java:262)
	at org.evosuite.graphs.cfg.ActualControlFlowGraph.<init>(ActualControlFlowGraph.java:97)
	at org.evosuite.graphs.cfg.CFGGenerator.computeActualCFG(CFGGenerator.java:218)
	at org.evosuite.graphs.cfg.CFGGenerator.registerCFGs(CFGGenerator.java:102)
	at org.evosuite.graphs.cfg.CFGMethodAdapter.visitEnd(CFGMethodAdapter.java:219)
	at org.evosuite.shaded.org.objectweb.asm.MethodVisitor.visitEnd(MethodVisitor.java:783)
	at org.evosuite.shaded.org.objectweb.asm.MethodVisitor.visitEnd(MethodVisitor.java:783)
	at org.evosuite.shaded.org.objectweb.asm.MethodVisitor.visitEnd(MethodVisitor.java:783)
	at org.evosuite.shaded.org.objectweb.asm.tree.MethodNode.accept(MethodNode.java:772)
	at org.evosuite.shaded.org.objectweb.asm.tree.MethodNode.accept(MethodNode.java:649)
	at org.evosuite.shaded.org.objectweb.asm.tree.ClassNode.accept(ClassNode.java:452)
	at org.evosuite.instrumentation.BytecodeInstrumentation.transformBytes(BytecodeInstrumentation.java:282)
	at org.evosuite.instrumentation.InstrumentingClassLoader.getTransformedBytes(InstrumentingClassLoader.java:135)
	at org.evosuite.instrumentation.InstrumentingClassLoader.instrumentClass(InstrumentingClassLoader.java:149)
	... 77 common frames omitted
[Progress:=============>                45%] [Cov:==========================>        77%][Progress:=============>                46%] [Cov:==========================>        77%][Progress:==============>               47%] [Cov:==========================>        77%][Progress:==============>               47%] [Cov:==========================>        77%][Progress:==============>               48%] [Cov:==========================>        77%][MASTER] 20:17:54.377 [logback-1] WARN  ClientNodeImpl - Cannot send statistics to master; continuing without statistics
java.rmi.ServerException: RemoteException occurred in server thread; nested exception is: 
	java.rmi.UnmarshalException: error unmarshalling arguments; nested exception is: 
	java.lang.ClassNotFoundException: expect to get instruction without BasicBlock already set
	at java.rmi/sun.rmi.server.UnicastServerRef.dispatch(UnicastServerRef.java:391)
	at java.rmi/sun.rmi.transport.Transport$1.run(Transport.java:200)
	at java.rmi/sun.rmi.transport.Transport$1.run(Transport.java:197)
	at java.base/java.security.AccessController.doPrivileged(Native Method)
	at java.rmi/sun.rmi.transport.Transport.serviceCall(Transport.java:196)
	at java.rmi/sun.rmi.transport.tcp.TCPTransport.handleMessages(TCPTransport.java:562)
	at java.rmi/sun.rmi.transport.tcp.TCPTransport$ConnectionHandler.run0(TCPTransport.java:796)
	at java.rmi/sun.rmi.transport.tcp.TCPTransport$ConnectionHandler.lambda$run$0(TCPTransport.java:677)
	at java.base/java.security.AccessController.doPrivileged(Native Method)
	at java.rmi/sun.rmi.transport.tcp.TCPTransport$ConnectionHandler.run(TCPTransport.java:676)
	at java.base/java.util.concurrent.ThreadPoolExecutor.runWorker(ThreadPoolExecutor.java:1128)
	at java.base/java.util.concurrent.ThreadPoolExecutor$Worker.run(ThreadPoolExecutor.java:628)
	at java.base/java.lang.Thread.run(Thread.java:829)
	at java.rmi/sun.rmi.transport.StreamRemoteCall.exceptionReceivedFromServer(StreamRemoteCall.java:303)
	at java.rmi/sun.rmi.transport.StreamRemoteCall.executeCall(StreamRemoteCall.java:279)
	at java.rmi/sun.rmi.server.UnicastRef.invoke(UnicastRef.java:164)
	at java.rmi/java.rmi.server.RemoteObjectInvocationHandler.invokeRemoteMethod(RemoteObjectInvocationHandler.java:217)
	at java.rmi/java.rmi.server.RemoteObjectInvocationHandler.invoke(RemoteObjectInvocationHandler.java:162)
	at com.sun.proxy.$Proxy7.evosuite_collectStatistics(Unknown Source)
	at org.evosuite.rmi.service.ClientNodeImpl.updateStatistics(ClientNodeImpl.java:251)
	at org.evosuite.statistics.StatisticsSender.sendIndividualToMaster(StatisticsSender.java:62)
	at org.evosuite.statistics.StatisticsListener.lambda$new$0(StatisticsListener.java:76)
	at java.base/java.lang.Thread.run(Thread.java:829)
Caused by: java.rmi.UnmarshalException: error unmarshalling arguments; nested exception is: 
	java.lang.ClassNotFoundException: expect to get instruction without BasicBlock already set
	at java.rmi/sun.rmi.server.UnicastServerRef.dispatch(UnicastServerRef.java:350)
	at java.rmi/sun.rmi.transport.Transport$1.run(Transport.java:200)
	at java.rmi/sun.rmi.transport.Transport$1.run(Transport.java:197)
	at java.base/java.security.AccessController.doPrivileged(Native Method)
	at java.rmi/sun.rmi.transport.Transport.serviceCall(Transport.java:196)
	at java.rmi/sun.rmi.transport.tcp.TCPTransport.handleMessages(TCPTransport.java:562)
	at java.rmi/sun.rmi.transport.tcp.TCPTransport$ConnectionHandler.run0(TCPTransport.java:796)
	at java.rmi/sun.rmi.transport.tcp.TCPTransport$ConnectionHandler.lambda$run$0(TCPTransport.java:677)
	at java.base/java.security.AccessController.doPrivileged(Native Method)
	at java.rmi/sun.rmi.transport.tcp.TCPTransport$ConnectionHandler.run(TCPTransport.java:676)
	at java.base/java.util.concurrent.ThreadPoolExecutor.runWorker(ThreadPoolExecutor.java:1128)
	at java.base/java.util.concurrent.ThreadPoolExecutor$Worker.run(ThreadPoolExecutor.java:628)
	... 1 common frames omitted
Caused by: java.lang.ClassNotFoundException: expect to get instruction without BasicBlock already set
	at org.evosuite.instrumentation.InstrumentingClassLoader.instrumentClass(InstrumentingClassLoader.java:158)
	at org.evosuite.instrumentation.InstrumentingClassLoader.loadClass(InstrumentingClassLoader.java:126)
	at org.evosuite.utils.generic.GenericClassImpl.getClass(GenericClassImpl.java:139)
	at org.evosuite.utils.generic.GenericClassImpl.getClass(GenericClassImpl.java:105)
	at org.evosuite.utils.generic.GenericClassImpl.readObject(GenericClassImpl.java:1671)
	at jdk.internal.reflect.GeneratedMethodAccessor9.invoke(Unknown Source)
	at java.base/jdk.internal.reflect.DelegatingMethodAccessorImpl.invoke(DelegatingMethodAccessorImpl.java:43)
	at java.base/java.lang.reflect.Method.invoke(Method.java:566)
	at java.base/java.io.ObjectStreamClass.invokeReadObject(ObjectStreamClass.java:1046)
	at java.base/java.io.ObjectInputStream.readSerialData(ObjectInputStream.java:2357)
	at java.base/java.io.ObjectInputStream.readOrdinaryObject(ObjectInputStream.java:2228)
	at java.base/java.io.ObjectInputStream.readObject0(ObjectInputStream.java:1687)
	at java.base/java.io.ObjectInputStream.defaultReadFields(ObjectInputStream.java:2496)
	at java.base/java.io.ObjectInputStream.readSerialData(ObjectInputStream.java:2390)
	at java.base/java.io.ObjectInputStream.readOrdinaryObject(ObjectInputStream.java:2228)
	at java.base/java.io.ObjectInputStream.readObject0(ObjectInputStream.java:1687)
	at java.base/java.io.ObjectInputStream.defaultReadFields(ObjectInputStream.java:2496)
	at java.base/java.io.ObjectInputStream.readSerialData(ObjectInputStream.java:2390)
	at java.base/java.io.ObjectInputStream.readOrdinaryObject(ObjectInputStream.java:2228)
	at java.base/java.io.ObjectInputStream.readObject0(ObjectInputStream.java:1687)
	at java.base/java.io.ObjectInputStream.readObject(ObjectInputStream.java:489)
	at java.base/java.io.ObjectInputStream.readObject(ObjectInputStream.java:447)
	at java.base/java.util.ArrayList.readObject(ArrayList.java:929)
	at java.base/jdk.internal.reflect.GeneratedMethodAccessor7.invoke(Unknown Source)
	at java.base/jdk.internal.reflect.DelegatingMethodAccessorImpl.invoke(DelegatingMethodAccessorImpl.java:43)
	at java.base/java.lang.reflect.Method.invoke(Method.java:566)
	at java.base/java.io.ObjectStreamClass.invokeReadObject(ObjectStreamClass.java:1046)
	at java.base/java.io.ObjectInputStream.readSerialData(ObjectInputStream.java:2357)
	at java.base/java.io.ObjectInputStream.readOrdinaryObject(ObjectInputStream.java:2228)
	at java.base/java.io.ObjectInputStream.readObject0(ObjectInputStream.java:1687)
	at java.base/java.io.ObjectInputStream.defaultReadFields(ObjectInputStream.java:2496)
	at java.base/java.io.ObjectInputStream.readSerialData(ObjectInputStream.java:2390)
	at java.base/java.io.ObjectInputStream.readOrdinaryObject(ObjectInputStream.java:2228)
	at java.base/java.io.ObjectInputStream.readObject0(ObjectInputStream.java:1687)
	at java.base/java.io.ObjectInputStream.defaultReadFields(ObjectInputStream.java:2496)
	at java.base/java.io.ObjectInputStream.defaultReadObject(ObjectInputStream.java:625)
	at org.evosuite.testcase.DefaultTestCase.readObject(DefaultTestCase.java:1217)
	at jdk.internal.reflect.GeneratedMethodAccessor16.invoke(Unknown Source)
	at java.base/jdk.internal.reflect.DelegatingMethodAccessorImpl.invoke(DelegatingMethodAccessorImpl.java:43)
	at java.base/java.lang.reflect.Method.invoke(Method.java:566)
	at java.base/java.io.ObjectStreamClass.invokeReadObject(ObjectStreamClass.java:1046)
	at java.base/java.io.ObjectInputStream.readSerialData(ObjectInputStream.java:2357)
	at java.base/java.io.ObjectInputStream.readOrdinaryObject(ObjectInputStream.java:2228)
	at java.base/java.io.ObjectInputStream.readObject0(ObjectInputStream.java:1687)
	at java.base/java.io.ObjectInputStream.defaultReadFields(ObjectInputStream.java:2496)
	at java.base/java.io.ObjectInputStream.readSerialData(ObjectInputStream.java:2390)
	at java.base/java.io.ObjectInputStream.readOrdinaryObject(ObjectInputStream.java:2228)
	at java.base/java.io.ObjectInputStream.readObject0(ObjectInputStream.java:1687)
	at java.base/java.io.ObjectInputStream.readObject(ObjectInputStream.java:489)
	at java.base/java.io.ObjectInputStream.readObject(ObjectInputStream.java:447)
	at java.base/java.util.ArrayList.readObject(ArrayList.java:929)
	at java.base/jdk.internal.reflect.GeneratedMethodAccessor7.invoke(Unknown Source)
	at java.base/jdk.internal.reflect.DelegatingMethodAccessorImpl.invoke(DelegatingMethodAccessorImpl.java:43)
	at java.base/java.lang.reflect.Method.invoke(Method.java:566)
	at java.base/java.io.ObjectStreamClass.invokeReadObject(ObjectStreamClass.java:1046)
	at java.base/java.io.ObjectInputStream.readSerialData(ObjectInputStream.java:2357)
	at java.base/java.io.ObjectInputStream.readOrdinaryObject(ObjectInputStream.java:2228)
	at java.base/java.io.ObjectInputStream.readObject0(ObjectInputStream.java:1687)
	at java.base/java.io.ObjectInputStream.defaultReadFields(ObjectInputStream.java:2496)
	at java.base/java.io.ObjectInputStream.readSerialData(ObjectInputStream.java:2390)
	at java.base/java.io.ObjectInputStream.readOrdinaryObject(ObjectInputStream.java:2228)
	at java.base/java.io.ObjectInputStream.readObject0(ObjectInputStream.java:1687)
	at java.base/java.io.ObjectInputStream.readObject(ObjectInputStream.java:489)
	at java.base/java.io.ObjectInputStream.readObject(ObjectInputStream.java:447)
	at java.rmi/sun.rmi.server.UnicastRef.unmarshalValue(UnicastRef.java:327)
	at java.rmi/sun.rmi.server.UnicastServerRef.dispatch(UnicastServerRef.java:339)
	... 12 common frames omitted
Caused by: java.lang.IllegalArgumentException: expect to get instruction without BasicBlock already set
	at org.evosuite.graphs.cfg.BasicBlock.appendInstruction(BasicBlock.java:225)
	at org.evosuite.graphs.cfg.BasicBlock.setInstructions(BasicBlock.java:206)
	at org.evosuite.graphs.cfg.BasicBlock.<init>(BasicBlock.java:106)
	at org.evosuite.graphs.cfg.RawControlFlowGraph.determineBasicBlockFor(RawControlFlowGraph.java:314)
	at org.evosuite.graphs.cfg.ActualControlFlowGraph.computeNodes(ActualControlFlowGraph.java:295)
	at org.evosuite.graphs.cfg.ActualControlFlowGraph.computeGraph(ActualControlFlowGraph.java:262)
	at org.evosuite.graphs.cfg.ActualControlFlowGraph.<init>(ActualControlFlowGraph.java:97)
	at org.evosuite.graphs.cfg.CFGGenerator.computeActualCFG(CFGGenerator.java:218)
	at org.evosuite.graphs.cfg.CFGGenerator.registerCFGs(CFGGenerator.java:102)
	at org.evosuite.graphs.cfg.CFGMethodAdapter.visitEnd(CFGMethodAdapter.java:219)
	at org.evosuite.shaded.org.objectweb.asm.MethodVisitor.visitEnd(MethodVisitor.java:783)
	at org.evosuite.shaded.org.objectweb.asm.MethodVisitor.visitEnd(MethodVisitor.java:783)
	at org.evosuite.shaded.org.objectweb.asm.MethodVisitor.visitEnd(MethodVisitor.java:783)
	at org.evosuite.shaded.org.objectweb.asm.tree.MethodNode.accept(MethodNode.java:772)
	at org.evosuite.shaded.org.objectweb.asm.tree.MethodNode.accept(MethodNode.java:649)
	at org.evosuite.shaded.org.objectweb.asm.tree.ClassNode.accept(ClassNode.java:452)
	at org.evosuite.instrumentation.BytecodeInstrumentation.transformBytes(BytecodeInstrumentation.java:282)
	at org.evosuite.instrumentation.InstrumentingClassLoader.getTransformedBytes(InstrumentingClassLoader.java:135)
	at org.evosuite.instrumentation.InstrumentingClassLoader.instrumentClass(InstrumentingClassLoader.java:149)
	... 77 common frames omitted
[Progress:==============>               48%] [Cov:==========================>        77%][Progress:==============>               49%] [Cov:==========================>        77%][Progress:===============>              50%] [Cov:==========================>        77%][Progress:===============>              50%] [Cov:==========================>        77%][Progress:===============>              51%] [Cov:==========================>        77%][Progress:===============>              51%] [Cov:==========================>        77%][MASTER] 20:17:57.970 [logback-1] WARN  ClientNodeImpl - Cannot send statistics to master; continuing without statistics
java.rmi.ServerException: RemoteException occurred in server thread; nested exception is: 
	java.rmi.UnmarshalException: error unmarshalling arguments; nested exception is: 
	java.lang.ClassNotFoundException: expect to get instruction without BasicBlock already set
	at java.rmi/sun.rmi.server.UnicastServerRef.dispatch(UnicastServerRef.java:391)
	at java.rmi/sun.rmi.transport.Transport$1.run(Transport.java:200)
	at java.rmi/sun.rmi.transport.Transport$1.run(Transport.java:197)
	at java.base/java.security.AccessController.doPrivileged(Native Method)
	at java.rmi/sun.rmi.transport.Transport.serviceCall(Transport.java:196)
	at java.rmi/sun.rmi.transport.tcp.TCPTransport.handleMessages(TCPTransport.java:562)
	at java.rmi/sun.rmi.transport.tcp.TCPTransport$ConnectionHandler.run0(TCPTransport.java:796)
	at java.rmi/sun.rmi.transport.tcp.TCPTransport$ConnectionHandler.lambda$run$0(TCPTransport.java:677)
	at java.base/java.security.AccessController.doPrivileged(Native Method)
	at java.rmi/sun.rmi.transport.tcp.TCPTransport$ConnectionHandler.run(TCPTransport.java:676)
	at java.base/java.util.concurrent.ThreadPoolExecutor.runWorker(ThreadPoolExecutor.java:1128)
	at java.base/java.util.concurrent.ThreadPoolExecutor$Worker.run(ThreadPoolExecutor.java:628)
	at java.base/java.lang.Thread.run(Thread.java:829)
	at java.rmi/sun.rmi.transport.StreamRemoteCall.exceptionReceivedFromServer(StreamRemoteCall.java:303)
	at java.rmi/sun.rmi.transport.StreamRemoteCall.executeCall(StreamRemoteCall.java:279)
	at java.rmi/sun.rmi.server.UnicastRef.invoke(UnicastRef.java:164)
	at java.rmi/java.rmi.server.RemoteObjectInvocationHandler.invokeRemoteMethod(RemoteObjectInvocationHandler.java:217)
	at java.rmi/java.rmi.server.RemoteObjectInvocationHandler.invoke(RemoteObjectInvocationHandler.java:162)
	at com.sun.proxy.$Proxy7.evosuite_collectStatistics(Unknown Source)
	at org.evosuite.rmi.service.ClientNodeImpl.updateStatistics(ClientNodeImpl.java:251)
	at org.evosuite.statistics.StatisticsSender.sendIndividualToMaster(StatisticsSender.java:62)
	at org.evosuite.statistics.StatisticsListener.lambda$new$0(StatisticsListener.java:76)
	at java.base/java.lang.Thread.run(Thread.java:829)
Caused by: java.rmi.UnmarshalException: error unmarshalling arguments; nested exception is: 
	java.lang.ClassNotFoundException: expect to get instruction without BasicBlock already set
	at java.rmi/sun.rmi.server.UnicastServerRef.dispatch(UnicastServerRef.java:350)
	at java.rmi/sun.rmi.transport.Transport$1.run(Transport.java:200)
	at java.rmi/sun.rmi.transport.Transport$1.run(Transport.java:197)
	at java.base/java.security.AccessController.doPrivileged(Native Method)
	at java.rmi/sun.rmi.transport.Transport.serviceCall(Transport.java:196)
	at java.rmi/sun.rmi.transport.tcp.TCPTransport.handleMessages(TCPTransport.java:562)
	at java.rmi/sun.rmi.transport.tcp.TCPTransport$ConnectionHandler.run0(TCPTransport.java:796)
	at java.rmi/sun.rmi.transport.tcp.TCPTransport$ConnectionHandler.lambda$run$0(TCPTransport.java:677)
	at java.base/java.security.AccessController.doPrivileged(Native Method)
	at java.rmi/sun.rmi.transport.tcp.TCPTransport$ConnectionHandler.run(TCPTransport.java:676)
	at java.base/java.util.concurrent.ThreadPoolExecutor.runWorker(ThreadPoolExecutor.java:1128)
	at java.base/java.util.concurrent.ThreadPoolExecutor$Worker.run(ThreadPoolExecutor.java:628)
	... 1 common frames omitted
Caused by: java.lang.ClassNotFoundException: expect to get instruction without BasicBlock already set
	at org.evosuite.instrumentation.InstrumentingClassLoader.instrumentClass(InstrumentingClassLoader.java:158)
	at org.evosuite.instrumentation.InstrumentingClassLoader.loadClass(InstrumentingClassLoader.java:126)
	at org.evosuite.utils.generic.GenericClassImpl.getClass(GenericClassImpl.java:139)
	at org.evosuite.utils.generic.GenericClassImpl.getClass(GenericClassImpl.java:105)
	at org.evosuite.utils.generic.GenericClassImpl.readObject(GenericClassImpl.java:1671)
	at jdk.internal.reflect.GeneratedMethodAccessor9.invoke(Unknown Source)
	at java.base/jdk.internal.reflect.DelegatingMethodAccessorImpl.invoke(DelegatingMethodAccessorImpl.java:43)
	at java.base/java.lang.reflect.Method.invoke(Method.java:566)
	at java.base/java.io.ObjectStreamClass.invokeReadObject(ObjectStreamClass.java:1046)
	at java.base/java.io.ObjectInputStream.readSerialData(ObjectInputStream.java:2357)
	at java.base/java.io.ObjectInputStream.readOrdinaryObject(ObjectInputStream.java:2228)
	at java.base/java.io.ObjectInputStream.readObject0(ObjectInputStream.java:1687)
	at java.base/java.io.ObjectInputStream.defaultReadFields(ObjectInputStream.java:2496)
	at java.base/java.io.ObjectInputStream.readSerialData(ObjectInputStream.java:2390)
	at java.base/java.io.ObjectInputStream.readOrdinaryObject(ObjectInputStream.java:2228)
	at java.base/java.io.ObjectInputStream.readObject0(ObjectInputStream.java:1687)
	at java.base/java.io.ObjectInputStream.defaultReadFields(ObjectInputStream.java:2496)
	at java.base/java.io.ObjectInputStream.readSerialData(ObjectInputStream.java:2390)
	at java.base/java.io.ObjectInputStream.readOrdinaryObject(ObjectInputStream.java:2228)
	at java.base/java.io.ObjectInputStream.readObject0(ObjectInputStream.java:1687)
	at java.base/java.io.ObjectInputStream.readObject(ObjectInputStream.java:489)
	at java.base/java.io.ObjectInputStream.readObject(ObjectInputStream.java:447)
	at java.base/java.util.ArrayList.readObject(ArrayList.java:929)
	at java.base/jdk.internal.reflect.GeneratedMethodAccessor7.invoke(Unknown Source)
	at java.base/jdk.internal.reflect.DelegatingMethodAccessorImpl.invoke(DelegatingMethodAccessorImpl.java:43)
	at java.base/java.lang.reflect.Method.invoke(Method.java:566)
	at java.base/java.io.ObjectStreamClass.invokeReadObject(ObjectStreamClass.java:1046)
	at java.base/java.io.ObjectInputStream.readSerialData(ObjectInputStream.java:2357)
	at java.base/java.io.ObjectInputStream.readOrdinaryObject(ObjectInputStream.java:2228)
	at java.base/java.io.ObjectInputStream.readObject0(ObjectInputStream.java:1687)
	at java.base/java.io.ObjectInputStream.defaultReadFields(ObjectInputStream.java:2496)
	at java.base/java.io.ObjectInputStream.readSerialData(ObjectInputStream.java:2390)
	at java.base/java.io.ObjectInputStream.readOrdinaryObject(ObjectInputStream.java:2228)
	at java.base/java.io.ObjectInputStream.readObject0(ObjectInputStream.java:1687)
	at java.base/java.io.ObjectInputStream.defaultReadFields(ObjectInputStream.java:2496)
	at java.base/java.io.ObjectInputStream.defaultReadObject(ObjectInputStream.java:625)
	at org.evosuite.testcase.DefaultTestCase.readObject(DefaultTestCase.java:1217)
	at jdk.internal.reflect.GeneratedMethodAccessor16.invoke(Unknown Source)
	at java.base/jdk.internal.reflect.DelegatingMethodAccessorImpl.invoke(DelegatingMethodAccessorImpl.java:43)
	at java.base/java.lang.reflect.Method.invoke(Method.java:566)
	at java.base/java.io.ObjectStreamClass.invokeReadObject(ObjectStreamClass.java:1046)
	at java.base/java.io.ObjectInputStream.readSerialData(ObjectInputStream.java:2357)
	at java.base/java.io.ObjectInputStream.readOrdinaryObject(ObjectInputStream.java:2228)
	at java.base/java.io.ObjectInputStream.readObject0(ObjectInputStream.java:1687)
	at java.base/java.io.ObjectInputStream.defaultReadFields(ObjectInputStream.java:2496)
	at java.base/java.io.ObjectInputStream.readSerialData(ObjectInputStream.java:2390)
	at java.base/java.io.ObjectInputStream.readOrdinaryObject(ObjectInputStream.java:2228)
	at java.base/java.io.ObjectInputStream.readObject0(ObjectInputStream.java:1687)
	at java.base/java.io.ObjectInputStream.readObject(ObjectInputStream.java:489)
	at java.base/java.io.ObjectInputStream.readObject(ObjectInputStream.java:447)
	at java.base/java.util.ArrayList.readObject(ArrayList.java:929)
	at java.base/jdk.internal.reflect.GeneratedMethodAccessor7.invoke(Unknown Source)
	at java.base/jdk.internal.reflect.DelegatingMethodAccessorImpl.invoke(DelegatingMethodAccessorImpl.java:43)
	at java.base/java.lang.reflect.Method.invoke(Method.java:566)
	at java.base/java.io.ObjectStreamClass.invokeReadObject(ObjectStreamClass.java:1046)
	at java.base/java.io.ObjectInputStream.readSerialData(ObjectInputStream.java:2357)
	at java.base/java.io.ObjectInputStream.readOrdinaryObject(ObjectInputStream.java:2228)
	at java.base/java.io.ObjectInputStream.readObject0(ObjectInputStream.java:1687)
	at java.base/java.io.ObjectInputStream.defaultReadFields(ObjectInputStream.java:2496)
	at java.base/java.io.ObjectInputStream.readSerialData(ObjectInputStream.java:2390)
	at java.base/java.io.ObjectInputStream.readOrdinaryObject(ObjectInputStream.java:2228)
	at java.base/java.io.ObjectInputStream.readObject0(ObjectInputStream.java:1687)
	at java.base/java.io.ObjectInputStream.readObject(ObjectInputStream.java:489)
	at java.base/java.io.ObjectInputStream.readObject(ObjectInputStream.java:447)
	at java.rmi/sun.rmi.server.UnicastRef.unmarshalValue(UnicastRef.java:327)
	at java.rmi/sun.rmi.server.UnicastServerRef.dispatch(UnicastServerRef.java:339)
	... 12 common frames omitted
Caused by: java.lang.IllegalArgumentException: expect to get instruction without BasicBlock already set
	at org.evosuite.graphs.cfg.BasicBlock.appendInstruction(BasicBlock.java:225)
	at org.evosuite.graphs.cfg.BasicBlock.setInstructions(BasicBlock.java:206)
	at org.evosuite.graphs.cfg.BasicBlock.<init>(BasicBlock.java:106)
	at org.evosuite.graphs.cfg.RawControlFlowGraph.determineBasicBlockFor(RawControlFlowGraph.java:314)
	at org.evosuite.graphs.cfg.ActualControlFlowGraph.computeNodes(ActualControlFlowGraph.java:295)
	at org.evosuite.graphs.cfg.ActualControlFlowGraph.computeGraph(ActualControlFlowGraph.java:262)
	at org.evosuite.graphs.cfg.ActualControlFlowGraph.<init>(ActualControlFlowGraph.java:97)
	at org.evosuite.graphs.cfg.CFGGenerator.computeActualCFG(CFGGenerator.java:218)
	at org.evosuite.graphs.cfg.CFGGenerator.registerCFGs(CFGGenerator.java:102)
	at org.evosuite.graphs.cfg.CFGMethodAdapter.visitEnd(CFGMethodAdapter.java:219)
	at org.evosuite.shaded.org.objectweb.asm.MethodVisitor.visitEnd(MethodVisitor.java:783)
	at org.evosuite.shaded.org.objectweb.asm.MethodVisitor.visitEnd(MethodVisitor.java:783)
	at org.evosuite.shaded.org.objectweb.asm.MethodVisitor.visitEnd(MethodVisitor.java:783)
	at org.evosuite.shaded.org.objectweb.asm.tree.MethodNode.accept(MethodNode.java:772)
	at org.evosuite.shaded.org.objectweb.asm.tree.MethodNode.accept(MethodNode.java:649)
	at org.evosuite.shaded.org.objectweb.asm.tree.ClassNode.accept(ClassNode.java:452)
	at org.evosuite.instrumentation.BytecodeInstrumentation.transformBytes(BytecodeInstrumentation.java:282)
	at org.evosuite.instrumentation.InstrumentingClassLoader.getTransformedBytes(InstrumentingClassLoader.java:135)
	at org.evosuite.instrumentation.InstrumentingClassLoader.instrumentClass(InstrumentingClassLoader.java:149)
	... 77 common frames omitted
[Progress:===============>              52%] [Cov:==========================>        77%][Progress:===============>              52%] [Cov:==========================>        77%][Progress:===============>              53%] [Cov:==========================>        77%][Progress:================>             54%] [Cov:==========================>        77%][Progress:================>             54%] [Cov:==========================>        77%][MASTER] 20:18:01.569 [logback-1] WARN  ClientNodeImpl - Cannot send statistics to master; continuing without statistics
java.rmi.ServerException: RemoteException occurred in server thread; nested exception is: 
	java.rmi.UnmarshalException: error unmarshalling arguments; nested exception is: 
	java.lang.ClassNotFoundException: expect to get instruction without BasicBlock already set
	at java.rmi/sun.rmi.server.UnicastServerRef.dispatch(UnicastServerRef.java:391)
	at java.rmi/sun.rmi.transport.Transport$1.run(Transport.java:200)
	at java.rmi/sun.rmi.transport.Transport$1.run(Transport.java:197)
	at java.base/java.security.AccessController.doPrivileged(Native Method)
	at java.rmi/sun.rmi.transport.Transport.serviceCall(Transport.java:196)
	at java.rmi/sun.rmi.transport.tcp.TCPTransport.handleMessages(TCPTransport.java:562)
	at java.rmi/sun.rmi.transport.tcp.TCPTransport$ConnectionHandler.run0(TCPTransport.java:796)
	at java.rmi/sun.rmi.transport.tcp.TCPTransport$ConnectionHandler.lambda$run$0(TCPTransport.java:677)
	at java.base/java.security.AccessController.doPrivileged(Native Method)
	at java.rmi/sun.rmi.transport.tcp.TCPTransport$ConnectionHandler.run(TCPTransport.java:676)
	at java.base/java.util.concurrent.ThreadPoolExecutor.runWorker(ThreadPoolExecutor.java:1128)
	at java.base/java.util.concurrent.ThreadPoolExecutor$Worker.run(ThreadPoolExecutor.java:628)
	at java.base/java.lang.Thread.run(Thread.java:829)
	at java.rmi/sun.rmi.transport.StreamRemoteCall.exceptionReceivedFromServer(StreamRemoteCall.java:303)
	at java.rmi/sun.rmi.transport.StreamRemoteCall.executeCall(StreamRemoteCall.java:279)
	at java.rmi/sun.rmi.server.UnicastRef.invoke(UnicastRef.java:164)
	at java.rmi/java.rmi.server.RemoteObjectInvocationHandler.invokeRemoteMethod(RemoteObjectInvocationHandler.java:217)
	at java.rmi/java.rmi.server.RemoteObjectInvocationHandler.invoke(RemoteObjectInvocationHandler.java:162)
	at com.sun.proxy.$Proxy7.evosuite_collectStatistics(Unknown Source)
	at org.evosuite.rmi.service.ClientNodeImpl.updateStatistics(ClientNodeImpl.java:251)
	at org.evosuite.statistics.StatisticsSender.sendIndividualToMaster(StatisticsSender.java:62)
	at org.evosuite.statistics.StatisticsListener.lambda$new$0(StatisticsListener.java:76)
	at java.base/java.lang.Thread.run(Thread.java:829)
Caused by: java.rmi.UnmarshalException: error unmarshalling arguments; nested exception is: 
	java.lang.ClassNotFoundException: expect to get instruction without BasicBlock already set
	at java.rmi/sun.rmi.server.UnicastServerRef.dispatch(UnicastServerRef.java:350)
	at java.rmi/sun.rmi.transport.Transport$1.run(Transport.java:200)
	at java.rmi/sun.rmi.transport.Transport$1.run(Transport.java:197)
	at java.base/java.security.AccessController.doPrivileged(Native Method)
	at java.rmi/sun.rmi.transport.Transport.serviceCall(Transport.java:196)
	at java.rmi/sun.rmi.transport.tcp.TCPTransport.handleMessages(TCPTransport.java:562)
	at java.rmi/sun.rmi.transport.tcp.TCPTransport$ConnectionHandler.run0(TCPTransport.java:796)
	at java.rmi/sun.rmi.transport.tcp.TCPTransport$ConnectionHandler.lambda$run$0(TCPTransport.java:677)
	at java.base/java.security.AccessController.doPrivileged(Native Method)
	at java.rmi/sun.rmi.transport.tcp.TCPTransport$ConnectionHandler.run(TCPTransport.java:676)
	at java.base/java.util.concurrent.ThreadPoolExecutor.runWorker(ThreadPoolExecutor.java:1128)
	at java.base/java.util.concurrent.ThreadPoolExecutor$Worker.run(ThreadPoolExecutor.java:628)
	... 1 common frames omitted
Caused by: java.lang.ClassNotFoundException: expect to get instruction without BasicBlock already set
	at org.evosuite.instrumentation.InstrumentingClassLoader.instrumentClass(InstrumentingClassLoader.java:158)
	at org.evosuite.instrumentation.InstrumentingClassLoader.loadClass(InstrumentingClassLoader.java:126)
	at org.evosuite.utils.generic.GenericClassImpl.getClass(GenericClassImpl.java:139)
	at org.evosuite.utils.generic.GenericClassImpl.getClass(GenericClassImpl.java:105)
	at org.evosuite.utils.generic.GenericClassImpl.readObject(GenericClassImpl.java:1671)
	at jdk.internal.reflect.GeneratedMethodAccessor9.invoke(Unknown Source)
	at java.base/jdk.internal.reflect.DelegatingMethodAccessorImpl.invoke(DelegatingMethodAccessorImpl.java:43)
	at java.base/java.lang.reflect.Method.invoke(Method.java:566)
	at java.base/java.io.ObjectStreamClass.invokeReadObject(ObjectStreamClass.java:1046)
	at java.base/java.io.ObjectInputStream.readSerialData(ObjectInputStream.java:2357)
	at java.base/java.io.ObjectInputStream.readOrdinaryObject(ObjectInputStream.java:2228)
	at java.base/java.io.ObjectInputStream.readObject0(ObjectInputStream.java:1687)
	at java.base/java.io.ObjectInputStream.defaultReadFields(ObjectInputStream.java:2496)
	at java.base/java.io.ObjectInputStream.readSerialData(ObjectInputStream.java:2390)
	at java.base/java.io.ObjectInputStream.readOrdinaryObject(ObjectInputStream.java:2228)
	at java.base/java.io.ObjectInputStream.readObject0(ObjectInputStream.java:1687)
	at java.base/java.io.ObjectInputStream.defaultReadFields(ObjectInputStream.java:2496)
	at java.base/java.io.ObjectInputStream.readSerialData(ObjectInputStream.java:2390)
	at java.base/java.io.ObjectInputStream.readOrdinaryObject(ObjectInputStream.java:2228)
	at java.base/java.io.ObjectInputStream.readObject0(ObjectInputStream.java:1687)
	at java.base/java.io.ObjectInputStream.readObject(ObjectInputStream.java:489)
	at java.base/java.io.ObjectInputStream.readObject(ObjectInputStream.java:447)
	at java.base/java.util.ArrayList.readObject(ArrayList.java:929)
	at java.base/jdk.internal.reflect.GeneratedMethodAccessor7.invoke(Unknown Source)
	at java.base/jdk.internal.reflect.DelegatingMethodAccessorImpl.invoke(DelegatingMethodAccessorImpl.java:43)
	at java.base/java.lang.reflect.Method.invoke(Method.java:566)
	at java.base/java.io.ObjectStreamClass.invokeReadObject(ObjectStreamClass.java:1046)
	at java.base/java.io.ObjectInputStream.readSerialData(ObjectInputStream.java:2357)
	at java.base/java.io.ObjectInputStream.readOrdinaryObject(ObjectInputStream.java:2228)
	at java.base/java.io.ObjectInputStream.readObject0(ObjectInputStream.java:1687)
	at java.base/java.io.ObjectInputStream.defaultReadFields(ObjectInputStream.java:2496)
	at java.base/java.io.ObjectInputStream.readSerialData(ObjectInputStream.java:2390)
	at java.base/java.io.ObjectInputStream.readOrdinaryObject(ObjectInputStream.java:2228)
	at java.base/java.io.ObjectInputStream.readObject0(ObjectInputStream.java:1687)
	at java.base/java.io.ObjectInputStream.defaultReadFields(ObjectInputStream.java:2496)
	at java.base/java.io.ObjectInputStream.defaultReadObject(ObjectInputStream.java:625)
	at org.evosuite.testcase.DefaultTestCase.readObject(DefaultTestCase.java:1217)
	at jdk.internal.reflect.GeneratedMethodAccessor16.invoke(Unknown Source)
	at java.base/jdk.internal.reflect.DelegatingMethodAccessorImpl.invoke(DelegatingMethodAccessorImpl.java:43)
	at java.base/java.lang.reflect.Method.invoke(Method.java:566)
	at java.base/java.io.ObjectStreamClass.invokeReadObject(ObjectStreamClass.java:1046)
	at java.base/java.io.ObjectInputStream.readSerialData(ObjectInputStream.java:2357)
	at java.base/java.io.ObjectInputStream.readOrdinaryObject(ObjectInputStream.java:2228)
	at java.base/java.io.ObjectInputStream.readObject0(ObjectInputStream.java:1687)
	at java.base/java.io.ObjectInputStream.defaultReadFields(ObjectInputStream.java:2496)
	at java.base/java.io.ObjectInputStream.readSerialData(ObjectInputStream.java:2390)
	at java.base/java.io.ObjectInputStream.readOrdinaryObject(ObjectInputStream.java:2228)
	at java.base/java.io.ObjectInputStream.readObject0(ObjectInputStream.java:1687)
	at java.base/java.io.ObjectInputStream.readObject(ObjectInputStream.java:489)
	at java.base/java.io.ObjectInputStream.readObject(ObjectInputStream.java:447)
	at java.base/java.util.ArrayList.readObject(ArrayList.java:929)
	at java.base/jdk.internal.reflect.GeneratedMethodAccessor7.invoke(Unknown Source)
	at java.base/jdk.internal.reflect.DelegatingMethodAccessorImpl.invoke(DelegatingMethodAccessorImpl.java:43)
	at java.base/java.lang.reflect.Method.invoke(Method.java:566)
	at java.base/java.io.ObjectStreamClass.invokeReadObject(ObjectStreamClass.java:1046)
	at java.base/java.io.ObjectInputStream.readSerialData(ObjectInputStream.java:2357)
	at java.base/java.io.ObjectInputStream.readOrdinaryObject(ObjectInputStream.java:2228)
	at java.base/java.io.ObjectInputStream.readObject0(ObjectInputStream.java:1687)
	at java.base/java.io.ObjectInputStream.defaultReadFields(ObjectInputStream.java:2496)
	at java.base/java.io.ObjectInputStream.readSerialData(ObjectInputStream.java:2390)
	at java.base/java.io.ObjectInputStream.readOrdinaryObject(ObjectInputStream.java:2228)
	at java.base/java.io.ObjectInputStream.readObject0(ObjectInputStream.java:1687)
	at java.base/java.io.ObjectInputStream.readObject(ObjectInputStream.java:489)
	at java.base/java.io.ObjectInputStream.readObject(ObjectInputStream.java:447)
	at java.rmi/sun.rmi.server.UnicastRef.unmarshalValue(UnicastRef.java:327)
	at java.rmi/sun.rmi.server.UnicastServerRef.dispatch(UnicastServerRef.java:339)
	... 12 common frames omitted
Caused by: java.lang.IllegalArgumentException: expect to get instruction without BasicBlock already set
	at org.evosuite.graphs.cfg.BasicBlock.appendInstruction(BasicBlock.java:225)
	at org.evosuite.graphs.cfg.BasicBlock.setInstructions(BasicBlock.java:206)
	at org.evosuite.graphs.cfg.BasicBlock.<init>(BasicBlock.java:106)
	at org.evosuite.graphs.cfg.RawControlFlowGraph.determineBasicBlockFor(RawControlFlowGraph.java:314)
	at org.evosuite.graphs.cfg.ActualControlFlowGraph.computeNodes(ActualControlFlowGraph.java:295)
	at org.evosuite.graphs.cfg.ActualControlFlowGraph.computeGraph(ActualControlFlowGraph.java:262)
	at org.evosuite.graphs.cfg.ActualControlFlowGraph.<init>(ActualControlFlowGraph.java:97)
	at org.evosuite.graphs.cfg.CFGGenerator.computeActualCFG(CFGGenerator.java:218)
	at org.evosuite.graphs.cfg.CFGGenerator.registerCFGs(CFGGenerator.java:102)
	at org.evosuite.graphs.cfg.CFGMethodAdapter.visitEnd(CFGMethodAdapter.java:219)
	at org.evosuite.shaded.org.objectweb.asm.MethodVisitor.visitEnd(MethodVisitor.java:783)
	at org.evosuite.shaded.org.objectweb.asm.MethodVisitor.visitEnd(MethodVisitor.java:783)
	at org.evosuite.shaded.org.objectweb.asm.MethodVisitor.visitEnd(MethodVisitor.java:783)
	at org.evosuite.shaded.org.objectweb.asm.tree.MethodNode.accept(MethodNode.java:772)
	at org.evosuite.shaded.org.objectweb.asm.tree.MethodNode.accept(MethodNode.java:649)
	at org.evosuite.shaded.org.objectweb.asm.tree.ClassNode.accept(ClassNode.java:452)
	at org.evosuite.instrumentation.BytecodeInstrumentation.transformBytes(BytecodeInstrumentation.java:282)
	at org.evosuite.instrumentation.InstrumentingClassLoader.getTransformedBytes(InstrumentingClassLoader.java:135)
	at org.evosuite.instrumentation.InstrumentingClassLoader.instrumentClass(InstrumentingClassLoader.java:149)
	... 77 common frames omitted
[Progress:================>             55%] [Cov:==========================>        77%][Progress:================>             55%] [Cov:==========================>        77%][Progress:================>             56%] [Cov:==========================>        77%][Progress:================>             56%] [Cov:==========================>        77%][Progress:=================>            57%] [Cov:==========================>        77%][Progress:=================>            57%] [Cov:===========================>       78%][MASTER] 20:18:05.501 [logback-1] WARN  ClientNodeImpl - Cannot send statistics to master; continuing without statistics
java.rmi.ServerException: RemoteException occurred in server thread; nested exception is: 
	java.rmi.UnmarshalException: error unmarshalling arguments; nested exception is: 
	java.lang.ClassNotFoundException: expect to get instruction without BasicBlock already set
	at java.rmi/sun.rmi.server.UnicastServerRef.dispatch(UnicastServerRef.java:391)
	at java.rmi/sun.rmi.transport.Transport$1.run(Transport.java:200)
	at java.rmi/sun.rmi.transport.Transport$1.run(Transport.java:197)
	at java.base/java.security.AccessController.doPrivileged(Native Method)
	at java.rmi/sun.rmi.transport.Transport.serviceCall(Transport.java:196)
	at java.rmi/sun.rmi.transport.tcp.TCPTransport.handleMessages(TCPTransport.java:562)
	at java.rmi/sun.rmi.transport.tcp.TCPTransport$ConnectionHandler.run0(TCPTransport.java:796)
	at java.rmi/sun.rmi.transport.tcp.TCPTransport$ConnectionHandler.lambda$run$0(TCPTransport.java:677)
	at java.base/java.security.AccessController.doPrivileged(Native Method)
	at java.rmi/sun.rmi.transport.tcp.TCPTransport$ConnectionHandler.run(TCPTransport.java:676)
	at java.base/java.util.concurrent.ThreadPoolExecutor.runWorker(ThreadPoolExecutor.java:1128)
	at java.base/java.util.concurrent.ThreadPoolExecutor$Worker.run(ThreadPoolExecutor.java:628)
	at java.base/java.lang.Thread.run(Thread.java:829)
	at java.rmi/sun.rmi.transport.StreamRemoteCall.exceptionReceivedFromServer(StreamRemoteCall.java:303)
	at java.rmi/sun.rmi.transport.StreamRemoteCall.executeCall(StreamRemoteCall.java:279)
	at java.rmi/sun.rmi.server.UnicastRef.invoke(UnicastRef.java:164)
	at java.rmi/java.rmi.server.RemoteObjectInvocationHandler.invokeRemoteMethod(RemoteObjectInvocationHandler.java:217)
	at java.rmi/java.rmi.server.RemoteObjectInvocationHandler.invoke(RemoteObjectInvocationHandler.java:162)
	at com.sun.proxy.$Proxy7.evosuite_collectStatistics(Unknown Source)
	at org.evosuite.rmi.service.ClientNodeImpl.updateStatistics(ClientNodeImpl.java:251)
	at org.evosuite.statistics.StatisticsSender.sendIndividualToMaster(StatisticsSender.java:62)
	at org.evosuite.statistics.StatisticsListener.lambda$new$0(StatisticsListener.java:76)
	at java.base/java.lang.Thread.run(Thread.java:829)
Caused by: java.rmi.UnmarshalException: error unmarshalling arguments; nested exception is: 
	java.lang.ClassNotFoundException: expect to get instruction without BasicBlock already set
	at java.rmi/sun.rmi.server.UnicastServerRef.dispatch(UnicastServerRef.java:350)
	at java.rmi/sun.rmi.transport.Transport$1.run(Transport.java:200)
	at java.rmi/sun.rmi.transport.Transport$1.run(Transport.java:197)
	at java.base/java.security.AccessController.doPrivileged(Native Method)
	at java.rmi/sun.rmi.transport.Transport.serviceCall(Transport.java:196)
	at java.rmi/sun.rmi.transport.tcp.TCPTransport.handleMessages(TCPTransport.java:562)
	at java.rmi/sun.rmi.transport.tcp.TCPTransport$ConnectionHandler.run0(TCPTransport.java:796)
	at java.rmi/sun.rmi.transport.tcp.TCPTransport$ConnectionHandler.lambda$run$0(TCPTransport.java:677)
	at java.base/java.security.AccessController.doPrivileged(Native Method)
	at java.rmi/sun.rmi.transport.tcp.TCPTransport$ConnectionHandler.run(TCPTransport.java:676)
	at java.base/java.util.concurrent.ThreadPoolExecutor.runWorker(ThreadPoolExecutor.java:1128)
	at java.base/java.util.concurrent.ThreadPoolExecutor$Worker.run(ThreadPoolExecutor.java:628)
	... 1 common frames omitted
Caused by: java.lang.ClassNotFoundException: expect to get instruction without BasicBlock already set
	at org.evosuite.instrumentation.InstrumentingClassLoader.instrumentClass(InstrumentingClassLoader.java:158)
	at org.evosuite.instrumentation.InstrumentingClassLoader.loadClass(InstrumentingClassLoader.java:126)
	at org.evosuite.utils.generic.GenericClassImpl.getClass(GenericClassImpl.java:139)
	at org.evosuite.utils.generic.GenericClassImpl.getClass(GenericClassImpl.java:105)
	at org.evosuite.utils.generic.GenericClassImpl.readObject(GenericClassImpl.java:1671)
	at jdk.internal.reflect.GeneratedMethodAccessor9.invoke(Unknown Source)
	at java.base/jdk.internal.reflect.DelegatingMethodAccessorImpl.invoke(DelegatingMethodAccessorImpl.java:43)
	at java.base/java.lang.reflect.Method.invoke(Method.java:566)
	at java.base/java.io.ObjectStreamClass.invokeReadObject(ObjectStreamClass.java:1046)
	at java.base/java.io.ObjectInputStream.readSerialData(ObjectInputStream.java:2357)
	at java.base/java.io.ObjectInputStream.readOrdinaryObject(ObjectInputStream.java:2228)
	at java.base/java.io.ObjectInputStream.readObject0(ObjectInputStream.java:1687)
	at java.base/java.io.ObjectInputStream.defaultReadFields(ObjectInputStream.java:2496)
	at java.base/java.io.ObjectInputStream.readSerialData(ObjectInputStream.java:2390)
	at java.base/java.io.ObjectInputStream.readOrdinaryObject(ObjectInputStream.java:2228)
	at java.base/java.io.ObjectInputStream.readObject0(ObjectInputStream.java:1687)
	at java.base/java.io.ObjectInputStream.defaultReadFields(ObjectInputStream.java:2496)
	at java.base/java.io.ObjectInputStream.readSerialData(ObjectInputStream.java:2390)
	at java.base/java.io.ObjectInputStream.readOrdinaryObject(ObjectInputStream.java:2228)
	at java.base/java.io.ObjectInputStream.readObject0(ObjectInputStream.java:1687)
	at java.base/java.io.ObjectInputStream.readObject(ObjectInputStream.java:489)
	at java.base/java.io.ObjectInputStream.readObject(ObjectInputStream.java:447)
	at java.base/java.util.ArrayList.readObject(ArrayList.java:929)
	at java.base/jdk.internal.reflect.GeneratedMethodAccessor7.invoke(Unknown Source)
	at java.base/jdk.internal.reflect.DelegatingMethodAccessorImpl.invoke(DelegatingMethodAccessorImpl.java:43)
	at java.base/java.lang.reflect.Method.invoke(Method.java:566)
	at java.base/java.io.ObjectStreamClass.invokeReadObject(ObjectStreamClass.java:1046)
	at java.base/java.io.ObjectInputStream.readSerialData(ObjectInputStream.java:2357)
	at java.base/java.io.ObjectInputStream.readOrdinaryObject(ObjectInputStream.java:2228)
	at java.base/java.io.ObjectInputStream.readObject0(ObjectInputStream.java:1687)
	at java.base/java.io.ObjectInputStream.defaultReadFields(ObjectInputStream.java:2496)
	at java.base/java.io.ObjectInputStream.readSerialData(ObjectInputStream.java:2390)
	at java.base/java.io.ObjectInputStream.readOrdinaryObject(ObjectInputStream.java:2228)
	at java.base/java.io.ObjectInputStream.readObject0(ObjectInputStream.java:1687)
	at java.base/java.io.ObjectInputStream.defaultReadFields(ObjectInputStream.java:2496)
	at java.base/java.io.ObjectInputStream.defaultReadObject(ObjectInputStream.java:625)
	at org.evosuite.testcase.DefaultTestCase.readObject(DefaultTestCase.java:1217)
	at jdk.internal.reflect.GeneratedMethodAccessor16.invoke(Unknown Source)
	at java.base/jdk.internal.reflect.DelegatingMethodAccessorImpl.invoke(DelegatingMethodAccessorImpl.java:43)
	at java.base/java.lang.reflect.Method.invoke(Method.java:566)
	at java.base/java.io.ObjectStreamClass.invokeReadObject(ObjectStreamClass.java:1046)
	at java.base/java.io.ObjectInputStream.readSerialData(ObjectInputStream.java:2357)
	at java.base/java.io.ObjectInputStream.readOrdinaryObject(ObjectInputStream.java:2228)
	at java.base/java.io.ObjectInputStream.readObject0(ObjectInputStream.java:1687)
	at java.base/java.io.ObjectInputStream.defaultReadFields(ObjectInputStream.java:2496)
	at java.base/java.io.ObjectInputStream.readSerialData(ObjectInputStream.java:2390)
	at java.base/java.io.ObjectInputStream.readOrdinaryObject(ObjectInputStream.java:2228)
	at java.base/java.io.ObjectInputStream.readObject0(ObjectInputStream.java:1687)
	at java.base/java.io.ObjectInputStream.readObject(ObjectInputStream.java:489)
	at java.base/java.io.ObjectInputStream.readObject(ObjectInputStream.java:447)
	at java.base/java.util.ArrayList.readObject(ArrayList.java:929)
	at java.base/jdk.internal.reflect.GeneratedMethodAccessor7.invoke(Unknown Source)
	at java.base/jdk.internal.reflect.DelegatingMethodAccessorImpl.invoke(DelegatingMethodAccessorImpl.java:43)
	at java.base/java.lang.reflect.Method.invoke(Method.java:566)
	at java.base/java.io.ObjectStreamClass.invokeReadObject(ObjectStreamClass.java:1046)
	at java.base/java.io.ObjectInputStream.readSerialData(ObjectInputStream.java:2357)
	at java.base/java.io.ObjectInputStream.readOrdinaryObject(ObjectInputStream.java:2228)
	at java.base/java.io.ObjectInputStream.readObject0(ObjectInputStream.java:1687)
	at java.base/java.io.ObjectInputStream.defaultReadFields(ObjectInputStream.java:2496)
	at java.base/java.io.ObjectInputStream.readSerialData(ObjectInputStream.java:2390)
	at java.base/java.io.ObjectInputStream.readOrdinaryObject(ObjectInputStream.java:2228)
	at java.base/java.io.ObjectInputStream.readObject0(ObjectInputStream.java:1687)
	at java.base/java.io.ObjectInputStream.readObject(ObjectInputStream.java:489)
	at java.base/java.io.ObjectInputStream.readObject(ObjectInputStream.java:447)
	at java.rmi/sun.rmi.server.UnicastRef.unmarshalValue(UnicastRef.java:327)
	at java.rmi/sun.rmi.server.UnicastServerRef.dispatch(UnicastServerRef.java:339)
	... 12 common frames omitted
Caused by: java.lang.IllegalArgumentException: expect to get instruction without BasicBlock already set
	at org.evosuite.graphs.cfg.BasicBlock.appendInstruction(BasicBlock.java:225)
	at org.evosuite.graphs.cfg.BasicBlock.setInstructions(BasicBlock.java:206)
	at org.evosuite.graphs.cfg.BasicBlock.<init>(BasicBlock.java:106)
	at org.evosuite.graphs.cfg.RawControlFlowGraph.determineBasicBlockFor(RawControlFlowGraph.java:314)
	at org.evosuite.graphs.cfg.ActualControlFlowGraph.computeNodes(ActualControlFlowGraph.java:295)
	at org.evosuite.graphs.cfg.ActualControlFlowGraph.computeGraph(ActualControlFlowGraph.java:262)
	at org.evosuite.graphs.cfg.ActualControlFlowGraph.<init>(ActualControlFlowGraph.java:97)
	at org.evosuite.graphs.cfg.CFGGenerator.computeActualCFG(CFGGenerator.java:218)
	at org.evosuite.graphs.cfg.CFGGenerator.registerCFGs(CFGGenerator.java:102)
	at org.evosuite.graphs.cfg.CFGMethodAdapter.visitEnd(CFGMethodAdapter.java:219)
	at org.evosuite.shaded.org.objectweb.asm.MethodVisitor.visitEnd(MethodVisitor.java:783)
	at org.evosuite.shaded.org.objectweb.asm.MethodVisitor.visitEnd(MethodVisitor.java:783)
	at org.evosuite.shaded.org.objectweb.asm.MethodVisitor.visitEnd(MethodVisitor.java:783)
	at org.evosuite.shaded.org.objectweb.asm.tree.MethodNode.accept(MethodNode.java:772)
	at org.evosuite.shaded.org.objectweb.asm.tree.MethodNode.accept(MethodNode.java:649)
	at org.evosuite.shaded.org.objectweb.asm.tree.ClassNode.accept(ClassNode.java:452)
	at org.evosuite.instrumentation.BytecodeInstrumentation.transformBytes(BytecodeInstrumentation.java:282)
	at org.evosuite.instrumentation.InstrumentingClassLoader.getTransformedBytes(InstrumentingClassLoader.java:135)
	at org.evosuite.instrumentation.InstrumentingClassLoader.instrumentClass(InstrumentingClassLoader.java:149)
	... 77 common frames omitted
[Progress:=================>            58%] [Cov:==========================>        77%][Progress:=================>            58%] [Cov:===========================>       78%][Progress:=================>            59%] [Cov:===========================>       78%][Progress:==================>           60%] [Cov:===========================>       78%][Progress:==================>           60%] [Cov:===========================>       78%][Progress:==================>           61%] [Cov:==========================>        77%][Progress:==================>           61%] [Cov:===========================>       78%][Progress:==================>           61%] [Cov:===========================>       78%][MASTER] 20:18:10.736 [logback-1] WARN  ClientNodeImpl - Cannot send statistics to master; continuing without statistics
java.rmi.ServerException: RemoteException occurred in server thread; nested exception is: 
	java.rmi.UnmarshalException: error unmarshalling arguments; nested exception is: 
	java.lang.ClassNotFoundException: expect to get instruction without BasicBlock already set
	at java.rmi/sun.rmi.server.UnicastServerRef.dispatch(UnicastServerRef.java:391)
	at java.rmi/sun.rmi.transport.Transport$1.run(Transport.java:200)
	at java.rmi/sun.rmi.transport.Transport$1.run(Transport.java:197)
	at java.base/java.security.AccessController.doPrivileged(Native Method)
	at java.rmi/sun.rmi.transport.Transport.serviceCall(Transport.java:196)
	at java.rmi/sun.rmi.transport.tcp.TCPTransport.handleMessages(TCPTransport.java:562)
	at java.rmi/sun.rmi.transport.tcp.TCPTransport$ConnectionHandler.run0(TCPTransport.java:796)
	at java.rmi/sun.rmi.transport.tcp.TCPTransport$ConnectionHandler.lambda$run$0(TCPTransport.java:677)
	at java.base/java.security.AccessController.doPrivileged(Native Method)
	at java.rmi/sun.rmi.transport.tcp.TCPTransport$ConnectionHandler.run(TCPTransport.java:676)
	at java.base/java.util.concurrent.ThreadPoolExecutor.runWorker(ThreadPoolExecutor.java:1128)
	at java.base/java.util.concurrent.ThreadPoolExecutor$Worker.run(ThreadPoolExecutor.java:628)
	at java.base/java.lang.Thread.run(Thread.java:829)
	at java.rmi/sun.rmi.transport.StreamRemoteCall.exceptionReceivedFromServer(StreamRemoteCall.java:303)
	at java.rmi/sun.rmi.transport.StreamRemoteCall.executeCall(StreamRemoteCall.java:279)
	at java.rmi/sun.rmi.server.UnicastRef.invoke(UnicastRef.java:164)
	at java.rmi/java.rmi.server.RemoteObjectInvocationHandler.invokeRemoteMethod(RemoteObjectInvocationHandler.java:217)
	at java.rmi/java.rmi.server.RemoteObjectInvocationHandler.invoke(RemoteObjectInvocationHandler.java:162)
	at com.sun.proxy.$Proxy7.evosuite_collectStatistics(Unknown Source)
	at org.evosuite.rmi.service.ClientNodeImpl.updateStatistics(ClientNodeImpl.java:251)
	at org.evosuite.statistics.StatisticsSender.sendIndividualToMaster(StatisticsSender.java:62)
	at org.evosuite.statistics.StatisticsListener.lambda$new$0(StatisticsListener.java:76)
	at java.base/java.lang.Thread.run(Thread.java:829)
Caused by: java.rmi.UnmarshalException: error unmarshalling arguments; nested exception is: 
	java.lang.ClassNotFoundException: expect to get instruction without BasicBlock already set
	at java.rmi/sun.rmi.server.UnicastServerRef.dispatch(UnicastServerRef.java:350)
	at java.rmi/sun.rmi.transport.Transport$1.run(Transport.java:200)
	at java.rmi/sun.rmi.transport.Transport$1.run(Transport.java:197)
	at java.base/java.security.AccessController.doPrivileged(Native Method)
	at java.rmi/sun.rmi.transport.Transport.serviceCall(Transport.java:196)
	at java.rmi/sun.rmi.transport.tcp.TCPTransport.handleMessages(TCPTransport.java:562)
	at java.rmi/sun.rmi.transport.tcp.TCPTransport$ConnectionHandler.run0(TCPTransport.java:796)
	at java.rmi/sun.rmi.transport.tcp.TCPTransport$ConnectionHandler.lambda$run$0(TCPTransport.java:677)
	at java.base/java.security.AccessController.doPrivileged(Native Method)
	at java.rmi/sun.rmi.transport.tcp.TCPTransport$ConnectionHandler.run(TCPTransport.java:676)
	at java.base/java.util.concurrent.ThreadPoolExecutor.runWorker(ThreadPoolExecutor.java:1128)
	at java.base/java.util.concurrent.ThreadPoolExecutor$Worker.run(ThreadPoolExecutor.java:628)
	... 1 common frames omitted
Caused by: java.lang.ClassNotFoundException: expect to get instruction without BasicBlock already set
	at org.evosuite.instrumentation.InstrumentingClassLoader.instrumentClass(InstrumentingClassLoader.java:158)
	at org.evosuite.instrumentation.InstrumentingClassLoader.loadClass(InstrumentingClassLoader.java:126)
	at org.evosuite.utils.generic.GenericClassImpl.getClass(GenericClassImpl.java:139)
	at org.evosuite.utils.generic.GenericClassImpl.getClass(GenericClassImpl.java:105)
	at org.evosuite.utils.generic.GenericClassImpl.readObject(GenericClassImpl.java:1671)
	at jdk.internal.reflect.GeneratedMethodAccessor9.invoke(Unknown Source)
	at java.base/jdk.internal.reflect.DelegatingMethodAccessorImpl.invoke(DelegatingMethodAccessorImpl.java:43)
	at java.base/java.lang.reflect.Method.invoke(Method.java:566)
	at java.base/java.io.ObjectStreamClass.invokeReadObject(ObjectStreamClass.java:1046)
	at java.base/java.io.ObjectInputStream.readSerialData(ObjectInputStream.java:2357)
	at java.base/java.io.ObjectInputStream.readOrdinaryObject(ObjectInputStream.java:2228)
	at java.base/java.io.ObjectInputStream.readObject0(ObjectInputStream.java:1687)
	at java.base/java.io.ObjectInputStream.defaultReadFields(ObjectInputStream.java:2496)
	at java.base/java.io.ObjectInputStream.readSerialData(ObjectInputStream.java:2390)
	at java.base/java.io.ObjectInputStream.readOrdinaryObject(ObjectInputStream.java:2228)
	at java.base/java.io.ObjectInputStream.readObject0(ObjectInputStream.java:1687)
	at java.base/java.io.ObjectInputStream.defaultReadFields(ObjectInputStream.java:2496)
	at java.base/java.io.ObjectInputStream.readSerialData(ObjectInputStream.java:2390)
	at java.base/java.io.ObjectInputStream.readOrdinaryObject(ObjectInputStream.java:2228)
	at java.base/java.io.ObjectInputStream.readObject0(ObjectInputStream.java:1687)
	at java.base/java.io.ObjectInputStream.readObject(ObjectInputStream.java:489)
	at java.base/java.io.ObjectInputStream.readObject(ObjectInputStream.java:447)
	at java.base/java.util.ArrayList.readObject(ArrayList.java:929)
	at java.base/jdk.internal.reflect.GeneratedMethodAccessor7.invoke(Unknown Source)
	at java.base/jdk.internal.reflect.DelegatingMethodAccessorImpl.invoke(DelegatingMethodAccessorImpl.java:43)
	at java.base/java.lang.reflect.Method.invoke(Method.java:566)
	at java.base/java.io.ObjectStreamClass.invokeReadObject(ObjectStreamClass.java:1046)
	at java.base/java.io.ObjectInputStream.readSerialData(ObjectInputStream.java:2357)
	at java.base/java.io.ObjectInputStream.readOrdinaryObject(ObjectInputStream.java:2228)
	at java.base/java.io.ObjectInputStream.readObject0(ObjectInputStream.java:1687)
	at java.base/java.io.ObjectInputStream.defaultReadFields(ObjectInputStream.java:2496)
	at java.base/java.io.ObjectInputStream.readSerialData(ObjectInputStream.java:2390)
	at java.base/java.io.ObjectInputStream.readOrdinaryObject(ObjectInputStream.java:2228)
	at java.base/java.io.ObjectInputStream.readObject0(ObjectInputStream.java:1687)
	at java.base/java.io.ObjectInputStream.defaultReadFields(ObjectInputStream.java:2496)
	at java.base/java.io.ObjectInputStream.defaultReadObject(ObjectInputStream.java:625)
	at org.evosuite.testcase.DefaultTestCase.readObject(DefaultTestCase.java:1217)
	at jdk.internal.reflect.GeneratedMethodAccessor16.invoke(Unknown Source)
	at java.base/jdk.internal.reflect.DelegatingMethodAccessorImpl.invoke(DelegatingMethodAccessorImpl.java:43)
	at java.base/java.lang.reflect.Method.invoke(Method.java:566)
	at java.base/java.io.ObjectStreamClass.invokeReadObject(ObjectStreamClass.java:1046)
	at java.base/java.io.ObjectInputStream.readSerialData(ObjectInputStream.java:2357)
	at java.base/java.io.ObjectInputStream.readOrdinaryObject(ObjectInputStream.java:2228)
	at java.base/java.io.ObjectInputStream.readObject0(ObjectInputStream.java:1687)
	at java.base/java.io.ObjectInputStream.defaultReadFields(ObjectInputStream.java:2496)
	at java.base/java.io.ObjectInputStream.readSerialData(ObjectInputStream.java:2390)
	at java.base/java.io.ObjectInputStream.readOrdinaryObject(ObjectInputStream.java:2228)
	at java.base/java.io.ObjectInputStream.readObject0(ObjectInputStream.java:1687)
	at java.base/java.io.ObjectInputStream.readObject(ObjectInputStream.java:489)
	at java.base/java.io.ObjectInputStream.readObject(ObjectInputStream.java:447)
	at java.base/java.util.ArrayList.readObject(ArrayList.java:929)
	at java.base/jdk.internal.reflect.GeneratedMethodAccessor7.invoke(Unknown Source)
	at java.base/jdk.internal.reflect.DelegatingMethodAccessorImpl.invoke(DelegatingMethodAccessorImpl.java:43)
	at java.base/java.lang.reflect.Method.invoke(Method.java:566)
	at java.base/java.io.ObjectStreamClass.invokeReadObject(ObjectStreamClass.java:1046)
	at java.base/java.io.ObjectInputStream.readSerialData(ObjectInputStream.java:2357)
	at java.base/java.io.ObjectInputStream.readOrdinaryObject(ObjectInputStream.java:2228)
	at java.base/java.io.ObjectInputStream.readObject0(ObjectInputStream.java:1687)
	at java.base/java.io.ObjectInputStream.defaultReadFields(ObjectInputStream.java:2496)
	at java.base/java.io.ObjectInputStream.readSerialData(ObjectInputStream.java:2390)
	at java.base/java.io.ObjectInputStream.readOrdinaryObject(ObjectInputStream.java:2228)
	at java.base/java.io.ObjectInputStream.readObject0(ObjectInputStream.java:1687)
	at java.base/java.io.ObjectInputStream.readObject(ObjectInputStream.java:489)
	at java.base/java.io.ObjectInputStream.readObject(ObjectInputStream.java:447)
	at java.rmi/sun.rmi.server.UnicastRef.unmarshalValue(UnicastRef.java:327)
	at java.rmi/sun.rmi.server.UnicastServerRef.dispatch(UnicastServerRef.java:339)
	... 12 common frames omitted
Caused by: java.lang.IllegalArgumentException: expect to get instruction without BasicBlock already set
	at org.evosuite.graphs.cfg.BasicBlock.appendInstruction(BasicBlock.java:225)
	at org.evosuite.graphs.cfg.BasicBlock.setInstructions(BasicBlock.java:206)
	at org.evosuite.graphs.cfg.BasicBlock.<init>(BasicBlock.java:106)
	at org.evosuite.graphs.cfg.RawControlFlowGraph.determineBasicBlockFor(RawControlFlowGraph.java:314)
	at org.evosuite.graphs.cfg.ActualControlFlowGraph.computeNodes(ActualControlFlowGraph.java:295)
	at org.evosuite.graphs.cfg.ActualControlFlowGraph.computeGraph(ActualControlFlowGraph.java:262)
	at org.evosuite.graphs.cfg.ActualControlFlowGraph.<init>(ActualControlFlowGraph.java:97)
	at org.evosuite.graphs.cfg.CFGGenerator.computeActualCFG(CFGGenerator.java:218)
	at org.evosuite.graphs.cfg.CFGGenerator.registerCFGs(CFGGenerator.java:102)
	at org.evosuite.graphs.cfg.CFGMethodAdapter.visitEnd(CFGMethodAdapter.java:219)
	at org.evosuite.shaded.org.objectweb.asm.MethodVisitor.visitEnd(MethodVisitor.java:783)
	at org.evosuite.shaded.org.objectweb.asm.MethodVisitor.visitEnd(MethodVisitor.java:783)
	at org.evosuite.shaded.org.objectweb.asm.MethodVisitor.visitEnd(MethodVisitor.java:783)
	at org.evosuite.shaded.org.objectweb.asm.tree.MethodNode.accept(MethodNode.java:772)
	at org.evosuite.shaded.org.objectweb.asm.tree.MethodNode.accept(MethodNode.java:649)
	at org.evosuite.shaded.org.objectweb.asm.tree.ClassNode.accept(ClassNode.java:452)
	at org.evosuite.instrumentation.BytecodeInstrumentation.transformBytes(BytecodeInstrumentation.java:282)
	at org.evosuite.instrumentation.InstrumentingClassLoader.getTransformedBytes(InstrumentingClassLoader.java:135)
	at org.evosuite.instrumentation.InstrumentingClassLoader.instrumentClass(InstrumentingClassLoader.java:149)
	... 77 common frames omitted
[Progress:==================>           62%] [Cov:===========================>       78%][Progress:==================>           63%] [Cov:===========================>       78%][Progress:==================>           63%] [Cov:===========================>       78%][Progress:===================>          64%] [Cov:===========================>       78%][Progress:===================>          65%] [Cov:===========================>       78%][Progress:===================>          65%] [Cov:===========================>       78%][Progress:====================>         67%] [Cov:===========================>       78%][Progress:====================>         67%] [Cov:===========================>       78%][MASTER] 20:18:17.724 [logback-1] WARN  ClientNodeImpl - Cannot send statistics to master; continuing without statistics
java.rmi.ServerException: RemoteException occurred in server thread; nested exception is: 
	java.rmi.UnmarshalException: error unmarshalling arguments; nested exception is: 
	java.lang.ClassNotFoundException: expect to get instruction without BasicBlock already set
	at java.rmi/sun.rmi.server.UnicastServerRef.dispatch(UnicastServerRef.java:391)
	at java.rmi/sun.rmi.transport.Transport$1.run(Transport.java:200)
	at java.rmi/sun.rmi.transport.Transport$1.run(Transport.java:197)
	at java.base/java.security.AccessController.doPrivileged(Native Method)
	at java.rmi/sun.rmi.transport.Transport.serviceCall(Transport.java:196)
	at java.rmi/sun.rmi.transport.tcp.TCPTransport.handleMessages(TCPTransport.java:562)
	at java.rmi/sun.rmi.transport.tcp.TCPTransport$ConnectionHandler.run0(TCPTransport.java:796)
	at java.rmi/sun.rmi.transport.tcp.TCPTransport$ConnectionHandler.lambda$run$0(TCPTransport.java:677)
	at java.base/java.security.AccessController.doPrivileged(Native Method)
	at java.rmi/sun.rmi.transport.tcp.TCPTransport$ConnectionHandler.run(TCPTransport.java:676)
	at java.base/java.util.concurrent.ThreadPoolExecutor.runWorker(ThreadPoolExecutor.java:1128)
	at java.base/java.util.concurrent.ThreadPoolExecutor$Worker.run(ThreadPoolExecutor.java:628)
	at java.base/java.lang.Thread.run(Thread.java:829)
	at java.rmi/sun.rmi.transport.StreamRemoteCall.exceptionReceivedFromServer(StreamRemoteCall.java:303)
	at java.rmi/sun.rmi.transport.StreamRemoteCall.executeCall(StreamRemoteCall.java:279)
	at java.rmi/sun.rmi.server.UnicastRef.invoke(UnicastRef.java:164)
	at java.rmi/java.rmi.server.RemoteObjectInvocationHandler.invokeRemoteMethod(RemoteObjectInvocationHandler.java:217)
	at java.rmi/java.rmi.server.RemoteObjectInvocationHandler.invoke(RemoteObjectInvocationHandler.java:162)
	at com.sun.proxy.$Proxy7.evosuite_collectStatistics(Unknown Source)
	at org.evosuite.rmi.service.ClientNodeImpl.updateStatistics(ClientNodeImpl.java:251)
	at org.evosuite.statistics.StatisticsSender.sendIndividualToMaster(StatisticsSender.java:62)
	at org.evosuite.statistics.StatisticsListener.lambda$new$0(StatisticsListener.java:76)
	at java.base/java.lang.Thread.run(Thread.java:829)
Caused by: java.rmi.UnmarshalException: error unmarshalling arguments; nested exception is: 
	java.lang.ClassNotFoundException: expect to get instruction without BasicBlock already set
	at java.rmi/sun.rmi.server.UnicastServerRef.dispatch(UnicastServerRef.java:350)
	at java.rmi/sun.rmi.transport.Transport$1.run(Transport.java:200)
	at java.rmi/sun.rmi.transport.Transport$1.run(Transport.java:197)
	at java.base/java.security.AccessController.doPrivileged(Native Method)
	at java.rmi/sun.rmi.transport.Transport.serviceCall(Transport.java:196)
	at java.rmi/sun.rmi.transport.tcp.TCPTransport.handleMessages(TCPTransport.java:562)
	at java.rmi/sun.rmi.transport.tcp.TCPTransport$ConnectionHandler.run0(TCPTransport.java:796)
	at java.rmi/sun.rmi.transport.tcp.TCPTransport$ConnectionHandler.lambda$run$0(TCPTransport.java:677)
	at java.base/java.security.AccessController.doPrivileged(Native Method)
	at java.rmi/sun.rmi.transport.tcp.TCPTransport$ConnectionHandler.run(TCPTransport.java:676)
	at java.base/java.util.concurrent.ThreadPoolExecutor.runWorker(ThreadPoolExecutor.java:1128)
	at java.base/java.util.concurrent.ThreadPoolExecutor$Worker.run(ThreadPoolExecutor.java:628)
	... 1 common frames omitted
Caused by: java.lang.ClassNotFoundException: expect to get instruction without BasicBlock already set
	at org.evosuite.instrumentation.InstrumentingClassLoader.instrumentClass(InstrumentingClassLoader.java:158)
	at org.evosuite.instrumentation.InstrumentingClassLoader.loadClass(InstrumentingClassLoader.java:126)
	at org.evosuite.utils.generic.GenericClassImpl.getClass(GenericClassImpl.java:139)
	at org.evosuite.utils.generic.GenericClassImpl.getClass(GenericClassImpl.java:105)
	at org.evosuite.utils.generic.GenericClassImpl.readObject(GenericClassImpl.java:1671)
	at jdk.internal.reflect.GeneratedMethodAccessor9.invoke(Unknown Source)
	at java.base/jdk.internal.reflect.DelegatingMethodAccessorImpl.invoke(DelegatingMethodAccessorImpl.java:43)
	at java.base/java.lang.reflect.Method.invoke(Method.java:566)
	at java.base/java.io.ObjectStreamClass.invokeReadObject(ObjectStreamClass.java:1046)
	at java.base/java.io.ObjectInputStream.readSerialData(ObjectInputStream.java:2357)
	at java.base/java.io.ObjectInputStream.readOrdinaryObject(ObjectInputStream.java:2228)
	at java.base/java.io.ObjectInputStream.readObject0(ObjectInputStream.java:1687)
	at java.base/java.io.ObjectInputStream.defaultReadFields(ObjectInputStream.java:2496)
	at java.base/java.io.ObjectInputStream.readSerialData(ObjectInputStream.java:2390)
	at java.base/java.io.ObjectInputStream.readOrdinaryObject(ObjectInputStream.java:2228)
	at java.base/java.io.ObjectInputStream.readObject0(ObjectInputStream.java:1687)
	at java.base/java.io.ObjectInputStream.defaultReadFields(ObjectInputStream.java:2496)
	at java.base/java.io.ObjectInputStream.readSerialData(ObjectInputStream.java:2390)
	at java.base/java.io.ObjectInputStream.readOrdinaryObject(ObjectInputStream.java:2228)
	at java.base/java.io.ObjectInputStream.readObject0(ObjectInputStream.java:1687)
	at java.base/java.io.ObjectInputStream.readObject(ObjectInputStream.java:489)
	at java.base/java.io.ObjectInputStream.readObject(ObjectInputStream.java:447)
	at java.base/java.util.ArrayList.readObject(ArrayList.java:929)
	at java.base/jdk.internal.reflect.GeneratedMethodAccessor7.invoke(Unknown Source)
	at java.base/jdk.internal.reflect.DelegatingMethodAccessorImpl.invoke(DelegatingMethodAccessorImpl.java:43)
	at java.base/java.lang.reflect.Method.invoke(Method.java:566)
	at java.base/java.io.ObjectStreamClass.invokeReadObject(ObjectStreamClass.java:1046)
	at java.base/java.io.ObjectInputStream.readSerialData(ObjectInputStream.java:2357)
	at java.base/java.io.ObjectInputStream.readOrdinaryObject(ObjectInputStream.java:2228)
	at java.base/java.io.ObjectInputStream.readObject0(ObjectInputStream.java:1687)
	at java.base/java.io.ObjectInputStream.defaultReadFields(ObjectInputStream.java:2496)
	at java.base/java.io.ObjectInputStream.readSerialData(ObjectInputStream.java:2390)
	at java.base/java.io.ObjectInputStream.readOrdinaryObject(ObjectInputStream.java:2228)
	at java.base/java.io.ObjectInputStream.readObject0(ObjectInputStream.java:1687)
	at java.base/java.io.ObjectInputStream.defaultReadFields(ObjectInputStream.java:2496)
	at java.base/java.io.ObjectInputStream.defaultReadObject(ObjectInputStream.java:625)
	at org.evosuite.testcase.DefaultTestCase.readObject(DefaultTestCase.java:1217)
	at jdk.internal.reflect.GeneratedMethodAccessor16.invoke(Unknown Source)
	at java.base/jdk.internal.reflect.DelegatingMethodAccessorImpl.invoke(DelegatingMethodAccessorImpl.java:43)
	at java.base/java.lang.reflect.Method.invoke(Method.java:566)
	at java.base/java.io.ObjectStreamClass.invokeReadObject(ObjectStreamClass.java:1046)
	at java.base/java.io.ObjectInputStream.readSerialData(ObjectInputStream.java:2357)
	at java.base/java.io.ObjectInputStream.readOrdinaryObject(ObjectInputStream.java:2228)
	at java.base/java.io.ObjectInputStream.readObject0(ObjectInputStream.java:1687)
	at java.base/java.io.ObjectInputStream.defaultReadFields(ObjectInputStream.java:2496)
	at java.base/java.io.ObjectInputStream.readSerialData(ObjectInputStream.java:2390)
	at java.base/java.io.ObjectInputStream.readOrdinaryObject(ObjectInputStream.java:2228)
	at java.base/java.io.ObjectInputStream.readObject0(ObjectInputStream.java:1687)
	at java.base/java.io.ObjectInputStream.readObject(ObjectInputStream.java:489)
	at java.base/java.io.ObjectInputStream.readObject(ObjectInputStream.java:447)
	at java.base/java.util.ArrayList.readObject(ArrayList.java:929)
	at java.base/jdk.internal.reflect.GeneratedMethodAccessor7.invoke(Unknown Source)
	at java.base/jdk.internal.reflect.DelegatingMethodAccessorImpl.invoke(DelegatingMethodAccessorImpl.java:43)
	at java.base/java.lang.reflect.Method.invoke(Method.java:566)
	at java.base/java.io.ObjectStreamClass.invokeReadObject(ObjectStreamClass.java:1046)
	at java.base/java.io.ObjectInputStream.readSerialData(ObjectInputStream.java:2357)
	at java.base/java.io.ObjectInputStream.readOrdinaryObject(ObjectInputStream.java:2228)
	at java.base/java.io.ObjectInputStream.readObject0(ObjectInputStream.java:1687)
	at java.base/java.io.ObjectInputStream.defaultReadFields(ObjectInputStream.java:2496)
	at java.base/java.io.ObjectInputStream.readSerialData(ObjectInputStream.java:2390)
	at java.base/java.io.ObjectInputStream.readOrdinaryObject(ObjectInputStream.java:2228)
	at java.base/java.io.ObjectInputStream.readObject0(ObjectInputStream.java:1687)
	at java.base/java.io.ObjectInputStream.readObject(ObjectInputStream.java:489)
	at java.base/java.io.ObjectInputStream.readObject(ObjectInputStream.java:447)
	at java.rmi/sun.rmi.server.UnicastRef.unmarshalValue(UnicastRef.java:327)
	at java.rmi/sun.rmi.server.UnicastServerRef.dispatch(UnicastServerRef.java:339)
	... 12 common frames omitted
Caused by: java.lang.IllegalArgumentException: expect to get instruction without BasicBlock already set
	at org.evosuite.graphs.cfg.BasicBlock.appendInstruction(BasicBlock.java:225)
	at org.evosuite.graphs.cfg.BasicBlock.setInstructions(BasicBlock.java:206)
	at org.evosuite.graphs.cfg.BasicBlock.<init>(BasicBlock.java:106)
	at org.evosuite.graphs.cfg.RawControlFlowGraph.determineBasicBlockFor(RawControlFlowGraph.java:314)
	at org.evosuite.graphs.cfg.ActualControlFlowGraph.computeNodes(ActualControlFlowGraph.java:295)
	at org.evosuite.graphs.cfg.ActualControlFlowGraph.computeGraph(ActualControlFlowGraph.java:262)
	at org.evosuite.graphs.cfg.ActualControlFlowGraph.<init>(ActualControlFlowGraph.java:97)
	at org.evosuite.graphs.cfg.CFGGenerator.computeActualCFG(CFGGenerator.java:218)
	at org.evosuite.graphs.cfg.CFGGenerator.registerCFGs(CFGGenerator.java:102)
	at org.evosuite.graphs.cfg.CFGMethodAdapter.visitEnd(CFGMethodAdapter.java:219)
	at org.evosuite.shaded.org.objectweb.asm.MethodVisitor.visitEnd(MethodVisitor.java:783)
	at org.evosuite.shaded.org.objectweb.asm.MethodVisitor.visitEnd(MethodVisitor.java:783)
	at org.evosuite.shaded.org.objectweb.asm.MethodVisitor.visitEnd(MethodVisitor.java:783)
	at org.evosuite.shaded.org.objectweb.asm.tree.MethodNode.accept(MethodNode.java:772)
	at org.evosuite.shaded.org.objectweb.asm.tree.MethodNode.accept(MethodNode.java:649)
	at org.evosuite.shaded.org.objectweb.asm.tree.ClassNode.accept(ClassNode.java:452)
	at org.evosuite.instrumentation.BytecodeInstrumentation.transformBytes(BytecodeInstrumentation.java:282)
	at org.evosuite.instrumentation.InstrumentingClassLoader.getTransformedBytes(InstrumentingClassLoader.java:135)
	at org.evosuite.instrumentation.InstrumentingClassLoader.instrumentClass(InstrumentingClassLoader.java:149)
	... 77 common frames omitted
[Progress:====================>         68%] [Cov:===========================>       78%][Progress:====================>         69%] [Cov:===========================>       78%][Progress:====================>         69%] [Cov:===========================>       78%]GWO iteration=60 bestFitness=317.48148143339927 population=50 a=0.8
========== GWO EVOLVE iteration=60 population=50 ==========
[Progress:=====================>        70%] [Cov:===========================>       78%][Progress:=====================>        71%] [Cov:===========================>       78%][Progress:=====================>        71%] [Cov:===========================>       78%][Progress:=====================>        71%] [Cov:===========================>       79%][Progress:=====================>        71%] [Cov:============================>      80%][Progress:=====================>        71%] [Cov:============================>      81%][Progress:=====================>        71%] [Cov:============================>      82%][Progress:=====================>        72%] [Cov:===========================>       78%][MASTER] 20:18:23.623 [logback-1] WARN  ClientNodeImpl - Cannot send statistics to master; continuing without statistics
java.rmi.ServerException: RemoteException occurred in server thread; nested exception is: 
	java.rmi.UnmarshalException: error unmarshalling arguments; nested exception is: 
	java.lang.ClassNotFoundException: expect to get instruction without BasicBlock already set
	at java.rmi/sun.rmi.server.UnicastServerRef.dispatch(UnicastServerRef.java:391)
	at java.rmi/sun.rmi.transport.Transport$1.run(Transport.java:200)
	at java.rmi/sun.rmi.transport.Transport$1.run(Transport.java:197)
	at java.base/java.security.AccessController.doPrivileged(Native Method)
	at java.rmi/sun.rmi.transport.Transport.serviceCall(Transport.java:196)
	at java.rmi/sun.rmi.transport.tcp.TCPTransport.handleMessages(TCPTransport.java:562)
	at java.rmi/sun.rmi.transport.tcp.TCPTransport$ConnectionHandler.run0(TCPTransport.java:796)
	at java.rmi/sun.rmi.transport.tcp.TCPTransport$ConnectionHandler.lambda$run$0(TCPTransport.java:677)
	at java.base/java.security.AccessController.doPrivileged(Native Method)
	at java.rmi/sun.rmi.transport.tcp.TCPTransport$ConnectionHandler.run(TCPTransport.java:676)
	at java.base/java.util.concurrent.ThreadPoolExecutor.runWorker(ThreadPoolExecutor.java:1128)
	at java.base/java.util.concurrent.ThreadPoolExecutor$Worker.run(ThreadPoolExecutor.java:628)
	at java.base/java.lang.Thread.run(Thread.java:829)
	at java.rmi/sun.rmi.transport.StreamRemoteCall.exceptionReceivedFromServer(StreamRemoteCall.java:303)
	at java.rmi/sun.rmi.transport.StreamRemoteCall.executeCall(StreamRemoteCall.java:279)
	at java.rmi/sun.rmi.server.UnicastRef.invoke(UnicastRef.java:164)
	at java.rmi/java.rmi.server.RemoteObjectInvocationHandler.invokeRemoteMethod(RemoteObjectInvocationHandler.java:217)
	at java.rmi/java.rmi.server.RemoteObjectInvocationHandler.invoke(RemoteObjectInvocationHandler.java:162)
	at com.sun.proxy.$Proxy7.evosuite_collectStatistics(Unknown Source)
	at org.evosuite.rmi.service.ClientNodeImpl.updateStatistics(ClientNodeImpl.java:251)
	at org.evosuite.statistics.StatisticsSender.sendIndividualToMaster(StatisticsSender.java:62)
	at org.evosuite.statistics.StatisticsListener.lambda$new$0(StatisticsListener.java:76)
	at java.base/java.lang.Thread.run(Thread.java:829)
Caused by: java.rmi.UnmarshalException: error unmarshalling arguments; nested exception is: 
	java.lang.ClassNotFoundException: expect to get instruction without BasicBlock already set
	at java.rmi/sun.rmi.server.UnicastServerRef.dispatch(UnicastServerRef.java:350)
	at java.rmi/sun.rmi.transport.Transport$1.run(Transport.java:200)
	at java.rmi/sun.rmi.transport.Transport$1.run(Transport.java:197)
	at java.base/java.security.AccessController.doPrivileged(Native Method)
	at java.rmi/sun.rmi.transport.Transport.serviceCall(Transport.java:196)
	at java.rmi/sun.rmi.transport.tcp.TCPTransport.handleMessages(TCPTransport.java:562)
	at java.rmi/sun.rmi.transport.tcp.TCPTransport$ConnectionHandler.run0(TCPTransport.java:796)
	at java.rmi/sun.rmi.transport.tcp.TCPTransport$ConnectionHandler.lambda$run$0(TCPTransport.java:677)
	at java.base/java.security.AccessController.doPrivileged(Native Method)
	at java.rmi/sun.rmi.transport.tcp.TCPTransport$ConnectionHandler.run(TCPTransport.java:676)
	at java.base/java.util.concurrent.ThreadPoolExecutor.runWorker(ThreadPoolExecutor.java:1128)
	at java.base/java.util.concurrent.ThreadPoolExecutor$Worker.run(ThreadPoolExecutor.java:628)
	... 1 common frames omitted
Caused by: java.lang.ClassNotFoundException: expect to get instruction without BasicBlock already set
	at org.evosuite.instrumentation.InstrumentingClassLoader.instrumentClass(InstrumentingClassLoader.java:158)
	at org.evosuite.instrumentation.InstrumentingClassLoader.loadClass(InstrumentingClassLoader.java:126)
	at org.evosuite.utils.generic.GenericClassImpl.getClass(GenericClassImpl.java:139)
	at org.evosuite.utils.generic.GenericClassImpl.getClass(GenericClassImpl.java:105)
	at org.evosuite.utils.generic.GenericClassImpl.readObject(GenericClassImpl.java:1671)
	at jdk.internal.reflect.GeneratedMethodAccessor9.invoke(Unknown Source)
	at java.base/jdk.internal.reflect.DelegatingMethodAccessorImpl.invoke(DelegatingMethodAccessorImpl.java:43)
	at java.base/java.lang.reflect.Method.invoke(Method.java:566)
	at java.base/java.io.ObjectStreamClass.invokeReadObject(ObjectStreamClass.java:1046)
	at java.base/java.io.ObjectInputStream.readSerialData(ObjectInputStream.java:2357)
	at java.base/java.io.ObjectInputStream.readOrdinaryObject(ObjectInputStream.java:2228)
	at java.base/java.io.ObjectInputStream.readObject0(ObjectInputStream.java:1687)
	at java.base/java.io.ObjectInputStream.defaultReadFields(ObjectInputStream.java:2496)
	at java.base/java.io.ObjectInputStream.readSerialData(ObjectInputStream.java:2390)
	at java.base/java.io.ObjectInputStream.readOrdinaryObject(ObjectInputStream.java:2228)
	at java.base/java.io.ObjectInputStream.readObject0(ObjectInputStream.java:1687)
	at java.base/java.io.ObjectInputStream.defaultReadFields(ObjectInputStream.java:2496)
	at java.base/java.io.ObjectInputStream.readSerialData(ObjectInputStream.java:2390)
	at java.base/java.io.ObjectInputStream.readOrdinaryObject(ObjectInputStream.java:2228)
	at java.base/java.io.ObjectInputStream.readObject0(ObjectInputStream.java:1687)
	at java.base/java.io.ObjectInputStream.readObject(ObjectInputStream.java:489)
	at java.base/java.io.ObjectInputStream.readObject(ObjectInputStream.java:447)
	at java.base/java.util.ArrayList.readObject(ArrayList.java:929)
	at java.base/jdk.internal.reflect.GeneratedMethodAccessor7.invoke(Unknown Source)
	at java.base/jdk.internal.reflect.DelegatingMethodAccessorImpl.invoke(DelegatingMethodAccessorImpl.java:43)
	at java.base/java.lang.reflect.Method.invoke(Method.java:566)
	at java.base/java.io.ObjectStreamClass.invokeReadObject(ObjectStreamClass.java:1046)
	at java.base/java.io.ObjectInputStream.readSerialData(ObjectInputStream.java:2357)
	at java.base/java.io.ObjectInputStream.readOrdinaryObject(ObjectInputStream.java:2228)
	at java.base/java.io.ObjectInputStream.readObject0(ObjectInputStream.java:1687)
	at java.base/java.io.ObjectInputStream.defaultReadFields(ObjectInputStream.java:2496)
	at java.base/java.io.ObjectInputStream.readSerialData(ObjectInputStream.java:2390)
	at java.base/java.io.ObjectInputStream.readOrdinaryObject(ObjectInputStream.java:2228)
	at java.base/java.io.ObjectInputStream.readObject0(ObjectInputStream.java:1687)
	at java.base/java.io.ObjectInputStream.defaultReadFields(ObjectInputStream.java:2496)
	at java.base/java.io.ObjectInputStream.defaultReadObject(ObjectInputStream.java:625)
	at org.evosuite.testcase.DefaultTestCase.readObject(DefaultTestCase.java:1217)
	at jdk.internal.reflect.GeneratedMethodAccessor16.invoke(Unknown Source)
	at java.base/jdk.internal.reflect.DelegatingMethodAccessorImpl.invoke(DelegatingMethodAccessorImpl.java:43)
	at java.base/java.lang.reflect.Method.invoke(Method.java:566)
	at java.base/java.io.ObjectStreamClass.invokeReadObject(ObjectStreamClass.java:1046)
	at java.base/java.io.ObjectInputStream.readSerialData(ObjectInputStream.java:2357)
	at java.base/java.io.ObjectInputStream.readOrdinaryObject(ObjectInputStream.java:2228)
	at java.base/java.io.ObjectInputStream.readObject0(ObjectInputStream.java:1687)
	at java.base/java.io.ObjectInputStream.defaultReadFields(ObjectInputStream.java:2496)
	at java.base/java.io.ObjectInputStream.readSerialData(ObjectInputStream.java:2390)
	at java.base/java.io.ObjectInputStream.readOrdinaryObject(ObjectInputStream.java:2228)
	at java.base/java.io.ObjectInputStream.readObject0(ObjectInputStream.java:1687)
	at java.base/java.io.ObjectInputStream.readObject(ObjectInputStream.java:489)
	at java.base/java.io.ObjectInputStream.readObject(ObjectInputStream.java:447)
	at java.base/java.util.ArrayList.readObject(ArrayList.java:929)
	at java.base/jdk.internal.reflect.GeneratedMethodAccessor7.invoke(Unknown Source)
	at java.base/jdk.internal.reflect.DelegatingMethodAccessorImpl.invoke(DelegatingMethodAccessorImpl.java:43)
	at java.base/java.lang.reflect.Method.invoke(Method.java:566)
	at java.base/java.io.ObjectStreamClass.invokeReadObject(ObjectStreamClass.java:1046)
	at java.base/java.io.ObjectInputStream.readSerialData(ObjectInputStream.java:2357)
	at java.base/java.io.ObjectInputStream.readOrdinaryObject(ObjectInputStream.java:2228)
	at java.base/java.io.ObjectInputStream.readObject0(ObjectInputStream.java:1687)
	at java.base/java.io.ObjectInputStream.defaultReadFields(ObjectInputStream.java:2496)
	at java.base/java.io.ObjectInputStream.readSerialData(ObjectInputStream.java:2390)
	at java.base/java.io.ObjectInputStream.readOrdinaryObject(ObjectInputStream.java:2228)
	at java.base/java.io.ObjectInputStream.readObject0(ObjectInputStream.java:1687)
	at java.base/java.io.ObjectInputStream.readObject(ObjectInputStream.java:489)
	at java.base/java.io.ObjectInputStream.readObject(ObjectInputStream.java:447)
	at java.rmi/sun.rmi.server.UnicastRef.unmarshalValue(UnicastRef.java:327)
	at java.rmi/sun.rmi.server.UnicastServerRef.dispatch(UnicastServerRef.java:339)
	... 12 common frames omitted
Caused by: java.lang.IllegalArgumentException: expect to get instruction without BasicBlock already set
	at org.evosuite.graphs.cfg.BasicBlock.appendInstruction(BasicBlock.java:225)
	at org.evosuite.graphs.cfg.BasicBlock.setInstructions(BasicBlock.java:206)
	at org.evosuite.graphs.cfg.BasicBlock.<init>(BasicBlock.java:106)
	at org.evosuite.graphs.cfg.RawControlFlowGraph.determineBasicBlockFor(RawControlFlowGraph.java:314)
	at org.evosuite.graphs.cfg.ActualControlFlowGraph.computeNodes(ActualControlFlowGraph.java:295)
	at org.evosuite.graphs.cfg.ActualControlFlowGraph.computeGraph(ActualControlFlowGraph.java:262)
	at org.evosuite.graphs.cfg.ActualControlFlowGraph.<init>(ActualControlFlowGraph.java:97)
	at org.evosuite.graphs.cfg.CFGGenerator.computeActualCFG(CFGGenerator.java:218)
	at org.evosuite.graphs.cfg.CFGGenerator.registerCFGs(CFGGenerator.java:102)
	at org.evosuite.graphs.cfg.CFGMethodAdapter.visitEnd(CFGMethodAdapter.java:219)
	at org.evosuite.shaded.org.objectweb.asm.MethodVisitor.visitEnd(MethodVisitor.java:783)
	at org.evosuite.shaded.org.objectweb.asm.MethodVisitor.visitEnd(MethodVisitor.java:783)
	at org.evosuite.shaded.org.objectweb.asm.MethodVisitor.visitEnd(MethodVisitor.java:783)
	at org.evosuite.shaded.org.objectweb.asm.tree.MethodNode.accept(MethodNode.java:772)
	at org.evosuite.shaded.org.objectweb.asm.tree.MethodNode.accept(MethodNode.java:649)
	at org.evosuite.shaded.org.objectweb.asm.tree.ClassNode.accept(ClassNode.java:452)
	at org.evosuite.instrumentation.BytecodeInstrumentation.transformBytes(BytecodeInstrumentation.java:282)
	at org.evosuite.instrumentation.InstrumentingClassLoader.getTransformedBytes(InstrumentingClassLoader.java:135)
	at org.evosuite.instrumentation.InstrumentingClassLoader.instrumentClass(InstrumentingClassLoader.java:149)
	... 77 common frames omitted
[Progress:=====================>        73%] [Cov:===========================>       78%][Progress:=====================>        73%] [Cov:============================>      82%][Progress:======================>       74%] [Cov:===========================>       78%][Progress:======================>       74%] [Cov:============================>      82%][Progress:======================>       74%] [Cov:=============================>     83%][Progress:======================>       75%] [Cov:===========================>       78%][Progress:======================>       75%] [Cov:============================>      82%][Progress:======================>       75%] [Cov:=============================>     83%][Progress:======================>       76%] [Cov:===========================>       78%][Progress:======================>       76%] [Cov:============================>      82%][Progress:======================>       76%] [Cov:=============================>     83%][Progress:======================>       76%] [Cov:=============================>     83%][Progress:=======================>      77%] [Cov:=============================>     83%][MASTER] 20:18:29.062 [logback-1] WARN  ClientNodeImpl - Cannot send statistics to master; continuing without statistics
java.rmi.ServerException: RemoteException occurred in server thread; nested exception is: 
	java.rmi.UnmarshalException: error unmarshalling arguments; nested exception is: 
	java.lang.ClassNotFoundException: expect to get instruction without BasicBlock already set
	at java.rmi/sun.rmi.server.UnicastServerRef.dispatch(UnicastServerRef.java:391)
	at java.rmi/sun.rmi.transport.Transport$1.run(Transport.java:200)
	at java.rmi/sun.rmi.transport.Transport$1.run(Transport.java:197)
	at java.base/java.security.AccessController.doPrivileged(Native Method)
	at java.rmi/sun.rmi.transport.Transport.serviceCall(Transport.java:196)
	at java.rmi/sun.rmi.transport.tcp.TCPTransport.handleMessages(TCPTransport.java:562)
	at java.rmi/sun.rmi.transport.tcp.TCPTransport$ConnectionHandler.run0(TCPTransport.java:796)
	at java.rmi/sun.rmi.transport.tcp.TCPTransport$ConnectionHandler.lambda$run$0(TCPTransport.java:677)
	at java.base/java.security.AccessController.doPrivileged(Native Method)
	at java.rmi/sun.rmi.transport.tcp.TCPTransport$ConnectionHandler.run(TCPTransport.java:676)
	at java.base/java.util.concurrent.ThreadPoolExecutor.runWorker(ThreadPoolExecutor.java:1128)
	at java.base/java.util.concurrent.ThreadPoolExecutor$Worker.run(ThreadPoolExecutor.java:628)
	at java.base/java.lang.Thread.run(Thread.java:829)
	at java.rmi/sun.rmi.transport.StreamRemoteCall.exceptionReceivedFromServer(StreamRemoteCall.java:303)
	at java.rmi/sun.rmi.transport.StreamRemoteCall.executeCall(StreamRemoteCall.java:279)
	at java.rmi/sun.rmi.server.UnicastRef.invoke(UnicastRef.java:164)
	at java.rmi/java.rmi.server.RemoteObjectInvocationHandler.invokeRemoteMethod(RemoteObjectInvocationHandler.java:217)
	at java.rmi/java.rmi.server.RemoteObjectInvocationHandler.invoke(RemoteObjectInvocationHandler.java:162)
	at com.sun.proxy.$Proxy7.evosuite_collectStatistics(Unknown Source)
	at org.evosuite.rmi.service.ClientNodeImpl.updateStatistics(ClientNodeImpl.java:251)
	at org.evosuite.statistics.StatisticsSender.sendIndividualToMaster(StatisticsSender.java:62)
	at org.evosuite.statistics.StatisticsListener.lambda$new$0(StatisticsListener.java:76)
	at java.base/java.lang.Thread.run(Thread.java:829)
Caused by: java.rmi.UnmarshalException: error unmarshalling arguments; nested exception is: 
	java.lang.ClassNotFoundException: expect to get instruction without BasicBlock already set
	at java.rmi/sun.rmi.server.UnicastServerRef.dispatch(UnicastServerRef.java:350)
	at java.rmi/sun.rmi.transport.Transport$1.run(Transport.java:200)
	at java.rmi/sun.rmi.transport.Transport$1.run(Transport.java:197)
	at java.base/java.security.AccessController.doPrivileged(Native Method)
	at java.rmi/sun.rmi.transport.Transport.serviceCall(Transport.java:196)
	at java.rmi/sun.rmi.transport.tcp.TCPTransport.handleMessages(TCPTransport.java:562)
	at java.rmi/sun.rmi.transport.tcp.TCPTransport$ConnectionHandler.run0(TCPTransport.java:796)
	at java.rmi/sun.rmi.transport.tcp.TCPTransport$ConnectionHandler.lambda$run$0(TCPTransport.java:677)
	at java.base/java.security.AccessController.doPrivileged(Native Method)
	at java.rmi/sun.rmi.transport.tcp.TCPTransport$ConnectionHandler.run(TCPTransport.java:676)
	at java.base/java.util.concurrent.ThreadPoolExecutor.runWorker(ThreadPoolExecutor.java:1128)
	at java.base/java.util.concurrent.ThreadPoolExecutor$Worker.run(ThreadPoolExecutor.java:628)
	... 1 common frames omitted
Caused by: java.lang.ClassNotFoundException: expect to get instruction without BasicBlock already set
	at org.evosuite.instrumentation.InstrumentingClassLoader.instrumentClass(InstrumentingClassLoader.java:158)
	at org.evosuite.instrumentation.InstrumentingClassLoader.loadClass(InstrumentingClassLoader.java:126)
	at org.evosuite.utils.generic.GenericClassImpl.getClass(GenericClassImpl.java:139)
	at org.evosuite.utils.generic.GenericClassImpl.getClass(GenericClassImpl.java:105)
	at org.evosuite.utils.generic.GenericClassImpl.readObject(GenericClassImpl.java:1671)
	at jdk.internal.reflect.GeneratedMethodAccessor9.invoke(Unknown Source)
	at java.base/jdk.internal.reflect.DelegatingMethodAccessorImpl.invoke(DelegatingMethodAccessorImpl.java:43)
	at java.base/java.lang.reflect.Method.invoke(Method.java:566)
	at java.base/java.io.ObjectStreamClass.invokeReadObject(ObjectStreamClass.java:1046)
	at java.base/java.io.ObjectInputStream.readSerialData(ObjectInputStream.java:2357)
	at java.base/java.io.ObjectInputStream.readOrdinaryObject(ObjectInputStream.java:2228)
	at java.base/java.io.ObjectInputStream.readObject0(ObjectInputStream.java:1687)
	at java.base/java.io.ObjectInputStream.defaultReadFields(ObjectInputStream.java:2496)
	at java.base/java.io.ObjectInputStream.readSerialData(ObjectInputStream.java:2390)
	at java.base/java.io.ObjectInputStream.readOrdinaryObject(ObjectInputStream.java:2228)
	at java.base/java.io.ObjectInputStream.readObject0(ObjectInputStream.java:1687)
	at java.base/java.io.ObjectInputStream.defaultReadFields(ObjectInputStream.java:2496)
	at java.base/java.io.ObjectInputStream.readSerialData(ObjectInputStream.java:2390)
	at java.base/java.io.ObjectInputStream.readOrdinaryObject(ObjectInputStream.java:2228)
	at java.base/java.io.ObjectInputStream.readObject0(ObjectInputStream.java:1687)
	at java.base/java.io.ObjectInputStream.readObject(ObjectInputStream.java:489)
	at java.base/java.io.ObjectInputStream.readObject(ObjectInputStream.java:447)
	at java.base/java.util.ArrayList.readObject(ArrayList.java:929)
	at java.base/jdk.internal.reflect.GeneratedMethodAccessor7.invoke(Unknown Source)
	at java.base/jdk.internal.reflect.DelegatingMethodAccessorImpl.invoke(DelegatingMethodAccessorImpl.java:43)
	at java.base/java.lang.reflect.Method.invoke(Method.java:566)
	at java.base/java.io.ObjectStreamClass.invokeReadObject(ObjectStreamClass.java:1046)
	at java.base/java.io.ObjectInputStream.readSerialData(ObjectInputStream.java:2357)
	at java.base/java.io.ObjectInputStream.readOrdinaryObject(ObjectInputStream.java:2228)
	at java.base/java.io.ObjectInputStream.readObject0(ObjectInputStream.java:1687)
	at java.base/java.io.ObjectInputStream.defaultReadFields(ObjectInputStream.java:2496)
	at java.base/java.io.ObjectInputStream.readSerialData(ObjectInputStream.java:2390)
	at java.base/java.io.ObjectInputStream.readOrdinaryObject(ObjectInputStream.java:2228)
	at java.base/java.io.ObjectInputStream.readObject0(ObjectInputStream.java:1687)
	at java.base/java.io.ObjectInputStream.defaultReadFields(ObjectInputStream.java:2496)
	at java.base/java.io.ObjectInputStream.defaultReadObject(ObjectInputStream.java:625)
	at org.evosuite.testcase.DefaultTestCase.readObject(DefaultTestCase.java:1217)
	at jdk.internal.reflect.GeneratedMethodAccessor16.invoke(Unknown Source)
	at java.base/jdk.internal.reflect.DelegatingMethodAccessorImpl.invoke(DelegatingMethodAccessorImpl.java:43)
	at java.base/java.lang.reflect.Method.invoke(Method.java:566)
	at java.base/java.io.ObjectStreamClass.invokeReadObject(ObjectStreamClass.java:1046)
	at java.base/java.io.ObjectInputStream.readSerialData(ObjectInputStream.java:2357)
	at java.base/java.io.ObjectInputStream.readOrdinaryObject(ObjectInputStream.java:2228)
	at java.base/java.io.ObjectInputStream.readObject0(ObjectInputStream.java:1687)
	at java.base/java.io.ObjectInputStream.defaultReadFields(ObjectInputStream.java:2496)
	at java.base/java.io.ObjectInputStream.readSerialData(ObjectInputStream.java:2390)
	at java.base/java.io.ObjectInputStream.readOrdinaryObject(ObjectInputStream.java:2228)
	at java.base/java.io.ObjectInputStream.readObject0(ObjectInputStream.java:1687)
	at java.base/java.io.ObjectInputStream.readObject(ObjectInputStream.java:489)
	at java.base/java.io.ObjectInputStream.readObject(ObjectInputStream.java:447)
	at java.base/java.util.ArrayList.readObject(ArrayList.java:929)
	at java.base/jdk.internal.reflect.GeneratedMethodAccessor7.invoke(Unknown Source)
	at java.base/jdk.internal.reflect.DelegatingMethodAccessorImpl.invoke(DelegatingMethodAccessorImpl.java:43)
	at java.base/java.lang.reflect.Method.invoke(Method.java:566)
	at java.base/java.io.ObjectStreamClass.invokeReadObject(ObjectStreamClass.java:1046)
	at java.base/java.io.ObjectInputStream.readSerialData(ObjectInputStream.java:2357)
	at java.base/java.io.ObjectInputStream.readOrdinaryObject(ObjectInputStream.java:2228)
	at java.base/java.io.ObjectInputStream.readObject0(ObjectInputStream.java:1687)
	at java.base/java.io.ObjectInputStream.defaultReadFields(ObjectInputStream.java:2496)
	at java.base/java.io.ObjectInputStream.readSerialData(ObjectInputStream.java:2390)
	at java.base/java.io.ObjectInputStream.readOrdinaryObject(ObjectInputStream.java:2228)
	at java.base/java.io.ObjectInputStream.readObject0(ObjectInputStream.java:1687)
	at java.base/java.io.ObjectInputStream.readObject(ObjectInputStream.java:489)
	at java.base/java.io.ObjectInputStream.readObject(ObjectInputStream.java:447)
	at java.rmi/sun.rmi.server.UnicastRef.unmarshalValue(UnicastRef.java:327)
	at java.rmi/sun.rmi.server.UnicastServerRef.dispatch(UnicastServerRef.java:339)
	... 12 common frames omitted
Caused by: java.lang.IllegalArgumentException: expect to get instruction without BasicBlock already set
	at org.evosuite.graphs.cfg.BasicBlock.appendInstruction(BasicBlock.java:225)
	at org.evosuite.graphs.cfg.BasicBlock.setInstructions(BasicBlock.java:206)
	at org.evosuite.graphs.cfg.BasicBlock.<init>(BasicBlock.java:106)
	at org.evosuite.graphs.cfg.RawControlFlowGraph.determineBasicBlockFor(RawControlFlowGraph.java:314)
	at org.evosuite.graphs.cfg.ActualControlFlowGraph.computeNodes(ActualControlFlowGraph.java:295)
	at org.evosuite.graphs.cfg.ActualControlFlowGraph.computeGraph(ActualControlFlowGraph.java:262)
	at org.evosuite.graphs.cfg.ActualControlFlowGraph.<init>(ActualControlFlowGraph.java:97)
	at org.evosuite.graphs.cfg.CFGGenerator.computeActualCFG(CFGGenerator.java:218)
	at org.evosuite.graphs.cfg.CFGGenerator.registerCFGs(CFGGenerator.java:102)
	at org.evosuite.graphs.cfg.CFGMethodAdapter.visitEnd(CFGMethodAdapter.java:219)
	at org.evosuite.shaded.org.objectweb.asm.MethodVisitor.visitEnd(MethodVisitor.java:783)
	at org.evosuite.shaded.org.objectweb.asm.MethodVisitor.visitEnd(MethodVisitor.java:783)
	at org.evosuite.shaded.org.objectweb.asm.MethodVisitor.visitEnd(MethodVisitor.java:783)
	at org.evosuite.shaded.org.objectweb.asm.tree.MethodNode.accept(MethodNode.java:772)
	at org.evosuite.shaded.org.objectweb.asm.tree.MethodNode.accept(MethodNode.java:649)
	at org.evosuite.shaded.org.objectweb.asm.tree.ClassNode.accept(ClassNode.java:452)
	at org.evosuite.instrumentation.BytecodeInstrumentation.transformBytes(BytecodeInstrumentation.java:282)
	at org.evosuite.instrumentation.InstrumentingClassLoader.getTransformedBytes(InstrumentingClassLoader.java:135)
	at org.evosuite.instrumentation.InstrumentingClassLoader.instrumentClass(InstrumentingClassLoader.java:149)
	... 77 common frames omitted
[Progress:=======================>      78%] [Cov:=============================>     83%][Progress:=======================>      78%] [Cov:=============================>     83%][Progress:=======================>      79%] [Cov:=============================>     83%][Progress:========================>     80%] [Cov:=============================>     83%][Progress:========================>     80%] [Cov:=============================>     83%][Progress:========================>     81%] [Cov:=============================>     83%][Progress:========================>     82%] [Cov:=============================>     83%][MASTER] 20:18:34.984 [logback-1] WARN  ClientNodeImpl - Cannot send statistics to master; continuing without statistics
java.rmi.ServerException: RemoteException occurred in server thread; nested exception is: 
	java.rmi.UnmarshalException: error unmarshalling arguments; nested exception is: 
	java.lang.ClassNotFoundException: expect to get instruction without BasicBlock already set
	at java.rmi/sun.rmi.server.UnicastServerRef.dispatch(UnicastServerRef.java:391)
	at java.rmi/sun.rmi.transport.Transport$1.run(Transport.java:200)
	at java.rmi/sun.rmi.transport.Transport$1.run(Transport.java:197)
	at java.base/java.security.AccessController.doPrivileged(Native Method)
	at java.rmi/sun.rmi.transport.Transport.serviceCall(Transport.java:196)
	at java.rmi/sun.rmi.transport.tcp.TCPTransport.handleMessages(TCPTransport.java:562)
	at java.rmi/sun.rmi.transport.tcp.TCPTransport$ConnectionHandler.run0(TCPTransport.java:796)
	at java.rmi/sun.rmi.transport.tcp.TCPTransport$ConnectionHandler.lambda$run$0(TCPTransport.java:677)
	at java.base/java.security.AccessController.doPrivileged(Native Method)
	at java.rmi/sun.rmi.transport.tcp.TCPTransport$ConnectionHandler.run(TCPTransport.java:676)
	at java.base/java.util.concurrent.ThreadPoolExecutor.runWorker(ThreadPoolExecutor.java:1128)
	at java.base/java.util.concurrent.ThreadPoolExecutor$Worker.run(ThreadPoolExecutor.java:628)
	at java.base/java.lang.Thread.run(Thread.java:829)
	at java.rmi/sun.rmi.transport.StreamRemoteCall.exceptionReceivedFromServer(StreamRemoteCall.java:303)
	at java.rmi/sun.rmi.transport.StreamRemoteCall.executeCall(StreamRemoteCall.java:279)
	at java.rmi/sun.rmi.server.UnicastRef.invoke(UnicastRef.java:164)
	at java.rmi/java.rmi.server.RemoteObjectInvocationHandler.invokeRemoteMethod(RemoteObjectInvocationHandler.java:217)
	at java.rmi/java.rmi.server.RemoteObjectInvocationHandler.invoke(RemoteObjectInvocationHandler.java:162)
	at com.sun.proxy.$Proxy7.evosuite_collectStatistics(Unknown Source)
	at org.evosuite.rmi.service.ClientNodeImpl.updateStatistics(ClientNodeImpl.java:251)
	at org.evosuite.statistics.StatisticsSender.sendIndividualToMaster(StatisticsSender.java:62)
	at org.evosuite.statistics.StatisticsListener.lambda$new$0(StatisticsListener.java:76)
	at java.base/java.lang.Thread.run(Thread.java:829)
Caused by: java.rmi.UnmarshalException: error unmarshalling arguments; nested exception is: 
	java.lang.ClassNotFoundException: expect to get instruction without BasicBlock already set
	at java.rmi/sun.rmi.server.UnicastServerRef.dispatch(UnicastServerRef.java:350)
	at java.rmi/sun.rmi.transport.Transport$1.run(Transport.java:200)
	at java.rmi/sun.rmi.transport.Transport$1.run(Transport.java:197)
	at java.base/java.security.AccessController.doPrivileged(Native Method)
	at java.rmi/sun.rmi.transport.Transport.serviceCall(Transport.java:196)
	at java.rmi/sun.rmi.transport.tcp.TCPTransport.handleMessages(TCPTransport.java:562)
	at java.rmi/sun.rmi.transport.tcp.TCPTransport$ConnectionHandler.run0(TCPTransport.java:796)
	at java.rmi/sun.rmi.transport.tcp.TCPTransport$ConnectionHandler.lambda$run$0(TCPTransport.java:677)
	at java.base/java.security.AccessController.doPrivileged(Native Method)
	at java.rmi/sun.rmi.transport.tcp.TCPTransport$ConnectionHandler.run(TCPTransport.java:676)
	at java.base/java.util.concurrent.ThreadPoolExecutor.runWorker(ThreadPoolExecutor.java:1128)
	at java.base/java.util.concurrent.ThreadPoolExecutor$Worker.run(ThreadPoolExecutor.java:628)
	... 1 common frames omitted
Caused by: java.lang.ClassNotFoundException: expect to get instruction without BasicBlock already set
	at org.evosuite.instrumentation.InstrumentingClassLoader.instrumentClass(InstrumentingClassLoader.java:158)
	at org.evosuite.instrumentation.InstrumentingClassLoader.loadClass(InstrumentingClassLoader.java:126)
	at org.evosuite.utils.generic.GenericClassImpl.getClass(GenericClassImpl.java:139)
	at org.evosuite.utils.generic.GenericClassImpl.getClass(GenericClassImpl.java:105)
	at org.evosuite.utils.generic.GenericClassImpl.readObject(GenericClassImpl.java:1671)
	at jdk.internal.reflect.GeneratedMethodAccessor9.invoke(Unknown Source)
	at java.base/jdk.internal.reflect.DelegatingMethodAccessorImpl.invoke(DelegatingMethodAccessorImpl.java:43)
	at java.base/java.lang.reflect.Method.invoke(Method.java:566)
	at java.base/java.io.ObjectStreamClass.invokeReadObject(ObjectStreamClass.java:1046)
	at java.base/java.io.ObjectInputStream.readSerialData(ObjectInputStream.java:2357)
	at java.base/java.io.ObjectInputStream.readOrdinaryObject(ObjectInputStream.java:2228)
	at java.base/java.io.ObjectInputStream.readObject0(ObjectInputStream.java:1687)
	at java.base/java.io.ObjectInputStream.defaultReadFields(ObjectInputStream.java:2496)
	at java.base/java.io.ObjectInputStream.readSerialData(ObjectInputStream.java:2390)
	at java.base/java.io.ObjectInputStream.readOrdinaryObject(ObjectInputStream.java:2228)
	at java.base/java.io.ObjectInputStream.readObject0(ObjectInputStream.java:1687)
	at java.base/java.io.ObjectInputStream.defaultReadFields(ObjectInputStream.java:2496)
	at java.base/java.io.ObjectInputStream.readSerialData(ObjectInputStream.java:2390)
	at java.base/java.io.ObjectInputStream.readOrdinaryObject(ObjectInputStream.java:2228)
	at java.base/java.io.ObjectInputStream.readObject0(ObjectInputStream.java:1687)
	at java.base/java.io.ObjectInputStream.readObject(ObjectInputStream.java:489)
	at java.base/java.io.ObjectInputStream.readObject(ObjectInputStream.java:447)
	at java.base/java.util.ArrayList.readObject(ArrayList.java:929)
	at java.base/jdk.internal.reflect.GeneratedMethodAccessor7.invoke(Unknown Source)
	at java.base/jdk.internal.reflect.DelegatingMethodAccessorImpl.invoke(DelegatingMethodAccessorImpl.java:43)
	at java.base/java.lang.reflect.Method.invoke(Method.java:566)
	at java.base/java.io.ObjectStreamClass.invokeReadObject(ObjectStreamClass.java:1046)
	at java.base/java.io.ObjectInputStream.readSerialData(ObjectInputStream.java:2357)
	at java.base/java.io.ObjectInputStream.readOrdinaryObject(ObjectInputStream.java:2228)
	at java.base/java.io.ObjectInputStream.readObject0(ObjectInputStream.java:1687)
	at java.base/java.io.ObjectInputStream.defaultReadFields(ObjectInputStream.java:2496)
	at java.base/java.io.ObjectInputStream.readSerialData(ObjectInputStream.java:2390)
	at java.base/java.io.ObjectInputStream.readOrdinaryObject(ObjectInputStream.java:2228)
	at java.base/java.io.ObjectInputStream.readObject0(ObjectInputStream.java:1687)
	at java.base/java.io.ObjectInputStream.defaultReadFields(ObjectInputStream.java:2496)
	at java.base/java.io.ObjectInputStream.defaultReadObject(ObjectInputStream.java:625)
	at org.evosuite.testcase.DefaultTestCase.readObject(DefaultTestCase.java:1217)
	at jdk.internal.reflect.GeneratedMethodAccessor16.invoke(Unknown Source)
	at java.base/jdk.internal.reflect.DelegatingMethodAccessorImpl.invoke(DelegatingMethodAccessorImpl.java:43)
	at java.base/java.lang.reflect.Method.invoke(Method.java:566)
	at java.base/java.io.ObjectStreamClass.invokeReadObject(ObjectStreamClass.java:1046)
	at java.base/java.io.ObjectInputStream.readSerialData(ObjectInputStream.java:2357)
	at java.base/java.io.ObjectInputStream.readOrdinaryObject(ObjectInputStream.java:2228)
	at java.base/java.io.ObjectInputStream.readObject0(ObjectInputStream.java:1687)
	at java.base/java.io.ObjectInputStream.defaultReadFields(ObjectInputStream.java:2496)
	at java.base/java.io.ObjectInputStream.readSerialData(ObjectInputStream.java:2390)
	at java.base/java.io.ObjectInputStream.readOrdinaryObject(ObjectInputStream.java:2228)
	at java.base/java.io.ObjectInputStream.readObject0(ObjectInputStream.java:1687)
	at java.base/java.io.ObjectInputStream.readObject(ObjectInputStream.java:489)
	at java.base/java.io.ObjectInputStream.readObject(ObjectInputStream.java:447)
	at java.base/java.util.ArrayList.readObject(ArrayList.java:929)
	at java.base/jdk.internal.reflect.GeneratedMethodAccessor7.invoke(Unknown Source)
	at java.base/jdk.internal.reflect.DelegatingMethodAccessorImpl.invoke(DelegatingMethodAccessorImpl.java:43)
	at java.base/java.lang.reflect.Method.invoke(Method.java:566)
	at java.base/java.io.ObjectStreamClass.invokeReadObject(ObjectStreamClass.java:1046)
	at java.base/java.io.ObjectInputStream.readSerialData(ObjectInputStream.java:2357)
	at java.base/java.io.ObjectInputStream.readOrdinaryObject(ObjectInputStream.java:2228)
	at java.base/java.io.ObjectInputStream.readObject0(ObjectInputStream.java:1687)
	at java.base/java.io.ObjectInputStream.defaultReadFields(ObjectInputStream.java:2496)
	at java.base/java.io.ObjectInputStream.readSerialData(ObjectInputStream.java:2390)
	at java.base/java.io.ObjectInputStream.readOrdinaryObject(ObjectInputStream.java:2228)
	at java.base/java.io.ObjectInputStream.readObject0(ObjectInputStream.java:1687)
	at java.base/java.io.ObjectInputStream.readObject(ObjectInputStream.java:489)
	at java.base/java.io.ObjectInputStream.readObject(ObjectInputStream.java:447)
	at java.rmi/sun.rmi.server.UnicastRef.unmarshalValue(UnicastRef.java:327)
	at java.rmi/sun.rmi.server.UnicastServerRef.dispatch(UnicastServerRef.java:339)
	... 12 common frames omitted
Caused by: java.lang.IllegalArgumentException: expect to get instruction without BasicBlock already set
	at org.evosuite.graphs.cfg.BasicBlock.appendInstruction(BasicBlock.java:225)
	at org.evosuite.graphs.cfg.BasicBlock.setInstructions(BasicBlock.java:206)
	at org.evosuite.graphs.cfg.BasicBlock.<init>(BasicBlock.java:106)
	at org.evosuite.graphs.cfg.RawControlFlowGraph.determineBasicBlockFor(RawControlFlowGraph.java:314)
	at org.evosuite.graphs.cfg.ActualControlFlowGraph.computeNodes(ActualControlFlowGraph.java:295)
	at org.evosuite.graphs.cfg.ActualControlFlowGraph.computeGraph(ActualControlFlowGraph.java:262)
	at org.evosuite.graphs.cfg.ActualControlFlowGraph.<init>(ActualControlFlowGraph.java:97)
	at org.evosuite.graphs.cfg.CFGGenerator.computeActualCFG(CFGGenerator.java:218)
	at org.evosuite.graphs.cfg.CFGGenerator.registerCFGs(CFGGenerator.java:102)
	at org.evosuite.graphs.cfg.CFGMethodAdapter.visitEnd(CFGMethodAdapter.java:219)
	at org.evosuite.shaded.org.objectweb.asm.MethodVisitor.visitEnd(MethodVisitor.java:783)
	at org.evosuite.shaded.org.objectweb.asm.MethodVisitor.visitEnd(MethodVisitor.java:783)
	at org.evosuite.shaded.org.objectweb.asm.MethodVisitor.visitEnd(MethodVisitor.java:783)
	at org.evosuite.shaded.org.objectweb.asm.tree.MethodNode.accept(MethodNode.java:772)
	at org.evosuite.shaded.org.objectweb.asm.tree.MethodNode.accept(MethodNode.java:649)
	at org.evosuite.shaded.org.objectweb.asm.tree.ClassNode.accept(ClassNode.java:452)
	at org.evosuite.instrumentation.BytecodeInstrumentation.transformBytes(BytecodeInstrumentation.java:282)
	at org.evosuite.instrumentation.InstrumentingClassLoader.getTransformedBytes(InstrumentingClassLoader.java:135)
	at org.evosuite.instrumentation.InstrumentingClassLoader.instrumentClass(InstrumentingClassLoader.java:149)
	... 77 common frames omitted
[Progress:========================>     82%] [Cov:=============================>     83%][Progress:========================>     83%] [Cov:=============================>     83%][Progress:=========================>    84%] [Cov:=============================>     83%][Progress:=========================>    84%] [Cov:=============================>     83%][Progress:=========================>    85%] [Cov:=============================>     83%][Progress:=========================>    85%] [Cov:=============================>     83%][Progress:=========================>    86%] [Cov:=============================>     83%][MASTER] 20:18:40.746 [logback-1] WARN  ClientNodeImpl - Cannot send statistics to master; continuing without statistics
java.rmi.ServerException: RemoteException occurred in server thread; nested exception is: 
	java.rmi.UnmarshalException: error unmarshalling arguments; nested exception is: 
	java.lang.ClassNotFoundException: expect to get instruction without BasicBlock already set
	at java.rmi/sun.rmi.server.UnicastServerRef.dispatch(UnicastServerRef.java:391)
	at java.rmi/sun.rmi.transport.Transport$1.run(Transport.java:200)
	at java.rmi/sun.rmi.transport.Transport$1.run(Transport.java:197)
	at java.base/java.security.AccessController.doPrivileged(Native Method)
	at java.rmi/sun.rmi.transport.Transport.serviceCall(Transport.java:196)
	at java.rmi/sun.rmi.transport.tcp.TCPTransport.handleMessages(TCPTransport.java:562)
	at java.rmi/sun.rmi.transport.tcp.TCPTransport$ConnectionHandler.run0(TCPTransport.java:796)
	at java.rmi/sun.rmi.transport.tcp.TCPTransport$ConnectionHandler.lambda$run$0(TCPTransport.java:677)
	at java.base/java.security.AccessController.doPrivileged(Native Method)
	at java.rmi/sun.rmi.transport.tcp.TCPTransport$ConnectionHandler.run(TCPTransport.java:676)
	at java.base/java.util.concurrent.ThreadPoolExecutor.runWorker(ThreadPoolExecutor.java:1128)
	at java.base/java.util.concurrent.ThreadPoolExecutor$Worker.run(ThreadPoolExecutor.java:628)
	at java.base/java.lang.Thread.run(Thread.java:829)
	at java.rmi/sun.rmi.transport.StreamRemoteCall.exceptionReceivedFromServer(StreamRemoteCall.java:303)
	at java.rmi/sun.rmi.transport.StreamRemoteCall.executeCall(StreamRemoteCall.java:279)
	at java.rmi/sun.rmi.server.UnicastRef.invoke(UnicastRef.java:164)
	at java.rmi/java.rmi.server.RemoteObjectInvocationHandler.invokeRemoteMethod(RemoteObjectInvocationHandler.java:217)
	at java.rmi/java.rmi.server.RemoteObjectInvocationHandler.invoke(RemoteObjectInvocationHandler.java:162)
	at com.sun.proxy.$Proxy7.evosuite_collectStatistics(Unknown Source)
	at org.evosuite.rmi.service.ClientNodeImpl.updateStatistics(ClientNodeImpl.java:251)
	at org.evosuite.statistics.StatisticsSender.sendIndividualToMaster(StatisticsSender.java:62)
	at org.evosuite.statistics.StatisticsListener.lambda$new$0(StatisticsListener.java:76)
	at java.base/java.lang.Thread.run(Thread.java:829)
Caused by: java.rmi.UnmarshalException: error unmarshalling arguments; nested exception is: 
	java.lang.ClassNotFoundException: expect to get instruction without BasicBlock already set
	at java.rmi/sun.rmi.server.UnicastServerRef.dispatch(UnicastServerRef.java:350)
	at java.rmi/sun.rmi.transport.Transport$1.run(Transport.java:200)
	at java.rmi/sun.rmi.transport.Transport$1.run(Transport.java:197)
	at java.base/java.security.AccessController.doPrivileged(Native Method)
	at java.rmi/sun.rmi.transport.Transport.serviceCall(Transport.java:196)
	at java.rmi/sun.rmi.transport.tcp.TCPTransport.handleMessages(TCPTransport.java:562)
	at java.rmi/sun.rmi.transport.tcp.TCPTransport$ConnectionHandler.run0(TCPTransport.java:796)
	at java.rmi/sun.rmi.transport.tcp.TCPTransport$ConnectionHandler.lambda$run$0(TCPTransport.java:677)
	at java.base/java.security.AccessController.doPrivileged(Native Method)
	at java.rmi/sun.rmi.transport.tcp.TCPTransport$ConnectionHandler.run(TCPTransport.java:676)
	at java.base/java.util.concurrent.ThreadPoolExecutor.runWorker(ThreadPoolExecutor.java:1128)
	at java.base/java.util.concurrent.ThreadPoolExecutor$Worker.run(ThreadPoolExecutor.java:628)
	... 1 common frames omitted
Caused by: java.lang.ClassNotFoundException: expect to get instruction without BasicBlock already set
	at org.evosuite.instrumentation.InstrumentingClassLoader.instrumentClass(InstrumentingClassLoader.java:158)
	at org.evosuite.instrumentation.InstrumentingClassLoader.loadClass(InstrumentingClassLoader.java:126)
	at org.evosuite.utils.generic.GenericClassImpl.getClass(GenericClassImpl.java:139)
	at org.evosuite.utils.generic.GenericClassImpl.getClass(GenericClassImpl.java:105)
	at org.evosuite.utils.generic.GenericClassImpl.readObject(GenericClassImpl.java:1671)
	at jdk.internal.reflect.GeneratedMethodAccessor9.invoke(Unknown Source)
	at java.base/jdk.internal.reflect.DelegatingMethodAccessorImpl.invoke(DelegatingMethodAccessorImpl.java:43)
	at java.base/java.lang.reflect.Method.invoke(Method.java:566)
	at java.base/java.io.ObjectStreamClass.invokeReadObject(ObjectStreamClass.java:1046)
	at java.base/java.io.ObjectInputStream.readSerialData(ObjectInputStream.java:2357)
	at java.base/java.io.ObjectInputStream.readOrdinaryObject(ObjectInputStream.java:2228)
	at java.base/java.io.ObjectInputStream.readObject0(ObjectInputStream.java:1687)
	at java.base/java.io.ObjectInputStream.defaultReadFields(ObjectInputStream.java:2496)
	at java.base/java.io.ObjectInputStream.readSerialData(ObjectInputStream.java:2390)
	at java.base/java.io.ObjectInputStream.readOrdinaryObject(ObjectInputStream.java:2228)
	at java.base/java.io.ObjectInputStream.readObject0(ObjectInputStream.java:1687)
	at java.base/java.io.ObjectInputStream.defaultReadFields(ObjectInputStream.java:2496)
	at java.base/java.io.ObjectInputStream.readSerialData(ObjectInputStream.java:2390)
	at java.base/java.io.ObjectInputStream.readOrdinaryObject(ObjectInputStream.java:2228)
	at java.base/java.io.ObjectInputStream.readObject0(ObjectInputStream.java:1687)
	at java.base/java.io.ObjectInputStream.readObject(ObjectInputStream.java:489)
	at java.base/java.io.ObjectInputStream.readObject(ObjectInputStream.java:447)
	at java.base/java.util.ArrayList.readObject(ArrayList.java:929)
	at java.base/jdk.internal.reflect.GeneratedMethodAccessor7.invoke(Unknown Source)
	at java.base/jdk.internal.reflect.DelegatingMethodAccessorImpl.invoke(DelegatingMethodAccessorImpl.java:43)
	at java.base/java.lang.reflect.Method.invoke(Method.java:566)
	at java.base/java.io.ObjectStreamClass.invokeReadObject(ObjectStreamClass.java:1046)
	at java.base/java.io.ObjectInputStream.readSerialData(ObjectInputStream.java:2357)
	at java.base/java.io.ObjectInputStream.readOrdinaryObject(ObjectInputStream.java:2228)
	at java.base/java.io.ObjectInputStream.readObject0(ObjectInputStream.java:1687)
	at java.base/java.io.ObjectInputStream.defaultReadFields(ObjectInputStream.java:2496)
	at java.base/java.io.ObjectInputStream.readSerialData(ObjectInputStream.java:2390)
	at java.base/java.io.ObjectInputStream.readOrdinaryObject(ObjectInputStream.java:2228)
	at java.base/java.io.ObjectInputStream.readObject0(ObjectInputStream.java:1687)
	at java.base/java.io.ObjectInputStream.defaultReadFields(ObjectInputStream.java:2496)
	at java.base/java.io.ObjectInputStream.defaultReadObject(ObjectInputStream.java:625)
	at org.evosuite.testcase.DefaultTestCase.readObject(DefaultTestCase.java:1217)
	at jdk.internal.reflect.GeneratedMethodAccessor16.invoke(Unknown Source)
	at java.base/jdk.internal.reflect.DelegatingMethodAccessorImpl.invoke(DelegatingMethodAccessorImpl.java:43)
	at java.base/java.lang.reflect.Method.invoke(Method.java:566)
	at java.base/java.io.ObjectStreamClass.invokeReadObject(ObjectStreamClass.java:1046)
	at java.base/java.io.ObjectInputStream.readSerialData(ObjectInputStream.java:2357)
	at java.base/java.io.ObjectInputStream.readOrdinaryObject(ObjectInputStream.java:2228)
	at java.base/java.io.ObjectInputStream.readObject0(ObjectInputStream.java:1687)
	at java.base/java.io.ObjectInputStream.defaultReadFields(ObjectInputStream.java:2496)
	at java.base/java.io.ObjectInputStream.readSerialData(ObjectInputStream.java:2390)
	at java.base/java.io.ObjectInputStream.readOrdinaryObject(ObjectInputStream.java:2228)
	at java.base/java.io.ObjectInputStream.readObject0(ObjectInputStream.java:1687)
	at java.base/java.io.ObjectInputStream.readObject(ObjectInputStream.java:489)
	at java.base/java.io.ObjectInputStream.readObject(ObjectInputStream.java:447)
	at java.base/java.util.ArrayList.readObject(ArrayList.java:929)
	at java.base/jdk.internal.reflect.GeneratedMethodAccessor7.invoke(Unknown Source)
	at java.base/jdk.internal.reflect.DelegatingMethodAccessorImpl.invoke(DelegatingMethodAccessorImpl.java:43)
	at java.base/java.lang.reflect.Method.invoke(Method.java:566)
	at java.base/java.io.ObjectStreamClass.invokeReadObject(ObjectStreamClass.java:1046)
	at java.base/java.io.ObjectInputStream.readSerialData(ObjectInputStream.java:2357)
	at java.base/java.io.ObjectInputStream.readOrdinaryObject(ObjectInputStream.java:2228)
	at java.base/java.io.ObjectInputStream.readObject0(ObjectInputStream.java:1687)
	at java.base/java.io.ObjectInputStream.defaultReadFields(ObjectInputStream.java:2496)
	at java.base/java.io.ObjectInputStream.readSerialData(ObjectInputStream.java:2390)
	at java.base/java.io.ObjectInputStream.readOrdinaryObject(ObjectInputStream.java:2228)
	at java.base/java.io.ObjectInputStream.readObject0(ObjectInputStream.java:1687)
	at java.base/java.io.ObjectInputStream.readObject(ObjectInputStream.java:489)
	at java.base/java.io.ObjectInputStream.readObject(ObjectInputStream.java:447)
	at java.rmi/sun.rmi.server.UnicastRef.unmarshalValue(UnicastRef.java:327)
	at java.rmi/sun.rmi.server.UnicastServerRef.dispatch(UnicastServerRef.java:339)
	... 12 common frames omitted
Caused by: java.lang.IllegalArgumentException: expect to get instruction without BasicBlock already set
	at org.evosuite.graphs.cfg.BasicBlock.appendInstruction(BasicBlock.java:225)
	at org.evosuite.graphs.cfg.BasicBlock.setInstructions(BasicBlock.java:206)
	at org.evosuite.graphs.cfg.BasicBlock.<init>(BasicBlock.java:106)
	at org.evosuite.graphs.cfg.RawControlFlowGraph.determineBasicBlockFor(RawControlFlowGraph.java:314)
	at org.evosuite.graphs.cfg.ActualControlFlowGraph.computeNodes(ActualControlFlowGraph.java:295)
	at org.evosuite.graphs.cfg.ActualControlFlowGraph.computeGraph(ActualControlFlowGraph.java:262)
	at org.evosuite.graphs.cfg.ActualControlFlowGraph.<init>(ActualControlFlowGraph.java:97)
	at org.evosuite.graphs.cfg.CFGGenerator.computeActualCFG(CFGGenerator.java:218)
	at org.evosuite.graphs.cfg.CFGGenerator.registerCFGs(CFGGenerator.java:102)
	at org.evosuite.graphs.cfg.CFGMethodAdapter.visitEnd(CFGMethodAdapter.java:219)
	at org.evosuite.shaded.org.objectweb.asm.MethodVisitor.visitEnd(MethodVisitor.java:783)
	at org.evosuite.shaded.org.objectweb.asm.MethodVisitor.visitEnd(MethodVisitor.java:783)
	at org.evosuite.shaded.org.objectweb.asm.MethodVisitor.visitEnd(MethodVisitor.java:783)
	at org.evosuite.shaded.org.objectweb.asm.tree.MethodNode.accept(MethodNode.java:772)
	at org.evosuite.shaded.org.objectweb.asm.tree.MethodNode.accept(MethodNode.java:649)
	at org.evosuite.shaded.org.objectweb.asm.tree.ClassNode.accept(ClassNode.java:452)
	at org.evosuite.instrumentation.BytecodeInstrumentation.transformBytes(BytecodeInstrumentation.java:282)
	at org.evosuite.instrumentation.InstrumentingClassLoader.getTransformedBytes(InstrumentingClassLoader.java:135)
	at org.evosuite.instrumentation.InstrumentingClassLoader.instrumentClass(InstrumentingClassLoader.java:149)
	... 77 common frames omitted
[Progress:==========================>   87%] [Cov:=============================>     83%][Progress:==========================>   88%] [Cov:=============================>     83%][Progress:==========================>   88%] [Cov:=============================>     83%][Progress:==========================>   89%] [Cov:=============================>     83%][Progress:===========================>  90%] [Cov:=============================>     83%][Progress:===========================>  90%] [Cov:=============================>     83%][Progress:===========================>  90%] [Cov:=============================>     84%][Progress:===========================>  90%] [Cov:=============================>     85%][Progress:===========================>  91%] [Cov:=============================>     83%][Progress:===========================>  92%] [Cov:=============================>     83%][Progress:===========================>  92%] [Cov:=============================>     85%][MASTER] 20:18:47.508 [logback-1] WARN  ClientNodeImpl - Cannot send statistics to master; continuing without statistics
java.rmi.ServerException: RemoteException occurred in server thread; nested exception is: 
	java.rmi.UnmarshalException: error unmarshalling arguments; nested exception is: 
	java.lang.ClassNotFoundException: expect to get instruction without BasicBlock already set
	at java.rmi/sun.rmi.server.UnicastServerRef.dispatch(UnicastServerRef.java:391)
	at java.rmi/sun.rmi.transport.Transport$1.run(Transport.java:200)
	at java.rmi/sun.rmi.transport.Transport$1.run(Transport.java:197)
	at java.base/java.security.AccessController.doPrivileged(Native Method)
	at java.rmi/sun.rmi.transport.Transport.serviceCall(Transport.java:196)
	at java.rmi/sun.rmi.transport.tcp.TCPTransport.handleMessages(TCPTransport.java:562)
	at java.rmi/sun.rmi.transport.tcp.TCPTransport$ConnectionHandler.run0(TCPTransport.java:796)
	at java.rmi/sun.rmi.transport.tcp.TCPTransport$ConnectionHandler.lambda$run$0(TCPTransport.java:677)
	at java.base/java.security.AccessController.doPrivileged(Native Method)
	at java.rmi/sun.rmi.transport.tcp.TCPTransport$ConnectionHandler.run(TCPTransport.java:676)
	at java.base/java.util.concurrent.ThreadPoolExecutor.runWorker(ThreadPoolExecutor.java:1128)
	at java.base/java.util.concurrent.ThreadPoolExecutor$Worker.run(ThreadPoolExecutor.java:628)
	at java.base/java.lang.Thread.run(Thread.java:829)
	at java.rmi/sun.rmi.transport.StreamRemoteCall.exceptionReceivedFromServer(StreamRemoteCall.java:303)
	at java.rmi/sun.rmi.transport.StreamRemoteCall.executeCall(StreamRemoteCall.java:279)
	at java.rmi/sun.rmi.server.UnicastRef.invoke(UnicastRef.java:164)
	at java.rmi/java.rmi.server.RemoteObjectInvocationHandler.invokeRemoteMethod(RemoteObjectInvocationHandler.java:217)
	at java.rmi/java.rmi.server.RemoteObjectInvocationHandler.invoke(RemoteObjectInvocationHandler.java:162)
	at com.sun.proxy.$Proxy7.evosuite_collectStatistics(Unknown Source)
	at org.evosuite.rmi.service.ClientNodeImpl.updateStatistics(ClientNodeImpl.java:251)
	at org.evosuite.statistics.StatisticsSender.sendIndividualToMaster(StatisticsSender.java:62)
	at org.evosuite.statistics.StatisticsListener.lambda$new$0(StatisticsListener.java:76)
	at java.base/java.lang.Thread.run(Thread.java:829)
Caused by: java.rmi.UnmarshalException: error unmarshalling arguments; nested exception is: 
	java.lang.ClassNotFoundException: expect to get instruction without BasicBlock already set
	at java.rmi/sun.rmi.server.UnicastServerRef.dispatch(UnicastServerRef.java:350)
	at java.rmi/sun.rmi.transport.Transport$1.run(Transport.java:200)
	at java.rmi/sun.rmi.transport.Transport$1.run(Transport.java:197)
	at java.base/java.security.AccessController.doPrivileged(Native Method)
	at java.rmi/sun.rmi.transport.Transport.serviceCall(Transport.java:196)
	at java.rmi/sun.rmi.transport.tcp.TCPTransport.handleMessages(TCPTransport.java:562)
	at java.rmi/sun.rmi.transport.tcp.TCPTransport$ConnectionHandler.run0(TCPTransport.java:796)
	at java.rmi/sun.rmi.transport.tcp.TCPTransport$ConnectionHandler.lambda$run$0(TCPTransport.java:677)
	at java.base/java.security.AccessController.doPrivileged(Native Method)
	at java.rmi/sun.rmi.transport.tcp.TCPTransport$ConnectionHandler.run(TCPTransport.java:676)
	at java.base/java.util.concurrent.ThreadPoolExecutor.runWorker(ThreadPoolExecutor.java:1128)
	at java.base/java.util.concurrent.ThreadPoolExecutor$Worker.run(ThreadPoolExecutor.java:628)
	... 1 common frames omitted
Caused by: java.lang.ClassNotFoundException: expect to get instruction without BasicBlock already set
	at org.evosuite.instrumentation.InstrumentingClassLoader.instrumentClass(InstrumentingClassLoader.java:158)
	at org.evosuite.instrumentation.InstrumentingClassLoader.loadClass(InstrumentingClassLoader.java:126)
	at org.evosuite.utils.generic.GenericClassImpl.getClass(GenericClassImpl.java:139)
	at org.evosuite.utils.generic.GenericClassImpl.getClass(GenericClassImpl.java:105)
	at org.evosuite.utils.generic.GenericClassImpl.readObject(GenericClassImpl.java:1671)
	at jdk.internal.reflect.GeneratedMethodAccessor9.invoke(Unknown Source)
	at java.base/jdk.internal.reflect.DelegatingMethodAccessorImpl.invoke(DelegatingMethodAccessorImpl.java:43)
	at java.base/java.lang.reflect.Method.invoke(Method.java:566)
	at java.base/java.io.ObjectStreamClass.invokeReadObject(ObjectStreamClass.java:1046)
	at java.base/java.io.ObjectInputStream.readSerialData(ObjectInputStream.java:2357)
	at java.base/java.io.ObjectInputStream.readOrdinaryObject(ObjectInputStream.java:2228)
	at java.base/java.io.ObjectInputStream.readObject0(ObjectInputStream.java:1687)
	at java.base/java.io.ObjectInputStream.defaultReadFields(ObjectInputStream.java:2496)
	at java.base/java.io.ObjectInputStream.readSerialData(ObjectInputStream.java:2390)
	at java.base/java.io.ObjectInputStream.readOrdinaryObject(ObjectInputStream.java:2228)
	at java.base/java.io.ObjectInputStream.readObject0(ObjectInputStream.java:1687)
	at java.base/java.io.ObjectInputStream.defaultReadFields(ObjectInputStream.java:2496)
	at java.base/java.io.ObjectInputStream.readSerialData(ObjectInputStream.java:2390)
	at java.base/java.io.ObjectInputStream.readOrdinaryObject(ObjectInputStream.java:2228)
	at java.base/java.io.ObjectInputStream.readObject0(ObjectInputStream.java:1687)
	at java.base/java.io.ObjectInputStream.readObject(ObjectInputStream.java:489)
	at java.base/java.io.ObjectInputStream.readObject(ObjectInputStream.java:447)
	at java.base/java.util.ArrayList.readObject(ArrayList.java:929)
	at java.base/jdk.internal.reflect.GeneratedMethodAccessor7.invoke(Unknown Source)
	at java.base/jdk.internal.reflect.DelegatingMethodAccessorImpl.invoke(DelegatingMethodAccessorImpl.java:43)
	at java.base/java.lang.reflect.Method.invoke(Method.java:566)
	at java.base/java.io.ObjectStreamClass.invokeReadObject(ObjectStreamClass.java:1046)
	at java.base/java.io.ObjectInputStream.readSerialData(ObjectInputStream.java:2357)
	at java.base/java.io.ObjectInputStream.readOrdinaryObject(ObjectInputStream.java:2228)
	at java.base/java.io.ObjectInputStream.readObject0(ObjectInputStream.java:1687)
	at java.base/java.io.ObjectInputStream.defaultReadFields(ObjectInputStream.java:2496)
	at java.base/java.io.ObjectInputStream.readSerialData(ObjectInputStream.java:2390)
	at java.base/java.io.ObjectInputStream.readOrdinaryObject(ObjectInputStream.java:2228)
	at java.base/java.io.ObjectInputStream.readObject0(ObjectInputStream.java:1687)
	at java.base/java.io.ObjectInputStream.defaultReadFields(ObjectInputStream.java:2496)
	at java.base/java.io.ObjectInputStream.defaultReadObject(ObjectInputStream.java:625)
	at org.evosuite.testcase.DefaultTestCase.readObject(DefaultTestCase.java:1217)
	at jdk.internal.reflect.GeneratedMethodAccessor16.invoke(Unknown Source)
	at java.base/jdk.internal.reflect.DelegatingMethodAccessorImpl.invoke(DelegatingMethodAccessorImpl.java:43)
	at java.base/java.lang.reflect.Method.invoke(Method.java:566)
	at java.base/java.io.ObjectStreamClass.invokeReadObject(ObjectStreamClass.java:1046)
	at java.base/java.io.ObjectInputStream.readSerialData(ObjectInputStream.java:2357)
	at java.base/java.io.ObjectInputStream.readOrdinaryObject(ObjectInputStream.java:2228)
	at java.base/java.io.ObjectInputStream.readObject0(ObjectInputStream.java:1687)
	at java.base/java.io.ObjectInputStream.defaultReadFields(ObjectInputStream.java:2496)
	at java.base/java.io.ObjectInputStream.readSerialData(ObjectInputStream.java:2390)
	at java.base/java.io.ObjectInputStream.readOrdinaryObject(ObjectInputStream.java:2228)
	at java.base/java.io.ObjectInputStream.readObject0(ObjectInputStream.java:1687)
	at java.base/java.io.ObjectInputStream.readObject(ObjectInputStream.java:489)
	at java.base/java.io.ObjectInputStream.readObject(ObjectInputStream.java:447)
	at java.base/java.util.ArrayList.readObject(ArrayList.java:929)
	at java.base/jdk.internal.reflect.GeneratedMethodAccessor7.invoke(Unknown Source)
	at java.base/jdk.internal.reflect.DelegatingMethodAccessorImpl.invoke(DelegatingMethodAccessorImpl.java:43)
	at java.base/java.lang.reflect.Method.invoke(Method.java:566)
	at java.base/java.io.ObjectStreamClass.invokeReadObject(ObjectStreamClass.java:1046)
	at java.base/java.io.ObjectInputStream.readSerialData(ObjectInputStream.java:2357)
	at java.base/java.io.ObjectInputStream.readOrdinaryObject(ObjectInputStream.java:2228)
	at java.base/java.io.ObjectInputStream.readObject0(ObjectInputStream.java:1687)
	at java.base/java.io.ObjectInputStream.defaultReadFields(ObjectInputStream.java:2496)
	at java.base/java.io.ObjectInputStream.readSerialData(ObjectInputStream.java:2390)
	at java.base/java.io.ObjectInputStream.readOrdinaryObject(ObjectInputStream.java:2228)
	at java.base/java.io.ObjectInputStream.readObject0(ObjectInputStream.java:1687)
	at java.base/java.io.ObjectInputStream.readObject(ObjectInputStream.java:489)
	at java.base/java.io.ObjectInputStream.readObject(ObjectInputStream.java:447)
	at java.rmi/sun.rmi.server.UnicastRef.unmarshalValue(UnicastRef.java:327)
	at java.rmi/sun.rmi.server.UnicastServerRef.dispatch(UnicastServerRef.java:339)
	... 12 common frames omitted
Caused by: java.lang.IllegalArgumentException: expect to get instruction without BasicBlock already set
	at org.evosuite.graphs.cfg.BasicBlock.appendInstruction(BasicBlock.java:225)
	at org.evosuite.graphs.cfg.BasicBlock.setInstructions(BasicBlock.java:206)
	at org.evosuite.graphs.cfg.BasicBlock.<init>(BasicBlock.java:106)
	at org.evosuite.graphs.cfg.RawControlFlowGraph.determineBasicBlockFor(RawControlFlowGraph.java:314)
	at org.evosuite.graphs.cfg.ActualControlFlowGraph.computeNodes(ActualControlFlowGraph.java:295)
	at org.evosuite.graphs.cfg.ActualControlFlowGraph.computeGraph(ActualControlFlowGraph.java:262)
	at org.evosuite.graphs.cfg.ActualControlFlowGraph.<init>(ActualControlFlowGraph.java:97)
	at org.evosuite.graphs.cfg.CFGGenerator.computeActualCFG(CFGGenerator.java:218)
	at org.evosuite.graphs.cfg.CFGGenerator.registerCFGs(CFGGenerator.java:102)
	at org.evosuite.graphs.cfg.CFGMethodAdapter.visitEnd(CFGMethodAdapter.java:219)
	at org.evosuite.shaded.org.objectweb.asm.MethodVisitor.visitEnd(MethodVisitor.java:783)
	at org.evosuite.shaded.org.objectweb.asm.MethodVisitor.visitEnd(MethodVisitor.java:783)
	at org.evosuite.shaded.org.objectweb.asm.MethodVisitor.visitEnd(MethodVisitor.java:783)
	at org.evosuite.shaded.org.objectweb.asm.tree.MethodNode.accept(MethodNode.java:772)
	at org.evosuite.shaded.org.objectweb.asm.tree.MethodNode.accept(MethodNode.java:649)
	at org.evosuite.shaded.org.objectweb.asm.tree.ClassNode.accept(ClassNode.java:452)
	at org.evosuite.instrumentation.BytecodeInstrumentation.transformBytes(BytecodeInstrumentation.java:282)
	at org.evosuite.instrumentation.InstrumentingClassLoader.getTransformedBytes(InstrumentingClassLoader.java:135)
	at org.evosuite.instrumentation.InstrumentingClassLoader.instrumentClass(InstrumentingClassLoader.java:149)
	... 77 common frames omitted
[Progress:===========================>  93%] [Cov:=============================>     85%][Progress:============================> 94%] [Cov:=============================>     83%][Progress:============================> 94%] [Cov:=============================>     85%][Progress:============================> 95%] [Cov:=============================>     83%][Progress:============================> 95%] [Cov:=============================>     85%][Progress:============================> 95%] [Cov:=============================>     85%][Progress:============================> 96%] [Cov:=============================>     85%][Progress:============================> 96%] [Cov:==============================>    86%][Progress:=============================>97%] [Cov:=============================>     83%][Progress:=============================>97%] [Cov:=============================>     85%][Progress:=============================>97%] [Cov:=============================>     85%][Progress:=============================>98%] [Cov:=============================>     85%][Progress:=============================>99%] [Cov:=============================>     85%][MASTER] 20:18:55.365 [logback-1] WARN  ClientNodeImpl - Cannot send statistics to master; continuing without statistics
java.rmi.ServerException: RemoteException occurred in server thread; nested exception is: 
	java.rmi.UnmarshalException: error unmarshalling arguments; nested exception is: 
	java.lang.ClassNotFoundException: expect to get instruction without BasicBlock already set
	at java.rmi/sun.rmi.server.UnicastServerRef.dispatch(UnicastServerRef.java:391)
	at java.rmi/sun.rmi.transport.Transport$1.run(Transport.java:200)
	at java.rmi/sun.rmi.transport.Transport$1.run(Transport.java:197)
	at java.base/java.security.AccessController.doPrivileged(Native Method)
	at java.rmi/sun.rmi.transport.Transport.serviceCall(Transport.java:196)
	at java.rmi/sun.rmi.transport.tcp.TCPTransport.handleMessages(TCPTransport.java:562)
	at java.rmi/sun.rmi.transport.tcp.TCPTransport$ConnectionHandler.run0(TCPTransport.java:796)
	at java.rmi/sun.rmi.transport.tcp.TCPTransport$ConnectionHandler.lambda$run$0(TCPTransport.java:677)
	at java.base/java.security.AccessController.doPrivileged(Native Method)
	at java.rmi/sun.rmi.transport.tcp.TCPTransport$ConnectionHandler.run(TCPTransport.java:676)
	at java.base/java.util.concurrent.ThreadPoolExecutor.runWorker(ThreadPoolExecutor.java:1128)
	at java.base/java.util.concurrent.ThreadPoolExecutor$Worker.run(ThreadPoolExecutor.java:628)
	at java.base/java.lang.Thread.run(Thread.java:829)
	at java.rmi/sun.rmi.transport.StreamRemoteCall.exceptionReceivedFromServer(StreamRemoteCall.java:303)
	at java.rmi/sun.rmi.transport.StreamRemoteCall.executeCall(StreamRemoteCall.java:279)
	at java.rmi/sun.rmi.server.UnicastRef.invoke(UnicastRef.java:164)
	at java.rmi/java.rmi.server.RemoteObjectInvocationHandler.invokeRemoteMethod(RemoteObjectInvocationHandler.java:217)
	at java.rmi/java.rmi.server.RemoteObjectInvocationHandler.invoke(RemoteObjectInvocationHandler.java:162)
	at com.sun.proxy.$Proxy7.evosuite_collectStatistics(Unknown Source)
	at org.evosuite.rmi.service.ClientNodeImpl.updateStatistics(ClientNodeImpl.java:251)
	at org.evosuite.statistics.StatisticsSender.sendIndividualToMaster(StatisticsSender.java:62)
	at org.evosuite.statistics.StatisticsListener.lambda$new$0(StatisticsListener.java:76)
	at java.base/java.lang.Thread.run(Thread.java:829)
Caused by: java.rmi.UnmarshalException: error unmarshalling arguments; nested exception is: 
	java.lang.ClassNotFoundException: expect to get instruction without BasicBlock already set
	at java.rmi/sun.rmi.server.UnicastServerRef.dispatch(UnicastServerRef.java:350)
	at java.rmi/sun.rmi.transport.Transport$1.run(Transport.java:200)
	at java.rmi/sun.rmi.transport.Transport$1.run(Transport.java:197)
	at java.base/java.security.AccessController.doPrivileged(Native Method)
	at java.rmi/sun.rmi.transport.Transport.serviceCall(Transport.java:196)
	at java.rmi/sun.rmi.transport.tcp.TCPTransport.handleMessages(TCPTransport.java:562)
	at java.rmi/sun.rmi.transport.tcp.TCPTransport$ConnectionHandler.run0(TCPTransport.java:796)
	at java.rmi/sun.rmi.transport.tcp.TCPTransport$ConnectionHandler.lambda$run$0(TCPTransport.java:677)
	at java.base/java.security.AccessController.doPrivileged(Native Method)
	at java.rmi/sun.rmi.transport.tcp.TCPTransport$ConnectionHandler.run(TCPTransport.java:676)
	at java.base/java.util.concurrent.ThreadPoolExecutor.runWorker(ThreadPoolExecutor.java:1128)
	at java.base/java.util.concurrent.ThreadPoolExecutor$Worker.run(ThreadPoolExecutor.java:628)
	... 1 common frames omitted
Caused by: java.lang.ClassNotFoundException: expect to get instruction without BasicBlock already set
	at org.evosuite.instrumentation.InstrumentingClassLoader.instrumentClass(InstrumentingClassLoader.java:158)
	at org.evosuite.instrumentation.InstrumentingClassLoader.loadClass(InstrumentingClassLoader.java:126)
	at org.evosuite.utils.generic.GenericClassImpl.getClass(GenericClassImpl.java:139)
	at org.evosuite.utils.generic.GenericClassImpl.getClass(GenericClassImpl.java:105)
	at org.evosuite.utils.generic.GenericClassImpl.readObject(GenericClassImpl.java:1671)
	at jdk.internal.reflect.GeneratedMethodAccessor9.invoke(Unknown Source)
	at java.base/jdk.internal.reflect.DelegatingMethodAccessorImpl.invoke(DelegatingMethodAccessorImpl.java:43)
	at java.base/java.lang.reflect.Method.invoke(Method.java:566)
	at java.base/java.io.ObjectStreamClass.invokeReadObject(ObjectStreamClass.java:1046)
	at java.base/java.io.ObjectInputStream.readSerialData(ObjectInputStream.java:2357)
	at java.base/java.io.ObjectInputStream.readOrdinaryObject(ObjectInputStream.java:2228)
	at java.base/java.io.ObjectInputStream.readObject0(ObjectInputStream.java:1687)
	at java.base/java.io.ObjectInputStream.defaultReadFields(ObjectInputStream.java:2496)
	at java.base/java.io.ObjectInputStream.readSerialData(ObjectInputStream.java:2390)
	at java.base/java.io.ObjectInputStream.readOrdinaryObject(ObjectInputStream.java:2228)
	at java.base/java.io.ObjectInputStream.readObject0(ObjectInputStream.java:1687)
	at java.base/java.io.ObjectInputStream.defaultReadFields(ObjectInputStream.java:2496)
	at java.base/java.io.ObjectInputStream.readSerialData(ObjectInputStream.java:2390)
	at java.base/java.io.ObjectInputStream.readOrdinaryObject(ObjectInputStream.java:2228)
	at java.base/java.io.ObjectInputStream.readObject0(ObjectInputStream.java:1687)
	at java.base/java.io.ObjectInputStream.readObject(ObjectInputStream.java:489)
	at java.base/java.io.ObjectInputStream.readObject(ObjectInputStream.java:447)
	at java.base/java.util.ArrayList.readObject(ArrayList.java:929)
	at java.base/jdk.internal.reflect.GeneratedMethodAccessor7.invoke(Unknown Source)
	at java.base/jdk.internal.reflect.DelegatingMethodAccessorImpl.invoke(DelegatingMethodAccessorImpl.java:43)
	at java.base/java.lang.reflect.Method.invoke(Method.java:566)
	at java.base/java.io.ObjectStreamClass.invokeReadObject(ObjectStreamClass.java:1046)
	at java.base/java.io.ObjectInputStream.readSerialData(ObjectInputStream.java:2357)
	at java.base/java.io.ObjectInputStream.readOrdinaryObject(ObjectInputStream.java:2228)
	at java.base/java.io.ObjectInputStream.readObject0(ObjectInputStream.java:1687)
	at java.base/java.io.ObjectInputStream.defaultReadFields(ObjectInputStream.java:2496)
	at java.base/java.io.ObjectInputStream.readSerialData(ObjectInputStream.java:2390)
	at java.base/java.io.ObjectInputStream.readOrdinaryObject(ObjectInputStream.java:2228)
	at java.base/java.io.ObjectInputStream.readObject0(ObjectInputStream.java:1687)
	at java.base/java.io.ObjectInputStream.defaultReadFields(ObjectInputStream.java:2496)
	at java.base/java.io.ObjectInputStream.defaultReadObject(ObjectInputStream.java:625)
	at org.evosuite.testcase.DefaultTestCase.readObject(DefaultTestCase.java:1217)
	at jdk.internal.reflect.GeneratedMethodAccessor16.invoke(Unknown Source)
	at java.base/jdk.internal.reflect.DelegatingMethodAccessorImpl.invoke(DelegatingMethodAccessorImpl.java:43)
	at java.base/java.lang.reflect.Method.invoke(Method.java:566)
	at java.base/java.io.ObjectStreamClass.invokeReadObject(ObjectStreamClass.java:1046)
	at java.base/java.io.ObjectInputStream.readSerialData(ObjectInputStream.java:2357)
	at java.base/java.io.ObjectInputStream.readOrdinaryObject(ObjectInputStream.java:2228)
	at java.base/java.io.ObjectInputStream.readObject0(ObjectInputStream.java:1687)
	at java.base/java.io.ObjectInputStream.defaultReadFields(ObjectInputStream.java:2496)
	at java.base/java.io.ObjectInputStream.readSerialData(ObjectInputStream.java:2390)
	at java.base/java.io.ObjectInputStream.readOrdinaryObject(ObjectInputStream.java:2228)
	at java.base/java.io.ObjectInputStream.readObject0(ObjectInputStream.java:1687)
	at java.base/java.io.ObjectInputStream.readObject(ObjectInputStream.java:489)
	at java.base/java.io.ObjectInputStream.readObject(ObjectInputStream.java:447)
	at java.base/java.util.ArrayList.readObject(ArrayList.java:929)
	at java.base/jdk.internal.reflect.GeneratedMethodAccessor7.invoke(Unknown Source)
	at java.base/jdk.internal.reflect.DelegatingMethodAccessorImpl.invoke(DelegatingMethodAccessorImpl.java:43)
	at java.base/java.lang.reflect.Method.invoke(Method.java:566)
	at java.base/java.io.ObjectStreamClass.invokeReadObject(ObjectStreamClass.java:1046)
	at java.base/java.io.ObjectInputStream.readSerialData(ObjectInputStream.java:2357)
	at java.base/java.io.ObjectInputStream.readOrdinaryObject(ObjectInputStream.java:2228)
	at java.base/java.io.ObjectInputStream.readObject0(ObjectInputStream.java:1687)
	at java.base/java.io.ObjectInputStream.defaultReadFields(ObjectInputStream.java:2496)
	at java.base/java.io.ObjectInputStream.readSerialData(ObjectInputStream.java:2390)
	at java.base/java.io.ObjectInputStream.readOrdinaryObject(ObjectInputStream.java:2228)
	at java.base/java.io.ObjectInputStream.readObject0(ObjectInputStream.java:1687)
	at java.base/java.io.ObjectInputStream.readObject(ObjectInputStream.java:489)
	at java.base/java.io.ObjectInputStream.readObject(ObjectInputStream.java:447)
	at java.rmi/sun.rmi.server.UnicastRef.unmarshalValue(UnicastRef.java:327)
	at java.rmi/sun.rmi.server.UnicastServerRef.dispatch(UnicastServerRef.java:339)
	... 12 common frames omitted
Caused by: java.lang.IllegalArgumentException: expect to get instruction without BasicBlock already set
	at org.evosuite.graphs.cfg.BasicBlock.appendInstruction(BasicBlock.java:225)
	at org.evosuite.graphs.cfg.BasicBlock.setInstructions(BasicBlock.java:206)
	at org.evosuite.graphs.cfg.BasicBlock.<init>(BasicBlock.java:106)
	at org.evosuite.graphs.cfg.RawControlFlowGraph.determineBasicBlockFor(RawControlFlowGraph.java:314)
	at org.evosuite.graphs.cfg.ActualControlFlowGraph.computeNodes(ActualControlFlowGraph.java:295)
	at org.evosuite.graphs.cfg.ActualControlFlowGraph.computeGraph(ActualControlFlowGraph.java:262)
	at org.evosuite.graphs.cfg.ActualControlFlowGraph.<init>(ActualControlFlowGraph.java:97)
	at org.evosuite.graphs.cfg.CFGGenerator.computeActualCFG(CFGGenerator.java:218)
	at org.evosuite.graphs.cfg.CFGGenerator.registerCFGs(CFGGenerator.java:102)
	at org.evosuite.graphs.cfg.CFGMethodAdapter.visitEnd(CFGMethodAdapter.java:219)
	at org.evosuite.shaded.org.objectweb.asm.MethodVisitor.visitEnd(MethodVisitor.java:783)
	at org.evosuite.shaded.org.objectweb.asm.MethodVisitor.visitEnd(MethodVisitor.java:783)
	at org.evosuite.shaded.org.objectweb.asm.MethodVisitor.visitEnd(MethodVisitor.java:783)
	at org.evosuite.shaded.org.objectweb.asm.tree.MethodNode.accept(MethodNode.java:772)
	at org.evosuite.shaded.org.objectweb.asm.tree.MethodNode.accept(MethodNode.java:649)
	at org.evosuite.shaded.org.objectweb.asm.tree.ClassNode.accept(ClassNode.java:452)
	at org.evosuite.instrumentation.BytecodeInstrumentation.transformBytes(BytecodeInstrumentation.java:282)
	at org.evosuite.instrumentation.InstrumentingClassLoader.getTransformedBytes(InstrumentingClassLoader.java:135)
	at org.evosuite.instrumentation.InstrumentingClassLoader.instrumentClass(InstrumentingClassLoader.java:149)
	... 77 common frames omitted
[Progress:=============================>99%] [Cov:=============================>     85%][Progress:==============================100%] [Cov:=============================>     85%][Progress:==============================100%] [Cov:=============================>     85%][Progress:==============================100%] [Cov:===============================>   91%]
* Search finished after 124s and 76 generations, 39610 statements, best individual has fitness: 105.42763157242811
[MASTER] 20:19:01.889 [logback-1] WARN  ClientNodeImpl - Cannot send statistics to master; continuing without statistics
java.rmi.ServerException: RemoteException occurred in server thread; nested exception is: 
	java.rmi.UnmarshalException: error unmarshalling arguments; nested exception is: 
	java.lang.ClassNotFoundException: expect to get instruction without BasicBlock already set
	at java.rmi/sun.rmi.server.UnicastServerRef.dispatch(UnicastServerRef.java:391)
	at java.rmi/sun.rmi.transport.Transport$1.run(Transport.java:200)
	at java.rmi/sun.rmi.transport.Transport$1.run(Transport.java:197)
	at java.base/java.security.AccessController.doPrivileged(Native Method)
	at java.rmi/sun.rmi.transport.Transport.serviceCall(Transport.java:196)
	at java.rmi/sun.rmi.transport.tcp.TCPTransport.handleMessages(TCPTransport.java:562)
	at java.rmi/sun.rmi.transport.tcp.TCPTransport$ConnectionHandler.run0(TCPTransport.java:796)
	at java.rmi/sun.rmi.transport.tcp.TCPTransport$ConnectionHandler.lambda$run$0(TCPTransport.java:677)
	at java.base/java.security.AccessController.doPrivileged(Native Method)
	at java.rmi/sun.rmi.transport.tcp.TCPTransport$ConnectionHandler.run(TCPTransport.java:676)
	at java.base/java.util.concurrent.ThreadPoolExecutor.runWorker(ThreadPoolExecutor.java:1128)
	at java.base/java.util.concurrent.ThreadPoolExecutor$Worker.run(ThreadPoolExecutor.java:628)
	at java.base/java.lang.Thread.run(Thread.java:829)
	at java.rmi/sun.rmi.transport.StreamRemoteCall.exceptionReceivedFromServer(StreamRemoteCall.java:303)
	at java.rmi/sun.rmi.transport.StreamRemoteCall.executeCall(StreamRemoteCall.java:279)
	at java.rmi/sun.rmi.server.UnicastRef.invoke(UnicastRef.java:164)
	at java.rmi/java.rmi.server.RemoteObjectInvocationHandler.invokeRemoteMethod(RemoteObjectInvocationHandler.java:217)
	at java.rmi/java.rmi.server.RemoteObjectInvocationHandler.invoke(RemoteObjectInvocationHandler.java:162)
	at com.sun.proxy.$Proxy7.evosuite_collectStatistics(Unknown Source)
	at org.evosuite.rmi.service.ClientNodeImpl.updateStatistics(ClientNodeImpl.java:251)
	at org.evosuite.statistics.StatisticsSender.sendIndividualToMaster(StatisticsSender.java:62)
	at org.evosuite.statistics.StatisticsListener.lambda$new$0(StatisticsListener.java:76)
	at java.base/java.lang.Thread.run(Thread.java:829)
Caused by: java.rmi.UnmarshalException: error unmarshalling arguments; nested exception is: 
	java.lang.ClassNotFoundException: expect to get instruction without BasicBlock already set
	at java.rmi/sun.rmi.server.UnicastServerRef.dispatch(UnicastServerRef.java:350)
	at java.rmi/sun.rmi.transport.Transport$1.run(Transport.java:200)
	at java.rmi/sun.rmi.transport.Transport$1.run(Transport.java:197)
	at java.base/java.security.AccessController.doPrivileged(Native Method)
	at java.rmi/sun.rmi.transport.Transport.serviceCall(Transport.java:196)
	at java.rmi/sun.rmi.transport.tcp.TCPTransport.handleMessages(TCPTransport.java:562)
	at java.rmi/sun.rmi.transport.tcp.TCPTransport$ConnectionHandler.run0(TCPTransport.java:796)
	at java.rmi/sun.rmi.transport.tcp.TCPTransport$ConnectionHandler.lambda$run$0(TCPTransport.java:677)
	at java.base/java.security.AccessController.doPrivileged(Native Method)
	at java.rmi/sun.rmi.transport.tcp.TCPTransport$ConnectionHandler.run(TCPTransport.java:676)
	at java.base/java.util.concurrent.ThreadPoolExecutor.runWorker(ThreadPoolExecutor.java:1128)
	at java.base/java.util.concurrent.ThreadPoolExecutor$Worker.run(ThreadPoolExecutor.java:628)
	... 1 common frames omitted
Caused by: java.lang.ClassNotFoundException: expect to get instruction without BasicBlock already set
	at org.evosuite.instrumentation.InstrumentingClassLoader.instrumentClass(InstrumentingClassLoader.java:158)
	at org.evosuite.instrumentation.InstrumentingClassLoader.loadClass(InstrumentingClassLoader.java:126)
	at org.evosuite.utils.generic.GenericClassImpl.getClass(GenericClassImpl.java:139)
	at org.evosuite.utils.generic.GenericClassImpl.getClass(GenericClassImpl.java:105)
	at org.evosuite.utils.generic.GenericClassImpl.readObject(GenericClassImpl.java:1671)
	at jdk.internal.reflect.GeneratedMethodAccessor9.invoke(Unknown Source)
	at java.base/jdk.internal.reflect.DelegatingMethodAccessorImpl.invoke(DelegatingMethodAccessorImpl.java:43)
	at java.base/java.lang.reflect.Method.invoke(Method.java:566)
	at java.base/java.io.ObjectStreamClass.invokeReadObject(ObjectStreamClass.java:1046)
	at java.base/java.io.ObjectInputStream.readSerialData(ObjectInputStream.java:2357)
	at java.base/java.io.ObjectInputStream.readOrdinaryObject(ObjectInputStream.java:2228)
	at java.base/java.io.ObjectInputStream.readObject0(ObjectInputStream.java:1687)
	at java.base/java.io.ObjectInputStream.defaultReadFields(ObjectInputStream.java:2496)
	at java.base/java.io.ObjectInputStream.readSerialData(ObjectInputStream.java:2390)
	at java.base/java.io.ObjectInputStream.readOrdinaryObject(ObjectInputStream.java:2228)
	at java.base/java.io.ObjectInputStream.readObject0(ObjectInputStream.java:1687)
	at java.base/java.io.ObjectInputStream.defaultReadFields(ObjectInputStream.java:2496)
	at java.base/java.io.ObjectInputStream.readSerialData(ObjectInputStream.java:2390)
	at java.base/java.io.ObjectInputStream.readOrdinaryObject(ObjectInputStream.java:2228)
	at java.base/java.io.ObjectInputStream.readObject0(ObjectInputStream.java:1687)
	at java.base/java.io.ObjectInputStream.readObject(ObjectInputStream.java:489)
	at java.base/java.io.ObjectInputStream.readObject(ObjectInputStream.java:447)
	at java.base/java.util.ArrayList.readObject(ArrayList.java:929)
	at java.base/jdk.internal.reflect.GeneratedMethodAccessor7.invoke(Unknown Source)
	at java.base/jdk.internal.reflect.DelegatingMethodAccessorImpl.invoke(DelegatingMethodAccessorImpl.java:43)
	at java.base/java.lang.reflect.Method.invoke(Method.java:566)
	at java.base/java.io.ObjectStreamClass.invokeReadObject(ObjectStreamClass.java:1046)
	at java.base/java.io.ObjectInputStream.readSerialData(ObjectInputStream.java:2357)
	at java.base/java.io.ObjectInputStream.readOrdinaryObject(ObjectInputStream.java:2228)
	at java.base/java.io.ObjectInputStream.readObject0(ObjectInputStream.java:1687)
	at java.base/java.io.ObjectInputStream.defaultReadFields(ObjectInputStream.java:2496)
	at java.base/java.io.ObjectInputStream.readSerialData(ObjectInputStream.java:2390)
	at java.base/java.io.ObjectInputStream.readOrdinaryObject(ObjectInputStream.java:2228)
	at java.base/java.io.ObjectInputStream.readObject0(ObjectInputStream.java:1687)
	at java.base/java.io.ObjectInputStream.defaultReadFields(ObjectInputStream.java:2496)
	at java.base/java.io.ObjectInputStream.defaultReadObject(ObjectInputStream.java:625)
	at org.evosuite.testcase.DefaultTestCase.readObject(DefaultTestCase.java:1217)
	at jdk.internal.reflect.GeneratedMethodAccessor16.invoke(Unknown Source)
	at java.base/jdk.internal.reflect.DelegatingMethodAccessorImpl.invoke(DelegatingMethodAccessorImpl.java:43)
	at java.base/java.lang.reflect.Method.invoke(Method.java:566)
	at java.base/java.io.ObjectStreamClass.invokeReadObject(ObjectStreamClass.java:1046)
	at java.base/java.io.ObjectInputStream.readSerialData(ObjectInputStream.java:2357)
	at java.base/java.io.ObjectInputStream.readOrdinaryObject(ObjectInputStream.java:2228)
	at java.base/java.io.ObjectInputStream.readObject0(ObjectInputStream.java:1687)
	at java.base/java.io.ObjectInputStream.defaultReadFields(ObjectInputStream.java:2496)
	at java.base/java.io.ObjectInputStream.readSerialData(ObjectInputStream.java:2390)
	at java.base/java.io.ObjectInputStream.readOrdinaryObject(ObjectInputStream.java:2228)
	at java.base/java.io.ObjectInputStream.readObject0(ObjectInputStream.java:1687)
	at java.base/java.io.ObjectInputStream.readObject(ObjectInputStream.java:489)
	at java.base/java.io.ObjectInputStream.readObject(ObjectInputStream.java:447)
	at java.base/java.util.ArrayList.readObject(ArrayList.java:929)
	at java.base/jdk.internal.reflect.GeneratedMethodAccessor7.invoke(Unknown Source)
	at java.base/jdk.internal.reflect.DelegatingMethodAccessorImpl.invoke(DelegatingMethodAccessorImpl.java:43)
	at java.base/java.lang.reflect.Method.invoke(Method.java:566)
	at java.base/java.io.ObjectStreamClass.invokeReadObject(ObjectStreamClass.java:1046)
	at java.base/java.io.ObjectInputStream.readSerialData(ObjectInputStream.java:2357)
	at java.base/java.io.ObjectInputStream.readOrdinaryObject(ObjectInputStream.java:2228)
	at java.base/java.io.ObjectInputStream.readObject0(ObjectInputStream.java:1687)
	at java.base/java.io.ObjectInputStream.defaultReadFields(ObjectInputStream.java:2496)
	at java.base/java.io.ObjectInputStream.readSerialData(ObjectInputStream.java:2390)
	at java.base/java.io.ObjectInputStream.readOrdinaryObject(ObjectInputStream.java:2228)
	at java.base/java.io.ObjectInputStream.readObject0(ObjectInputStream.java:1687)
	at java.base/java.io.ObjectInputStream.readObject(ObjectInputStream.java:489)
	at java.base/java.io.ObjectInputStream.readObject(ObjectInputStream.java:447)
	at java.rmi/sun.rmi.server.UnicastRef.unmarshalValue(UnicastRef.java:327)
	at java.rmi/sun.rmi.server.UnicastServerRef.dispatch(UnicastServerRef.java:339)
	... 12 common frames omitted
Caused by: java.lang.IllegalArgumentException: expect to get instruction without BasicBlock already set
	at org.evosuite.graphs.cfg.BasicBlock.appendInstruction(BasicBlock.java:225)
	at org.evosuite.graphs.cfg.BasicBlock.setInstructions(BasicBlock.java:206)
	at org.evosuite.graphs.cfg.BasicBlock.<init>(BasicBlock.java:106)
	at org.evosuite.graphs.cfg.RawControlFlowGraph.determineBasicBlockFor(RawControlFlowGraph.java:314)
	at org.evosuite.graphs.cfg.ActualControlFlowGraph.computeNodes(ActualControlFlowGraph.java:295)
	at org.evosuite.graphs.cfg.ActualControlFlowGraph.computeGraph(ActualControlFlowGraph.java:262)
	at org.evosuite.graphs.cfg.ActualControlFlowGraph.<init>(ActualControlFlowGraph.java:97)
	at org.evosuite.graphs.cfg.CFGGenerator.computeActualCFG(CFGGenerator.java:218)
	at org.evosuite.graphs.cfg.CFGGenerator.registerCFGs(CFGGenerator.java:102)
	at org.evosuite.graphs.cfg.CFGMethodAdapter.visitEnd(CFGMethodAdapter.java:219)
	at org.evosuite.shaded.org.objectweb.asm.MethodVisitor.visitEnd(MethodVisitor.java:783)
	at org.evosuite.shaded.org.objectweb.asm.MethodVisitor.visitEnd(MethodVisitor.java:783)
	at org.evosuite.shaded.org.objectweb.asm.MethodVisitor.visitEnd(MethodVisitor.java:783)
	at org.evosuite.shaded.org.objectweb.asm.tree.MethodNode.accept(MethodNode.java:772)
	at org.evosuite.shaded.org.objectweb.asm.tree.MethodNode.accept(MethodNode.java:649)
	at org.evosuite.shaded.org.objectweb.asm.tree.ClassNode.accept(ClassNode.java:452)
	at org.evosuite.instrumentation.BytecodeInstrumentation.transformBytes(BytecodeInstrumentation.java:282)
	at org.evosuite.instrumentation.InstrumentingClassLoader.getTransformedBytes(InstrumentingClassLoader.java:135)
	at org.evosuite.instrumentation.InstrumentingClassLoader.instrumentClass(InstrumentingClassLoader.java:149)
	... 77 common frames omitted
[MASTER] 20:19:14.292 [logback-1] WARN  ClientNodeImpl - Cannot send statistics to master; continuing without statistics
java.rmi.ServerException: RemoteException occurred in server thread; nested exception is: 
	java.rmi.UnmarshalException: error unmarshalling arguments; nested exception is: 
	java.lang.ClassNotFoundException: expect to get instruction without BasicBlock already set
	at java.rmi/sun.rmi.server.UnicastServerRef.dispatch(UnicastServerRef.java:391)
	at java.rmi/sun.rmi.transport.Transport$1.run(Transport.java:200)
	at java.rmi/sun.rmi.transport.Transport$1.run(Transport.java:197)
	at java.base/java.security.AccessController.doPrivileged(Native Method)
	at java.rmi/sun.rmi.transport.Transport.serviceCall(Transport.java:196)
	at java.rmi/sun.rmi.transport.tcp.TCPTransport.handleMessages(TCPTransport.java:562)
	at java.rmi/sun.rmi.transport.tcp.TCPTransport$ConnectionHandler.run0(TCPTransport.java:796)
	at java.rmi/sun.rmi.transport.tcp.TCPTransport$ConnectionHandler.lambda$run$0(TCPTransport.java:677)
	at java.base/java.security.AccessController.doPrivileged(Native Method)
	at java.rmi/sun.rmi.transport.tcp.TCPTransport$ConnectionHandler.run(TCPTransport.java:676)
	at java.base/java.util.concurrent.ThreadPoolExecutor.runWorker(ThreadPoolExecutor.java:1128)
	at java.base/java.util.concurrent.ThreadPoolExecutor$Worker.run(ThreadPoolExecutor.java:628)
	at java.base/java.lang.Thread.run(Thread.java:829)
	at java.rmi/sun.rmi.transport.StreamRemoteCall.exceptionReceivedFromServer(StreamRemoteCall.java:303)
	at java.rmi/sun.rmi.transport.StreamRemoteCall.executeCall(StreamRemoteCall.java:279)
	at java.rmi/sun.rmi.server.UnicastRef.invoke(UnicastRef.java:164)
	at java.rmi/java.rmi.server.RemoteObjectInvocationHandler.invokeRemoteMethod(RemoteObjectInvocationHandler.java:217)
	at java.rmi/java.rmi.server.RemoteObjectInvocationHandler.invoke(RemoteObjectInvocationHandler.java:162)
	at com.sun.proxy.$Proxy7.evosuite_collectStatistics(Unknown Source)
	at org.evosuite.rmi.service.ClientNodeImpl.updateStatistics(ClientNodeImpl.java:251)
	at org.evosuite.statistics.StatisticsSender.sendIndividualToMaster(StatisticsSender.java:62)
	at org.evosuite.statistics.StatisticsListener.lambda$new$0(StatisticsListener.java:76)
	at java.base/java.lang.Thread.run(Thread.java:829)
Caused by: java.rmi.UnmarshalException: error unmarshalling arguments; nested exception is: 
	java.lang.ClassNotFoundException: expect to get instruction without BasicBlock already set
	at java.rmi/sun.rmi.server.UnicastServerRef.dispatch(UnicastServerRef.java:350)
	at java.rmi/sun.rmi.transport.Transport$1.run(Transport.java:200)
	at java.rmi/sun.rmi.transport.Transport$1.run(Transport.java:197)
	at java.base/java.security.AccessController.doPrivileged(Native Method)
	at java.rmi/sun.rmi.transport.Transport.serviceCall(Transport.java:196)
	at java.rmi/sun.rmi.transport.tcp.TCPTransport.handleMessages(TCPTransport.java:562)
	at java.rmi/sun.rmi.transport.tcp.TCPTransport$ConnectionHandler.run0(TCPTransport.java:796)
	at java.rmi/sun.rmi.transport.tcp.TCPTransport$ConnectionHandler.lambda$run$0(TCPTransport.java:677)
	at java.base/java.security.AccessController.doPrivileged(Native Method)
	at java.rmi/sun.rmi.transport.tcp.TCPTransport$ConnectionHandler.run(TCPTransport.java:676)
	at java.base/java.util.concurrent.ThreadPoolExecutor.runWorker(ThreadPoolExecutor.java:1128)
	at java.base/java.util.concurrent.ThreadPoolExecutor$Worker.run(ThreadPoolExecutor.java:628)
	... 1 common frames omitted
Caused by: java.lang.ClassNotFoundException: expect to get instruction without BasicBlock already set
	at org.evosuite.instrumentation.InstrumentingClassLoader.instrumentClass(InstrumentingClassLoader.java:158)
	at org.evosuite.instrumentation.InstrumentingClassLoader.loadClass(InstrumentingClassLoader.java:126)
	at org.evosuite.utils.generic.GenericClassImpl.getClass(GenericClassImpl.java:139)
	at org.evosuite.utils.generic.GenericClassImpl.getClass(GenericClassImpl.java:105)
	at org.evosuite.utils.generic.GenericClassImpl.readObject(GenericClassImpl.java:1671)
	at jdk.internal.reflect.GeneratedMethodAccessor9.invoke(Unknown Source)
	at java.base/jdk.internal.reflect.DelegatingMethodAccessorImpl.invoke(DelegatingMethodAccessorImpl.java:43)
	at java.base/java.lang.reflect.Method.invoke(Method.java:566)
	at java.base/java.io.ObjectStreamClass.invokeReadObject(ObjectStreamClass.java:1046)
	at java.base/java.io.ObjectInputStream.readSerialData(ObjectInputStream.java:2357)
	at java.base/java.io.ObjectInputStream.readOrdinaryObject(ObjectInputStream.java:2228)
	at java.base/java.io.ObjectInputStream.readObject0(ObjectInputStream.java:1687)
	at java.base/java.io.ObjectInputStream.defaultReadFields(ObjectInputStream.java:2496)
	at java.base/java.io.ObjectInputStream.readSerialData(ObjectInputStream.java:2390)
	at java.base/java.io.ObjectInputStream.readOrdinaryObject(ObjectInputStream.java:2228)
	at java.base/java.io.ObjectInputStream.readObject0(ObjectInputStream.java:1687)
	at java.base/java.io.ObjectInputStream.defaultReadFields(ObjectInputStream.java:2496)
	at java.base/java.io.ObjectInputStream.readSerialData(ObjectInputStream.java:2390)
	at java.base/java.io.ObjectInputStream.readOrdinaryObject(ObjectInputStream.java:2228)
	at java.base/java.io.ObjectInputStream.readObject0(ObjectInputStream.java:1687)
	at java.base/java.io.ObjectInputStream.readObject(ObjectInputStream.java:489)
	at java.base/java.io.ObjectInputStream.readObject(ObjectInputStream.java:447)
	at java.base/java.util.ArrayList.readObject(ArrayList.java:929)
	at java.base/jdk.internal.reflect.GeneratedMethodAccessor7.invoke(Unknown Source)
	at java.base/jdk.internal.reflect.DelegatingMethodAccessorImpl.invoke(DelegatingMethodAccessorImpl.java:43)
	at java.base/java.lang.reflect.Method.invoke(Method.java:566)
	at java.base/java.io.ObjectStreamClass.invokeReadObject(ObjectStreamClass.java:1046)
	at java.base/java.io.ObjectInputStream.readSerialData(ObjectInputStream.java:2357)
	at java.base/java.io.ObjectInputStream.readOrdinaryObject(ObjectInputStream.java:2228)
	at java.base/java.io.ObjectInputStream.readObject0(ObjectInputStream.java:1687)
	at java.base/java.io.ObjectInputStream.defaultReadFields(ObjectInputStream.java:2496)
	at java.base/java.io.ObjectInputStream.readSerialData(ObjectInputStream.java:2390)
	at java.base/java.io.ObjectInputStream.readOrdinaryObject(ObjectInputStream.java:2228)
	at java.base/java.io.ObjectInputStream.readObject0(ObjectInputStream.java:1687)
	at java.base/java.io.ObjectInputStream.defaultReadFields(ObjectInputStream.java:2496)
	at java.base/java.io.ObjectInputStream.defaultReadObject(ObjectInputStream.java:625)
	at org.evosuite.testcase.DefaultTestCase.readObject(DefaultTestCase.java:1217)
	at jdk.internal.reflect.GeneratedMethodAccessor16.invoke(Unknown Source)
	at java.base/jdk.internal.reflect.DelegatingMethodAccessorImpl.invoke(DelegatingMethodAccessorImpl.java:43)
	at java.base/java.lang.reflect.Method.invoke(Method.java:566)
	at java.base/java.io.ObjectStreamClass.invokeReadObject(ObjectStreamClass.java:1046)
	at java.base/java.io.ObjectInputStream.readSerialData(ObjectInputStream.java:2357)
	at java.base/java.io.ObjectInputStream.readOrdinaryObject(ObjectInputStream.java:2228)
	at java.base/java.io.ObjectInputStream.readObject0(ObjectInputStream.java:1687)
	at java.base/java.io.ObjectInputStream.defaultReadFields(ObjectInputStream.java:2496)
	at java.base/java.io.ObjectInputStream.readSerialData(ObjectInputStream.java:2390)
	at java.base/java.io.ObjectInputStream.readOrdinaryObject(ObjectInputStream.java:2228)
	at java.base/java.io.ObjectInputStream.readObject0(ObjectInputStream.java:1687)
	at java.base/java.io.ObjectInputStream.readObject(ObjectInputStream.java:489)
	at java.base/java.io.ObjectInputStream.readObject(ObjectInputStream.java:447)
	at java.base/java.util.ArrayList.readObject(ArrayList.java:929)
	at java.base/jdk.internal.reflect.GeneratedMethodAccessor7.invoke(Unknown Source)
	at java.base/jdk.internal.reflect.DelegatingMethodAccessorImpl.invoke(DelegatingMethodAccessorImpl.java:43)
	at java.base/java.lang.reflect.Method.invoke(Method.java:566)
	at java.base/java.io.ObjectStreamClass.invokeReadObject(ObjectStreamClass.java:1046)
	at java.base/java.io.ObjectInputStream.readSerialData(ObjectInputStream.java:2357)
	at java.base/java.io.ObjectInputStream.readOrdinaryObject(ObjectInputStream.java:2228)
	at java.base/java.io.ObjectInputStream.readObject0(ObjectInputStream.java:1687)
	at java.base/java.io.ObjectInputStream.defaultReadFields(ObjectInputStream.java:2496)
	at java.base/java.io.ObjectInputStream.readSerialData(ObjectInputStream.java:2390)
	at java.base/java.io.ObjectInputStream.readOrdinaryObject(ObjectInputStream.java:2228)
	at java.base/java.io.ObjectInputStream.readObject0(ObjectInputStream.java:1687)
	at java.base/java.io.ObjectInputStream.readObject(ObjectInputStream.java:489)
	at java.base/java.io.ObjectInputStream.readObject(ObjectInputStream.java:447)
	at java.rmi/sun.rmi.server.UnicastRef.unmarshalValue(UnicastRef.java:327)
	at java.rmi/sun.rmi.server.UnicastServerRef.dispatch(UnicastServerRef.java:339)
	... 12 common frames omitted
Caused by: java.lang.IllegalArgumentException: expect to get instruction without BasicBlock already set
	at org.evosuite.graphs.cfg.BasicBlock.appendInstruction(BasicBlock.java:225)
	at org.evosuite.graphs.cfg.BasicBlock.setInstructions(BasicBlock.java:206)
	at org.evosuite.graphs.cfg.BasicBlock.<init>(BasicBlock.java:106)
	at org.evosuite.graphs.cfg.RawControlFlowGraph.determineBasicBlockFor(RawControlFlowGraph.java:314)
	at org.evosuite.graphs.cfg.ActualControlFlowGraph.computeNodes(ActualControlFlowGraph.java:295)
	at org.evosuite.graphs.cfg.ActualControlFlowGraph.computeGraph(ActualControlFlowGraph.java:262)
	at org.evosuite.graphs.cfg.ActualControlFlowGraph.<init>(ActualControlFlowGraph.java:97)
	at org.evosuite.graphs.cfg.CFGGenerator.computeActualCFG(CFGGenerator.java:218)
	at org.evosuite.graphs.cfg.CFGGenerator.registerCFGs(CFGGenerator.java:102)
	at org.evosuite.graphs.cfg.CFGMethodAdapter.visitEnd(CFGMethodAdapter.java:219)
	at org.evosuite.shaded.org.objectweb.asm.MethodVisitor.visitEnd(MethodVisitor.java:783)
	at org.evosuite.shaded.org.objectweb.asm.MethodVisitor.visitEnd(MethodVisitor.java:783)
	at org.evosuite.shaded.org.objectweb.asm.MethodVisitor.visitEnd(MethodVisitor.java:783)
	at org.evosuite.shaded.org.objectweb.asm.tree.MethodNode.accept(MethodNode.java:772)
	at org.evosuite.shaded.org.objectweb.asm.tree.MethodNode.accept(MethodNode.java:649)
	at org.evosuite.shaded.org.objectweb.asm.tree.ClassNode.accept(ClassNode.java:452)
	at org.evosuite.instrumentation.BytecodeInstrumentation.transformBytes(BytecodeInstrumentation.java:282)
	at org.evosuite.instrumentation.InstrumentingClassLoader.getTransformedBytes(InstrumentingClassLoader.java:135)
	at org.evosuite.instrumentation.InstrumentingClassLoader.instrumentClass(InstrumentingClassLoader.java:149)
	... 77 common frames omitted
[MASTER] 20:19:55.086 [logback-1] WARN  ClientNodeImpl - Cannot send statistics to master; continuing without statistics
java.rmi.ServerException: RemoteException occurred in server thread; nested exception is: 
	java.rmi.UnmarshalException: error unmarshalling arguments; nested exception is: 
	java.lang.ClassNotFoundException: expect to get instruction without BasicBlock already set
	at java.rmi/sun.rmi.server.UnicastServerRef.dispatch(UnicastServerRef.java:391)
	at java.rmi/sun.rmi.transport.Transport$1.run(Transport.java:200)
	at java.rmi/sun.rmi.transport.Transport$1.run(Transport.java:197)
	at java.base/java.security.AccessController.doPrivileged(Native Method)
	at java.rmi/sun.rmi.transport.Transport.serviceCall(Transport.java:196)
	at java.rmi/sun.rmi.transport.tcp.TCPTransport.handleMessages(TCPTransport.java:562)
	at java.rmi/sun.rmi.transport.tcp.TCPTransport$ConnectionHandler.run0(TCPTransport.java:796)
	at java.rmi/sun.rmi.transport.tcp.TCPTransport$ConnectionHandler.lambda$run$0(TCPTransport.java:677)
	at java.base/java.security.AccessController.doPrivileged(Native Method)
	at java.rmi/sun.rmi.transport.tcp.TCPTransport$ConnectionHandler.run(TCPTransport.java:676)
	at java.base/java.util.concurrent.ThreadPoolExecutor.runWorker(ThreadPoolExecutor.java:1128)
	at java.base/java.util.concurrent.ThreadPoolExecutor$Worker.run(ThreadPoolExecutor.java:628)
	at java.base/java.lang.Thread.run(Thread.java:829)
	at java.rmi/sun.rmi.transport.StreamRemoteCall.exceptionReceivedFromServer(StreamRemoteCall.java:303)
	at java.rmi/sun.rmi.transport.StreamRemoteCall.executeCall(StreamRemoteCall.java:279)
	at java.rmi/sun.rmi.server.UnicastRef.invoke(UnicastRef.java:164)
	at java.rmi/java.rmi.server.RemoteObjectInvocationHandler.invokeRemoteMethod(RemoteObjectInvocationHandler.java:217)
	at java.rmi/java.rmi.server.RemoteObjectInvocationHandler.invoke(RemoteObjectInvocationHandler.java:162)
	at com.sun.proxy.$Proxy7.evosuite_collectStatistics(Unknown Source)
	at org.evosuite.rmi.service.ClientNodeImpl.updateStatistics(ClientNodeImpl.java:251)
	at org.evosuite.statistics.StatisticsSender.sendIndividualToMaster(StatisticsSender.java:62)
	at org.evosuite.statistics.StatisticsSender.executedAndThenSendIndividualToMaster(StatisticsSender.java:91)
	at org.evosuite.TestSuiteGenerator.generateTests(TestSuiteGenerator.java:636)
	at org.evosuite.TestSuiteGenerator.generateTestSuite(TestSuiteGenerator.java:208)
	at org.evosuite.rmi.service.ClientNodeImpl.lambda$startNewSearch$0(ClientNodeImpl.java:140)
	at java.base/java.util.concurrent.Executors$RunnableAdapter.call(Executors.java:515)
	at java.base/java.util.concurrent.FutureTask.run(FutureTask.java:264)
	at java.base/java.util.concurrent.ThreadPoolExecutor.runWorker(ThreadPoolExecutor.java:1128)
	at java.base/java.util.concurrent.ThreadPoolExecutor$Worker.run(ThreadPoolExecutor.java:628)
	at java.base/java.lang.Thread.run(Thread.java:829)
Caused by: java.rmi.UnmarshalException: error unmarshalling arguments; nested exception is: 
	java.lang.ClassNotFoundException: expect to get instruction without BasicBlock already set
	at java.rmi/sun.rmi.server.UnicastServerRef.dispatch(UnicastServerRef.java:350)
	at java.rmi/sun.rmi.transport.Transport$1.run(Transport.java:200)
	at java.rmi/sun.rmi.transport.Transport$1.run(Transport.java:197)
	at java.base/java.security.AccessController.doPrivileged(Native Method)
	at java.rmi/sun.rmi.transport.Transport.serviceCall(Transport.java:196)
	at java.rmi/sun.rmi.transport.tcp.TCPTransport.handleMessages(TCPTransport.java:562)
	at java.rmi/sun.rmi.transport.tcp.TCPTransport$ConnectionHandler.run0(TCPTransport.java:796)
	at java.rmi/sun.rmi.transport.tcp.TCPTransport$ConnectionHandler.lambda$run$0(TCPTransport.java:677)
	at java.base/java.security.AccessController.doPrivileged(Native Method)
	at java.rmi/sun.rmi.transport.tcp.TCPTransport$ConnectionHandler.run(TCPTransport.java:676)
	... 3 common frames omitted
Caused by: java.lang.ClassNotFoundException: expect to get instruction without BasicBlock already set
	at org.evosuite.instrumentation.InstrumentingClassLoader.instrumentClass(InstrumentingClassLoader.java:158)
	at org.evosuite.instrumentation.InstrumentingClassLoader.loadClass(InstrumentingClassLoader.java:126)
	at org.evosuite.utils.generic.GenericClassImpl.getClass(GenericClassImpl.java:139)
	at org.evosuite.utils.generic.GenericClassImpl.getClass(GenericClassImpl.java:105)
	at org.evosuite.utils.generic.GenericClassImpl.readObject(GenericClassImpl.java:1671)
	at jdk.internal.reflect.GeneratedMethodAccessor9.invoke(Unknown Source)
	at java.base/jdk.internal.reflect.DelegatingMethodAccessorImpl.invoke(DelegatingMethodAccessorImpl.java:43)
	at java.base/java.lang.reflect.Method.invoke(Method.java:566)
	at java.base/java.io.ObjectStreamClass.invokeReadObject(ObjectStreamClass.java:1046)
	at java.base/java.io.ObjectInputStream.readSerialData(ObjectInputStream.java:2357)
	at java.base/java.io.ObjectInputStream.readOrdinaryObject(ObjectInputStream.java:2228)
	at java.base/java.io.ObjectInputStream.readObject0(ObjectInputStream.java:1687)
	at java.base/java.io.ObjectInputStream.defaultReadFields(ObjectInputStream.java:2496)
	at java.base/java.io.ObjectInputStream.readSerialData(ObjectInputStream.java:2390)
	at java.base/java.io.ObjectInputStream.readOrdinaryObject(ObjectInputStream.java:2228)
	at java.base/java.io.ObjectInputStream.readObject0(ObjectInputStream.java:1687)
	at java.base/java.io.ObjectInputStream.defaultReadFields(ObjectInputStream.java:2496)
	at java.base/java.io.ObjectInputStream.readSerialData(ObjectInputStream.java:2390)
	at java.base/java.io.ObjectInputStream.readOrdinaryObject(ObjectInputStream.java:2228)
	at java.base/java.io.ObjectInputStream.readObject0(ObjectInputStream.java:1687)
	at java.base/java.io.ObjectInputStream.readObject(ObjectInputStream.java:489)
	at java.base/java.io.ObjectInputStream.readObject(ObjectInputStream.java:447)
	at java.base/java.util.ArrayList.readObject(ArrayList.java:929)
	at java.base/jdk.internal.reflect.GeneratedMethodAccessor7.invoke(Unknown Source)
	at java.base/jdk.internal.reflect.DelegatingMethodAccessorImpl.invoke(DelegatingMethodAccessorImpl.java:43)
	at java.base/java.lang.reflect.Method.invoke(Method.java:566)
	at java.base/java.io.ObjectStreamClass.invokeReadObject(ObjectStreamClass.java:1046)
	at java.base/java.io.ObjectInputStream.readSerialData(ObjectInputStream.java:2357)
	at java.base/java.io.ObjectInputStream.readOrdinaryObject(ObjectInputStream.java:2228)
	at java.base/java.io.ObjectInputStream.readObject0(ObjectInputStream.java:1687)
	at java.base/java.io.ObjectInputStream.defaultReadFields(ObjectInputStream.java:2496)
	at java.base/java.io.ObjectInputStream.readSerialData(ObjectInputStream.java:2390)
	at java.base/java.io.ObjectInputStream.readOrdinaryObject(ObjectInputStream.java:2228)
	at java.base/java.io.ObjectInputStream.readObject0(ObjectInputStream.java:1687)
	at java.base/java.io.ObjectInputStream.defaultReadFields(ObjectInputStream.java:2496)
	at java.base/java.io.ObjectInputStream.defaultReadObject(ObjectInputStream.java:625)
	at org.evosuite.testcase.DefaultTestCase.readObject(DefaultTestCase.java:1217)
	at jdk.internal.reflect.GeneratedMethodAccessor16.invoke(Unknown Source)
	at java.base/jdk.internal.reflect.DelegatingMethodAccessorImpl.invoke(DelegatingMethodAccessorImpl.java:43)
	at java.base/java.lang.reflect.Method.invoke(Method.java:566)
	at java.base/java.io.ObjectStreamClass.invokeReadObject(ObjectStreamClass.java:1046)
	at java.base/java.io.ObjectInputStream.readSerialData(ObjectInputStream.java:2357)
	at java.base/java.io.ObjectInputStream.readOrdinaryObject(ObjectInputStream.java:2228)
	at java.base/java.io.ObjectInputStream.readObject0(ObjectInputStream.java:1687)
	at java.base/java.io.ObjectInputStream.defaultReadFields(ObjectInputStream.java:2496)
	at java.base/java.io.ObjectInputStream.readSerialData(ObjectInputStream.java:2390)
	at java.base/java.io.ObjectInputStream.readOrdinaryObject(ObjectInputStream.java:2228)
	at java.base/java.io.ObjectInputStream.readObject0(ObjectInputStream.java:1687)
	at java.base/java.io.ObjectInputStream.readObject(ObjectInputStream.java:489)
	at java.base/java.io.ObjectInputStream.readObject(ObjectInputStream.java:447)
	at java.base/java.util.ArrayList.readObject(ArrayList.java:929)
	at java.base/jdk.internal.reflect.GeneratedMethodAccessor7.invoke(Unknown Source)
	at java.base/jdk.internal.reflect.DelegatingMethodAccessorImpl.invoke(DelegatingMethodAccessorImpl.java:43)
	at java.base/java.lang.reflect.Method.invoke(Method.java:566)
	at java.base/java.io.ObjectStreamClass.invokeReadObject(ObjectStreamClass.java:1046)
	at java.base/java.io.ObjectInputStream.readSerialData(ObjectInputStream.java:2357)
	at java.base/java.io.ObjectInputStream.readOrdinaryObject(ObjectInputStream.java:2228)
	at java.base/java.io.ObjectInputStream.readObject0(ObjectInputStream.java:1687)
	at java.base/java.io.ObjectInputStream.defaultReadFields(ObjectInputStream.java:2496)
	at java.base/java.io.ObjectInputStream.readSerialData(ObjectInputStream.java:2390)
	at java.base/java.io.ObjectInputStream.readOrdinaryObject(ObjectInputStream.java:2228)
	at java.base/java.io.ObjectInputStream.readObject0(ObjectInputStream.java:1687)
	at java.base/java.io.ObjectInputStream.readObject(ObjectInputStream.java:489)
	at java.base/java.io.ObjectInputStream.readObject(ObjectInputStream.java:447)
	at java.rmi/sun.rmi.server.UnicastRef.unmarshalValue(UnicastRef.java:327)
	at java.rmi/sun.rmi.server.UnicastServerRef.dispatch(UnicastServerRef.java:339)
	... 12 common frames omitted
Caused by: java.lang.IllegalArgumentException: expect to get instruction without BasicBlock already set
	at org.evosuite.graphs.cfg.BasicBlock.appendInstruction(BasicBlock.java:225)
	at org.evosuite.graphs.cfg.BasicBlock.setInstructions(BasicBlock.java:206)
	at org.evosuite.graphs.cfg.BasicBlock.<init>(BasicBlock.java:106)
	at org.evosuite.graphs.cfg.RawControlFlowGraph.determineBasicBlockFor(RawControlFlowGraph.java:314)
	at org.evosuite.graphs.cfg.ActualControlFlowGraph.computeNodes(ActualControlFlowGraph.java:295)
	at org.evosuite.graphs.cfg.ActualControlFlowGraph.computeGraph(ActualControlFlowGraph.java:262)
	at org.evosuite.graphs.cfg.ActualControlFlowGraph.<init>(ActualControlFlowGraph.java:97)
	at org.evosuite.graphs.cfg.CFGGenerator.computeActualCFG(CFGGenerator.java:218)
	at org.evosuite.graphs.cfg.CFGGenerator.registerCFGs(CFGGenerator.java:102)
	at org.evosuite.graphs.cfg.CFGMethodAdapter.visitEnd(CFGMethodAdapter.java:219)
	at org.evosuite.shaded.org.objectweb.asm.MethodVisitor.visitEnd(MethodVisitor.java:783)
	at org.evosuite.shaded.org.objectweb.asm.MethodVisitor.visitEnd(MethodVisitor.java:783)
	at org.evosuite.shaded.org.objectweb.asm.MethodVisitor.visitEnd(MethodVisitor.java:783)
	at org.evosuite.shaded.org.objectweb.asm.tree.MethodNode.accept(MethodNode.java:772)
	at org.evosuite.shaded.org.objectweb.asm.tree.MethodNode.accept(MethodNode.java:649)
	at org.evosuite.shaded.org.objectweb.asm.tree.ClassNode.accept(ClassNode.java:452)
	at org.evosuite.instrumentation.BytecodeInstrumentation.transformBytes(BytecodeInstrumentation.java:282)
	at org.evosuite.instrumentation.InstrumentingClassLoader.getTransformedBytes(InstrumentingClassLoader.java:135)
	at org.evosuite.instrumentation.InstrumentingClassLoader.instrumentClass(InstrumentingClassLoader.java:149)
	... 77 common frames omitted
[MASTER] 20:19:55.101 [logback-1] WARN  TimeController - Phase SEARCH lasted too long, 59 seconds more than allowed.
* Minimizing test suite
* Going to analyze the coverage criteria
* Coverage analysis for criterion LINE
* Coverage of criterion LINE: 96%
* Total number of goals: 251
* Number of covered goals: 242
* Coverage analysis for criterion BRANCH
* Coverage of criterion BRANCH: 90%
* Total number of goals: 164
* Number of covered goals: 147
* Coverage analysis for criterion EXCEPTION
* Coverage of criterion EXCEPTION: 100%
* Total number of goals: 18
* Number of covered goals: 18
* Coverage analysis for criterion WEAKMUTATION
* Coverage of criterion WEAKMUTATION: 92%
* Total number of goals: 312
* Number of covered goals: 287
* Coverage analysis for criterion OUTPUT
* Coverage of criterion OUTPUT: 79%
* Total number of goals: 68
* Number of covered goals: 54
* Coverage analysis for criterion METHOD
* Coverage of criterion METHOD: 100%
* Total number of goals: 49
* Number of covered goals: 49
* Coverage analysis for criterion METHODNOEXCEPTION
* Coverage of criterion METHODNOEXCEPTION: 98%
* Total number of goals: 49
* Number of covered goals: 48
* Coverage analysis for criterion CBRANCH
* Coverage of criterion CBRANCH: 89%
* Total number of goals: 164
* Number of covered goals: 146
* Generated 93 tests with total length 313
* Resulting test suite's coverage: 91% (average coverage for all fitness functions)
[MASTER] 20:20:17.038 [logback-1] WARN  ClientNodeImpl - Cannot send statistics to master; continuing without statistics
java.rmi.ServerException: RemoteException occurred in server thread; nested exception is: 
	java.rmi.UnmarshalException: error unmarshalling arguments; nested exception is: 
	java.lang.ClassNotFoundException: expect to get instruction without BasicBlock already set
	at java.rmi/sun.rmi.server.UnicastServerRef.dispatch(UnicastServerRef.java:391)
	at java.rmi/sun.rmi.transport.Transport$1.run(Transport.java:200)
	at java.rmi/sun.rmi.transport.Transport$1.run(Transport.java:197)
	at java.base/java.security.AccessController.doPrivileged(Native Method)
	at java.rmi/sun.rmi.transport.Transport.serviceCall(Transport.java:196)
	at java.rmi/sun.rmi.transport.tcp.TCPTransport.handleMessages(TCPTransport.java:562)
	at java.rmi/sun.rmi.transport.tcp.TCPTransport$ConnectionHandler.run0(TCPTransport.java:796)
	at java.rmi/sun.rmi.transport.tcp.TCPTransport$ConnectionHandler.lambda$run$0(TCPTransport.java:677)
	at java.base/java.security.AccessController.doPrivileged(Native Method)
	at java.rmi/sun.rmi.transport.tcp.TCPTransport$ConnectionHandler.run(TCPTransport.java:676)
	at java.base/java.util.concurrent.ThreadPoolExecutor.runWorker(ThreadPoolExecutor.java:1128)
	at java.base/java.util.concurrent.ThreadPoolExecutor$Worker.run(ThreadPoolExecutor.java:628)
	at java.base/java.lang.Thread.run(Thread.java:829)
	at java.rmi/sun.rmi.transport.StreamRemoteCall.exceptionReceivedFromServer(StreamRemoteCall.java:303)
	at java.rmi/sun.rmi.transport.StreamRemoteCall.executeCall(StreamRemoteCall.java:279)
	at java.rmi/sun.rmi.server.UnicastRef.invoke(UnicastRef.java:164)
	at java.rmi/java.rmi.server.RemoteObjectInvocationHandler.invokeRemoteMethod(RemoteObjectInvocationHandler.java:217)
	at java.rmi/java.rmi.server.RemoteObjectInvocationHandler.invoke(RemoteObjectInvocationHandler.java:162)
	at com.sun.proxy.$Proxy7.evosuite_collectStatistics(Unknown Source)
	at org.evosuite.rmi.service.ClientNodeImpl.updateStatistics(ClientNodeImpl.java:251)
	at org.evosuite.statistics.StatisticsSender.sendIndividualToMaster(StatisticsSender.java:62)
	at org.evosuite.statistics.StatisticsSender.executedAndThenSendIndividualToMaster(StatisticsSender.java:91)
	at org.evosuite.TestSuiteGenerator.postProcessTests(TestSuiteGenerator.java:445)
	at org.evosuite.TestSuiteGenerator.generateTestSuite(TestSuiteGenerator.java:218)
	at org.evosuite.rmi.service.ClientNodeImpl.lambda$startNewSearch$0(ClientNodeImpl.java:140)
	at java.base/java.util.concurrent.Executors$RunnableAdapter.call(Executors.java:515)
	at java.base/java.util.concurrent.FutureTask.run(FutureTask.java:264)
	at java.base/java.util.concurrent.ThreadPoolExecutor.runWorker(ThreadPoolExecutor.java:1128)
	at java.base/java.util.concurrent.ThreadPoolExecutor$Worker.run(ThreadPoolExecutor.java:628)
	at java.base/java.lang.Thread.run(Thread.java:829)
Caused by: java.rmi.UnmarshalException: error unmarshalling arguments; nested exception is: 
	java.lang.ClassNotFoundException: expect to get instruction without BasicBlock already set
	at java.rmi/sun.rmi.server.UnicastServerRef.dispatch(UnicastServerRef.java:350)
	at java.rmi/sun.rmi.transport.Transport$1.run(Transport.java:200)
	at java.rmi/sun.rmi.transport.Transport$1.run(Transport.java:197)
	at java.base/java.security.AccessController.doPrivileged(Native Method)
	at java.rmi/sun.rmi.transport.Transport.serviceCall(Transport.java:196)
	at java.rmi/sun.rmi.transport.tcp.TCPTransport.handleMessages(TCPTransport.java:562)
	at java.rmi/sun.rmi.transport.tcp.TCPTransport$ConnectionHandler.run0(TCPTransport.java:796)
	at java.rmi/sun.rmi.transport.tcp.TCPTransport$ConnectionHandler.lambda$run$0(TCPTransport.java:677)
	at java.base/java.security.AccessController.doPrivileged(Native Method)
	at java.rmi/sun.rmi.transport.tcp.TCPTransport$ConnectionHandler.run(TCPTransport.java:676)
	... 3 common frames omitted
Caused by: java.lang.ClassNotFoundException: expect to get instruction without BasicBlock already set
	at org.evosuite.instrumentation.InstrumentingClassLoader.instrumentClass(InstrumentingClassLoader.java:158)
	at org.evosuite.instrumentation.InstrumentingClassLoader.loadClass(InstrumentingClassLoader.java:126)
	at org.evosuite.utils.generic.GenericClassImpl.getClass(GenericClassImpl.java:139)
	at org.evosuite.utils.generic.GenericClassImpl.getClass(GenericClassImpl.java:105)
	at org.evosuite.utils.generic.GenericClassImpl.readObject(GenericClassImpl.java:1671)
	at jdk.internal.reflect.GeneratedMethodAccessor9.invoke(Unknown Source)
	at java.base/jdk.internal.reflect.DelegatingMethodAccessorImpl.invoke(DelegatingMethodAccessorImpl.java:43)
	at java.base/java.lang.reflect.Method.invoke(Method.java:566)
	at java.base/java.io.ObjectStreamClass.invokeReadObject(ObjectStreamClass.java:1046)
	at java.base/java.io.ObjectInputStream.readSerialData(ObjectInputStream.java:2357)
	at java.base/java.io.ObjectInputStream.readOrdinaryObject(ObjectInputStream.java:2228)
	at java.base/java.io.ObjectInputStream.readObject0(ObjectInputStream.java:1687)
	at java.base/java.io.ObjectInputStream.defaultReadFields(ObjectInputStream.java:2496)
	at java.base/java.io.ObjectInputStream.readSerialData(ObjectInputStream.java:2390)
	at java.base/java.io.ObjectInputStream.readOrdinaryObject(ObjectInputStream.java:2228)
	at java.base/java.io.ObjectInputStream.readObject0(ObjectInputStream.java:1687)
	at java.base/java.io.ObjectInputStream.defaultReadFields(ObjectInputStream.java:2496)
	at java.base/java.io.ObjectInputStream.readSerialData(ObjectInputStream.java:2390)
	at java.base/java.io.ObjectInputStream.readOrdinaryObject(ObjectInputStream.java:2228)
	at java.base/java.io.ObjectInputStream.readObject0(ObjectInputStream.java:1687)
	at java.base/java.io.ObjectInputStream.readObject(ObjectInputStream.java:489)
	at java.base/java.io.ObjectInputStream.readObject(ObjectInputStream.java:447)
	at java.base/java.util.ArrayList.readObject(ArrayList.java:929)
	at java.base/jdk.internal.reflect.GeneratedMethodAccessor7.invoke(Unknown Source)
	at java.base/jdk.internal.reflect.DelegatingMethodAccessorImpl.invoke(DelegatingMethodAccessorImpl.java:43)
	at java.base/java.lang.reflect.Method.invoke(Method.java:566)
	at java.base/java.io.ObjectStreamClass.invokeReadObject(ObjectStreamClass.java:1046)
	at java.base/java.io.ObjectInputStream.readSerialData(ObjectInputStream.java:2357)
	at java.base/java.io.ObjectInputStream.readOrdinaryObject(ObjectInputStream.java:2228)
	at java.base/java.io.ObjectInputStream.readObject0(ObjectInputStream.java:1687)
	at java.base/java.io.ObjectInputStream.defaultReadFields(ObjectInputStream.java:2496)
	at java.base/java.io.ObjectInputStream.readSerialData(ObjectInputStream.java:2390)
	at java.base/java.io.ObjectInputStream.readOrdinaryObject(ObjectInputStream.java:2228)
	at java.base/java.io.ObjectInputStream.readObject0(ObjectInputStream.java:1687)
	at java.base/java.io.ObjectInputStream.defaultReadFields(ObjectInputStream.java:2496)
	at java.base/java.io.ObjectInputStream.defaultReadObject(ObjectInputStream.java:625)
	at org.evosuite.testcase.DefaultTestCase.readObject(DefaultTestCase.java:1217)
	at jdk.internal.reflect.GeneratedMethodAccessor16.invoke(Unknown Source)
	at java.base/jdk.internal.reflect.DelegatingMethodAccessorImpl.invoke(DelegatingMethodAccessorImpl.java:43)
	at java.base/java.lang.reflect.Method.invoke(Method.java:566)
	at java.base/java.io.ObjectStreamClass.invokeReadObject(ObjectStreamClass.java:1046)
	at java.base/java.io.ObjectInputStream.readSerialData(ObjectInputStream.java:2357)
	at java.base/java.io.ObjectInputStream.readOrdinaryObject(ObjectInputStream.java:2228)
	at java.base/java.io.ObjectInputStream.readObject0(ObjectInputStream.java:1687)
	at java.base/java.io.ObjectInputStream.defaultReadFields(ObjectInputStream.java:2496)
	at java.base/java.io.ObjectInputStream.readSerialData(ObjectInputStream.java:2390)
	at java.base/java.io.ObjectInputStream.readOrdinaryObject(ObjectInputStream.java:2228)
	at java.base/java.io.ObjectInputStream.readObject0(ObjectInputStream.java:1687)
	at java.base/java.io.ObjectInputStream.readObject(ObjectInputStream.java:489)
	at java.base/java.io.ObjectInputStream.readObject(ObjectInputStream.java:447)
	at java.base/java.util.ArrayList.readObject(ArrayList.java:929)
	at java.base/jdk.internal.reflect.GeneratedMethodAccessor7.invoke(Unknown Source)
	at java.base/jdk.internal.reflect.DelegatingMethodAccessorImpl.invoke(DelegatingMethodAccessorImpl.java:43)
	at java.base/java.lang.reflect.Method.invoke(Method.java:566)
	at java.base/java.io.ObjectStreamClass.invokeReadObject(ObjectStreamClass.java:1046)
	at java.base/java.io.ObjectInputStream.readSerialData(ObjectInputStream.java:2357)
	at java.base/java.io.ObjectInputStream.readOrdinaryObject(ObjectInputStream.java:2228)
	at java.base/java.io.ObjectInputStream.readObject0(ObjectInputStream.java:1687)
	at java.base/java.io.ObjectInputStream.defaultReadFields(ObjectInputStream.java:2496)
	at java.base/java.io.ObjectInputStream.readSerialData(ObjectInputStream.java:2390)
	at java.base/java.io.ObjectInputStream.readOrdinaryObject(ObjectInputStream.java:2228)
	at java.base/java.io.ObjectInputStream.readObject0(ObjectInputStream.java:1687)
	at java.base/java.io.ObjectInputStream.readObject(ObjectInputStream.java:489)
	at java.base/java.io.ObjectInputStream.readObject(ObjectInputStream.java:447)
	at java.rmi/sun.rmi.server.UnicastRef.unmarshalValue(UnicastRef.java:327)
	at java.rmi/sun.rmi.server.UnicastServerRef.dispatch(UnicastServerRef.java:339)
	... 12 common frames omitted
Caused by: java.lang.IllegalArgumentException: expect to get instruction without BasicBlock already set
	at org.evosuite.graphs.cfg.BasicBlock.appendInstruction(BasicBlock.java:225)
	at org.evosuite.graphs.cfg.BasicBlock.setInstructions(BasicBlock.java:206)
	at org.evosuite.graphs.cfg.BasicBlock.<init>(BasicBlock.java:106)
	at org.evosuite.graphs.cfg.RawControlFlowGraph.determineBasicBlockFor(RawControlFlowGraph.java:314)
	at org.evosuite.graphs.cfg.ActualControlFlowGraph.computeNodes(ActualControlFlowGraph.java:295)
	at org.evosuite.graphs.cfg.ActualControlFlowGraph.computeGraph(ActualControlFlowGraph.java:262)
	at org.evosuite.graphs.cfg.ActualControlFlowGraph.<init>(ActualControlFlowGraph.java:97)
	at org.evosuite.graphs.cfg.CFGGenerator.computeActualCFG(CFGGenerator.java:218)
	at org.evosuite.graphs.cfg.CFGGenerator.registerCFGs(CFGGenerator.java:102)
	at org.evosuite.graphs.cfg.CFGMethodAdapter.visitEnd(CFGMethodAdapter.java:219)
	at org.evosuite.shaded.org.objectweb.asm.MethodVisitor.visitEnd(MethodVisitor.java:783)
	at org.evosuite.shaded.org.objectweb.asm.MethodVisitor.visitEnd(MethodVisitor.java:783)
	at org.evosuite.shaded.org.objectweb.asm.MethodVisitor.visitEnd(MethodVisitor.java:783)
	at org.evosuite.shaded.org.objectweb.asm.tree.MethodNode.accept(MethodNode.java:772)
	at org.evosuite.shaded.org.objectweb.asm.tree.MethodNode.accept(MethodNode.java:649)
	at org.evosuite.shaded.org.objectweb.asm.tree.ClassNode.accept(ClassNode.java:452)
	at org.evosuite.instrumentation.BytecodeInstrumentation.transformBytes(BytecodeInstrumentation.java:282)
	at org.evosuite.instrumentation.InstrumentingClassLoader.getTransformedBytes(InstrumentingClassLoader.java:135)
	at org.evosuite.instrumentation.InstrumentingClassLoader.instrumentClass(InstrumentingClassLoader.java:149)
	... 77 common frames omitted
* Generating assertions
* Resulting test suite's mutation score: 69%
* Compiling and checking tests
[MASTER] 20:20:46.447 [logback-1] WARN  ClientNodeImpl - Cannot send statistics to master; continuing without statistics
java.rmi.ServerException: RemoteException occurred in server thread; nested exception is: 
	java.rmi.UnmarshalException: error unmarshalling arguments; nested exception is: 
	java.lang.ClassNotFoundException: expect to get instruction without BasicBlock already set
	at java.rmi/sun.rmi.server.UnicastServerRef.dispatch(UnicastServerRef.java:391)
	at java.rmi/sun.rmi.transport.Transport$1.run(Transport.java:200)
	at java.rmi/sun.rmi.transport.Transport$1.run(Transport.java:197)
	at java.base/java.security.AccessController.doPrivileged(Native Method)
	at java.rmi/sun.rmi.transport.Transport.serviceCall(Transport.java:196)
	at java.rmi/sun.rmi.transport.tcp.TCPTransport.handleMessages(TCPTransport.java:562)
	at java.rmi/sun.rmi.transport.tcp.TCPTransport$ConnectionHandler.run0(TCPTransport.java:796)
	at java.rmi/sun.rmi.transport.tcp.TCPTransport$ConnectionHandler.lambda$run$0(TCPTransport.java:677)
	at java.base/java.security.AccessController.doPrivileged(Native Method)
	at java.rmi/sun.rmi.transport.tcp.TCPTransport$ConnectionHandler.run(TCPTransport.java:676)
	at java.base/java.util.concurrent.ThreadPoolExecutor.runWorker(ThreadPoolExecutor.java:1128)
	at java.base/java.util.concurrent.ThreadPoolExecutor$Worker.run(ThreadPoolExecutor.java:628)
	at java.base/java.lang.Thread.run(Thread.java:829)
	at java.rmi/sun.rmi.transport.StreamRemoteCall.exceptionReceivedFromServer(StreamRemoteCall.java:303)
	at java.rmi/sun.rmi.transport.StreamRemoteCall.executeCall(StreamRemoteCall.java:279)
	at java.rmi/sun.rmi.server.UnicastRef.invoke(UnicastRef.java:164)
	at java.rmi/java.rmi.server.RemoteObjectInvocationHandler.invokeRemoteMethod(RemoteObjectInvocationHandler.java:217)
	at java.rmi/java.rmi.server.RemoteObjectInvocationHandler.invoke(RemoteObjectInvocationHandler.java:162)
	at com.sun.proxy.$Proxy7.evosuite_collectStatistics(Unknown Source)
	at org.evosuite.rmi.service.ClientNodeImpl.updateStatistics(ClientNodeImpl.java:251)
	at org.evosuite.statistics.StatisticsSender.sendIndividualToMaster(StatisticsSender.java:62)
	at org.evosuite.TestSuiteGenerator.postProcessTests(TestSuiteGenerator.java:502)
	at org.evosuite.TestSuiteGenerator.generateTestSuite(TestSuiteGenerator.java:218)
	at org.evosuite.rmi.service.ClientNodeImpl.lambda$startNewSearch$0(ClientNodeImpl.java:140)
	at java.base/java.util.concurrent.Executors$RunnableAdapter.call(Executors.java:515)
	at java.base/java.util.concurrent.FutureTask.run(FutureTask.java:264)
	at java.base/java.util.concurrent.ThreadPoolExecutor.runWorker(ThreadPoolExecutor.java:1128)
	at java.base/java.util.concurrent.ThreadPoolExecutor$Worker.run(ThreadPoolExecutor.java:628)
	at java.base/java.lang.Thread.run(Thread.java:829)
Caused by: java.rmi.UnmarshalException: error unmarshalling arguments; nested exception is: 
	java.lang.ClassNotFoundException: expect to get instruction without BasicBlock already set
	at java.rmi/sun.rmi.server.UnicastServerRef.dispatch(UnicastServerRef.java:350)
	at java.rmi/sun.rmi.transport.Transport$1.run(Transport.java:200)
	at java.rmi/sun.rmi.transport.Transport$1.run(Transport.java:197)
	at java.base/java.security.AccessController.doPrivileged(Native Method)
	at java.rmi/sun.rmi.transport.Transport.serviceCall(Transport.java:196)
	at java.rmi/sun.rmi.transport.tcp.TCPTransport.handleMessages(TCPTransport.java:562)
	at java.rmi/sun.rmi.transport.tcp.TCPTransport$ConnectionHandler.run0(TCPTransport.java:796)
	at java.rmi/sun.rmi.transport.tcp.TCPTransport$ConnectionHandler.lambda$run$0(TCPTransport.java:677)
	at java.base/java.security.AccessController.doPrivileged(Native Method)
	at java.rmi/sun.rmi.transport.tcp.TCPTransport$ConnectionHandler.run(TCPTransport.java:676)
	... 3 common frames omitted
Caused by: java.lang.ClassNotFoundException: expect to get instruction without BasicBlock already set
	at org.evosuite.instrumentation.InstrumentingClassLoader.instrumentClass(InstrumentingClassLoader.java:158)
	at org.evosuite.instrumentation.InstrumentingClassLoader.loadClass(InstrumentingClassLoader.java:126)
	at org.evosuite.utils.generic.GenericClassImpl.getClass(GenericClassImpl.java:139)
	at org.evosuite.utils.generic.GenericClassImpl.getClass(GenericClassImpl.java:105)
	at org.evosuite.utils.generic.GenericClassImpl.readObject(GenericClassImpl.java:1671)
	at jdk.internal.reflect.GeneratedMethodAccessor9.invoke(Unknown Source)
	at java.base/jdk.internal.reflect.DelegatingMethodAccessorImpl.invoke(DelegatingMethodAccessorImpl.java:43)
	at java.base/java.lang.reflect.Method.invoke(Method.java:566)
	at java.base/java.io.ObjectStreamClass.invokeReadObject(ObjectStreamClass.java:1046)
	at java.base/java.io.ObjectInputStream.readSerialData(ObjectInputStream.java:2357)
	at java.base/java.io.ObjectInputStream.readOrdinaryObject(ObjectInputStream.java:2228)
	at java.base/java.io.ObjectInputStream.readObject0(ObjectInputStream.java:1687)
	at java.base/java.io.ObjectInputStream.defaultReadFields(ObjectInputStream.java:2496)
	at java.base/java.io.ObjectInputStream.readSerialData(ObjectInputStream.java:2390)
	at java.base/java.io.ObjectInputStream.readOrdinaryObject(ObjectInputStream.java:2228)
	at java.base/java.io.ObjectInputStream.readObject0(ObjectInputStream.java:1687)
	at java.base/java.io.ObjectInputStream.defaultReadFields(ObjectInputStream.java:2496)
	at java.base/java.io.ObjectInputStream.readSerialData(ObjectInputStream.java:2390)
	at java.base/java.io.ObjectInputStream.readOrdinaryObject(ObjectInputStream.java:2228)
	at java.base/java.io.ObjectInputStream.readObject0(ObjectInputStream.java:1687)
	at java.base/java.io.ObjectInputStream.readObject(ObjectInputStream.java:489)
	at java.base/java.io.ObjectInputStream.readObject(ObjectInputStream.java:447)
	at java.base/java.util.ArrayList.readObject(ArrayList.java:929)
	at java.base/jdk.internal.reflect.GeneratedMethodAccessor7.invoke(Unknown Source)
	at java.base/jdk.internal.reflect.DelegatingMethodAccessorImpl.invoke(DelegatingMethodAccessorImpl.java:43)
	at java.base/java.lang.reflect.Method.invoke(Method.java:566)
	at java.base/java.io.ObjectStreamClass.invokeReadObject(ObjectStreamClass.java:1046)
	at java.base/java.io.ObjectInputStream.readSerialData(ObjectInputStream.java:2357)
	at java.base/java.io.ObjectInputStream.readOrdinaryObject(ObjectInputStream.java:2228)
	at java.base/java.io.ObjectInputStream.readObject0(ObjectInputStream.java:1687)
	at java.base/java.io.ObjectInputStream.defaultReadFields(ObjectInputStream.java:2496)
	at java.base/java.io.ObjectInputStream.readSerialData(ObjectInputStream.java:2390)
	at java.base/java.io.ObjectInputStream.readOrdinaryObject(ObjectInputStream.java:2228)
	at java.base/java.io.ObjectInputStream.readObject0(ObjectInputStream.java:1687)
	at java.base/java.io.ObjectInputStream.defaultReadFields(ObjectInputStream.java:2496)
	at java.base/java.io.ObjectInputStream.defaultReadObject(ObjectInputStream.java:625)
	at org.evosuite.testcase.DefaultTestCase.readObject(DefaultTestCase.java:1217)
	at jdk.internal.reflect.GeneratedMethodAccessor16.invoke(Unknown Source)
	at java.base/jdk.internal.reflect.DelegatingMethodAccessorImpl.invoke(DelegatingMethodAccessorImpl.java:43)
	at java.base/java.lang.reflect.Method.invoke(Method.java:566)
	at java.base/java.io.ObjectStreamClass.invokeReadObject(ObjectStreamClass.java:1046)
	at java.base/java.io.ObjectInputStream.readSerialData(ObjectInputStream.java:2357)
	at java.base/java.io.ObjectInputStream.readOrdinaryObject(ObjectInputStream.java:2228)
	at java.base/java.io.ObjectInputStream.readObject0(ObjectInputStream.java:1687)
	at java.base/java.io.ObjectInputStream.defaultReadFields(ObjectInputStream.java:2496)
	at java.base/java.io.ObjectInputStream.readSerialData(ObjectInputStream.java:2390)
	at java.base/java.io.ObjectInputStream.readOrdinaryObject(ObjectInputStream.java:2228)
	at java.base/java.io.ObjectInputStream.readObject0(ObjectInputStream.java:1687)
	at java.base/java.io.ObjectInputStream.readObject(ObjectInputStream.java:489)
	at java.base/java.io.ObjectInputStream.readObject(ObjectInputStream.java:447)
	at java.base/java.util.ArrayList.readObject(ArrayList.java:929)
	at java.base/jdk.internal.reflect.GeneratedMethodAccessor7.invoke(Unknown Source)
	at java.base/jdk.internal.reflect.DelegatingMethodAccessorImpl.invoke(DelegatingMethodAccessorImpl.java:43)
	at java.base/java.lang.reflect.Method.invoke(Method.java:566)
	at java.base/java.io.ObjectStreamClass.invokeReadObject(ObjectStreamClass.java:1046)
	at java.base/java.io.ObjectInputStream.readSerialData(ObjectInputStream.java:2357)
	at java.base/java.io.ObjectInputStream.readOrdinaryObject(ObjectInputStream.java:2228)
	at java.base/java.io.ObjectInputStream.readObject0(ObjectInputStream.java:1687)
	at java.base/java.io.ObjectInputStream.defaultReadFields(ObjectInputStream.java:2496)
	at java.base/java.io.ObjectInputStream.readSerialData(ObjectInputStream.java:2390)
	at java.base/java.io.ObjectInputStream.readOrdinaryObject(ObjectInputStream.java:2228)
	at java.base/java.io.ObjectInputStream.readObject0(ObjectInputStream.java:1687)
	at java.base/java.io.ObjectInputStream.readObject(ObjectInputStream.java:489)
	at java.base/java.io.ObjectInputStream.readObject(ObjectInputStream.java:447)
	at java.rmi/sun.rmi.server.UnicastRef.unmarshalValue(UnicastRef.java:327)
	at java.rmi/sun.rmi.server.UnicastServerRef.dispatch(UnicastServerRef.java:339)
	... 12 common frames omitted
Caused by: java.lang.IllegalArgumentException: expect to get instruction without BasicBlock already set
	at org.evosuite.graphs.cfg.BasicBlock.appendInstruction(BasicBlock.java:225)
	at org.evosuite.graphs.cfg.BasicBlock.setInstructions(BasicBlock.java:206)
	at org.evosuite.graphs.cfg.BasicBlock.<init>(BasicBlock.java:106)
	at org.evosuite.graphs.cfg.RawControlFlowGraph.determineBasicBlockFor(RawControlFlowGraph.java:314)
	at org.evosuite.graphs.cfg.ActualControlFlowGraph.computeNodes(ActualControlFlowGraph.java:295)
	at org.evosuite.graphs.cfg.ActualControlFlowGraph.computeGraph(ActualControlFlowGraph.java:262)
	at org.evosuite.graphs.cfg.ActualControlFlowGraph.<init>(ActualControlFlowGraph.java:97)
	at org.evosuite.graphs.cfg.CFGGenerator.computeActualCFG(CFGGenerator.java:218)
	at org.evosuite.graphs.cfg.CFGGenerator.registerCFGs(CFGGenerator.java:102)
	at org.evosuite.graphs.cfg.CFGMethodAdapter.visitEnd(CFGMethodAdapter.java:219)
	at org.evosuite.shaded.org.objectweb.asm.MethodVisitor.visitEnd(MethodVisitor.java:783)
	at org.evosuite.shaded.org.objectweb.asm.MethodVisitor.visitEnd(MethodVisitor.java:783)
	at org.evosuite.shaded.org.objectweb.asm.MethodVisitor.visitEnd(MethodVisitor.java:783)
	at org.evosuite.shaded.org.objectweb.asm.tree.MethodNode.accept(MethodNode.java:772)
	at org.evosuite.shaded.org.objectweb.asm.tree.MethodNode.accept(MethodNode.java:649)
	at org.evosuite.shaded.org.objectweb.asm.tree.ClassNode.accept(ClassNode.java:452)
	at org.evosuite.instrumentation.BytecodeInstrumentation.transformBytes(BytecodeInstrumentation.java:282)
	at org.evosuite.instrumentation.InstrumentingClassLoader.getTransformedBytes(InstrumentingClassLoader.java:135)
	at org.evosuite.instrumentation.InstrumentingClassLoader.instrumentClass(InstrumentingClassLoader.java:149)
	... 77 common frames omitted
* Writing tests to file
* Writing JUnit test case 'ZipArchiveEntry_ESTest' to /home/user/evosuite-results/Compress-42b/GWO/org_apache_commons_compress_archivers_zip_ZipArchiveEntry/evosuite-tests
* Done!

[MASTER] 20:21:12.838 [logback-2] ERROR ClientNodeImpl - Error when generating tests for: org.apache.commons.compress.archivers.zip.ZipArchiveEntry with seed 1789737413956. Configuration id : null
java.rmi.ServerException: RemoteException occurred in server thread; nested exception is: 
	java.rmi.UnmarshalException: error unmarshalling arguments; nested exception is: 
	java.lang.ClassNotFoundException: expect to get instruction without BasicBlock already set
	at java.rmi/sun.rmi.server.UnicastServerRef.dispatch(UnicastServerRef.java:391)
	at java.rmi/sun.rmi.transport.Transport$1.run(Transport.java:200)
	at java.rmi/sun.rmi.transport.Transport$1.run(Transport.java:197)
	at java.base/java.security.AccessController.doPrivileged(Native Method)
	at java.rmi/sun.rmi.transport.Transport.serviceCall(Transport.java:196)
	at java.rmi/sun.rmi.transport.tcp.TCPTransport.handleMessages(TCPTransport.java:562)
	at java.rmi/sun.rmi.transport.tcp.TCPTransport$ConnectionHandler.run0(TCPTransport.java:796)
	at java.rmi/sun.rmi.transport.tcp.TCPTransport$ConnectionHandler.lambda$run$0(TCPTransport.java:677)
	at java.base/java.security.AccessController.doPrivileged(Native Method)
	at java.rmi/sun.rmi.transport.tcp.TCPTransport$ConnectionHandler.run(TCPTransport.java:676)
	at java.base/java.util.concurrent.ThreadPoolExecutor.runWorker(ThreadPoolExecutor.java:1128)
	at java.base/java.util.concurrent.ThreadPoolExecutor$Worker.run(ThreadPoolExecutor.java:628)
	at java.base/java.lang.Thread.run(Thread.java:829)
	at java.rmi/sun.rmi.transport.StreamRemoteCall.exceptionReceivedFromServer(StreamRemoteCall.java:303)
	at java.rmi/sun.rmi.transport.StreamRemoteCall.executeCall(StreamRemoteCall.java:279)
	at java.rmi/sun.rmi.server.UnicastRef.invoke(UnicastRef.java:164)
	at java.rmi/java.rmi.server.RemoteObjectInvocationHandler.invokeRemoteMethod(RemoteObjectInvocationHandler.java:217)
	at java.rmi/java.rmi.server.RemoteObjectInvocationHandler.invoke(RemoteObjectInvocationHandler.java:162)
	at com.sun.proxy.$Proxy7.evosuite_collectTestGenerationResult(Unknown Source)
	at org.evosuite.rmi.service.ClientNodeImpl.lambda$startNewSearch$0(ClientNodeImpl.java:144)
	at java.base/java.util.concurrent.Executors$RunnableAdapter.call(Executors.java:515)
	at java.base/java.util.concurrent.FutureTask.run(FutureTask.java:264)
	at java.base/java.util.concurrent.ThreadPoolExecutor.runWorker(ThreadPoolExecutor.java:1128)
	at java.base/java.util.concurrent.ThreadPoolExecutor$Worker.run(ThreadPoolExecutor.java:628)
	at java.base/java.lang.Thread.run(Thread.java:829)
Caused by: java.rmi.UnmarshalException: error unmarshalling arguments; nested exception is: 
	java.lang.ClassNotFoundException: expect to get instruction without BasicBlock already set
	at java.rmi/sun.rmi.server.UnicastServerRef.dispatch(UnicastServerRef.java:350)
	at java.rmi/sun.rmi.transport.Transport$1.run(Transport.java:200)
	at java.rmi/sun.rmi.transport.Transport$1.run(Transport.java:197)
	at java.base/java.security.AccessController.doPrivileged(Native Method)
	at java.rmi/sun.rmi.transport.Transport.serviceCall(Transport.java:196)
	at java.rmi/sun.rmi.transport.tcp.TCPTransport.handleMessages(TCPTransport.java:562)
	at java.rmi/sun.rmi.transport.tcp.TCPTransport$ConnectionHandler.run0(TCPTransport.java:796)
	at java.rmi/sun.rmi.transport.tcp.TCPTransport$ConnectionHandler.lambda$run$0(TCPTransport.java:677)
	at java.base/java.security.AccessController.doPrivileged(Native Method)
	at java.rmi/sun.rmi.transport.tcp.TCPTransport$ConnectionHandler.run(TCPTransport.java:676)
	... 3 common frames omitted
Caused by: java.lang.ClassNotFoundException: expect to get instruction without BasicBlock already set
	at org.evosuite.instrumentation.InstrumentingClassLoader.instrumentClass(InstrumentingClassLoader.java:158)
	at org.evosuite.instrumentation.InstrumentingClassLoader.loadClass(InstrumentingClassLoader.java:126)
	at org.evosuite.utils.generic.GenericClassImpl.getClass(GenericClassImpl.java:139)
	at org.evosuite.utils.generic.GenericClassImpl.getClass(GenericClassImpl.java:105)
	at org.evosuite.utils.generic.GenericClassImpl.readObject(GenericClassImpl.java:1671)
	at jdk.internal.reflect.GeneratedMethodAccessor9.invoke(Unknown Source)
	at java.base/jdk.internal.reflect.DelegatingMethodAccessorImpl.invoke(DelegatingMethodAccessorImpl.java:43)
	at java.base/java.lang.reflect.Method.invoke(Method.java:566)
	at java.base/java.io.ObjectStreamClass.invokeReadObject(ObjectStreamClass.java:1046)
	at java.base/java.io.ObjectInputStream.readSerialData(ObjectInputStream.java:2357)
	at java.base/java.io.ObjectInputStream.readOrdinaryObject(ObjectInputStream.java:2228)
	at java.base/java.io.ObjectInputStream.readObject0(ObjectInputStream.java:1687)
	at java.base/java.io.ObjectInputStream.defaultReadFields(ObjectInputStream.java:2496)
	at java.base/java.io.ObjectInputStream.readSerialData(ObjectInputStream.java:2390)
	at java.base/java.io.ObjectInputStream.readOrdinaryObject(ObjectInputStream.java:2228)
	at java.base/java.io.ObjectInputStream.readObject0(ObjectInputStream.java:1687)
	at java.base/java.io.ObjectInputStream.defaultReadFields(ObjectInputStream.java:2496)
	at java.base/java.io.ObjectInputStream.readSerialData(ObjectInputStream.java:2390)
	at java.base/java.io.ObjectInputStream.readOrdinaryObject(ObjectInputStream.java:2228)
	at java.base/java.io.ObjectInputStream.readObject0(ObjectInputStream.java:1687)
	at java.base/java.io.ObjectInputStream.readObject(ObjectInputStream.java:489)
	at java.base/java.io.ObjectInputStream.readObject(ObjectInputStream.java:447)
	at java.base/java.util.ArrayList.readObject(ArrayList.java:929)
	at java.base/jdk.internal.reflect.GeneratedMethodAccessor7.invoke(Unknown Source)
	at java.base/jdk.internal.reflect.DelegatingMethodAccessorImpl.invoke(DelegatingMethodAccessorImpl.java:43)
	at java.base/java.lang.reflect.Method.invoke(Method.java:566)
	at java.base/java.io.ObjectStreamClass.invokeReadObject(ObjectStreamClass.java:1046)
	at java.base/java.io.ObjectInputStream.readSerialData(ObjectInputStream.java:2357)
	at java.base/java.io.ObjectInputStream.readOrdinaryObject(ObjectInputStream.java:2228)
	at java.base/java.io.ObjectInputStream.readObject0(ObjectInputStream.java:1687)
	at java.base/java.io.ObjectInputStream.defaultReadFields(ObjectInputStream.java:2496)
	at java.base/java.io.ObjectInputStream.readSerialData(ObjectInputStream.java:2390)
	at java.base/java.io.ObjectInputStream.readOrdinaryObject(ObjectInputStream.java:2228)
	at java.base/java.io.ObjectInputStream.readObject0(ObjectInputStream.java:1687)
	at java.base/java.io.ObjectInputStream.defaultReadFields(ObjectInputStream.java:2496)
	at java.base/java.io.ObjectInputStream.defaultReadObject(ObjectInputStream.java:625)
	at org.evosuite.testcase.DefaultTestCase.readObject(DefaultTestCase.java:1217)
	at jdk.internal.reflect.GeneratedMethodAccessor16.invoke(Unknown Source)
	at java.base/jdk.internal.reflect.DelegatingMethodAccessorImpl.invoke(DelegatingMethodAccessorImpl.java:43)
	at java.base/java.lang.reflect.Method.invoke(Method.java:566)
	at java.base/java.io.ObjectStreamClass.invokeReadObject(ObjectStreamClass.java:1046)
	at java.base/java.io.ObjectInputStream.readSerialData(ObjectInputStream.java:2357)
	at java.base/java.io.ObjectInputStream.readOrdinaryObject(ObjectInputStream.java:2228)
	at java.base/java.io.ObjectInputStream.readObject0(ObjectInputStream.java:1687)
	at java.base/java.io.ObjectInputStream.readObject(ObjectInputStream.java:489)
	at java.base/java.io.ObjectInputStream.readObject(ObjectInputStream.java:447)
	at java.base/java.util.HashMap.readObject(HashMap.java:1466)
	at java.base/jdk.internal.reflect.GeneratedMethodAccessor8.invoke(Unknown Source)
	at java.base/jdk.internal.reflect.DelegatingMethodAccessorImpl.invoke(DelegatingMethodAccessorImpl.java:43)
	at java.base/java.lang.reflect.Method.invoke(Method.java:566)
	at java.base/java.io.ObjectStreamClass.invokeReadObject(ObjectStreamClass.java:1046)
	at java.base/java.io.ObjectInputStream.readSerialData(ObjectInputStream.java:2357)
	at java.base/java.io.ObjectInputStream.readOrdinaryObject(ObjectInputStream.java:2228)
	at java.base/java.io.ObjectInputStream.readObject0(ObjectInputStream.java:1687)
	at java.base/java.io.ObjectInputStream.defaultReadFields(ObjectInputStream.java:2496)
	at java.base/java.io.ObjectInputStream.readSerialData(ObjectInputStream.java:2390)
	at java.base/java.io.ObjectInputStream.readOrdinaryObject(ObjectInputStream.java:2228)
	at java.base/java.io.ObjectInputStream.readObject0(ObjectInputStream.java:1687)
	at java.base/java.io.ObjectInputStream.readObject(ObjectInputStream.java:489)
	at java.base/java.io.ObjectInputStream.readObject(ObjectInputStream.java:447)
	at java.base/java.util.ArrayList.readObject(ArrayList.java:929)
	at java.base/jdk.internal.reflect.GeneratedMethodAccessor7.invoke(Unknown Source)
	at java.base/jdk.internal.reflect.DelegatingMethodAccessorImpl.invoke(DelegatingMethodAccessorImpl.java:43)
	at java.base/java.lang.reflect.Method.invoke(Method.java:566)
	at java.base/java.io.ObjectStreamClass.invokeReadObject(ObjectStreamClass.java:1046)
	at java.base/java.io.ObjectInputStream.readSerialData(ObjectInputStream.java:2357)
	at java.base/java.io.ObjectInputStream.readOrdinaryObject(ObjectInputStream.java:2228)
	at java.base/java.io.ObjectInputStream.readObject0(ObjectInputStream.java:1687)
	at java.base/java.io.ObjectInputStream.readObject(ObjectInputStream.java:489)
	at java.base/java.io.ObjectInputStream.readObject(ObjectInputStream.java:447)
	at java.rmi/sun.rmi.server.UnicastRef.unmarshalValue(UnicastRef.java:327)
	at java.rmi/sun.rmi.server.UnicastServerRef.dispatch(UnicastServerRef.java:339)
	... 12 common frames omitted
Caused by: java.lang.IllegalArgumentException: expect to get instruction without BasicBlock already set
	at org.evosuite.graphs.cfg.BasicBlock.appendInstruction(BasicBlock.java:225)
	at org.evosuite.graphs.cfg.BasicBlock.setInstructions(BasicBlock.java:206)
	at org.evosuite.graphs.cfg.BasicBlock.<init>(BasicBlock.java:106)
	at org.evosuite.graphs.cfg.RawControlFlowGraph.determineBasicBlockFor(RawControlFlowGraph.java:314)
	at org.evosuite.graphs.cfg.ActualControlFlowGraph.computeNodes(ActualControlFlowGraph.java:295)
	at org.evosuite.graphs.cfg.ActualControlFlowGraph.computeGraph(ActualControlFlowGraph.java:262)
	at org.evosuite.graphs.cfg.ActualControlFlowGraph.<init>(ActualControlFlowGraph.java:97)
	at org.evosuite.graphs.cfg.CFGGenerator.computeActualCFG(CFGGenerator.java:218)
	at org.evosuite.graphs.cfg.CFGGenerator.registerCFGs(CFGGenerator.java:102)
	at org.evosuite.graphs.cfg.CFGMethodAdapter.visitEnd(CFGMethodAdapter.java:219)
	at org.evosuite.shaded.org.objectweb.asm.MethodVisitor.visitEnd(MethodVisitor.java:783)
	at org.evosuite.shaded.org.objectweb.asm.MethodVisitor.visitEnd(MethodVisitor.java:783)
	at org.evosuite.shaded.org.objectweb.asm.MethodVisitor.visitEnd(MethodVisitor.java:783)
	at org.evosuite.shaded.org.objectweb.asm.tree.MethodNode.accept(MethodNode.java:772)
	at org.evosuite.shaded.org.objectweb.asm.tree.MethodNode.accept(MethodNode.java:649)
	at org.evosuite.shaded.org.objectweb.asm.tree.ClassNode.accept(ClassNode.java:452)
	at org.evosuite.instrumentation.BytecodeInstrumentation.transformBytes(BytecodeInstrumentation.java:282)
	at org.evosuite.instrumentation.InstrumentingClassLoader.getTransformedBytes(InstrumentingClassLoader.java:135)
	at org.evosuite.instrumentation.InstrumentingClassLoader.instrumentClass(InstrumentingClassLoader.java:149)
	... 83 common frames omitted
* Computation finished
[MASTER] 20:21:12.942 [main] ERROR SearchStatistics - No statistics has been saved because EvoSuite failed to generate any test case
[MASTER] 20:21:13.044 [main] ERROR TestGeneration - failed to write statistics data
